[2026-08-21T03:27:53.831+0000] {local_task_job_runner.py:120} INFO - ::group::Pre task execution logs
[2026-08-21T03:27:53.851+0000] {taskinstance.py:2076} INFO - Dependencies all met for dep_context=non-requeueable deps ti=<TaskInstance: cell_kpi_hourly_anomaly_pipeline.1_ingest_hourly_bronze scheduled__2025-05-31T17:00:00+00:00 [queued]>
[2026-08-21T03:27:53.858+0000] {taskinstance.py:2076} INFO - Dependencies all met for dep_context=requeueable deps ti=<TaskInstance: cell_kpi_hourly_anomaly_pipeline.1_ingest_hourly_bronze scheduled__2025-05-31T17:00:00+00:00 [queued]>
[2026-08-21T03:27:53.858+0000] {taskinstance.py:2306} INFO - Starting attempt 1 of 2
[2026-08-21T03:27:53.869+0000] {taskinstance.py:2330} INFO - Executing <Task(SparkSubmitOperator): 1_ingest_hourly_bronze> on 2025-05-31 17:00:00+00:00
[2026-08-21T03:27:53.876+0000] {standard_task_runner.py:63} INFO - Started process 1170 to run task
[2026-08-21T03:27:53.879+0000] {standard_task_runner.py:90} INFO - Running: ['***', 'tasks', 'run', 'cell_kpi_hourly_anomaly_pipeline', '1_ingest_hourly_bronze', 'scheduled__2025-05-31T17:00:00+00:00', '--job-id', '16', '--raw', '--subdir', 'DAGS_FOLDER/cell_kpi_hourly_anomaly.py', '--cfg-path', '/tmp/tmpnmiwyg6k']
[2026-08-21T03:27:53.881+0000] {standard_task_runner.py:91} INFO - Job 16: Subtask 1_ingest_hourly_bronze
[2026-08-21T03:27:53.922+0000] {task_command.py:426} INFO - Running <TaskInstance: cell_kpi_hourly_anomaly_pipeline.1_ingest_hourly_bronze scheduled__2025-05-31T17:00:00+00:00 [running]> on host c90a551abb73
[2026-08-21T03:27:53.977+0000] {logging_mixin.py:188} WARNING - /home/***/.local/lib/python3.10/site-packages/***/utils/context.py:212 AirflowContextDeprecationWarning: Accessing 'execution_date' from the template is deprecated and will be removed in a future version. Please use 'data_interval_start' or 'logical_date' instead.
[2026-08-21T03:27:54.008+0000] {taskinstance.py:2648} INFO - Exporting env vars: AIRFLOW_CTX_DAG_OWNER='data_engineer_team' AIRFLOW_CTX_DAG_ID='cell_kpi_hourly_anomaly_pipeline' AIRFLOW_CTX_TASK_ID='1_ingest_hourly_bronze' AIRFLOW_CTX_EXECUTION_DATE='2025-05-31T17:00:00+00:00' AIRFLOW_CTX_TRY_NUMBER='1' AIRFLOW_CTX_DAG_RUN_ID='scheduled__2025-05-31T17:00:00+00:00'
[2026-08-21T03:27:54.009+0000] {taskinstance.py:430} INFO - ::endgroup::
[2026-08-21T03:27:54.026+0000] {base.py:84} INFO - Using connection ID 'spark-master' for task execution.
[2026-08-21T03:27:54.027+0000] {spark_submit.py:401} INFO - Spark-Submit cmd: spark-submit --master spark://spark-master:7077 --name arrow-spark --deploy-mode client /opt/spark_scripts/1_ingest_hourly.py --input_path s3a://landingzone/202506.csv --target_date_hour 2025-06-01-00
[2026-08-21T03:27:54.197+0000] {spark_submit.py:571} INFO - /home/***/.local/lib/python3.10/site-packages/pyspark/bin/load-spark-env.sh: line 68: ps: command not found
[2026-08-21T03:27:58.070+0000] {spark_submit.py:571} INFO - python3: can't open file '/opt/spark_scripts/1_ingest_hourly.py': [Errno 2] No such file or directory
[2026-08-21T03:27:58.084+0000] {spark_submit.py:571} INFO - 26/08/21 03:27:58 INFO ShutdownHookManager: Shutdown hook called
[2026-08-21T03:27:58.086+0000] {spark_submit.py:571} INFO - 26/08/21 03:27:58 INFO ShutdownHookManager: Deleting directory /tmp/spark-5431cc5e-1ed2-4344-a8a9-e2975b16823d
[2026-08-21T03:27:58.137+0000] {taskinstance.py:441} INFO - ::group::Post task execution logs
[2026-08-21T03:27:58.146+0000] {taskinstance.py:2905} ERROR - Task failed with exception
Traceback (most recent call last):
  File "/home/airflow/.local/lib/python3.10/site-packages/airflow/models/taskinstance.py", line 465, in _execute_task
    result = _execute_callable(context=context, **execute_callable_kwargs)
  File "/home/airflow/.local/lib/python3.10/site-packages/airflow/models/taskinstance.py", line 432, in _execute_callable
    return execute_callable(context=context, **execute_callable_kwargs)
  File "/home/airflow/.local/lib/python3.10/site-packages/airflow/models/baseoperator.py", line 400, in wrapper
    return func(self, *args, **kwargs)
  File "/home/airflow/.local/lib/python3.10/site-packages/airflow/providers/apache/spark/operators/spark_submit.py", line 174, in execute
    self._hook.submit(self.application)
  File "/home/airflow/.local/lib/python3.10/site-packages/airflow/providers/apache/spark/hooks/spark_submit.py", line 502, in submit
    raise AirflowException(
airflow.exceptions.AirflowException: Cannot execute: spark-submit --master spark://spark-master:7077 --name arrow-spark --deploy-mode client /opt/spark_scripts/1_ingest_hourly.py --input_path s3a://landingzone/202506.csv --target_date_hour 2025-06-01-00. Error code is: 2.
[2026-08-21T03:27:58.149+0000] {taskinstance.py:1206} INFO - Marking task as UP_FOR_RETRY. dag_id=cell_kpi_hourly_anomaly_pipeline, task_id=1_ingest_hourly_bronze, run_id=scheduled__2025-05-31T17:00:00+00:00, execution_date=20250531T170000, start_date=20260821T032753, end_date=20260821T032758
[2026-08-21T03:27:58.167+0000] {standard_task_runner.py:110} ERROR - Failed to execute job 16 for task 1_ingest_hourly_bronze (Cannot execute: spark-submit --master spark://spark-master:7077 --name arrow-spark --deploy-mode client /opt/spark_scripts/1_ingest_hourly.py --input_path s3a://landingzone/202506.csv --target_date_hour 2025-06-01-00. Error code is: 2.; 1170)
[2026-08-21T03:27:58.212+0000] {local_task_job_runner.py:240} INFO - Task exited with return code 1
[2026-08-21T03:27:58.233+0000] {taskinstance.py:3498} INFO - 0 downstream tasks scheduled from follow-on schedule check
[2026-08-21T03:27:58.234+0000] {local_task_job_runner.py:222} INFO - ::endgroup::
[2026-08-21T03:35:35.884+0000] {local_task_job_runner.py:120} INFO - ::group::Pre task execution logs
[2026-08-21T03:35:35.902+0000] {taskinstance.py:2076} INFO - Dependencies all met for dep_context=non-requeueable deps ti=<TaskInstance: cell_kpi_hourly_anomaly_pipeline.1_ingest_hourly_bronze scheduled__2025-05-31T17:00:00+00:00 [queued]>
[2026-08-21T03:35:35.908+0000] {taskinstance.py:2076} INFO - Dependencies all met for dep_context=requeueable deps ti=<TaskInstance: cell_kpi_hourly_anomaly_pipeline.1_ingest_hourly_bronze scheduled__2025-05-31T17:00:00+00:00 [queued]>
[2026-08-21T03:35:35.908+0000] {taskinstance.py:2306} INFO - Starting attempt 1 of 2
[2026-08-21T03:35:35.917+0000] {taskinstance.py:2330} INFO - Executing <Task(SparkSubmitOperator): 1_ingest_hourly_bronze> on 2025-05-31 17:00:00+00:00
[2026-08-21T03:35:35.923+0000] {standard_task_runner.py:63} INFO - Started process 1452 to run task
[2026-08-21T03:35:35.926+0000] {standard_task_runner.py:90} INFO - Running: ['***', 'tasks', 'run', 'cell_kpi_hourly_anomaly_pipeline', '1_ingest_hourly_bronze', 'scheduled__2025-05-31T17:00:00+00:00', '--job-id', '20', '--raw', '--subdir', 'DAGS_FOLDER/cell_kpi_hourly_anomaly.py', '--cfg-path', '/tmp/tmp94tuixe1']
[2026-08-21T03:35:35.928+0000] {standard_task_runner.py:91} INFO - Job 20: Subtask 1_ingest_hourly_bronze
[2026-08-21T03:35:35.973+0000] {task_command.py:426} INFO - Running <TaskInstance: cell_kpi_hourly_anomaly_pipeline.1_ingest_hourly_bronze scheduled__2025-05-31T17:00:00+00:00 [running]> on host c90a551abb73
[2026-08-21T03:35:36.025+0000] {logging_mixin.py:188} WARNING - /home/***/.local/lib/python3.10/site-packages/***/utils/context.py:212 AirflowContextDeprecationWarning: Accessing 'execution_date' from the template is deprecated and will be removed in a future version. Please use 'data_interval_start' or 'logical_date' instead.
[2026-08-21T03:35:36.062+0000] {taskinstance.py:2648} INFO - Exporting env vars: AIRFLOW_CTX_DAG_OWNER='data_engineer_team' AIRFLOW_CTX_DAG_ID='cell_kpi_hourly_anomaly_pipeline' AIRFLOW_CTX_TASK_ID='1_ingest_hourly_bronze' AIRFLOW_CTX_EXECUTION_DATE='2025-05-31T17:00:00+00:00' AIRFLOW_CTX_TRY_NUMBER='1' AIRFLOW_CTX_DAG_RUN_ID='scheduled__2025-05-31T17:00:00+00:00'
[2026-08-21T03:35:36.063+0000] {taskinstance.py:430} INFO - ::endgroup::
[2026-08-21T03:35:36.095+0000] {base.py:84} INFO - Using connection ID 'spark-master' for task execution.
[2026-08-21T03:35:36.096+0000] {spark_submit.py:401} INFO - Spark-Submit cmd: spark-submit --master spark://spark-master:7077 --name arrow-spark --deploy-mode client /opt/spark_scripts/1_ingest_hourly.py --input_path s3a://landingzone/202506.csv --target_date_hour 2025-06-01-00
[2026-08-21T03:35:36.212+0000] {spark_submit.py:571} INFO - /home/***/.local/lib/python3.10/site-packages/pyspark/bin/load-spark-env.sh: line 68: ps: command not found
[2026-08-21T03:35:39.746+0000] {spark_submit.py:571} INFO - python3: can't open file '/opt/spark_scripts/1_ingest_hourly.py': [Errno 2] No such file or directory
[2026-08-21T03:35:39.758+0000] {spark_submit.py:571} INFO - 26/08/21 03:35:39 INFO ShutdownHookManager: Shutdown hook called
[2026-08-21T03:35:39.761+0000] {spark_submit.py:571} INFO - 26/08/21 03:35:39 INFO ShutdownHookManager: Deleting directory /tmp/spark-05642707-4d42-411b-aa75-c7cc3d6951ce
[2026-08-21T03:35:39.802+0000] {taskinstance.py:441} INFO - ::group::Post task execution logs
[2026-08-21T03:35:39.809+0000] {taskinstance.py:2905} ERROR - Task failed with exception
Traceback (most recent call last):
  File "/home/airflow/.local/lib/python3.10/site-packages/airflow/models/taskinstance.py", line 465, in _execute_task
    result = _execute_callable(context=context, **execute_callable_kwargs)
  File "/home/airflow/.local/lib/python3.10/site-packages/airflow/models/taskinstance.py", line 432, in _execute_callable
    return execute_callable(context=context, **execute_callable_kwargs)
  File "/home/airflow/.local/lib/python3.10/site-packages/airflow/models/baseoperator.py", line 400, in wrapper
    return func(self, *args, **kwargs)
  File "/home/airflow/.local/lib/python3.10/site-packages/airflow/providers/apache/spark/operators/spark_submit.py", line 174, in execute
    self._hook.submit(self.application)
  File "/home/airflow/.local/lib/python3.10/site-packages/airflow/providers/apache/spark/hooks/spark_submit.py", line 502, in submit
    raise AirflowException(
airflow.exceptions.AirflowException: Cannot execute: spark-submit --master spark://spark-master:7077 --name arrow-spark --deploy-mode client /opt/spark_scripts/1_ingest_hourly.py --input_path s3a://landingzone/202506.csv --target_date_hour 2025-06-01-00. Error code is: 2.
[2026-08-21T03:35:39.812+0000] {taskinstance.py:1206} INFO - Marking task as UP_FOR_RETRY. dag_id=cell_kpi_hourly_anomaly_pipeline, task_id=1_ingest_hourly_bronze, run_id=scheduled__2025-05-31T17:00:00+00:00, execution_date=20250531T170000, start_date=20260821T033535, end_date=20260821T033539
[2026-08-21T03:35:39.821+0000] {standard_task_runner.py:110} ERROR - Failed to execute job 20 for task 1_ingest_hourly_bronze (Cannot execute: spark-submit --master spark://spark-master:7077 --name arrow-spark --deploy-mode client /opt/spark_scripts/1_ingest_hourly.py --input_path s3a://landingzone/202506.csv --target_date_hour 2025-06-01-00. Error code is: 2.; 1452)
[2026-08-21T03:35:39.854+0000] {local_task_job_runner.py:240} INFO - Task exited with return code 1
[2026-08-21T03:35:39.872+0000] {taskinstance.py:3498} INFO - 0 downstream tasks scheduled from follow-on schedule check
[2026-08-21T03:35:39.874+0000] {local_task_job_runner.py:222} INFO - ::endgroup::
[2026-08-21T03:42:35.503+0000] {local_task_job_runner.py:120} INFO - ::group::Pre task execution logs
[2026-08-21T03:42:35.521+0000] {taskinstance.py:2076} INFO - Dependencies all met for dep_context=non-requeueable deps ti=<TaskInstance: cell_kpi_hourly_anomaly_pipeline.1_ingest_hourly_bronze scheduled__2025-05-31T17:00:00+00:00 [queued]>
[2026-08-21T03:42:35.529+0000] {taskinstance.py:2076} INFO - Dependencies all met for dep_context=requeueable deps ti=<TaskInstance: cell_kpi_hourly_anomaly_pipeline.1_ingest_hourly_bronze scheduled__2025-05-31T17:00:00+00:00 [queued]>
[2026-08-21T03:42:35.529+0000] {taskinstance.py:2306} INFO - Starting attempt 1 of 2
[2026-08-21T03:42:35.540+0000] {taskinstance.py:2330} INFO - Executing <Task(SparkSubmitOperator): 1_ingest_hourly_bronze> on 2025-05-31 17:00:00+00:00
[2026-08-21T03:42:35.545+0000] {standard_task_runner.py:63} INFO - Started process 1716 to run task
[2026-08-21T03:42:35.549+0000] {standard_task_runner.py:90} INFO - Running: ['***', 'tasks', 'run', 'cell_kpi_hourly_anomaly_pipeline', '1_ingest_hourly_bronze', 'scheduled__2025-05-31T17:00:00+00:00', '--job-id', '24', '--raw', '--subdir', 'DAGS_FOLDER/cell_kpi_hourly_anomaly.py', '--cfg-path', '/tmp/tmpx959ar37']
[2026-08-21T03:42:35.551+0000] {standard_task_runner.py:91} INFO - Job 24: Subtask 1_ingest_hourly_bronze
[2026-08-21T03:42:35.596+0000] {task_command.py:426} INFO - Running <TaskInstance: cell_kpi_hourly_anomaly_pipeline.1_ingest_hourly_bronze scheduled__2025-05-31T17:00:00+00:00 [running]> on host c90a551abb73
[2026-08-21T03:42:35.686+0000] {logging_mixin.py:188} WARNING - /home/***/.local/lib/python3.10/site-packages/***/utils/context.py:212 AirflowContextDeprecationWarning: Accessing 'execution_date' from the template is deprecated and will be removed in a future version. Please use 'data_interval_start' or 'logical_date' instead.
[2026-08-21T03:42:35.716+0000] {taskinstance.py:2648} INFO - Exporting env vars: AIRFLOW_CTX_DAG_OWNER='data_engineer_team' AIRFLOW_CTX_DAG_ID='cell_kpi_hourly_anomaly_pipeline' AIRFLOW_CTX_TASK_ID='1_ingest_hourly_bronze' AIRFLOW_CTX_EXECUTION_DATE='2025-05-31T17:00:00+00:00' AIRFLOW_CTX_TRY_NUMBER='1' AIRFLOW_CTX_DAG_RUN_ID='scheduled__2025-05-31T17:00:00+00:00'
[2026-08-21T03:42:35.716+0000] {taskinstance.py:430} INFO - ::endgroup::
[2026-08-21T03:42:35.732+0000] {base.py:84} INFO - Using connection ID 'spark-master' for task execution.
[2026-08-21T03:42:35.733+0000] {spark_submit.py:401} INFO - Spark-Submit cmd: spark-submit --master spark://spark-master:7077 --name arrow-spark --deploy-mode client /opt/spark_scripts/1_ingest_hourly.py --input_path s3a://landingzone/202506.csv --target_date_hour 2025-06-01-00
[2026-08-21T03:42:35.816+0000] {spark_submit.py:571} INFO - /home/***/.local/lib/python3.10/site-packages/pyspark/bin/load-spark-env.sh: line 68: ps: command not found
[2026-08-21T03:42:39.402+0000] {spark_submit.py:571} INFO - 26/08/21 03:42:39 INFO SparkContext: Running Spark version 3.5.1
[2026-08-21T03:42:39.404+0000] {spark_submit.py:571} INFO - 26/08/21 03:42:39 INFO SparkContext: OS info Linux, 6.8.0-1052-azure, amd64
[2026-08-21T03:42:39.405+0000] {spark_submit.py:571} INFO - 26/08/21 03:42:39 INFO SparkContext: Java version 17.0.20
[2026-08-21T03:42:39.534+0000] {spark_submit.py:571} INFO - 26/08/21 03:42:39 WARN NativeCodeLoader: Unable to load native-hadoop library for your platform... using builtin-java classes where applicable
[2026-08-21T03:42:39.753+0000] {spark_submit.py:571} INFO - 26/08/21 03:42:39 INFO ResourceUtils: ==============================================================
[2026-08-21T03:42:39.753+0000] {spark_submit.py:571} INFO - 26/08/21 03:42:39 INFO ResourceUtils: No custom resources configured for spark.driver.
[2026-08-21T03:42:39.755+0000] {spark_submit.py:571} INFO - 26/08/21 03:42:39 INFO ResourceUtils: ==============================================================
[2026-08-21T03:42:39.756+0000] {spark_submit.py:571} INFO - 26/08/21 03:42:39 INFO SparkContext: Submitted application: Ingest_Bronze_2025-06-01-00
[2026-08-21T03:42:39.798+0000] {spark_submit.py:571} INFO - 26/08/21 03:42:39 INFO ResourceProfile: Default ResourceProfile created, executor resources: Map(memory -> name: memory, amount: 1024, script: , vendor: , offHeap -> name: offHeap, amount: 0, script: , vendor: ), task resources: Map(cpus -> name: cpus, amount: 1.0)
[2026-08-21T03:42:39.807+0000] {spark_submit.py:571} INFO - 26/08/21 03:42:39 INFO ResourceProfile: Limiting resource is cpu
[2026-08-21T03:42:39.809+0000] {spark_submit.py:571} INFO - 26/08/21 03:42:39 INFO ResourceProfileManager: Added ResourceProfile id: 0
[2026-08-21T03:42:39.890+0000] {spark_submit.py:571} INFO - 26/08/21 03:42:39 INFO SecurityManager: Changing view acls to: ***
[2026-08-21T03:42:39.892+0000] {spark_submit.py:571} INFO - 26/08/21 03:42:39 INFO SecurityManager: Changing modify acls to: ***
[2026-08-21T03:42:39.897+0000] {spark_submit.py:571} INFO - 26/08/21 03:42:39 INFO SecurityManager: Changing view acls groups to:
[2026-08-21T03:42:39.897+0000] {spark_submit.py:571} INFO - 26/08/21 03:42:39 INFO SecurityManager: Changing modify acls groups to:
[2026-08-21T03:42:39.898+0000] {spark_submit.py:571} INFO - 26/08/21 03:42:39 INFO SecurityManager: SecurityManager: authentication disabled; ui acls disabled; users with view permissions: ***; groups with view permissions: EMPTY; users with modify permissions: ***; groups with modify permissions: EMPTY
[2026-08-21T03:42:40.244+0000] {spark_submit.py:571} INFO - 26/08/21 03:42:40 INFO Utils: Successfully started service 'sparkDriver' on port 35793.
[2026-08-21T03:42:40.315+0000] {spark_submit.py:571} INFO - 26/08/21 03:42:40 INFO SparkEnv: Registering MapOutputTracker
[2026-08-21T03:42:40.377+0000] {spark_submit.py:571} INFO - 26/08/21 03:42:40 INFO SparkEnv: Registering BlockManagerMaster
[2026-08-21T03:42:40.410+0000] {spark_submit.py:571} INFO - 26/08/21 03:42:40 INFO BlockManagerMasterEndpoint: Using org.apache.spark.storage.DefaultTopologyMapper for getting topology information
[2026-08-21T03:42:40.410+0000] {spark_submit.py:571} INFO - 26/08/21 03:42:40 INFO BlockManagerMasterEndpoint: BlockManagerMasterEndpoint up
[2026-08-21T03:42:40.416+0000] {spark_submit.py:571} INFO - 26/08/21 03:42:40 INFO SparkEnv: Registering BlockManagerMasterHeartbeat
[2026-08-21T03:42:40.444+0000] {spark_submit.py:571} INFO - 26/08/21 03:42:40 INFO DiskBlockManager: Created local directory at /tmp/blockmgr-372785bc-9ea9-45fb-9bcb-2e735aeda659
[2026-08-21T03:42:40.468+0000] {spark_submit.py:571} INFO - 26/08/21 03:42:40 INFO MemoryStore: MemoryStore started with capacity 434.4 MiB
[2026-08-21T03:42:40.496+0000] {spark_submit.py:571} INFO - 26/08/21 03:42:40 INFO SparkEnv: Registering OutputCommitCoordinator
[2026-08-21T03:42:40.714+0000] {spark_submit.py:571} INFO - 26/08/21 03:42:40 INFO JettyUtils: Start Jetty 0.0.0.0:4040 for SparkUI
[2026-08-21T03:42:40.813+0000] {spark_submit.py:571} INFO - 26/08/21 03:42:40 WARN Utils: Service 'SparkUI' could not bind on port 4040. Attempting port 4041.
[2026-08-21T03:42:40.827+0000] {spark_submit.py:571} INFO - 26/08/21 03:42:40 INFO Utils: Successfully started service 'SparkUI' on port 4041.
[2026-08-21T03:42:41.122+0000] {spark_submit.py:571} INFO - 26/08/21 03:42:41 INFO StandaloneAppClient$ClientEndpoint: Connecting to master spark://spark-master:7077...
[2026-08-21T03:42:41.273+0000] {spark_submit.py:571} INFO - 26/08/21 03:42:41 INFO TransportClientFactory: Successfully created connection to spark-master/172.18.0.4:7077 after 77 ms (0 ms spent in bootstraps)
[2026-08-21T03:42:41.535+0000] {spark_submit.py:571} INFO - 26/08/21 03:42:41 INFO StandaloneSchedulerBackend: Connected to Spark cluster with app ID app-20260821034241-0000
[2026-08-21T03:42:41.560+0000] {spark_submit.py:571} INFO - 26/08/21 03:42:41 INFO Utils: Successfully started service 'org.apache.spark.network.netty.NettyBlockTransferService' on port 38413.
[2026-08-21T03:42:41.564+0000] {spark_submit.py:571} INFO - 26/08/21 03:42:41 INFO NettyBlockTransferService: Server created on c90a551abb73:38413
[2026-08-21T03:42:41.568+0000] {spark_submit.py:571} INFO - 26/08/21 03:42:41 INFO BlockManager: Using org.apache.spark.storage.RandomBlockReplicationPolicy for block replication policy
[2026-08-21T03:42:41.578+0000] {spark_submit.py:571} INFO - 26/08/21 03:42:41 INFO StandaloneAppClient$ClientEndpoint: Executor added: app-20260821034241-0000/0 on worker-20260821021253-172.18.0.6-39045 (172.18.0.6:39045) with 2 core(s)
[2026-08-21T03:42:41.588+0000] {spark_submit.py:571} INFO - 26/08/21 03:42:41 INFO StandaloneSchedulerBackend: Granted executor ID app-20260821034241-0000/0 on hostPort 172.18.0.6:39045 with 2 core(s), 1024.0 MiB RAM
[2026-08-21T03:42:41.589+0000] {spark_submit.py:571} INFO - 26/08/21 03:42:41 INFO StandaloneAppClient$ClientEndpoint: Executor added: app-20260821034241-0000/1 on worker-20260821021253-172.18.0.7-44957 (172.18.0.7:44957) with 2 core(s)
[2026-08-21T03:42:41.589+0000] {spark_submit.py:571} INFO - 26/08/21 03:42:41 INFO StandaloneSchedulerBackend: Granted executor ID app-20260821034241-0000/1 on hostPort 172.18.0.7:44957 with 2 core(s), 1024.0 MiB RAM
[2026-08-21T03:42:41.615+0000] {spark_submit.py:571} INFO - 26/08/21 03:42:41 INFO BlockManagerMaster: Registering BlockManager BlockManagerId(driver, c90a551abb73, 38413, None)
[2026-08-21T03:42:41.616+0000] {spark_submit.py:571} INFO - 26/08/21 03:42:41 INFO BlockManagerMasterEndpoint: Registering block manager c90a551abb73:38413 with 434.4 MiB RAM, BlockManagerId(driver, c90a551abb73, 38413, None)
[2026-08-21T03:42:41.624+0000] {spark_submit.py:571} INFO - 26/08/21 03:42:41 INFO BlockManagerMaster: Registered BlockManager BlockManagerId(driver, c90a551abb73, 38413, None)
[2026-08-21T03:42:41.628+0000] {spark_submit.py:571} INFO - 26/08/21 03:42:41 INFO BlockManager: Initialized BlockManager: BlockManagerId(driver, c90a551abb73, 38413, None)
[2026-08-21T03:42:41.899+0000] {spark_submit.py:571} INFO - 26/08/21 03:42:41 INFO StandaloneAppClient$ClientEndpoint: Executor updated: app-20260821034241-0000/1 is now RUNNING
[2026-08-21T03:42:41.939+0000] {spark_submit.py:571} INFO - 26/08/21 03:42:41 INFO StandaloneAppClient$ClientEndpoint: Executor updated: app-20260821034241-0000/0 is now RUNNING
[2026-08-21T03:42:42.526+0000] {spark_submit.py:571} INFO - 26/08/21 03:42:42 INFO StandaloneSchedulerBackend: SchedulerBackend is ready for scheduling beginning after reached minRegisteredResourcesRatio: 0.0
[2026-08-21T03:42:43.402+0000] {spark_submit.py:571} INFO - Đang nạp s3a://landingzone/202506.csv và trích xuất dữ liệu ca: 2025-06-01-00...
[2026-08-21T03:42:43.569+0000] {spark_submit.py:571} INFO - 26/08/21 03:42:43 INFO SharedState: Setting hive.metastore.warehouse.dir ('null') to the value of spark.sql.warehouse.dir.
[2026-08-21T03:42:43.578+0000] {spark_submit.py:571} INFO - 26/08/21 03:42:43 INFO SharedState: Warehouse path is 'file:/opt/***/spark-warehouse'.
[2026-08-21T03:42:46.353+0000] {spark_submit.py:571} INFO - 26/08/21 03:42:46 WARN MetricsConfig: Cannot locate configuration: tried hadoop-metrics2-s3a-file-system.properties,hadoop-metrics2.properties
[2026-08-21T03:42:46.436+0000] {spark_submit.py:571} INFO - 26/08/21 03:42:46 INFO MetricsSystemImpl: Scheduled Metric snapshot period at 10 second(s).
[2026-08-21T03:42:46.438+0000] {spark_submit.py:571} INFO - 26/08/21 03:42:46 INFO MetricsSystemImpl: s3a-file-system metrics system started
[2026-08-21T03:42:48.889+0000] {spark_submit.py:571} INFO - 26/08/21 03:42:48 INFO StandaloneSchedulerBackend$StandaloneDriverEndpoint: Registered executor NettyRpcEndpointRef(spark-client://Executor) (172.18.0.6:57840) with ID 0,  ResourceProfileId 0
[2026-08-21T03:42:48.963+0000] {spark_submit.py:571} INFO - 26/08/21 03:42:48 INFO StandaloneSchedulerBackend$StandaloneDriverEndpoint: Registered executor NettyRpcEndpointRef(spark-client://Executor) (172.18.0.7:57576) with ID 1,  ResourceProfileId 0
[2026-08-21T03:42:49.142+0000] {spark_submit.py:571} INFO - 26/08/21 03:42:49 INFO BlockManagerMasterEndpoint: Registering block manager 172.18.0.6:45545 with 434.4 MiB RAM, BlockManagerId(0, 172.18.0.6, 45545, None)
[2026-08-21T03:42:49.143+0000] {spark_submit.py:571} INFO - 26/08/21 03:42:49 INFO BlockManagerMasterEndpoint: Registering block manager 172.18.0.7:35841 with 434.4 MiB RAM, BlockManagerId(1, 172.18.0.7, 35841, None)
[2026-08-21T03:42:49.419+0000] {spark_submit.py:571} INFO - 26/08/21 03:42:49 INFO InMemoryFileIndex: It took 114 ms to list leaf files for 1 paths.
[2026-08-21T03:42:49.648+0000] {spark_submit.py:571} INFO - 26/08/21 03:42:49 INFO InMemoryFileIndex: It took 42 ms to list leaf files for 1 paths.
[2026-08-21T03:42:52.637+0000] {spark_submit.py:571} INFO - 26/08/21 03:42:52 INFO FileSourceStrategy: Pushed Filters:
[2026-08-21T03:42:52.639+0000] {spark_submit.py:571} INFO - 26/08/21 03:42:52 INFO FileSourceStrategy: Post-Scan Filters: (length(trim(value#0, None)) > 0)
[2026-08-21T03:42:53.344+0000] {spark_submit.py:571} INFO - 26/08/21 03:42:53 INFO CodeGenerator: Code generated in 337.054094 ms
[2026-08-21T03:42:53.425+0000] {spark_submit.py:571} INFO - 26/08/21 03:42:53 INFO MemoryStore: Block broadcast_0 stored as values in memory (estimated size 201.7 KiB, free 434.2 MiB)
[2026-08-21T03:42:53.516+0000] {spark_submit.py:571} INFO - 26/08/21 03:42:53 INFO MemoryStore: Block broadcast_0_piece0 stored as bytes in memory (estimated size 34.9 KiB, free 434.2 MiB)
[2026-08-21T03:42:53.520+0000] {spark_submit.py:571} INFO - 26/08/21 03:42:53 INFO BlockManagerInfo: Added broadcast_0_piece0 in memory on c90a551abb73:38413 (size: 34.9 KiB, free: 434.4 MiB)
[2026-08-21T03:42:53.525+0000] {spark_submit.py:571} INFO - 26/08/21 03:42:53 INFO SparkContext: Created broadcast 0 from csv at NativeMethodAccessorImpl.java:0
[2026-08-21T03:42:53.536+0000] {spark_submit.py:571} INFO - 26/08/21 03:42:53 INFO FileSourceScanExec: Planning scan with bin packing, max size: 134217728 bytes, open cost is considered as scanning 4194304 bytes.
[2026-08-21T03:42:53.690+0000] {spark_submit.py:571} INFO - 26/08/21 03:42:53 INFO SparkContext: Starting job: csv at NativeMethodAccessorImpl.java:0
[2026-08-21T03:42:53.731+0000] {spark_submit.py:571} INFO - 26/08/21 03:42:53 INFO DAGScheduler: Got job 0 (csv at NativeMethodAccessorImpl.java:0) with 1 output partitions
[2026-08-21T03:42:53.732+0000] {spark_submit.py:571} INFO - 26/08/21 03:42:53 INFO DAGScheduler: Final stage: ResultStage 0 (csv at NativeMethodAccessorImpl.java:0)
[2026-08-21T03:42:53.732+0000] {spark_submit.py:571} INFO - 26/08/21 03:42:53 INFO DAGScheduler: Parents of final stage: List()
[2026-08-21T03:42:53.734+0000] {spark_submit.py:571} INFO - 26/08/21 03:42:53 INFO DAGScheduler: Missing parents: List()
[2026-08-21T03:42:53.741+0000] {spark_submit.py:571} INFO - 26/08/21 03:42:53 INFO DAGScheduler: Submitting ResultStage 0 (MapPartitionsRDD[3] at csv at NativeMethodAccessorImpl.java:0), which has no missing parents
[2026-08-21T03:42:53.817+0000] {spark_submit.py:571} INFO - 26/08/21 03:42:53 INFO MemoryStore: Block broadcast_1 stored as values in memory (estimated size 13.5 KiB, free 434.2 MiB)
[2026-08-21T03:42:53.835+0000] {spark_submit.py:571} INFO - 26/08/21 03:42:53 INFO MemoryStore: Block broadcast_1_piece0 stored as bytes in memory (estimated size 6.4 KiB, free 434.1 MiB)
[2026-08-21T03:42:53.838+0000] {spark_submit.py:571} INFO - 26/08/21 03:42:53 INFO BlockManagerInfo: Added broadcast_1_piece0 in memory on c90a551abb73:38413 (size: 6.4 KiB, free: 434.4 MiB)
[2026-08-21T03:42:53.841+0000] {spark_submit.py:571} INFO - 26/08/21 03:42:53 INFO SparkContext: Created broadcast 1 from broadcast at DAGScheduler.scala:1585
[2026-08-21T03:42:53.857+0000] {spark_submit.py:571} INFO - 26/08/21 03:42:53 INFO DAGScheduler: Submitting 1 missing tasks from ResultStage 0 (MapPartitionsRDD[3] at csv at NativeMethodAccessorImpl.java:0) (first 15 tasks are for partitions Vector(0))
[2026-08-21T03:42:53.858+0000] {spark_submit.py:571} INFO - 26/08/21 03:42:53 INFO TaskSchedulerImpl: Adding task set 0.0 with 1 tasks resource profile 0
[2026-08-21T03:42:53.881+0000] {spark_submit.py:571} INFO - 26/08/21 03:42:53 INFO TaskSetManager: Starting task 0.0 in stage 0.0 (TID 0) (172.18.0.7, executor 1, partition 0, PROCESS_LOCAL, 8210 bytes)
[2026-08-21T03:42:54.082+0000] {spark_submit.py:571} INFO - 26/08/21 03:42:54 INFO BlockManagerInfo: Added broadcast_1_piece0 in memory on 172.18.0.7:35841 (size: 6.4 KiB, free: 434.4 MiB)
[2026-08-21T03:42:54.791+0000] {spark_submit.py:571} INFO - 26/08/21 03:42:54 INFO BlockManagerInfo: Added broadcast_0_piece0 in memory on 172.18.0.7:35841 (size: 34.9 KiB, free: 434.4 MiB)
[2026-08-21T03:42:55.994+0000] {spark_submit.py:571} INFO - 26/08/21 03:42:55 INFO TaskSetManager: Finished task 0.0 in stage 0.0 (TID 0) in 2120 ms on 172.18.0.7 (executor 1) (1/1)
[2026-08-21T03:42:55.999+0000] {spark_submit.py:571} INFO - 26/08/21 03:42:55 INFO TaskSchedulerImpl: Removed TaskSet 0.0, whose tasks have all completed, from pool
[2026-08-21T03:42:56.006+0000] {spark_submit.py:571} INFO - 26/08/21 03:42:56 INFO DAGScheduler: ResultStage 0 (csv at NativeMethodAccessorImpl.java:0) finished in 2.249 s
[2026-08-21T03:42:56.010+0000] {spark_submit.py:571} INFO - 26/08/21 03:42:56 INFO DAGScheduler: Job 0 is finished. Cancelling potential speculative or zombie tasks for this job
[2026-08-21T03:42:56.017+0000] {spark_submit.py:571} INFO - 26/08/21 03:42:56 INFO TaskSchedulerImpl: Killing all running tasks in stage 0: Stage finished
[2026-08-21T03:42:56.022+0000] {spark_submit.py:571} INFO - 26/08/21 03:42:56 INFO DAGScheduler: Job 0 finished: csv at NativeMethodAccessorImpl.java:0, took 2.329603 s
[2026-08-21T03:42:56.056+0000] {spark_submit.py:571} INFO - 26/08/21 03:42:56 INFO CodeGenerator: Code generated in 19.527631 ms
[2026-08-21T03:42:56.133+0000] {spark_submit.py:571} INFO - 26/08/21 03:42:56 INFO FileSourceStrategy: Pushed Filters:
[2026-08-21T03:42:56.134+0000] {spark_submit.py:571} INFO - 26/08/21 03:42:56 INFO FileSourceStrategy: Post-Scan Filters:
[2026-08-21T03:42:56.154+0000] {spark_submit.py:571} INFO - 26/08/21 03:42:56 INFO MemoryStore: Block broadcast_2 stored as values in memory (estimated size 201.7 KiB, free 434.0 MiB)
[2026-08-21T03:42:56.159+0000] {spark_submit.py:571} INFO - 26/08/21 03:42:56 INFO BlockManagerInfo: Removed broadcast_1_piece0 on c90a551abb73:38413 in memory (size: 6.4 KiB, free: 434.4 MiB)
[2026-08-21T03:42:56.162+0000] {spark_submit.py:571} INFO - 26/08/21 03:42:56 INFO BlockManagerInfo: Removed broadcast_1_piece0 on 172.18.0.7:35841 in memory (size: 6.4 KiB, free: 434.4 MiB)
[2026-08-21T03:42:56.187+0000] {spark_submit.py:571} INFO - 26/08/21 03:42:56 INFO MemoryStore: Block broadcast_2_piece0 stored as bytes in memory (estimated size 34.9 KiB, free 433.9 MiB)
[2026-08-21T03:42:56.187+0000] {spark_submit.py:571} INFO - 26/08/21 03:42:56 INFO BlockManagerInfo: Added broadcast_2_piece0 in memory on c90a551abb73:38413 (size: 34.9 KiB, free: 434.3 MiB)
[2026-08-21T03:42:56.189+0000] {spark_submit.py:571} INFO - 26/08/21 03:42:56 INFO SparkContext: Created broadcast 2 from csv at NativeMethodAccessorImpl.java:0
[2026-08-21T03:42:56.190+0000] {spark_submit.py:571} INFO - 26/08/21 03:42:56 INFO FileSourceScanExec: Planning scan with bin packing, max size: 134217728 bytes, open cost is considered as scanning 4194304 bytes.
[2026-08-21T03:42:56.199+0000] {spark_submit.py:571} INFO - 26/08/21 03:42:56 INFO BlockManagerInfo: Removed broadcast_0_piece0 on c90a551abb73:38413 in memory (size: 34.9 KiB, free: 434.4 MiB)
[2026-08-21T03:42:56.202+0000] {spark_submit.py:571} INFO - 26/08/21 03:42:56 INFO BlockManagerInfo: Removed broadcast_0_piece0 on 172.18.0.7:35841 in memory (size: 34.9 KiB, free: 434.4 MiB)
[2026-08-21T03:42:56.295+0000] {spark_submit.py:571} INFO - 26/08/21 03:42:56 INFO SparkContext: Starting job: csv at NativeMethodAccessorImpl.java:0
[2026-08-21T03:42:56.295+0000] {spark_submit.py:571} INFO - 26/08/21 03:42:56 INFO DAGScheduler: Got job 1 (csv at NativeMethodAccessorImpl.java:0) with 7 output partitions
[2026-08-21T03:42:56.296+0000] {spark_submit.py:571} INFO - 26/08/21 03:42:56 INFO DAGScheduler: Final stage: ResultStage 1 (csv at NativeMethodAccessorImpl.java:0)
[2026-08-21T03:42:56.297+0000] {spark_submit.py:571} INFO - 26/08/21 03:42:56 INFO DAGScheduler: Parents of final stage: List()
[2026-08-21T03:42:56.298+0000] {spark_submit.py:571} INFO - 26/08/21 03:42:56 INFO DAGScheduler: Missing parents: List()
[2026-08-21T03:42:56.298+0000] {spark_submit.py:571} INFO - 26/08/21 03:42:56 INFO DAGScheduler: Submitting ResultStage 1 (MapPartitionsRDD[9] at csv at NativeMethodAccessorImpl.java:0), which has no missing parents
[2026-08-21T03:42:56.315+0000] {spark_submit.py:571} INFO - 26/08/21 03:42:56 INFO MemoryStore: Block broadcast_3 stored as values in memory (estimated size 28.3 KiB, free 434.1 MiB)
[2026-08-21T03:42:56.322+0000] {spark_submit.py:571} INFO - 26/08/21 03:42:56 INFO MemoryStore: Block broadcast_3_piece0 stored as bytes in memory (estimated size 13.1 KiB, free 434.1 MiB)
[2026-08-21T03:42:56.323+0000] {spark_submit.py:571} INFO - 26/08/21 03:42:56 INFO BlockManagerInfo: Added broadcast_3_piece0 in memory on c90a551abb73:38413 (size: 13.1 KiB, free: 434.4 MiB)
[2026-08-21T03:42:56.325+0000] {spark_submit.py:571} INFO - 26/08/21 03:42:56 INFO SparkContext: Created broadcast 3 from broadcast at DAGScheduler.scala:1585
[2026-08-21T03:42:56.326+0000] {spark_submit.py:571} INFO - 26/08/21 03:42:56 INFO DAGScheduler: Submitting 7 missing tasks from ResultStage 1 (MapPartitionsRDD[9] at csv at NativeMethodAccessorImpl.java:0) (first 15 tasks are for partitions Vector(0, 1, 2, 3, 4, 5, 6))
[2026-08-21T03:42:56.327+0000] {spark_submit.py:571} INFO - 26/08/21 03:42:56 INFO TaskSchedulerImpl: Adding task set 1.0 with 7 tasks resource profile 0
[2026-08-21T03:42:56.327+0000] {spark_submit.py:571} INFO - 26/08/21 03:42:56 INFO TaskSetManager: Starting task 0.0 in stage 1.0 (TID 1) (172.18.0.6, executor 0, partition 0, PROCESS_LOCAL, 8210 bytes)
[2026-08-21T03:42:56.328+0000] {spark_submit.py:571} INFO - 26/08/21 03:42:56 INFO TaskSetManager: Starting task 1.0 in stage 1.0 (TID 2) (172.18.0.7, executor 1, partition 1, PROCESS_LOCAL, 8210 bytes)
[2026-08-21T03:42:56.328+0000] {spark_submit.py:571} INFO - 26/08/21 03:42:56 INFO TaskSetManager: Starting task 2.0 in stage 1.0 (TID 3) (172.18.0.6, executor 0, partition 2, PROCESS_LOCAL, 8210 bytes)
[2026-08-21T03:42:56.328+0000] {spark_submit.py:571} INFO - 26/08/21 03:42:56 INFO TaskSetManager: Starting task 3.0 in stage 1.0 (TID 4) (172.18.0.7, executor 1, partition 3, PROCESS_LOCAL, 8210 bytes)
[2026-08-21T03:42:56.447+0000] {spark_submit.py:571} INFO - 26/08/21 03:42:56 INFO BlockManagerInfo: Added broadcast_3_piece0 in memory on 172.18.0.7:35841 (size: 13.1 KiB, free: 434.4 MiB)
[2026-08-21T03:42:56.807+0000] {spark_submit.py:571} INFO - 26/08/21 03:42:56 INFO BlockManagerInfo: Added broadcast_3_piece0 in memory on 172.18.0.6:45545 (size: 13.1 KiB, free: 434.4 MiB)
[2026-08-21T03:42:58.083+0000] {spark_submit.py:571} INFO - 26/08/21 03:42:58 INFO BlockManagerInfo: Added broadcast_2_piece0 in memory on 172.18.0.7:35841 (size: 34.9 KiB, free: 434.4 MiB)
[2026-08-21T03:43:00.596+0000] {spark_submit.py:571} INFO - 26/08/21 03:43:00 INFO BlockManagerInfo: Added broadcast_2_piece0 in memory on 172.18.0.6:45545 (size: 34.9 KiB, free: 434.4 MiB)
[2026-08-21T03:43:01.202+0000] {spark_submit.py:571} INFO - 26/08/21 03:43:01 INFO TaskSetManager: Starting task 4.0 in stage 1.0 (TID 5) (172.18.0.7, executor 1, partition 4, PROCESS_LOCAL, 8210 bytes)
[2026-08-21T03:43:01.204+0000] {spark_submit.py:571} INFO - 26/08/21 03:43:01 INFO TaskSetManager: Finished task 3.0 in stage 1.0 (TID 4) in 4877 ms on 172.18.0.7 (executor 1) (1/7)
[2026-08-21T03:43:01.424+0000] {spark_submit.py:571} INFO - 26/08/21 03:43:01 INFO TaskSetManager: Starting task 5.0 in stage 1.0 (TID 6) (172.18.0.7, executor 1, partition 5, PROCESS_LOCAL, 8210 bytes)
[2026-08-21T03:43:01.426+0000] {spark_submit.py:571} INFO - 26/08/21 03:43:01 INFO TaskSetManager: Finished task 1.0 in stage 1.0 (TID 2) in 5099 ms on 172.18.0.7 (executor 1) (2/7)
[2026-08-21T03:43:03.962+0000] {spark_submit.py:571} INFO - 26/08/21 03:43:03 INFO TaskSetManager: Starting task 6.0 in stage 1.0 (TID 7) (172.18.0.7, executor 1, partition 6, PROCESS_LOCAL, 8210 bytes)
[2026-08-21T03:43:03.964+0000] {spark_submit.py:571} INFO - 26/08/21 03:43:03 INFO TaskSetManager: Finished task 4.0 in stage 1.0 (TID 5) in 2764 ms on 172.18.0.7 (executor 1) (3/7)
[2026-08-21T03:43:03.988+0000] {spark_submit.py:571} INFO - 26/08/21 03:43:03 INFO TaskSetManager: Finished task 5.0 in stage 1.0 (TID 6) in 2564 ms on 172.18.0.7 (executor 1) (4/7)
[2026-08-21T03:43:05.850+0000] {spark_submit.py:571} INFO - 26/08/21 03:43:05 INFO TaskSetManager: Finished task 6.0 in stage 1.0 (TID 7) in 1892 ms on 172.18.0.7 (executor 1) (5/7)
[2026-08-21T03:43:06.551+0000] {spark_submit.py:571} INFO - 26/08/21 03:43:06 INFO TaskSetManager: Finished task 0.0 in stage 1.0 (TID 1) in 10226 ms on 172.18.0.6 (executor 0) (6/7)
[2026-08-21T03:43:06.584+0000] {spark_submit.py:571} INFO - 26/08/21 03:43:06 INFO TaskSetManager: Finished task 2.0 in stage 1.0 (TID 3) in 10258 ms on 172.18.0.6 (executor 0) (7/7)
[2026-08-21T03:43:06.586+0000] {spark_submit.py:571} INFO - 26/08/21 03:43:06 INFO TaskSchedulerImpl: Removed TaskSet 1.0, whose tasks have all completed, from pool
[2026-08-21T03:43:06.588+0000] {spark_submit.py:571} INFO - 26/08/21 03:43:06 INFO DAGScheduler: ResultStage 1 (csv at NativeMethodAccessorImpl.java:0) finished in 10.289 s
[2026-08-21T03:43:06.588+0000] {spark_submit.py:571} INFO - 26/08/21 03:43:06 INFO DAGScheduler: Job 1 is finished. Cancelling potential speculative or zombie tasks for this job
[2026-08-21T03:43:06.588+0000] {spark_submit.py:571} INFO - 26/08/21 03:43:06 INFO TaskSchedulerImpl: Killing all running tasks in stage 1: Stage finished
[2026-08-21T03:43:06.589+0000] {spark_submit.py:571} INFO - 26/08/21 03:43:06 INFO DAGScheduler: Job 1 finished: csv at NativeMethodAccessorImpl.java:0, took 10.294761 s
[2026-08-21T03:43:06.811+0000] {spark_submit.py:571} INFO - Traceback (most recent call last):
[2026-08-21T03:43:06.811+0000] {spark_submit.py:571} INFO - File "/opt/spark_scripts/1_ingest_hourly.py", line 63, in <module>
[2026-08-21T03:43:06.812+0000] {spark_submit.py:571} INFO - main()
[2026-08-21T03:43:06.812+0000] {spark_submit.py:571} INFO - File "/opt/spark_scripts/1_ingest_hourly.py", line 33, in main
[2026-08-21T03:43:06.812+0000] {spark_submit.py:571} INFO - df_hourly = raw_df.filter(F.col("date_hour").cast("string") == args.target_date_hour)
[2026-08-21T03:43:06.812+0000] {spark_submit.py:571} INFO - File "/home/***/.local/lib/python3.10/site-packages/pyspark/python/lib/pyspark.zip/pyspark/sql/dataframe.py", line 3329, in filter
[2026-08-21T03:43:06.812+0000] {spark_submit.py:571} INFO - File "/home/***/.local/lib/python3.10/site-packages/pyspark/python/lib/py4j-0.10.9.7-src.zip/py4j/java_gateway.py", line 1322, in __call__
[2026-08-21T03:43:06.812+0000] {spark_submit.py:571} INFO - File "/home/***/.local/lib/python3.10/site-packages/pyspark/python/lib/pyspark.zip/pyspark/errors/exceptions/captured.py", line 185, in deco
[2026-08-21T03:43:06.818+0000] {spark_submit.py:571} INFO - pyspark.errors.exceptions.captured.AnalysisException: [UNRESOLVED_COLUMN.WITH_SUGGESTION] A column or function parameter with name `date_hour` cannot be resolved. Did you mean one of the following? [`"enb_name"|"cell_name"|"date_hour"|"dl_traffic_gb"|"ul_traffic_gb"|"total_traffic_gb"|"max_rrc_connected_user"|"ul_prb"|"ul_prb_used"|"ul_prb_available_total"|"dl_prb"|"dl_prb_used"|"dl_prb_available_total"|"sector"|"azimuth"|"cell_type"|"x"|"y"`].;
[2026-08-21T03:43:06.818+0000] {spark_submit.py:571} INFO - 'Filter (cast('date_hour as string) = 2025-06-01-00)
[2026-08-21T03:43:06.818+0000] {spark_submit.py:571} INFO - +- Relation ["enb_name"|"cell_name"|"date_hour"|"dl_traffic_gb"|"ul_traffic_gb"|"total_traffic_gb"|"max_rrc_connected_user"|"ul_prb"|"ul_prb_used"|"ul_prb_available_total"|"dl_prb"|"dl_prb_used"|"dl_prb_available_total"|"sector"|"azimuth"|"cell_type"|"x"|"y"#17] csv
[2026-08-21T03:43:06.818+0000] {spark_submit.py:571} INFO - 
[2026-08-21T03:43:06.861+0000] {spark_submit.py:571} INFO - 26/08/21 03:43:06 INFO SparkContext: Invoking stop() from shutdown hook
[2026-08-21T03:43:06.862+0000] {spark_submit.py:571} INFO - 26/08/21 03:43:06 INFO SparkContext: SparkContext is stopping with exitCode 0.
[2026-08-21T03:43:06.873+0000] {spark_submit.py:571} INFO - 26/08/21 03:43:06 INFO SparkUI: Stopped Spark web UI at http://c90a551abb73:4041
[2026-08-21T03:43:06.877+0000] {spark_submit.py:571} INFO - 26/08/21 03:43:06 INFO StandaloneSchedulerBackend: Shutting down all executors
[2026-08-21T03:43:06.877+0000] {spark_submit.py:571} INFO - 26/08/21 03:43:06 INFO StandaloneSchedulerBackend$StandaloneDriverEndpoint: Asking each executor to shut down
[2026-08-21T03:43:06.941+0000] {spark_submit.py:571} INFO - 26/08/21 03:43:06 INFO MapOutputTrackerMasterEndpoint: MapOutputTrackerMasterEndpoint stopped!
[2026-08-21T03:43:06.986+0000] {spark_submit.py:571} INFO - 26/08/21 03:43:06 INFO MemoryStore: MemoryStore cleared
[2026-08-21T03:43:06.989+0000] {spark_submit.py:571} INFO - 26/08/21 03:43:06 INFO BlockManager: BlockManager stopped
[2026-08-21T03:43:07.006+0000] {spark_submit.py:571} INFO - 26/08/21 03:43:07 INFO BlockManagerMaster: BlockManagerMaster stopped
[2026-08-21T03:43:07.019+0000] {spark_submit.py:571} INFO - 26/08/21 03:43:07 INFO OutputCommitCoordinator$OutputCommitCoordinatorEndpoint: OutputCommitCoordinator stopped!
[2026-08-21T03:43:07.060+0000] {spark_submit.py:571} INFO - 26/08/21 03:43:07 INFO SparkContext: Successfully stopped SparkContext
[2026-08-21T03:43:07.062+0000] {spark_submit.py:571} INFO - 26/08/21 03:43:07 INFO ShutdownHookManager: Shutdown hook called
[2026-08-21T03:43:07.064+0000] {spark_submit.py:571} INFO - 26/08/21 03:43:07 INFO ShutdownHookManager: Deleting directory /tmp/spark-77ed745f-f385-4182-a15b-ee45b8f5b196
[2026-08-21T03:43:07.082+0000] {spark_submit.py:571} INFO - 26/08/21 03:43:07 INFO ShutdownHookManager: Deleting directory /tmp/spark-0096a9c5-3287-4a7a-aa18-ccaec093043d
[2026-08-21T03:43:07.105+0000] {spark_submit.py:571} INFO - 26/08/21 03:43:07 INFO ShutdownHookManager: Deleting directory /tmp/spark-77ed745f-f385-4182-a15b-ee45b8f5b196/pyspark-77f30799-3686-47c3-8b13-87e23481284a
[2026-08-21T03:43:07.133+0000] {spark_submit.py:571} INFO - 26/08/21 03:43:07 INFO MetricsSystemImpl: Stopping s3a-file-system metrics system...
[2026-08-21T03:43:07.134+0000] {spark_submit.py:571} INFO - 26/08/21 03:43:07 INFO MetricsSystemImpl: s3a-file-system metrics system stopped.
[2026-08-21T03:43:07.134+0000] {spark_submit.py:571} INFO - 26/08/21 03:43:07 INFO MetricsSystemImpl: s3a-file-system metrics system shutdown complete.
[2026-08-21T03:43:07.291+0000] {taskinstance.py:441} INFO - ::group::Post task execution logs
[2026-08-21T03:43:07.306+0000] {taskinstance.py:2905} ERROR - Task failed with exception
Traceback (most recent call last):
  File "/home/airflow/.local/lib/python3.10/site-packages/airflow/models/taskinstance.py", line 465, in _execute_task
    result = _execute_callable(context=context, **execute_callable_kwargs)
  File "/home/airflow/.local/lib/python3.10/site-packages/airflow/models/taskinstance.py", line 432, in _execute_callable
    return execute_callable(context=context, **execute_callable_kwargs)
  File "/home/airflow/.local/lib/python3.10/site-packages/airflow/models/baseoperator.py", line 400, in wrapper
    return func(self, *args, **kwargs)
  File "/home/airflow/.local/lib/python3.10/site-packages/airflow/providers/apache/spark/operators/spark_submit.py", line 174, in execute
    self._hook.submit(self.application)
  File "/home/airflow/.local/lib/python3.10/site-packages/airflow/providers/apache/spark/hooks/spark_submit.py", line 502, in submit
    raise AirflowException(
airflow.exceptions.AirflowException: Cannot execute: spark-submit --master spark://spark-master:7077 --name arrow-spark --deploy-mode client /opt/spark_scripts/1_ingest_hourly.py --input_path s3a://landingzone/202506.csv --target_date_hour 2025-06-01-00. Error code is: 1.
[2026-08-21T03:43:07.316+0000] {taskinstance.py:1206} INFO - Marking task as UP_FOR_RETRY. dag_id=cell_kpi_hourly_anomaly_pipeline, task_id=1_ingest_hourly_bronze, run_id=scheduled__2025-05-31T17:00:00+00:00, execution_date=20250531T170000, start_date=20260821T034235, end_date=20260821T034307
[2026-08-21T03:43:07.337+0000] {standard_task_runner.py:110} ERROR - Failed to execute job 24 for task 1_ingest_hourly_bronze (Cannot execute: spark-submit --master spark://spark-master:7077 --name arrow-spark --deploy-mode client /opt/spark_scripts/1_ingest_hourly.py --input_path s3a://landingzone/202506.csv --target_date_hour 2025-06-01-00. Error code is: 1.; 1716)
[2026-08-21T03:43:07.376+0000] {local_task_job_runner.py:240} INFO - Task exited with return code 1
[2026-08-21T03:43:07.407+0000] {taskinstance.py:3498} INFO - 0 downstream tasks scheduled from follow-on schedule check
[2026-08-21T03:43:07.412+0000] {local_task_job_runner.py:222} INFO - ::endgroup::
[2026-08-21T03:49:51.188+0000] {local_task_job_runner.py:120} INFO - ::group::Pre task execution logs
[2026-08-21T03:49:51.205+0000] {taskinstance.py:2076} INFO - Dependencies all met for dep_context=non-requeueable deps ti=<TaskInstance: cell_kpi_hourly_anomaly_pipeline.1_ingest_hourly_bronze scheduled__2025-05-31T17:00:00+00:00 [queued]>
[2026-08-21T03:49:51.212+0000] {taskinstance.py:2076} INFO - Dependencies all met for dep_context=requeueable deps ti=<TaskInstance: cell_kpi_hourly_anomaly_pipeline.1_ingest_hourly_bronze scheduled__2025-05-31T17:00:00+00:00 [queued]>
[2026-08-21T03:49:51.213+0000] {taskinstance.py:2306} INFO - Starting attempt 1 of 2
[2026-08-21T03:49:51.222+0000] {taskinstance.py:2330} INFO - Executing <Task(SparkSubmitOperator): 1_ingest_hourly_bronze> on 2025-05-31 17:00:00+00:00
[2026-08-21T03:49:51.228+0000] {standard_task_runner.py:63} INFO - Started process 2187 to run task
[2026-08-21T03:49:51.232+0000] {standard_task_runner.py:90} INFO - Running: ['***', 'tasks', 'run', 'cell_kpi_hourly_anomaly_pipeline', '1_ingest_hourly_bronze', 'scheduled__2025-05-31T17:00:00+00:00', '--job-id', '29', '--raw', '--subdir', 'DAGS_FOLDER/cell_kpi_hourly_anomaly.py', '--cfg-path', '/tmp/tmpynokazql']
[2026-08-21T03:49:51.233+0000] {standard_task_runner.py:91} INFO - Job 29: Subtask 1_ingest_hourly_bronze
[2026-08-21T03:49:51.277+0000] {task_command.py:426} INFO - Running <TaskInstance: cell_kpi_hourly_anomaly_pipeline.1_ingest_hourly_bronze scheduled__2025-05-31T17:00:00+00:00 [running]> on host c90a551abb73
[2026-08-21T03:49:51.338+0000] {logging_mixin.py:188} WARNING - /home/***/.local/lib/python3.10/site-packages/***/utils/context.py:212 AirflowContextDeprecationWarning: Accessing 'execution_date' from the template is deprecated and will be removed in a future version. Please use 'data_interval_start' or 'logical_date' instead.
[2026-08-21T03:49:51.372+0000] {taskinstance.py:2648} INFO - Exporting env vars: AIRFLOW_CTX_DAG_OWNER='data_engineer_team' AIRFLOW_CTX_DAG_ID='cell_kpi_hourly_anomaly_pipeline' AIRFLOW_CTX_TASK_ID='1_ingest_hourly_bronze' AIRFLOW_CTX_EXECUTION_DATE='2025-05-31T17:00:00+00:00' AIRFLOW_CTX_TRY_NUMBER='1' AIRFLOW_CTX_DAG_RUN_ID='scheduled__2025-05-31T17:00:00+00:00'
[2026-08-21T03:49:51.373+0000] {taskinstance.py:430} INFO - ::endgroup::
[2026-08-21T03:49:51.394+0000] {base.py:84} INFO - Using connection ID 'spark-master' for task execution.
[2026-08-21T03:49:51.395+0000] {spark_submit.py:401} INFO - Spark-Submit cmd: spark-submit --master spark://spark-master:7077 --name arrow-spark --deploy-mode client /opt/spark_scripts/1_ingest_hourly.py --input_path s3a://landingzone/202506.csv --target_date_hour 2025-06-01-00
[2026-08-21T03:49:51.493+0000] {spark_submit.py:571} INFO - /home/***/.local/lib/python3.10/site-packages/pyspark/bin/load-spark-env.sh: line 68: ps: command not found
[2026-08-21T03:49:55.697+0000] {spark_submit.py:571} INFO - 26/08/21 03:49:55 INFO SparkContext: Running Spark version 3.5.1
[2026-08-21T03:49:55.699+0000] {spark_submit.py:571} INFO - 26/08/21 03:49:55 INFO SparkContext: OS info Linux, 6.8.0-1052-azure, amd64
[2026-08-21T03:49:55.701+0000] {spark_submit.py:571} INFO - 26/08/21 03:49:55 INFO SparkContext: Java version 17.0.20
[2026-08-21T03:49:55.805+0000] {spark_submit.py:571} INFO - 26/08/21 03:49:55 WARN NativeCodeLoader: Unable to load native-hadoop library for your platform... using builtin-java classes where applicable
[2026-08-21T03:49:55.960+0000] {spark_submit.py:571} INFO - 26/08/21 03:49:55 INFO ResourceUtils: ==============================================================
[2026-08-21T03:49:55.960+0000] {spark_submit.py:571} INFO - 26/08/21 03:49:55 INFO ResourceUtils: No custom resources configured for spark.driver.
[2026-08-21T03:49:55.962+0000] {spark_submit.py:571} INFO - 26/08/21 03:49:55 INFO ResourceUtils: ==============================================================
[2026-08-21T03:49:55.963+0000] {spark_submit.py:571} INFO - 26/08/21 03:49:55 INFO SparkContext: Submitted application: Ingest_Bronze_2025-06-01-00
[2026-08-21T03:49:56.007+0000] {spark_submit.py:571} INFO - 26/08/21 03:49:56 INFO ResourceProfile: Default ResourceProfile created, executor resources: Map(memory -> name: memory, amount: 1024, script: , vendor: , offHeap -> name: offHeap, amount: 0, script: , vendor: ), task resources: Map(cpus -> name: cpus, amount: 1.0)
[2026-08-21T03:49:56.022+0000] {spark_submit.py:571} INFO - 26/08/21 03:49:56 INFO ResourceProfile: Limiting resource is cpu
[2026-08-21T03:49:56.022+0000] {spark_submit.py:571} INFO - 26/08/21 03:49:56 INFO ResourceProfileManager: Added ResourceProfile id: 0
[2026-08-21T03:49:56.091+0000] {spark_submit.py:571} INFO - 26/08/21 03:49:56 INFO SecurityManager: Changing view acls to: ***
[2026-08-21T03:49:56.094+0000] {spark_submit.py:571} INFO - 26/08/21 03:49:56 INFO SecurityManager: Changing modify acls to: ***
[2026-08-21T03:49:56.094+0000] {spark_submit.py:571} INFO - 26/08/21 03:49:56 INFO SecurityManager: Changing view acls groups to:
[2026-08-21T03:49:56.094+0000] {spark_submit.py:571} INFO - 26/08/21 03:49:56 INFO SecurityManager: Changing modify acls groups to:
[2026-08-21T03:49:56.095+0000] {spark_submit.py:571} INFO - 26/08/21 03:49:56 INFO SecurityManager: SecurityManager: authentication disabled; ui acls disabled; users with view permissions: ***; groups with view permissions: EMPTY; users with modify permissions: ***; groups with modify permissions: EMPTY
[2026-08-21T03:49:56.476+0000] {spark_submit.py:571} INFO - 26/08/21 03:49:56 INFO Utils: Successfully started service 'sparkDriver' on port 32853.
[2026-08-21T03:49:56.579+0000] {spark_submit.py:571} INFO - 26/08/21 03:49:56 INFO SparkEnv: Registering MapOutputTracker
[2026-08-21T03:49:56.645+0000] {spark_submit.py:571} INFO - 26/08/21 03:49:56 INFO SparkEnv: Registering BlockManagerMaster
[2026-08-21T03:49:56.714+0000] {spark_submit.py:571} INFO - 26/08/21 03:49:56 INFO BlockManagerMasterEndpoint: Using org.apache.spark.storage.DefaultTopologyMapper for getting topology information
[2026-08-21T03:49:56.720+0000] {spark_submit.py:571} INFO - 26/08/21 03:49:56 INFO BlockManagerMasterEndpoint: BlockManagerMasterEndpoint up
[2026-08-21T03:49:56.732+0000] {spark_submit.py:571} INFO - 26/08/21 03:49:56 INFO SparkEnv: Registering BlockManagerMasterHeartbeat
[2026-08-21T03:49:56.774+0000] {spark_submit.py:571} INFO - 26/08/21 03:49:56 INFO DiskBlockManager: Created local directory at /tmp/blockmgr-370d2151-5d55-4be6-a0f1-bd86019ecbef
[2026-08-21T03:49:56.795+0000] {spark_submit.py:571} INFO - 26/08/21 03:49:56 INFO MemoryStore: MemoryStore started with capacity 434.4 MiB
[2026-08-21T03:49:56.814+0000] {spark_submit.py:571} INFO - 26/08/21 03:49:56 INFO SparkEnv: Registering OutputCommitCoordinator
[2026-08-21T03:49:57.032+0000] {spark_submit.py:571} INFO - 26/08/21 03:49:57 INFO JettyUtils: Start Jetty 0.0.0.0:4040 for SparkUI
[2026-08-21T03:49:57.107+0000] {spark_submit.py:571} INFO - 26/08/21 03:49:57 WARN Utils: Service 'SparkUI' could not bind on port 4040. Attempting port 4041.
[2026-08-21T03:49:57.116+0000] {spark_submit.py:571} INFO - 26/08/21 03:49:57 INFO Utils: Successfully started service 'SparkUI' on port 4041.
[2026-08-21T03:49:57.321+0000] {spark_submit.py:571} INFO - 26/08/21 03:49:57 INFO StandaloneAppClient$ClientEndpoint: Connecting to master spark://spark-master:7077...
[2026-08-21T03:49:57.383+0000] {spark_submit.py:571} INFO - 26/08/21 03:49:57 INFO TransportClientFactory: Successfully created connection to spark-master/172.18.0.4:7077 after 23 ms (0 ms spent in bootstraps)
[2026-08-21T03:49:57.502+0000] {spark_submit.py:571} INFO - 26/08/21 03:49:57 INFO StandaloneSchedulerBackend: Connected to Spark cluster with app ID app-20260821034957-0003
[2026-08-21T03:49:57.511+0000] {spark_submit.py:571} INFO - 26/08/21 03:49:57 INFO Utils: Successfully started service 'org.apache.spark.network.netty.NettyBlockTransferService' on port 40315.
[2026-08-21T03:49:57.513+0000] {spark_submit.py:571} INFO - 26/08/21 03:49:57 INFO NettyBlockTransferService: Server created on c90a551abb73:40315
[2026-08-21T03:49:57.514+0000] {spark_submit.py:571} INFO - 26/08/21 03:49:57 INFO BlockManager: Using org.apache.spark.storage.RandomBlockReplicationPolicy for block replication policy
[2026-08-21T03:49:57.545+0000] {spark_submit.py:571} INFO - 26/08/21 03:49:57 INFO BlockManagerMaster: Registering BlockManager BlockManagerId(driver, c90a551abb73, 40315, None)
[2026-08-21T03:49:57.546+0000] {spark_submit.py:571} INFO - 26/08/21 03:49:57 INFO BlockManagerMasterEndpoint: Registering block manager c90a551abb73:40315 with 434.4 MiB RAM, BlockManagerId(driver, c90a551abb73, 40315, None)
[2026-08-21T03:49:57.568+0000] {spark_submit.py:571} INFO - 26/08/21 03:49:57 INFO BlockManagerMaster: Registered BlockManager BlockManagerId(driver, c90a551abb73, 40315, None)
[2026-08-21T03:49:57.569+0000] {spark_submit.py:571} INFO - 26/08/21 03:49:57 INFO BlockManager: Initialized BlockManager: BlockManagerId(driver, c90a551abb73, 40315, None)
[2026-08-21T03:49:58.132+0000] {spark_submit.py:571} INFO - 26/08/21 03:49:58 INFO StandaloneSchedulerBackend: SchedulerBackend is ready for scheduling beginning after reached minRegisteredResourcesRatio: 0.0
[2026-08-21T03:49:59.008+0000] {spark_submit.py:571} INFO - Đang nạp s3a://landingzone/202506.csv và trích xuất dữ liệu ca: 2025-06-01-00...
[2026-08-21T03:49:59.257+0000] {spark_submit.py:571} INFO - 26/08/21 03:49:59 INFO SharedState: Setting hive.metastore.warehouse.dir ('null') to the value of spark.sql.warehouse.dir.
[2026-08-21T03:49:59.279+0000] {spark_submit.py:571} INFO - 26/08/21 03:49:59 INFO SharedState: Warehouse path is 'file:/opt/***/spark-warehouse'.
[2026-08-21T03:50:01.664+0000] {spark_submit.py:571} INFO - 26/08/21 03:50:01 WARN MetricsConfig: Cannot locate configuration: tried hadoop-metrics2-s3a-file-system.properties,hadoop-metrics2.properties
[2026-08-21T03:50:01.727+0000] {spark_submit.py:571} INFO - 26/08/21 03:50:01 INFO MetricsSystemImpl: Scheduled Metric snapshot period at 10 second(s).
[2026-08-21T03:50:01.728+0000] {spark_submit.py:571} INFO - 26/08/21 03:50:01 INFO MetricsSystemImpl: s3a-file-system metrics system started
[2026-08-21T03:50:04.509+0000] {spark_submit.py:571} INFO - 26/08/21 03:50:04 INFO InMemoryFileIndex: It took 67 ms to list leaf files for 1 paths.
[2026-08-21T03:50:04.603+0000] {spark_submit.py:571} INFO - 26/08/21 03:50:04 INFO InMemoryFileIndex: It took 14 ms to list leaf files for 1 paths.
[2026-08-21T03:50:07.398+0000] {spark_submit.py:571} INFO - 26/08/21 03:50:07 INFO FileSourceStrategy: Pushed Filters:
[2026-08-21T03:50:07.401+0000] {spark_submit.py:571} INFO - 26/08/21 03:50:07 INFO FileSourceStrategy: Post-Scan Filters: (length(trim(value#0, None)) > 0)
[2026-08-21T03:50:08.022+0000] {spark_submit.py:571} INFO - 26/08/21 03:50:08 INFO CodeGenerator: Code generated in 232.113433 ms
[2026-08-21T03:50:08.082+0000] {spark_submit.py:571} INFO - 26/08/21 03:50:08 INFO MemoryStore: Block broadcast_0 stored as values in memory (estimated size 201.7 KiB, free 434.2 MiB)
[2026-08-21T03:50:08.149+0000] {spark_submit.py:571} INFO - 26/08/21 03:50:08 INFO MemoryStore: Block broadcast_0_piece0 stored as bytes in memory (estimated size 34.9 KiB, free 434.2 MiB)
[2026-08-21T03:50:08.157+0000] {spark_submit.py:571} INFO - 26/08/21 03:50:08 INFO BlockManagerInfo: Added broadcast_0_piece0 in memory on c90a551abb73:40315 (size: 34.9 KiB, free: 434.4 MiB)
[2026-08-21T03:50:08.164+0000] {spark_submit.py:571} INFO - 26/08/21 03:50:08 INFO SparkContext: Created broadcast 0 from csv at NativeMethodAccessorImpl.java:0
[2026-08-21T03:50:08.177+0000] {spark_submit.py:571} INFO - 26/08/21 03:50:08 INFO FileSourceScanExec: Planning scan with bin packing, max size: 134217728 bytes, open cost is considered as scanning 4194304 bytes.
[2026-08-21T03:50:08.303+0000] {spark_submit.py:571} INFO - 26/08/21 03:50:08 INFO SparkContext: Starting job: csv at NativeMethodAccessorImpl.java:0
[2026-08-21T03:50:08.328+0000] {spark_submit.py:571} INFO - 26/08/21 03:50:08 INFO DAGScheduler: Got job 0 (csv at NativeMethodAccessorImpl.java:0) with 1 output partitions
[2026-08-21T03:50:08.332+0000] {spark_submit.py:571} INFO - 26/08/21 03:50:08 INFO DAGScheduler: Final stage: ResultStage 0 (csv at NativeMethodAccessorImpl.java:0)
[2026-08-21T03:50:08.332+0000] {spark_submit.py:571} INFO - 26/08/21 03:50:08 INFO DAGScheduler: Parents of final stage: List()
[2026-08-21T03:50:08.333+0000] {spark_submit.py:571} INFO - 26/08/21 03:50:08 INFO DAGScheduler: Missing parents: List()
[2026-08-21T03:50:08.341+0000] {spark_submit.py:571} INFO - 26/08/21 03:50:08 INFO DAGScheduler: Submitting ResultStage 0 (MapPartitionsRDD[3] at csv at NativeMethodAccessorImpl.java:0), which has no missing parents
[2026-08-21T03:50:08.454+0000] {spark_submit.py:571} INFO - 26/08/21 03:50:08 INFO MemoryStore: Block broadcast_1 stored as values in memory (estimated size 13.5 KiB, free 434.2 MiB)
[2026-08-21T03:50:08.469+0000] {spark_submit.py:571} INFO - 26/08/21 03:50:08 INFO MemoryStore: Block broadcast_1_piece0 stored as bytes in memory (estimated size 6.4 KiB, free 434.1 MiB)
[2026-08-21T03:50:08.471+0000] {spark_submit.py:571} INFO - 26/08/21 03:50:08 INFO BlockManagerInfo: Added broadcast_1_piece0 in memory on c90a551abb73:40315 (size: 6.4 KiB, free: 434.4 MiB)
[2026-08-21T03:50:08.472+0000] {spark_submit.py:571} INFO - 26/08/21 03:50:08 INFO SparkContext: Created broadcast 1 from broadcast at DAGScheduler.scala:1585
[2026-08-21T03:50:08.490+0000] {spark_submit.py:571} INFO - 26/08/21 03:50:08 INFO DAGScheduler: Submitting 1 missing tasks from ResultStage 0 (MapPartitionsRDD[3] at csv at NativeMethodAccessorImpl.java:0) (first 15 tasks are for partitions Vector(0))
[2026-08-21T03:50:08.492+0000] {spark_submit.py:571} INFO - 26/08/21 03:50:08 INFO TaskSchedulerImpl: Adding task set 0.0 with 1 tasks resource profile 0
[2026-08-21T03:50:20.567+0000] {spark_submit.py:571} INFO - 26/08/21 03:50:20 INFO StandaloneAppClient$ClientEndpoint: Executor added: app-20260821034957-0003/0 on worker-20260821021253-172.18.0.6-39045 (172.18.0.6:39045) with 2 core(s)
[2026-08-21T03:50:20.577+0000] {spark_submit.py:571} INFO - 26/08/21 03:50:20 INFO StandaloneSchedulerBackend: Granted executor ID app-20260821034957-0003/0 on hostPort 172.18.0.6:39045 with 2 core(s), 1024.0 MiB RAM
[2026-08-21T03:50:20.579+0000] {spark_submit.py:571} INFO - 26/08/21 03:50:20 INFO StandaloneAppClient$ClientEndpoint: Executor added: app-20260821034957-0003/1 on worker-20260821021253-172.18.0.7-44957 (172.18.0.7:44957) with 2 core(s)
[2026-08-21T03:50:20.581+0000] {spark_submit.py:571} INFO - 26/08/21 03:50:20 INFO StandaloneSchedulerBackend: Granted executor ID app-20260821034957-0003/1 on hostPort 172.18.0.7:44957 with 2 core(s), 1024.0 MiB RAM
[2026-08-21T03:50:20.633+0000] {spark_submit.py:571} INFO - 26/08/21 03:50:20 INFO StandaloneAppClient$ClientEndpoint: Executor updated: app-20260821034957-0003/0 is now RUNNING
[2026-08-21T03:50:20.635+0000] {spark_submit.py:571} INFO - 26/08/21 03:50:20 INFO StandaloneAppClient$ClientEndpoint: Executor updated: app-20260821034957-0003/1 is now RUNNING
[2026-08-21T03:50:23.503+0000] {spark_submit.py:571} INFO - 26/08/21 03:50:23 WARN TaskSchedulerImpl: Initial job has not accepted any resources; check your cluster UI to ensure that workers are registered and have sufficient resources
[2026-08-21T03:50:24.863+0000] {spark_submit.py:571} INFO - 26/08/21 03:50:24 INFO StandaloneSchedulerBackend$StandaloneDriverEndpoint: Registered executor NettyRpcEndpointRef(spark-client://Executor) (172.18.0.6:50324) with ID 0,  ResourceProfileId 0
[2026-08-21T03:50:24.969+0000] {spark_submit.py:571} INFO - 26/08/21 03:50:24 INFO BlockManagerMasterEndpoint: Registering block manager 172.18.0.6:43729 with 434.4 MiB RAM, BlockManagerId(0, 172.18.0.6, 43729, None)
[2026-08-21T03:50:25.007+0000] {spark_submit.py:571} INFO - 26/08/21 03:50:25 INFO StandaloneSchedulerBackend$StandaloneDriverEndpoint: Registered executor NettyRpcEndpointRef(spark-client://Executor) (172.18.0.7:41644) with ID 1,  ResourceProfileId 0
[2026-08-21T03:50:25.082+0000] {spark_submit.py:571} INFO - 26/08/21 03:50:25 INFO TaskSetManager: Starting task 0.0 in stage 0.0 (TID 0) (172.18.0.6, executor 0, partition 0, PROCESS_LOCAL, 8210 bytes)
[2026-08-21T03:50:25.125+0000] {spark_submit.py:571} INFO - 26/08/21 03:50:25 INFO BlockManagerMasterEndpoint: Registering block manager 172.18.0.7:36903 with 434.4 MiB RAM, BlockManagerId(1, 172.18.0.7, 36903, None)
[2026-08-21T03:50:25.348+0000] {spark_submit.py:571} INFO - 26/08/21 03:50:25 INFO BlockManagerInfo: Added broadcast_1_piece0 in memory on 172.18.0.6:43729 (size: 6.4 KiB, free: 434.4 MiB)
[2026-08-21T03:50:26.141+0000] {spark_submit.py:571} INFO - 26/08/21 03:50:26 INFO BlockManagerInfo: Added broadcast_0_piece0 in memory on 172.18.0.6:43729 (size: 34.9 KiB, free: 434.4 MiB)
[2026-08-21T03:50:27.350+0000] {spark_submit.py:571} INFO - 26/08/21 03:50:27 INFO TaskSetManager: Finished task 0.0 in stage 0.0 (TID 0) in 2291 ms on 172.18.0.6 (executor 0) (1/1)
[2026-08-21T03:50:27.351+0000] {spark_submit.py:571} INFO - 26/08/21 03:50:27 INFO TaskSchedulerImpl: Removed TaskSet 0.0, whose tasks have all completed, from pool
[2026-08-21T03:50:27.358+0000] {spark_submit.py:571} INFO - 26/08/21 03:50:27 INFO DAGScheduler: ResultStage 0 (csv at NativeMethodAccessorImpl.java:0) finished in 18.974 s
[2026-08-21T03:50:27.362+0000] {spark_submit.py:571} INFO - 26/08/21 03:50:27 INFO DAGScheduler: Job 0 is finished. Cancelling potential speculative or zombie tasks for this job
[2026-08-21T03:50:27.362+0000] {spark_submit.py:571} INFO - 26/08/21 03:50:27 INFO TaskSchedulerImpl: Killing all running tasks in stage 0: Stage finished
[2026-08-21T03:50:27.364+0000] {spark_submit.py:571} INFO - 26/08/21 03:50:27 INFO DAGScheduler: Job 0 finished: csv at NativeMethodAccessorImpl.java:0, took 19.059434 s
[2026-08-21T03:50:27.402+0000] {spark_submit.py:571} INFO - 26/08/21 03:50:27 INFO CodeGenerator: Code generated in 24.784788 ms
[2026-08-21T03:50:27.451+0000] {spark_submit.py:571} INFO - 26/08/21 03:50:27 INFO BlockManagerInfo: Removed broadcast_1_piece0 on c90a551abb73:40315 in memory (size: 6.4 KiB, free: 434.4 MiB)
[2026-08-21T03:50:27.466+0000] {spark_submit.py:571} INFO - 26/08/21 03:50:27 INFO BlockManagerInfo: Removed broadcast_1_piece0 on 172.18.0.6:43729 in memory (size: 6.4 KiB, free: 434.4 MiB)
[2026-08-21T03:50:27.467+0000] {spark_submit.py:571} INFO - 26/08/21 03:50:27 INFO FileSourceStrategy: Pushed Filters:
[2026-08-21T03:50:27.468+0000] {spark_submit.py:571} INFO - 26/08/21 03:50:27 INFO FileSourceStrategy: Post-Scan Filters:
[2026-08-21T03:50:27.478+0000] {spark_submit.py:571} INFO - 26/08/21 03:50:27 INFO MemoryStore: Block broadcast_2 stored as values in memory (estimated size 201.7 KiB, free 434.0 MiB)
[2026-08-21T03:50:27.507+0000] {spark_submit.py:571} INFO - 26/08/21 03:50:27 INFO MemoryStore: Block broadcast_2_piece0 stored as bytes in memory (estimated size 34.9 KiB, free 433.9 MiB)
[2026-08-21T03:50:27.509+0000] {spark_submit.py:571} INFO - 26/08/21 03:50:27 INFO BlockManagerInfo: Added broadcast_2_piece0 in memory on c90a551abb73:40315 (size: 34.9 KiB, free: 434.3 MiB)
[2026-08-21T03:50:27.512+0000] {spark_submit.py:571} INFO - 26/08/21 03:50:27 INFO SparkContext: Created broadcast 2 from csv at NativeMethodAccessorImpl.java:0
[2026-08-21T03:50:27.513+0000] {spark_submit.py:571} INFO - 26/08/21 03:50:27 INFO FileSourceScanExec: Planning scan with bin packing, max size: 134217728 bytes, open cost is considered as scanning 4194304 bytes.
[2026-08-21T03:50:27.593+0000] {spark_submit.py:571} INFO - 26/08/21 03:50:27 INFO SparkContext: Starting job: csv at NativeMethodAccessorImpl.java:0
[2026-08-21T03:50:27.597+0000] {spark_submit.py:571} INFO - 26/08/21 03:50:27 INFO DAGScheduler: Got job 1 (csv at NativeMethodAccessorImpl.java:0) with 7 output partitions
[2026-08-21T03:50:27.597+0000] {spark_submit.py:571} INFO - 26/08/21 03:50:27 INFO DAGScheduler: Final stage: ResultStage 1 (csv at NativeMethodAccessorImpl.java:0)
[2026-08-21T03:50:27.597+0000] {spark_submit.py:571} INFO - 26/08/21 03:50:27 INFO DAGScheduler: Parents of final stage: List()
[2026-08-21T03:50:27.597+0000] {spark_submit.py:571} INFO - 26/08/21 03:50:27 INFO DAGScheduler: Missing parents: List()
[2026-08-21T03:50:27.598+0000] {spark_submit.py:571} INFO - 26/08/21 03:50:27 INFO DAGScheduler: Submitting ResultStage 1 (MapPartitionsRDD[9] at csv at NativeMethodAccessorImpl.java:0), which has no missing parents
[2026-08-21T03:50:27.617+0000] {spark_submit.py:571} INFO - 26/08/21 03:50:27 INFO MemoryStore: Block broadcast_3 stored as values in memory (estimated size 28.3 KiB, free 433.9 MiB)
[2026-08-21T03:50:27.619+0000] {spark_submit.py:571} INFO - 26/08/21 03:50:27 INFO MemoryStore: Block broadcast_3_piece0 stored as bytes in memory (estimated size 13.1 KiB, free 433.9 MiB)
[2026-08-21T03:50:27.619+0000] {spark_submit.py:571} INFO - 26/08/21 03:50:27 INFO BlockManagerInfo: Added broadcast_3_piece0 in memory on c90a551abb73:40315 (size: 13.1 KiB, free: 434.3 MiB)
[2026-08-21T03:50:27.620+0000] {spark_submit.py:571} INFO - 26/08/21 03:50:27 INFO SparkContext: Created broadcast 3 from broadcast at DAGScheduler.scala:1585
[2026-08-21T03:50:27.621+0000] {spark_submit.py:571} INFO - 26/08/21 03:50:27 INFO DAGScheduler: Submitting 7 missing tasks from ResultStage 1 (MapPartitionsRDD[9] at csv at NativeMethodAccessorImpl.java:0) (first 15 tasks are for partitions Vector(0, 1, 2, 3, 4, 5, 6))
[2026-08-21T03:50:27.622+0000] {spark_submit.py:571} INFO - 26/08/21 03:50:27 INFO TaskSchedulerImpl: Adding task set 1.0 with 7 tasks resource profile 0
[2026-08-21T03:50:27.623+0000] {spark_submit.py:571} INFO - 26/08/21 03:50:27 INFO TaskSetManager: Starting task 0.0 in stage 1.0 (TID 1) (172.18.0.7, executor 1, partition 0, PROCESS_LOCAL, 8210 bytes)
[2026-08-21T03:50:27.623+0000] {spark_submit.py:571} INFO - 26/08/21 03:50:27 INFO TaskSetManager: Starting task 1.0 in stage 1.0 (TID 2) (172.18.0.6, executor 0, partition 1, PROCESS_LOCAL, 8210 bytes)
[2026-08-21T03:50:27.623+0000] {spark_submit.py:571} INFO - 26/08/21 03:50:27 INFO TaskSetManager: Starting task 2.0 in stage 1.0 (TID 3) (172.18.0.7, executor 1, partition 2, PROCESS_LOCAL, 8210 bytes)
[2026-08-21T03:50:27.624+0000] {spark_submit.py:571} INFO - 26/08/21 03:50:27 INFO TaskSetManager: Starting task 3.0 in stage 1.0 (TID 4) (172.18.0.6, executor 0, partition 3, PROCESS_LOCAL, 8210 bytes)
[2026-08-21T03:50:27.701+0000] {spark_submit.py:571} INFO - 26/08/21 03:50:27 INFO BlockManagerInfo: Added broadcast_3_piece0 in memory on 172.18.0.6:43729 (size: 13.1 KiB, free: 434.4 MiB)
[2026-08-21T03:50:27.978+0000] {spark_submit.py:571} INFO - 26/08/21 03:50:27 INFO BlockManagerInfo: Added broadcast_3_piece0 in memory on 172.18.0.7:36903 (size: 13.1 KiB, free: 434.4 MiB)
[2026-08-21T03:50:29.334+0000] {spark_submit.py:571} INFO - 26/08/21 03:50:29 INFO BlockManagerInfo: Added broadcast_2_piece0 in memory on 172.18.0.6:43729 (size: 34.9 KiB, free: 434.3 MiB)
[2026-08-21T03:50:31.494+0000] {spark_submit.py:571} INFO - 26/08/21 03:50:31 INFO BlockManagerInfo: Added broadcast_2_piece0 in memory on 172.18.0.7:36903 (size: 34.9 KiB, free: 434.4 MiB)
[2026-08-21T03:50:32.040+0000] {spark_submit.py:571} INFO - 26/08/21 03:50:32 INFO TaskSetManager: Starting task 4.0 in stage 1.0 (TID 5) (172.18.0.6, executor 0, partition 4, PROCESS_LOCAL, 8210 bytes)
[2026-08-21T03:50:32.042+0000] {spark_submit.py:571} INFO - 26/08/21 03:50:32 INFO TaskSetManager: Finished task 1.0 in stage 1.0 (TID 2) in 4420 ms on 172.18.0.6 (executor 0) (1/7)
[2026-08-21T03:50:32.057+0000] {spark_submit.py:571} INFO - 26/08/21 03:50:32 INFO TaskSetManager: Starting task 5.0 in stage 1.0 (TID 6) (172.18.0.6, executor 0, partition 5, PROCESS_LOCAL, 8210 bytes)
[2026-08-21T03:50:32.059+0000] {spark_submit.py:571} INFO - 26/08/21 03:50:32 INFO TaskSetManager: Finished task 3.0 in stage 1.0 (TID 4) in 4435 ms on 172.18.0.6 (executor 0) (2/7)
[2026-08-21T03:50:34.152+0000] {spark_submit.py:571} INFO - 26/08/21 03:50:34 INFO TaskSetManager: Starting task 6.0 in stage 1.0 (TID 7) (172.18.0.6, executor 0, partition 6, PROCESS_LOCAL, 8210 bytes)
[2026-08-21T03:50:34.156+0000] {spark_submit.py:571} INFO - 26/08/21 03:50:34 INFO TaskSetManager: Finished task 5.0 in stage 1.0 (TID 6) in 2109 ms on 172.18.0.6 (executor 0) (3/7)
[2026-08-21T03:50:34.427+0000] {spark_submit.py:571} INFO - 26/08/21 03:50:34 INFO TaskSetManager: Finished task 4.0 in stage 1.0 (TID 5) in 2392 ms on 172.18.0.6 (executor 0) (4/7)
[2026-08-21T03:50:35.760+0000] {spark_submit.py:571} INFO - 26/08/21 03:50:35 INFO TaskSetManager: Finished task 6.0 in stage 1.0 (TID 7) in 1611 ms on 172.18.0.6 (executor 0) (5/7)
[2026-08-21T03:50:35.862+0000] {spark_submit.py:571} INFO - 26/08/21 03:50:35 INFO TaskSetManager: Finished task 0.0 in stage 1.0 (TID 1) in 8240 ms on 172.18.0.7 (executor 1) (6/7)
[2026-08-21T03:50:35.982+0000] {spark_submit.py:571} INFO - 26/08/21 03:50:35 INFO TaskSetManager: Finished task 2.0 in stage 1.0 (TID 3) in 8359 ms on 172.18.0.7 (executor 1) (7/7)
[2026-08-21T03:50:35.983+0000] {spark_submit.py:571} INFO - 26/08/21 03:50:35 INFO TaskSchedulerImpl: Removed TaskSet 1.0, whose tasks have all completed, from pool
[2026-08-21T03:50:35.985+0000] {spark_submit.py:571} INFO - 26/08/21 03:50:35 INFO DAGScheduler: ResultStage 1 (csv at NativeMethodAccessorImpl.java:0) finished in 8.382 s
[2026-08-21T03:50:35.985+0000] {spark_submit.py:571} INFO - 26/08/21 03:50:35 INFO DAGScheduler: Job 1 is finished. Cancelling potential speculative or zombie tasks for this job
[2026-08-21T03:50:35.985+0000] {spark_submit.py:571} INFO - 26/08/21 03:50:35 INFO TaskSchedulerImpl: Killing all running tasks in stage 1: Stage finished
[2026-08-21T03:50:35.988+0000] {spark_submit.py:571} INFO - 26/08/21 03:50:35 INFO DAGScheduler: Job 1 finished: csv at NativeMethodAccessorImpl.java:0, took 8.392547 s
[2026-08-21T03:50:36.142+0000] {spark_submit.py:571} INFO - Traceback (most recent call last):
[2026-08-21T03:50:36.143+0000] {spark_submit.py:571} INFO - File "/opt/spark_scripts/1_ingest_hourly.py", line 63, in <module>
[2026-08-21T03:50:36.144+0000] {spark_submit.py:571} INFO - main()
[2026-08-21T03:50:36.144+0000] {spark_submit.py:571} INFO - File "/opt/spark_scripts/1_ingest_hourly.py", line 33, in main
[2026-08-21T03:50:36.144+0000] {spark_submit.py:571} INFO - df_hourly = raw_df.filter(F.col("date_hour").cast("string") == args.target_date_hour)
[2026-08-21T03:50:36.144+0000] {spark_submit.py:571} INFO - File "/home/***/.local/lib/python3.10/site-packages/pyspark/python/lib/pyspark.zip/pyspark/sql/dataframe.py", line 3329, in filter
[2026-08-21T03:50:36.145+0000] {spark_submit.py:571} INFO - File "/home/***/.local/lib/python3.10/site-packages/pyspark/python/lib/py4j-0.10.9.7-src.zip/py4j/java_gateway.py", line 1322, in __call__
[2026-08-21T03:50:36.145+0000] {spark_submit.py:571} INFO - File "/home/***/.local/lib/python3.10/site-packages/pyspark/python/lib/pyspark.zip/pyspark/errors/exceptions/captured.py", line 185, in deco
[2026-08-21T03:50:36.150+0000] {spark_submit.py:571} INFO - pyspark.errors.exceptions.captured.AnalysisException: [UNRESOLVED_COLUMN.WITH_SUGGESTION] A column or function parameter with name `date_hour` cannot be resolved. Did you mean one of the following? [`"enb_name"|"cell_name"|"date_hour"|"dl_traffic_gb"|"ul_traffic_gb"|"total_traffic_gb"|"max_rrc_connected_user"|"ul_prb"|"ul_prb_used"|"ul_prb_available_total"|"dl_prb"|"dl_prb_used"|"dl_prb_available_total"|"sector"|"azimuth"|"cell_type"|"x"|"y"`].;
[2026-08-21T03:50:36.150+0000] {spark_submit.py:571} INFO - 'Filter (cast('date_hour as string) = 2025-06-01-00)
[2026-08-21T03:50:36.151+0000] {spark_submit.py:571} INFO - +- Relation ["enb_name"|"cell_name"|"date_hour"|"dl_traffic_gb"|"ul_traffic_gb"|"total_traffic_gb"|"max_rrc_connected_user"|"ul_prb"|"ul_prb_used"|"ul_prb_available_total"|"dl_prb"|"dl_prb_used"|"dl_prb_available_total"|"sector"|"azimuth"|"cell_type"|"x"|"y"#17] csv
[2026-08-21T03:50:36.151+0000] {spark_submit.py:571} INFO - 
[2026-08-21T03:50:36.195+0000] {spark_submit.py:571} INFO - 26/08/21 03:50:36 INFO SparkContext: Invoking stop() from shutdown hook
[2026-08-21T03:50:36.195+0000] {spark_submit.py:571} INFO - 26/08/21 03:50:36 INFO SparkContext: SparkContext is stopping with exitCode 0.
[2026-08-21T03:50:36.204+0000] {spark_submit.py:571} INFO - 26/08/21 03:50:36 INFO SparkUI: Stopped Spark web UI at http://c90a551abb73:4041
[2026-08-21T03:50:36.207+0000] {spark_submit.py:571} INFO - 26/08/21 03:50:36 INFO StandaloneSchedulerBackend: Shutting down all executors
[2026-08-21T03:50:36.207+0000] {spark_submit.py:571} INFO - 26/08/21 03:50:36 INFO StandaloneSchedulerBackend$StandaloneDriverEndpoint: Asking each executor to shut down
[2026-08-21T03:50:36.243+0000] {spark_submit.py:571} INFO - 26/08/21 03:50:36 INFO MapOutputTrackerMasterEndpoint: MapOutputTrackerMasterEndpoint stopped!
[2026-08-21T03:50:36.279+0000] {spark_submit.py:571} INFO - 26/08/21 03:50:36 INFO MemoryStore: MemoryStore cleared
[2026-08-21T03:50:36.279+0000] {spark_submit.py:571} INFO - 26/08/21 03:50:36 INFO BlockManager: BlockManager stopped
[2026-08-21T03:50:36.287+0000] {spark_submit.py:571} INFO - 26/08/21 03:50:36 INFO BlockManagerMaster: BlockManagerMaster stopped
[2026-08-21T03:50:36.296+0000] {spark_submit.py:571} INFO - 26/08/21 03:50:36 INFO OutputCommitCoordinator$OutputCommitCoordinatorEndpoint: OutputCommitCoordinator stopped!
[2026-08-21T03:50:36.321+0000] {spark_submit.py:571} INFO - 26/08/21 03:50:36 INFO SparkContext: Successfully stopped SparkContext
[2026-08-21T03:50:36.322+0000] {spark_submit.py:571} INFO - 26/08/21 03:50:36 INFO ShutdownHookManager: Shutdown hook called
[2026-08-21T03:50:36.322+0000] {spark_submit.py:571} INFO - 26/08/21 03:50:36 INFO ShutdownHookManager: Deleting directory /tmp/spark-bc9a188a-5715-4ed3-9097-7b9871e28693
[2026-08-21T03:50:36.327+0000] {spark_submit.py:571} INFO - 26/08/21 03:50:36 INFO ShutdownHookManager: Deleting directory /tmp/spark-068bb4d1-510d-4ac4-993e-4af132b77bc1/pyspark-ea68c649-e35c-41f6-82a9-36afc03ce972
[2026-08-21T03:50:36.333+0000] {spark_submit.py:571} INFO - 26/08/21 03:50:36 INFO ShutdownHookManager: Deleting directory /tmp/spark-068bb4d1-510d-4ac4-993e-4af132b77bc1
[2026-08-21T03:50:36.341+0000] {spark_submit.py:571} INFO - 26/08/21 03:50:36 INFO MetricsSystemImpl: Stopping s3a-file-system metrics system...
[2026-08-21T03:50:36.342+0000] {spark_submit.py:571} INFO - 26/08/21 03:50:36 INFO MetricsSystemImpl: s3a-file-system metrics system stopped.
[2026-08-21T03:50:36.342+0000] {spark_submit.py:571} INFO - 26/08/21 03:50:36 INFO MetricsSystemImpl: s3a-file-system metrics system shutdown complete.
[2026-08-21T03:50:36.409+0000] {taskinstance.py:441} INFO - ::group::Post task execution logs
[2026-08-21T03:50:36.417+0000] {taskinstance.py:2905} ERROR - Task failed with exception
Traceback (most recent call last):
  File "/home/airflow/.local/lib/python3.10/site-packages/airflow/models/taskinstance.py", line 465, in _execute_task
    result = _execute_callable(context=context, **execute_callable_kwargs)
  File "/home/airflow/.local/lib/python3.10/site-packages/airflow/models/taskinstance.py", line 432, in _execute_callable
    return execute_callable(context=context, **execute_callable_kwargs)
  File "/home/airflow/.local/lib/python3.10/site-packages/airflow/models/baseoperator.py", line 400, in wrapper
    return func(self, *args, **kwargs)
  File "/home/airflow/.local/lib/python3.10/site-packages/airflow/providers/apache/spark/operators/spark_submit.py", line 174, in execute
    self._hook.submit(self.application)
  File "/home/airflow/.local/lib/python3.10/site-packages/airflow/providers/apache/spark/hooks/spark_submit.py", line 502, in submit
    raise AirflowException(
airflow.exceptions.AirflowException: Cannot execute: spark-submit --master spark://spark-master:7077 --name arrow-spark --deploy-mode client /opt/spark_scripts/1_ingest_hourly.py --input_path s3a://landingzone/202506.csv --target_date_hour 2025-06-01-00. Error code is: 1.
[2026-08-21T03:50:36.419+0000] {taskinstance.py:1206} INFO - Marking task as UP_FOR_RETRY. dag_id=cell_kpi_hourly_anomaly_pipeline, task_id=1_ingest_hourly_bronze, run_id=scheduled__2025-05-31T17:00:00+00:00, execution_date=20250531T170000, start_date=20260821T034951, end_date=20260821T035036
[2026-08-21T03:50:36.430+0000] {standard_task_runner.py:110} ERROR - Failed to execute job 29 for task 1_ingest_hourly_bronze (Cannot execute: spark-submit --master spark://spark-master:7077 --name arrow-spark --deploy-mode client /opt/spark_scripts/1_ingest_hourly.py --input_path s3a://landingzone/202506.csv --target_date_hour 2025-06-01-00. Error code is: 1.; 2187)
[2026-08-21T03:50:36.473+0000] {local_task_job_runner.py:240} INFO - Task exited with return code 1
[2026-08-21T03:50:36.489+0000] {taskinstance.py:3498} INFO - 0 downstream tasks scheduled from follow-on schedule check
[2026-08-21T03:50:36.490+0000] {local_task_job_runner.py:222} INFO - ::endgroup::
[2026-08-21T04:10:02.464+0000] {local_task_job_runner.py:120} INFO - ::group::Pre task execution logs
[2026-08-21T04:10:02.484+0000] {taskinstance.py:2076} INFO - Dependencies all met for dep_context=non-requeueable deps ti=<TaskInstance: cell_kpi_hourly_anomaly_pipeline.1_ingest_hourly_bronze scheduled__2025-05-31T17:00:00+00:00 [queued]>
[2026-08-21T04:10:02.491+0000] {taskinstance.py:2076} INFO - Dependencies all met for dep_context=requeueable deps ti=<TaskInstance: cell_kpi_hourly_anomaly_pipeline.1_ingest_hourly_bronze scheduled__2025-05-31T17:00:00+00:00 [queued]>
[2026-08-21T04:10:02.491+0000] {taskinstance.py:2306} INFO - Starting attempt 1 of 2
[2026-08-21T04:10:02.500+0000] {taskinstance.py:2330} INFO - Executing <Task(SparkSubmitOperator): 1_ingest_hourly_bronze> on 2025-05-31 17:00:00+00:00
[2026-08-21T04:10:02.505+0000] {standard_task_runner.py:63} INFO - Started process 4265 to run task
[2026-08-21T04:10:02.508+0000] {standard_task_runner.py:90} INFO - Running: ['***', 'tasks', 'run', 'cell_kpi_hourly_anomaly_pipeline', '1_ingest_hourly_bronze', 'scheduled__2025-05-31T17:00:00+00:00', '--job-id', '44', '--raw', '--subdir', 'DAGS_FOLDER/cell_kpi_hourly_anomaly.py', '--cfg-path', '/tmp/tmpdbsd2p_o']
[2026-08-21T04:10:02.510+0000] {standard_task_runner.py:91} INFO - Job 44: Subtask 1_ingest_hourly_bronze
[2026-08-21T04:10:02.552+0000] {task_command.py:426} INFO - Running <TaskInstance: cell_kpi_hourly_anomaly_pipeline.1_ingest_hourly_bronze scheduled__2025-05-31T17:00:00+00:00 [running]> on host c90a551abb73
[2026-08-21T04:10:02.608+0000] {logging_mixin.py:188} WARNING - /home/***/.local/lib/python3.10/site-packages/***/utils/context.py:212 AirflowContextDeprecationWarning: Accessing 'execution_date' from the template is deprecated and will be removed in a future version. Please use 'data_interval_start' or 'logical_date' instead.
[2026-08-21T04:10:02.638+0000] {taskinstance.py:2648} INFO - Exporting env vars: AIRFLOW_CTX_DAG_OWNER='data_engineer_team' AIRFLOW_CTX_DAG_ID='cell_kpi_hourly_anomaly_pipeline' AIRFLOW_CTX_TASK_ID='1_ingest_hourly_bronze' AIRFLOW_CTX_EXECUTION_DATE='2025-05-31T17:00:00+00:00' AIRFLOW_CTX_TRY_NUMBER='1' AIRFLOW_CTX_DAG_RUN_ID='scheduled__2025-05-31T17:00:00+00:00'
[2026-08-21T04:10:02.639+0000] {taskinstance.py:430} INFO - ::endgroup::
[2026-08-21T04:10:02.656+0000] {base.py:84} INFO - Using connection ID 'spark-master' for task execution.
[2026-08-21T04:10:02.657+0000] {spark_submit.py:401} INFO - Spark-Submit cmd: spark-submit --master spark://spark-master:7077 --name arrow-spark --deploy-mode client /opt/spark_scripts/1_ingest_hourly.py --input_path s3a://landingzone/202506.csv --target_date_hour 2025-06-01-00
[2026-08-21T04:10:02.744+0000] {spark_submit.py:571} INFO - /home/***/.local/lib/python3.10/site-packages/pyspark/bin/load-spark-env.sh: line 68: ps: command not found
[2026-08-21T04:10:06.776+0000] {spark_submit.py:571} INFO - 26/08/21 04:10:06 INFO SparkContext: Running Spark version 3.5.1
[2026-08-21T04:10:06.778+0000] {spark_submit.py:571} INFO - 26/08/21 04:10:06 INFO SparkContext: OS info Linux, 6.8.0-1052-azure, amd64
[2026-08-21T04:10:06.778+0000] {spark_submit.py:571} INFO - 26/08/21 04:10:06 INFO SparkContext: Java version 17.0.20
[2026-08-21T04:10:06.843+0000] {spark_submit.py:571} INFO - 26/08/21 04:10:06 WARN NativeCodeLoader: Unable to load native-hadoop library for your platform... using builtin-java classes where applicable
[2026-08-21T04:10:07.027+0000] {spark_submit.py:571} INFO - 26/08/21 04:10:07 INFO ResourceUtils: ==============================================================
[2026-08-21T04:10:07.027+0000] {spark_submit.py:571} INFO - 26/08/21 04:10:07 INFO ResourceUtils: No custom resources configured for spark.driver.
[2026-08-21T04:10:07.027+0000] {spark_submit.py:571} INFO - 26/08/21 04:10:07 INFO ResourceUtils: ==============================================================
[2026-08-21T04:10:07.028+0000] {spark_submit.py:571} INFO - 26/08/21 04:10:07 INFO SparkContext: Submitted application: Ingest_Bronze_2025-06-01-00
[2026-08-21T04:10:07.059+0000] {spark_submit.py:571} INFO - 26/08/21 04:10:07 INFO ResourceProfile: Default ResourceProfile created, executor resources: Map(memory -> name: memory, amount: 1024, script: , vendor: , offHeap -> name: offHeap, amount: 0, script: , vendor: ), task resources: Map(cpus -> name: cpus, amount: 1.0)
[2026-08-21T04:10:07.068+0000] {spark_submit.py:571} INFO - 26/08/21 04:10:07 INFO ResourceProfile: Limiting resource is cpu
[2026-08-21T04:10:07.070+0000] {spark_submit.py:571} INFO - 26/08/21 04:10:07 INFO ResourceProfileManager: Added ResourceProfile id: 0
[2026-08-21T04:10:07.131+0000] {spark_submit.py:571} INFO - 26/08/21 04:10:07 INFO SecurityManager: Changing view acls to: ***
[2026-08-21T04:10:07.134+0000] {spark_submit.py:571} INFO - 26/08/21 04:10:07 INFO SecurityManager: Changing modify acls to: ***
[2026-08-21T04:10:07.138+0000] {spark_submit.py:571} INFO - 26/08/21 04:10:07 INFO SecurityManager: Changing view acls groups to:
[2026-08-21T04:10:07.138+0000] {spark_submit.py:571} INFO - 26/08/21 04:10:07 INFO SecurityManager: Changing modify acls groups to:
[2026-08-21T04:10:07.140+0000] {spark_submit.py:571} INFO - 26/08/21 04:10:07 INFO SecurityManager: SecurityManager: authentication disabled; ui acls disabled; users with view permissions: ***; groups with view permissions: EMPTY; users with modify permissions: ***; groups with modify permissions: EMPTY
[2026-08-21T04:10:07.573+0000] {spark_submit.py:571} INFO - 26/08/21 04:10:07 INFO Utils: Successfully started service 'sparkDriver' on port 46761.
[2026-08-21T04:10:07.610+0000] {spark_submit.py:571} INFO - 26/08/21 04:10:07 INFO SparkEnv: Registering MapOutputTracker
[2026-08-21T04:10:07.649+0000] {spark_submit.py:571} INFO - 26/08/21 04:10:07 INFO SparkEnv: Registering BlockManagerMaster
[2026-08-21T04:10:07.691+0000] {spark_submit.py:571} INFO - 26/08/21 04:10:07 INFO BlockManagerMasterEndpoint: Using org.apache.spark.storage.DefaultTopologyMapper for getting topology information
[2026-08-21T04:10:07.692+0000] {spark_submit.py:571} INFO - 26/08/21 04:10:07 INFO BlockManagerMasterEndpoint: BlockManagerMasterEndpoint up
[2026-08-21T04:10:07.706+0000] {spark_submit.py:571} INFO - 26/08/21 04:10:07 INFO SparkEnv: Registering BlockManagerMasterHeartbeat
[2026-08-21T04:10:07.755+0000] {spark_submit.py:571} INFO - 26/08/21 04:10:07 INFO DiskBlockManager: Created local directory at /tmp/blockmgr-ff8dc328-1274-40b5-8950-5fb13cda5f58
[2026-08-21T04:10:07.766+0000] {spark_submit.py:571} INFO - 26/08/21 04:10:07 INFO MemoryStore: MemoryStore started with capacity 434.4 MiB
[2026-08-21T04:10:07.781+0000] {spark_submit.py:571} INFO - 26/08/21 04:10:07 INFO SparkEnv: Registering OutputCommitCoordinator
[2026-08-21T04:10:07.973+0000] {spark_submit.py:571} INFO - 26/08/21 04:10:07 INFO JettyUtils: Start Jetty 0.0.0.0:4040 for SparkUI
[2026-08-21T04:10:08.048+0000] {spark_submit.py:571} INFO - 26/08/21 04:10:08 WARN Utils: Service 'SparkUI' could not bind on port 4040. Attempting port 4041.
[2026-08-21T04:10:08.058+0000] {spark_submit.py:571} INFO - 26/08/21 04:10:08 INFO Utils: Successfully started service 'SparkUI' on port 4041.
[2026-08-21T04:10:08.399+0000] {spark_submit.py:571} INFO - 26/08/21 04:10:08 INFO StandaloneAppClient$ClientEndpoint: Connecting to master spark://spark-master:7077...
[2026-08-21T04:10:08.628+0000] {spark_submit.py:571} INFO - 26/08/21 04:10:08 INFO TransportClientFactory: Successfully created connection to spark-master/172.18.0.4:7077 after 137 ms (0 ms spent in bootstraps)
[2026-08-21T04:10:09.137+0000] {spark_submit.py:571} INFO - 26/08/21 04:10:09 INFO StandaloneSchedulerBackend: Connected to Spark cluster with app ID app-20260821041009-0013
[2026-08-21T04:10:09.176+0000] {spark_submit.py:571} INFO - 26/08/21 04:10:09 INFO Utils: Successfully started service 'org.apache.spark.network.netty.NettyBlockTransferService' on port 38067.
[2026-08-21T04:10:09.177+0000] {spark_submit.py:571} INFO - 26/08/21 04:10:09 INFO NettyBlockTransferService: Server created on c90a551abb73:38067
[2026-08-21T04:10:09.182+0000] {spark_submit.py:571} INFO - 26/08/21 04:10:09 INFO BlockManager: Using org.apache.spark.storage.RandomBlockReplicationPolicy for block replication policy
[2026-08-21T04:10:09.195+0000] {spark_submit.py:571} INFO - 26/08/21 04:10:09 INFO BlockManagerMaster: Registering BlockManager BlockManagerId(driver, c90a551abb73, 38067, None)
[2026-08-21T04:10:09.206+0000] {spark_submit.py:571} INFO - 26/08/21 04:10:09 INFO BlockManagerMasterEndpoint: Registering block manager c90a551abb73:38067 with 434.4 MiB RAM, BlockManagerId(driver, c90a551abb73, 38067, None)
[2026-08-21T04:10:09.212+0000] {spark_submit.py:571} INFO - 26/08/21 04:10:09 INFO BlockManagerMaster: Registered BlockManager BlockManagerId(driver, c90a551abb73, 38067, None)
[2026-08-21T04:10:09.214+0000] {spark_submit.py:571} INFO - 26/08/21 04:10:09 INFO BlockManager: Initialized BlockManager: BlockManagerId(driver, c90a551abb73, 38067, None)
[2026-08-21T04:10:09.875+0000] {spark_submit.py:571} INFO - 26/08/21 04:10:09 INFO StandaloneSchedulerBackend: SchedulerBackend is ready for scheduling beginning after reached minRegisteredResourcesRatio: 0.0
[2026-08-21T04:10:10.747+0000] {spark_submit.py:571} INFO - Đang nạp s3a://landingzone/202506.csv và trích xuất dữ liệu ca: 2025-06-01-00...
[2026-08-21T04:10:10.958+0000] {spark_submit.py:571} INFO - 26/08/21 04:10:10 INFO SharedState: Setting hive.metastore.warehouse.dir ('null') to the value of spark.sql.warehouse.dir.
[2026-08-21T04:10:10.975+0000] {spark_submit.py:571} INFO - 26/08/21 04:10:10 INFO SharedState: Warehouse path is 'file:/opt/***/spark-warehouse'.
[2026-08-21T04:10:13.311+0000] {spark_submit.py:571} INFO - 26/08/21 04:10:13 WARN MetricsConfig: Cannot locate configuration: tried hadoop-metrics2-s3a-file-system.properties,hadoop-metrics2.properties
[2026-08-21T04:10:13.359+0000] {spark_submit.py:571} INFO - 26/08/21 04:10:13 INFO MetricsSystemImpl: Scheduled Metric snapshot period at 10 second(s).
[2026-08-21T04:10:13.360+0000] {spark_submit.py:571} INFO - 26/08/21 04:10:13 INFO MetricsSystemImpl: s3a-file-system metrics system started
[2026-08-21T04:12:24.616+0000] {spark_submit.py:571} INFO - 26/08/21 04:12:24 INFO StandaloneAppClient$ClientEndpoint: Executor added: app-20260821041009-0013/0 on worker-20260821021253-172.18.0.6-39045 (172.18.0.6:39045) with 2 core(s)
[2026-08-21T04:12:24.622+0000] {spark_submit.py:571} INFO - 26/08/21 04:12:24 INFO StandaloneSchedulerBackend: Granted executor ID app-20260821041009-0013/0 on hostPort 172.18.0.6:39045 with 2 core(s), 1024.0 MiB RAM
[2026-08-21T04:12:24.622+0000] {spark_submit.py:571} INFO - 26/08/21 04:12:24 INFO StandaloneAppClient$ClientEndpoint: Executor added: app-20260821041009-0013/1 on worker-20260821021253-172.18.0.7-44957 (172.18.0.7:44957) with 2 core(s)
[2026-08-21T04:12:24.623+0000] {spark_submit.py:571} INFO - 26/08/21 04:12:24 INFO StandaloneSchedulerBackend: Granted executor ID app-20260821041009-0013/1 on hostPort 172.18.0.7:44957 with 2 core(s), 1024.0 MiB RAM
[2026-08-21T04:12:24.718+0000] {spark_submit.py:571} INFO - 26/08/21 04:12:24 INFO StandaloneAppClient$ClientEndpoint: Executor updated: app-20260821041009-0013/0 is now RUNNING
[2026-08-21T04:12:24.730+0000] {spark_submit.py:571} INFO - 26/08/21 04:12:24 INFO StandaloneAppClient$ClientEndpoint: Executor updated: app-20260821041009-0013/1 is now RUNNING
[2026-08-21T04:12:28.577+0000] {spark_submit.py:571} INFO - 26/08/21 04:12:28 INFO StandaloneSchedulerBackend$StandaloneDriverEndpoint: Registered executor NettyRpcEndpointRef(spark-client://Executor) (172.18.0.6:50946) with ID 0,  ResourceProfileId 0
[2026-08-21T04:12:28.829+0000] {spark_submit.py:571} INFO - 26/08/21 04:12:28 INFO BlockManagerMasterEndpoint: Registering block manager 172.18.0.6:39595 with 434.4 MiB RAM, BlockManagerId(0, 172.18.0.6, 39595, None)
[2026-08-21T04:12:28.873+0000] {spark_submit.py:571} INFO - 26/08/21 04:12:28 INFO StandaloneSchedulerBackend$StandaloneDriverEndpoint: Registered executor NettyRpcEndpointRef(spark-client://Executor) (172.18.0.7:51606) with ID 1,  ResourceProfileId 0
[2026-08-21T04:12:29.028+0000] {spark_submit.py:571} INFO - 26/08/21 04:12:29 INFO BlockManagerMasterEndpoint: Registering block manager 172.18.0.7:46231 with 434.4 MiB RAM, BlockManagerId(1, 172.18.0.7, 46231, None)
[2026-08-21T04:12:29.157+0000] {spark_submit.py:571} INFO - 26/08/21 04:12:29 WARN FileStreamSink: Assume no metadata directory. Error while looking for metadata directory in the path: s3a://landingzone/202506.csv.
[2026-08-21T04:12:29.158+0000] {spark_submit.py:571} INFO - java.nio.file.AccessDeniedException: s3a://landingzone/202506.csv: getFileStatus on s3a://landingzone/202506.csv: com.amazonaws.services.s3.model.AmazonS3Exception: The request signature we calculated does not match the signature you provided. Check your key and signing method. (Service: Amazon S3; Status Code: 403; Error Code: SignatureDoesNotMatch; Request ID: 18CDB6BCCD79268F; S3 Extended Request ID: dd9025bab4ad464b049177c95eb6ebf374d3b3fd1af9251148b658df7ac2e3e8; Proxy: null), S3 Extended Request ID: dd9025bab4ad464b049177c95eb6ebf374d3b3fd1af9251148b658df7ac2e3e8:SignatureDoesNotMatch
[2026-08-21T04:12:29.158+0000] {spark_submit.py:571} INFO - at org.apache.hadoop.fs.s3a.S3AUtils.translateException(S3AUtils.java:255)
[2026-08-21T04:12:29.158+0000] {spark_submit.py:571} INFO - at org.apache.hadoop.fs.s3a.S3AUtils.translateException(S3AUtils.java:175)
[2026-08-21T04:12:29.158+0000] {spark_submit.py:571} INFO - at org.apache.hadoop.fs.s3a.S3AFileSystem.s3GetFileStatus(S3AFileSystem.java:3858)
[2026-08-21T04:12:29.158+0000] {spark_submit.py:571} INFO - at org.apache.hadoop.fs.s3a.S3AFileSystem.innerGetFileStatus(S3AFileSystem.java:3688)
[2026-08-21T04:12:29.158+0000] {spark_submit.py:571} INFO - at org.apache.hadoop.fs.s3a.S3AFileSystem.lambda$isDirectory$35(S3AFileSystem.java:4724)
[2026-08-21T04:12:29.159+0000] {spark_submit.py:571} INFO - at org.apache.hadoop.fs.statistics.impl.IOStatisticsBinding.lambda$trackDurationOfOperation$5(IOStatisticsBinding.java:499)
[2026-08-21T04:12:29.159+0000] {spark_submit.py:571} INFO - at org.apache.hadoop.fs.statistics.impl.IOStatisticsBinding.trackDuration(IOStatisticsBinding.java:444)
[2026-08-21T04:12:29.159+0000] {spark_submit.py:571} INFO - at org.apache.hadoop.fs.s3a.S3AFileSystem.trackDurationAndSpan(S3AFileSystem.java:2337)
[2026-08-21T04:12:29.159+0000] {spark_submit.py:571} INFO - at org.apache.hadoop.fs.s3a.S3AFileSystem.trackDurationAndSpan(S3AFileSystem.java:2356)
[2026-08-21T04:12:29.159+0000] {spark_submit.py:571} INFO - at org.apache.hadoop.fs.s3a.S3AFileSystem.isDirectory(S3AFileSystem.java:4722)
[2026-08-21T04:12:29.159+0000] {spark_submit.py:571} INFO - at org.apache.spark.sql.execution.streaming.FileStreamSink$.hasMetadata(FileStreamSink.scala:54)
[2026-08-21T04:12:29.160+0000] {spark_submit.py:571} INFO - at org.apache.spark.sql.execution.datasources.DataSource.resolveRelation(DataSource.scala:366)
[2026-08-21T04:12:29.160+0000] {spark_submit.py:571} INFO - at org.apache.spark.sql.DataFrameReader.loadV1Source(DataFrameReader.scala:229)
[2026-08-21T04:12:29.160+0000] {spark_submit.py:571} INFO - at org.apache.spark.sql.DataFrameReader.$anonfun$load$2(DataFrameReader.scala:211)
[2026-08-21T04:12:29.160+0000] {spark_submit.py:571} INFO - at scala.Option.getOrElse(Option.scala:189)
[2026-08-21T04:12:29.160+0000] {spark_submit.py:571} INFO - at org.apache.spark.sql.DataFrameReader.load(DataFrameReader.scala:211)
[2026-08-21T04:12:29.160+0000] {spark_submit.py:571} INFO - at org.apache.spark.sql.DataFrameReader.csv(DataFrameReader.scala:538)
[2026-08-21T04:12:29.161+0000] {spark_submit.py:571} INFO - at java.base/jdk.internal.reflect.NativeMethodAccessorImpl.invoke0(Native Method)
[2026-08-21T04:12:29.161+0000] {spark_submit.py:571} INFO - at java.base/jdk.internal.reflect.NativeMethodAccessorImpl.invoke(NativeMethodAccessorImpl.java:77)
[2026-08-21T04:12:29.161+0000] {spark_submit.py:571} INFO - at java.base/jdk.internal.reflect.DelegatingMethodAccessorImpl.invoke(DelegatingMethodAccessorImpl.java:43)
[2026-08-21T04:12:29.161+0000] {spark_submit.py:571} INFO - at java.base/java.lang.reflect.Method.invoke(Method.java:569)
[2026-08-21T04:12:29.161+0000] {spark_submit.py:571} INFO - at py4j.reflection.MethodInvoker.invoke(MethodInvoker.java:244)
[2026-08-21T04:12:29.161+0000] {spark_submit.py:571} INFO - at py4j.reflection.ReflectionEngine.invoke(ReflectionEngine.java:374)
[2026-08-21T04:12:29.162+0000] {spark_submit.py:571} INFO - at py4j.Gateway.invoke(Gateway.java:282)
[2026-08-21T04:12:29.162+0000] {spark_submit.py:571} INFO - at py4j.commands.AbstractCommand.invokeMethod(AbstractCommand.java:132)
[2026-08-21T04:12:29.162+0000] {spark_submit.py:571} INFO - at py4j.commands.CallCommand.execute(CallCommand.java:79)
[2026-08-21T04:12:29.162+0000] {spark_submit.py:571} INFO - at py4j.ClientServerConnection.waitForCommands(ClientServerConnection.java:182)
[2026-08-21T04:12:29.162+0000] {spark_submit.py:571} INFO - at py4j.ClientServerConnection.run(ClientServerConnection.java:106)
[2026-08-21T04:12:29.162+0000] {spark_submit.py:571} INFO - at java.base/java.lang.Thread.run(Thread.java:840)
[2026-08-21T04:12:29.163+0000] {spark_submit.py:571} INFO - Caused by: com.amazonaws.services.s3.model.AmazonS3Exception: The request signature we calculated does not match the signature you provided. Check your key and signing method. (Service: Amazon S3; Status Code: 403; Error Code: SignatureDoesNotMatch; Request ID: 18CDB6BCCD79268F; S3 Extended Request ID: dd9025bab4ad464b049177c95eb6ebf374d3b3fd1af9251148b658df7ac2e3e8; Proxy: null), S3 Extended Request ID: dd9025bab4ad464b049177c95eb6ebf374d3b3fd1af9251148b658df7ac2e3e8
[2026-08-21T04:12:29.163+0000] {spark_submit.py:571} INFO - at com.amazonaws.http.AmazonHttpClient$RequestExecutor.handleErrorResponse(AmazonHttpClient.java:1879)
[2026-08-21T04:12:29.163+0000] {spark_submit.py:571} INFO - at com.amazonaws.http.AmazonHttpClient$RequestExecutor.handleServiceErrorResponse(AmazonHttpClient.java:1418)
[2026-08-21T04:12:29.163+0000] {spark_submit.py:571} INFO - at com.amazonaws.http.AmazonHttpClient$RequestExecutor.executeOneRequest(AmazonHttpClient.java:1387)
[2026-08-21T04:12:29.166+0000] {spark_submit.py:571} INFO - at com.amazonaws.http.AmazonHttpClient$RequestExecutor.executeHelper(AmazonHttpClient.java:1157)
[2026-08-21T04:12:29.166+0000] {spark_submit.py:571} INFO - at com.amazonaws.http.AmazonHttpClient$RequestExecutor.doExecute(AmazonHttpClient.java:814)
[2026-08-21T04:12:29.167+0000] {spark_submit.py:571} INFO - at com.amazonaws.http.AmazonHttpClient$RequestExecutor.executeWithTimer(AmazonHttpClient.java:781)
[2026-08-21T04:12:29.167+0000] {spark_submit.py:571} INFO - at com.amazonaws.http.AmazonHttpClient$RequestExecutor.execute(AmazonHttpClient.java:755)
[2026-08-21T04:12:29.167+0000] {spark_submit.py:571} INFO - at com.amazonaws.http.AmazonHttpClient$RequestExecutor.access$500(AmazonHttpClient.java:715)
[2026-08-21T04:12:29.167+0000] {spark_submit.py:571} INFO - at com.amazonaws.http.AmazonHttpClient$RequestExecutionBuilderImpl.execute(AmazonHttpClient.java:697)
[2026-08-21T04:12:29.167+0000] {spark_submit.py:571} INFO - at com.amazonaws.http.AmazonHttpClient.execute(AmazonHttpClient.java:561)
[2026-08-21T04:12:29.168+0000] {spark_submit.py:571} INFO - at com.amazonaws.http.AmazonHttpClient.execute(AmazonHttpClient.java:541)
[2026-08-21T04:12:29.168+0000] {spark_submit.py:571} INFO - at com.amazonaws.services.s3.AmazonS3Client.invoke(AmazonS3Client.java:5456)
[2026-08-21T04:12:29.168+0000] {spark_submit.py:571} INFO - at com.amazonaws.services.s3.AmazonS3Client.invoke(AmazonS3Client.java:5403)
[2026-08-21T04:12:29.168+0000] {spark_submit.py:571} INFO - at com.amazonaws.services.s3.AmazonS3Client.invoke(AmazonS3Client.java:5397)
[2026-08-21T04:12:29.174+0000] {spark_submit.py:571} INFO - at com.amazonaws.services.s3.AmazonS3Client.listObjectsV2(AmazonS3Client.java:971)
[2026-08-21T04:12:29.174+0000] {spark_submit.py:571} INFO - at org.apache.hadoop.fs.s3a.S3AFileSystem.lambda$listObjects$11(S3AFileSystem.java:2595)
[2026-08-21T04:12:29.177+0000] {spark_submit.py:571} INFO - at org.apache.hadoop.fs.statistics.impl.IOStatisticsBinding.lambda$trackDurationOfOperation$5(IOStatisticsBinding.java:499)
[2026-08-21T04:12:29.177+0000] {spark_submit.py:571} INFO - at org.apache.hadoop.fs.s3a.Invoker.retryUntranslated(Invoker.java:414)
[2026-08-21T04:12:29.178+0000] {spark_submit.py:571} INFO - at org.apache.hadoop.fs.s3a.Invoker.retryUntranslated(Invoker.java:377)
[2026-08-21T04:12:29.180+0000] {spark_submit.py:571} INFO - at org.apache.hadoop.fs.s3a.S3AFileSystem.listObjects(S3AFileSystem.java:2586)
[2026-08-21T04:12:29.180+0000] {spark_submit.py:571} INFO - at org.apache.hadoop.fs.s3a.S3AFileSystem.s3GetFileStatus(S3AFileSystem.java:3832)
[2026-08-21T04:12:29.181+0000] {spark_submit.py:571} INFO - ... 26 more
[2026-08-21T04:12:29.239+0000] {spark_submit.py:571} INFO - Traceback (most recent call last):
[2026-08-21T04:12:29.239+0000] {spark_submit.py:571} INFO - File "/opt/spark_scripts/1_ingest_hourly.py", line 69, in <module>
[2026-08-21T04:12:29.239+0000] {spark_submit.py:571} INFO - main()
[2026-08-21T04:12:29.239+0000] {spark_submit.py:571} INFO - File "/opt/spark_scripts/1_ingest_hourly.py", line 30, in main
[2026-08-21T04:12:29.240+0000] {spark_submit.py:571} INFO - raw_df = spark.read.csv(args.input_path, header=True, inferSchema=True, sep="|")
[2026-08-21T04:12:29.240+0000] {spark_submit.py:571} INFO - File "/home/***/.local/lib/python3.10/site-packages/pyspark/python/lib/pyspark.zip/pyspark/sql/readwriter.py", line 740, in csv
[2026-08-21T04:12:29.240+0000] {spark_submit.py:571} INFO - File "/home/***/.local/lib/python3.10/site-packages/pyspark/python/lib/py4j-0.10.9.7-src.zip/py4j/java_gateway.py", line 1322, in __call__
[2026-08-21T04:12:29.240+0000] {spark_submit.py:571} INFO - File "/home/***/.local/lib/python3.10/site-packages/pyspark/python/lib/pyspark.zip/pyspark/errors/exceptions/captured.py", line 179, in deco
[2026-08-21T04:12:29.240+0000] {spark_submit.py:571} INFO - File "/home/***/.local/lib/python3.10/site-packages/pyspark/python/lib/py4j-0.10.9.7-src.zip/py4j/protocol.py", line 326, in get_return_value
[2026-08-21T04:12:29.240+0000] {spark_submit.py:571} INFO - py4j.protocol.Py4JJavaError: An error occurred while calling o41.csv.
[2026-08-21T04:12:29.241+0000] {spark_submit.py:571} INFO - : java.nio.file.AccessDeniedException: s3a://landingzone/202506.csv: getFileStatus on s3a://landingzone/202506.csv: com.amazonaws.services.s3.model.AmazonS3Exception: Forbidden (Service: Amazon S3; Status Code: 403; Error Code: 403 Forbidden; Request ID: 18CDB6BCCF864F7D; S3 Extended Request ID: dd9025bab4ad464b049177c95eb6ebf374d3b3fd1af9251148b658df7ac2e3e8; Proxy: null), S3 Extended Request ID: dd9025bab4ad464b049177c95eb6ebf374d3b3fd1af9251148b658df7ac2e3e8:403 Forbidden
[2026-08-21T04:12:29.241+0000] {spark_submit.py:571} INFO - at org.apache.hadoop.fs.s3a.S3AUtils.translateException(S3AUtils.java:255)
[2026-08-21T04:12:29.241+0000] {spark_submit.py:571} INFO - at org.apache.hadoop.fs.s3a.S3AUtils.translateException(S3AUtils.java:175)
[2026-08-21T04:12:29.241+0000] {spark_submit.py:571} INFO - at org.apache.hadoop.fs.s3a.S3AFileSystem.s3GetFileStatus(S3AFileSystem.java:3796)
[2026-08-21T04:12:29.241+0000] {spark_submit.py:571} INFO - at org.apache.hadoop.fs.s3a.S3AFileSystem.innerGetFileStatus(S3AFileSystem.java:3688)
[2026-08-21T04:12:29.241+0000] {spark_submit.py:571} INFO - at org.apache.hadoop.fs.s3a.S3AFileSystem.lambda$exists$34(S3AFileSystem.java:4703)
[2026-08-21T04:12:29.241+0000] {spark_submit.py:571} INFO - at org.apache.hadoop.fs.statistics.impl.IOStatisticsBinding.lambda$trackDurationOfOperation$5(IOStatisticsBinding.java:499)
[2026-08-21T04:12:29.242+0000] {spark_submit.py:571} INFO - at org.apache.hadoop.fs.statistics.impl.IOStatisticsBinding.trackDuration(IOStatisticsBinding.java:444)
[2026-08-21T04:12:29.242+0000] {spark_submit.py:571} INFO - at org.apache.hadoop.fs.s3a.S3AFileSystem.trackDurationAndSpan(S3AFileSystem.java:2337)
[2026-08-21T04:12:29.242+0000] {spark_submit.py:571} INFO - at org.apache.hadoop.fs.s3a.S3AFileSystem.trackDurationAndSpan(S3AFileSystem.java:2356)
[2026-08-21T04:12:29.242+0000] {spark_submit.py:571} INFO - at org.apache.hadoop.fs.s3a.S3AFileSystem.exists(S3AFileSystem.java:4701)
[2026-08-21T04:12:29.242+0000] {spark_submit.py:571} INFO - at org.apache.spark.sql.execution.datasources.DataSource$.$anonfun$checkAndGlobPathIfNecessary$4(DataSource.scala:756)
[2026-08-21T04:12:29.242+0000] {spark_submit.py:571} INFO - at org.apache.spark.sql.execution.datasources.DataSource$.$anonfun$checkAndGlobPathIfNecessary$4$adapted(DataSource.scala:754)
[2026-08-21T04:12:29.242+0000] {spark_submit.py:571} INFO - at org.apache.spark.util.ThreadUtils$.$anonfun$parmap$2(ThreadUtils.scala:384)
[2026-08-21T04:12:29.243+0000] {spark_submit.py:571} INFO - at scala.concurrent.Future$.$anonfun$apply$1(Future.scala:659)
[2026-08-21T04:12:29.243+0000] {spark_submit.py:571} INFO - at scala.util.Success.$anonfun$map$1(Try.scala:255)
[2026-08-21T04:12:29.243+0000] {spark_submit.py:571} INFO - at scala.util.Success.map(Try.scala:213)
[2026-08-21T04:12:29.243+0000] {spark_submit.py:571} INFO - at scala.concurrent.Future.$anonfun$map$1(Future.scala:292)
[2026-08-21T04:12:29.243+0000] {spark_submit.py:571} INFO - at scala.concurrent.impl.Promise.liftedTree1$1(Promise.scala:33)
[2026-08-21T04:12:29.243+0000] {spark_submit.py:571} INFO - at scala.concurrent.impl.Promise.$anonfun$transform$1(Promise.scala:33)
[2026-08-21T04:12:29.243+0000] {spark_submit.py:571} INFO - at scala.concurrent.impl.CallbackRunnable.run(Promise.scala:64)
[2026-08-21T04:12:29.243+0000] {spark_submit.py:571} INFO - at java.base/java.util.concurrent.ForkJoinTask$RunnableExecuteAction.exec(ForkJoinTask.java:1395)
[2026-08-21T04:12:29.243+0000] {spark_submit.py:571} INFO - at java.base/java.util.concurrent.ForkJoinTask.doExec(ForkJoinTask.java:373)
[2026-08-21T04:12:29.244+0000] {spark_submit.py:571} INFO - at java.base/java.util.concurrent.ForkJoinPool$WorkQueue.topLevelExec(ForkJoinPool.java:1182)
[2026-08-21T04:12:29.244+0000] {spark_submit.py:571} INFO - at java.base/java.util.concurrent.ForkJoinPool.scan(ForkJoinPool.java:1655)
[2026-08-21T04:12:29.244+0000] {spark_submit.py:571} INFO - at java.base/java.util.concurrent.ForkJoinPool.runWorker(ForkJoinPool.java:1622)
[2026-08-21T04:12:29.244+0000] {spark_submit.py:571} INFO - at java.base/java.util.concurrent.ForkJoinWorkerThread.run(ForkJoinWorkerThread.java:165)
[2026-08-21T04:12:29.244+0000] {spark_submit.py:571} INFO - Caused by: com.amazonaws.services.s3.model.AmazonS3Exception: Forbidden (Service: Amazon S3; Status Code: 403; Error Code: 403 Forbidden; Request ID: 18CDB6BCCF864F7D; S3 Extended Request ID: dd9025bab4ad464b049177c95eb6ebf374d3b3fd1af9251148b658df7ac2e3e8; Proxy: null), S3 Extended Request ID: dd9025bab4ad464b049177c95eb6ebf374d3b3fd1af9251148b658df7ac2e3e8
[2026-08-21T04:12:29.244+0000] {spark_submit.py:571} INFO - at com.amazonaws.http.AmazonHttpClient$RequestExecutor.handleErrorResponse(AmazonHttpClient.java:1879)
[2026-08-21T04:12:29.244+0000] {spark_submit.py:571} INFO - at com.amazonaws.http.AmazonHttpClient$RequestExecutor.handleServiceErrorResponse(AmazonHttpClient.java:1418)
[2026-08-21T04:12:29.244+0000] {spark_submit.py:571} INFO - at com.amazonaws.http.AmazonHttpClient$RequestExecutor.executeOneRequest(AmazonHttpClient.java:1387)
[2026-08-21T04:12:29.244+0000] {spark_submit.py:571} INFO - at com.amazonaws.http.AmazonHttpClient$RequestExecutor.executeHelper(AmazonHttpClient.java:1157)
[2026-08-21T04:12:29.245+0000] {spark_submit.py:571} INFO - at com.amazonaws.http.AmazonHttpClient$RequestExecutor.doExecute(AmazonHttpClient.java:814)
[2026-08-21T04:12:29.245+0000] {spark_submit.py:571} INFO - at com.amazonaws.http.AmazonHttpClient$RequestExecutor.executeWithTimer(AmazonHttpClient.java:781)
[2026-08-21T04:12:29.245+0000] {spark_submit.py:571} INFO - at com.amazonaws.http.AmazonHttpClient$RequestExecutor.execute(AmazonHttpClient.java:755)
[2026-08-21T04:12:29.245+0000] {spark_submit.py:571} INFO - at com.amazonaws.http.AmazonHttpClient$RequestExecutor.access$500(AmazonHttpClient.java:715)
[2026-08-21T04:12:29.245+0000] {spark_submit.py:571} INFO - at com.amazonaws.http.AmazonHttpClient$RequestExecutionBuilderImpl.execute(AmazonHttpClient.java:697)
[2026-08-21T04:12:29.245+0000] {spark_submit.py:571} INFO - at com.amazonaws.http.AmazonHttpClient.execute(AmazonHttpClient.java:561)
[2026-08-21T04:12:29.245+0000] {spark_submit.py:571} INFO - at com.amazonaws.http.AmazonHttpClient.execute(AmazonHttpClient.java:541)
[2026-08-21T04:12:29.245+0000] {spark_submit.py:571} INFO - at com.amazonaws.services.s3.AmazonS3Client.invoke(AmazonS3Client.java:5456)
[2026-08-21T04:12:29.245+0000] {spark_submit.py:571} INFO - at com.amazonaws.services.s3.AmazonS3Client.invoke(AmazonS3Client.java:5403)
[2026-08-21T04:12:29.246+0000] {spark_submit.py:571} INFO - at com.amazonaws.services.s3.AmazonS3Client.getObjectMetadata(AmazonS3Client.java:1372)
[2026-08-21T04:12:29.246+0000] {spark_submit.py:571} INFO - at org.apache.hadoop.fs.s3a.S3AFileSystem.lambda$getObjectMetadata$10(S3AFileSystem.java:2545)
[2026-08-21T04:12:29.246+0000] {spark_submit.py:571} INFO - at org.apache.hadoop.fs.s3a.Invoker.retryUntranslated(Invoker.java:414)
[2026-08-21T04:12:29.246+0000] {spark_submit.py:571} INFO - at org.apache.hadoop.fs.s3a.Invoker.retryUntranslated(Invoker.java:377)
[2026-08-21T04:12:29.246+0000] {spark_submit.py:571} INFO - at org.apache.hadoop.fs.s3a.S3AFileSystem.getObjectMetadata(S3AFileSystem.java:2533)
[2026-08-21T04:12:29.246+0000] {spark_submit.py:571} INFO - at org.apache.hadoop.fs.s3a.S3AFileSystem.getObjectMetadata(S3AFileSystem.java:2513)
[2026-08-21T04:12:29.246+0000] {spark_submit.py:571} INFO - at org.apache.hadoop.fs.s3a.S3AFileSystem.s3GetFileStatus(S3AFileSystem.java:3776)
[2026-08-21T04:12:29.246+0000] {spark_submit.py:571} INFO - ... 23 more
[2026-08-21T04:12:29.247+0000] {spark_submit.py:571} INFO - 
[2026-08-21T04:12:29.273+0000] {spark_submit.py:571} INFO - 26/08/21 04:12:29 INFO SparkContext: Invoking stop() from shutdown hook
[2026-08-21T04:12:29.273+0000] {spark_submit.py:571} INFO - 26/08/21 04:12:29 INFO SparkContext: SparkContext is stopping with exitCode 0.
[2026-08-21T04:12:29.281+0000] {spark_submit.py:571} INFO - 26/08/21 04:12:29 INFO SparkUI: Stopped Spark web UI at http://c90a551abb73:4041
[2026-08-21T04:12:29.285+0000] {spark_submit.py:571} INFO - 26/08/21 04:12:29 INFO StandaloneSchedulerBackend: Shutting down all executors
[2026-08-21T04:12:29.286+0000] {spark_submit.py:571} INFO - 26/08/21 04:12:29 INFO StandaloneSchedulerBackend$StandaloneDriverEndpoint: Asking each executor to shut down
[2026-08-21T04:12:29.313+0000] {spark_submit.py:571} INFO - 26/08/21 04:12:29 INFO MapOutputTrackerMasterEndpoint: MapOutputTrackerMasterEndpoint stopped!
[2026-08-21T04:12:29.358+0000] {spark_submit.py:571} INFO - 26/08/21 04:12:29 INFO MemoryStore: MemoryStore cleared
[2026-08-21T04:12:29.359+0000] {spark_submit.py:571} INFO - 26/08/21 04:12:29 INFO BlockManager: BlockManager stopped
[2026-08-21T04:12:29.368+0000] {spark_submit.py:571} INFO - 26/08/21 04:12:29 INFO BlockManagerMaster: BlockManagerMaster stopped
[2026-08-21T04:12:29.371+0000] {spark_submit.py:571} INFO - 26/08/21 04:12:29 INFO OutputCommitCoordinator$OutputCommitCoordinatorEndpoint: OutputCommitCoordinator stopped!
[2026-08-21T04:12:29.381+0000] {spark_submit.py:571} INFO - 26/08/21 04:12:29 INFO SparkContext: Successfully stopped SparkContext
[2026-08-21T04:12:29.381+0000] {spark_submit.py:571} INFO - 26/08/21 04:12:29 INFO ShutdownHookManager: Shutdown hook called
[2026-08-21T04:12:29.382+0000] {spark_submit.py:571} INFO - 26/08/21 04:12:29 INFO ShutdownHookManager: Deleting directory /tmp/spark-0c00c840-6529-4405-934a-92312991894a/pyspark-8bb719de-8f77-42d6-8160-e64fee8d5b9e
[2026-08-21T04:12:29.388+0000] {spark_submit.py:571} INFO - 26/08/21 04:12:29 INFO ShutdownHookManager: Deleting directory /tmp/spark-0c00c840-6529-4405-934a-92312991894a
[2026-08-21T04:12:29.395+0000] {spark_submit.py:571} INFO - 26/08/21 04:12:29 INFO ShutdownHookManager: Deleting directory /tmp/spark-854dda96-9461-48a6-bb16-10a898dc8721
[2026-08-21T04:12:29.404+0000] {spark_submit.py:571} INFO - 26/08/21 04:12:29 INFO MetricsSystemImpl: Stopping s3a-file-system metrics system...
[2026-08-21T04:12:29.405+0000] {spark_submit.py:571} INFO - 26/08/21 04:12:29 INFO MetricsSystemImpl: s3a-file-system metrics system stopped.
[2026-08-21T04:12:29.405+0000] {spark_submit.py:571} INFO - 26/08/21 04:12:29 INFO MetricsSystemImpl: s3a-file-system metrics system shutdown complete.
[2026-08-21T04:12:29.450+0000] {taskinstance.py:441} INFO - ::group::Post task execution logs
[2026-08-21T04:12:29.457+0000] {taskinstance.py:2905} ERROR - Task failed with exception
Traceback (most recent call last):
  File "/home/airflow/.local/lib/python3.10/site-packages/airflow/models/taskinstance.py", line 465, in _execute_task
    result = _execute_callable(context=context, **execute_callable_kwargs)
  File "/home/airflow/.local/lib/python3.10/site-packages/airflow/models/taskinstance.py", line 432, in _execute_callable
    return execute_callable(context=context, **execute_callable_kwargs)
  File "/home/airflow/.local/lib/python3.10/site-packages/airflow/models/baseoperator.py", line 400, in wrapper
    return func(self, *args, **kwargs)
  File "/home/airflow/.local/lib/python3.10/site-packages/airflow/providers/apache/spark/operators/spark_submit.py", line 174, in execute
    self._hook.submit(self.application)
  File "/home/airflow/.local/lib/python3.10/site-packages/airflow/providers/apache/spark/hooks/spark_submit.py", line 502, in submit
    raise AirflowException(
airflow.exceptions.AirflowException: Cannot execute: spark-submit --master spark://spark-master:7077 --name arrow-spark --deploy-mode client /opt/spark_scripts/1_ingest_hourly.py --input_path s3a://landingzone/202506.csv --target_date_hour 2025-06-01-00. Error code is: 1.
[2026-08-21T04:12:29.461+0000] {taskinstance.py:1206} INFO - Marking task as UP_FOR_RETRY. dag_id=cell_kpi_hourly_anomaly_pipeline, task_id=1_ingest_hourly_bronze, run_id=scheduled__2025-05-31T17:00:00+00:00, execution_date=20250531T170000, start_date=20260821T041002, end_date=20260821T041229
[2026-08-21T04:12:29.473+0000] {standard_task_runner.py:110} ERROR - Failed to execute job 44 for task 1_ingest_hourly_bronze (Cannot execute: spark-submit --master spark://spark-master:7077 --name arrow-spark --deploy-mode client /opt/spark_scripts/1_ingest_hourly.py --input_path s3a://landingzone/202506.csv --target_date_hour 2025-06-01-00. Error code is: 1.; 4265)
[2026-08-21T04:12:29.503+0000] {local_task_job_runner.py:240} INFO - Task exited with return code 1
[2026-08-21T04:12:29.519+0000] {taskinstance.py:3498} INFO - 0 downstream tasks scheduled from follow-on schedule check
[2026-08-21T04:12:29.520+0000] {local_task_job_runner.py:222} INFO - ::endgroup::
[2026-08-21T04:15:40.087+0000] {local_task_job_runner.py:120} INFO - ::group::Pre task execution logs
[2026-08-21T04:15:40.103+0000] {taskinstance.py:2076} INFO - Dependencies all met for dep_context=non-requeueable deps ti=<TaskInstance: cell_kpi_hourly_anomaly_pipeline.1_ingest_hourly_bronze scheduled__2025-05-31T17:00:00+00:00 [queued]>
[2026-08-21T04:15:40.109+0000] {taskinstance.py:2076} INFO - Dependencies all met for dep_context=requeueable deps ti=<TaskInstance: cell_kpi_hourly_anomaly_pipeline.1_ingest_hourly_bronze scheduled__2025-05-31T17:00:00+00:00 [queued]>
[2026-08-21T04:15:40.109+0000] {taskinstance.py:2306} INFO - Starting attempt 1 of 2
[2026-08-21T04:15:40.120+0000] {taskinstance.py:2330} INFO - Executing <Task(SparkSubmitOperator): 1_ingest_hourly_bronze> on 2025-05-31 17:00:00+00:00
[2026-08-21T04:15:40.125+0000] {standard_task_runner.py:63} INFO - Started process 4675 to run task
[2026-08-21T04:15:40.129+0000] {standard_task_runner.py:90} INFO - Running: ['***', 'tasks', 'run', 'cell_kpi_hourly_anomaly_pipeline', '1_ingest_hourly_bronze', 'scheduled__2025-05-31T17:00:00+00:00', '--job-id', '49', '--raw', '--subdir', 'DAGS_FOLDER/cell_kpi_hourly_anomaly.py', '--cfg-path', '/tmp/tmpwafk9rre']
[2026-08-21T04:15:40.131+0000] {standard_task_runner.py:91} INFO - Job 49: Subtask 1_ingest_hourly_bronze
[2026-08-21T04:15:40.185+0000] {task_command.py:426} INFO - Running <TaskInstance: cell_kpi_hourly_anomaly_pipeline.1_ingest_hourly_bronze scheduled__2025-05-31T17:00:00+00:00 [running]> on host c90a551abb73
[2026-08-21T04:15:40.247+0000] {logging_mixin.py:188} WARNING - /home/***/.local/lib/python3.10/site-packages/***/utils/context.py:212 AirflowContextDeprecationWarning: Accessing 'execution_date' from the template is deprecated and will be removed in a future version. Please use 'data_interval_start' or 'logical_date' instead.
[2026-08-21T04:15:40.278+0000] {taskinstance.py:2648} INFO - Exporting env vars: AIRFLOW_CTX_DAG_OWNER='data_engineer_team' AIRFLOW_CTX_DAG_ID='cell_kpi_hourly_anomaly_pipeline' AIRFLOW_CTX_TASK_ID='1_ingest_hourly_bronze' AIRFLOW_CTX_EXECUTION_DATE='2025-05-31T17:00:00+00:00' AIRFLOW_CTX_TRY_NUMBER='1' AIRFLOW_CTX_DAG_RUN_ID='scheduled__2025-05-31T17:00:00+00:00'
[2026-08-21T04:15:40.279+0000] {taskinstance.py:430} INFO - ::endgroup::
[2026-08-21T04:15:40.296+0000] {base.py:84} INFO - Using connection ID 'spark-master' for task execution.
[2026-08-21T04:15:40.297+0000] {spark_submit.py:401} INFO - Spark-Submit cmd: spark-submit --master spark://spark-master:7077 --name arrow-spark --deploy-mode client /opt/spark_scripts/1_ingest_hourly.py --input_path s3a://landingzone/202506.csv --target_date_hour 2025-06-01-00
[2026-08-21T04:15:40.380+0000] {spark_submit.py:571} INFO - /home/***/.local/lib/python3.10/site-packages/pyspark/bin/load-spark-env.sh: line 68: ps: command not found
[2026-08-21T04:15:44.855+0000] {spark_submit.py:571} INFO - 26/08/21 04:15:44 INFO SparkContext: Running Spark version 3.5.1
[2026-08-21T04:15:44.856+0000] {spark_submit.py:571} INFO - 26/08/21 04:15:44 INFO SparkContext: OS info Linux, 6.8.0-1052-azure, amd64
[2026-08-21T04:15:44.856+0000] {spark_submit.py:571} INFO - 26/08/21 04:15:44 INFO SparkContext: Java version 17.0.20
[2026-08-21T04:15:44.981+0000] {spark_submit.py:571} INFO - 26/08/21 04:15:44 WARN NativeCodeLoader: Unable to load native-hadoop library for your platform... using builtin-java classes where applicable
[2026-08-21T04:15:45.152+0000] {spark_submit.py:571} INFO - 26/08/21 04:15:45 INFO ResourceUtils: ==============================================================
[2026-08-21T04:15:45.152+0000] {spark_submit.py:571} INFO - 26/08/21 04:15:45 INFO ResourceUtils: No custom resources configured for spark.driver.
[2026-08-21T04:15:45.153+0000] {spark_submit.py:571} INFO - 26/08/21 04:15:45 INFO ResourceUtils: ==============================================================
[2026-08-21T04:15:45.160+0000] {spark_submit.py:571} INFO - 26/08/21 04:15:45 INFO SparkContext: Submitted application: Ingest_Bronze_2025-06-01-00
[2026-08-21T04:15:45.240+0000] {spark_submit.py:571} INFO - 26/08/21 04:15:45 INFO ResourceProfile: Default ResourceProfile created, executor resources: Map(memory -> name: memory, amount: 1024, script: , vendor: , offHeap -> name: offHeap, amount: 0, script: , vendor: ), task resources: Map(cpus -> name: cpus, amount: 1.0)
[2026-08-21T04:15:45.276+0000] {spark_submit.py:571} INFO - 26/08/21 04:15:45 INFO ResourceProfile: Limiting resource is cpu
[2026-08-21T04:15:45.278+0000] {spark_submit.py:571} INFO - 26/08/21 04:15:45 INFO ResourceProfileManager: Added ResourceProfile id: 0
[2026-08-21T04:15:45.380+0000] {spark_submit.py:571} INFO - 26/08/21 04:15:45 INFO SecurityManager: Changing view acls to: ***
[2026-08-21T04:15:45.381+0000] {spark_submit.py:571} INFO - 26/08/21 04:15:45 INFO SecurityManager: Changing modify acls to: ***
[2026-08-21T04:15:45.384+0000] {spark_submit.py:571} INFO - 26/08/21 04:15:45 INFO SecurityManager: Changing view acls groups to:
[2026-08-21T04:15:45.384+0000] {spark_submit.py:571} INFO - 26/08/21 04:15:45 INFO SecurityManager: Changing modify acls groups to:
[2026-08-21T04:15:45.385+0000] {spark_submit.py:571} INFO - 26/08/21 04:15:45 INFO SecurityManager: SecurityManager: authentication disabled; ui acls disabled; users with view permissions: ***; groups with view permissions: EMPTY; users with modify permissions: ***; groups with modify permissions: EMPTY
[2026-08-21T04:15:45.738+0000] {spark_submit.py:571} INFO - 26/08/21 04:15:45 INFO Utils: Successfully started service 'sparkDriver' on port 41367.
[2026-08-21T04:15:45.807+0000] {spark_submit.py:571} INFO - 26/08/21 04:15:45 INFO SparkEnv: Registering MapOutputTracker
[2026-08-21T04:15:45.855+0000] {spark_submit.py:571} INFO - 26/08/21 04:15:45 INFO SparkEnv: Registering BlockManagerMaster
[2026-08-21T04:15:45.874+0000] {spark_submit.py:571} INFO - 26/08/21 04:15:45 INFO BlockManagerMasterEndpoint: Using org.apache.spark.storage.DefaultTopologyMapper for getting topology information
[2026-08-21T04:15:45.876+0000] {spark_submit.py:571} INFO - 26/08/21 04:15:45 INFO BlockManagerMasterEndpoint: BlockManagerMasterEndpoint up
[2026-08-21T04:15:45.879+0000] {spark_submit.py:571} INFO - 26/08/21 04:15:45 INFO SparkEnv: Registering BlockManagerMasterHeartbeat
[2026-08-21T04:15:45.901+0000] {spark_submit.py:571} INFO - 26/08/21 04:15:45 INFO DiskBlockManager: Created local directory at /tmp/blockmgr-8241a386-8e2c-41fc-8b99-93f28bc9a16d
[2026-08-21T04:15:45.916+0000] {spark_submit.py:571} INFO - 26/08/21 04:15:45 INFO MemoryStore: MemoryStore started with capacity 434.4 MiB
[2026-08-21T04:15:45.932+0000] {spark_submit.py:571} INFO - 26/08/21 04:15:45 INFO SparkEnv: Registering OutputCommitCoordinator
[2026-08-21T04:15:46.096+0000] {spark_submit.py:571} INFO - 26/08/21 04:15:46 INFO JettyUtils: Start Jetty 0.0.0.0:4040 for SparkUI
[2026-08-21T04:15:46.172+0000] {spark_submit.py:571} INFO - 26/08/21 04:15:46 WARN Utils: Service 'SparkUI' could not bind on port 4040. Attempting port 4041.
[2026-08-21T04:15:46.186+0000] {spark_submit.py:571} INFO - 26/08/21 04:15:46 INFO Utils: Successfully started service 'SparkUI' on port 4041.
[2026-08-21T04:15:46.345+0000] {spark_submit.py:571} INFO - 26/08/21 04:15:46 INFO StandaloneAppClient$ClientEndpoint: Connecting to master spark://spark-master:7077...
[2026-08-21T04:15:46.411+0000] {spark_submit.py:571} INFO - 26/08/21 04:15:46 INFO TransportClientFactory: Successfully created connection to spark-master/172.18.0.4:7077 after 35 ms (0 ms spent in bootstraps)
[2026-08-21T04:15:46.535+0000] {spark_submit.py:571} INFO - 26/08/21 04:15:46 INFO StandaloneSchedulerBackend: Connected to Spark cluster with app ID app-20260821041546-0014
[2026-08-21T04:15:46.563+0000] {spark_submit.py:571} INFO - 26/08/21 04:15:46 INFO StandaloneAppClient$ClientEndpoint: Executor added: app-20260821041546-0014/0 on worker-20260821021253-172.18.0.6-39045 (172.18.0.6:39045) with 2 core(s)
[2026-08-21T04:15:46.598+0000] {spark_submit.py:571} INFO - 26/08/21 04:15:46 INFO StandaloneSchedulerBackend: Granted executor ID app-20260821041546-0014/0 on hostPort 172.18.0.6:39045 with 2 core(s), 1024.0 MiB RAM
[2026-08-21T04:15:46.599+0000] {spark_submit.py:571} INFO - 26/08/21 04:15:46 INFO StandaloneAppClient$ClientEndpoint: Executor added: app-20260821041546-0014/1 on worker-20260821021253-172.18.0.7-44957 (172.18.0.7:44957) with 2 core(s)
[2026-08-21T04:15:46.601+0000] {spark_submit.py:571} INFO - 26/08/21 04:15:46 INFO StandaloneSchedulerBackend: Granted executor ID app-20260821041546-0014/1 on hostPort 172.18.0.7:44957 with 2 core(s), 1024.0 MiB RAM
[2026-08-21T04:15:46.601+0000] {spark_submit.py:571} INFO - 26/08/21 04:15:46 INFO Utils: Successfully started service 'org.apache.spark.network.netty.NettyBlockTransferService' on port 35631.
[2026-08-21T04:15:46.601+0000] {spark_submit.py:571} INFO - 26/08/21 04:15:46 INFO NettyBlockTransferService: Server created on c90a551abb73:35631
[2026-08-21T04:15:46.613+0000] {spark_submit.py:571} INFO - 26/08/21 04:15:46 INFO BlockManager: Using org.apache.spark.storage.RandomBlockReplicationPolicy for block replication policy
[2026-08-21T04:15:46.613+0000] {spark_submit.py:571} INFO - 26/08/21 04:15:46 INFO StandaloneAppClient$ClientEndpoint: Executor updated: app-20260821041546-0014/1 is now RUNNING
[2026-08-21T04:15:46.615+0000] {spark_submit.py:571} INFO - 26/08/21 04:15:46 INFO StandaloneAppClient$ClientEndpoint: Executor updated: app-20260821041546-0014/0 is now RUNNING
[2026-08-21T04:15:46.628+0000] {spark_submit.py:571} INFO - 26/08/21 04:15:46 INFO BlockManagerMaster: Registering BlockManager BlockManagerId(driver, c90a551abb73, 35631, None)
[2026-08-21T04:15:46.634+0000] {spark_submit.py:571} INFO - 26/08/21 04:15:46 INFO BlockManagerMasterEndpoint: Registering block manager c90a551abb73:35631 with 434.4 MiB RAM, BlockManagerId(driver, c90a551abb73, 35631, None)
[2026-08-21T04:15:46.638+0000] {spark_submit.py:571} INFO - 26/08/21 04:15:46 INFO BlockManagerMaster: Registered BlockManager BlockManagerId(driver, c90a551abb73, 35631, None)
[2026-08-21T04:15:46.639+0000] {spark_submit.py:571} INFO - 26/08/21 04:15:46 INFO BlockManager: Initialized BlockManager: BlockManagerId(driver, c90a551abb73, 35631, None)
[2026-08-21T04:15:47.401+0000] {spark_submit.py:571} INFO - 26/08/21 04:15:47 INFO StandaloneSchedulerBackend: SchedulerBackend is ready for scheduling beginning after reached minRegisteredResourcesRatio: 0.0
[2026-08-21T04:15:47.828+0000] {spark_submit.py:571} INFO - Đang nạp s3a://landingzone/202506.csv và trích xuất dữ liệu ca: 2025-06-01-00...
[2026-08-21T04:15:47.955+0000] {spark_submit.py:571} INFO - 26/08/21 04:15:47 INFO SharedState: Setting hive.metastore.warehouse.dir ('null') to the value of spark.sql.warehouse.dir.
[2026-08-21T04:15:48.001+0000] {spark_submit.py:571} INFO - 26/08/21 04:15:47 INFO SharedState: Warehouse path is 'file:/opt/***/spark-warehouse'.
[2026-08-21T04:15:50.676+0000] {spark_submit.py:571} INFO - 26/08/21 04:15:50 WARN MetricsConfig: Cannot locate configuration: tried hadoop-metrics2-s3a-file-system.properties,hadoop-metrics2.properties
[2026-08-21T04:15:50.729+0000] {spark_submit.py:571} INFO - 26/08/21 04:15:50 INFO MetricsSystemImpl: Scheduled Metric snapshot period at 10 second(s).
[2026-08-21T04:15:50.729+0000] {spark_submit.py:571} INFO - 26/08/21 04:15:50 INFO MetricsSystemImpl: s3a-file-system metrics system started
[2026-08-21T04:15:53.208+0000] {spark_submit.py:571} INFO - 26/08/21 04:15:53 INFO StandaloneSchedulerBackend$StandaloneDriverEndpoint: Registered executor NettyRpcEndpointRef(spark-client://Executor) (172.18.0.6:38912) with ID 0,  ResourceProfileId 0
[2026-08-21T04:15:53.439+0000] {spark_submit.py:571} INFO - 26/08/21 04:15:53 INFO BlockManagerMasterEndpoint: Registering block manager 172.18.0.6:46295 with 434.4 MiB RAM, BlockManagerId(0, 172.18.0.6, 46295, None)
[2026-08-21T04:15:53.747+0000] {spark_submit.py:571} INFO - 26/08/21 04:15:53 INFO StandaloneSchedulerBackend$StandaloneDriverEndpoint: Registered executor NettyRpcEndpointRef(spark-client://Executor) (172.18.0.7:34710) with ID 1,  ResourceProfileId 0
[2026-08-21T04:15:53.905+0000] {spark_submit.py:571} INFO - 26/08/21 04:15:53 INFO BlockManagerMasterEndpoint: Registering block manager 172.18.0.7:39493 with 434.4 MiB RAM, BlockManagerId(1, 172.18.0.7, 39493, None)
[2026-08-21T04:15:53.972+0000] {spark_submit.py:571} INFO - 26/08/21 04:15:53 INFO InMemoryFileIndex: It took 208 ms to list leaf files for 1 paths.
[2026-08-21T04:15:54.162+0000] {spark_submit.py:571} INFO - 26/08/21 04:15:54 INFO InMemoryFileIndex: It took 25 ms to list leaf files for 1 paths.
[2026-08-21T04:15:56.689+0000] {spark_submit.py:571} INFO - 26/08/21 04:15:56 INFO FileSourceStrategy: Pushed Filters:
[2026-08-21T04:15:56.693+0000] {spark_submit.py:571} INFO - 26/08/21 04:15:56 INFO FileSourceStrategy: Post-Scan Filters: (length(trim(value#0, None)) > 0)
[2026-08-21T04:15:57.428+0000] {spark_submit.py:571} INFO - 26/08/21 04:15:57 INFO CodeGenerator: Code generated in 275.209499 ms
[2026-08-21T04:15:57.500+0000] {spark_submit.py:571} INFO - 26/08/21 04:15:57 INFO MemoryStore: Block broadcast_0 stored as values in memory (estimated size 201.8 KiB, free 434.2 MiB)
[2026-08-21T04:15:57.553+0000] {spark_submit.py:571} INFO - 26/08/21 04:15:57 INFO MemoryStore: Block broadcast_0_piece0 stored as bytes in memory (estimated size 34.9 KiB, free 434.2 MiB)
[2026-08-21T04:15:57.557+0000] {spark_submit.py:571} INFO - 26/08/21 04:15:57 INFO BlockManagerInfo: Added broadcast_0_piece0 in memory on c90a551abb73:35631 (size: 34.9 KiB, free: 434.4 MiB)
[2026-08-21T04:15:57.560+0000] {spark_submit.py:571} INFO - 26/08/21 04:15:57 INFO SparkContext: Created broadcast 0 from csv at NativeMethodAccessorImpl.java:0
[2026-08-21T04:15:57.571+0000] {spark_submit.py:571} INFO - 26/08/21 04:15:57 INFO FileSourceScanExec: Planning scan with bin packing, max size: 134217728 bytes, open cost is considered as scanning 4194304 bytes.
[2026-08-21T04:15:57.642+0000] {spark_submit.py:571} INFO - 26/08/21 04:15:57 INFO SparkContext: Starting job: csv at NativeMethodAccessorImpl.java:0
[2026-08-21T04:15:57.654+0000] {spark_submit.py:571} INFO - 26/08/21 04:15:57 INFO DAGScheduler: Got job 0 (csv at NativeMethodAccessorImpl.java:0) with 1 output partitions
[2026-08-21T04:15:57.655+0000] {spark_submit.py:571} INFO - 26/08/21 04:15:57 INFO DAGScheduler: Final stage: ResultStage 0 (csv at NativeMethodAccessorImpl.java:0)
[2026-08-21T04:15:57.656+0000] {spark_submit.py:571} INFO - 26/08/21 04:15:57 INFO DAGScheduler: Parents of final stage: List()
[2026-08-21T04:15:57.657+0000] {spark_submit.py:571} INFO - 26/08/21 04:15:57 INFO DAGScheduler: Missing parents: List()
[2026-08-21T04:15:57.660+0000] {spark_submit.py:571} INFO - 26/08/21 04:15:57 INFO DAGScheduler: Submitting ResultStage 0 (MapPartitionsRDD[3] at csv at NativeMethodAccessorImpl.java:0), which has no missing parents
[2026-08-21T04:15:57.715+0000] {spark_submit.py:571} INFO - 26/08/21 04:15:57 INFO MemoryStore: Block broadcast_1 stored as values in memory (estimated size 13.5 KiB, free 434.2 MiB)
[2026-08-21T04:15:57.728+0000] {spark_submit.py:571} INFO - 26/08/21 04:15:57 INFO MemoryStore: Block broadcast_1_piece0 stored as bytes in memory (estimated size 6.4 KiB, free 434.1 MiB)
[2026-08-21T04:15:57.729+0000] {spark_submit.py:571} INFO - 26/08/21 04:15:57 INFO BlockManagerInfo: Added broadcast_1_piece0 in memory on c90a551abb73:35631 (size: 6.4 KiB, free: 434.4 MiB)
[2026-08-21T04:15:57.730+0000] {spark_submit.py:571} INFO - 26/08/21 04:15:57 INFO SparkContext: Created broadcast 1 from broadcast at DAGScheduler.scala:1585
[2026-08-21T04:15:57.752+0000] {spark_submit.py:571} INFO - 26/08/21 04:15:57 INFO DAGScheduler: Submitting 1 missing tasks from ResultStage 0 (MapPartitionsRDD[3] at csv at NativeMethodAccessorImpl.java:0) (first 15 tasks are for partitions Vector(0))
[2026-08-21T04:15:57.753+0000] {spark_submit.py:571} INFO - 26/08/21 04:15:57 INFO TaskSchedulerImpl: Adding task set 0.0 with 1 tasks resource profile 0
[2026-08-21T04:15:57.789+0000] {spark_submit.py:571} INFO - 26/08/21 04:15:57 INFO TaskSetManager: Starting task 0.0 in stage 0.0 (TID 0) (172.18.0.7, executor 1, partition 0, PROCESS_LOCAL, 8210 bytes)
[2026-08-21T04:15:57.986+0000] {spark_submit.py:571} INFO - 26/08/21 04:15:57 INFO BlockManagerInfo: Added broadcast_1_piece0 in memory on 172.18.0.7:39493 (size: 6.4 KiB, free: 434.4 MiB)
[2026-08-21T04:15:58.700+0000] {spark_submit.py:571} INFO - 26/08/21 04:15:58 INFO BlockManagerInfo: Added broadcast_0_piece0 in memory on 172.18.0.7:39493 (size: 34.9 KiB, free: 434.4 MiB)
[2026-08-21T04:15:59.914+0000] {spark_submit.py:571} INFO - 26/08/21 04:15:59 INFO TaskSetManager: Finished task 0.0 in stage 0.0 (TID 0) in 2139 ms on 172.18.0.7 (executor 1) (1/1)
[2026-08-21T04:15:59.918+0000] {spark_submit.py:571} INFO - 26/08/21 04:15:59 INFO TaskSchedulerImpl: Removed TaskSet 0.0, whose tasks have all completed, from pool
[2026-08-21T04:15:59.935+0000] {spark_submit.py:571} INFO - 26/08/21 04:15:59 INFO DAGScheduler: ResultStage 0 (csv at NativeMethodAccessorImpl.java:0) finished in 2.261 s
[2026-08-21T04:15:59.939+0000] {spark_submit.py:571} INFO - 26/08/21 04:15:59 INFO DAGScheduler: Job 0 is finished. Cancelling potential speculative or zombie tasks for this job
[2026-08-21T04:15:59.940+0000] {spark_submit.py:571} INFO - 26/08/21 04:15:59 INFO TaskSchedulerImpl: Killing all running tasks in stage 0: Stage finished
[2026-08-21T04:15:59.942+0000] {spark_submit.py:571} INFO - 26/08/21 04:15:59 INFO DAGScheduler: Job 0 finished: csv at NativeMethodAccessorImpl.java:0, took 2.301830 s
[2026-08-21T04:15:59.965+0000] {spark_submit.py:571} INFO - 26/08/21 04:15:59 INFO CodeGenerator: Code generated in 11.250662 ms
[2026-08-21T04:16:00.024+0000] {spark_submit.py:571} INFO - 26/08/21 04:16:00 INFO BlockManagerInfo: Removed broadcast_1_piece0 on c90a551abb73:35631 in memory (size: 6.4 KiB, free: 434.4 MiB)
[2026-08-21T04:16:00.030+0000] {spark_submit.py:571} INFO - 26/08/21 04:16:00 INFO FileSourceStrategy: Pushed Filters:
[2026-08-21T04:16:00.032+0000] {spark_submit.py:571} INFO - 26/08/21 04:16:00 INFO FileSourceStrategy: Post-Scan Filters:
[2026-08-21T04:16:00.043+0000] {spark_submit.py:571} INFO - 26/08/21 04:16:00 INFO BlockManagerInfo: Removed broadcast_1_piece0 on 172.18.0.7:39493 in memory (size: 6.4 KiB, free: 434.4 MiB)
[2026-08-21T04:16:00.044+0000] {spark_submit.py:571} INFO - 26/08/21 04:16:00 INFO MemoryStore: Block broadcast_2 stored as values in memory (estimated size 201.8 KiB, free 434.0 MiB)
[2026-08-21T04:16:00.059+0000] {spark_submit.py:571} INFO - 26/08/21 04:16:00 INFO MemoryStore: Block broadcast_2_piece0 stored as bytes in memory (estimated size 34.9 KiB, free 433.9 MiB)
[2026-08-21T04:16:00.061+0000] {spark_submit.py:571} INFO - 26/08/21 04:16:00 INFO BlockManagerInfo: Added broadcast_2_piece0 in memory on c90a551abb73:35631 (size: 34.9 KiB, free: 434.3 MiB)
[2026-08-21T04:16:00.063+0000] {spark_submit.py:571} INFO - 26/08/21 04:16:00 INFO SparkContext: Created broadcast 2 from csv at NativeMethodAccessorImpl.java:0
[2026-08-21T04:16:00.065+0000] {spark_submit.py:571} INFO - 26/08/21 04:16:00 INFO FileSourceScanExec: Planning scan with bin packing, max size: 134217728 bytes, open cost is considered as scanning 4194304 bytes.
[2026-08-21T04:16:00.132+0000] {spark_submit.py:571} INFO - 26/08/21 04:16:00 INFO SparkContext: Starting job: csv at NativeMethodAccessorImpl.java:0
[2026-08-21T04:16:00.135+0000] {spark_submit.py:571} INFO - 26/08/21 04:16:00 INFO DAGScheduler: Got job 1 (csv at NativeMethodAccessorImpl.java:0) with 7 output partitions
[2026-08-21T04:16:00.136+0000] {spark_submit.py:571} INFO - 26/08/21 04:16:00 INFO DAGScheduler: Final stage: ResultStage 1 (csv at NativeMethodAccessorImpl.java:0)
[2026-08-21T04:16:00.137+0000] {spark_submit.py:571} INFO - 26/08/21 04:16:00 INFO DAGScheduler: Parents of final stage: List()
[2026-08-21T04:16:00.137+0000] {spark_submit.py:571} INFO - 26/08/21 04:16:00 INFO DAGScheduler: Missing parents: List()
[2026-08-21T04:16:00.138+0000] {spark_submit.py:571} INFO - 26/08/21 04:16:00 INFO DAGScheduler: Submitting ResultStage 1 (MapPartitionsRDD[9] at csv at NativeMethodAccessorImpl.java:0), which has no missing parents
[2026-08-21T04:16:00.160+0000] {spark_submit.py:571} INFO - 26/08/21 04:16:00 INFO MemoryStore: Block broadcast_3 stored as values in memory (estimated size 28.4 KiB, free 433.9 MiB)
[2026-08-21T04:16:00.168+0000] {spark_submit.py:571} INFO - 26/08/21 04:16:00 INFO MemoryStore: Block broadcast_3_piece0 stored as bytes in memory (estimated size 13.1 KiB, free 433.9 MiB)
[2026-08-21T04:16:00.169+0000] {spark_submit.py:571} INFO - 26/08/21 04:16:00 INFO BlockManagerInfo: Added broadcast_3_piece0 in memory on c90a551abb73:35631 (size: 13.1 KiB, free: 434.3 MiB)
[2026-08-21T04:16:00.172+0000] {spark_submit.py:571} INFO - 26/08/21 04:16:00 INFO SparkContext: Created broadcast 3 from broadcast at DAGScheduler.scala:1585
[2026-08-21T04:16:00.172+0000] {spark_submit.py:571} INFO - 26/08/21 04:16:00 INFO DAGScheduler: Submitting 7 missing tasks from ResultStage 1 (MapPartitionsRDD[9] at csv at NativeMethodAccessorImpl.java:0) (first 15 tasks are for partitions Vector(0, 1, 2, 3, 4, 5, 6))
[2026-08-21T04:16:00.172+0000] {spark_submit.py:571} INFO - 26/08/21 04:16:00 INFO TaskSchedulerImpl: Adding task set 1.0 with 7 tasks resource profile 0
[2026-08-21T04:16:00.175+0000] {spark_submit.py:571} INFO - 26/08/21 04:16:00 INFO TaskSetManager: Starting task 0.0 in stage 1.0 (TID 1) (172.18.0.6, executor 0, partition 0, PROCESS_LOCAL, 8210 bytes)
[2026-08-21T04:16:00.175+0000] {spark_submit.py:571} INFO - 26/08/21 04:16:00 INFO TaskSetManager: Starting task 1.0 in stage 1.0 (TID 2) (172.18.0.7, executor 1, partition 1, PROCESS_LOCAL, 8210 bytes)
[2026-08-21T04:16:00.176+0000] {spark_submit.py:571} INFO - 26/08/21 04:16:00 INFO TaskSetManager: Starting task 2.0 in stage 1.0 (TID 3) (172.18.0.6, executor 0, partition 2, PROCESS_LOCAL, 8210 bytes)
[2026-08-21T04:16:00.178+0000] {spark_submit.py:571} INFO - 26/08/21 04:16:00 INFO TaskSetManager: Starting task 3.0 in stage 1.0 (TID 4) (172.18.0.7, executor 1, partition 3, PROCESS_LOCAL, 8210 bytes)
[2026-08-21T04:16:00.308+0000] {spark_submit.py:571} INFO - 26/08/21 04:16:00 INFO BlockManagerInfo: Added broadcast_3_piece0 in memory on 172.18.0.7:39493 (size: 13.1 KiB, free: 434.4 MiB)
[2026-08-21T04:16:00.339+0000] {spark_submit.py:571} INFO - 26/08/21 04:16:00 INFO BlockManagerInfo: Removed broadcast_0_piece0 on c90a551abb73:35631 in memory (size: 34.9 KiB, free: 434.4 MiB)
[2026-08-21T04:16:00.342+0000] {spark_submit.py:571} INFO - 26/08/21 04:16:00 INFO BlockManagerInfo: Removed broadcast_0_piece0 on 172.18.0.7:39493 in memory (size: 34.9 KiB, free: 434.4 MiB)
[2026-08-21T04:16:00.612+0000] {spark_submit.py:571} INFO - 26/08/21 04:16:00 INFO BlockManagerInfo: Added broadcast_3_piece0 in memory on 172.18.0.6:46295 (size: 13.1 KiB, free: 434.4 MiB)
[2026-08-21T04:16:02.007+0000] {spark_submit.py:571} INFO - 26/08/21 04:16:02 INFO BlockManagerInfo: Added broadcast_2_piece0 in memory on 172.18.0.7:39493 (size: 34.9 KiB, free: 434.4 MiB)
[2026-08-21T04:16:03.472+0000] {spark_submit.py:571} INFO - 26/08/21 04:16:03 INFO BlockManagerInfo: Added broadcast_2_piece0 in memory on 172.18.0.6:46295 (size: 34.9 KiB, free: 434.4 MiB)
[2026-08-21T04:16:07.775+0000] {spark_submit.py:571} INFO - 26/08/21 04:16:07 INFO TaskSetManager: Starting task 4.0 in stage 1.0 (TID 5) (172.18.0.7, executor 1, partition 4, PROCESS_LOCAL, 8210 bytes)
[2026-08-21T04:16:07.784+0000] {spark_submit.py:571} INFO - 26/08/21 04:16:07 INFO TaskSetManager: Finished task 1.0 in stage 1.0 (TID 2) in 7607 ms on 172.18.0.7 (executor 1) (1/7)
[2026-08-21T04:16:08.259+0000] {spark_submit.py:571} INFO - 26/08/21 04:16:08 INFO TaskSetManager: Starting task 5.0 in stage 1.0 (TID 6) (172.18.0.7, executor 1, partition 5, PROCESS_LOCAL, 8210 bytes)
[2026-08-21T04:16:08.262+0000] {spark_submit.py:571} INFO - 26/08/21 04:16:08 INFO TaskSetManager: Finished task 3.0 in stage 1.0 (TID 4) in 8086 ms on 172.18.0.7 (executor 1) (2/7)
[2026-08-21T04:16:10.469+0000] {spark_submit.py:571} INFO - 26/08/21 04:16:10 INFO TaskSetManager: Starting task 6.0 in stage 1.0 (TID 7) (172.18.0.6, executor 0, partition 6, PROCESS_LOCAL, 8210 bytes)
[2026-08-21T04:16:10.471+0000] {spark_submit.py:571} INFO - 26/08/21 04:16:10 INFO TaskSetManager: Finished task 2.0 in stage 1.0 (TID 3) in 10294 ms on 172.18.0.6 (executor 0) (3/7)
[2026-08-21T04:16:10.777+0000] {spark_submit.py:571} INFO - 26/08/21 04:16:10 INFO TaskSetManager: Finished task 0.0 in stage 1.0 (TID 1) in 10601 ms on 172.18.0.6 (executor 0) (4/7)
[2026-08-21T04:16:11.460+0000] {spark_submit.py:571} INFO - 26/08/21 04:16:11 INFO TaskSetManager: Finished task 4.0 in stage 1.0 (TID 5) in 3688 ms on 172.18.0.7 (executor 1) (5/7)
[2026-08-21T04:16:11.568+0000] {spark_submit.py:571} INFO - 26/08/21 04:16:11 INFO TaskSetManager: Finished task 5.0 in stage 1.0 (TID 6) in 3309 ms on 172.18.0.7 (executor 1) (6/7)
[2026-08-21T04:16:12.693+0000] {spark_submit.py:571} INFO - 26/08/21 04:16:12 INFO TaskSetManager: Finished task 6.0 in stage 1.0 (TID 7) in 2224 ms on 172.18.0.6 (executor 0) (7/7)
[2026-08-21T04:16:12.693+0000] {spark_submit.py:571} INFO - 26/08/21 04:16:12 INFO TaskSchedulerImpl: Removed TaskSet 1.0, whose tasks have all completed, from pool
[2026-08-21T04:16:12.694+0000] {spark_submit.py:571} INFO - 26/08/21 04:16:12 INFO DAGScheduler: ResultStage 1 (csv at NativeMethodAccessorImpl.java:0) finished in 12.552 s
[2026-08-21T04:16:12.694+0000] {spark_submit.py:571} INFO - 26/08/21 04:16:12 INFO DAGScheduler: Job 1 is finished. Cancelling potential speculative or zombie tasks for this job
[2026-08-21T04:16:12.694+0000] {spark_submit.py:571} INFO - 26/08/21 04:16:12 INFO TaskSchedulerImpl: Killing all running tasks in stage 1: Stage finished
[2026-08-21T04:16:12.695+0000] {spark_submit.py:571} INFO - 26/08/21 04:16:12 INFO DAGScheduler: Job 1 finished: csv at NativeMethodAccessorImpl.java:0, took 12.561694 s
[2026-08-21T04:16:13.122+0000] {spark_submit.py:571} INFO - 26/08/21 04:16:13 INFO FileSourceStrategy: Pushed Filters: IsNotNull(date_hour)
[2026-08-21T04:16:13.122+0000] {spark_submit.py:571} INFO - 26/08/21 04:16:13 INFO FileSourceStrategy: Post-Scan Filters: isnotnull(date_hour#19),(regexp_replace(date_hour#19, ", , 1) = 2025-06-01-00)
[2026-08-21T04:16:13.248+0000] {spark_submit.py:571} INFO - 26/08/21 04:16:13 INFO CodeGenerator: Code generated in 33.795948 ms
[2026-08-21T04:16:13.251+0000] {spark_submit.py:571} INFO - 26/08/21 04:16:13 INFO MemoryStore: Block broadcast_4 stored as values in memory (estimated size 201.7 KiB, free 433.9 MiB)
[2026-08-21T04:16:13.276+0000] {spark_submit.py:571} INFO - 26/08/21 04:16:13 INFO BlockManagerInfo: Removed broadcast_3_piece0 on c90a551abb73:35631 in memory (size: 13.1 KiB, free: 434.4 MiB)
[2026-08-21T04:16:13.281+0000] {spark_submit.py:571} INFO - 26/08/21 04:16:13 INFO MemoryStore: Block broadcast_4_piece0 stored as bytes in memory (estimated size 34.8 KiB, free 433.9 MiB)
[2026-08-21T04:16:13.282+0000] {spark_submit.py:571} INFO - 26/08/21 04:16:13 INFO BlockManagerInfo: Removed broadcast_3_piece0 on 172.18.0.7:39493 in memory (size: 13.1 KiB, free: 434.4 MiB)
[2026-08-21T04:16:13.282+0000] {spark_submit.py:571} INFO - 26/08/21 04:16:13 INFO BlockManagerInfo: Removed broadcast_3_piece0 on 172.18.0.6:46295 in memory (size: 13.1 KiB, free: 434.4 MiB)
[2026-08-21T04:16:13.284+0000] {spark_submit.py:571} INFO - 26/08/21 04:16:13 INFO BlockManagerInfo: Added broadcast_4_piece0 in memory on c90a551abb73:35631 (size: 34.8 KiB, free: 434.3 MiB)
[2026-08-21T04:16:13.284+0000] {spark_submit.py:571} INFO - 26/08/21 04:16:13 INFO SparkContext: Created broadcast 4 from count at NativeMethodAccessorImpl.java:0
[2026-08-21T04:16:13.291+0000] {spark_submit.py:571} INFO - 26/08/21 04:16:13 INFO FileSourceScanExec: Planning scan with bin packing, max size: 134217728 bytes, open cost is considered as scanning 4194304 bytes.
[2026-08-21T04:16:13.386+0000] {spark_submit.py:571} INFO - 26/08/21 04:16:13 INFO DAGScheduler: Registering RDD 13 (count at NativeMethodAccessorImpl.java:0) as input to shuffle 0
[2026-08-21T04:16:13.389+0000] {spark_submit.py:571} INFO - 26/08/21 04:16:13 INFO DAGScheduler: Got map stage job 2 (count at NativeMethodAccessorImpl.java:0) with 7 output partitions
[2026-08-21T04:16:13.389+0000] {spark_submit.py:571} INFO - 26/08/21 04:16:13 INFO DAGScheduler: Final stage: ShuffleMapStage 2 (count at NativeMethodAccessorImpl.java:0)
[2026-08-21T04:16:13.390+0000] {spark_submit.py:571} INFO - 26/08/21 04:16:13 INFO DAGScheduler: Parents of final stage: List()
[2026-08-21T04:16:13.390+0000] {spark_submit.py:571} INFO - 26/08/21 04:16:13 INFO DAGScheduler: Missing parents: List()
[2026-08-21T04:16:13.392+0000] {spark_submit.py:571} INFO - 26/08/21 04:16:13 INFO DAGScheduler: Submitting ShuffleMapStage 2 (MapPartitionsRDD[13] at count at NativeMethodAccessorImpl.java:0), which has no missing parents
[2026-08-21T04:16:13.408+0000] {spark_submit.py:571} INFO - 26/08/21 04:16:13 INFO MemoryStore: Block broadcast_5 stored as values in memory (estimated size 21.0 KiB, free 433.9 MiB)
[2026-08-21T04:16:13.416+0000] {spark_submit.py:571} INFO - 26/08/21 04:16:13 INFO MemoryStore: Block broadcast_5_piece0 stored as bytes in memory (estimated size 10.1 KiB, free 433.9 MiB)
[2026-08-21T04:16:13.416+0000] {spark_submit.py:571} INFO - 26/08/21 04:16:13 INFO BlockManagerInfo: Added broadcast_5_piece0 in memory on c90a551abb73:35631 (size: 10.1 KiB, free: 434.3 MiB)
[2026-08-21T04:16:13.419+0000] {spark_submit.py:571} INFO - 26/08/21 04:16:13 INFO SparkContext: Created broadcast 5 from broadcast at DAGScheduler.scala:1585
[2026-08-21T04:16:13.419+0000] {spark_submit.py:571} INFO - 26/08/21 04:16:13 INFO DAGScheduler: Submitting 7 missing tasks from ShuffleMapStage 2 (MapPartitionsRDD[13] at count at NativeMethodAccessorImpl.java:0) (first 15 tasks are for partitions Vector(0, 1, 2, 3, 4, 5, 6))
[2026-08-21T04:16:13.420+0000] {spark_submit.py:571} INFO - 26/08/21 04:16:13 INFO TaskSchedulerImpl: Adding task set 2.0 with 7 tasks resource profile 0
[2026-08-21T04:16:13.421+0000] {spark_submit.py:571} INFO - 26/08/21 04:16:13 INFO TaskSetManager: Starting task 0.0 in stage 2.0 (TID 8) (172.18.0.6, executor 0, partition 0, PROCESS_LOCAL, 8199 bytes)
[2026-08-21T04:16:13.422+0000] {spark_submit.py:571} INFO - 26/08/21 04:16:13 INFO TaskSetManager: Starting task 1.0 in stage 2.0 (TID 9) (172.18.0.7, executor 1, partition 1, PROCESS_LOCAL, 8199 bytes)
[2026-08-21T04:16:13.423+0000] {spark_submit.py:571} INFO - 26/08/21 04:16:13 INFO TaskSetManager: Starting task 2.0 in stage 2.0 (TID 10) (172.18.0.6, executor 0, partition 2, PROCESS_LOCAL, 8199 bytes)
[2026-08-21T04:16:13.424+0000] {spark_submit.py:571} INFO - 26/08/21 04:16:13 INFO TaskSetManager: Starting task 3.0 in stage 2.0 (TID 11) (172.18.0.7, executor 1, partition 3, PROCESS_LOCAL, 8199 bytes)
[2026-08-21T04:16:13.467+0000] {spark_submit.py:571} INFO - 26/08/21 04:16:13 INFO BlockManagerInfo: Added broadcast_5_piece0 in memory on 172.18.0.7:39493 (size: 10.1 KiB, free: 434.4 MiB)
[2026-08-21T04:16:13.481+0000] {spark_submit.py:571} INFO - 26/08/21 04:16:13 INFO BlockManagerInfo: Added broadcast_5_piece0 in memory on 172.18.0.6:46295 (size: 10.1 KiB, free: 434.4 MiB)
[2026-08-21T04:16:13.825+0000] {spark_submit.py:571} INFO - 26/08/21 04:16:13 INFO BlockManagerInfo: Added broadcast_4_piece0 in memory on 172.18.0.6:46295 (size: 34.8 KiB, free: 434.3 MiB)
[2026-08-21T04:16:13.839+0000] {spark_submit.py:571} INFO - 26/08/21 04:16:13 INFO BlockManagerInfo: Added broadcast_4_piece0 in memory on 172.18.0.7:39493 (size: 34.8 KiB, free: 434.3 MiB)
[2026-08-21T04:16:16.568+0000] {spark_submit.py:571} INFO - 26/08/21 04:16:16 INFO TaskSetManager: Starting task 4.0 in stage 2.0 (TID 12) (172.18.0.6, executor 0, partition 4, PROCESS_LOCAL, 8199 bytes)
[2026-08-21T04:16:16.573+0000] {spark_submit.py:571} INFO - 26/08/21 04:16:16 INFO TaskSetManager: Finished task 2.0 in stage 2.0 (TID 10) in 3147 ms on 172.18.0.6 (executor 0) (1/7)
[2026-08-21T04:16:16.579+0000] {spark_submit.py:571} INFO - 26/08/21 04:16:16 INFO TaskSetManager: Starting task 5.0 in stage 2.0 (TID 13) (172.18.0.6, executor 0, partition 5, PROCESS_LOCAL, 8199 bytes)
[2026-08-21T04:16:16.580+0000] {spark_submit.py:571} INFO - 26/08/21 04:16:16 INFO TaskSetManager: Finished task 0.0 in stage 2.0 (TID 8) in 3160 ms on 172.18.0.6 (executor 0) (2/7)
[2026-08-21T04:16:16.686+0000] {spark_submit.py:571} INFO - 26/08/21 04:16:16 INFO TaskSetManager: Starting task 6.0 in stage 2.0 (TID 14) (172.18.0.7, executor 1, partition 6, PROCESS_LOCAL, 8199 bytes)
[2026-08-21T04:16:16.691+0000] {spark_submit.py:571} INFO - 26/08/21 04:16:16 INFO TaskSetManager: Finished task 1.0 in stage 2.0 (TID 9) in 3267 ms on 172.18.0.7 (executor 1) (3/7)
[2026-08-21T04:16:16.771+0000] {spark_submit.py:571} INFO - 26/08/21 04:16:16 INFO TaskSetManager: Finished task 3.0 in stage 2.0 (TID 11) in 3348 ms on 172.18.0.7 (executor 1) (4/7)
[2026-08-21T04:16:18.292+0000] {spark_submit.py:571} INFO - 26/08/21 04:16:18 INFO TaskSetManager: Finished task 6.0 in stage 2.0 (TID 14) in 1607 ms on 172.18.0.7 (executor 1) (5/7)
[2026-08-21T04:16:18.297+0000] {spark_submit.py:571} INFO - 26/08/21 04:16:18 INFO TaskSetManager: Finished task 4.0 in stage 2.0 (TID 12) in 1730 ms on 172.18.0.6 (executor 0) (6/7)
[2026-08-21T04:16:18.422+0000] {spark_submit.py:571} INFO - 26/08/21 04:16:18 INFO TaskSetManager: Finished task 5.0 in stage 2.0 (TID 13) in 1843 ms on 172.18.0.6 (executor 0) (7/7)
[2026-08-21T04:16:18.423+0000] {spark_submit.py:571} INFO - 26/08/21 04:16:18 INFO TaskSchedulerImpl: Removed TaskSet 2.0, whose tasks have all completed, from pool
[2026-08-21T04:16:18.426+0000] {spark_submit.py:571} INFO - 26/08/21 04:16:18 INFO DAGScheduler: ShuffleMapStage 2 (count at NativeMethodAccessorImpl.java:0) finished in 5.030 s
[2026-08-21T04:16:18.426+0000] {spark_submit.py:571} INFO - 26/08/21 04:16:18 INFO DAGScheduler: looking for newly runnable stages
[2026-08-21T04:16:18.427+0000] {spark_submit.py:571} INFO - 26/08/21 04:16:18 INFO DAGScheduler: running: Set()
[2026-08-21T04:16:18.427+0000] {spark_submit.py:571} INFO - 26/08/21 04:16:18 INFO DAGScheduler: waiting: Set()
[2026-08-21T04:16:18.427+0000] {spark_submit.py:571} INFO - 26/08/21 04:16:18 INFO DAGScheduler: failed: Set()
[2026-08-21T04:16:18.459+0000] {spark_submit.py:571} INFO - 26/08/21 04:16:18 INFO CodeGenerator: Code generated in 10.952376 ms
[2026-08-21T04:16:18.484+0000] {spark_submit.py:571} INFO - 26/08/21 04:16:18 INFO SparkContext: Starting job: count at NativeMethodAccessorImpl.java:0
[2026-08-21T04:16:18.492+0000] {spark_submit.py:571} INFO - 26/08/21 04:16:18 INFO DAGScheduler: Got job 3 (count at NativeMethodAccessorImpl.java:0) with 1 output partitions
[2026-08-21T04:16:18.492+0000] {spark_submit.py:571} INFO - 26/08/21 04:16:18 INFO DAGScheduler: Final stage: ResultStage 4 (count at NativeMethodAccessorImpl.java:0)
[2026-08-21T04:16:18.493+0000] {spark_submit.py:571} INFO - 26/08/21 04:16:18 INFO DAGScheduler: Parents of final stage: List(ShuffleMapStage 3)
[2026-08-21T04:16:18.493+0000] {spark_submit.py:571} INFO - 26/08/21 04:16:18 INFO DAGScheduler: Missing parents: List()
[2026-08-21T04:16:18.493+0000] {spark_submit.py:571} INFO - 26/08/21 04:16:18 INFO DAGScheduler: Submitting ResultStage 4 (MapPartitionsRDD[16] at count at NativeMethodAccessorImpl.java:0), which has no missing parents
[2026-08-21T04:16:18.499+0000] {spark_submit.py:571} INFO - 26/08/21 04:16:18 INFO MemoryStore: Block broadcast_6 stored as values in memory (estimated size 12.5 KiB, free 433.9 MiB)
[2026-08-21T04:16:18.505+0000] {spark_submit.py:571} INFO - 26/08/21 04:16:18 INFO MemoryStore: Block broadcast_6_piece0 stored as bytes in memory (estimated size 5.9 KiB, free 433.9 MiB)
[2026-08-21T04:16:18.507+0000] {spark_submit.py:571} INFO - 26/08/21 04:16:18 INFO BlockManagerInfo: Added broadcast_6_piece0 in memory on c90a551abb73:35631 (size: 5.9 KiB, free: 434.3 MiB)
[2026-08-21T04:16:18.512+0000] {spark_submit.py:571} INFO - 26/08/21 04:16:18 INFO BlockManagerInfo: Removed broadcast_5_piece0 on c90a551abb73:35631 in memory (size: 10.1 KiB, free: 434.3 MiB)
[2026-08-21T04:16:18.515+0000] {spark_submit.py:571} INFO - 26/08/21 04:16:18 INFO SparkContext: Created broadcast 6 from broadcast at DAGScheduler.scala:1585
[2026-08-21T04:16:18.515+0000] {spark_submit.py:571} INFO - 26/08/21 04:16:18 INFO DAGScheduler: Submitting 1 missing tasks from ResultStage 4 (MapPartitionsRDD[16] at count at NativeMethodAccessorImpl.java:0) (first 15 tasks are for partitions Vector(0))
[2026-08-21T04:16:18.515+0000] {spark_submit.py:571} INFO - 26/08/21 04:16:18 INFO TaskSchedulerImpl: Adding task set 4.0 with 1 tasks resource profile 0
[2026-08-21T04:16:18.518+0000] {spark_submit.py:571} INFO - 26/08/21 04:16:18 INFO BlockManagerInfo: Removed broadcast_5_piece0 on 172.18.0.7:39493 in memory (size: 10.1 KiB, free: 434.3 MiB)
[2026-08-21T04:16:18.520+0000] {spark_submit.py:571} INFO - 26/08/21 04:16:18 INFO BlockManagerInfo: Removed broadcast_5_piece0 on 172.18.0.6:46295 in memory (size: 10.1 KiB, free: 434.3 MiB)
[2026-08-21T04:16:18.525+0000] {spark_submit.py:571} INFO - 26/08/21 04:16:18 INFO TaskSetManager: Starting task 0.0 in stage 4.0 (TID 15) (172.18.0.7, executor 1, partition 0, NODE_LOCAL, 7619 bytes)
[2026-08-21T04:16:18.549+0000] {spark_submit.py:571} INFO - 26/08/21 04:16:18 INFO BlockManagerInfo: Added broadcast_6_piece0 in memory on 172.18.0.7:39493 (size: 5.9 KiB, free: 434.3 MiB)
[2026-08-21T04:16:18.576+0000] {spark_submit.py:571} INFO - 26/08/21 04:16:18 INFO MapOutputTrackerMasterEndpoint: Asked to send map output locations for shuffle 0 to 172.18.0.7:34710
[2026-08-21T04:16:18.592+0000] {spark_submit.py:571} INFO - 26/08/21 04:16:18 INFO BlockManagerInfo: Removed broadcast_2_piece0 on c90a551abb73:35631 in memory (size: 34.9 KiB, free: 434.4 MiB)
[2026-08-21T04:16:18.599+0000] {spark_submit.py:571} INFO - 26/08/21 04:16:18 INFO BlockManagerInfo: Removed broadcast_2_piece0 on 172.18.0.7:39493 in memory (size: 34.9 KiB, free: 434.4 MiB)
[2026-08-21T04:16:18.601+0000] {spark_submit.py:571} INFO - 26/08/21 04:16:18 INFO BlockManagerInfo: Removed broadcast_2_piece0 on 172.18.0.6:46295 in memory (size: 34.9 KiB, free: 434.4 MiB)
[2026-08-21T04:16:18.905+0000] {spark_submit.py:571} INFO - 26/08/21 04:16:18 INFO TaskSetManager: Finished task 0.0 in stage 4.0 (TID 15) in 381 ms on 172.18.0.7 (executor 1) (1/1)
[2026-08-21T04:16:18.905+0000] {spark_submit.py:571} INFO - 26/08/21 04:16:18 INFO TaskSchedulerImpl: Removed TaskSet 4.0, whose tasks have all completed, from pool
[2026-08-21T04:16:18.907+0000] {spark_submit.py:571} INFO - 26/08/21 04:16:18 INFO DAGScheduler: ResultStage 4 (count at NativeMethodAccessorImpl.java:0) finished in 0.408 s
[2026-08-21T04:16:18.907+0000] {spark_submit.py:571} INFO - 26/08/21 04:16:18 INFO DAGScheduler: Job 3 is finished. Cancelling potential speculative or zombie tasks for this job
[2026-08-21T04:16:18.908+0000] {spark_submit.py:571} INFO - 26/08/21 04:16:18 INFO TaskSchedulerImpl: Killing all running tasks in stage 4: Stage finished
[2026-08-21T04:16:18.908+0000] {spark_submit.py:571} INFO - 26/08/21 04:16:18 INFO DAGScheduler: Job 3 finished: count at NativeMethodAccessorImpl.java:0, took 0.423120 s
[2026-08-21T04:16:18.979+0000] {spark_submit.py:571} INFO - 26/08/21 04:16:18 INFO FileSourceStrategy: Pushed Filters: IsNotNull(date_hour)
[2026-08-21T04:16:18.981+0000] {spark_submit.py:571} INFO - 26/08/21 04:16:18 INFO FileSourceStrategy: Post-Scan Filters: isnotnull(date_hour#19),(regexp_replace(date_hour#19, ", , 1) = 2025-06-01-00)
[2026-08-21T04:16:19.048+0000] {spark_submit.py:571} INFO - 26/08/21 04:16:19 INFO MemoryStore: Block broadcast_7 stored as values in memory (estimated size 201.7 KiB, free 434.0 MiB)
[2026-08-21T04:16:19.077+0000] {spark_submit.py:571} INFO - 26/08/21 04:16:19 INFO BlockManagerInfo: Removed broadcast_6_piece0 on c90a551abb73:35631 in memory (size: 5.9 KiB, free: 434.4 MiB)
[2026-08-21T04:16:19.078+0000] {spark_submit.py:571} INFO - 26/08/21 04:16:19 INFO BlockManagerInfo: Removed broadcast_6_piece0 on 172.18.0.7:39493 in memory (size: 5.9 KiB, free: 434.4 MiB)
[2026-08-21T04:16:19.088+0000] {spark_submit.py:571} INFO - 26/08/21 04:16:19 INFO MemoryStore: Block broadcast_7_piece0 stored as bytes in memory (estimated size 34.8 KiB, free 433.9 MiB)
[2026-08-21T04:16:19.095+0000] {spark_submit.py:571} INFO - 26/08/21 04:16:19 INFO BlockManagerInfo: Added broadcast_7_piece0 in memory on c90a551abb73:35631 (size: 34.8 KiB, free: 434.3 MiB)
[2026-08-21T04:16:19.096+0000] {spark_submit.py:571} INFO - 26/08/21 04:16:19 INFO SparkContext: Created broadcast 7 from count at NativeMethodAccessorImpl.java:0
[2026-08-21T04:16:19.097+0000] {spark_submit.py:571} INFO - 26/08/21 04:16:19 INFO FileSourceScanExec: Planning scan with bin packing, max size: 134217728 bytes, open cost is considered as scanning 4194304 bytes.
[2026-08-21T04:16:19.104+0000] {spark_submit.py:571} INFO - 26/08/21 04:16:19 INFO DAGScheduler: Registering RDD 20 (count at NativeMethodAccessorImpl.java:0) as input to shuffle 1
[2026-08-21T04:16:19.104+0000] {spark_submit.py:571} INFO - 26/08/21 04:16:19 INFO DAGScheduler: Got map stage job 4 (count at NativeMethodAccessorImpl.java:0) with 7 output partitions
[2026-08-21T04:16:19.104+0000] {spark_submit.py:571} INFO - 26/08/21 04:16:19 INFO DAGScheduler: Final stage: ShuffleMapStage 5 (count at NativeMethodAccessorImpl.java:0)
[2026-08-21T04:16:19.106+0000] {spark_submit.py:571} INFO - 26/08/21 04:16:19 INFO DAGScheduler: Parents of final stage: List()
[2026-08-21T04:16:19.107+0000] {spark_submit.py:571} INFO - 26/08/21 04:16:19 INFO DAGScheduler: Missing parents: List()
[2026-08-21T04:16:19.109+0000] {spark_submit.py:571} INFO - 26/08/21 04:16:19 INFO DAGScheduler: Submitting ShuffleMapStage 5 (MapPartitionsRDD[20] at count at NativeMethodAccessorImpl.java:0), which has no missing parents
[2026-08-21T04:16:19.113+0000] {spark_submit.py:571} INFO - 26/08/21 04:16:19 INFO MemoryStore: Block broadcast_8 stored as values in memory (estimated size 21.0 KiB, free 433.9 MiB)
[2026-08-21T04:16:19.114+0000] {spark_submit.py:571} INFO - 26/08/21 04:16:19 INFO MemoryStore: Block broadcast_8_piece0 stored as bytes in memory (estimated size 10.1 KiB, free 433.9 MiB)
[2026-08-21T04:16:19.114+0000] {spark_submit.py:571} INFO - 26/08/21 04:16:19 INFO BlockManagerInfo: Added broadcast_8_piece0 in memory on c90a551abb73:35631 (size: 10.1 KiB, free: 434.3 MiB)
[2026-08-21T04:16:19.116+0000] {spark_submit.py:571} INFO - 26/08/21 04:16:19 INFO SparkContext: Created broadcast 8 from broadcast at DAGScheduler.scala:1585
[2026-08-21T04:16:19.116+0000] {spark_submit.py:571} INFO - 26/08/21 04:16:19 INFO DAGScheduler: Submitting 7 missing tasks from ShuffleMapStage 5 (MapPartitionsRDD[20] at count at NativeMethodAccessorImpl.java:0) (first 15 tasks are for partitions Vector(0, 1, 2, 3, 4, 5, 6))
[2026-08-21T04:16:19.117+0000] {spark_submit.py:571} INFO - 26/08/21 04:16:19 INFO TaskSchedulerImpl: Adding task set 5.0 with 7 tasks resource profile 0
[2026-08-21T04:16:19.122+0000] {spark_submit.py:571} INFO - 26/08/21 04:16:19 INFO TaskSetManager: Starting task 0.0 in stage 5.0 (TID 16) (172.18.0.7, executor 1, partition 0, PROCESS_LOCAL, 8199 bytes)
[2026-08-21T04:16:19.122+0000] {spark_submit.py:571} INFO - 26/08/21 04:16:19 INFO TaskSetManager: Starting task 1.0 in stage 5.0 (TID 17) (172.18.0.6, executor 0, partition 1, PROCESS_LOCAL, 8199 bytes)
[2026-08-21T04:16:19.125+0000] {spark_submit.py:571} INFO - 26/08/21 04:16:19 INFO TaskSetManager: Starting task 2.0 in stage 5.0 (TID 18) (172.18.0.7, executor 1, partition 2, PROCESS_LOCAL, 8199 bytes)
[2026-08-21T04:16:19.126+0000] {spark_submit.py:571} INFO - 26/08/21 04:16:19 INFO TaskSetManager: Starting task 3.0 in stage 5.0 (TID 19) (172.18.0.6, executor 0, partition 3, PROCESS_LOCAL, 8199 bytes)
[2026-08-21T04:16:19.188+0000] {spark_submit.py:571} INFO - 26/08/21 04:16:19 INFO BlockManagerInfo: Added broadcast_8_piece0 in memory on 172.18.0.6:46295 (size: 10.1 KiB, free: 434.4 MiB)
[2026-08-21T04:16:19.197+0000] {spark_submit.py:571} INFO - 26/08/21 04:16:19 INFO BlockManagerInfo: Added broadcast_8_piece0 in memory on 172.18.0.7:39493 (size: 10.1 KiB, free: 434.4 MiB)
[2026-08-21T04:16:19.237+0000] {spark_submit.py:571} INFO - 26/08/21 04:16:19 INFO BlockManagerInfo: Added broadcast_7_piece0 in memory on 172.18.0.6:46295 (size: 34.8 KiB, free: 434.3 MiB)
[2026-08-21T04:16:19.241+0000] {spark_submit.py:571} INFO - 26/08/21 04:16:19 INFO BlockManagerInfo: Added broadcast_7_piece0 in memory on 172.18.0.7:39493 (size: 34.8 KiB, free: 434.3 MiB)
[2026-08-21T04:16:21.392+0000] {spark_submit.py:571} INFO - 26/08/21 04:16:21 INFO TaskSetManager: Starting task 4.0 in stage 5.0 (TID 20) (172.18.0.6, executor 0, partition 4, PROCESS_LOCAL, 8199 bytes)
[2026-08-21T04:16:21.395+0000] {spark_submit.py:571} INFO - 26/08/21 04:16:21 INFO TaskSetManager: Finished task 3.0 in stage 5.0 (TID 19) in 2270 ms on 172.18.0.6 (executor 0) (1/7)
[2026-08-21T04:16:21.468+0000] {spark_submit.py:571} INFO - 26/08/21 04:16:21 INFO TaskSetManager: Starting task 5.0 in stage 5.0 (TID 21) (172.18.0.6, executor 0, partition 5, PROCESS_LOCAL, 8199 bytes)
[2026-08-21T04:16:21.471+0000] {spark_submit.py:571} INFO - 26/08/21 04:16:21 INFO TaskSetManager: Finished task 1.0 in stage 5.0 (TID 17) in 2348 ms on 172.18.0.6 (executor 0) (2/7)
[2026-08-21T04:16:21.697+0000] {spark_submit.py:571} INFO - 26/08/21 04:16:21 INFO TaskSetManager: Starting task 6.0 in stage 5.0 (TID 22) (172.18.0.7, executor 1, partition 6, PROCESS_LOCAL, 8199 bytes)
[2026-08-21T04:16:21.706+0000] {spark_submit.py:571} INFO - 26/08/21 04:16:21 INFO TaskSetManager: Finished task 0.0 in stage 5.0 (TID 16) in 2584 ms on 172.18.0.7 (executor 1) (3/7)
[2026-08-21T04:16:22.047+0000] {spark_submit.py:571} INFO - 26/08/21 04:16:22 INFO TaskSetManager: Finished task 2.0 in stage 5.0 (TID 18) in 2925 ms on 172.18.0.7 (executor 1) (4/7)
[2026-08-21T04:16:23.150+0000] {spark_submit.py:571} INFO - 26/08/21 04:16:23 INFO TaskSetManager: Finished task 4.0 in stage 5.0 (TID 20) in 1759 ms on 172.18.0.6 (executor 0) (5/7)
[2026-08-21T04:16:23.233+0000] {spark_submit.py:571} INFO - 26/08/21 04:16:23 INFO TaskSetManager: Finished task 6.0 in stage 5.0 (TID 22) in 1537 ms on 172.18.0.7 (executor 1) (6/7)
[2026-08-21T04:16:23.252+0000] {spark_submit.py:571} INFO - 26/08/21 04:16:23 INFO TaskSetManager: Finished task 5.0 in stage 5.0 (TID 21) in 1792 ms on 172.18.0.6 (executor 0) (7/7)
[2026-08-21T04:16:23.253+0000] {spark_submit.py:571} INFO - 26/08/21 04:16:23 INFO TaskSchedulerImpl: Removed TaskSet 5.0, whose tasks have all completed, from pool
[2026-08-21T04:16:23.254+0000] {spark_submit.py:571} INFO - 26/08/21 04:16:23 INFO DAGScheduler: ShuffleMapStage 5 (count at NativeMethodAccessorImpl.java:0) finished in 4.143 s
[2026-08-21T04:16:23.254+0000] {spark_submit.py:571} INFO - 26/08/21 04:16:23 INFO DAGScheduler: looking for newly runnable stages
[2026-08-21T04:16:23.254+0000] {spark_submit.py:571} INFO - 26/08/21 04:16:23 INFO DAGScheduler: running: Set()
[2026-08-21T04:16:23.255+0000] {spark_submit.py:571} INFO - 26/08/21 04:16:23 INFO DAGScheduler: waiting: Set()
[2026-08-21T04:16:23.255+0000] {spark_submit.py:571} INFO - 26/08/21 04:16:23 INFO DAGScheduler: failed: Set()
[2026-08-21T04:16:23.275+0000] {spark_submit.py:571} INFO - 26/08/21 04:16:23 INFO SparkContext: Starting job: count at NativeMethodAccessorImpl.java:0
[2026-08-21T04:16:23.276+0000] {spark_submit.py:571} INFO - 26/08/21 04:16:23 INFO DAGScheduler: Got job 5 (count at NativeMethodAccessorImpl.java:0) with 1 output partitions
[2026-08-21T04:16:23.276+0000] {spark_submit.py:571} INFO - 26/08/21 04:16:23 INFO DAGScheduler: Final stage: ResultStage 7 (count at NativeMethodAccessorImpl.java:0)
[2026-08-21T04:16:23.276+0000] {spark_submit.py:571} INFO - 26/08/21 04:16:23 INFO DAGScheduler: Parents of final stage: List(ShuffleMapStage 6)
[2026-08-21T04:16:23.277+0000] {spark_submit.py:571} INFO - 26/08/21 04:16:23 INFO DAGScheduler: Missing parents: List()
[2026-08-21T04:16:23.282+0000] {spark_submit.py:571} INFO - 26/08/21 04:16:23 INFO DAGScheduler: Submitting ResultStage 7 (MapPartitionsRDD[23] at count at NativeMethodAccessorImpl.java:0), which has no missing parents
[2026-08-21T04:16:23.283+0000] {spark_submit.py:571} INFO - 26/08/21 04:16:23 INFO MemoryStore: Block broadcast_9 stored as values in memory (estimated size 12.5 KiB, free 433.9 MiB)
[2026-08-21T04:16:23.292+0000] {spark_submit.py:571} INFO - 26/08/21 04:16:23 INFO MemoryStore: Block broadcast_9_piece0 stored as bytes in memory (estimated size 5.9 KiB, free 433.9 MiB)
[2026-08-21T04:16:23.294+0000] {spark_submit.py:571} INFO - 26/08/21 04:16:23 INFO BlockManagerInfo: Added broadcast_9_piece0 in memory on c90a551abb73:35631 (size: 5.9 KiB, free: 434.3 MiB)
[2026-08-21T04:16:23.300+0000] {spark_submit.py:571} INFO - 26/08/21 04:16:23 INFO SparkContext: Created broadcast 9 from broadcast at DAGScheduler.scala:1585
[2026-08-21T04:16:23.301+0000] {spark_submit.py:571} INFO - 26/08/21 04:16:23 INFO DAGScheduler: Submitting 1 missing tasks from ResultStage 7 (MapPartitionsRDD[23] at count at NativeMethodAccessorImpl.java:0) (first 15 tasks are for partitions Vector(0))
[2026-08-21T04:16:23.301+0000] {spark_submit.py:571} INFO - 26/08/21 04:16:23 INFO TaskSchedulerImpl: Adding task set 7.0 with 1 tasks resource profile 0
[2026-08-21T04:16:23.303+0000] {spark_submit.py:571} INFO - 26/08/21 04:16:23 INFO TaskSetManager: Starting task 0.0 in stage 7.0 (TID 23) (172.18.0.6, executor 0, partition 0, NODE_LOCAL, 7619 bytes)
[2026-08-21T04:16:23.306+0000] {spark_submit.py:571} INFO - 26/08/21 04:16:23 INFO BlockManagerInfo: Removed broadcast_8_piece0 on 172.18.0.7:39493 in memory (size: 10.1 KiB, free: 434.3 MiB)
[2026-08-21T04:16:23.307+0000] {spark_submit.py:571} INFO - 26/08/21 04:16:23 INFO BlockManagerInfo: Removed broadcast_8_piece0 on c90a551abb73:35631 in memory (size: 10.1 KiB, free: 434.3 MiB)
[2026-08-21T04:16:23.310+0000] {spark_submit.py:571} INFO - 26/08/21 04:16:23 INFO BlockManagerInfo: Removed broadcast_8_piece0 on 172.18.0.6:46295 in memory (size: 10.1 KiB, free: 434.3 MiB)
[2026-08-21T04:16:23.325+0000] {spark_submit.py:571} INFO - 26/08/21 04:16:23 INFO BlockManagerInfo: Added broadcast_9_piece0 in memory on 172.18.0.6:46295 (size: 5.9 KiB, free: 434.3 MiB)
[2026-08-21T04:16:23.382+0000] {spark_submit.py:571} INFO - 26/08/21 04:16:23 INFO MapOutputTrackerMasterEndpoint: Asked to send map output locations for shuffle 1 to 172.18.0.6:38912
[2026-08-21T04:16:23.487+0000] {spark_submit.py:571} INFO - 26/08/21 04:16:23 INFO TaskSetManager: Finished task 0.0 in stage 7.0 (TID 23) in 183 ms on 172.18.0.6 (executor 0) (1/1)
[2026-08-21T04:16:23.489+0000] {spark_submit.py:571} INFO - 26/08/21 04:16:23 INFO TaskSchedulerImpl: Removed TaskSet 7.0, whose tasks have all completed, from pool
[2026-08-21T04:16:23.490+0000] {spark_submit.py:571} INFO - 26/08/21 04:16:23 INFO DAGScheduler: ResultStage 7 (count at NativeMethodAccessorImpl.java:0) finished in 0.207 s
[2026-08-21T04:16:23.490+0000] {spark_submit.py:571} INFO - 26/08/21 04:16:23 INFO DAGScheduler: Job 5 is finished. Cancelling potential speculative or zombie tasks for this job
[2026-08-21T04:16:23.490+0000] {spark_submit.py:571} INFO - 26/08/21 04:16:23 INFO TaskSchedulerImpl: Killing all running tasks in stage 7: Stage finished
[2026-08-21T04:16:23.490+0000] {spark_submit.py:571} INFO - 26/08/21 04:16:23 INFO DAGScheduler: Job 5 finished: count at NativeMethodAccessorImpl.java:0, took 0.215635 s
[2026-08-21T04:16:23.499+0000] {spark_submit.py:571} INFO - Đang ghi 3614 dòng xuống Bronze layer (Partition: 2025-06-01 / 00)...
[2026-08-21T04:16:23.732+0000] {spark_submit.py:571} INFO - 26/08/21 04:16:23 INFO DelegatingLogStore: LogStore `LogStoreAdapter(io.delta.storage.S3SingleDriverLogStore)` is used for scheme `s3a`
[2026-08-21T04:16:23.769+0000] {spark_submit.py:571} INFO - 26/08/21 04:16:23 INFO DeltaLog: Creating initial snapshot without metadata, because the directory is empty
[2026-08-21T04:16:23.845+0000] {spark_submit.py:571} INFO - 26/08/21 04:16:23 INFO InitialSnapshot: [tableId=f3c84623-e138-4117-9a84-47f688a0fbd8] Created snapshot InitialSnapshot(path=s3a://bronze/cell_kpi_raw/_delta_log, version=-1, metadata=Metadata(562a3ed9-e0b1-452e-b419-8be3b34715d3,null,null,Format(parquet,Map()),null,List(),Map(),Some(1787285783840)), logSegment=LogSegment(s3a://bronze/cell_kpi_raw/_delta_log,-1,List(),org.apache.spark.sql.delta.EmptyCheckpointProvider$@778ead4b,-1), checksumOpt=None)
[2026-08-21T04:16:23.929+0000] {spark_submit.py:571} INFO - 26/08/21 04:16:23 INFO DeltaLog: Creating initial snapshot without metadata, because the directory is empty
[2026-08-21T04:16:23.930+0000] {spark_submit.py:571} INFO - 26/08/21 04:16:23 INFO InitialSnapshot: [tableId=562a3ed9-e0b1-452e-b419-8be3b34715d3] Created snapshot InitialSnapshot(path=s3a://bronze/cell_kpi_raw/_delta_log, version=-1, metadata=Metadata(7c1e0253-2f1b-4f0c-a314-9e47b186d030,null,null,Format(parquet,Map()),null,List(),Map(),Some(1787285783930)), logSegment=LogSegment(s3a://bronze/cell_kpi_raw/_delta_log,-1,List(),org.apache.spark.sql.delta.EmptyCheckpointProvider$@778ead4b,-1), checksumOpt=None)
[2026-08-21T04:16:23.981+0000] {spark_submit.py:571} INFO - 26/08/21 04:16:23 INFO OptimisticTransaction: [tableId=7c1e0253,txnId=39ed48d7] Updated metadata from - to Metadata(3f92f059-19d8-4f04-823a-c9ec69354868,null,null,Format(parquet,Map()),{"type":"struct","fields":[{"name":"enb_name","type":"string","nullable":true,"metadata":{}},{"name":"cell_name","type":"string","nullable":true,"metadata":{}},{"name":"date_hour","type":"string","nullable":true,"metadata":{}},{"name":"dl_traffic_gb","type":"double","nullable":true,"metadata":{}},{"name":"ul_traffic_gb","type":"double","nullable":true,"metadata":{}},{"name":"total_traffic_gb","type":"double","nullable":true,"metadata":{}},{"name":"max_rrc_connected_user","type":"integer","nullable":true,"metadata":{}},{"name":"ul_prb","type":"double","nullable":true,"metadata":{}},{"name":"ul_prb_used","type":"double","nullable":true,"metadata":{}},{"name":"ul_prb_available_total","type":"double","nullable":true,"metadata":{}},{"name":"dl_prb","type":"double","nullable":true,"metadata":{}},{"name":"dl_prb_used","type":"double","nullable":true,"metadata":{}},{"name":"dl_prb_available_total","type":"double","nullable":true,"metadata":{}},{"name":"sector","type":"string","nullable":true,"metadata":{}},{"name":"azimuth","type":"integer","nullable":true,"metadata":{}},{"name":"cell_type","type":"string","nullable":true,"metadata":{}},{"name":"x","type":"double","nullable":true,"metadata":{}},{"name":"y","type":"double","nullable":true,"metadata":{}},{"name":"date","type":"string","nullable":true,"metadata":{}},{"name":"hour","type":"string","nullable":true,"metadata":{}}]},List(date, hour),Map(),Some(1787285783963))
[2026-08-21T04:16:24.524+0000] {spark_submit.py:571} INFO - 26/08/21 04:16:24 INFO BlockManagerInfo: Removed broadcast_9_piece0 on c90a551abb73:35631 in memory (size: 5.9 KiB, free: 434.3 MiB)
[2026-08-21T04:16:24.528+0000] {spark_submit.py:571} INFO - 26/08/21 04:16:24 INFO BlockManagerInfo: Removed broadcast_9_piece0 on 172.18.0.6:46295 in memory (size: 5.9 KiB, free: 434.3 MiB)
[2026-08-21T04:16:24.532+0000] {spark_submit.py:571} INFO - 26/08/21 04:16:24 INFO FileSourceStrategy: Pushed Filters: IsNotNull(date_hour)
[2026-08-21T04:16:24.532+0000] {spark_submit.py:571} INFO - 26/08/21 04:16:24 INFO FileSourceStrategy: Post-Scan Filters: isnotnull(date_hour#19),(regexp_replace(date_hour#19, ", , 1) = 2025-06-01-00)
[2026-08-21T04:16:24.593+0000] {spark_submit.py:571} INFO - 26/08/21 04:16:24 INFO BlockManagerInfo: Removed broadcast_7_piece0 on c90a551abb73:35631 in memory (size: 34.8 KiB, free: 434.4 MiB)
[2026-08-21T04:16:24.594+0000] {spark_submit.py:571} INFO - 26/08/21 04:16:24 INFO BlockManagerInfo: Removed broadcast_7_piece0 on 172.18.0.7:39493 in memory (size: 34.8 KiB, free: 434.4 MiB)
[2026-08-21T04:16:24.595+0000] {spark_submit.py:571} INFO - 26/08/21 04:16:24 INFO BlockManagerInfo: Removed broadcast_7_piece0 on 172.18.0.6:46295 in memory (size: 34.8 KiB, free: 434.4 MiB)
[2026-08-21T04:16:24.616+0000] {spark_submit.py:571} INFO - 26/08/21 04:16:24 INFO ParquetUtils: Using default output committer for Parquet: org.apache.parquet.hadoop.ParquetOutputCommitter
[2026-08-21T04:16:24.727+0000] {spark_submit.py:571} INFO - 26/08/21 04:16:24 INFO CodeGenerator: Code generated in 61.908783 ms
[2026-08-21T04:16:24.730+0000] {spark_submit.py:571} INFO - 26/08/21 04:16:24 INFO MemoryStore: Block broadcast_10 stored as values in memory (estimated size 201.7 KiB, free 434.0 MiB)
[2026-08-21T04:16:24.754+0000] {spark_submit.py:571} INFO - 26/08/21 04:16:24 INFO MemoryStore: Block broadcast_10_piece0 stored as bytes in memory (estimated size 34.8 KiB, free 433.9 MiB)
[2026-08-21T04:16:24.758+0000] {spark_submit.py:571} INFO - 26/08/21 04:16:24 INFO BlockManagerInfo: Added broadcast_10_piece0 in memory on c90a551abb73:35631 (size: 34.8 KiB, free: 434.3 MiB)
[2026-08-21T04:16:24.763+0000] {spark_submit.py:571} INFO - 26/08/21 04:16:24 INFO SparkContext: Created broadcast 10 from save at NativeMethodAccessorImpl.java:0
[2026-08-21T04:16:24.763+0000] {spark_submit.py:571} INFO - 26/08/21 04:16:24 INFO FileSourceScanExec: Planning scan with bin packing, max size: 134217728 bytes, open cost is considered as scanning 4194304 bytes.
[2026-08-21T04:16:24.866+0000] {spark_submit.py:571} INFO - 26/08/21 04:16:24 INFO SparkContext: Starting job: save at NativeMethodAccessorImpl.java:0
[2026-08-21T04:16:24.871+0000] {spark_submit.py:571} INFO - 26/08/21 04:16:24 INFO DAGScheduler: Got job 6 (save at NativeMethodAccessorImpl.java:0) with 7 output partitions
[2026-08-21T04:16:24.871+0000] {spark_submit.py:571} INFO - 26/08/21 04:16:24 INFO DAGScheduler: Final stage: ResultStage 8 (save at NativeMethodAccessorImpl.java:0)
[2026-08-21T04:16:24.871+0000] {spark_submit.py:571} INFO - 26/08/21 04:16:24 INFO DAGScheduler: Parents of final stage: List()
[2026-08-21T04:16:24.872+0000] {spark_submit.py:571} INFO - 26/08/21 04:16:24 INFO DAGScheduler: Missing parents: List()
[2026-08-21T04:16:24.872+0000] {spark_submit.py:571} INFO - 26/08/21 04:16:24 INFO DAGScheduler: Submitting ResultStage 8 (MapPartitionsRDD[28] at save at NativeMethodAccessorImpl.java:0), which has no missing parents
[2026-08-21T04:16:24.943+0000] {spark_submit.py:571} INFO - 26/08/21 04:16:24 INFO MemoryStore: Block broadcast_11 stored as values in memory (estimated size 374.0 KiB, free 433.6 MiB)
[2026-08-21T04:16:24.945+0000] {spark_submit.py:571} INFO - 26/08/21 04:16:24 INFO MemoryStore: Block broadcast_11_piece0 stored as bytes in memory (estimated size 134.7 KiB, free 433.4 MiB)
[2026-08-21T04:16:24.948+0000] {spark_submit.py:571} INFO - 26/08/21 04:16:24 INFO BlockManagerInfo: Added broadcast_11_piece0 in memory on c90a551abb73:35631 (size: 134.7 KiB, free: 434.2 MiB)
[2026-08-21T04:16:24.950+0000] {spark_submit.py:571} INFO - 26/08/21 04:16:24 INFO SparkContext: Created broadcast 11 from broadcast at DAGScheduler.scala:1585
[2026-08-21T04:16:24.950+0000] {spark_submit.py:571} INFO - 26/08/21 04:16:24 INFO DAGScheduler: Submitting 7 missing tasks from ResultStage 8 (MapPartitionsRDD[28] at save at NativeMethodAccessorImpl.java:0) (first 15 tasks are for partitions Vector(0, 1, 2, 3, 4, 5, 6))
[2026-08-21T04:16:24.951+0000] {spark_submit.py:571} INFO - 26/08/21 04:16:24 INFO TaskSchedulerImpl: Adding task set 8.0 with 7 tasks resource profile 0
[2026-08-21T04:16:24.954+0000] {spark_submit.py:571} INFO - 26/08/21 04:16:24 INFO TaskSetManager: Starting task 0.0 in stage 8.0 (TID 24) (172.18.0.7, executor 1, partition 0, PROCESS_LOCAL, 8210 bytes)
[2026-08-21T04:16:24.954+0000] {spark_submit.py:571} INFO - 26/08/21 04:16:24 INFO TaskSetManager: Starting task 1.0 in stage 8.0 (TID 25) (172.18.0.6, executor 0, partition 1, PROCESS_LOCAL, 8210 bytes)
[2026-08-21T04:16:24.954+0000] {spark_submit.py:571} INFO - 26/08/21 04:16:24 INFO TaskSetManager: Starting task 2.0 in stage 8.0 (TID 26) (172.18.0.7, executor 1, partition 2, PROCESS_LOCAL, 8210 bytes)
[2026-08-21T04:16:24.954+0000] {spark_submit.py:571} INFO - 26/08/21 04:16:24 INFO TaskSetManager: Starting task 3.0 in stage 8.0 (TID 27) (172.18.0.6, executor 0, partition 3, PROCESS_LOCAL, 8210 bytes)
[2026-08-21T04:16:24.991+0000] {spark_submit.py:571} INFO - 26/08/21 04:16:24 INFO BlockManagerInfo: Added broadcast_11_piece0 in memory on 172.18.0.6:46295 (size: 134.7 KiB, free: 434.2 MiB)
[2026-08-21T04:16:24.997+0000] {spark_submit.py:571} INFO - 26/08/21 04:16:24 INFO BlockManagerInfo: Added broadcast_11_piece0 in memory on 172.18.0.7:39493 (size: 134.7 KiB, free: 434.2 MiB)
[2026-08-21T04:16:25.141+0000] {spark_submit.py:571} INFO - 26/08/21 04:16:25 INFO BlockManagerInfo: Removed broadcast_4_piece0 on c90a551abb73:35631 in memory (size: 34.8 KiB, free: 434.2 MiB)
[2026-08-21T04:16:25.155+0000] {spark_submit.py:571} INFO - 26/08/21 04:16:25 INFO BlockManagerInfo: Removed broadcast_4_piece0 on 172.18.0.6:46295 in memory (size: 34.8 KiB, free: 434.3 MiB)
[2026-08-21T04:16:25.176+0000] {spark_submit.py:571} INFO - 26/08/21 04:16:25 INFO BlockManagerInfo: Removed broadcast_4_piece0 on 172.18.0.7:39493 in memory (size: 34.8 KiB, free: 434.3 MiB)
[2026-08-21T04:16:25.938+0000] {spark_submit.py:571} INFO - 26/08/21 04:16:25 INFO BlockManagerInfo: Added broadcast_10_piece0 in memory on 172.18.0.7:39493 (size: 34.8 KiB, free: 434.2 MiB)
[2026-08-21T04:16:26.078+0000] {spark_submit.py:571} INFO - 26/08/21 04:16:26 INFO BlockManagerInfo: Added broadcast_10_piece0 in memory on 172.18.0.6:46295 (size: 34.8 KiB, free: 434.2 MiB)
[2026-08-21T04:16:31.370+0000] {spark_submit.py:571} INFO - 26/08/21 04:16:31 INFO TaskSetManager: Starting task 4.0 in stage 8.0 (TID 28) (172.18.0.6, executor 0, partition 4, PROCESS_LOCAL, 8210 bytes)
[2026-08-21T04:16:31.377+0000] {spark_submit.py:571} INFO - 26/08/21 04:16:31 INFO TaskSetManager: Starting task 5.0 in stage 8.0 (TID 29) (172.18.0.6, executor 0, partition 5, PROCESS_LOCAL, 8210 bytes)
[2026-08-21T04:16:31.380+0000] {spark_submit.py:571} INFO - 26/08/21 04:16:31 INFO TaskSetManager: Finished task 3.0 in stage 8.0 (TID 27) in 6425 ms on 172.18.0.6 (executor 0) (1/7)
[2026-08-21T04:16:31.388+0000] {spark_submit.py:571} INFO - 26/08/21 04:16:31 INFO TaskSetManager: Finished task 1.0 in stage 8.0 (TID 25) in 6433 ms on 172.18.0.6 (executor 0) (2/7)
[2026-08-21T04:16:31.496+0000] {spark_submit.py:571} INFO - 26/08/21 04:16:31 INFO TaskSetManager: Starting task 6.0 in stage 8.0 (TID 30) (172.18.0.7, executor 1, partition 6, PROCESS_LOCAL, 8210 bytes)
[2026-08-21T04:16:31.501+0000] {spark_submit.py:571} INFO - 26/08/21 04:16:31 INFO TaskSetManager: Finished task 0.0 in stage 8.0 (TID 24) in 6547 ms on 172.18.0.7 (executor 1) (3/7)
[2026-08-21T04:16:31.504+0000] {spark_submit.py:571} INFO - 26/08/21 04:16:31 INFO TaskSetManager: Finished task 2.0 in stage 8.0 (TID 26) in 6549 ms on 172.18.0.7 (executor 1) (4/7)
[2026-08-21T04:16:35.554+0000] {spark_submit.py:571} INFO - 26/08/21 04:16:35 INFO TaskSetManager: Finished task 4.0 in stage 8.0 (TID 28) in 4187 ms on 172.18.0.6 (executor 0) (5/7)
[2026-08-21T04:16:37.019+0000] {spark_submit.py:571} INFO - 26/08/21 04:16:37 INFO TaskSetManager: Finished task 6.0 in stage 8.0 (TID 30) in 5524 ms on 172.18.0.7 (executor 1) (6/7)
[2026-08-21T04:16:37.185+0000] {spark_submit.py:571} INFO - 26/08/21 04:16:37 INFO TaskSetManager: Finished task 5.0 in stage 8.0 (TID 29) in 5812 ms on 172.18.0.6 (executor 0) (7/7)
[2026-08-21T04:16:37.186+0000] {spark_submit.py:571} INFO - 26/08/21 04:16:37 INFO TaskSchedulerImpl: Removed TaskSet 8.0, whose tasks have all completed, from pool
[2026-08-21T04:16:37.187+0000] {spark_submit.py:571} INFO - 26/08/21 04:16:37 INFO DAGScheduler: ResultStage 8 (save at NativeMethodAccessorImpl.java:0) finished in 12.314 s
[2026-08-21T04:16:37.188+0000] {spark_submit.py:571} INFO - 26/08/21 04:16:37 INFO DAGScheduler: Job 6 is finished. Cancelling potential speculative or zombie tasks for this job
[2026-08-21T04:16:37.188+0000] {spark_submit.py:571} INFO - 26/08/21 04:16:37 INFO TaskSchedulerImpl: Killing all running tasks in stage 8: Stage finished
[2026-08-21T04:16:37.189+0000] {spark_submit.py:571} INFO - 26/08/21 04:16:37 INFO DAGScheduler: Job 6 finished: save at NativeMethodAccessorImpl.java:0, took 12.320065 s
[2026-08-21T04:16:37.190+0000] {spark_submit.py:571} INFO - 26/08/21 04:16:37 INFO DeltaFileFormatWriter: Start to commit write Job 6d99c12b-6c61-4f61-a411-e9a792ba9ba9.
[2026-08-21T04:16:37.192+0000] {spark_submit.py:571} INFO - 26/08/21 04:16:37 INFO DeltaFileFormatWriter: Write Job 6d99c12b-6c61-4f61-a411-e9a792ba9ba9 committed. Elapsed time: 0 ms.
[2026-08-21T04:16:37.195+0000] {spark_submit.py:571} INFO - 26/08/21 04:16:37 INFO DeltaFileFormatWriter: Finished processing stats for write job 6d99c12b-6c61-4f61-a411-e9a792ba9ba9.
[2026-08-21T04:16:37.295+0000] {spark_submit.py:571} INFO - 26/08/21 04:16:37 INFO OptimisticTransaction: [tableId=7c1e0253,txnId=39ed48d7] Attempting to commit version 0 with 5 actions with Serializable isolation level
[2026-08-21T04:16:37.552+0000] {spark_submit.py:571} INFO - 26/08/21 04:16:37 INFO DeltaLog: Creating a new snapshot v0 for commit version 0
[2026-08-21T04:16:37.553+0000] {spark_submit.py:571} INFO - 26/08/21 04:16:37 INFO DeltaLog: Loading version 0.
[2026-08-21T04:16:37.902+0000] {spark_submit.py:571} INFO - 26/08/21 04:16:37 INFO DeltaLogFileIndex: Created DeltaLogFileIndex(JSON, numFilesInSegment: 1, totalFileSize: 5821)
[2026-08-21T04:16:38.010+0000] {spark_submit.py:571} INFO - 26/08/21 04:16:38 INFO DataSourceStrategy: Pruning directories with:
[2026-08-21T04:16:38.013+0000] {spark_submit.py:571} INFO - 26/08/21 04:16:38 INFO FileSourceStrategy: Pushed Filters:
[2026-08-21T04:16:38.014+0000] {spark_submit.py:571} INFO - 26/08/21 04:16:38 INFO FileSourceStrategy: Post-Scan Filters: ((isnotnull(protocol#802.minReaderVersion) OR isnotnull(metaData#801.id)) OR (isnotnull(commitInfo#803.inCommitTimestamp) AND (version#804L = 0)))
[2026-08-21T04:16:38.065+0000] {spark_submit.py:571} INFO - 26/08/21 04:16:38 INFO BlockManagerInfo: Removed broadcast_11_piece0 on c90a551abb73:35631 in memory (size: 134.7 KiB, free: 434.4 MiB)
[2026-08-21T04:16:38.073+0000] {spark_submit.py:571} INFO - 26/08/21 04:16:38 INFO BlockManagerInfo: Removed broadcast_11_piece0 on 172.18.0.6:46295 in memory (size: 134.7 KiB, free: 434.4 MiB)
[2026-08-21T04:16:38.076+0000] {spark_submit.py:571} INFO - 26/08/21 04:16:38 INFO BlockManagerInfo: Removed broadcast_11_piece0 on 172.18.0.7:39493 in memory (size: 134.7 KiB, free: 434.4 MiB)
[2026-08-21T04:16:38.144+0000] {spark_submit.py:571} INFO - 26/08/21 04:16:38 INFO CodeGenerator: Code generated in 111.490988 ms
[2026-08-21T04:16:38.147+0000] {spark_submit.py:571} INFO - 26/08/21 04:16:38 INFO MemoryStore: Block broadcast_12 stored as values in memory (estimated size 201.8 KiB, free 434.0 MiB)
[2026-08-21T04:16:38.158+0000] {spark_submit.py:571} INFO - 26/08/21 04:16:38 INFO MemoryStore: Block broadcast_12_piece0 stored as bytes in memory (estimated size 35.0 KiB, free 433.9 MiB)
[2026-08-21T04:16:38.159+0000] {spark_submit.py:571} INFO - 26/08/21 04:16:38 INFO BlockManagerInfo: Added broadcast_12_piece0 in memory on c90a551abb73:35631 (size: 35.0 KiB, free: 434.3 MiB)
[2026-08-21T04:16:38.162+0000] {spark_submit.py:571} INFO - 26/08/21 04:16:38 INFO SparkContext: Created broadcast 12 from $anonfun$recordDeltaOperationInternal$1 at DatabricksLogging.scala:128
[2026-08-21T04:16:38.182+0000] {spark_submit.py:571} INFO - 26/08/21 04:16:38 INFO FileSourceScanExec: Planning scan with bin packing, max size: 4194304 bytes, open cost is considered as scanning 4194304 bytes.
[2026-08-21T04:16:38.208+0000] {spark_submit.py:571} INFO - 26/08/21 04:16:38 INFO SparkContext: Starting job: $anonfun$recordDeltaOperationInternal$1 at DatabricksLogging.scala:128
[2026-08-21T04:16:38.209+0000] {spark_submit.py:571} INFO - 26/08/21 04:16:38 INFO DAGScheduler: Got job 7 ($anonfun$recordDeltaOperationInternal$1 at DatabricksLogging.scala:128) with 1 output partitions
[2026-08-21T04:16:38.209+0000] {spark_submit.py:571} INFO - 26/08/21 04:16:38 INFO DAGScheduler: Final stage: ResultStage 9 ($anonfun$recordDeltaOperationInternal$1 at DatabricksLogging.scala:128)
[2026-08-21T04:16:38.210+0000] {spark_submit.py:571} INFO - 26/08/21 04:16:38 INFO DAGScheduler: Parents of final stage: List()
[2026-08-21T04:16:38.210+0000] {spark_submit.py:571} INFO - 26/08/21 04:16:38 INFO DAGScheduler: Missing parents: List()
[2026-08-21T04:16:38.212+0000] {spark_submit.py:571} INFO - 26/08/21 04:16:38 INFO DAGScheduler: Submitting ResultStage 9 (MapPartitionsRDD[32] at $anonfun$recordDeltaOperationInternal$1 at DatabricksLogging.scala:128), which has no missing parents
[2026-08-21T04:16:38.218+0000] {spark_submit.py:571} INFO - 26/08/21 04:16:38 INFO MemoryStore: Block broadcast_13 stored as values in memory (estimated size 55.2 KiB, free 433.9 MiB)
[2026-08-21T04:16:38.218+0000] {spark_submit.py:571} INFO - 26/08/21 04:16:38 INFO MemoryStore: Block broadcast_13_piece0 stored as bytes in memory (estimated size 17.1 KiB, free 433.9 MiB)
[2026-08-21T04:16:38.221+0000] {spark_submit.py:571} INFO - 26/08/21 04:16:38 INFO BlockManagerInfo: Added broadcast_13_piece0 in memory on c90a551abb73:35631 (size: 17.1 KiB, free: 434.3 MiB)
[2026-08-21T04:16:38.221+0000] {spark_submit.py:571} INFO - 26/08/21 04:16:38 INFO SparkContext: Created broadcast 13 from broadcast at DAGScheduler.scala:1585
[2026-08-21T04:16:38.222+0000] {spark_submit.py:571} INFO - 26/08/21 04:16:38 INFO DAGScheduler: Submitting 1 missing tasks from ResultStage 9 (MapPartitionsRDD[32] at $anonfun$recordDeltaOperationInternal$1 at DatabricksLogging.scala:128) (first 15 tasks are for partitions Vector(0))
[2026-08-21T04:16:38.222+0000] {spark_submit.py:571} INFO - 26/08/21 04:16:38 INFO TaskSchedulerImpl: Adding task set 9.0 with 1 tasks resource profile 0
[2026-08-21T04:16:38.223+0000] {spark_submit.py:571} INFO - 26/08/21 04:16:38 INFO TaskSetManager: Starting task 0.0 in stage 9.0 (TID 31) (172.18.0.7, executor 1, partition 0, PROCESS_LOCAL, 8295 bytes)
[2026-08-21T04:16:38.300+0000] {spark_submit.py:571} INFO - 26/08/21 04:16:38 INFO BlockManagerInfo: Added broadcast_13_piece0 in memory on 172.18.0.7:39493 (size: 17.1 KiB, free: 434.3 MiB)
[2026-08-21T04:16:38.493+0000] {spark_submit.py:571} INFO - 26/08/21 04:16:38 INFO BlockManagerInfo: Added broadcast_12_piece0 in memory on 172.18.0.7:39493 (size: 35.0 KiB, free: 434.3 MiB)
[2026-08-21T04:16:38.537+0000] {spark_submit.py:571} INFO - 26/08/21 04:16:38 INFO TaskSetManager: Finished task 0.0 in stage 9.0 (TID 31) in 314 ms on 172.18.0.7 (executor 1) (1/1)
[2026-08-21T04:16:38.537+0000] {spark_submit.py:571} INFO - 26/08/21 04:16:38 INFO TaskSchedulerImpl: Removed TaskSet 9.0, whose tasks have all completed, from pool
[2026-08-21T04:16:38.537+0000] {spark_submit.py:571} INFO - 26/08/21 04:16:38 INFO DAGScheduler: ResultStage 9 ($anonfun$recordDeltaOperationInternal$1 at DatabricksLogging.scala:128) finished in 0.325 s
[2026-08-21T04:16:38.538+0000] {spark_submit.py:571} INFO - 26/08/21 04:16:38 INFO DAGScheduler: Job 7 is finished. Cancelling potential speculative or zombie tasks for this job
[2026-08-21T04:16:38.538+0000] {spark_submit.py:571} INFO - 26/08/21 04:16:38 INFO TaskSchedulerImpl: Killing all running tasks in stage 9: Stage finished
[2026-08-21T04:16:38.538+0000] {spark_submit.py:571} INFO - 26/08/21 04:16:38 INFO DAGScheduler: Job 7 finished: $anonfun$recordDeltaOperationInternal$1 at DatabricksLogging.scala:128, took 0.329994 s
[2026-08-21T04:16:38.608+0000] {spark_submit.py:571} INFO - 26/08/21 04:16:38 INFO CodeGenerator: Code generated in 53.452154 ms
[2026-08-21T04:16:38.612+0000] {spark_submit.py:571} INFO - 26/08/21 04:16:38 INFO Snapshot: [tableId=7c1e0253-2f1b-4f0c-a314-9e47b186d030] Created snapshot Snapshot(path=s3a://bronze/cell_kpi_raw/_delta_log, version=0, metadata=Metadata(3f92f059-19d8-4f04-823a-c9ec69354868,null,null,Format(parquet,Map()),{"type":"struct","fields":[{"name":"enb_name","type":"string","nullable":true,"metadata":{}},{"name":"cell_name","type":"string","nullable":true,"metadata":{}},{"name":"date_hour","type":"string","nullable":true,"metadata":{}},{"name":"dl_traffic_gb","type":"double","nullable":true,"metadata":{}},{"name":"ul_traffic_gb","type":"double","nullable":true,"metadata":{}},{"name":"total_traffic_gb","type":"double","nullable":true,"metadata":{}},{"name":"max_rrc_connected_user","type":"integer","nullable":true,"metadata":{}},{"name":"ul_prb","type":"double","nullable":true,"metadata":{}},{"name":"ul_prb_used","type":"double","nullable":true,"metadata":{}},{"name":"ul_prb_available_total","type":"double","nullable":true,"metadata":{}},{"name":"dl_prb","type":"double","nullable":true,"metadata":{}},{"name":"dl_prb_used","type":"double","nullable":true,"metadata":{}},{"name":"dl_prb_available_total","type":"double","nullable":true,"metadata":{}},{"name":"sector","type":"string","nullable":true,"metadata":{}},{"name":"azimuth","type":"integer","nullable":true,"metadata":{}},{"name":"cell_type","type":"string","nullable":true,"metadata":{}},{"name":"x","type":"double","nullable":true,"metadata":{}},{"name":"y","type":"double","nullable":true,"metadata":{}},{"name":"date","type":"string","nullable":true,"metadata":{}},{"name":"hour","type":"string","nullable":true,"metadata":{}}]},List(date, hour),Map(),Some(1787285783963)), logSegment=LogSegment(s3a://bronze/cell_kpi_raw/_delta_log,0,List(S3AFileStatus{path=s3a://bronze/cell_kpi_raw/_delta_log/00000000000000000000.json; isDirectory=false; length=5821; replication=1; blocksize=33554432; modification_time=1787285797000; access_time=0; owner=***; group=***; permission=rw-rw-rw-; isSymlink=false; hasAcl=false; isEncrypted=true; isErasureCoded=false} isEmptyDirectory=FALSE eTag=10e9ed013e5a0aee37d4e9b85ae5ed36 versionId=null),org.apache.spark.sql.delta.EmptyCheckpointProvider$@778ead4b,1787285797000), checksumOpt=None)
[2026-08-21T04:16:38.614+0000] {spark_submit.py:571} INFO - 26/08/21 04:16:38 INFO DeltaLog: Updated snapshot to Snapshot(path=s3a://bronze/cell_kpi_raw/_delta_log, version=0, metadata=Metadata(3f92f059-19d8-4f04-823a-c9ec69354868,null,null,Format(parquet,Map()),{"type":"struct","fields":[{"name":"enb_name","type":"string","nullable":true,"metadata":{}},{"name":"cell_name","type":"string","nullable":true,"metadata":{}},{"name":"date_hour","type":"string","nullable":true,"metadata":{}},{"name":"dl_traffic_gb","type":"double","nullable":true,"metadata":{}},{"name":"ul_traffic_gb","type":"double","nullable":true,"metadata":{}},{"name":"total_traffic_gb","type":"double","nullable":true,"metadata":{}},{"name":"max_rrc_connected_user","type":"integer","nullable":true,"metadata":{}},{"name":"ul_prb","type":"double","nullable":true,"metadata":{}},{"name":"ul_prb_used","type":"double","nullable":true,"metadata":{}},{"name":"ul_prb_available_total","type":"double","nullable":true,"metadata":{}},{"name":"dl_prb","type":"double","nullable":true,"metadata":{}},{"name":"dl_prb_used","type":"double","nullable":true,"metadata":{}},{"name":"dl_prb_available_total","type":"double","nullable":true,"metadata":{}},{"name":"sector","type":"string","nullable":true,"metadata":{}},{"name":"azimuth","type":"integer","nullable":true,"metadata":{}},{"name":"cell_type","type":"string","nullable":true,"metadata":{}},{"name":"x","type":"double","nullable":true,"metadata":{}},{"name":"y","type":"double","nullable":true,"metadata":{}},{"name":"date","type":"string","nullable":true,"metadata":{}},{"name":"hour","type":"string","nullable":true,"metadata":{}}]},List(date, hour),Map(),Some(1787285783963)), logSegment=LogSegment(s3a://bronze/cell_kpi_raw/_delta_log,0,List(S3AFileStatus{path=s3a://bronze/cell_kpi_raw/_delta_log/00000000000000000000.json; isDirectory=false; length=5821; replication=1; blocksize=33554432; modification_time=1787285797000; access_time=0; owner=***; group=***; permission=rw-rw-rw-; isSymlink=false; hasAcl=false; isEncrypted=true; isErasureCoded=false} isEmptyDirectory=FALSE eTag=10e9ed013e5a0aee37d4e9b85ae5ed36 versionId=null),org.apache.spark.sql.delta.EmptyCheckpointProvider$@778ead4b,1787285797000), checksumOpt=None)
[2026-08-21T04:16:38.653+0000] {spark_submit.py:571} INFO - 26/08/21 04:16:38 INFO OptimisticTransaction: [tableId=7c1e0253,txnId=39ed48d7] Committed delta #0 to s3a://bronze/cell_kpi_raw/_delta_log
[2026-08-21T04:16:38.662+0000] {spark_submit.py:571} INFO - Ingest Bronze Hourly hoàn tất!
[2026-08-21T04:16:38.662+0000] {spark_submit.py:571} INFO - 26/08/21 04:16:38 INFO SparkContext: SparkContext is stopping with exitCode 0.
[2026-08-21T04:16:38.669+0000] {spark_submit.py:571} INFO - 26/08/21 04:16:38 INFO SparkUI: Stopped Spark web UI at http://c90a551abb73:4041
[2026-08-21T04:16:38.675+0000] {spark_submit.py:571} INFO - 26/08/21 04:16:38 INFO StandaloneSchedulerBackend: Shutting down all executors
[2026-08-21T04:16:38.677+0000] {spark_submit.py:571} INFO - 26/08/21 04:16:38 INFO StandaloneSchedulerBackend$StandaloneDriverEndpoint: Asking each executor to shut down
[2026-08-21T04:16:38.719+0000] {spark_submit.py:571} INFO - 26/08/21 04:16:38 INFO MapOutputTrackerMasterEndpoint: MapOutputTrackerMasterEndpoint stopped!
[2026-08-21T04:16:38.769+0000] {spark_submit.py:571} INFO - 26/08/21 04:16:38 INFO MemoryStore: MemoryStore cleared
[2026-08-21T04:16:38.772+0000] {spark_submit.py:571} INFO - 26/08/21 04:16:38 INFO BlockManager: BlockManager stopped
[2026-08-21T04:16:38.780+0000] {spark_submit.py:571} INFO - 26/08/21 04:16:38 INFO BlockManagerMaster: BlockManagerMaster stopped
[2026-08-21T04:16:38.796+0000] {spark_submit.py:571} INFO - 26/08/21 04:16:38 INFO OutputCommitCoordinator$OutputCommitCoordinatorEndpoint: OutputCommitCoordinator stopped!
[2026-08-21T04:16:38.836+0000] {spark_submit.py:571} INFO - 26/08/21 04:16:38 INFO SparkContext: Successfully stopped SparkContext
[2026-08-21T04:16:39.128+0000] {spark_submit.py:571} INFO - 26/08/21 04:16:39 INFO ShutdownHookManager: Shutdown hook called
[2026-08-21T04:16:39.130+0000] {spark_submit.py:571} INFO - 26/08/21 04:16:39 INFO ShutdownHookManager: Deleting directory /tmp/spark-361139b4-b49b-4d6d-a4b7-48ff6eb5e64e
[2026-08-21T04:16:39.144+0000] {spark_submit.py:571} INFO - 26/08/21 04:16:39 INFO ShutdownHookManager: Deleting directory /tmp/spark-ec83201b-66ca-437a-bd9e-c4a9422293e9/pyspark-9a192b6f-7425-46b7-91f7-5663d68c4207
[2026-08-21T04:16:39.151+0000] {spark_submit.py:571} INFO - 26/08/21 04:16:39 INFO ShutdownHookManager: Deleting directory /tmp/spark-ec83201b-66ca-437a-bd9e-c4a9422293e9
[2026-08-21T04:16:39.170+0000] {spark_submit.py:571} INFO - 26/08/21 04:16:39 INFO MetricsSystemImpl: Stopping s3a-file-system metrics system...
[2026-08-21T04:16:39.171+0000] {spark_submit.py:571} INFO - 26/08/21 04:16:39 INFO MetricsSystemImpl: s3a-file-system metrics system stopped.
[2026-08-21T04:16:39.171+0000] {spark_submit.py:571} INFO - 26/08/21 04:16:39 INFO MetricsSystemImpl: s3a-file-system metrics system shutdown complete.
[2026-08-21T04:16:39.276+0000] {taskinstance.py:441} INFO - ::group::Post task execution logs
[2026-08-21T04:16:39.288+0000] {taskinstance.py:1206} INFO - Marking task as SUCCESS. dag_id=cell_kpi_hourly_anomaly_pipeline, task_id=1_ingest_hourly_bronze, run_id=scheduled__2025-05-31T17:00:00+00:00, execution_date=20250531T170000, start_date=20260821T041540, end_date=20260821T041639
[2026-08-21T04:16:39.313+0000] {local_task_job_runner.py:240} INFO - Task exited with return code 0
[2026-08-21T04:16:39.346+0000] {taskinstance.py:3498} INFO - 1 downstream tasks scheduled from follow-on schedule check
[2026-08-21T04:16:39.348+0000] {local_task_job_runner.py:222} INFO - ::endgroup::
[2026-08-21T04:26:18.102+0000] {local_task_job_runner.py:120} INFO - ::group::Pre task execution logs
[2026-08-21T04:26:18.119+0000] {taskinstance.py:2076} INFO - Dependencies all met for dep_context=non-requeueable deps ti=<TaskInstance: cell_kpi_hourly_anomaly_pipeline.1_ingest_hourly_bronze scheduled__2025-05-31T17:00:00+00:00 [queued]>
[2026-08-21T04:26:18.125+0000] {taskinstance.py:2076} INFO - Dependencies all met for dep_context=requeueable deps ti=<TaskInstance: cell_kpi_hourly_anomaly_pipeline.1_ingest_hourly_bronze scheduled__2025-05-31T17:00:00+00:00 [queued]>
[2026-08-21T04:26:18.125+0000] {taskinstance.py:2306} INFO - Starting attempt 1 of 2
[2026-08-21T04:26:18.134+0000] {taskinstance.py:2330} INFO - Executing <Task(SparkSubmitOperator): 1_ingest_hourly_bronze> on 2025-05-31 17:00:00+00:00
[2026-08-21T04:26:18.140+0000] {standard_task_runner.py:63} INFO - Started process 5584 to run task
[2026-08-21T04:26:18.143+0000] {standard_task_runner.py:90} INFO - Running: ['***', 'tasks', 'run', 'cell_kpi_hourly_anomaly_pipeline', '1_ingest_hourly_bronze', 'scheduled__2025-05-31T17:00:00+00:00', '--job-id', '53', '--raw', '--subdir', 'DAGS_FOLDER/cell_kpi_hourly_anomaly.py', '--cfg-path', '/tmp/tmpi4_t306k']
[2026-08-21T04:26:18.145+0000] {standard_task_runner.py:91} INFO - Job 53: Subtask 1_ingest_hourly_bronze
[2026-08-21T04:26:18.189+0000] {task_command.py:426} INFO - Running <TaskInstance: cell_kpi_hourly_anomaly_pipeline.1_ingest_hourly_bronze scheduled__2025-05-31T17:00:00+00:00 [running]> on host c90a551abb73
[2026-08-21T04:26:18.256+0000] {logging_mixin.py:188} WARNING - /home/***/.local/lib/python3.10/site-packages/***/utils/context.py:212 AirflowContextDeprecationWarning: Accessing 'execution_date' from the template is deprecated and will be removed in a future version. Please use 'data_interval_start' or 'logical_date' instead.
[2026-08-21T04:26:18.305+0000] {taskinstance.py:2648} INFO - Exporting env vars: AIRFLOW_CTX_DAG_OWNER='data_engineer_team' AIRFLOW_CTX_DAG_ID='cell_kpi_hourly_anomaly_pipeline' AIRFLOW_CTX_TASK_ID='1_ingest_hourly_bronze' AIRFLOW_CTX_EXECUTION_DATE='2025-05-31T17:00:00+00:00' AIRFLOW_CTX_TRY_NUMBER='1' AIRFLOW_CTX_DAG_RUN_ID='scheduled__2025-05-31T17:00:00+00:00'
[2026-08-21T04:26:18.306+0000] {taskinstance.py:430} INFO - ::endgroup::
[2026-08-21T04:26:18.322+0000] {base.py:84} INFO - Using connection ID 'spark-master' for task execution.
[2026-08-21T04:26:18.324+0000] {spark_submit.py:401} INFO - Spark-Submit cmd: spark-submit --master spark://spark-master:7077 --name arrow-spark --deploy-mode client /opt/spark_scripts/1_ingest_hourly.py --input_path s3a://landingzone/202506.csv --target_date_hour 2025-06-01-00
[2026-08-21T04:26:18.411+0000] {spark_submit.py:571} INFO - /home/***/.local/lib/python3.10/site-packages/pyspark/bin/load-spark-env.sh: line 68: ps: command not found
[2026-08-21T04:26:22.182+0000] {spark_submit.py:571} INFO - 26/08/21 04:26:22 INFO SparkContext: Running Spark version 3.5.1
[2026-08-21T04:26:22.184+0000] {spark_submit.py:571} INFO - 26/08/21 04:26:22 INFO SparkContext: OS info Linux, 6.8.0-1052-azure, amd64
[2026-08-21T04:26:22.185+0000] {spark_submit.py:571} INFO - 26/08/21 04:26:22 INFO SparkContext: Java version 17.0.20
[2026-08-21T04:26:22.261+0000] {spark_submit.py:571} INFO - 26/08/21 04:26:22 WARN NativeCodeLoader: Unable to load native-hadoop library for your platform... using builtin-java classes where applicable
[2026-08-21T04:26:22.453+0000] {spark_submit.py:571} INFO - 26/08/21 04:26:22 INFO ResourceUtils: ==============================================================
[2026-08-21T04:26:22.454+0000] {spark_submit.py:571} INFO - 26/08/21 04:26:22 INFO ResourceUtils: No custom resources configured for spark.driver.
[2026-08-21T04:26:22.454+0000] {spark_submit.py:571} INFO - 26/08/21 04:26:22 INFO ResourceUtils: ==============================================================
[2026-08-21T04:26:22.455+0000] {spark_submit.py:571} INFO - 26/08/21 04:26:22 INFO SparkContext: Submitted application: Ingest_Bronze_2025-06-01-00
[2026-08-21T04:26:22.501+0000] {spark_submit.py:571} INFO - 26/08/21 04:26:22 INFO ResourceProfile: Default ResourceProfile created, executor resources: Map(memory -> name: memory, amount: 1024, script: , vendor: , offHeap -> name: offHeap, amount: 0, script: , vendor: ), task resources: Map(cpus -> name: cpus, amount: 1.0)
[2026-08-21T04:26:22.536+0000] {spark_submit.py:571} INFO - 26/08/21 04:26:22 INFO ResourceProfile: Limiting resource is cpu
[2026-08-21T04:26:22.537+0000] {spark_submit.py:571} INFO - 26/08/21 04:26:22 INFO ResourceProfileManager: Added ResourceProfile id: 0
[2026-08-21T04:26:22.636+0000] {spark_submit.py:571} INFO - 26/08/21 04:26:22 INFO SecurityManager: Changing view acls to: ***
[2026-08-21T04:26:22.638+0000] {spark_submit.py:571} INFO - 26/08/21 04:26:22 INFO SecurityManager: Changing modify acls to: ***
[2026-08-21T04:26:22.639+0000] {spark_submit.py:571} INFO - 26/08/21 04:26:22 INFO SecurityManager: Changing view acls groups to:
[2026-08-21T04:26:22.640+0000] {spark_submit.py:571} INFO - 26/08/21 04:26:22 INFO SecurityManager: Changing modify acls groups to:
[2026-08-21T04:26:22.640+0000] {spark_submit.py:571} INFO - 26/08/21 04:26:22 INFO SecurityManager: SecurityManager: authentication disabled; ui acls disabled; users with view permissions: ***; groups with view permissions: EMPTY; users with modify permissions: ***; groups with modify permissions: EMPTY
[2026-08-21T04:26:23.080+0000] {spark_submit.py:571} INFO - 26/08/21 04:26:23 INFO Utils: Successfully started service 'sparkDriver' on port 45107.
[2026-08-21T04:26:23.142+0000] {spark_submit.py:571} INFO - 26/08/21 04:26:23 INFO SparkEnv: Registering MapOutputTracker
[2026-08-21T04:26:23.183+0000] {spark_submit.py:571} INFO - 26/08/21 04:26:23 INFO SparkEnv: Registering BlockManagerMaster
[2026-08-21T04:26:23.212+0000] {spark_submit.py:571} INFO - 26/08/21 04:26:23 INFO BlockManagerMasterEndpoint: Using org.apache.spark.storage.DefaultTopologyMapper for getting topology information
[2026-08-21T04:26:23.215+0000] {spark_submit.py:571} INFO - 26/08/21 04:26:23 INFO BlockManagerMasterEndpoint: BlockManagerMasterEndpoint up
[2026-08-21T04:26:23.223+0000] {spark_submit.py:571} INFO - 26/08/21 04:26:23 INFO SparkEnv: Registering BlockManagerMasterHeartbeat
[2026-08-21T04:26:23.246+0000] {spark_submit.py:571} INFO - 26/08/21 04:26:23 INFO DiskBlockManager: Created local directory at /tmp/blockmgr-185d10e2-f40d-4dd4-af5d-0cce25ccf3ee
[2026-08-21T04:26:23.260+0000] {spark_submit.py:571} INFO - 26/08/21 04:26:23 INFO MemoryStore: MemoryStore started with capacity 434.4 MiB
[2026-08-21T04:26:23.290+0000] {spark_submit.py:571} INFO - 26/08/21 04:26:23 INFO SparkEnv: Registering OutputCommitCoordinator
[2026-08-21T04:26:23.584+0000] {spark_submit.py:571} INFO - 26/08/21 04:26:23 INFO JettyUtils: Start Jetty 0.0.0.0:4040 for SparkUI
[2026-08-21T04:26:23.668+0000] {spark_submit.py:571} INFO - 26/08/21 04:26:23 WARN Utils: Service 'SparkUI' could not bind on port 4040. Attempting port 4041.
[2026-08-21T04:26:23.674+0000] {spark_submit.py:571} INFO - 26/08/21 04:26:23 INFO Utils: Successfully started service 'SparkUI' on port 4041.
[2026-08-21T04:26:23.907+0000] {spark_submit.py:571} INFO - 26/08/21 04:26:23 INFO StandaloneAppClient$ClientEndpoint: Connecting to master spark://spark-master:7077...
[2026-08-21T04:26:24.001+0000] {spark_submit.py:571} INFO - 26/08/21 04:26:24 INFO TransportClientFactory: Successfully created connection to spark-master/172.18.0.4:7077 after 36 ms (0 ms spent in bootstraps)
[2026-08-21T04:26:24.233+0000] {spark_submit.py:571} INFO - 26/08/21 04:26:24 INFO StandaloneSchedulerBackend: Connected to Spark cluster with app ID app-20260821042624-0017
[2026-08-21T04:26:24.258+0000] {spark_submit.py:571} INFO - 26/08/21 04:26:24 INFO Utils: Successfully started service 'org.apache.spark.network.netty.NettyBlockTransferService' on port 44539.
[2026-08-21T04:26:24.259+0000] {spark_submit.py:571} INFO - 26/08/21 04:26:24 INFO NettyBlockTransferService: Server created on c90a551abb73:44539
[2026-08-21T04:26:24.259+0000] {spark_submit.py:571} INFO - 26/08/21 04:26:24 INFO BlockManager: Using org.apache.spark.storage.RandomBlockReplicationPolicy for block replication policy
[2026-08-21T04:26:24.280+0000] {spark_submit.py:571} INFO - 26/08/21 04:26:24 INFO BlockManagerMaster: Registering BlockManager BlockManagerId(driver, c90a551abb73, 44539, None)
[2026-08-21T04:26:24.289+0000] {spark_submit.py:571} INFO - 26/08/21 04:26:24 INFO BlockManagerMasterEndpoint: Registering block manager c90a551abb73:44539 with 434.4 MiB RAM, BlockManagerId(driver, c90a551abb73, 44539, None)
[2026-08-21T04:26:24.295+0000] {spark_submit.py:571} INFO - 26/08/21 04:26:24 INFO BlockManagerMaster: Registered BlockManager BlockManagerId(driver, c90a551abb73, 44539, None)
[2026-08-21T04:26:24.301+0000] {spark_submit.py:571} INFO - 26/08/21 04:26:24 INFO BlockManager: Initialized BlockManager: BlockManagerId(driver, c90a551abb73, 44539, None)
[2026-08-21T04:26:25.116+0000] {spark_submit.py:571} INFO - 26/08/21 04:26:25 INFO StandaloneSchedulerBackend: SchedulerBackend is ready for scheduling beginning after reached minRegisteredResourcesRatio: 0.0
[2026-08-21T04:26:26.365+0000] {spark_submit.py:571} INFO - Đang nạp s3a://landingzone/202506.csv và trích xuất dữ liệu ca: 2025-06-01-00...
[2026-08-21T04:26:26.708+0000] {spark_submit.py:571} INFO - 26/08/21 04:26:26 INFO SharedState: Setting hive.metastore.warehouse.dir ('null') to the value of spark.sql.warehouse.dir.
[2026-08-21T04:26:26.752+0000] {spark_submit.py:571} INFO - 26/08/21 04:26:26 INFO SharedState: Warehouse path is 'file:/opt/***/spark-warehouse'.
[2026-08-21T04:26:29.402+0000] {spark_submit.py:571} INFO - 26/08/21 04:26:29 WARN MetricsConfig: Cannot locate configuration: tried hadoop-metrics2-s3a-file-system.properties,hadoop-metrics2.properties
[2026-08-21T04:26:29.494+0000] {spark_submit.py:571} INFO - 26/08/21 04:26:29 INFO MetricsSystemImpl: Scheduled Metric snapshot period at 10 second(s).
[2026-08-21T04:26:29.496+0000] {spark_submit.py:571} INFO - 26/08/21 04:26:29 INFO MetricsSystemImpl: s3a-file-system metrics system started
[2026-08-21T04:26:32.234+0000] {spark_submit.py:571} INFO - 26/08/21 04:26:32 INFO InMemoryFileIndex: It took 79 ms to list leaf files for 1 paths.
[2026-08-21T04:26:32.325+0000] {spark_submit.py:571} INFO - 26/08/21 04:26:32 INFO InMemoryFileIndex: It took 25 ms to list leaf files for 1 paths.
[2026-08-21T04:26:34.937+0000] {spark_submit.py:571} INFO - 26/08/21 04:26:34 INFO FileSourceStrategy: Pushed Filters:
[2026-08-21T04:26:34.940+0000] {spark_submit.py:571} INFO - 26/08/21 04:26:34 INFO FileSourceStrategy: Post-Scan Filters: (length(trim(value#0, None)) > 0)
[2026-08-21T04:26:35.507+0000] {spark_submit.py:571} INFO - 26/08/21 04:26:35 INFO CodeGenerator: Code generated in 242.145836 ms
[2026-08-21T04:26:35.567+0000] {spark_submit.py:571} INFO - 26/08/21 04:26:35 INFO MemoryStore: Block broadcast_0 stored as values in memory (estimated size 201.8 KiB, free 434.2 MiB)
[2026-08-21T04:26:35.625+0000] {spark_submit.py:571} INFO - 26/08/21 04:26:35 INFO MemoryStore: Block broadcast_0_piece0 stored as bytes in memory (estimated size 34.9 KiB, free 434.2 MiB)
[2026-08-21T04:26:35.628+0000] {spark_submit.py:571} INFO - 26/08/21 04:26:35 INFO BlockManagerInfo: Added broadcast_0_piece0 in memory on c90a551abb73:44539 (size: 34.9 KiB, free: 434.4 MiB)
[2026-08-21T04:26:35.637+0000] {spark_submit.py:571} INFO - 26/08/21 04:26:35 INFO SparkContext: Created broadcast 0 from csv at NativeMethodAccessorImpl.java:0
[2026-08-21T04:26:35.647+0000] {spark_submit.py:571} INFO - 26/08/21 04:26:35 INFO FileSourceScanExec: Planning scan with bin packing, max size: 134217728 bytes, open cost is considered as scanning 4194304 bytes.
[2026-08-21T04:26:35.769+0000] {spark_submit.py:571} INFO - 26/08/21 04:26:35 INFO SparkContext: Starting job: csv at NativeMethodAccessorImpl.java:0
[2026-08-21T04:26:35.821+0000] {spark_submit.py:571} INFO - 26/08/21 04:26:35 INFO DAGScheduler: Got job 0 (csv at NativeMethodAccessorImpl.java:0) with 1 output partitions
[2026-08-21T04:26:35.822+0000] {spark_submit.py:571} INFO - 26/08/21 04:26:35 INFO DAGScheduler: Final stage: ResultStage 0 (csv at NativeMethodAccessorImpl.java:0)
[2026-08-21T04:26:35.824+0000] {spark_submit.py:571} INFO - 26/08/21 04:26:35 INFO DAGScheduler: Parents of final stage: List()
[2026-08-21T04:26:35.828+0000] {spark_submit.py:571} INFO - 26/08/21 04:26:35 INFO DAGScheduler: Missing parents: List()
[2026-08-21T04:26:35.843+0000] {spark_submit.py:571} INFO - 26/08/21 04:26:35 INFO DAGScheduler: Submitting ResultStage 0 (MapPartitionsRDD[3] at csv at NativeMethodAccessorImpl.java:0), which has no missing parents
[2026-08-21T04:26:35.928+0000] {spark_submit.py:571} INFO - 26/08/21 04:26:35 INFO MemoryStore: Block broadcast_1 stored as values in memory (estimated size 13.5 KiB, free 434.2 MiB)
[2026-08-21T04:26:35.937+0000] {spark_submit.py:571} INFO - 26/08/21 04:26:35 INFO MemoryStore: Block broadcast_1_piece0 stored as bytes in memory (estimated size 6.4 KiB, free 434.1 MiB)
[2026-08-21T04:26:35.938+0000] {spark_submit.py:571} INFO - 26/08/21 04:26:35 INFO BlockManagerInfo: Added broadcast_1_piece0 in memory on c90a551abb73:44539 (size: 6.4 KiB, free: 434.4 MiB)
[2026-08-21T04:26:35.940+0000] {spark_submit.py:571} INFO - 26/08/21 04:26:35 INFO SparkContext: Created broadcast 1 from broadcast at DAGScheduler.scala:1585
[2026-08-21T04:26:35.953+0000] {spark_submit.py:571} INFO - 26/08/21 04:26:35 INFO DAGScheduler: Submitting 1 missing tasks from ResultStage 0 (MapPartitionsRDD[3] at csv at NativeMethodAccessorImpl.java:0) (first 15 tasks are for partitions Vector(0))
[2026-08-21T04:26:35.954+0000] {spark_submit.py:571} INFO - 26/08/21 04:26:35 INFO TaskSchedulerImpl: Adding task set 0.0 with 1 tasks resource profile 0
[2026-08-21T04:26:50.964+0000] {spark_submit.py:571} INFO - 26/08/21 04:26:50 WARN TaskSchedulerImpl: Initial job has not accepted any resources; check your cluster UI to ensure that workers are registered and have sufficient resources
[2026-08-21T04:27:05.963+0000] {spark_submit.py:571} INFO - 26/08/21 04:27:05 WARN TaskSchedulerImpl: Initial job has not accepted any resources; check your cluster UI to ensure that workers are registered and have sufficient resources
[2026-08-21T04:27:14.934+0000] {spark_submit.py:571} INFO - 26/08/21 04:27:14 INFO StandaloneAppClient$ClientEndpoint: Executor added: app-20260821042624-0017/0 on worker-20260821021253-172.18.0.6-39045 (172.18.0.6:39045) with 2 core(s)
[2026-08-21T04:27:14.949+0000] {spark_submit.py:571} INFO - 26/08/21 04:27:14 INFO StandaloneSchedulerBackend: Granted executor ID app-20260821042624-0017/0 on hostPort 172.18.0.6:39045 with 2 core(s), 1024.0 MiB RAM
[2026-08-21T04:27:14.955+0000] {spark_submit.py:571} INFO - 26/08/21 04:27:14 INFO StandaloneAppClient$ClientEndpoint: Executor added: app-20260821042624-0017/1 on worker-20260821021253-172.18.0.7-44957 (172.18.0.7:44957) with 2 core(s)
[2026-08-21T04:27:14.959+0000] {spark_submit.py:571} INFO - 26/08/21 04:27:14 INFO StandaloneSchedulerBackend: Granted executor ID app-20260821042624-0017/1 on hostPort 172.18.0.7:44957 with 2 core(s), 1024.0 MiB RAM
[2026-08-21T04:27:15.023+0000] {spark_submit.py:571} INFO - 26/08/21 04:27:15 INFO StandaloneAppClient$ClientEndpoint: Executor updated: app-20260821042624-0017/0 is now RUNNING
[2026-08-21T04:27:15.046+0000] {spark_submit.py:571} INFO - 26/08/21 04:27:15 INFO StandaloneAppClient$ClientEndpoint: Executor updated: app-20260821042624-0017/1 is now RUNNING
[2026-08-21T04:27:20.918+0000] {spark_submit.py:571} INFO - 26/08/21 04:27:20 INFO StandaloneSchedulerBackend$StandaloneDriverEndpoint: Registered executor NettyRpcEndpointRef(spark-client://Executor) (172.18.0.7:54462) with ID 1,  ResourceProfileId 0
[2026-08-21T04:27:20.963+0000] {spark_submit.py:571} INFO - 26/08/21 04:27:20 WARN TaskSchedulerImpl: Initial job has not accepted any resources; check your cluster UI to ensure that workers are registered and have sufficient resources
[2026-08-21T04:27:20.995+0000] {spark_submit.py:571} INFO - 26/08/21 04:27:20 INFO StandaloneSchedulerBackend$StandaloneDriverEndpoint: Registered executor NettyRpcEndpointRef(spark-client://Executor) (172.18.0.6:38948) with ID 0,  ResourceProfileId 0
[2026-08-21T04:27:21.053+0000] {spark_submit.py:571} INFO - 26/08/21 04:27:21 INFO BlockManagerMasterEndpoint: Registering block manager 172.18.0.7:43885 with 434.4 MiB RAM, BlockManagerId(1, 172.18.0.7, 43885, None)
[2026-08-21T04:27:21.195+0000] {spark_submit.py:571} INFO - 26/08/21 04:27:21 INFO TaskSetManager: Starting task 0.0 in stage 0.0 (TID 0) (172.18.0.7, executor 1, partition 0, PROCESS_LOCAL, 8210 bytes)
[2026-08-21T04:27:21.231+0000] {spark_submit.py:571} INFO - 26/08/21 04:27:21 INFO BlockManagerMasterEndpoint: Registering block manager 172.18.0.6:41803 with 434.4 MiB RAM, BlockManagerId(0, 172.18.0.6, 41803, None)
[2026-08-21T04:27:21.516+0000] {spark_submit.py:571} INFO - 26/08/21 04:27:21 INFO BlockManagerInfo: Added broadcast_1_piece0 in memory on 172.18.0.7:43885 (size: 6.4 KiB, free: 434.4 MiB)
[2026-08-21T04:27:22.406+0000] {spark_submit.py:571} INFO - 26/08/21 04:27:22 INFO BlockManagerInfo: Added broadcast_0_piece0 in memory on 172.18.0.7:43885 (size: 34.9 KiB, free: 434.4 MiB)
[2026-08-21T04:27:23.623+0000] {spark_submit.py:571} INFO - 26/08/21 04:27:23 INFO TaskSetManager: Finished task 0.0 in stage 0.0 (TID 0) in 2460 ms on 172.18.0.7 (executor 1) (1/1)
[2026-08-21T04:27:23.624+0000] {spark_submit.py:571} INFO - 26/08/21 04:27:23 INFO TaskSchedulerImpl: Removed TaskSet 0.0, whose tasks have all completed, from pool
[2026-08-21T04:27:23.631+0000] {spark_submit.py:571} INFO - 26/08/21 04:27:23 INFO DAGScheduler: ResultStage 0 (csv at NativeMethodAccessorImpl.java:0) finished in 47.769 s
[2026-08-21T04:27:23.635+0000] {spark_submit.py:571} INFO - 26/08/21 04:27:23 INFO DAGScheduler: Job 0 is finished. Cancelling potential speculative or zombie tasks for this job
[2026-08-21T04:27:23.635+0000] {spark_submit.py:571} INFO - 26/08/21 04:27:23 INFO TaskSchedulerImpl: Killing all running tasks in stage 0: Stage finished
[2026-08-21T04:27:23.636+0000] {spark_submit.py:571} INFO - 26/08/21 04:27:23 INFO DAGScheduler: Job 0 finished: csv at NativeMethodAccessorImpl.java:0, took 47.866772 s
[2026-08-21T04:27:23.674+0000] {spark_submit.py:571} INFO - 26/08/21 04:27:23 INFO CodeGenerator: Code generated in 24.493678 ms
[2026-08-21T04:27:23.764+0000] {spark_submit.py:571} INFO - 26/08/21 04:27:23 INFO BlockManagerInfo: Removed broadcast_1_piece0 on c90a551abb73:44539 in memory (size: 6.4 KiB, free: 434.4 MiB)
[2026-08-21T04:27:23.767+0000] {spark_submit.py:571} INFO - 26/08/21 04:27:23 INFO BlockManagerInfo: Removed broadcast_1_piece0 on 172.18.0.7:43885 in memory (size: 6.4 KiB, free: 434.4 MiB)
[2026-08-21T04:27:23.768+0000] {spark_submit.py:571} INFO - 26/08/21 04:27:23 INFO FileSourceStrategy: Pushed Filters:
[2026-08-21T04:27:23.768+0000] {spark_submit.py:571} INFO - 26/08/21 04:27:23 INFO FileSourceStrategy: Post-Scan Filters:
[2026-08-21T04:27:23.780+0000] {spark_submit.py:571} INFO - 26/08/21 04:27:23 INFO MemoryStore: Block broadcast_2 stored as values in memory (estimated size 201.8 KiB, free 434.0 MiB)
[2026-08-21T04:27:23.817+0000] {spark_submit.py:571} INFO - 26/08/21 04:27:23 INFO MemoryStore: Block broadcast_2_piece0 stored as bytes in memory (estimated size 34.9 KiB, free 433.9 MiB)
[2026-08-21T04:27:23.820+0000] {spark_submit.py:571} INFO - 26/08/21 04:27:23 INFO BlockManagerInfo: Added broadcast_2_piece0 in memory on c90a551abb73:44539 (size: 34.9 KiB, free: 434.3 MiB)
[2026-08-21T04:27:23.821+0000] {spark_submit.py:571} INFO - 26/08/21 04:27:23 INFO SparkContext: Created broadcast 2 from csv at NativeMethodAccessorImpl.java:0
[2026-08-21T04:27:23.823+0000] {spark_submit.py:571} INFO - 26/08/21 04:27:23 INFO FileSourceScanExec: Planning scan with bin packing, max size: 134217728 bytes, open cost is considered as scanning 4194304 bytes.
[2026-08-21T04:27:23.928+0000] {spark_submit.py:571} INFO - 26/08/21 04:27:23 INFO SparkContext: Starting job: csv at NativeMethodAccessorImpl.java:0
[2026-08-21T04:27:23.930+0000] {spark_submit.py:571} INFO - 26/08/21 04:27:23 INFO DAGScheduler: Got job 1 (csv at NativeMethodAccessorImpl.java:0) with 7 output partitions
[2026-08-21T04:27:23.930+0000] {spark_submit.py:571} INFO - 26/08/21 04:27:23 INFO DAGScheduler: Final stage: ResultStage 1 (csv at NativeMethodAccessorImpl.java:0)
[2026-08-21T04:27:23.931+0000] {spark_submit.py:571} INFO - 26/08/21 04:27:23 INFO DAGScheduler: Parents of final stage: List()
[2026-08-21T04:27:23.931+0000] {spark_submit.py:571} INFO - 26/08/21 04:27:23 INFO DAGScheduler: Missing parents: List()
[2026-08-21T04:27:23.932+0000] {spark_submit.py:571} INFO - 26/08/21 04:27:23 INFO DAGScheduler: Submitting ResultStage 1 (MapPartitionsRDD[9] at csv at NativeMethodAccessorImpl.java:0), which has no missing parents
[2026-08-21T04:27:23.952+0000] {spark_submit.py:571} INFO - 26/08/21 04:27:23 INFO MemoryStore: Block broadcast_3 stored as values in memory (estimated size 28.4 KiB, free 433.9 MiB)
[2026-08-21T04:27:23.960+0000] {spark_submit.py:571} INFO - 26/08/21 04:27:23 INFO MemoryStore: Block broadcast_3_piece0 stored as bytes in memory (estimated size 13.1 KiB, free 433.9 MiB)
[2026-08-21T04:27:23.961+0000] {spark_submit.py:571} INFO - 26/08/21 04:27:23 INFO BlockManagerInfo: Added broadcast_3_piece0 in memory on c90a551abb73:44539 (size: 13.1 KiB, free: 434.3 MiB)
[2026-08-21T04:27:23.963+0000] {spark_submit.py:571} INFO - 26/08/21 04:27:23 INFO SparkContext: Created broadcast 3 from broadcast at DAGScheduler.scala:1585
[2026-08-21T04:27:23.963+0000] {spark_submit.py:571} INFO - 26/08/21 04:27:23 INFO DAGScheduler: Submitting 7 missing tasks from ResultStage 1 (MapPartitionsRDD[9] at csv at NativeMethodAccessorImpl.java:0) (first 15 tasks are for partitions Vector(0, 1, 2, 3, 4, 5, 6))
[2026-08-21T04:27:23.964+0000] {spark_submit.py:571} INFO - 26/08/21 04:27:23 INFO TaskSchedulerImpl: Adding task set 1.0 with 7 tasks resource profile 0
[2026-08-21T04:27:23.964+0000] {spark_submit.py:571} INFO - 26/08/21 04:27:23 INFO TaskSetManager: Starting task 0.0 in stage 1.0 (TID 1) (172.18.0.6, executor 0, partition 0, PROCESS_LOCAL, 8210 bytes)
[2026-08-21T04:27:23.966+0000] {spark_submit.py:571} INFO - 26/08/21 04:27:23 INFO TaskSetManager: Starting task 1.0 in stage 1.0 (TID 2) (172.18.0.7, executor 1, partition 1, PROCESS_LOCAL, 8210 bytes)
[2026-08-21T04:27:23.967+0000] {spark_submit.py:571} INFO - 26/08/21 04:27:23 INFO TaskSetManager: Starting task 2.0 in stage 1.0 (TID 3) (172.18.0.6, executor 0, partition 2, PROCESS_LOCAL, 8210 bytes)
[2026-08-21T04:27:23.968+0000] {spark_submit.py:571} INFO - 26/08/21 04:27:23 INFO TaskSetManager: Starting task 3.0 in stage 1.0 (TID 4) (172.18.0.7, executor 1, partition 3, PROCESS_LOCAL, 8210 bytes)
[2026-08-21T04:27:24.107+0000] {spark_submit.py:571} INFO - 26/08/21 04:27:24 INFO BlockManagerInfo: Added broadcast_3_piece0 in memory on 172.18.0.7:43885 (size: 13.1 KiB, free: 434.4 MiB)
[2026-08-21T04:27:24.399+0000] {spark_submit.py:571} INFO - 26/08/21 04:27:24 INFO BlockManagerInfo: Added broadcast_3_piece0 in memory on 172.18.0.6:41803 (size: 13.1 KiB, free: 434.4 MiB)
[2026-08-21T04:27:25.882+0000] {spark_submit.py:571} INFO - 26/08/21 04:27:25 INFO BlockManagerInfo: Added broadcast_2_piece0 in memory on 172.18.0.7:43885 (size: 34.9 KiB, free: 434.3 MiB)
[2026-08-21T04:27:27.799+0000] {spark_submit.py:571} INFO - 26/08/21 04:27:27 INFO BlockManagerInfo: Added broadcast_2_piece0 in memory on 172.18.0.6:41803 (size: 34.9 KiB, free: 434.4 MiB)
[2026-08-21T04:27:31.461+0000] {spark_submit.py:571} INFO - 26/08/21 04:27:31 INFO TaskSetManager: Starting task 4.0 in stage 1.0 (TID 5) (172.18.0.7, executor 1, partition 4, PROCESS_LOCAL, 8210 bytes)
[2026-08-21T04:27:31.464+0000] {spark_submit.py:571} INFO - 26/08/21 04:27:31 INFO TaskSetManager: Finished task 3.0 in stage 1.0 (TID 4) in 7496 ms on 172.18.0.7 (executor 1) (1/7)
[2026-08-21T04:27:31.685+0000] {spark_submit.py:571} INFO - 26/08/21 04:27:31 INFO TaskSetManager: Starting task 5.0 in stage 1.0 (TID 6) (172.18.0.7, executor 1, partition 5, PROCESS_LOCAL, 8210 bytes)
[2026-08-21T04:27:31.699+0000] {spark_submit.py:571} INFO - 26/08/21 04:27:31 INFO TaskSetManager: Finished task 1.0 in stage 1.0 (TID 2) in 7727 ms on 172.18.0.7 (executor 1) (2/7)
[2026-08-21T04:27:35.843+0000] {spark_submit.py:571} INFO - 26/08/21 04:27:35 INFO TaskSetManager: Starting task 6.0 in stage 1.0 (TID 7) (172.18.0.6, executor 0, partition 6, PROCESS_LOCAL, 8210 bytes)
[2026-08-21T04:27:35.846+0000] {spark_submit.py:571} INFO - 26/08/21 04:27:35 INFO TaskSetManager: Finished task 0.0 in stage 1.0 (TID 1) in 11880 ms on 172.18.0.6 (executor 0) (3/7)
[2026-08-21T04:27:35.846+0000] {spark_submit.py:571} INFO - 26/08/21 04:27:35 INFO TaskSetManager: Finished task 2.0 in stage 1.0 (TID 3) in 11879 ms on 172.18.0.6 (executor 0) (4/7)
[2026-08-21T04:27:35.862+0000] {spark_submit.py:571} INFO - 26/08/21 04:27:35 INFO TaskSetManager: Finished task 5.0 in stage 1.0 (TID 6) in 4177 ms on 172.18.0.7 (executor 1) (5/7)
[2026-08-21T04:27:35.867+0000] {spark_submit.py:571} INFO - 26/08/21 04:27:35 INFO TaskSetManager: Finished task 4.0 in stage 1.0 (TID 5) in 4405 ms on 172.18.0.7 (executor 1) (6/7)
[2026-08-21T04:27:37.438+0000] {spark_submit.py:571} INFO - 26/08/21 04:27:37 INFO TaskSetManager: Finished task 6.0 in stage 1.0 (TID 7) in 1594 ms on 172.18.0.6 (executor 0) (7/7)
[2026-08-21T04:27:37.439+0000] {spark_submit.py:571} INFO - 26/08/21 04:27:37 INFO TaskSchedulerImpl: Removed TaskSet 1.0, whose tasks have all completed, from pool
[2026-08-21T04:27:37.439+0000] {spark_submit.py:571} INFO - 26/08/21 04:27:37 INFO DAGScheduler: ResultStage 1 (csv at NativeMethodAccessorImpl.java:0) finished in 13.503 s
[2026-08-21T04:27:37.439+0000] {spark_submit.py:571} INFO - 26/08/21 04:27:37 INFO DAGScheduler: Job 1 is finished. Cancelling potential speculative or zombie tasks for this job
[2026-08-21T04:27:37.439+0000] {spark_submit.py:571} INFO - 26/08/21 04:27:37 INFO TaskSchedulerImpl: Killing all running tasks in stage 1: Stage finished
[2026-08-21T04:27:37.440+0000] {spark_submit.py:571} INFO - 26/08/21 04:27:37 INFO DAGScheduler: Job 1 finished: csv at NativeMethodAccessorImpl.java:0, took 13.511187 s
[2026-08-21T04:27:37.832+0000] {spark_submit.py:571} INFO - 26/08/21 04:27:37 INFO FileSourceStrategy: Pushed Filters: IsNotNull(date_hour)
[2026-08-21T04:27:37.833+0000] {spark_submit.py:571} INFO - 26/08/21 04:27:37 INFO FileSourceStrategy: Post-Scan Filters: isnotnull(date_hour#19),(regexp_replace(date_hour#19, ", , 1) = 2025-06-01-00)
[2026-08-21T04:27:37.943+0000] {spark_submit.py:571} INFO - 26/08/21 04:27:37 INFO CodeGenerator: Code generated in 33.924548 ms
[2026-08-21T04:27:37.949+0000] {spark_submit.py:571} INFO - 26/08/21 04:27:37 INFO MemoryStore: Block broadcast_4 stored as values in memory (estimated size 201.7 KiB, free 433.7 MiB)
[2026-08-21T04:27:37.967+0000] {spark_submit.py:571} INFO - 26/08/21 04:27:37 INFO BlockManagerInfo: Removed broadcast_3_piece0 on c90a551abb73:44539 in memory (size: 13.1 KiB, free: 434.3 MiB)
[2026-08-21T04:27:37.975+0000] {spark_submit.py:571} INFO - 26/08/21 04:27:37 INFO BlockManagerInfo: Removed broadcast_3_piece0 on 172.18.0.7:43885 in memory (size: 13.1 KiB, free: 434.3 MiB)
[2026-08-21T04:27:37.979+0000] {spark_submit.py:571} INFO - 26/08/21 04:27:37 INFO MemoryStore: Block broadcast_4_piece0 stored as bytes in memory (estimated size 34.9 KiB, free 433.7 MiB)
[2026-08-21T04:27:37.981+0000] {spark_submit.py:571} INFO - 26/08/21 04:27:37 INFO BlockManagerInfo: Added broadcast_4_piece0 in memory on c90a551abb73:44539 (size: 34.9 KiB, free: 434.3 MiB)
[2026-08-21T04:27:37.982+0000] {spark_submit.py:571} INFO - 26/08/21 04:27:37 INFO SparkContext: Created broadcast 4 from count at NativeMethodAccessorImpl.java:0
[2026-08-21T04:27:37.988+0000] {spark_submit.py:571} INFO - 26/08/21 04:27:37 INFO FileSourceScanExec: Planning scan with bin packing, max size: 134217728 bytes, open cost is considered as scanning 4194304 bytes.
[2026-08-21T04:27:37.989+0000] {spark_submit.py:571} INFO - 26/08/21 04:27:37 INFO BlockManagerInfo: Removed broadcast_3_piece0 on 172.18.0.6:41803 in memory (size: 13.1 KiB, free: 434.4 MiB)
[2026-08-21T04:27:38.032+0000] {spark_submit.py:571} INFO - 26/08/21 04:27:38 INFO DAGScheduler: Registering RDD 13 (count at NativeMethodAccessorImpl.java:0) as input to shuffle 0
[2026-08-21T04:27:38.042+0000] {spark_submit.py:571} INFO - 26/08/21 04:27:38 INFO DAGScheduler: Got map stage job 2 (count at NativeMethodAccessorImpl.java:0) with 7 output partitions
[2026-08-21T04:27:38.047+0000] {spark_submit.py:571} INFO - 26/08/21 04:27:38 INFO DAGScheduler: Final stage: ShuffleMapStage 2 (count at NativeMethodAccessorImpl.java:0)
[2026-08-21T04:27:38.047+0000] {spark_submit.py:571} INFO - 26/08/21 04:27:38 INFO DAGScheduler: Parents of final stage: List()
[2026-08-21T04:27:38.048+0000] {spark_submit.py:571} INFO - 26/08/21 04:27:38 INFO DAGScheduler: Missing parents: List()
[2026-08-21T04:27:38.048+0000] {spark_submit.py:571} INFO - 26/08/21 04:27:38 INFO DAGScheduler: Submitting ShuffleMapStage 2 (MapPartitionsRDD[13] at count at NativeMethodAccessorImpl.java:0), which has no missing parents
[2026-08-21T04:27:38.065+0000] {spark_submit.py:571} INFO - 26/08/21 04:27:38 INFO BlockManagerInfo: Removed broadcast_0_piece0 on c90a551abb73:44539 in memory (size: 34.9 KiB, free: 434.3 MiB)
[2026-08-21T04:27:38.069+0000] {spark_submit.py:571} INFO - 26/08/21 04:27:38 INFO BlockManagerInfo: Removed broadcast_0_piece0 on 172.18.0.7:43885 in memory (size: 34.9 KiB, free: 434.4 MiB)
[2026-08-21T04:27:38.087+0000] {spark_submit.py:571} INFO - 26/08/21 04:27:38 INFO MemoryStore: Block broadcast_5 stored as values in memory (estimated size 21.0 KiB, free 433.9 MiB)
[2026-08-21T04:27:38.089+0000] {spark_submit.py:571} INFO - 26/08/21 04:27:38 INFO MemoryStore: Block broadcast_5_piece0 stored as bytes in memory (estimated size 10.1 KiB, free 433.9 MiB)
[2026-08-21T04:27:38.090+0000] {spark_submit.py:571} INFO - 26/08/21 04:27:38 INFO BlockManagerInfo: Added broadcast_5_piece0 in memory on c90a551abb73:44539 (size: 10.1 KiB, free: 434.3 MiB)
[2026-08-21T04:27:38.092+0000] {spark_submit.py:571} INFO - 26/08/21 04:27:38 INFO SparkContext: Created broadcast 5 from broadcast at DAGScheduler.scala:1585
[2026-08-21T04:27:38.095+0000] {spark_submit.py:571} INFO - 26/08/21 04:27:38 INFO DAGScheduler: Submitting 7 missing tasks from ShuffleMapStage 2 (MapPartitionsRDD[13] at count at NativeMethodAccessorImpl.java:0) (first 15 tasks are for partitions Vector(0, 1, 2, 3, 4, 5, 6))
[2026-08-21T04:27:38.095+0000] {spark_submit.py:571} INFO - 26/08/21 04:27:38 INFO TaskSchedulerImpl: Adding task set 2.0 with 7 tasks resource profile 0
[2026-08-21T04:27:38.097+0000] {spark_submit.py:571} INFO - 26/08/21 04:27:38 INFO TaskSetManager: Starting task 0.0 in stage 2.0 (TID 8) (172.18.0.7, executor 1, partition 0, PROCESS_LOCAL, 8199 bytes)
[2026-08-21T04:27:38.097+0000] {spark_submit.py:571} INFO - 26/08/21 04:27:38 INFO TaskSetManager: Starting task 1.0 in stage 2.0 (TID 9) (172.18.0.6, executor 0, partition 1, PROCESS_LOCAL, 8199 bytes)
[2026-08-21T04:27:38.098+0000] {spark_submit.py:571} INFO - 26/08/21 04:27:38 INFO TaskSetManager: Starting task 2.0 in stage 2.0 (TID 10) (172.18.0.7, executor 1, partition 2, PROCESS_LOCAL, 8199 bytes)
[2026-08-21T04:27:38.098+0000] {spark_submit.py:571} INFO - 26/08/21 04:27:38 INFO TaskSetManager: Starting task 3.0 in stage 2.0 (TID 11) (172.18.0.6, executor 0, partition 3, PROCESS_LOCAL, 8199 bytes)
[2026-08-21T04:27:38.133+0000] {spark_submit.py:571} INFO - 26/08/21 04:27:38 INFO BlockManagerInfo: Added broadcast_5_piece0 in memory on 172.18.0.7:43885 (size: 10.1 KiB, free: 434.4 MiB)
[2026-08-21T04:27:38.160+0000] {spark_submit.py:571} INFO - 26/08/21 04:27:38 INFO BlockManagerInfo: Added broadcast_5_piece0 in memory on 172.18.0.6:41803 (size: 10.1 KiB, free: 434.4 MiB)
[2026-08-21T04:27:38.431+0000] {spark_submit.py:571} INFO - 26/08/21 04:27:38 INFO BlockManagerInfo: Added broadcast_4_piece0 in memory on 172.18.0.7:43885 (size: 34.9 KiB, free: 434.3 MiB)
[2026-08-21T04:27:38.450+0000] {spark_submit.py:571} INFO - 26/08/21 04:27:38 INFO BlockManagerInfo: Added broadcast_4_piece0 in memory on 172.18.0.6:41803 (size: 34.9 KiB, free: 434.3 MiB)
[2026-08-21T04:27:41.140+0000] {spark_submit.py:571} INFO - 26/08/21 04:27:41 INFO TaskSetManager: Starting task 4.0 in stage 2.0 (TID 12) (172.18.0.7, executor 1, partition 4, PROCESS_LOCAL, 8199 bytes)
[2026-08-21T04:27:41.140+0000] {spark_submit.py:571} INFO - 26/08/21 04:27:41 INFO TaskSetManager: Starting task 5.0 in stage 2.0 (TID 13) (172.18.0.7, executor 1, partition 5, PROCESS_LOCAL, 8199 bytes)
[2026-08-21T04:27:41.154+0000] {spark_submit.py:571} INFO - 26/08/21 04:27:41 INFO TaskSetManager: Finished task 2.0 in stage 2.0 (TID 10) in 3051 ms on 172.18.0.7 (executor 1) (1/7)
[2026-08-21T04:27:41.154+0000] {spark_submit.py:571} INFO - 26/08/21 04:27:41 INFO TaskSetManager: Finished task 0.0 in stage 2.0 (TID 8) in 3053 ms on 172.18.0.7 (executor 1) (2/7)
[2026-08-21T04:27:41.614+0000] {spark_submit.py:571} INFO - 26/08/21 04:27:41 INFO TaskSetManager: Starting task 6.0 in stage 2.0 (TID 14) (172.18.0.6, executor 0, partition 6, PROCESS_LOCAL, 8199 bytes)
[2026-08-21T04:27:41.625+0000] {spark_submit.py:571} INFO - 26/08/21 04:27:41 INFO TaskSetManager: Finished task 1.0 in stage 2.0 (TID 9) in 3525 ms on 172.18.0.6 (executor 0) (3/7)
[2026-08-21T04:27:41.861+0000] {spark_submit.py:571} INFO - 26/08/21 04:27:41 INFO TaskSetManager: Finished task 3.0 in stage 2.0 (TID 11) in 3763 ms on 172.18.0.6 (executor 0) (4/7)
[2026-08-21T04:27:43.010+0000] {spark_submit.py:571} INFO - 26/08/21 04:27:43 INFO TaskSetManager: Finished task 5.0 in stage 2.0 (TID 13) in 1872 ms on 172.18.0.7 (executor 1) (5/7)
[2026-08-21T04:27:43.106+0000] {spark_submit.py:571} INFO - 26/08/21 04:27:43 INFO TaskSetManager: Finished task 4.0 in stage 2.0 (TID 12) in 1970 ms on 172.18.0.7 (executor 1) (6/7)
[2026-08-21T04:27:43.181+0000] {spark_submit.py:571} INFO - 26/08/21 04:27:43 INFO TaskSetManager: Finished task 6.0 in stage 2.0 (TID 14) in 1566 ms on 172.18.0.6 (executor 0) (7/7)
[2026-08-21T04:27:43.181+0000] {spark_submit.py:571} INFO - 26/08/21 04:27:43 INFO TaskSchedulerImpl: Removed TaskSet 2.0, whose tasks have all completed, from pool
[2026-08-21T04:27:43.183+0000] {spark_submit.py:571} INFO - 26/08/21 04:27:43 INFO DAGScheduler: ShuffleMapStage 2 (count at NativeMethodAccessorImpl.java:0) finished in 5.125 s
[2026-08-21T04:27:43.183+0000] {spark_submit.py:571} INFO - 26/08/21 04:27:43 INFO DAGScheduler: looking for newly runnable stages
[2026-08-21T04:27:43.183+0000] {spark_submit.py:571} INFO - 26/08/21 04:27:43 INFO DAGScheduler: running: Set()
[2026-08-21T04:27:43.184+0000] {spark_submit.py:571} INFO - 26/08/21 04:27:43 INFO DAGScheduler: waiting: Set()
[2026-08-21T04:27:43.184+0000] {spark_submit.py:571} INFO - 26/08/21 04:27:43 INFO DAGScheduler: failed: Set()
[2026-08-21T04:27:43.214+0000] {spark_submit.py:571} INFO - 26/08/21 04:27:43 INFO CodeGenerator: Code generated in 11.631873 ms
[2026-08-21T04:27:43.239+0000] {spark_submit.py:571} INFO - 26/08/21 04:27:43 INFO SparkContext: Starting job: count at NativeMethodAccessorImpl.java:0
[2026-08-21T04:27:43.243+0000] {spark_submit.py:571} INFO - 26/08/21 04:27:43 INFO DAGScheduler: Got job 3 (count at NativeMethodAccessorImpl.java:0) with 1 output partitions
[2026-08-21T04:27:43.243+0000] {spark_submit.py:571} INFO - 26/08/21 04:27:43 INFO DAGScheduler: Final stage: ResultStage 4 (count at NativeMethodAccessorImpl.java:0)
[2026-08-21T04:27:43.244+0000] {spark_submit.py:571} INFO - 26/08/21 04:27:43 INFO DAGScheduler: Parents of final stage: List(ShuffleMapStage 3)
[2026-08-21T04:27:43.244+0000] {spark_submit.py:571} INFO - 26/08/21 04:27:43 INFO DAGScheduler: Missing parents: List()
[2026-08-21T04:27:43.244+0000] {spark_submit.py:571} INFO - 26/08/21 04:27:43 INFO DAGScheduler: Submitting ResultStage 4 (MapPartitionsRDD[16] at count at NativeMethodAccessorImpl.java:0), which has no missing parents
[2026-08-21T04:27:43.252+0000] {spark_submit.py:571} INFO - 26/08/21 04:27:43 INFO MemoryStore: Block broadcast_6 stored as values in memory (estimated size 12.5 KiB, free 433.9 MiB)
[2026-08-21T04:27:43.263+0000] {spark_submit.py:571} INFO - 26/08/21 04:27:43 INFO MemoryStore: Block broadcast_6_piece0 stored as bytes in memory (estimated size 5.9 KiB, free 433.9 MiB)
[2026-08-21T04:27:43.264+0000] {spark_submit.py:571} INFO - 26/08/21 04:27:43 INFO BlockManagerInfo: Added broadcast_6_piece0 in memory on c90a551abb73:44539 (size: 5.9 KiB, free: 434.3 MiB)
[2026-08-21T04:27:43.267+0000] {spark_submit.py:571} INFO - 26/08/21 04:27:43 INFO SparkContext: Created broadcast 6 from broadcast at DAGScheduler.scala:1585
[2026-08-21T04:27:43.267+0000] {spark_submit.py:571} INFO - 26/08/21 04:27:43 INFO DAGScheduler: Submitting 1 missing tasks from ResultStage 4 (MapPartitionsRDD[16] at count at NativeMethodAccessorImpl.java:0) (first 15 tasks are for partitions Vector(0))
[2026-08-21T04:27:43.268+0000] {spark_submit.py:571} INFO - 26/08/21 04:27:43 INFO TaskSchedulerImpl: Adding task set 4.0 with 1 tasks resource profile 0
[2026-08-21T04:27:43.269+0000] {spark_submit.py:571} INFO - 26/08/21 04:27:43 INFO BlockManagerInfo: Removed broadcast_5_piece0 on c90a551abb73:44539 in memory (size: 10.1 KiB, free: 434.3 MiB)
[2026-08-21T04:27:43.274+0000] {spark_submit.py:571} INFO - 26/08/21 04:27:43 INFO BlockManagerInfo: Removed broadcast_5_piece0 on 172.18.0.6:41803 in memory (size: 10.1 KiB, free: 434.3 MiB)
[2026-08-21T04:27:43.275+0000] {spark_submit.py:571} INFO - 26/08/21 04:27:43 INFO BlockManagerInfo: Removed broadcast_5_piece0 on 172.18.0.7:43885 in memory (size: 10.1 KiB, free: 434.3 MiB)
[2026-08-21T04:27:43.278+0000] {spark_submit.py:571} INFO - 26/08/21 04:27:43 INFO TaskSetManager: Starting task 0.0 in stage 4.0 (TID 15) (172.18.0.7, executor 1, partition 0, NODE_LOCAL, 7619 bytes)
[2026-08-21T04:27:43.308+0000] {spark_submit.py:571} INFO - 26/08/21 04:27:43 INFO BlockManagerInfo: Added broadcast_6_piece0 in memory on 172.18.0.7:43885 (size: 5.9 KiB, free: 434.3 MiB)
[2026-08-21T04:27:43.327+0000] {spark_submit.py:571} INFO - 26/08/21 04:27:43 INFO MapOutputTrackerMasterEndpoint: Asked to send map output locations for shuffle 0 to 172.18.0.7:54462
[2026-08-21T04:27:43.430+0000] {spark_submit.py:571} INFO - 26/08/21 04:27:43 INFO TaskSetManager: Finished task 0.0 in stage 4.0 (TID 15) in 158 ms on 172.18.0.7 (executor 1) (1/1)
[2026-08-21T04:27:43.432+0000] {spark_submit.py:571} INFO - 26/08/21 04:27:43 INFO TaskSchedulerImpl: Removed TaskSet 4.0, whose tasks have all completed, from pool
[2026-08-21T04:27:43.432+0000] {spark_submit.py:571} INFO - 26/08/21 04:27:43 INFO DAGScheduler: ResultStage 4 (count at NativeMethodAccessorImpl.java:0) finished in 0.179 s
[2026-08-21T04:27:43.432+0000] {spark_submit.py:571} INFO - 26/08/21 04:27:43 INFO DAGScheduler: Job 3 is finished. Cancelling potential speculative or zombie tasks for this job
[2026-08-21T04:27:43.432+0000] {spark_submit.py:571} INFO - 26/08/21 04:27:43 INFO TaskSchedulerImpl: Killing all running tasks in stage 4: Stage finished
[2026-08-21T04:27:43.432+0000] {spark_submit.py:571} INFO - 26/08/21 04:27:43 INFO DAGScheduler: Job 3 finished: count at NativeMethodAccessorImpl.java:0, took 0.192624 s
[2026-08-21T04:27:43.539+0000] {spark_submit.py:571} INFO - 26/08/21 04:27:43 INFO FileSourceStrategy: Pushed Filters: IsNotNull(date_hour)
[2026-08-21T04:27:43.540+0000] {spark_submit.py:571} INFO - 26/08/21 04:27:43 INFO FileSourceStrategy: Post-Scan Filters: isnotnull(date_hour#19),(regexp_replace(date_hour#19, ", , 1) = 2025-06-01-00)
[2026-08-21T04:27:43.569+0000] {spark_submit.py:571} INFO - 26/08/21 04:27:43 INFO MemoryStore: Block broadcast_7 stored as values in memory (estimated size 201.7 KiB, free 433.7 MiB)
[2026-08-21T04:27:43.580+0000] {spark_submit.py:571} INFO - 26/08/21 04:27:43 INFO BlockManagerInfo: Removed broadcast_6_piece0 on c90a551abb73:44539 in memory (size: 5.9 KiB, free: 434.3 MiB)
[2026-08-21T04:27:43.585+0000] {spark_submit.py:571} INFO - 26/08/21 04:27:43 INFO BlockManagerInfo: Removed broadcast_6_piece0 on 172.18.0.7:43885 in memory (size: 5.9 KiB, free: 434.3 MiB)
[2026-08-21T04:27:43.593+0000] {spark_submit.py:571} INFO - 26/08/21 04:27:43 INFO MemoryStore: Block broadcast_7_piece0 stored as bytes in memory (estimated size 34.9 KiB, free 433.7 MiB)
[2026-08-21T04:27:43.593+0000] {spark_submit.py:571} INFO - 26/08/21 04:27:43 INFO BlockManagerInfo: Added broadcast_7_piece0 in memory on c90a551abb73:44539 (size: 34.9 KiB, free: 434.3 MiB)
[2026-08-21T04:27:43.594+0000] {spark_submit.py:571} INFO - 26/08/21 04:27:43 INFO SparkContext: Created broadcast 7 from count at NativeMethodAccessorImpl.java:0
[2026-08-21T04:27:43.596+0000] {spark_submit.py:571} INFO - 26/08/21 04:27:43 INFO FileSourceScanExec: Planning scan with bin packing, max size: 134217728 bytes, open cost is considered as scanning 4194304 bytes.
[2026-08-21T04:27:43.611+0000] {spark_submit.py:571} INFO - 26/08/21 04:27:43 INFO DAGScheduler: Registering RDD 20 (count at NativeMethodAccessorImpl.java:0) as input to shuffle 1
[2026-08-21T04:27:43.612+0000] {spark_submit.py:571} INFO - 26/08/21 04:27:43 INFO DAGScheduler: Got map stage job 4 (count at NativeMethodAccessorImpl.java:0) with 7 output partitions
[2026-08-21T04:27:43.612+0000] {spark_submit.py:571} INFO - 26/08/21 04:27:43 INFO DAGScheduler: Final stage: ShuffleMapStage 5 (count at NativeMethodAccessorImpl.java:0)
[2026-08-21T04:27:43.612+0000] {spark_submit.py:571} INFO - 26/08/21 04:27:43 INFO DAGScheduler: Parents of final stage: List()
[2026-08-21T04:27:43.612+0000] {spark_submit.py:571} INFO - 26/08/21 04:27:43 INFO DAGScheduler: Missing parents: List()
[2026-08-21T04:27:43.612+0000] {spark_submit.py:571} INFO - 26/08/21 04:27:43 INFO DAGScheduler: Submitting ShuffleMapStage 5 (MapPartitionsRDD[20] at count at NativeMethodAccessorImpl.java:0), which has no missing parents
[2026-08-21T04:27:43.616+0000] {spark_submit.py:571} INFO - 26/08/21 04:27:43 INFO MemoryStore: Block broadcast_8 stored as values in memory (estimated size 21.0 KiB, free 433.7 MiB)
[2026-08-21T04:27:43.616+0000] {spark_submit.py:571} INFO - 26/08/21 04:27:43 INFO MemoryStore: Block broadcast_8_piece0 stored as bytes in memory (estimated size 10.1 KiB, free 433.7 MiB)
[2026-08-21T04:27:43.617+0000] {spark_submit.py:571} INFO - 26/08/21 04:27:43 INFO BlockManagerInfo: Added broadcast_8_piece0 in memory on c90a551abb73:44539 (size: 10.1 KiB, free: 434.3 MiB)
[2026-08-21T04:27:43.617+0000] {spark_submit.py:571} INFO - 26/08/21 04:27:43 INFO SparkContext: Created broadcast 8 from broadcast at DAGScheduler.scala:1585
[2026-08-21T04:27:43.617+0000] {spark_submit.py:571} INFO - 26/08/21 04:27:43 INFO DAGScheduler: Submitting 7 missing tasks from ShuffleMapStage 5 (MapPartitionsRDD[20] at count at NativeMethodAccessorImpl.java:0) (first 15 tasks are for partitions Vector(0, 1, 2, 3, 4, 5, 6))
[2026-08-21T04:27:43.617+0000] {spark_submit.py:571} INFO - 26/08/21 04:27:43 INFO TaskSchedulerImpl: Adding task set 5.0 with 7 tasks resource profile 0
[2026-08-21T04:27:43.618+0000] {spark_submit.py:571} INFO - 26/08/21 04:27:43 INFO TaskSetManager: Starting task 0.0 in stage 5.0 (TID 16) (172.18.0.6, executor 0, partition 0, PROCESS_LOCAL, 8199 bytes)
[2026-08-21T04:27:43.618+0000] {spark_submit.py:571} INFO - 26/08/21 04:27:43 INFO TaskSetManager: Starting task 1.0 in stage 5.0 (TID 17) (172.18.0.7, executor 1, partition 1, PROCESS_LOCAL, 8199 bytes)
[2026-08-21T04:27:43.618+0000] {spark_submit.py:571} INFO - 26/08/21 04:27:43 INFO TaskSetManager: Starting task 2.0 in stage 5.0 (TID 18) (172.18.0.6, executor 0, partition 2, PROCESS_LOCAL, 8199 bytes)
[2026-08-21T04:27:43.620+0000] {spark_submit.py:571} INFO - 26/08/21 04:27:43 INFO TaskSetManager: Starting task 3.0 in stage 5.0 (TID 19) (172.18.0.7, executor 1, partition 3, PROCESS_LOCAL, 8199 bytes)
[2026-08-21T04:27:43.649+0000] {spark_submit.py:571} INFO - 26/08/21 04:27:43 INFO BlockManagerInfo: Added broadcast_8_piece0 in memory on 172.18.0.7:43885 (size: 10.1 KiB, free: 434.3 MiB)
[2026-08-21T04:27:43.695+0000] {spark_submit.py:571} INFO - 26/08/21 04:27:43 INFO BlockManagerInfo: Removed broadcast_2_piece0 on c90a551abb73:44539 in memory (size: 34.9 KiB, free: 434.3 MiB)
[2026-08-21T04:27:43.699+0000] {spark_submit.py:571} INFO - 26/08/21 04:27:43 INFO BlockManagerInfo: Removed broadcast_2_piece0 on 172.18.0.6:41803 in memory (size: 34.9 KiB, free: 434.4 MiB)
[2026-08-21T04:27:43.700+0000] {spark_submit.py:571} INFO - 26/08/21 04:27:43 INFO BlockManagerInfo: Added broadcast_8_piece0 in memory on 172.18.0.6:41803 (size: 10.1 KiB, free: 434.4 MiB)
[2026-08-21T04:27:43.703+0000] {spark_submit.py:571} INFO - 26/08/21 04:27:43 INFO BlockManagerInfo: Added broadcast_7_piece0 in memory on 172.18.0.7:43885 (size: 34.9 KiB, free: 434.3 MiB)
[2026-08-21T04:27:43.703+0000] {spark_submit.py:571} INFO - 26/08/21 04:27:43 INFO BlockManagerInfo: Removed broadcast_2_piece0 on 172.18.0.7:43885 in memory (size: 34.9 KiB, free: 434.3 MiB)
[2026-08-21T04:27:43.749+0000] {spark_submit.py:571} INFO - 26/08/21 04:27:43 INFO BlockManagerInfo: Added broadcast_7_piece0 in memory on 172.18.0.6:41803 (size: 34.9 KiB, free: 434.3 MiB)
[2026-08-21T04:27:45.843+0000] {spark_submit.py:571} INFO - 26/08/21 04:27:45 INFO TaskSetManager: Starting task 4.0 in stage 5.0 (TID 20) (172.18.0.7, executor 1, partition 4, PROCESS_LOCAL, 8199 bytes)
[2026-08-21T04:27:45.846+0000] {spark_submit.py:571} INFO - 26/08/21 04:27:45 INFO TaskSetManager: Finished task 3.0 in stage 5.0 (TID 19) in 2225 ms on 172.18.0.7 (executor 1) (1/7)
[2026-08-21T04:27:45.921+0000] {spark_submit.py:571} INFO - 26/08/21 04:27:45 INFO TaskSetManager: Starting task 5.0 in stage 5.0 (TID 21) (172.18.0.6, executor 0, partition 5, PROCESS_LOCAL, 8199 bytes)
[2026-08-21T04:27:45.922+0000] {spark_submit.py:571} INFO - 26/08/21 04:27:45 INFO TaskSetManager: Finished task 2.0 in stage 5.0 (TID 18) in 2303 ms on 172.18.0.6 (executor 0) (2/7)
[2026-08-21T04:27:46.009+0000] {spark_submit.py:571} INFO - 26/08/21 04:27:46 INFO TaskSetManager: Starting task 6.0 in stage 5.0 (TID 22) (172.18.0.7, executor 1, partition 6, PROCESS_LOCAL, 8199 bytes)
[2026-08-21T04:27:46.009+0000] {spark_submit.py:571} INFO - 26/08/21 04:27:46 INFO TaskSetManager: Finished task 1.0 in stage 5.0 (TID 17) in 2391 ms on 172.18.0.7 (executor 1) (3/7)
[2026-08-21T04:27:46.098+0000] {spark_submit.py:571} INFO - 26/08/21 04:27:46 INFO TaskSetManager: Finished task 0.0 in stage 5.0 (TID 16) in 2481 ms on 172.18.0.6 (executor 0) (4/7)
[2026-08-21T04:27:47.300+0000] {spark_submit.py:571} INFO - 26/08/21 04:27:47 INFO TaskSetManager: Finished task 6.0 in stage 5.0 (TID 22) in 1292 ms on 172.18.0.7 (executor 1) (5/7)
[2026-08-21T04:27:47.348+0000] {spark_submit.py:571} INFO - 26/08/21 04:27:47 INFO TaskSetManager: Finished task 5.0 in stage 5.0 (TID 21) in 1427 ms on 172.18.0.6 (executor 0) (6/7)
[2026-08-21T04:27:47.489+0000] {spark_submit.py:571} INFO - 26/08/21 04:27:47 INFO TaskSetManager: Finished task 4.0 in stage 5.0 (TID 20) in 1650 ms on 172.18.0.7 (executor 1) (7/7)
[2026-08-21T04:27:47.492+0000] {spark_submit.py:571} INFO - 26/08/21 04:27:47 INFO TaskSchedulerImpl: Removed TaskSet 5.0, whose tasks have all completed, from pool
[2026-08-21T04:27:47.492+0000] {spark_submit.py:571} INFO - 26/08/21 04:27:47 INFO DAGScheduler: ShuffleMapStage 5 (count at NativeMethodAccessorImpl.java:0) finished in 3.882 s
[2026-08-21T04:27:47.493+0000] {spark_submit.py:571} INFO - 26/08/21 04:27:47 INFO DAGScheduler: looking for newly runnable stages
[2026-08-21T04:27:47.493+0000] {spark_submit.py:571} INFO - 26/08/21 04:27:47 INFO DAGScheduler: running: Set()
[2026-08-21T04:27:47.493+0000] {spark_submit.py:571} INFO - 26/08/21 04:27:47 INFO DAGScheduler: waiting: Set()
[2026-08-21T04:27:47.493+0000] {spark_submit.py:571} INFO - 26/08/21 04:27:47 INFO DAGScheduler: failed: Set()
[2026-08-21T04:27:47.512+0000] {spark_submit.py:571} INFO - 26/08/21 04:27:47 INFO SparkContext: Starting job: count at NativeMethodAccessorImpl.java:0
[2026-08-21T04:27:47.513+0000] {spark_submit.py:571} INFO - 26/08/21 04:27:47 INFO DAGScheduler: Got job 5 (count at NativeMethodAccessorImpl.java:0) with 1 output partitions
[2026-08-21T04:27:47.514+0000] {spark_submit.py:571} INFO - 26/08/21 04:27:47 INFO DAGScheduler: Final stage: ResultStage 7 (count at NativeMethodAccessorImpl.java:0)
[2026-08-21T04:27:47.514+0000] {spark_submit.py:571} INFO - 26/08/21 04:27:47 INFO DAGScheduler: Parents of final stage: List(ShuffleMapStage 6)
[2026-08-21T04:27:47.514+0000] {spark_submit.py:571} INFO - 26/08/21 04:27:47 INFO DAGScheduler: Missing parents: List()
[2026-08-21T04:27:47.514+0000] {spark_submit.py:571} INFO - 26/08/21 04:27:47 INFO DAGScheduler: Submitting ResultStage 7 (MapPartitionsRDD[23] at count at NativeMethodAccessorImpl.java:0), which has no missing parents
[2026-08-21T04:27:47.516+0000] {spark_submit.py:571} INFO - 26/08/21 04:27:47 INFO MemoryStore: Block broadcast_9 stored as values in memory (estimated size 12.5 KiB, free 433.9 MiB)
[2026-08-21T04:27:47.522+0000] {spark_submit.py:571} INFO - 26/08/21 04:27:47 INFO MemoryStore: Block broadcast_9_piece0 stored as bytes in memory (estimated size 5.9 KiB, free 433.9 MiB)
[2026-08-21T04:27:47.523+0000] {spark_submit.py:571} INFO - 26/08/21 04:27:47 INFO BlockManagerInfo: Added broadcast_9_piece0 in memory on c90a551abb73:44539 (size: 5.9 KiB, free: 434.3 MiB)
[2026-08-21T04:27:47.523+0000] {spark_submit.py:571} INFO - 26/08/21 04:27:47 INFO SparkContext: Created broadcast 9 from broadcast at DAGScheduler.scala:1585
[2026-08-21T04:27:47.525+0000] {spark_submit.py:571} INFO - 26/08/21 04:27:47 INFO DAGScheduler: Submitting 1 missing tasks from ResultStage 7 (MapPartitionsRDD[23] at count at NativeMethodAccessorImpl.java:0) (first 15 tasks are for partitions Vector(0))
[2026-08-21T04:27:47.525+0000] {spark_submit.py:571} INFO - 26/08/21 04:27:47 INFO TaskSchedulerImpl: Adding task set 7.0 with 1 tasks resource profile 0
[2026-08-21T04:27:47.526+0000] {spark_submit.py:571} INFO - 26/08/21 04:27:47 INFO BlockManagerInfo: Removed broadcast_8_piece0 on c90a551abb73:44539 in memory (size: 10.1 KiB, free: 434.3 MiB)
[2026-08-21T04:27:47.529+0000] {spark_submit.py:571} INFO - 26/08/21 04:27:47 INFO TaskSetManager: Starting task 0.0 in stage 7.0 (TID 23) (172.18.0.6, executor 0, partition 0, NODE_LOCAL, 7619 bytes)
[2026-08-21T04:27:47.532+0000] {spark_submit.py:571} INFO - 26/08/21 04:27:47 INFO BlockManagerInfo: Removed broadcast_8_piece0 on 172.18.0.7:43885 in memory (size: 10.1 KiB, free: 434.3 MiB)
[2026-08-21T04:27:47.532+0000] {spark_submit.py:571} INFO - 26/08/21 04:27:47 INFO BlockManagerInfo: Removed broadcast_8_piece0 on 172.18.0.6:41803 in memory (size: 10.1 KiB, free: 434.3 MiB)
[2026-08-21T04:27:47.556+0000] {spark_submit.py:571} INFO - 26/08/21 04:27:47 INFO BlockManagerInfo: Added broadcast_9_piece0 in memory on 172.18.0.6:41803 (size: 5.9 KiB, free: 434.3 MiB)
[2026-08-21T04:27:47.604+0000] {spark_submit.py:571} INFO - 26/08/21 04:27:47 INFO MapOutputTrackerMasterEndpoint: Asked to send map output locations for shuffle 1 to 172.18.0.6:38948
[2026-08-21T04:27:47.722+0000] {spark_submit.py:571} INFO - 26/08/21 04:27:47 INFO TaskSetManager: Finished task 0.0 in stage 7.0 (TID 23) in 194 ms on 172.18.0.6 (executor 0) (1/1)
[2026-08-21T04:27:47.725+0000] {spark_submit.py:571} INFO - 26/08/21 04:27:47 INFO TaskSchedulerImpl: Removed TaskSet 7.0, whose tasks have all completed, from pool
[2026-08-21T04:27:47.727+0000] {spark_submit.py:571} INFO - 26/08/21 04:27:47 INFO DAGScheduler: ResultStage 7 (count at NativeMethodAccessorImpl.java:0) finished in 0.212 s
[2026-08-21T04:27:47.734+0000] {spark_submit.py:571} INFO - 26/08/21 04:27:47 INFO DAGScheduler: Job 5 is finished. Cancelling potential speculative or zombie tasks for this job
[2026-08-21T04:27:47.735+0000] {spark_submit.py:571} INFO - 26/08/21 04:27:47 INFO TaskSchedulerImpl: Killing all running tasks in stage 7: Stage finished
[2026-08-21T04:27:47.735+0000] {spark_submit.py:571} INFO - 26/08/21 04:27:47 INFO DAGScheduler: Job 5 finished: count at NativeMethodAccessorImpl.java:0, took 0.222501 s
[2026-08-21T04:27:47.737+0000] {spark_submit.py:571} INFO - Đang ghi 3614 dòng xuống Bronze layer (Partition: 2025-06-01 / 00)...
[2026-08-21T04:27:47.938+0000] {spark_submit.py:571} INFO - 26/08/21 04:27:47 INFO DelegatingLogStore: LogStore `LogStoreAdapter(io.delta.storage.S3SingleDriverLogStore)` is used for scheme `s3a`
[2026-08-21T04:27:47.984+0000] {spark_submit.py:571} INFO - 26/08/21 04:27:47 INFO DeltaLog: Loading version 0.
[2026-08-21T04:27:48.395+0000] {spark_submit.py:571} INFO - 26/08/21 04:27:48 INFO DeltaLogFileIndex: Created DeltaLogFileIndex(JSON, numFilesInSegment: 1, totalFileSize: 5793)
[2026-08-21T04:27:48.552+0000] {spark_submit.py:571} INFO - 26/08/21 04:27:48 INFO DataSourceStrategy: Pruning directories with:
[2026-08-21T04:27:48.555+0000] {spark_submit.py:571} INFO - 26/08/21 04:27:48 INFO FileSourceStrategy: Pushed Filters:
[2026-08-21T04:27:48.555+0000] {spark_submit.py:571} INFO - 26/08/21 04:27:48 INFO FileSourceStrategy: Post-Scan Filters: ((isnotnull(protocol#557.minReaderVersion) OR isnotnull(metaData#556.id)) OR (isnotnull(commitInfo#558.inCommitTimestamp) AND (version#559L = 0)))
[2026-08-21T04:27:48.650+0000] {spark_submit.py:571} INFO - 26/08/21 04:27:48 INFO BlockManagerInfo: Removed broadcast_9_piece0 on c90a551abb73:44539 in memory (size: 5.9 KiB, free: 434.3 MiB)
[2026-08-21T04:27:48.655+0000] {spark_submit.py:571} INFO - 26/08/21 04:27:48 INFO BlockManagerInfo: Removed broadcast_9_piece0 on 172.18.0.6:41803 in memory (size: 5.9 KiB, free: 434.3 MiB)
[2026-08-21T04:27:48.676+0000] {spark_submit.py:571} INFO - 26/08/21 04:27:48 INFO BlockManagerInfo: Removed broadcast_7_piece0 on c90a551abb73:44539 in memory (size: 34.9 KiB, free: 434.4 MiB)
[2026-08-21T04:27:48.679+0000] {spark_submit.py:571} INFO - 26/08/21 04:27:48 INFO BlockManagerInfo: Removed broadcast_7_piece0 on 172.18.0.7:43885 in memory (size: 34.9 KiB, free: 434.4 MiB)
[2026-08-21T04:27:48.682+0000] {spark_submit.py:571} INFO - 26/08/21 04:27:48 INFO BlockManagerInfo: Removed broadcast_7_piece0 on 172.18.0.6:41803 in memory (size: 34.9 KiB, free: 434.4 MiB)
[2026-08-21T04:27:48.745+0000] {spark_submit.py:571} INFO - 26/08/21 04:27:48 INFO CodeGenerator: Code generated in 158.369809 ms
[2026-08-21T04:27:48.748+0000] {spark_submit.py:571} INFO - 26/08/21 04:27:48 INFO MemoryStore: Block broadcast_10 stored as values in memory (estimated size 201.6 KiB, free 434.0 MiB)
[2026-08-21T04:27:48.771+0000] {spark_submit.py:571} INFO - 26/08/21 04:27:48 INFO MemoryStore: Block broadcast_10_piece0 stored as bytes in memory (estimated size 34.9 KiB, free 433.9 MiB)
[2026-08-21T04:27:48.772+0000] {spark_submit.py:571} INFO - 26/08/21 04:27:48 INFO BlockManagerInfo: Added broadcast_10_piece0 in memory on c90a551abb73:44539 (size: 34.9 KiB, free: 434.3 MiB)
[2026-08-21T04:27:48.775+0000] {spark_submit.py:571} INFO - 26/08/21 04:27:48 INFO SparkContext: Created broadcast 10 from $anonfun$recordDeltaOperationInternal$1 at DatabricksLogging.scala:128
[2026-08-21T04:27:48.791+0000] {spark_submit.py:571} INFO - 26/08/21 04:27:48 INFO FileSourceScanExec: Planning scan with bin packing, max size: 4194304 bytes, open cost is considered as scanning 4194304 bytes.
[2026-08-21T04:27:48.821+0000] {spark_submit.py:571} INFO - 26/08/21 04:27:48 INFO SparkContext: Starting job: $anonfun$recordDeltaOperationInternal$1 at DatabricksLogging.scala:128
[2026-08-21T04:27:48.822+0000] {spark_submit.py:571} INFO - 26/08/21 04:27:48 INFO DAGScheduler: Got job 6 ($anonfun$recordDeltaOperationInternal$1 at DatabricksLogging.scala:128) with 1 output partitions
[2026-08-21T04:27:48.823+0000] {spark_submit.py:571} INFO - 26/08/21 04:27:48 INFO DAGScheduler: Final stage: ResultStage 8 ($anonfun$recordDeltaOperationInternal$1 at DatabricksLogging.scala:128)
[2026-08-21T04:27:48.823+0000] {spark_submit.py:571} INFO - 26/08/21 04:27:48 INFO DAGScheduler: Parents of final stage: List()
[2026-08-21T04:27:48.823+0000] {spark_submit.py:571} INFO - 26/08/21 04:27:48 INFO DAGScheduler: Missing parents: List()
[2026-08-21T04:27:48.825+0000] {spark_submit.py:571} INFO - 26/08/21 04:27:48 INFO DAGScheduler: Submitting ResultStage 8 (MapPartitionsRDD[27] at $anonfun$recordDeltaOperationInternal$1 at DatabricksLogging.scala:128), which has no missing parents
[2026-08-21T04:27:48.832+0000] {spark_submit.py:571} INFO - 26/08/21 04:27:48 INFO MemoryStore: Block broadcast_11 stored as values in memory (estimated size 55.2 KiB, free 433.9 MiB)
[2026-08-21T04:27:48.833+0000] {spark_submit.py:571} INFO - 26/08/21 04:27:48 INFO MemoryStore: Block broadcast_11_piece0 stored as bytes in memory (estimated size 17.2 KiB, free 433.9 MiB)
[2026-08-21T04:27:48.835+0000] {spark_submit.py:571} INFO - 26/08/21 04:27:48 INFO BlockManagerInfo: Added broadcast_11_piece0 in memory on c90a551abb73:44539 (size: 17.2 KiB, free: 434.3 MiB)
[2026-08-21T04:27:48.837+0000] {spark_submit.py:571} INFO - 26/08/21 04:27:48 INFO SparkContext: Created broadcast 11 from broadcast at DAGScheduler.scala:1585
[2026-08-21T04:27:48.837+0000] {spark_submit.py:571} INFO - 26/08/21 04:27:48 INFO DAGScheduler: Submitting 1 missing tasks from ResultStage 8 (MapPartitionsRDD[27] at $anonfun$recordDeltaOperationInternal$1 at DatabricksLogging.scala:128) (first 15 tasks are for partitions Vector(0))
[2026-08-21T04:27:48.838+0000] {spark_submit.py:571} INFO - 26/08/21 04:27:48 INFO TaskSchedulerImpl: Adding task set 8.0 with 1 tasks resource profile 0
[2026-08-21T04:27:48.840+0000] {spark_submit.py:571} INFO - 26/08/21 04:27:48 INFO TaskSetManager: Starting task 0.0 in stage 8.0 (TID 24) (172.18.0.6, executor 0, partition 0, PROCESS_LOCAL, 8295 bytes)
[2026-08-21T04:27:48.903+0000] {spark_submit.py:571} INFO - 26/08/21 04:27:48 INFO BlockManagerInfo: Added broadcast_11_piece0 in memory on 172.18.0.6:41803 (size: 17.2 KiB, free: 434.3 MiB)
[2026-08-21T04:27:49.436+0000] {spark_submit.py:571} INFO - 26/08/21 04:27:49 INFO BlockManagerInfo: Added broadcast_10_piece0 in memory on 172.18.0.6:41803 (size: 34.9 KiB, free: 434.3 MiB)
[2026-08-21T04:27:49.498+0000] {spark_submit.py:571} INFO - 26/08/21 04:27:49 INFO TaskSetManager: Finished task 0.0 in stage 8.0 (TID 24) in 658 ms on 172.18.0.6 (executor 0) (1/1)
[2026-08-21T04:27:49.498+0000] {spark_submit.py:571} INFO - 26/08/21 04:27:49 INFO TaskSchedulerImpl: Removed TaskSet 8.0, whose tasks have all completed, from pool
[2026-08-21T04:27:49.499+0000] {spark_submit.py:571} INFO - 26/08/21 04:27:49 INFO DAGScheduler: ResultStage 8 ($anonfun$recordDeltaOperationInternal$1 at DatabricksLogging.scala:128) finished in 0.672 s
[2026-08-21T04:27:49.499+0000] {spark_submit.py:571} INFO - 26/08/21 04:27:49 INFO DAGScheduler: Job 6 is finished. Cancelling potential speculative or zombie tasks for this job
[2026-08-21T04:27:49.500+0000] {spark_submit.py:571} INFO - 26/08/21 04:27:49 INFO TaskSchedulerImpl: Killing all running tasks in stage 8: Stage finished
[2026-08-21T04:27:49.500+0000] {spark_submit.py:571} INFO - 26/08/21 04:27:49 INFO DAGScheduler: Job 6 finished: $anonfun$recordDeltaOperationInternal$1 at DatabricksLogging.scala:128, took 0.677552 s
[2026-08-21T04:27:49.579+0000] {spark_submit.py:571} INFO - 26/08/21 04:27:49 INFO CodeGenerator: Code generated in 56.955459 ms
[2026-08-21T04:27:49.644+0000] {spark_submit.py:571} INFO - 26/08/21 04:27:49 INFO Snapshot: [tableId=742d9d2f-d79b-498f-adf6-04870f3d8a78] Created snapshot Snapshot(path=s3a://bronze/cell_kpi_raw/_delta_log, version=0, metadata=Metadata(20609ef2-b0d5-4640-a29f-1e05bc167367,null,null,Format(parquet,Map()),{"type":"struct","fields":[{"name":"enb_name","type":"string","nullable":true,"metadata":{}},{"name":"cell_name","type":"string","nullable":true,"metadata":{}},{"name":"date_hour","type":"string","nullable":true,"metadata":{}},{"name":"dl_traffic_gb","type":"double","nullable":true,"metadata":{}},{"name":"ul_traffic_gb","type":"double","nullable":true,"metadata":{}},{"name":"total_traffic_gb","type":"double","nullable":true,"metadata":{}},{"name":"max_rrc_connected_user","type":"integer","nullable":true,"metadata":{}},{"name":"ul_prb","type":"double","nullable":true,"metadata":{}},{"name":"ul_prb_used","type":"double","nullable":true,"metadata":{}},{"name":"ul_prb_available_total","type":"double","nullable":true,"metadata":{}},{"name":"dl_prb","type":"double","nullable":true,"metadata":{}},{"name":"dl_prb_used","type":"double","nullable":true,"metadata":{}},{"name":"dl_prb_available_total","type":"double","nullable":true,"metadata":{}},{"name":"sector","type":"string","nullable":true,"metadata":{}},{"name":"azimuth","type":"integer","nullable":true,"metadata":{}},{"name":"cell_type","type":"string","nullable":true,"metadata":{}},{"name":"x","type":"double","nullable":true,"metadata":{}},{"name":"y","type":"double","nullable":true,"metadata":{}},{"name":"date","type":"string","nullable":true,"metadata":{}},{"name":"hour","type":"string","nullable":true,"metadata":{}}]},List(date, hour),Map(),Some(1787286421433)), logSegment=LogSegment(s3a://bronze/cell_kpi_raw/_delta_log,0,WrappedArray(S3AFileStatus{path=s3a://bronze/cell_kpi_raw/_delta_log/00000000000000000000.json; isDirectory=false; length=5793; replication=1; blocksize=33554432; modification_time=1787286433666; access_time=0; owner=***; group=***; permission=rw-rw-rw-; isSymlink=false; hasAcl=false; isEncrypted=true; isErasureCoded=false} isEmptyDirectory=FALSE eTag=126ad1ee385597b5153e1070bb825806 versionId=null),org.apache.spark.sql.delta.EmptyCheckpointProvider$@27ad03dc,1787286433666), checksumOpt=None)
[2026-08-21T04:27:49.653+0000] {spark_submit.py:571} INFO - 26/08/21 04:27:49 INFO DeltaLog: Updated snapshot to Snapshot(path=s3a://bronze/cell_kpi_raw/_delta_log, version=0, metadata=Metadata(20609ef2-b0d5-4640-a29f-1e05bc167367,null,null,Format(parquet,Map()),{"type":"struct","fields":[{"name":"enb_name","type":"string","nullable":true,"metadata":{}},{"name":"cell_name","type":"string","nullable":true,"metadata":{}},{"name":"date_hour","type":"string","nullable":true,"metadata":{}},{"name":"dl_traffic_gb","type":"double","nullable":true,"metadata":{}},{"name":"ul_traffic_gb","type":"double","nullable":true,"metadata":{}},{"name":"total_traffic_gb","type":"double","nullable":true,"metadata":{}},{"name":"max_rrc_connected_user","type":"integer","nullable":true,"metadata":{}},{"name":"ul_prb","type":"double","nullable":true,"metadata":{}},{"name":"ul_prb_used","type":"double","nullable":true,"metadata":{}},{"name":"ul_prb_available_total","type":"double","nullable":true,"metadata":{}},{"name":"dl_prb","type":"double","nullable":true,"metadata":{}},{"name":"dl_prb_used","type":"double","nullable":true,"metadata":{}},{"name":"dl_prb_available_total","type":"double","nullable":true,"metadata":{}},{"name":"sector","type":"string","nullable":true,"metadata":{}},{"name":"azimuth","type":"integer","nullable":true,"metadata":{}},{"name":"cell_type","type":"string","nullable":true,"metadata":{}},{"name":"x","type":"double","nullable":true,"metadata":{}},{"name":"y","type":"double","nullable":true,"metadata":{}},{"name":"date","type":"string","nullable":true,"metadata":{}},{"name":"hour","type":"string","nullable":true,"metadata":{}}]},List(date, hour),Map(),Some(1787286421433)), logSegment=LogSegment(s3a://bronze/cell_kpi_raw/_delta_log,0,WrappedArray(S3AFileStatus{path=s3a://bronze/cell_kpi_raw/_delta_log/00000000000000000000.json; isDirectory=false; length=5793; replication=1; blocksize=33554432; modification_time=1787286433666; access_time=0; owner=***; group=***; permission=rw-rw-rw-; isSymlink=false; hasAcl=false; isEncrypted=true; isErasureCoded=false} isEmptyDirectory=FALSE eTag=126ad1ee385597b5153e1070bb825806 versionId=null),org.apache.spark.sql.delta.EmptyCheckpointProvider$@27ad03dc,1787286433666), checksumOpt=None)
[2026-08-21T04:27:49.808+0000] {spark_submit.py:571} INFO - 26/08/21 04:27:49 INFO Snapshot: [tableId=20609ef2-b0d5-4640-a29f-1e05bc167367] DELTA: Compute snapshot for version: 0
[2026-08-21T04:27:49.822+0000] {spark_submit.py:571} INFO - 26/08/21 04:27:49 INFO MemoryStore: Block broadcast_12 stored as values in memory (estimated size 201.3 KiB, free 433.7 MiB)
[2026-08-21T04:27:49.850+0000] {spark_submit.py:571} INFO - 26/08/21 04:27:49 INFO BlockManagerInfo: Removed broadcast_11_piece0 on c90a551abb73:44539 in memory (size: 17.2 KiB, free: 434.3 MiB)
[2026-08-21T04:27:49.850+0000] {spark_submit.py:571} INFO - 26/08/21 04:27:49 INFO MemoryStore: Block broadcast_12_piece0 stored as bytes in memory (estimated size 34.9 KiB, free 433.7 MiB)
[2026-08-21T04:27:49.851+0000] {spark_submit.py:571} INFO - 26/08/21 04:27:49 INFO BlockManagerInfo: Removed broadcast_11_piece0 on 172.18.0.6:41803 in memory (size: 17.2 KiB, free: 434.3 MiB)
[2026-08-21T04:27:49.852+0000] {spark_submit.py:571} INFO - 26/08/21 04:27:49 INFO BlockManagerInfo: Added broadcast_12_piece0 in memory on c90a551abb73:44539 (size: 34.9 KiB, free: 434.3 MiB)
[2026-08-21T04:27:49.854+0000] {spark_submit.py:571} INFO - 26/08/21 04:27:49 INFO SparkContext: Created broadcast 12 from save at NativeMethodAccessorImpl.java:0
[2026-08-21T04:27:49.968+0000] {spark_submit.py:571} INFO - 26/08/21 04:27:49 INFO BlockManagerInfo: Removed broadcast_4_piece0 on c90a551abb73:44539 in memory (size: 34.9 KiB, free: 434.3 MiB)
[2026-08-21T04:27:49.969+0000] {spark_submit.py:571} INFO - 26/08/21 04:27:49 INFO BlockManagerInfo: Removed broadcast_4_piece0 on 172.18.0.7:43885 in memory (size: 34.9 KiB, free: 434.4 MiB)
[2026-08-21T04:27:49.969+0000] {spark_submit.py:571} INFO - 26/08/21 04:27:49 INFO BlockManagerInfo: Removed broadcast_4_piece0 on 172.18.0.6:41803 in memory (size: 34.9 KiB, free: 434.4 MiB)
[2026-08-21T04:27:50.469+0000] {spark_submit.py:571} INFO - 26/08/21 04:27:50 INFO DataSourceStrategy: Pruning directories with:
[2026-08-21T04:27:50.470+0000] {spark_submit.py:571} INFO - 26/08/21 04:27:50 INFO FileSourceStrategy: Pushed Filters:
[2026-08-21T04:27:50.470+0000] {spark_submit.py:571} INFO - 26/08/21 04:27:50 INFO FileSourceStrategy: Post-Scan Filters:
[2026-08-21T04:27:50.501+0000] {spark_submit.py:571} INFO - 26/08/21 04:27:50 WARN SparkStringUtils: Truncated the string representation of a plan since it was too large. This behavior can be adjusted by setting 'spark.sql.debug.maxToStringFields'.
[2026-08-21T04:27:50.727+0000] {spark_submit.py:571} INFO - 26/08/21 04:27:50 INFO CodeGenerator: Code generated in 121.195054 ms
[2026-08-21T04:27:50.731+0000] {spark_submit.py:571} INFO - 26/08/21 04:27:50 INFO MemoryStore: Block broadcast_13 stored as values in memory (estimated size 201.6 KiB, free 433.7 MiB)
[2026-08-21T04:27:50.741+0000] {spark_submit.py:571} INFO - 26/08/21 04:27:50 INFO MemoryStore: Block broadcast_13_piece0 stored as bytes in memory (estimated size 34.9 KiB, free 433.7 MiB)
[2026-08-21T04:27:50.742+0000] {spark_submit.py:571} INFO - 26/08/21 04:27:50 INFO BlockManagerInfo: Added broadcast_13_piece0 in memory on c90a551abb73:44539 (size: 34.9 KiB, free: 434.3 MiB)
[2026-08-21T04:27:50.743+0000] {spark_submit.py:571} INFO - 26/08/21 04:27:50 INFO SparkContext: Created broadcast 13 from save at NativeMethodAccessorImpl.java:0
[2026-08-21T04:27:50.744+0000] {spark_submit.py:571} INFO - 26/08/21 04:27:50 INFO FileSourceScanExec: Planning scan with bin packing, max size: 4194304 bytes, open cost is considered as scanning 4194304 bytes.
[2026-08-21T04:27:50.790+0000] {spark_submit.py:571} INFO - 26/08/21 04:27:50 INFO DAGScheduler: Registering RDD 31 (save at NativeMethodAccessorImpl.java:0) as input to shuffle 2
[2026-08-21T04:27:50.791+0000] {spark_submit.py:571} INFO - 26/08/21 04:27:50 INFO DAGScheduler: Got map stage job 7 (save at NativeMethodAccessorImpl.java:0) with 1 output partitions
[2026-08-21T04:27:50.791+0000] {spark_submit.py:571} INFO - 26/08/21 04:27:50 INFO DAGScheduler: Final stage: ShuffleMapStage 9 (save at NativeMethodAccessorImpl.java:0)
[2026-08-21T04:27:50.791+0000] {spark_submit.py:571} INFO - 26/08/21 04:27:50 INFO DAGScheduler: Parents of final stage: List()
[2026-08-21T04:27:50.791+0000] {spark_submit.py:571} INFO - 26/08/21 04:27:50 INFO DAGScheduler: Missing parents: List()
[2026-08-21T04:27:50.791+0000] {spark_submit.py:571} INFO - 26/08/21 04:27:50 INFO DAGScheduler: Submitting ShuffleMapStage 9 (MapPartitionsRDD[31] at save at NativeMethodAccessorImpl.java:0), which has no missing parents
[2026-08-21T04:27:50.816+0000] {spark_submit.py:571} INFO - 26/08/21 04:27:50 INFO MemoryStore: Block broadcast_14 stored as values in memory (estimated size 105.9 KiB, free 433.6 MiB)
[2026-08-21T04:27:50.821+0000] {spark_submit.py:571} INFO - 26/08/21 04:27:50 INFO MemoryStore: Block broadcast_14_piece0 stored as bytes in memory (estimated size 32.7 KiB, free 433.6 MiB)
[2026-08-21T04:27:50.822+0000] {spark_submit.py:571} INFO - 26/08/21 04:27:50 INFO BlockManagerInfo: Added broadcast_14_piece0 in memory on c90a551abb73:44539 (size: 32.7 KiB, free: 434.3 MiB)
[2026-08-21T04:27:50.824+0000] {spark_submit.py:571} INFO - 26/08/21 04:27:50 INFO SparkContext: Created broadcast 14 from broadcast at DAGScheduler.scala:1585
[2026-08-21T04:27:50.828+0000] {spark_submit.py:571} INFO - 26/08/21 04:27:50 INFO DAGScheduler: Submitting 1 missing tasks from ShuffleMapStage 9 (MapPartitionsRDD[31] at save at NativeMethodAccessorImpl.java:0) (first 15 tasks are for partitions Vector(0))
[2026-08-21T04:27:50.846+0000] {spark_submit.py:571} INFO - 26/08/21 04:27:50 INFO TaskSchedulerImpl: Adding task set 9.0 with 1 tasks resource profile 0
[2026-08-21T04:27:50.852+0000] {spark_submit.py:571} INFO - 26/08/21 04:27:50 INFO TaskSetManager: Starting task 0.0 in stage 9.0 (TID 25) (172.18.0.7, executor 1, partition 0, PROCESS_LOCAL, 8284 bytes)
[2026-08-21T04:27:50.852+0000] {spark_submit.py:571} INFO - 26/08/21 04:27:50 INFO BlockManagerInfo: Removed broadcast_10_piece0 on c90a551abb73:44539 in memory (size: 34.9 KiB, free: 434.3 MiB)
[2026-08-21T04:27:50.862+0000] {spark_submit.py:571} INFO - 26/08/21 04:27:50 INFO BlockManagerInfo: Removed broadcast_10_piece0 on 172.18.0.6:41803 in memory (size: 34.9 KiB, free: 434.4 MiB)
[2026-08-21T04:27:50.928+0000] {spark_submit.py:571} INFO - 26/08/21 04:27:50 INFO BlockManagerInfo: Added broadcast_14_piece0 in memory on 172.18.0.7:43885 (size: 32.7 KiB, free: 434.4 MiB)
[2026-08-21T04:27:51.564+0000] {spark_submit.py:571} INFO - 26/08/21 04:27:51 INFO BlockManagerInfo: Added broadcast_13_piece0 in memory on 172.18.0.7:43885 (size: 34.9 KiB, free: 434.3 MiB)
[2026-08-21T04:27:51.660+0000] {spark_submit.py:571} INFO - 26/08/21 04:27:51 INFO TaskSetManager: Finished task 0.0 in stage 9.0 (TID 25) in 810 ms on 172.18.0.7 (executor 1) (1/1)
[2026-08-21T04:27:51.662+0000] {spark_submit.py:571} INFO - 26/08/21 04:27:51 INFO TaskSchedulerImpl: Removed TaskSet 9.0, whose tasks have all completed, from pool
[2026-08-21T04:27:51.663+0000] {spark_submit.py:571} INFO - 26/08/21 04:27:51 INFO DAGScheduler: ShuffleMapStage 9 (save at NativeMethodAccessorImpl.java:0) finished in 0.875 s
[2026-08-21T04:27:51.663+0000] {spark_submit.py:571} INFO - 26/08/21 04:27:51 INFO DAGScheduler: looking for newly runnable stages
[2026-08-21T04:27:51.663+0000] {spark_submit.py:571} INFO - 26/08/21 04:27:51 INFO DAGScheduler: running: Set()
[2026-08-21T04:27:51.663+0000] {spark_submit.py:571} INFO - 26/08/21 04:27:51 INFO DAGScheduler: waiting: Set()
[2026-08-21T04:27:51.664+0000] {spark_submit.py:571} INFO - 26/08/21 04:27:51 INFO DAGScheduler: failed: Set()
[2026-08-21T04:27:51.800+0000] {spark_submit.py:571} INFO - 26/08/21 04:27:51 INFO BlockManagerInfo: Removed broadcast_14_piece0 on c90a551abb73:44539 in memory (size: 32.7 KiB, free: 434.3 MiB)
[2026-08-21T04:27:51.806+0000] {spark_submit.py:571} INFO - 26/08/21 04:27:51 INFO BlockManagerInfo: Removed broadcast_14_piece0 on 172.18.0.7:43885 in memory (size: 32.7 KiB, free: 434.4 MiB)
[2026-08-21T04:27:52.269+0000] {spark_submit.py:571} INFO - 26/08/21 04:27:52 INFO CodeGenerator: Generated method too long to be JIT compiled: org.apache.spark.sql.catalyst.expressions.GeneratedClass$GeneratedIteratorForCodegenStage3.serializefromobject_doConsume_0$ is 25072 bytes
[2026-08-21T04:27:52.272+0000] {spark_submit.py:571} INFO - 26/08/21 04:27:52 INFO CodeGenerator: Code generated in 431.940872 ms
[2026-08-21T04:27:52.418+0000] {spark_submit.py:571} INFO - 26/08/21 04:27:52 INFO CodeGenerator: Code generated in 106.54168 ms
[2026-08-21T04:27:52.717+0000] {spark_submit.py:571} INFO - 26/08/21 04:27:52 INFO CodeGenerator: Code generated in 95.553504 ms
[2026-08-21T04:27:52.725+0000] {spark_submit.py:571} INFO - 26/08/21 04:27:52 INFO DAGScheduler: Registering RDD 41 (save at NativeMethodAccessorImpl.java:0) as input to shuffle 3
[2026-08-21T04:27:52.726+0000] {spark_submit.py:571} INFO - 26/08/21 04:27:52 INFO DAGScheduler: Got map stage job 8 (save at NativeMethodAccessorImpl.java:0) with 50 output partitions
[2026-08-21T04:27:52.726+0000] {spark_submit.py:571} INFO - 26/08/21 04:27:52 INFO DAGScheduler: Final stage: ShuffleMapStage 11 (save at NativeMethodAccessorImpl.java:0)
[2026-08-21T04:27:52.726+0000] {spark_submit.py:571} INFO - 26/08/21 04:27:52 INFO DAGScheduler: Parents of final stage: List(ShuffleMapStage 10)
[2026-08-21T04:27:52.730+0000] {spark_submit.py:571} INFO - 26/08/21 04:27:52 INFO DAGScheduler: Missing parents: List()
[2026-08-21T04:27:52.732+0000] {spark_submit.py:571} INFO - 26/08/21 04:27:52 INFO DAGScheduler: Submitting ShuffleMapStage 11 (MapPartitionsRDD[41] at save at NativeMethodAccessorImpl.java:0), which has no missing parents
[2026-08-21T04:27:52.793+0000] {spark_submit.py:571} INFO - 26/08/21 04:27:52 INFO MemoryStore: Block broadcast_15 stored as values in memory (estimated size 602.2 KiB, free 433.4 MiB)
[2026-08-21T04:27:52.798+0000] {spark_submit.py:571} INFO - 26/08/21 04:27:52 INFO MemoryStore: Block broadcast_15_piece0 stored as bytes in memory (estimated size 137.9 KiB, free 433.2 MiB)
[2026-08-21T04:27:52.799+0000] {spark_submit.py:571} INFO - 26/08/21 04:27:52 INFO BlockManagerInfo: Added broadcast_15_piece0 in memory on c90a551abb73:44539 (size: 137.9 KiB, free: 434.2 MiB)
[2026-08-21T04:27:52.803+0000] {spark_submit.py:571} INFO - 26/08/21 04:27:52 INFO SparkContext: Created broadcast 15 from broadcast at DAGScheduler.scala:1585
[2026-08-21T04:27:52.803+0000] {spark_submit.py:571} INFO - 26/08/21 04:27:52 INFO DAGScheduler: Submitting 50 missing tasks from ShuffleMapStage 11 (MapPartitionsRDD[41] at save at NativeMethodAccessorImpl.java:0) (first 15 tasks are for partitions Vector(0, 1, 2, 3, 4, 5, 6, 7, 8, 9, 10, 11, 12, 13, 14))
[2026-08-21T04:27:52.804+0000] {spark_submit.py:571} INFO - 26/08/21 04:27:52 INFO TaskSchedulerImpl: Adding task set 11.0 with 50 tasks resource profile 0
[2026-08-21T04:27:52.808+0000] {spark_submit.py:571} INFO - 26/08/21 04:27:52 INFO TaskSetManager: Starting task 9.0 in stage 11.0 (TID 26) (172.18.0.7, executor 1, partition 9, NODE_LOCAL, 7608 bytes)
[2026-08-21T04:27:52.808+0000] {spark_submit.py:571} INFO - 26/08/21 04:27:52 INFO TaskSetManager: Starting task 16.0 in stage 11.0 (TID 27) (172.18.0.7, executor 1, partition 16, NODE_LOCAL, 7608 bytes)
[2026-08-21T04:27:52.808+0000] {spark_submit.py:571} INFO - 26/08/21 04:27:52 INFO TaskSetManager: Starting task 0.0 in stage 11.0 (TID 28) (172.18.0.6, executor 0, partition 0, PROCESS_LOCAL, 7608 bytes)
[2026-08-21T04:27:52.808+0000] {spark_submit.py:571} INFO - 26/08/21 04:27:52 INFO TaskSetManager: Starting task 1.0 in stage 11.0 (TID 29) (172.18.0.6, executor 0, partition 1, PROCESS_LOCAL, 7608 bytes)
[2026-08-21T04:27:52.841+0000] {spark_submit.py:571} INFO - 26/08/21 04:27:52 INFO BlockManagerInfo: Added broadcast_15_piece0 in memory on 172.18.0.7:43885 (size: 137.9 KiB, free: 434.2 MiB)
[2026-08-21T04:27:52.883+0000] {spark_submit.py:571} INFO - 26/08/21 04:27:52 INFO BlockManagerInfo: Added broadcast_15_piece0 in memory on 172.18.0.6:41803 (size: 137.9 KiB, free: 434.3 MiB)
[2026-08-21T04:27:53.431+0000] {spark_submit.py:571} INFO - 26/08/21 04:27:53 INFO MapOutputTrackerMasterEndpoint: Asked to send map output locations for shuffle 2 to 172.18.0.7:54462
[2026-08-21T04:27:53.801+0000] {spark_submit.py:571} INFO - 26/08/21 04:27:53 INFO MapOutputTrackerMasterEndpoint: Asked to send map output locations for shuffle 2 to 172.18.0.6:38948
[2026-08-21T04:27:54.648+0000] {spark_submit.py:571} INFO - 26/08/21 04:27:54 INFO BlockManagerInfo: Added rdd_38_16 in memory on 172.18.0.7:43885 (size: 1176.0 B, free: 434.2 MiB)
[2026-08-21T04:27:54.654+0000] {spark_submit.py:571} INFO - 26/08/21 04:27:54 INFO BlockManagerInfo: Added rdd_38_9 in memory on 172.18.0.7:43885 (size: 1152.0 B, free: 434.2 MiB)
[2026-08-21T04:27:55.280+0000] {spark_submit.py:571} INFO - 26/08/21 04:27:55 INFO BlockManagerInfo: Added rdd_38_1 in memory on 172.18.0.6:41803 (size: 46.0 B, free: 434.3 MiB)
[2026-08-21T04:27:55.284+0000] {spark_submit.py:571} INFO - 26/08/21 04:27:55 INFO BlockManagerInfo: Added rdd_38_0 in memory on 172.18.0.6:41803 (size: 46.0 B, free: 434.3 MiB)
[2026-08-21T04:27:55.982+0000] {spark_submit.py:571} INFO - 26/08/21 04:27:55 INFO TaskSetManager: Starting task 42.0 in stage 11.0 (TID 30) (172.18.0.7, executor 1, partition 42, NODE_LOCAL, 7608 bytes)
[2026-08-21T04:27:55.984+0000] {spark_submit.py:571} INFO - 26/08/21 04:27:55 INFO TaskSetManager: Finished task 9.0 in stage 11.0 (TID 26) in 3178 ms on 172.18.0.7 (executor 1) (1/50)
[2026-08-21T04:27:55.985+0000] {spark_submit.py:571} INFO - 26/08/21 04:27:55 INFO TaskSetManager: Starting task 2.0 in stage 11.0 (TID 31) (172.18.0.7, executor 1, partition 2, PROCESS_LOCAL, 7608 bytes)
[2026-08-21T04:27:55.994+0000] {spark_submit.py:571} INFO - 26/08/21 04:27:55 INFO TaskSetManager: Finished task 16.0 in stage 11.0 (TID 27) in 3180 ms on 172.18.0.7 (executor 1) (2/50)
[2026-08-21T04:27:56.209+0000] {spark_submit.py:571} INFO - 26/08/21 04:27:56 INFO BlockManagerInfo: Added rdd_38_2 in memory on 172.18.0.7:43885 (size: 46.0 B, free: 434.2 MiB)
[2026-08-21T04:27:56.222+0000] {spark_submit.py:571} INFO - 26/08/21 04:27:56 INFO BlockManagerInfo: Added rdd_38_42 in memory on 172.18.0.7:43885 (size: 699.0 B, free: 434.2 MiB)
[2026-08-21T04:27:56.331+0000] {spark_submit.py:571} INFO - 26/08/21 04:27:56 INFO TaskSetManager: Starting task 3.0 in stage 11.0 (TID 32) (172.18.0.7, executor 1, partition 3, PROCESS_LOCAL, 7608 bytes)
[2026-08-21T04:27:56.332+0000] {spark_submit.py:571} INFO - 26/08/21 04:27:56 INFO TaskSetManager: Finished task 42.0 in stage 11.0 (TID 30) in 350 ms on 172.18.0.7 (executor 1) (3/50)
[2026-08-21T04:27:56.367+0000] {spark_submit.py:571} INFO - 26/08/21 04:27:56 INFO TaskSetManager: Starting task 4.0 in stage 11.0 (TID 33) (172.18.0.7, executor 1, partition 4, PROCESS_LOCAL, 7608 bytes)
[2026-08-21T04:27:56.370+0000] {spark_submit.py:571} INFO - 26/08/21 04:27:56 INFO TaskSetManager: Finished task 2.0 in stage 11.0 (TID 31) in 384 ms on 172.18.0.7 (executor 1) (4/50)
[2026-08-21T04:27:56.370+0000] {spark_submit.py:571} INFO - 26/08/21 04:27:56 INFO TaskSetManager: Starting task 5.0 in stage 11.0 (TID 34) (172.18.0.6, executor 0, partition 5, PROCESS_LOCAL, 7608 bytes)
[2026-08-21T04:27:56.371+0000] {spark_submit.py:571} INFO - 26/08/21 04:27:56 INFO TaskSetManager: Finished task 0.0 in stage 11.0 (TID 28) in 3563 ms on 172.18.0.6 (executor 0) (5/50)
[2026-08-21T04:27:56.375+0000] {spark_submit.py:571} INFO - 26/08/21 04:27:56 INFO TaskSetManager: Starting task 6.0 in stage 11.0 (TID 35) (172.18.0.6, executor 0, partition 6, PROCESS_LOCAL, 7608 bytes)
[2026-08-21T04:27:56.375+0000] {spark_submit.py:571} INFO - 26/08/21 04:27:56 INFO TaskSetManager: Finished task 1.0 in stage 11.0 (TID 29) in 3567 ms on 172.18.0.6 (executor 0) (6/50)
[2026-08-21T04:27:56.623+0000] {spark_submit.py:571} INFO - 26/08/21 04:27:56 INFO BlockManagerInfo: Added rdd_38_4 in memory on 172.18.0.7:43885 (size: 46.0 B, free: 434.2 MiB)
[2026-08-21T04:27:56.631+0000] {spark_submit.py:571} INFO - 26/08/21 04:27:56 INFO BlockManagerInfo: Added rdd_38_3 in memory on 172.18.0.7:43885 (size: 46.0 B, free: 434.2 MiB)
[2026-08-21T04:27:56.660+0000] {spark_submit.py:571} INFO - 26/08/21 04:27:56 INFO BlockManagerInfo: Added rdd_38_6 in memory on 172.18.0.6:41803 (size: 46.0 B, free: 434.3 MiB)
[2026-08-21T04:27:56.732+0000] {spark_submit.py:571} INFO - 26/08/21 04:27:56 INFO BlockManagerInfo: Added rdd_38_5 in memory on 172.18.0.6:41803 (size: 46.0 B, free: 434.3 MiB)
[2026-08-21T04:27:56.750+0000] {spark_submit.py:571} INFO - 26/08/21 04:27:56 INFO TaskSetManager: Starting task 7.0 in stage 11.0 (TID 36) (172.18.0.7, executor 1, partition 7, PROCESS_LOCAL, 7608 bytes)
[2026-08-21T04:27:56.751+0000] {spark_submit.py:571} INFO - 26/08/21 04:27:56 INFO TaskSetManager: Finished task 4.0 in stage 11.0 (TID 33) in 386 ms on 172.18.0.7 (executor 1) (7/50)
[2026-08-21T04:27:56.782+0000] {spark_submit.py:571} INFO - 26/08/21 04:27:56 INFO TaskSetManager: Starting task 8.0 in stage 11.0 (TID 37) (172.18.0.7, executor 1, partition 8, PROCESS_LOCAL, 7608 bytes)
[2026-08-21T04:27:56.788+0000] {spark_submit.py:571} INFO - 26/08/21 04:27:56 INFO TaskSetManager: Finished task 3.0 in stage 11.0 (TID 32) in 459 ms on 172.18.0.7 (executor 1) (8/50)
[2026-08-21T04:27:56.802+0000] {spark_submit.py:571} INFO - 26/08/21 04:27:56 INFO TaskSetManager: Starting task 10.0 in stage 11.0 (TID 38) (172.18.0.6, executor 0, partition 10, PROCESS_LOCAL, 7608 bytes)
[2026-08-21T04:27:56.803+0000] {spark_submit.py:571} INFO - 26/08/21 04:27:56 INFO TaskSetManager: Finished task 6.0 in stage 11.0 (TID 35) in 427 ms on 172.18.0.6 (executor 0) (9/50)
[2026-08-21T04:27:56.925+0000] {spark_submit.py:571} INFO - 26/08/21 04:27:56 INFO TaskSetManager: Starting task 11.0 in stage 11.0 (TID 39) (172.18.0.6, executor 0, partition 11, PROCESS_LOCAL, 7608 bytes)
[2026-08-21T04:27:56.926+0000] {spark_submit.py:571} INFO - 26/08/21 04:27:56 INFO TaskSetManager: Finished task 5.0 in stage 11.0 (TID 34) in 555 ms on 172.18.0.6 (executor 0) (10/50)
[2026-08-21T04:27:56.968+0000] {spark_submit.py:571} INFO - 26/08/21 04:27:56 INFO BlockManagerInfo: Added rdd_38_8 in memory on 172.18.0.7:43885 (size: 46.0 B, free: 434.2 MiB)
[2026-08-21T04:27:57.011+0000] {spark_submit.py:571} INFO - 26/08/21 04:27:57 INFO BlockManagerInfo: Added rdd_38_10 in memory on 172.18.0.6:41803 (size: 46.0 B, free: 434.3 MiB)
[2026-08-21T04:27:57.038+0000] {spark_submit.py:571} INFO - 26/08/21 04:27:57 INFO BlockManagerInfo: Added rdd_38_7 in memory on 172.18.0.7:43885 (size: 46.0 B, free: 434.2 MiB)
[2026-08-21T04:27:57.085+0000] {spark_submit.py:571} INFO - 26/08/21 04:27:57 INFO TaskSetManager: Starting task 12.0 in stage 11.0 (TID 40) (172.18.0.7, executor 1, partition 12, PROCESS_LOCAL, 7608 bytes)
[2026-08-21T04:27:57.090+0000] {spark_submit.py:571} INFO - 26/08/21 04:27:57 INFO TaskSetManager: Finished task 8.0 in stage 11.0 (TID 37) in 308 ms on 172.18.0.7 (executor 1) (11/50)
[2026-08-21T04:27:57.129+0000] {spark_submit.py:571} INFO - 26/08/21 04:27:57 INFO TaskSetManager: Starting task 13.0 in stage 11.0 (TID 41) (172.18.0.6, executor 0, partition 13, PROCESS_LOCAL, 7608 bytes)
[2026-08-21T04:27:57.130+0000] {spark_submit.py:571} INFO - 26/08/21 04:27:57 INFO TaskSetManager: Finished task 10.0 in stage 11.0 (TID 38) in 329 ms on 172.18.0.6 (executor 0) (12/50)
[2026-08-21T04:27:57.146+0000] {spark_submit.py:571} INFO - 26/08/21 04:27:57 INFO BlockManagerInfo: Added rdd_38_11 in memory on 172.18.0.6:41803 (size: 46.0 B, free: 434.3 MiB)
[2026-08-21T04:27:57.182+0000] {spark_submit.py:571} INFO - 26/08/21 04:27:57 INFO TaskSetManager: Starting task 14.0 in stage 11.0 (TID 42) (172.18.0.7, executor 1, partition 14, PROCESS_LOCAL, 7608 bytes)
[2026-08-21T04:27:57.183+0000] {spark_submit.py:571} INFO - 26/08/21 04:27:57 INFO TaskSetManager: Finished task 7.0 in stage 11.0 (TID 36) in 434 ms on 172.18.0.7 (executor 1) (13/50)
[2026-08-21T04:27:57.303+0000] {spark_submit.py:571} INFO - 26/08/21 04:27:57 INFO TaskSetManager: Starting task 15.0 in stage 11.0 (TID 43) (172.18.0.6, executor 0, partition 15, PROCESS_LOCAL, 7608 bytes)
[2026-08-21T04:27:57.307+0000] {spark_submit.py:571} INFO - 26/08/21 04:27:57 INFO TaskSetManager: Finished task 11.0 in stage 11.0 (TID 39) in 382 ms on 172.18.0.6 (executor 0) (14/50)
[2026-08-21T04:27:57.324+0000] {spark_submit.py:571} INFO - 26/08/21 04:27:57 INFO BlockManagerInfo: Added rdd_38_12 in memory on 172.18.0.7:43885 (size: 46.0 B, free: 434.2 MiB)
[2026-08-21T04:27:57.339+0000] {spark_submit.py:571} INFO - 26/08/21 04:27:57 INFO BlockManagerInfo: Added rdd_38_13 in memory on 172.18.0.6:41803 (size: 46.0 B, free: 434.3 MiB)
[2026-08-21T04:27:57.433+0000] {spark_submit.py:571} INFO - 26/08/21 04:27:57 INFO BlockManagerInfo: Added rdd_38_14 in memory on 172.18.0.7:43885 (size: 46.0 B, free: 434.2 MiB)
[2026-08-21T04:27:57.529+0000] {spark_submit.py:571} INFO - 26/08/21 04:27:57 INFO TaskSetManager: Starting task 17.0 in stage 11.0 (TID 44) (172.18.0.6, executor 0, partition 17, PROCESS_LOCAL, 7608 bytes)
[2026-08-21T04:27:57.529+0000] {spark_submit.py:571} INFO - 26/08/21 04:27:57 INFO TaskSetManager: Finished task 13.0 in stage 11.0 (TID 41) in 397 ms on 172.18.0.6 (executor 0) (15/50)
[2026-08-21T04:27:57.558+0000] {spark_submit.py:571} INFO - 26/08/21 04:27:57 INFO TaskSetManager: Starting task 18.0 in stage 11.0 (TID 45) (172.18.0.7, executor 1, partition 18, PROCESS_LOCAL, 7608 bytes)
[2026-08-21T04:27:57.563+0000] {spark_submit.py:571} INFO - 26/08/21 04:27:57 INFO TaskSetManager: Finished task 12.0 in stage 11.0 (TID 40) in 476 ms on 172.18.0.7 (executor 1) (16/50)
[2026-08-21T04:27:57.580+0000] {spark_submit.py:571} INFO - 26/08/21 04:27:57 INFO TaskSetManager: Starting task 19.0 in stage 11.0 (TID 46) (172.18.0.7, executor 1, partition 19, PROCESS_LOCAL, 7608 bytes)
[2026-08-21T04:27:57.586+0000] {spark_submit.py:571} INFO - 26/08/21 04:27:57 INFO TaskSetManager: Finished task 14.0 in stage 11.0 (TID 42) in 406 ms on 172.18.0.7 (executor 1) (17/50)
[2026-08-21T04:27:57.599+0000] {spark_submit.py:571} INFO - 26/08/21 04:27:57 INFO BlockManagerInfo: Added rdd_38_15 in memory on 172.18.0.6:41803 (size: 46.0 B, free: 434.3 MiB)
[2026-08-21T04:27:57.716+0000] {spark_submit.py:571} INFO - 26/08/21 04:27:57 INFO BlockManagerInfo: Added rdd_38_17 in memory on 172.18.0.6:41803 (size: 46.0 B, free: 434.3 MiB)
[2026-08-21T04:27:57.723+0000] {spark_submit.py:571} INFO - 26/08/21 04:27:57 INFO BlockManagerInfo: Added rdd_38_18 in memory on 172.18.0.7:43885 (size: 46.0 B, free: 434.2 MiB)
[2026-08-21T04:27:57.738+0000] {spark_submit.py:571} INFO - 26/08/21 04:27:57 INFO TaskSetManager: Starting task 20.0 in stage 11.0 (TID 47) (172.18.0.6, executor 0, partition 20, PROCESS_LOCAL, 7608 bytes)
[2026-08-21T04:27:57.749+0000] {spark_submit.py:571} INFO - 26/08/21 04:27:57 INFO TaskSetManager: Finished task 15.0 in stage 11.0 (TID 43) in 451 ms on 172.18.0.6 (executor 0) (18/50)
[2026-08-21T04:27:57.804+0000] {spark_submit.py:571} INFO - 26/08/21 04:27:57 INFO BlockManagerInfo: Added rdd_38_19 in memory on 172.18.0.7:43885 (size: 46.0 B, free: 434.2 MiB)
[2026-08-21T04:27:57.836+0000] {spark_submit.py:571} INFO - 26/08/21 04:27:57 INFO TaskSetManager: Starting task 21.0 in stage 11.0 (TID 48) (172.18.0.6, executor 0, partition 21, PROCESS_LOCAL, 7608 bytes)
[2026-08-21T04:27:57.839+0000] {spark_submit.py:571} INFO - 26/08/21 04:27:57 INFO TaskSetManager: Finished task 17.0 in stage 11.0 (TID 44) in 316 ms on 172.18.0.6 (executor 0) (19/50)
[2026-08-21T04:27:57.841+0000] {spark_submit.py:571} INFO - 26/08/21 04:27:57 INFO TaskSetManager: Starting task 22.0 in stage 11.0 (TID 49) (172.18.0.7, executor 1, partition 22, PROCESS_LOCAL, 7608 bytes)
[2026-08-21T04:27:57.845+0000] {spark_submit.py:571} INFO - 26/08/21 04:27:57 INFO TaskSetManager: Finished task 18.0 in stage 11.0 (TID 45) in 288 ms on 172.18.0.7 (executor 1) (20/50)
[2026-08-21T04:27:57.910+0000] {spark_submit.py:571} INFO - 26/08/21 04:27:57 INFO TaskSetManager: Starting task 23.0 in stage 11.0 (TID 50) (172.18.0.7, executor 1, partition 23, PROCESS_LOCAL, 7608 bytes)
[2026-08-21T04:27:57.912+0000] {spark_submit.py:571} INFO - 26/08/21 04:27:57 INFO TaskSetManager: Finished task 19.0 in stage 11.0 (TID 46) in 332 ms on 172.18.0.7 (executor 1) (21/50)
[2026-08-21T04:27:57.990+0000] {spark_submit.py:571} INFO - 26/08/21 04:27:57 INFO BlockManagerInfo: Added rdd_38_20 in memory on 172.18.0.6:41803 (size: 46.0 B, free: 434.3 MiB)
[2026-08-21T04:27:58.041+0000] {spark_submit.py:571} INFO - 26/08/21 04:27:58 INFO BlockManagerInfo: Added rdd_38_21 in memory on 172.18.0.6:41803 (size: 46.0 B, free: 434.3 MiB)
[2026-08-21T04:27:58.056+0000] {spark_submit.py:571} INFO - 26/08/21 04:27:58 INFO BlockManagerInfo: Added rdd_38_23 in memory on 172.18.0.7:43885 (size: 46.0 B, free: 434.2 MiB)
[2026-08-21T04:27:58.077+0000] {spark_submit.py:571} INFO - 26/08/21 04:27:58 INFO BlockManagerInfo: Added rdd_38_22 in memory on 172.18.0.7:43885 (size: 46.0 B, free: 434.2 MiB)
[2026-08-21T04:27:58.119+0000] {spark_submit.py:571} INFO - 26/08/21 04:27:58 INFO TaskSetManager: Starting task 24.0 in stage 11.0 (TID 51) (172.18.0.6, executor 0, partition 24, PROCESS_LOCAL, 7608 bytes)
[2026-08-21T04:27:58.119+0000] {spark_submit.py:571} INFO - 26/08/21 04:27:58 INFO TaskSetManager: Finished task 20.0 in stage 11.0 (TID 47) in 377 ms on 172.18.0.6 (executor 0) (22/50)
[2026-08-21T04:27:58.141+0000] {spark_submit.py:571} INFO - 26/08/21 04:27:58 INFO TaskSetManager: Starting task 25.0 in stage 11.0 (TID 52) (172.18.0.7, executor 1, partition 25, PROCESS_LOCAL, 7608 bytes)
[2026-08-21T04:27:58.145+0000] {spark_submit.py:571} INFO - 26/08/21 04:27:58 INFO TaskSetManager: Finished task 23.0 in stage 11.0 (TID 50) in 232 ms on 172.18.0.7 (executor 1) (23/50)
[2026-08-21T04:27:58.153+0000] {spark_submit.py:571} INFO - 26/08/21 04:27:58 INFO TaskSetManager: Starting task 26.0 in stage 11.0 (TID 53) (172.18.0.7, executor 1, partition 26, PROCESS_LOCAL, 7608 bytes)
[2026-08-21T04:27:58.158+0000] {spark_submit.py:571} INFO - 26/08/21 04:27:58 INFO TaskSetManager: Finished task 22.0 in stage 11.0 (TID 49) in 317 ms on 172.18.0.7 (executor 1) (24/50)
[2026-08-21T04:27:58.163+0000] {spark_submit.py:571} INFO - 26/08/21 04:27:58 INFO TaskSetManager: Starting task 27.0 in stage 11.0 (TID 54) (172.18.0.6, executor 0, partition 27, PROCESS_LOCAL, 7608 bytes)
[2026-08-21T04:27:58.166+0000] {spark_submit.py:571} INFO - 26/08/21 04:27:58 INFO TaskSetManager: Finished task 21.0 in stage 11.0 (TID 48) in 325 ms on 172.18.0.6 (executor 0) (25/50)
[2026-08-21T04:27:58.275+0000] {spark_submit.py:571} INFO - 26/08/21 04:27:58 INFO BlockManagerInfo: Added rdd_38_26 in memory on 172.18.0.7:43885 (size: 46.0 B, free: 434.2 MiB)
[2026-08-21T04:27:58.279+0000] {spark_submit.py:571} INFO - 26/08/21 04:27:58 INFO BlockManagerInfo: Added rdd_38_25 in memory on 172.18.0.7:43885 (size: 46.0 B, free: 434.2 MiB)
[2026-08-21T04:27:58.320+0000] {spark_submit.py:571} INFO - 26/08/21 04:27:58 INFO BlockManagerInfo: Added rdd_38_24 in memory on 172.18.0.6:41803 (size: 46.0 B, free: 434.3 MiB)
[2026-08-21T04:27:58.322+0000] {spark_submit.py:571} INFO - 26/08/21 04:27:58 INFO BlockManagerInfo: Added rdd_38_27 in memory on 172.18.0.6:41803 (size: 46.0 B, free: 434.3 MiB)
[2026-08-21T04:27:58.340+0000] {spark_submit.py:571} INFO - 26/08/21 04:27:58 INFO TaskSetManager: Starting task 28.0 in stage 11.0 (TID 55) (172.18.0.7, executor 1, partition 28, PROCESS_LOCAL, 7608 bytes)
[2026-08-21T04:27:58.340+0000] {spark_submit.py:571} INFO - 26/08/21 04:27:58 INFO TaskSetManager: Finished task 26.0 in stage 11.0 (TID 53) in 187 ms on 172.18.0.7 (executor 1) (26/50)
[2026-08-21T04:27:58.346+0000] {spark_submit.py:571} INFO - 26/08/21 04:27:58 INFO TaskSetManager: Starting task 29.0 in stage 11.0 (TID 56) (172.18.0.7, executor 1, partition 29, PROCESS_LOCAL, 7608 bytes)
[2026-08-21T04:27:58.346+0000] {spark_submit.py:571} INFO - 26/08/21 04:27:58 INFO TaskSetManager: Finished task 25.0 in stage 11.0 (TID 52) in 204 ms on 172.18.0.7 (executor 1) (27/50)
[2026-08-21T04:27:58.413+0000] {spark_submit.py:571} INFO - 26/08/21 04:27:58 INFO TaskSetManager: Starting task 30.0 in stage 11.0 (TID 57) (172.18.0.6, executor 0, partition 30, PROCESS_LOCAL, 7608 bytes)
[2026-08-21T04:27:58.416+0000] {spark_submit.py:571} INFO - 26/08/21 04:27:58 INFO TaskSetManager: Finished task 24.0 in stage 11.0 (TID 51) in 299 ms on 172.18.0.6 (executor 0) (28/50)
[2026-08-21T04:27:58.422+0000] {spark_submit.py:571} INFO - 26/08/21 04:27:58 INFO BlockManagerInfo: Added rdd_38_29 in memory on 172.18.0.7:43885 (size: 46.0 B, free: 434.2 MiB)
[2026-08-21T04:27:58.457+0000] {spark_submit.py:571} INFO - 26/08/21 04:27:58 INFO TaskSetManager: Starting task 31.0 in stage 11.0 (TID 58) (172.18.0.6, executor 0, partition 31, PROCESS_LOCAL, 7608 bytes)
[2026-08-21T04:27:58.459+0000] {spark_submit.py:571} INFO - 26/08/21 04:27:58 INFO TaskSetManager: Finished task 27.0 in stage 11.0 (TID 54) in 300 ms on 172.18.0.6 (executor 0) (29/50)
[2026-08-21T04:27:58.515+0000] {spark_submit.py:571} INFO - 26/08/21 04:27:58 INFO TaskSetManager: Starting task 32.0 in stage 11.0 (TID 59) (172.18.0.7, executor 1, partition 32, PROCESS_LOCAL, 7608 bytes)
[2026-08-21T04:27:58.517+0000] {spark_submit.py:571} INFO - 26/08/21 04:27:58 INFO TaskSetManager: Finished task 29.0 in stage 11.0 (TID 56) in 173 ms on 172.18.0.7 (executor 1) (30/50)
[2026-08-21T04:27:58.522+0000] {spark_submit.py:571} INFO - 26/08/21 04:27:58 INFO BlockManagerInfo: Added rdd_38_28 in memory on 172.18.0.7:43885 (size: 46.0 B, free: 434.2 MiB)
[2026-08-21T04:27:58.562+0000] {spark_submit.py:571} INFO - 26/08/21 04:27:58 INFO TaskSetManager: Starting task 33.0 in stage 11.0 (TID 60) (172.18.0.7, executor 1, partition 33, PROCESS_LOCAL, 7608 bytes)
[2026-08-21T04:27:58.563+0000] {spark_submit.py:571} INFO - 26/08/21 04:27:58 INFO TaskSetManager: Finished task 28.0 in stage 11.0 (TID 55) in 224 ms on 172.18.0.7 (executor 1) (31/50)
[2026-08-21T04:27:58.618+0000] {spark_submit.py:571} INFO - 26/08/21 04:27:58 INFO BlockManagerInfo: Added rdd_38_33 in memory on 172.18.0.7:43885 (size: 46.0 B, free: 434.2 MiB)
[2026-08-21T04:27:58.634+0000] {spark_submit.py:571} INFO - 26/08/21 04:27:58 INFO BlockManagerInfo: Added rdd_38_31 in memory on 172.18.0.6:41803 (size: 46.0 B, free: 434.3 MiB)
[2026-08-21T04:27:58.634+0000] {spark_submit.py:571} INFO - 26/08/21 04:27:58 INFO BlockManagerInfo: Added rdd_38_30 in memory on 172.18.0.6:41803 (size: 46.0 B, free: 434.3 MiB)
[2026-08-21T04:27:58.651+0000] {spark_submit.py:571} INFO - 26/08/21 04:27:58 INFO BlockManagerInfo: Added rdd_38_32 in memory on 172.18.0.7:43885 (size: 46.0 B, free: 434.2 MiB)
[2026-08-21T04:27:58.674+0000] {spark_submit.py:571} INFO - 26/08/21 04:27:58 INFO TaskSetManager: Starting task 34.0 in stage 11.0 (TID 61) (172.18.0.7, executor 1, partition 34, PROCESS_LOCAL, 7608 bytes)
[2026-08-21T04:27:58.675+0000] {spark_submit.py:571} INFO - 26/08/21 04:27:58 INFO TaskSetManager: Finished task 33.0 in stage 11.0 (TID 60) in 112 ms on 172.18.0.7 (executor 1) (32/50)
[2026-08-21T04:27:58.707+0000] {spark_submit.py:571} INFO - 26/08/21 04:27:58 INFO TaskSetManager: Starting task 35.0 in stage 11.0 (TID 62) (172.18.0.6, executor 0, partition 35, PROCESS_LOCAL, 7608 bytes)
[2026-08-21T04:27:58.708+0000] {spark_submit.py:571} INFO - 26/08/21 04:27:58 INFO TaskSetManager: Finished task 31.0 in stage 11.0 (TID 58) in 252 ms on 172.18.0.6 (executor 0) (33/50)
[2026-08-21T04:27:58.716+0000] {spark_submit.py:571} INFO - 26/08/21 04:27:58 INFO TaskSetManager: Starting task 36.0 in stage 11.0 (TID 63) (172.18.0.7, executor 1, partition 36, PROCESS_LOCAL, 7608 bytes)
[2026-08-21T04:27:58.716+0000] {spark_submit.py:571} INFO - 26/08/21 04:27:58 INFO TaskSetManager: Finished task 32.0 in stage 11.0 (TID 59) in 200 ms on 172.18.0.7 (executor 1) (34/50)
[2026-08-21T04:27:58.726+0000] {spark_submit.py:571} INFO - 26/08/21 04:27:58 INFO TaskSetManager: Starting task 37.0 in stage 11.0 (TID 64) (172.18.0.6, executor 0, partition 37, PROCESS_LOCAL, 7608 bytes)
[2026-08-21T04:27:58.727+0000] {spark_submit.py:571} INFO - 26/08/21 04:27:58 INFO TaskSetManager: Finished task 30.0 in stage 11.0 (TID 57) in 315 ms on 172.18.0.6 (executor 0) (35/50)
[2026-08-21T04:27:58.783+0000] {spark_submit.py:571} INFO - 26/08/21 04:27:58 INFO BlockManagerInfo: Added rdd_38_34 in memory on 172.18.0.7:43885 (size: 46.0 B, free: 434.2 MiB)
[2026-08-21T04:27:58.835+0000] {spark_submit.py:571} INFO - 26/08/21 04:27:58 INFO BlockManagerInfo: Added rdd_38_35 in memory on 172.18.0.6:41803 (size: 46.0 B, free: 434.3 MiB)
[2026-08-21T04:27:58.842+0000] {spark_submit.py:571} INFO - 26/08/21 04:27:58 INFO TaskSetManager: Starting task 38.0 in stage 11.0 (TID 65) (172.18.0.7, executor 1, partition 38, PROCESS_LOCAL, 7608 bytes)
[2026-08-21T04:27:58.846+0000] {spark_submit.py:571} INFO - 26/08/21 04:27:58 INFO TaskSetManager: Finished task 34.0 in stage 11.0 (TID 61) in 170 ms on 172.18.0.7 (executor 1) (36/50)
[2026-08-21T04:27:58.861+0000] {spark_submit.py:571} INFO - 26/08/21 04:27:58 INFO BlockManagerInfo: Added rdd_38_36 in memory on 172.18.0.7:43885 (size: 46.0 B, free: 434.2 MiB)
[2026-08-21T04:27:58.902+0000] {spark_submit.py:571} INFO - 26/08/21 04:27:58 INFO BlockManagerInfo: Added rdd_38_37 in memory on 172.18.0.6:41803 (size: 46.0 B, free: 434.3 MiB)
[2026-08-21T04:27:58.906+0000] {spark_submit.py:571} INFO - 26/08/21 04:27:58 INFO TaskSetManager: Starting task 39.0 in stage 11.0 (TID 66) (172.18.0.6, executor 0, partition 39, PROCESS_LOCAL, 7608 bytes)
[2026-08-21T04:27:58.909+0000] {spark_submit.py:571} INFO - 26/08/21 04:27:58 INFO TaskSetManager: Finished task 35.0 in stage 11.0 (TID 62) in 200 ms on 172.18.0.6 (executor 0) (37/50)
[2026-08-21T04:27:58.915+0000] {spark_submit.py:571} INFO - 26/08/21 04:27:58 INFO BlockManagerInfo: Added rdd_38_38 in memory on 172.18.0.7:43885 (size: 46.0 B, free: 434.2 MiB)
[2026-08-21T04:27:58.937+0000] {spark_submit.py:571} INFO - 26/08/21 04:27:58 INFO TaskSetManager: Starting task 40.0 in stage 11.0 (TID 67) (172.18.0.7, executor 1, partition 40, PROCESS_LOCAL, 7608 bytes)
[2026-08-21T04:27:58.939+0000] {spark_submit.py:571} INFO - 26/08/21 04:27:58 INFO TaskSetManager: Finished task 36.0 in stage 11.0 (TID 63) in 227 ms on 172.18.0.7 (executor 1) (38/50)
[2026-08-21T04:27:58.955+0000] {spark_submit.py:571} INFO - 26/08/21 04:27:58 INFO TaskSetManager: Starting task 41.0 in stage 11.0 (TID 68) (172.18.0.7, executor 1, partition 41, PROCESS_LOCAL, 7608 bytes)
[2026-08-21T04:27:58.956+0000] {spark_submit.py:571} INFO - 26/08/21 04:27:58 INFO TaskSetManager: Finished task 38.0 in stage 11.0 (TID 65) in 114 ms on 172.18.0.7 (executor 1) (39/50)
[2026-08-21T04:27:58.971+0000] {spark_submit.py:571} INFO - 26/08/21 04:27:58 INFO TaskSetManager: Starting task 43.0 in stage 11.0 (TID 69) (172.18.0.6, executor 0, partition 43, PROCESS_LOCAL, 7608 bytes)
[2026-08-21T04:27:58.974+0000] {spark_submit.py:571} INFO - 26/08/21 04:27:58 INFO TaskSetManager: Finished task 37.0 in stage 11.0 (TID 64) in 246 ms on 172.18.0.6 (executor 0) (40/50)
[2026-08-21T04:27:59.065+0000] {spark_submit.py:571} INFO - 26/08/21 04:27:59 INFO BlockManagerInfo: Added rdd_38_41 in memory on 172.18.0.7:43885 (size: 46.0 B, free: 434.2 MiB)
[2026-08-21T04:27:59.097+0000] {spark_submit.py:571} INFO - 26/08/21 04:27:59 INFO BlockManagerInfo: Added rdd_38_39 in memory on 172.18.0.6:41803 (size: 46.0 B, free: 434.3 MiB)
[2026-08-21T04:27:59.103+0000] {spark_submit.py:571} INFO - 26/08/21 04:27:59 INFO BlockManagerInfo: Added rdd_38_40 in memory on 172.18.0.7:43885 (size: 46.0 B, free: 434.2 MiB)
[2026-08-21T04:27:59.167+0000] {spark_submit.py:571} INFO - 26/08/21 04:27:59 INFO TaskSetManager: Starting task 44.0 in stage 11.0 (TID 70) (172.18.0.7, executor 1, partition 44, PROCESS_LOCAL, 7608 bytes)
[2026-08-21T04:27:59.167+0000] {spark_submit.py:571} INFO - 26/08/21 04:27:59 INFO TaskSetManager: Finished task 41.0 in stage 11.0 (TID 68) in 217 ms on 172.18.0.7 (executor 1) (41/50)
[2026-08-21T04:27:59.176+0000] {spark_submit.py:571} INFO - 26/08/21 04:27:59 INFO BlockManagerInfo: Added rdd_38_43 in memory on 172.18.0.6:41803 (size: 46.0 B, free: 434.3 MiB)
[2026-08-21T04:27:59.177+0000] {spark_submit.py:571} INFO - 26/08/21 04:27:59 INFO TaskSetManager: Starting task 45.0 in stage 11.0 (TID 71) (172.18.0.7, executor 1, partition 45, PROCESS_LOCAL, 7608 bytes)
[2026-08-21T04:27:59.178+0000] {spark_submit.py:571} INFO - 26/08/21 04:27:59 INFO TaskSetManager: Finished task 40.0 in stage 11.0 (TID 67) in 241 ms on 172.18.0.7 (executor 1) (42/50)
[2026-08-21T04:27:59.186+0000] {spark_submit.py:571} INFO - 26/08/21 04:27:59 INFO TaskSetManager: Starting task 46.0 in stage 11.0 (TID 72) (172.18.0.6, executor 0, partition 46, PROCESS_LOCAL, 7608 bytes)
[2026-08-21T04:27:59.187+0000] {spark_submit.py:571} INFO - 26/08/21 04:27:59 INFO TaskSetManager: Finished task 39.0 in stage 11.0 (TID 66) in 284 ms on 172.18.0.6 (executor 0) (43/50)
[2026-08-21T04:27:59.259+0000] {spark_submit.py:571} INFO - 26/08/21 04:27:59 INFO TaskSetManager: Starting task 47.0 in stage 11.0 (TID 73) (172.18.0.6, executor 0, partition 47, PROCESS_LOCAL, 7608 bytes)
[2026-08-21T04:27:59.265+0000] {spark_submit.py:571} INFO - 26/08/21 04:27:59 INFO TaskSetManager: Finished task 43.0 in stage 11.0 (TID 69) in 294 ms on 172.18.0.6 (executor 0) (44/50)
[2026-08-21T04:27:59.333+0000] {spark_submit.py:571} INFO - 26/08/21 04:27:59 INFO BlockManagerInfo: Added rdd_38_46 in memory on 172.18.0.6:41803 (size: 46.0 B, free: 434.3 MiB)
[2026-08-21T04:27:59.353+0000] {spark_submit.py:571} INFO - 26/08/21 04:27:59 INFO BlockManagerInfo: Added rdd_38_44 in memory on 172.18.0.7:43885 (size: 46.0 B, free: 434.2 MiB)
[2026-08-21T04:27:59.388+0000] {spark_submit.py:571} INFO - 26/08/21 04:27:59 INFO TaskSetManager: Starting task 48.0 in stage 11.0 (TID 74) (172.18.0.6, executor 0, partition 48, PROCESS_LOCAL, 7608 bytes)
[2026-08-21T04:27:59.389+0000] {spark_submit.py:571} INFO - 26/08/21 04:27:59 INFO TaskSetManager: Finished task 46.0 in stage 11.0 (TID 72) in 203 ms on 172.18.0.6 (executor 0) (45/50)
[2026-08-21T04:27:59.397+0000] {spark_submit.py:571} INFO - 26/08/21 04:27:59 INFO BlockManagerInfo: Added rdd_38_47 in memory on 172.18.0.6:41803 (size: 46.0 B, free: 434.3 MiB)
[2026-08-21T04:27:59.397+0000] {spark_submit.py:571} INFO - 26/08/21 04:27:59 INFO BlockManagerInfo: Added rdd_38_45 in memory on 172.18.0.7:43885 (size: 46.0 B, free: 434.2 MiB)
[2026-08-21T04:27:59.426+0000] {spark_submit.py:571} INFO - 26/08/21 04:27:59 INFO TaskSetManager: Starting task 49.0 in stage 11.0 (TID 75) (172.18.0.7, executor 1, partition 49, PROCESS_LOCAL, 7608 bytes)
[2026-08-21T04:27:59.427+0000] {spark_submit.py:571} INFO - 26/08/21 04:27:59 INFO TaskSetManager: Finished task 44.0 in stage 11.0 (TID 70) in 261 ms on 172.18.0.7 (executor 1) (46/50)
[2026-08-21T04:27:59.428+0000] {spark_submit.py:571} INFO - 26/08/21 04:27:59 INFO TaskSetManager: Finished task 45.0 in stage 11.0 (TID 71) in 252 ms on 172.18.0.7 (executor 1) (47/50)
[2026-08-21T04:27:59.480+0000] {spark_submit.py:571} INFO - 26/08/21 04:27:59 INFO BlockManagerInfo: Added rdd_38_48 in memory on 172.18.0.6:41803 (size: 46.0 B, free: 434.3 MiB)
[2026-08-21T04:27:59.500+0000] {spark_submit.py:571} INFO - 26/08/21 04:27:59 INFO TaskSetManager: Finished task 47.0 in stage 11.0 (TID 73) in 241 ms on 172.18.0.6 (executor 0) (48/50)
[2026-08-21T04:27:59.529+0000] {spark_submit.py:571} INFO - 26/08/21 04:27:59 INFO TaskSetManager: Finished task 48.0 in stage 11.0 (TID 74) in 136 ms on 172.18.0.6 (executor 0) (49/50)
[2026-08-21T04:27:59.574+0000] {spark_submit.py:571} INFO - 26/08/21 04:27:59 INFO BlockManagerInfo: Added rdd_38_49 in memory on 172.18.0.7:43885 (size: 46.0 B, free: 434.2 MiB)
[2026-08-21T04:27:59.626+0000] {spark_submit.py:571} INFO - 26/08/21 04:27:59 INFO TaskSetManager: Finished task 49.0 in stage 11.0 (TID 75) in 200 ms on 172.18.0.7 (executor 1) (50/50)
[2026-08-21T04:27:59.626+0000] {spark_submit.py:571} INFO - 26/08/21 04:27:59 INFO TaskSchedulerImpl: Removed TaskSet 11.0, whose tasks have all completed, from pool
[2026-08-21T04:27:59.628+0000] {spark_submit.py:571} INFO - 26/08/21 04:27:59 INFO DAGScheduler: ShuffleMapStage 11 (save at NativeMethodAccessorImpl.java:0) finished in 6.890 s
[2026-08-21T04:27:59.628+0000] {spark_submit.py:571} INFO - 26/08/21 04:27:59 INFO DAGScheduler: looking for newly runnable stages
[2026-08-21T04:27:59.628+0000] {spark_submit.py:571} INFO - 26/08/21 04:27:59 INFO DAGScheduler: running: Set()
[2026-08-21T04:27:59.628+0000] {spark_submit.py:571} INFO - 26/08/21 04:27:59 INFO DAGScheduler: waiting: Set()
[2026-08-21T04:27:59.629+0000] {spark_submit.py:571} INFO - 26/08/21 04:27:59 INFO DAGScheduler: failed: Set()
[2026-08-21T04:27:59.652+0000] {spark_submit.py:571} INFO - 26/08/21 04:27:59 INFO SparkContext: Starting job: save at NativeMethodAccessorImpl.java:0
[2026-08-21T04:27:59.654+0000] {spark_submit.py:571} INFO - 26/08/21 04:27:59 INFO DAGScheduler: Got job 9 (save at NativeMethodAccessorImpl.java:0) with 1 output partitions
[2026-08-21T04:27:59.654+0000] {spark_submit.py:571} INFO - 26/08/21 04:27:59 INFO DAGScheduler: Final stage: ResultStage 14 (save at NativeMethodAccessorImpl.java:0)
[2026-08-21T04:27:59.654+0000] {spark_submit.py:571} INFO - 26/08/21 04:27:59 INFO DAGScheduler: Parents of final stage: List(ShuffleMapStage 13)
[2026-08-21T04:27:59.655+0000] {spark_submit.py:571} INFO - 26/08/21 04:27:59 INFO DAGScheduler: Missing parents: List()
[2026-08-21T04:27:59.655+0000] {spark_submit.py:571} INFO - 26/08/21 04:27:59 INFO DAGScheduler: Submitting ResultStage 14 (MapPartitionsRDD[44] at save at NativeMethodAccessorImpl.java:0), which has no missing parents
[2026-08-21T04:27:59.664+0000] {spark_submit.py:571} INFO - 26/08/21 04:27:59 INFO MemoryStore: Block broadcast_16 stored as values in memory (estimated size 533.3 KiB, free 432.7 MiB)
[2026-08-21T04:27:59.664+0000] {spark_submit.py:571} INFO - 26/08/21 04:27:59 INFO MemoryStore: Block broadcast_16_piece0 stored as bytes in memory (estimated size 124.3 KiB, free 432.6 MiB)
[2026-08-21T04:27:59.665+0000] {spark_submit.py:571} INFO - 26/08/21 04:27:59 INFO BlockManagerInfo: Added broadcast_16_piece0 in memory on c90a551abb73:44539 (size: 124.3 KiB, free: 434.1 MiB)
[2026-08-21T04:27:59.666+0000] {spark_submit.py:571} INFO - 26/08/21 04:27:59 INFO SparkContext: Created broadcast 16 from broadcast at DAGScheduler.scala:1585
[2026-08-21T04:27:59.666+0000] {spark_submit.py:571} INFO - 26/08/21 04:27:59 INFO DAGScheduler: Submitting 1 missing tasks from ResultStage 14 (MapPartitionsRDD[44] at save at NativeMethodAccessorImpl.java:0) (first 15 tasks are for partitions Vector(0))
[2026-08-21T04:27:59.666+0000] {spark_submit.py:571} INFO - 26/08/21 04:27:59 INFO TaskSchedulerImpl: Adding task set 14.0 with 1 tasks resource profile 0
[2026-08-21T04:27:59.668+0000] {spark_submit.py:571} INFO - 26/08/21 04:27:59 INFO TaskSetManager: Starting task 0.0 in stage 14.0 (TID 76) (172.18.0.7, executor 1, partition 0, NODE_LOCAL, 7619 bytes)
[2026-08-21T04:27:59.693+0000] {spark_submit.py:571} INFO - 26/08/21 04:27:59 INFO BlockManagerInfo: Added broadcast_16_piece0 in memory on 172.18.0.7:43885 (size: 124.3 KiB, free: 434.1 MiB)
[2026-08-21T04:27:59.707+0000] {spark_submit.py:571} INFO - 26/08/21 04:27:59 INFO MapOutputTrackerMasterEndpoint: Asked to send map output locations for shuffle 3 to 172.18.0.7:54462
[2026-08-21T04:27:59.856+0000] {spark_submit.py:571} INFO - 26/08/21 04:27:59 INFO TaskSetManager: Finished task 0.0 in stage 14.0 (TID 76) in 188 ms on 172.18.0.7 (executor 1) (1/1)
[2026-08-21T04:27:59.856+0000] {spark_submit.py:571} INFO - 26/08/21 04:27:59 INFO TaskSchedulerImpl: Removed TaskSet 14.0, whose tasks have all completed, from pool
[2026-08-21T04:27:59.860+0000] {spark_submit.py:571} INFO - 26/08/21 04:27:59 INFO DAGScheduler: ResultStage 14 (save at NativeMethodAccessorImpl.java:0) finished in 0.202 s
[2026-08-21T04:27:59.860+0000] {spark_submit.py:571} INFO - 26/08/21 04:27:59 INFO DAGScheduler: Job 9 is finished. Cancelling potential speculative or zombie tasks for this job
[2026-08-21T04:27:59.861+0000] {spark_submit.py:571} INFO - 26/08/21 04:27:59 INFO TaskSchedulerImpl: Killing all running tasks in stage 14: Stage finished
[2026-08-21T04:27:59.861+0000] {spark_submit.py:571} INFO - 26/08/21 04:27:59 INFO DAGScheduler: Job 9 finished: save at NativeMethodAccessorImpl.java:0, took 0.206203 s
[2026-08-21T04:27:59.924+0000] {spark_submit.py:571} INFO - 26/08/21 04:27:59 INFO CodeGenerator: Code generated in 39.642204 ms
[2026-08-21T04:27:59.930+0000] {spark_submit.py:571} INFO - 26/08/21 04:27:59 INFO Snapshot: [tableId=20609ef2-b0d5-4640-a29f-1e05bc167367] DELTA: Done
[2026-08-21T04:28:00.316+0000] {spark_submit.py:571} INFO - 26/08/21 04:28:00 INFO CodeGenerator: Code generated in 146.639077 ms
[2026-08-21T04:28:00.441+0000] {spark_submit.py:571} INFO - 26/08/21 04:28:00 INFO CodeGenerator: Code generated in 45.402654 ms
[2026-08-21T04:28:00.468+0000] {spark_submit.py:571} INFO - 26/08/21 04:28:00 INFO SparkContext: Starting job: $anonfun$recordDeltaOperationInternal$1 at DatabricksLogging.scala:128
[2026-08-21T04:28:00.473+0000] {spark_submit.py:571} INFO - 26/08/21 04:28:00 INFO DAGScheduler: Got job 10 ($anonfun$recordDeltaOperationInternal$1 at DatabricksLogging.scala:128) with 50 output partitions
[2026-08-21T04:28:00.474+0000] {spark_submit.py:571} INFO - 26/08/21 04:28:00 INFO DAGScheduler: Final stage: ResultStage 16 ($anonfun$recordDeltaOperationInternal$1 at DatabricksLogging.scala:128)
[2026-08-21T04:28:00.474+0000] {spark_submit.py:571} INFO - 26/08/21 04:28:00 INFO DAGScheduler: Parents of final stage: List(ShuffleMapStage 15)
[2026-08-21T04:28:00.475+0000] {spark_submit.py:571} INFO - 26/08/21 04:28:00 INFO DAGScheduler: Missing parents: List()
[2026-08-21T04:28:00.477+0000] {spark_submit.py:571} INFO - 26/08/21 04:28:00 INFO DAGScheduler: Submitting ResultStage 16 (MapPartitionsRDD[51] at $anonfun$recordDeltaOperationInternal$1 at DatabricksLogging.scala:128), which has no missing parents
[2026-08-21T04:28:00.507+0000] {spark_submit.py:571} INFO - 26/08/21 04:28:00 INFO BlockManagerInfo: Removed broadcast_15_piece0 on 172.18.0.7:43885 in memory (size: 137.9 KiB, free: 434.2 MiB)
[2026-08-21T04:28:00.508+0000] {spark_submit.py:571} INFO - 26/08/21 04:28:00 INFO MemoryStore: Block broadcast_17 stored as values in memory (estimated size 730.6 KiB, free 432.0 MiB)
[2026-08-21T04:28:00.511+0000] {spark_submit.py:571} INFO - 26/08/21 04:28:00 INFO BlockManagerInfo: Removed broadcast_15_piece0 on c90a551abb73:44539 in memory (size: 137.9 KiB, free: 434.2 MiB)
[2026-08-21T04:28:00.511+0000] {spark_submit.py:571} INFO - 26/08/21 04:28:00 INFO MemoryStore: Block broadcast_17_piece0 stored as bytes in memory (estimated size 166.1 KiB, free 432.4 MiB)
[2026-08-21T04:28:00.512+0000] {spark_submit.py:571} INFO - 26/08/21 04:28:00 INFO BlockManagerInfo: Added broadcast_17_piece0 in memory on c90a551abb73:44539 (size: 166.1 KiB, free: 434.0 MiB)
[2026-08-21T04:28:00.512+0000] {spark_submit.py:571} INFO - 26/08/21 04:28:00 INFO SparkContext: Created broadcast 17 from broadcast at DAGScheduler.scala:1585
[2026-08-21T04:28:00.512+0000] {spark_submit.py:571} INFO - 26/08/21 04:28:00 INFO DAGScheduler: Submitting 50 missing tasks from ResultStage 16 (MapPartitionsRDD[51] at $anonfun$recordDeltaOperationInternal$1 at DatabricksLogging.scala:128) (first 15 tasks are for partitions Vector(0, 1, 2, 3, 4, 5, 6, 7, 8, 9, 10, 11, 12, 13, 14))
[2026-08-21T04:28:00.513+0000] {spark_submit.py:571} INFO - 26/08/21 04:28:00 INFO TaskSchedulerImpl: Adding task set 16.0 with 50 tasks resource profile 0
[2026-08-21T04:28:00.515+0000] {spark_submit.py:571} INFO - 26/08/21 04:28:00 INFO TaskSetManager: Starting task 2.0 in stage 16.0 (TID 77) (172.18.0.7, executor 1, partition 2, PROCESS_LOCAL, 7619 bytes)
[2026-08-21T04:28:00.515+0000] {spark_submit.py:571} INFO - 26/08/21 04:28:00 INFO TaskSetManager: Starting task 0.0 in stage 16.0 (TID 78) (172.18.0.6, executor 0, partition 0, PROCESS_LOCAL, 7619 bytes)
[2026-08-21T04:28:00.515+0000] {spark_submit.py:571} INFO - 26/08/21 04:28:00 INFO TaskSetManager: Starting task 3.0 in stage 16.0 (TID 79) (172.18.0.7, executor 1, partition 3, PROCESS_LOCAL, 7619 bytes)
[2026-08-21T04:28:00.515+0000] {spark_submit.py:571} INFO - 26/08/21 04:28:00 INFO TaskSetManager: Starting task 1.0 in stage 16.0 (TID 80) (172.18.0.6, executor 0, partition 1, PROCESS_LOCAL, 7619 bytes)
[2026-08-21T04:28:00.517+0000] {spark_submit.py:571} INFO - 26/08/21 04:28:00 INFO BlockManagerInfo: Removed broadcast_15_piece0 on 172.18.0.6:41803 in memory (size: 137.9 KiB, free: 434.4 MiB)
[2026-08-21T04:28:00.559+0000] {spark_submit.py:571} INFO - 26/08/21 04:28:00 INFO BlockManagerInfo: Removed broadcast_16_piece0 on c90a551abb73:44539 in memory (size: 124.3 KiB, free: 434.2 MiB)
[2026-08-21T04:28:00.565+0000] {spark_submit.py:571} INFO - 26/08/21 04:28:00 INFO BlockManagerInfo: Added broadcast_17_piece0 in memory on 172.18.0.7:43885 (size: 166.1 KiB, free: 434.1 MiB)
[2026-08-21T04:28:00.566+0000] {spark_submit.py:571} INFO - 26/08/21 04:28:00 INFO BlockManagerInfo: Added broadcast_17_piece0 in memory on 172.18.0.6:41803 (size: 166.1 KiB, free: 434.2 MiB)
[2026-08-21T04:28:00.581+0000] {spark_submit.py:571} INFO - 26/08/21 04:28:00 INFO BlockManagerInfo: Removed broadcast_16_piece0 on 172.18.0.7:43885 in memory (size: 124.3 KiB, free: 434.2 MiB)
[2026-08-21T04:28:00.882+0000] {spark_submit.py:571} INFO - 26/08/21 04:28:00 INFO BlockManagerInfo: Added rdd_48_1 in memory on 172.18.0.6:41803 (size: 46.0 B, free: 434.2 MiB)
[2026-08-21T04:28:00.883+0000] {spark_submit.py:571} INFO - 26/08/21 04:28:00 INFO BlockManagerInfo: Added rdd_48_0 in memory on 172.18.0.6:41803 (size: 46.0 B, free: 434.2 MiB)
[2026-08-21T04:28:00.984+0000] {spark_submit.py:571} INFO - 26/08/21 04:28:00 INFO TaskSetManager: Starting task 5.0 in stage 16.0 (TID 81) (172.18.0.6, executor 0, partition 5, PROCESS_LOCAL, 7619 bytes)
[2026-08-21T04:28:00.990+0000] {spark_submit.py:571} INFO - 26/08/21 04:28:00 INFO TaskSetManager: Finished task 1.0 in stage 16.0 (TID 80) in 471 ms on 172.18.0.6 (executor 0) (1/50)
[2026-08-21T04:28:00.992+0000] {spark_submit.py:571} INFO - 26/08/21 04:28:00 INFO TaskSetManager: Starting task 6.0 in stage 16.0 (TID 82) (172.18.0.6, executor 0, partition 6, PROCESS_LOCAL, 7619 bytes)
[2026-08-21T04:28:00.995+0000] {spark_submit.py:571} INFO - 26/08/21 04:28:00 INFO TaskSetManager: Finished task 0.0 in stage 16.0 (TID 78) in 476 ms on 172.18.0.6 (executor 0) (2/50)
[2026-08-21T04:28:01.062+0000] {spark_submit.py:571} INFO - 26/08/21 04:28:01 INFO BlockManagerInfo: Added rdd_48_6 in memory on 172.18.0.6:41803 (size: 46.0 B, free: 434.2 MiB)
[2026-08-21T04:28:01.067+0000] {spark_submit.py:571} INFO - 26/08/21 04:28:01 INFO BlockManagerInfo: Added rdd_48_2 in memory on 172.18.0.7:43885 (size: 46.0 B, free: 434.2 MiB)
[2026-08-21T04:28:01.068+0000] {spark_submit.py:571} INFO - 26/08/21 04:28:01 INFO BlockManagerInfo: Added rdd_48_5 in memory on 172.18.0.6:41803 (size: 46.0 B, free: 434.2 MiB)
[2026-08-21T04:28:01.072+0000] {spark_submit.py:571} INFO - 26/08/21 04:28:01 INFO BlockManagerInfo: Added rdd_48_3 in memory on 172.18.0.7:43885 (size: 46.0 B, free: 434.2 MiB)
[2026-08-21T04:28:01.085+0000] {spark_submit.py:571} INFO - 26/08/21 04:28:01 INFO TaskSetManager: Starting task 10.0 in stage 16.0 (TID 83) (172.18.0.6, executor 0, partition 10, PROCESS_LOCAL, 7619 bytes)
[2026-08-21T04:28:01.090+0000] {spark_submit.py:571} INFO - 26/08/21 04:28:01 INFO TaskSetManager: Finished task 6.0 in stage 16.0 (TID 82) in 97 ms on 172.18.0.6 (executor 0) (3/50)
[2026-08-21T04:28:01.110+0000] {spark_submit.py:571} INFO - 26/08/21 04:28:01 INFO TaskSetManager: Starting task 11.0 in stage 16.0 (TID 84) (172.18.0.6, executor 0, partition 11, PROCESS_LOCAL, 7619 bytes)
[2026-08-21T04:28:01.114+0000] {spark_submit.py:571} INFO - 26/08/21 04:28:01 INFO TaskSetManager: Finished task 5.0 in stage 16.0 (TID 81) in 129 ms on 172.18.0.6 (executor 0) (4/50)
[2026-08-21T04:28:01.143+0000] {spark_submit.py:571} INFO - 26/08/21 04:28:01 INFO BlockManagerInfo: Added rdd_48_10 in memory on 172.18.0.6:41803 (size: 46.0 B, free: 434.2 MiB)
[2026-08-21T04:28:01.173+0000] {spark_submit.py:571} INFO - 26/08/21 04:28:01 INFO TaskSetManager: Starting task 13.0 in stage 16.0 (TID 85) (172.18.0.6, executor 0, partition 13, PROCESS_LOCAL, 7619 bytes)
[2026-08-21T04:28:01.177+0000] {spark_submit.py:571} INFO - 26/08/21 04:28:01 INFO TaskSetManager: Finished task 10.0 in stage 16.0 (TID 83) in 91 ms on 172.18.0.6 (executor 0) (5/50)
[2026-08-21T04:28:01.179+0000] {spark_submit.py:571} INFO - 26/08/21 04:28:01 INFO BlockManagerInfo: Added rdd_48_11 in memory on 172.18.0.6:41803 (size: 46.0 B, free: 434.2 MiB)
[2026-08-21T04:28:01.196+0000] {spark_submit.py:571} INFO - 26/08/21 04:28:01 INFO TaskSetManager: Starting task 15.0 in stage 16.0 (TID 86) (172.18.0.6, executor 0, partition 15, PROCESS_LOCAL, 7619 bytes)
[2026-08-21T04:28:01.207+0000] {spark_submit.py:571} INFO - 26/08/21 04:28:01 INFO TaskSetManager: Finished task 11.0 in stage 16.0 (TID 84) in 92 ms on 172.18.0.6 (executor 0) (6/50)
[2026-08-21T04:28:01.262+0000] {spark_submit.py:571} INFO - 26/08/21 04:28:01 INFO BlockManagerInfo: Added rdd_48_13 in memory on 172.18.0.6:41803 (size: 46.0 B, free: 434.2 MiB)
[2026-08-21T04:28:01.272+0000] {spark_submit.py:571} INFO - 26/08/21 04:28:01 INFO TaskSetManager: Starting task 17.0 in stage 16.0 (TID 87) (172.18.0.6, executor 0, partition 17, PROCESS_LOCAL, 7619 bytes)
[2026-08-21T04:28:01.273+0000] {spark_submit.py:571} INFO - 26/08/21 04:28:01 INFO BlockManagerInfo: Added rdd_48_15 in memory on 172.18.0.6:41803 (size: 46.0 B, free: 434.2 MiB)
[2026-08-21T04:28:01.277+0000] {spark_submit.py:571} INFO - 26/08/21 04:28:01 INFO TaskSetManager: Finished task 13.0 in stage 16.0 (TID 85) in 104 ms on 172.18.0.6 (executor 0) (7/50)
[2026-08-21T04:28:01.277+0000] {spark_submit.py:571} INFO - 26/08/21 04:28:01 INFO TaskSetManager: Starting task 4.0 in stage 16.0 (TID 88) (172.18.0.7, executor 1, partition 4, PROCESS_LOCAL, 7619 bytes)
[2026-08-21T04:28:01.287+0000] {spark_submit.py:571} INFO - 26/08/21 04:28:01 INFO TaskSetManager: Starting task 7.0 in stage 16.0 (TID 89) (172.18.0.7, executor 1, partition 7, PROCESS_LOCAL, 7619 bytes)
[2026-08-21T04:28:01.288+0000] {spark_submit.py:571} INFO - 26/08/21 04:28:01 INFO TaskSetManager: Finished task 2.0 in stage 16.0 (TID 77) in 772 ms on 172.18.0.7 (executor 1) (8/50)
[2026-08-21T04:28:01.290+0000] {spark_submit.py:571} INFO - 26/08/21 04:28:01 INFO TaskSetManager: Finished task 3.0 in stage 16.0 (TID 79) in 772 ms on 172.18.0.7 (executor 1) (9/50)
[2026-08-21T04:28:01.294+0000] {spark_submit.py:571} INFO - 26/08/21 04:28:01 INFO TaskSetManager: Starting task 20.0 in stage 16.0 (TID 90) (172.18.0.6, executor 0, partition 20, PROCESS_LOCAL, 7619 bytes)
[2026-08-21T04:28:01.298+0000] {spark_submit.py:571} INFO - 26/08/21 04:28:01 INFO TaskSetManager: Finished task 15.0 in stage 16.0 (TID 86) in 99 ms on 172.18.0.6 (executor 0) (10/50)
[2026-08-21T04:28:01.325+0000] {spark_submit.py:571} INFO - 26/08/21 04:28:01 INFO BlockManagerInfo: Added rdd_48_4 in memory on 172.18.0.7:43885 (size: 46.0 B, free: 434.2 MiB)
[2026-08-21T04:28:01.347+0000] {spark_submit.py:571} INFO - 26/08/21 04:28:01 INFO TaskSetManager: Starting task 8.0 in stage 16.0 (TID 91) (172.18.0.7, executor 1, partition 8, PROCESS_LOCAL, 7619 bytes)
[2026-08-21T04:28:01.348+0000] {spark_submit.py:571} INFO - 26/08/21 04:28:01 INFO BlockManagerInfo: Added rdd_48_20 in memory on 172.18.0.6:41803 (size: 46.0 B, free: 434.2 MiB)
[2026-08-21T04:28:01.350+0000] {spark_submit.py:571} INFO - 26/08/21 04:28:01 INFO TaskSetManager: Finished task 4.0 in stage 16.0 (TID 88) in 74 ms on 172.18.0.7 (executor 1) (11/50)
[2026-08-21T04:28:01.358+0000] {spark_submit.py:571} INFO - 26/08/21 04:28:01 INFO BlockManagerInfo: Added rdd_48_7 in memory on 172.18.0.7:43885 (size: 46.0 B, free: 434.2 MiB)
[2026-08-21T04:28:01.360+0000] {spark_submit.py:571} INFO - 26/08/21 04:28:01 INFO BlockManagerInfo: Added rdd_48_17 in memory on 172.18.0.6:41803 (size: 46.0 B, free: 434.2 MiB)
[2026-08-21T04:28:01.378+0000] {spark_submit.py:571} INFO - 26/08/21 04:28:01 INFO TaskSetManager: Starting task 21.0 in stage 16.0 (TID 92) (172.18.0.6, executor 0, partition 21, PROCESS_LOCAL, 7619 bytes)
[2026-08-21T04:28:01.378+0000] {spark_submit.py:571} INFO - 26/08/21 04:28:01 INFO TaskSetManager: Finished task 20.0 in stage 16.0 (TID 90) in 80 ms on 172.18.0.6 (executor 0) (12/50)
[2026-08-21T04:28:01.383+0000] {spark_submit.py:571} INFO - 26/08/21 04:28:01 INFO TaskSetManager: Starting task 24.0 in stage 16.0 (TID 93) (172.18.0.6, executor 0, partition 24, PROCESS_LOCAL, 7619 bytes)
[2026-08-21T04:28:01.385+0000] {spark_submit.py:571} INFO - 26/08/21 04:28:01 INFO TaskSetManager: Finished task 17.0 in stage 16.0 (TID 87) in 114 ms on 172.18.0.6 (executor 0) (13/50)
[2026-08-21T04:28:01.391+0000] {spark_submit.py:571} INFO - 26/08/21 04:28:01 INFO TaskSetManager: Starting task 9.0 in stage 16.0 (TID 94) (172.18.0.7, executor 1, partition 9, PROCESS_LOCAL, 7619 bytes)
[2026-08-21T04:28:01.391+0000] {spark_submit.py:571} INFO - 26/08/21 04:28:01 INFO TaskSetManager: Finished task 7.0 in stage 16.0 (TID 89) in 115 ms on 172.18.0.7 (executor 1) (14/50)
[2026-08-21T04:28:01.395+0000] {spark_submit.py:571} INFO - 26/08/21 04:28:01 INFO BlockManagerInfo: Added rdd_48_8 in memory on 172.18.0.7:43885 (size: 46.0 B, free: 434.2 MiB)
[2026-08-21T04:28:01.422+0000] {spark_submit.py:571} INFO - 26/08/21 04:28:01 INFO TaskSetManager: Starting task 12.0 in stage 16.0 (TID 95) (172.18.0.7, executor 1, partition 12, PROCESS_LOCAL, 7619 bytes)
[2026-08-21T04:28:01.422+0000] {spark_submit.py:571} INFO - 26/08/21 04:28:01 INFO TaskSetManager: Finished task 8.0 in stage 16.0 (TID 91) in 79 ms on 172.18.0.7 (executor 1) (15/50)
[2026-08-21T04:28:01.452+0000] {spark_submit.py:571} INFO - 26/08/21 04:28:01 INFO BlockManagerInfo: Added rdd_48_21 in memory on 172.18.0.6:41803 (size: 46.0 B, free: 434.2 MiB)
[2026-08-21T04:28:01.457+0000] {spark_submit.py:571} INFO - 26/08/21 04:28:01 INFO BlockManagerInfo: Added rdd_48_24 in memory on 172.18.0.6:41803 (size: 46.0 B, free: 434.2 MiB)
[2026-08-21T04:28:01.464+0000] {spark_submit.py:571} INFO - 26/08/21 04:28:01 INFO TaskSetManager: Starting task 27.0 in stage 16.0 (TID 96) (172.18.0.6, executor 0, partition 27, PROCESS_LOCAL, 7619 bytes)
[2026-08-21T04:28:01.466+0000] {spark_submit.py:571} INFO - 26/08/21 04:28:01 INFO TaskSetManager: Finished task 21.0 in stage 16.0 (TID 92) in 95 ms on 172.18.0.6 (executor 0) (16/50)
[2026-08-21T04:28:01.499+0000] {spark_submit.py:571} INFO - 26/08/21 04:28:01 INFO BlockManagerInfo: Added rdd_48_12 in memory on 172.18.0.7:43885 (size: 46.0 B, free: 434.2 MiB)
[2026-08-21T04:28:01.507+0000] {spark_submit.py:571} INFO - 26/08/21 04:28:01 INFO TaskSetManager: Starting task 30.0 in stage 16.0 (TID 97) (172.18.0.6, executor 0, partition 30, PROCESS_LOCAL, 7619 bytes)
[2026-08-21T04:28:01.512+0000] {spark_submit.py:571} INFO - 26/08/21 04:28:01 INFO TaskSetManager: Finished task 24.0 in stage 16.0 (TID 93) in 129 ms on 172.18.0.6 (executor 0) (17/50)
[2026-08-21T04:28:01.520+0000] {spark_submit.py:571} INFO - 26/08/21 04:28:01 INFO TaskSetManager: Starting task 14.0 in stage 16.0 (TID 98) (172.18.0.7, executor 1, partition 14, PROCESS_LOCAL, 7619 bytes)
[2026-08-21T04:28:01.523+0000] {spark_submit.py:571} INFO - 26/08/21 04:28:01 INFO TaskSetManager: Finished task 12.0 in stage 16.0 (TID 95) in 102 ms on 172.18.0.7 (executor 1) (18/50)
[2026-08-21T04:28:01.570+0000] {spark_submit.py:571} INFO - 26/08/21 04:28:01 INFO BlockManagerInfo: Added rdd_48_9 in memory on 172.18.0.7:43885 (size: 847.0 B, free: 434.2 MiB)
[2026-08-21T04:28:01.590+0000] {spark_submit.py:571} INFO - 26/08/21 04:28:01 INFO BlockManagerInfo: Added rdd_48_30 in memory on 172.18.0.6:41803 (size: 46.0 B, free: 434.2 MiB)
[2026-08-21T04:28:01.593+0000] {spark_submit.py:571} INFO - 26/08/21 04:28:01 INFO BlockManagerInfo: Added rdd_48_27 in memory on 172.18.0.6:41803 (size: 46.0 B, free: 434.2 MiB)
[2026-08-21T04:28:01.619+0000] {spark_submit.py:571} INFO - 26/08/21 04:28:01 INFO TaskSetManager: Starting task 31.0 in stage 16.0 (TID 99) (172.18.0.6, executor 0, partition 31, PROCESS_LOCAL, 7619 bytes)
[2026-08-21T04:28:01.624+0000] {spark_submit.py:571} INFO - 26/08/21 04:28:01 INFO TaskSetManager: Starting task 35.0 in stage 16.0 (TID 100) (172.18.0.6, executor 0, partition 35, PROCESS_LOCAL, 7619 bytes)
[2026-08-21T04:28:01.697+0000] {spark_submit.py:571} INFO - 26/08/21 04:28:01 INFO TaskSetManager: Finished task 27.0 in stage 16.0 (TID 96) in 231 ms on 172.18.0.6 (executor 0) (19/50)
[2026-08-21T04:28:01.697+0000] {spark_submit.py:571} INFO - 26/08/21 04:28:01 INFO TaskSetManager: Finished task 30.0 in stage 16.0 (TID 97) in 189 ms on 172.18.0.6 (executor 0) (20/50)
[2026-08-21T04:28:01.699+0000] {spark_submit.py:571} INFO - 26/08/21 04:28:01 INFO BlockManagerInfo: Added rdd_48_14 in memory on 172.18.0.7:43885 (size: 46.0 B, free: 434.2 MiB)
[2026-08-21T04:28:01.709+0000] {spark_submit.py:571} INFO - 26/08/21 04:28:01 INFO TaskSetManager: Starting task 16.0 in stage 16.0 (TID 101) (172.18.0.7, executor 1, partition 16, PROCESS_LOCAL, 7619 bytes)
[2026-08-21T04:28:01.710+0000] {spark_submit.py:571} INFO - 26/08/21 04:28:01 INFO TaskSetManager: Finished task 9.0 in stage 16.0 (TID 94) in 321 ms on 172.18.0.7 (executor 1) (21/50)
[2026-08-21T04:28:01.725+0000] {spark_submit.py:571} INFO - 26/08/21 04:28:01 INFO TaskSetManager: Starting task 18.0 in stage 16.0 (TID 102) (172.18.0.7, executor 1, partition 18, PROCESS_LOCAL, 7619 bytes)
[2026-08-21T04:28:01.732+0000] {spark_submit.py:571} INFO - 26/08/21 04:28:01 INFO TaskSetManager: Finished task 14.0 in stage 16.0 (TID 98) in 211 ms on 172.18.0.7 (executor 1) (22/50)
[2026-08-21T04:28:01.802+0000] {spark_submit.py:571} INFO - 26/08/21 04:28:01 INFO BlockManagerInfo: Added rdd_48_16 in memory on 172.18.0.7:43885 (size: 859.0 B, free: 434.2 MiB)
[2026-08-21T04:28:01.803+0000] {spark_submit.py:571} INFO - 26/08/21 04:28:01 INFO BlockManagerInfo: Added rdd_48_31 in memory on 172.18.0.6:41803 (size: 46.0 B, free: 434.2 MiB)
[2026-08-21T04:28:01.811+0000] {spark_submit.py:571} INFO - 26/08/21 04:28:01 INFO BlockManagerInfo: Added rdd_48_18 in memory on 172.18.0.7:43885 (size: 46.0 B, free: 434.2 MiB)
[2026-08-21T04:28:01.826+0000] {spark_submit.py:571} INFO - 26/08/21 04:28:01 INFO TaskSetManager: Starting task 19.0 in stage 16.0 (TID 103) (172.18.0.7, executor 1, partition 19, PROCESS_LOCAL, 7619 bytes)
[2026-08-21T04:28:01.828+0000] {spark_submit.py:571} INFO - 26/08/21 04:28:01 INFO TaskSetManager: Finished task 16.0 in stage 16.0 (TID 101) in 119 ms on 172.18.0.7 (executor 1) (23/50)
[2026-08-21T04:28:01.830+0000] {spark_submit.py:571} INFO - 26/08/21 04:28:01 INFO TaskSetManager: Starting task 37.0 in stage 16.0 (TID 104) (172.18.0.6, executor 0, partition 37, PROCESS_LOCAL, 7619 bytes)
[2026-08-21T04:28:01.833+0000] {spark_submit.py:571} INFO - 26/08/21 04:28:01 INFO TaskSetManager: Finished task 31.0 in stage 16.0 (TID 99) in 214 ms on 172.18.0.6 (executor 0) (24/50)
[2026-08-21T04:28:01.838+0000] {spark_submit.py:571} INFO - 26/08/21 04:28:01 INFO TaskSetManager: Starting task 22.0 in stage 16.0 (TID 105) (172.18.0.7, executor 1, partition 22, PROCESS_LOCAL, 7619 bytes)
[2026-08-21T04:28:01.839+0000] {spark_submit.py:571} INFO - 26/08/21 04:28:01 INFO TaskSetManager: Finished task 18.0 in stage 16.0 (TID 102) in 113 ms on 172.18.0.7 (executor 1) (25/50)
[2026-08-21T04:28:01.861+0000] {spark_submit.py:571} INFO - 26/08/21 04:28:01 INFO BlockManagerInfo: Added rdd_48_35 in memory on 172.18.0.6:41803 (size: 46.0 B, free: 434.2 MiB)
[2026-08-21T04:28:01.885+0000] {spark_submit.py:571} INFO - 26/08/21 04:28:01 INFO TaskSetManager: Starting task 39.0 in stage 16.0 (TID 106) (172.18.0.6, executor 0, partition 39, PROCESS_LOCAL, 7619 bytes)
[2026-08-21T04:28:01.900+0000] {spark_submit.py:571} INFO - 26/08/21 04:28:01 INFO TaskSetManager: Finished task 35.0 in stage 16.0 (TID 100) in 265 ms on 172.18.0.6 (executor 0) (26/50)
[2026-08-21T04:28:01.901+0000] {spark_submit.py:571} INFO - 26/08/21 04:28:01 INFO BlockManagerInfo: Added rdd_48_22 in memory on 172.18.0.7:43885 (size: 46.0 B, free: 434.2 MiB)
[2026-08-21T04:28:01.904+0000] {spark_submit.py:571} INFO - 26/08/21 04:28:01 INFO BlockManagerInfo: Added rdd_48_37 in memory on 172.18.0.6:41803 (size: 46.0 B, free: 434.2 MiB)
[2026-08-21T04:28:01.934+0000] {spark_submit.py:571} INFO - 26/08/21 04:28:01 INFO TaskSetManager: Starting task 43.0 in stage 16.0 (TID 107) (172.18.0.6, executor 0, partition 43, PROCESS_LOCAL, 7619 bytes)
[2026-08-21T04:28:01.939+0000] {spark_submit.py:571} INFO - 26/08/21 04:28:01 INFO TaskSetManager: Finished task 37.0 in stage 16.0 (TID 104) in 108 ms on 172.18.0.6 (executor 0) (27/50)
[2026-08-21T04:28:01.939+0000] {spark_submit.py:571} INFO - 26/08/21 04:28:01 INFO BlockManagerInfo: Added rdd_48_19 in memory on 172.18.0.7:43885 (size: 46.0 B, free: 434.2 MiB)
[2026-08-21T04:28:01.943+0000] {spark_submit.py:571} INFO - 26/08/21 04:28:01 INFO TaskSetManager: Starting task 23.0 in stage 16.0 (TID 108) (172.18.0.7, executor 1, partition 23, PROCESS_LOCAL, 7619 bytes)
[2026-08-21T04:28:01.943+0000] {spark_submit.py:571} INFO - 26/08/21 04:28:01 INFO TaskSetManager: Finished task 22.0 in stage 16.0 (TID 105) in 106 ms on 172.18.0.7 (executor 1) (28/50)
[2026-08-21T04:28:01.969+0000] {spark_submit.py:571} INFO - 26/08/21 04:28:01 INFO TaskSetManager: Starting task 25.0 in stage 16.0 (TID 109) (172.18.0.7, executor 1, partition 25, PROCESS_LOCAL, 7619 bytes)
[2026-08-21T04:28:01.970+0000] {spark_submit.py:571} INFO - 26/08/21 04:28:01 INFO BlockManagerInfo: Added rdd_48_39 in memory on 172.18.0.6:41803 (size: 46.0 B, free: 434.2 MiB)
[2026-08-21T04:28:01.975+0000] {spark_submit.py:571} INFO - 26/08/21 04:28:01 INFO TaskSetManager: Finished task 19.0 in stage 16.0 (TID 103) in 149 ms on 172.18.0.7 (executor 1) (29/50)
[2026-08-21T04:28:01.990+0000] {spark_submit.py:571} INFO - 26/08/21 04:28:01 INFO BlockManagerInfo: Added rdd_48_23 in memory on 172.18.0.7:43885 (size: 46.0 B, free: 434.2 MiB)
[2026-08-21T04:28:01.995+0000] {spark_submit.py:571} INFO - 26/08/21 04:28:01 INFO TaskSetManager: Starting task 46.0 in stage 16.0 (TID 110) (172.18.0.6, executor 0, partition 46, PROCESS_LOCAL, 7619 bytes)
[2026-08-21T04:28:01.995+0000] {spark_submit.py:571} INFO - 26/08/21 04:28:01 INFO TaskSetManager: Finished task 39.0 in stage 16.0 (TID 106) in 115 ms on 172.18.0.6 (executor 0) (30/50)
[2026-08-21T04:28:02.005+0000] {spark_submit.py:571} INFO - 26/08/21 04:28:02 INFO TaskSetManager: Starting task 26.0 in stage 16.0 (TID 111) (172.18.0.7, executor 1, partition 26, PROCESS_LOCAL, 7619 bytes)
[2026-08-21T04:28:02.009+0000] {spark_submit.py:571} INFO - 26/08/21 04:28:02 INFO TaskSetManager: Finished task 23.0 in stage 16.0 (TID 108) in 66 ms on 172.18.0.7 (executor 1) (31/50)
[2026-08-21T04:28:02.016+0000] {spark_submit.py:571} INFO - 26/08/21 04:28:02 INFO BlockManagerInfo: Added rdd_48_43 in memory on 172.18.0.6:41803 (size: 46.0 B, free: 434.2 MiB)
[2026-08-21T04:28:02.025+0000] {spark_submit.py:571} INFO - 26/08/21 04:28:02 INFO BlockManagerInfo: Added rdd_48_25 in memory on 172.18.0.7:43885 (size: 46.0 B, free: 434.2 MiB)
[2026-08-21T04:28:02.034+0000] {spark_submit.py:571} INFO - 26/08/21 04:28:02 INFO TaskSetManager: Starting task 47.0 in stage 16.0 (TID 112) (172.18.0.6, executor 0, partition 47, PROCESS_LOCAL, 7619 bytes)
[2026-08-21T04:28:02.037+0000] {spark_submit.py:571} INFO - 26/08/21 04:28:02 INFO TaskSetManager: Finished task 43.0 in stage 16.0 (TID 107) in 104 ms on 172.18.0.6 (executor 0) (32/50)
[2026-08-21T04:28:02.042+0000] {spark_submit.py:571} INFO - 26/08/21 04:28:02 INFO TaskSetManager: Starting task 28.0 in stage 16.0 (TID 113) (172.18.0.7, executor 1, partition 28, PROCESS_LOCAL, 7619 bytes)
[2026-08-21T04:28:02.045+0000] {spark_submit.py:571} INFO - 26/08/21 04:28:02 INFO TaskSetManager: Finished task 25.0 in stage 16.0 (TID 109) in 73 ms on 172.18.0.7 (executor 1) (33/50)
[2026-08-21T04:28:02.059+0000] {spark_submit.py:571} INFO - 26/08/21 04:28:02 INFO BlockManagerInfo: Added rdd_48_26 in memory on 172.18.0.7:43885 (size: 46.0 B, free: 434.2 MiB)
[2026-08-21T04:28:02.064+0000] {spark_submit.py:571} INFO - 26/08/21 04:28:02 INFO BlockManagerInfo: Added rdd_48_46 in memory on 172.18.0.6:41803 (size: 46.0 B, free: 434.2 MiB)
[2026-08-21T04:28:02.075+0000] {spark_submit.py:571} INFO - 26/08/21 04:28:02 INFO TaskSetManager: Starting task 48.0 in stage 16.0 (TID 114) (172.18.0.6, executor 0, partition 48, PROCESS_LOCAL, 7619 bytes)
[2026-08-21T04:28:02.077+0000] {spark_submit.py:571} INFO - 26/08/21 04:28:02 INFO TaskSetManager: Finished task 46.0 in stage 16.0 (TID 110) in 81 ms on 172.18.0.6 (executor 0) (34/50)
[2026-08-21T04:28:02.085+0000] {spark_submit.py:571} INFO - 26/08/21 04:28:02 INFO BlockManagerInfo: Added rdd_48_47 in memory on 172.18.0.6:41803 (size: 46.0 B, free: 434.2 MiB)
[2026-08-21T04:28:02.094+0000] {spark_submit.py:571} INFO - 26/08/21 04:28:02 INFO TaskSetManager: Finished task 47.0 in stage 16.0 (TID 112) in 59 ms on 172.18.0.6 (executor 0) (35/50)
[2026-08-21T04:28:02.098+0000] {spark_submit.py:571} INFO - 26/08/21 04:28:02 INFO BlockManagerInfo: Added rdd_48_48 in memory on 172.18.0.6:41803 (size: 46.0 B, free: 434.2 MiB)
[2026-08-21T04:28:02.104+0000] {spark_submit.py:571} INFO - 26/08/21 04:28:02 INFO TaskSetManager: Finished task 48.0 in stage 16.0 (TID 114) in 30 ms on 172.18.0.6 (executor 0) (36/50)
[2026-08-21T04:28:02.116+0000] {spark_submit.py:571} INFO - 26/08/21 04:28:02 INFO TaskSetManager: Starting task 29.0 in stage 16.0 (TID 115) (172.18.0.7, executor 1, partition 29, PROCESS_LOCAL, 7619 bytes)
[2026-08-21T04:28:02.118+0000] {spark_submit.py:571} INFO - 26/08/21 04:28:02 INFO TaskSetManager: Finished task 26.0 in stage 16.0 (TID 111) in 112 ms on 172.18.0.7 (executor 1) (37/50)
[2026-08-21T04:28:02.142+0000] {spark_submit.py:571} INFO - 26/08/21 04:28:02 INFO BlockManagerInfo: Added rdd_48_28 in memory on 172.18.0.7:43885 (size: 46.0 B, free: 434.2 MiB)
[2026-08-21T04:28:02.145+0000] {spark_submit.py:571} INFO - 26/08/21 04:28:02 INFO BlockManagerInfo: Added rdd_48_29 in memory on 172.18.0.7:43885 (size: 46.0 B, free: 434.2 MiB)
[2026-08-21T04:28:02.151+0000] {spark_submit.py:571} INFO - 26/08/21 04:28:02 INFO TaskSetManager: Starting task 32.0 in stage 16.0 (TID 116) (172.18.0.7, executor 1, partition 32, PROCESS_LOCAL, 7619 bytes)
[2026-08-21T04:28:02.153+0000] {spark_submit.py:571} INFO - 26/08/21 04:28:02 INFO TaskSetManager: Finished task 29.0 in stage 16.0 (TID 115) in 36 ms on 172.18.0.7 (executor 1) (38/50)
[2026-08-21T04:28:02.165+0000] {spark_submit.py:571} INFO - 26/08/21 04:28:02 INFO TaskSetManager: Starting task 33.0 in stage 16.0 (TID 117) (172.18.0.7, executor 1, partition 33, PROCESS_LOCAL, 7619 bytes)
[2026-08-21T04:28:02.166+0000] {spark_submit.py:571} INFO - 26/08/21 04:28:02 INFO TaskSetManager: Finished task 28.0 in stage 16.0 (TID 113) in 121 ms on 172.18.0.7 (executor 1) (39/50)
[2026-08-21T04:28:02.200+0000] {spark_submit.py:571} INFO - 26/08/21 04:28:02 INFO BlockManagerInfo: Added rdd_48_33 in memory on 172.18.0.7:43885 (size: 46.0 B, free: 434.2 MiB)
[2026-08-21T04:28:02.202+0000] {spark_submit.py:571} INFO - 26/08/21 04:28:02 INFO BlockManagerInfo: Added rdd_48_32 in memory on 172.18.0.7:43885 (size: 46.0 B, free: 434.2 MiB)
[2026-08-21T04:28:02.212+0000] {spark_submit.py:571} INFO - 26/08/21 04:28:02 INFO TaskSetManager: Starting task 34.0 in stage 16.0 (TID 118) (172.18.0.7, executor 1, partition 34, PROCESS_LOCAL, 7619 bytes)
[2026-08-21T04:28:02.212+0000] {spark_submit.py:571} INFO - 26/08/21 04:28:02 INFO TaskSetManager: Finished task 33.0 in stage 16.0 (TID 117) in 51 ms on 172.18.0.7 (executor 1) (40/50)
[2026-08-21T04:28:02.221+0000] {spark_submit.py:571} INFO - 26/08/21 04:28:02 INFO TaskSetManager: Starting task 36.0 in stage 16.0 (TID 119) (172.18.0.7, executor 1, partition 36, PROCESS_LOCAL, 7619 bytes)
[2026-08-21T04:28:02.222+0000] {spark_submit.py:571} INFO - 26/08/21 04:28:02 INFO TaskSetManager: Finished task 32.0 in stage 16.0 (TID 116) in 70 ms on 172.18.0.7 (executor 1) (41/50)
[2026-08-21T04:28:02.262+0000] {spark_submit.py:571} INFO - 26/08/21 04:28:02 INFO BlockManagerInfo: Added rdd_48_36 in memory on 172.18.0.7:43885 (size: 46.0 B, free: 434.2 MiB)
[2026-08-21T04:28:02.269+0000] {spark_submit.py:571} INFO - 26/08/21 04:28:02 INFO TaskSetManager: Starting task 38.0 in stage 16.0 (TID 120) (172.18.0.7, executor 1, partition 38, PROCESS_LOCAL, 7619 bytes)
[2026-08-21T04:28:02.270+0000] {spark_submit.py:571} INFO - 26/08/21 04:28:02 INFO TaskSetManager: Finished task 36.0 in stage 16.0 (TID 119) in 50 ms on 172.18.0.7 (executor 1) (42/50)
[2026-08-21T04:28:02.273+0000] {spark_submit.py:571} INFO - 26/08/21 04:28:02 INFO BlockManagerInfo: Added rdd_48_34 in memory on 172.18.0.7:43885 (size: 46.0 B, free: 434.2 MiB)
[2026-08-21T04:28:02.284+0000] {spark_submit.py:571} INFO - 26/08/21 04:28:02 INFO TaskSetManager: Starting task 40.0 in stage 16.0 (TID 121) (172.18.0.7, executor 1, partition 40, PROCESS_LOCAL, 7619 bytes)
[2026-08-21T04:28:02.285+0000] {spark_submit.py:571} INFO - 26/08/21 04:28:02 INFO TaskSetManager: Finished task 34.0 in stage 16.0 (TID 118) in 73 ms on 172.18.0.7 (executor 1) (43/50)
[2026-08-21T04:28:02.295+0000] {spark_submit.py:571} INFO - 26/08/21 04:28:02 INFO BlockManagerInfo: Added rdd_48_38 in memory on 172.18.0.7:43885 (size: 46.0 B, free: 434.2 MiB)
[2026-08-21T04:28:02.301+0000] {spark_submit.py:571} INFO - 26/08/21 04:28:02 INFO TaskSetManager: Starting task 41.0 in stage 16.0 (TID 122) (172.18.0.7, executor 1, partition 41, PROCESS_LOCAL, 7619 bytes)
[2026-08-21T04:28:02.302+0000] {spark_submit.py:571} INFO - 26/08/21 04:28:02 INFO TaskSetManager: Finished task 38.0 in stage 16.0 (TID 120) in 34 ms on 172.18.0.7 (executor 1) (44/50)
[2026-08-21T04:28:02.319+0000] {spark_submit.py:571} INFO - 26/08/21 04:28:02 INFO BlockManagerInfo: Added rdd_48_41 in memory on 172.18.0.7:43885 (size: 46.0 B, free: 434.2 MiB)
[2026-08-21T04:28:02.322+0000] {spark_submit.py:571} INFO - 26/08/21 04:28:02 INFO BlockManagerInfo: Added rdd_48_40 in memory on 172.18.0.7:43885 (size: 46.0 B, free: 434.2 MiB)
[2026-08-21T04:28:02.328+0000] {spark_submit.py:571} INFO - 26/08/21 04:28:02 INFO TaskSetManager: Starting task 42.0 in stage 16.0 (TID 123) (172.18.0.7, executor 1, partition 42, PROCESS_LOCAL, 7619 bytes)
[2026-08-21T04:28:02.328+0000] {spark_submit.py:571} INFO - 26/08/21 04:28:02 INFO TaskSetManager: Finished task 41.0 in stage 16.0 (TID 122) in 27 ms on 172.18.0.7 (executor 1) (45/50)
[2026-08-21T04:28:02.333+0000] {spark_submit.py:571} INFO - 26/08/21 04:28:02 INFO TaskSetManager: Starting task 44.0 in stage 16.0 (TID 124) (172.18.0.7, executor 1, partition 44, PROCESS_LOCAL, 7619 bytes)
[2026-08-21T04:28:02.336+0000] {spark_submit.py:571} INFO - 26/08/21 04:28:02 INFO TaskSetManager: Finished task 40.0 in stage 16.0 (TID 121) in 52 ms on 172.18.0.7 (executor 1) (46/50)
[2026-08-21T04:28:02.381+0000] {spark_submit.py:571} INFO - 26/08/21 04:28:02 INFO BlockManagerInfo: Added rdd_48_42 in memory on 172.18.0.7:43885 (size: 46.0 B, free: 434.2 MiB)
[2026-08-21T04:28:02.385+0000] {spark_submit.py:571} INFO - 26/08/21 04:28:02 INFO BlockManagerInfo: Added rdd_48_44 in memory on 172.18.0.7:43885 (size: 46.0 B, free: 434.2 MiB)
[2026-08-21T04:28:02.393+0000] {spark_submit.py:571} INFO - 26/08/21 04:28:02 INFO TaskSetManager: Starting task 45.0 in stage 16.0 (TID 125) (172.18.0.7, executor 1, partition 45, PROCESS_LOCAL, 7619 bytes)
[2026-08-21T04:28:02.394+0000] {spark_submit.py:571} INFO - 26/08/21 04:28:02 INFO TaskSetManager: Finished task 42.0 in stage 16.0 (TID 123) in 66 ms on 172.18.0.7 (executor 1) (47/50)
[2026-08-21T04:28:02.399+0000] {spark_submit.py:571} INFO - 26/08/21 04:28:02 INFO TaskSetManager: Starting task 49.0 in stage 16.0 (TID 126) (172.18.0.7, executor 1, partition 49, PROCESS_LOCAL, 7619 bytes)
[2026-08-21T04:28:02.400+0000] {spark_submit.py:571} INFO - 26/08/21 04:28:02 INFO TaskSetManager: Finished task 44.0 in stage 16.0 (TID 124) in 65 ms on 172.18.0.7 (executor 1) (48/50)
[2026-08-21T04:28:02.424+0000] {spark_submit.py:571} INFO - 26/08/21 04:28:02 INFO BlockManagerInfo: Added rdd_48_45 in memory on 172.18.0.7:43885 (size: 46.0 B, free: 434.2 MiB)
[2026-08-21T04:28:02.440+0000] {spark_submit.py:571} INFO - 26/08/21 04:28:02 INFO TaskSetManager: Finished task 45.0 in stage 16.0 (TID 125) in 47 ms on 172.18.0.7 (executor 1) (49/50)
[2026-08-21T04:28:02.442+0000] {spark_submit.py:571} INFO - 26/08/21 04:28:02 INFO BlockManagerInfo: Added rdd_48_49 in memory on 172.18.0.7:43885 (size: 46.0 B, free: 434.2 MiB)
[2026-08-21T04:28:02.456+0000] {spark_submit.py:571} INFO - 26/08/21 04:28:02 INFO TaskSetManager: Finished task 49.0 in stage 16.0 (TID 126) in 58 ms on 172.18.0.7 (executor 1) (50/50)
[2026-08-21T04:28:02.458+0000] {spark_submit.py:571} INFO - 26/08/21 04:28:02 INFO TaskSchedulerImpl: Removed TaskSet 16.0, whose tasks have all completed, from pool
[2026-08-21T04:28:02.460+0000] {spark_submit.py:571} INFO - 26/08/21 04:28:02 INFO DAGScheduler: ResultStage 16 ($anonfun$recordDeltaOperationInternal$1 at DatabricksLogging.scala:128) finished in 1.979 s
[2026-08-21T04:28:02.461+0000] {spark_submit.py:571} INFO - 26/08/21 04:28:02 INFO DAGScheduler: Job 10 is finished. Cancelling potential speculative or zombie tasks for this job
[2026-08-21T04:28:02.462+0000] {spark_submit.py:571} INFO - 26/08/21 04:28:02 INFO TaskSchedulerImpl: Killing all running tasks in stage 16: Stage finished
[2026-08-21T04:28:02.463+0000] {spark_submit.py:571} INFO - 26/08/21 04:28:02 INFO DAGScheduler: Job 10 finished: $anonfun$recordDeltaOperationInternal$1 at DatabricksLogging.scala:128, took 1.993384 s
[2026-08-21T04:28:02.676+0000] {spark_submit.py:571} INFO - 26/08/21 04:28:02 INFO FileSourceStrategy: Pushed Filters: IsNotNull(date_hour)
[2026-08-21T04:28:02.677+0000] {spark_submit.py:571} INFO - 26/08/21 04:28:02 INFO FileSourceStrategy: Post-Scan Filters: isnotnull(date_hour#19),(regexp_replace(date_hour#19, ", , 1) = 2025-06-01-00)
[2026-08-21T04:28:02.714+0000] {spark_submit.py:571} INFO - 26/08/21 04:28:02 INFO ParquetUtils: Using default output committer for Parquet: org.apache.parquet.hadoop.ParquetOutputCommitter
[2026-08-21T04:28:02.787+0000] {spark_submit.py:571} INFO - 26/08/21 04:28:02 INFO CodeGenerator: Code generated in 40.322124 ms
[2026-08-21T04:28:02.790+0000] {spark_submit.py:571} INFO - 26/08/21 04:28:02 INFO MemoryStore: Block broadcast_18 stored as values in memory (estimated size 201.7 KiB, free 432.9 MiB)
[2026-08-21T04:28:02.800+0000] {spark_submit.py:571} INFO - 26/08/21 04:28:02 INFO MemoryStore: Block broadcast_18_piece0 stored as bytes in memory (estimated size 34.9 KiB, free 432.8 MiB)
[2026-08-21T04:28:02.800+0000] {spark_submit.py:571} INFO - 26/08/21 04:28:02 INFO BlockManagerInfo: Added broadcast_18_piece0 in memory on c90a551abb73:44539 (size: 34.9 KiB, free: 434.1 MiB)
[2026-08-21T04:28:02.801+0000] {spark_submit.py:571} INFO - 26/08/21 04:28:02 INFO SparkContext: Created broadcast 18 from save at NativeMethodAccessorImpl.java:0
[2026-08-21T04:28:02.803+0000] {spark_submit.py:571} INFO - 26/08/21 04:28:02 INFO FileSourceScanExec: Planning scan with bin packing, max size: 134217728 bytes, open cost is considered as scanning 4194304 bytes.
[2026-08-21T04:28:02.835+0000] {spark_submit.py:571} INFO - 26/08/21 04:28:02 INFO SparkContext: Starting job: save at NativeMethodAccessorImpl.java:0
[2026-08-21T04:28:02.836+0000] {spark_submit.py:571} INFO - 26/08/21 04:28:02 INFO DAGScheduler: Got job 11 (save at NativeMethodAccessorImpl.java:0) with 7 output partitions
[2026-08-21T04:28:02.836+0000] {spark_submit.py:571} INFO - 26/08/21 04:28:02 INFO DAGScheduler: Final stage: ResultStage 17 (save at NativeMethodAccessorImpl.java:0)
[2026-08-21T04:28:02.836+0000] {spark_submit.py:571} INFO - 26/08/21 04:28:02 INFO DAGScheduler: Parents of final stage: List()
[2026-08-21T04:28:02.837+0000] {spark_submit.py:571} INFO - 26/08/21 04:28:02 INFO DAGScheduler: Missing parents: List()
[2026-08-21T04:28:02.837+0000] {spark_submit.py:571} INFO - 26/08/21 04:28:02 INFO DAGScheduler: Submitting ResultStage 17 (MapPartitionsRDD[57] at save at NativeMethodAccessorImpl.java:0), which has no missing parents
[2026-08-21T04:28:02.861+0000] {spark_submit.py:571} INFO - 26/08/21 04:28:02 INFO MemoryStore: Block broadcast_19 stored as values in memory (estimated size 375.5 KiB, free 432.5 MiB)
[2026-08-21T04:28:02.870+0000] {spark_submit.py:571} INFO - 26/08/21 04:28:02 INFO MemoryStore: Block broadcast_19_piece0 stored as bytes in memory (estimated size 135.2 KiB, free 432.3 MiB)
[2026-08-21T04:28:02.870+0000] {spark_submit.py:571} INFO - 26/08/21 04:28:02 INFO BlockManagerInfo: Added broadcast_19_piece0 in memory on c90a551abb73:44539 (size: 135.2 KiB, free: 434.0 MiB)
[2026-08-21T04:28:02.870+0000] {spark_submit.py:571} INFO - 26/08/21 04:28:02 INFO SparkContext: Created broadcast 19 from broadcast at DAGScheduler.scala:1585
[2026-08-21T04:28:02.870+0000] {spark_submit.py:571} INFO - 26/08/21 04:28:02 INFO DAGScheduler: Submitting 7 missing tasks from ResultStage 17 (MapPartitionsRDD[57] at save at NativeMethodAccessorImpl.java:0) (first 15 tasks are for partitions Vector(0, 1, 2, 3, 4, 5, 6))
[2026-08-21T04:28:02.871+0000] {spark_submit.py:571} INFO - 26/08/21 04:28:02 INFO TaskSchedulerImpl: Adding task set 17.0 with 7 tasks resource profile 0
[2026-08-21T04:28:02.871+0000] {spark_submit.py:571} INFO - 26/08/21 04:28:02 INFO TaskSetManager: Starting task 0.0 in stage 17.0 (TID 127) (172.18.0.6, executor 0, partition 0, PROCESS_LOCAL, 8210 bytes)
[2026-08-21T04:28:02.871+0000] {spark_submit.py:571} INFO - 26/08/21 04:28:02 INFO TaskSetManager: Starting task 1.0 in stage 17.0 (TID 128) (172.18.0.7, executor 1, partition 1, PROCESS_LOCAL, 8210 bytes)
[2026-08-21T04:28:02.871+0000] {spark_submit.py:571} INFO - 26/08/21 04:28:02 INFO TaskSetManager: Starting task 2.0 in stage 17.0 (TID 129) (172.18.0.6, executor 0, partition 2, PROCESS_LOCAL, 8210 bytes)
[2026-08-21T04:28:02.871+0000] {spark_submit.py:571} INFO - 26/08/21 04:28:02 INFO TaskSetManager: Starting task 3.0 in stage 17.0 (TID 130) (172.18.0.7, executor 1, partition 3, PROCESS_LOCAL, 8210 bytes)
[2026-08-21T04:28:02.884+0000] {spark_submit.py:571} INFO - 26/08/21 04:28:02 INFO BlockManagerInfo: Added broadcast_19_piece0 in memory on 172.18.0.7:43885 (size: 135.2 KiB, free: 434.1 MiB)
[2026-08-21T04:28:02.889+0000] {spark_submit.py:571} INFO - 26/08/21 04:28:02 INFO BlockManagerInfo: Added broadcast_19_piece0 in memory on 172.18.0.6:41803 (size: 135.2 KiB, free: 434.1 MiB)
[2026-08-21T04:28:03.173+0000] {spark_submit.py:571} INFO - 26/08/21 04:28:03 INFO BlockManagerInfo: Added broadcast_18_piece0 in memory on 172.18.0.6:41803 (size: 34.9 KiB, free: 434.1 MiB)
[2026-08-21T04:28:03.263+0000] {spark_submit.py:571} INFO - 26/08/21 04:28:03 INFO BlockManagerInfo: Added broadcast_18_piece0 in memory on 172.18.0.7:43885 (size: 34.9 KiB, free: 434.0 MiB)
[2026-08-21T04:28:07.777+0000] {spark_submit.py:571} INFO - 26/08/21 04:28:07 INFO TaskSetManager: Starting task 4.0 in stage 17.0 (TID 131) (172.18.0.6, executor 0, partition 4, PROCESS_LOCAL, 8210 bytes)
[2026-08-21T04:28:07.787+0000] {spark_submit.py:571} INFO - 26/08/21 04:28:07 INFO TaskSetManager: Finished task 0.0 in stage 17.0 (TID 127) in 4918 ms on 172.18.0.6 (executor 0) (1/7)
[2026-08-21T04:28:08.252+0000] {spark_submit.py:571} INFO - 26/08/21 04:28:08 INFO TaskSetManager: Starting task 5.0 in stage 17.0 (TID 132) (172.18.0.6, executor 0, partition 5, PROCESS_LOCAL, 8210 bytes)
[2026-08-21T04:28:08.254+0000] {spark_submit.py:571} INFO - 26/08/21 04:28:08 INFO TaskSetManager: Finished task 2.0 in stage 17.0 (TID 129) in 5386 ms on 172.18.0.6 (executor 0) (2/7)
[2026-08-21T04:28:08.457+0000] {spark_submit.py:571} INFO - 26/08/21 04:28:08 INFO TaskSetManager: Starting task 6.0 in stage 17.0 (TID 133) (172.18.0.7, executor 1, partition 6, PROCESS_LOCAL, 8210 bytes)
[2026-08-21T04:28:08.462+0000] {spark_submit.py:571} INFO - 26/08/21 04:28:08 INFO TaskSetManager: Finished task 3.0 in stage 17.0 (TID 130) in 5593 ms on 172.18.0.7 (executor 1) (3/7)
[2026-08-21T04:28:08.486+0000] {spark_submit.py:571} INFO - 26/08/21 04:28:08 INFO TaskSetManager: Finished task 1.0 in stage 17.0 (TID 128) in 5618 ms on 172.18.0.7 (executor 1) (4/7)
[2026-08-21T04:28:11.542+0000] {spark_submit.py:571} INFO - 26/08/21 04:28:11 INFO TaskSetManager: Finished task 4.0 in stage 17.0 (TID 131) in 3774 ms on 172.18.0.6 (executor 0) (5/7)
[2026-08-21T04:28:12.998+0000] {spark_submit.py:571} INFO - 26/08/21 04:28:12 INFO TaskSetManager: Finished task 6.0 in stage 17.0 (TID 133) in 4541 ms on 172.18.0.7 (executor 1) (6/7)
[2026-08-21T04:28:13.038+0000] {spark_submit.py:571} INFO - 26/08/21 04:28:13 INFO TaskSetManager: Finished task 5.0 in stage 17.0 (TID 132) in 4787 ms on 172.18.0.6 (executor 0) (7/7)
[2026-08-21T04:28:13.039+0000] {spark_submit.py:571} INFO - 26/08/21 04:28:13 INFO TaskSchedulerImpl: Removed TaskSet 17.0, whose tasks have all completed, from pool
[2026-08-21T04:28:13.040+0000] {spark_submit.py:571} INFO - 26/08/21 04:28:13 INFO DAGScheduler: ResultStage 17 (save at NativeMethodAccessorImpl.java:0) finished in 10.200 s
[2026-08-21T04:28:13.040+0000] {spark_submit.py:571} INFO - 26/08/21 04:28:13 INFO DAGScheduler: Job 11 is finished. Cancelling potential speculative or zombie tasks for this job
[2026-08-21T04:28:13.041+0000] {spark_submit.py:571} INFO - 26/08/21 04:28:13 INFO TaskSchedulerImpl: Killing all running tasks in stage 17: Stage finished
[2026-08-21T04:28:13.041+0000] {spark_submit.py:571} INFO - 26/08/21 04:28:13 INFO DAGScheduler: Job 11 finished: save at NativeMethodAccessorImpl.java:0, took 10.203865 s
[2026-08-21T04:28:13.044+0000] {spark_submit.py:571} INFO - 26/08/21 04:28:13 INFO DeltaFileFormatWriter: Start to commit write Job a685a37e-0dce-48f7-a2b5-9249f095d890.
[2026-08-21T04:28:13.045+0000] {spark_submit.py:571} INFO - 26/08/21 04:28:13 INFO DeltaFileFormatWriter: Write Job a685a37e-0dce-48f7-a2b5-9249f095d890 committed. Elapsed time: 0 ms.
[2026-08-21T04:28:13.049+0000] {spark_submit.py:571} INFO - 26/08/21 04:28:13 INFO DeltaFileFormatWriter: Finished processing stats for write job a685a37e-0dce-48f7-a2b5-9249f095d890.
[2026-08-21T04:28:13.110+0000] {spark_submit.py:571} INFO - 26/08/21 04:28:13 INFO OptimisticTransaction: [tableId=20609ef2,txnId=aae094ff] Attempting to commit version 1 with 3 actions with Serializable isolation level
[2026-08-21T04:28:13.322+0000] {spark_submit.py:571} INFO - 26/08/21 04:28:13 INFO DeltaLog: Creating a new snapshot v1 for commit version 1
[2026-08-21T04:28:13.322+0000] {spark_submit.py:571} INFO - 26/08/21 04:28:13 INFO DeltaLog: Loading version 1.
[2026-08-21T04:28:13.326+0000] {spark_submit.py:571} INFO - 26/08/21 04:28:13 INFO DeltaLogFileIndex: Created DeltaLogFileIndex(JSON, numFilesInSegment: 2, totalFileSize: 9799)
[2026-08-21T04:28:13.352+0000] {spark_submit.py:571} INFO - 26/08/21 04:28:13 INFO DataSourceStrategy: Pruning directories with:
[2026-08-21T04:28:13.353+0000] {spark_submit.py:571} INFO - 26/08/21 04:28:13 INFO FileSourceStrategy: Pushed Filters:
[2026-08-21T04:28:13.353+0000] {spark_submit.py:571} INFO - 26/08/21 04:28:13 INFO FileSourceStrategy: Post-Scan Filters: ((isnotnull(protocol#1336.minReaderVersion) OR isnotnull(metaData#1335.id)) OR (isnotnull(commitInfo#1337.inCommitTimestamp) AND (version#1338L = 1)))
[2026-08-21T04:28:13.389+0000] {spark_submit.py:571} INFO - 26/08/21 04:28:13 INFO CodeGenerator: Code generated in 25.552441 ms
[2026-08-21T04:28:13.393+0000] {spark_submit.py:571} INFO - 26/08/21 04:28:13 INFO MemoryStore: Block broadcast_20 stored as values in memory (estimated size 201.8 KiB, free 432.1 MiB)
[2026-08-21T04:28:13.401+0000] {spark_submit.py:571} INFO - 26/08/21 04:28:13 INFO MemoryStore: Block broadcast_20_piece0 stored as bytes in memory (estimated size 35.0 KiB, free 432.1 MiB)
[2026-08-21T04:28:13.403+0000] {spark_submit.py:571} INFO - 26/08/21 04:28:13 INFO BlockManagerInfo: Added broadcast_20_piece0 in memory on c90a551abb73:44539 (size: 35.0 KiB, free: 434.0 MiB)
[2026-08-21T04:28:13.406+0000] {spark_submit.py:571} INFO - 26/08/21 04:28:13 INFO SparkContext: Created broadcast 20 from $anonfun$recordDeltaOperationInternal$1 at DatabricksLogging.scala:128
[2026-08-21T04:28:13.406+0000] {spark_submit.py:571} INFO - 26/08/21 04:28:13 INFO FileSourceScanExec: Planning scan with bin packing, max size: 4194304 bytes, open cost is considered as scanning 4194304 bytes.
[2026-08-21T04:28:13.415+0000] {spark_submit.py:571} INFO - 26/08/21 04:28:13 INFO SparkContext: Starting job: $anonfun$recordDeltaOperationInternal$1 at DatabricksLogging.scala:128
[2026-08-21T04:28:13.416+0000] {spark_submit.py:571} INFO - 26/08/21 04:28:13 INFO DAGScheduler: Got job 12 ($anonfun$recordDeltaOperationInternal$1 at DatabricksLogging.scala:128) with 2 output partitions
[2026-08-21T04:28:13.416+0000] {spark_submit.py:571} INFO - 26/08/21 04:28:13 INFO DAGScheduler: Final stage: ResultStage 18 ($anonfun$recordDeltaOperationInternal$1 at DatabricksLogging.scala:128)
[2026-08-21T04:28:13.417+0000] {spark_submit.py:571} INFO - 26/08/21 04:28:13 INFO DAGScheduler: Parents of final stage: List()
[2026-08-21T04:28:13.417+0000] {spark_submit.py:571} INFO - 26/08/21 04:28:13 INFO DAGScheduler: Missing parents: List()
[2026-08-21T04:28:13.417+0000] {spark_submit.py:571} INFO - 26/08/21 04:28:13 INFO DAGScheduler: Submitting ResultStage 18 (MapPartitionsRDD[61] at $anonfun$recordDeltaOperationInternal$1 at DatabricksLogging.scala:128), which has no missing parents
[2026-08-21T04:28:13.418+0000] {spark_submit.py:571} INFO - 26/08/21 04:28:13 INFO MemoryStore: Block broadcast_21 stored as values in memory (estimated size 55.2 KiB, free 432.0 MiB)
[2026-08-21T04:28:13.419+0000] {spark_submit.py:571} INFO - 26/08/21 04:28:13 INFO MemoryStore: Block broadcast_21_piece0 stored as bytes in memory (estimated size 17.2 KiB, free 432.0 MiB)
[2026-08-21T04:28:13.419+0000] {spark_submit.py:571} INFO - 26/08/21 04:28:13 INFO BlockManagerInfo: Added broadcast_21_piece0 in memory on c90a551abb73:44539 (size: 17.2 KiB, free: 434.0 MiB)
[2026-08-21T04:28:13.420+0000] {spark_submit.py:571} INFO - 26/08/21 04:28:13 INFO SparkContext: Created broadcast 21 from broadcast at DAGScheduler.scala:1585
[2026-08-21T04:28:13.420+0000] {spark_submit.py:571} INFO - 26/08/21 04:28:13 INFO DAGScheduler: Submitting 2 missing tasks from ResultStage 18 (MapPartitionsRDD[61] at $anonfun$recordDeltaOperationInternal$1 at DatabricksLogging.scala:128) (first 15 tasks are for partitions Vector(0, 1))
[2026-08-21T04:28:13.420+0000] {spark_submit.py:571} INFO - 26/08/21 04:28:13 INFO TaskSchedulerImpl: Adding task set 18.0 with 2 tasks resource profile 0
[2026-08-21T04:28:13.421+0000] {spark_submit.py:571} INFO - 26/08/21 04:28:13 INFO TaskSetManager: Starting task 0.0 in stage 18.0 (TID 134) (172.18.0.6, executor 0, partition 0, PROCESS_LOCAL, 8295 bytes)
[2026-08-21T04:28:13.422+0000] {spark_submit.py:571} INFO - 26/08/21 04:28:13 INFO TaskSetManager: Starting task 1.0 in stage 18.0 (TID 135) (172.18.0.7, executor 1, partition 1, PROCESS_LOCAL, 8295 bytes)
[2026-08-21T04:28:13.463+0000] {spark_submit.py:571} INFO - 26/08/21 04:28:13 INFO BlockManagerInfo: Added broadcast_21_piece0 in memory on 172.18.0.6:41803 (size: 17.2 KiB, free: 434.1 MiB)
[2026-08-21T04:28:13.486+0000] {spark_submit.py:571} INFO - 26/08/21 04:28:13 INFO BlockManagerInfo: Added broadcast_21_piece0 in memory on 172.18.0.7:43885 (size: 17.2 KiB, free: 434.0 MiB)
[2026-08-21T04:28:13.541+0000] {spark_submit.py:571} INFO - 26/08/21 04:28:13 INFO BlockManagerInfo: Added broadcast_20_piece0 in memory on 172.18.0.6:41803 (size: 35.0 KiB, free: 434.0 MiB)
[2026-08-21T04:28:13.615+0000] {spark_submit.py:571} INFO - 26/08/21 04:28:13 INFO TaskSetManager: Finished task 0.0 in stage 18.0 (TID 134) in 194 ms on 172.18.0.6 (executor 0) (1/2)
[2026-08-21T04:28:13.666+0000] {spark_submit.py:571} INFO - 26/08/21 04:28:13 INFO BlockManagerInfo: Added broadcast_20_piece0 in memory on 172.18.0.7:43885 (size: 35.0 KiB, free: 434.0 MiB)
[2026-08-21T04:28:13.711+0000] {spark_submit.py:571} INFO - 26/08/21 04:28:13 INFO TaskSetManager: Finished task 1.0 in stage 18.0 (TID 135) in 290 ms on 172.18.0.7 (executor 1) (2/2)
[2026-08-21T04:28:13.712+0000] {spark_submit.py:571} INFO - 26/08/21 04:28:13 INFO TaskSchedulerImpl: Removed TaskSet 18.0, whose tasks have all completed, from pool
[2026-08-21T04:28:13.714+0000] {spark_submit.py:571} INFO - 26/08/21 04:28:13 INFO DAGScheduler: ResultStage 18 ($anonfun$recordDeltaOperationInternal$1 at DatabricksLogging.scala:128) finished in 0.295 s
[2026-08-21T04:28:13.714+0000] {spark_submit.py:571} INFO - 26/08/21 04:28:13 INFO DAGScheduler: Job 12 is finished. Cancelling potential speculative or zombie tasks for this job
[2026-08-21T04:28:13.715+0000] {spark_submit.py:571} INFO - 26/08/21 04:28:13 INFO TaskSchedulerImpl: Killing all running tasks in stage 18: Stage finished
[2026-08-21T04:28:13.715+0000] {spark_submit.py:571} INFO - 26/08/21 04:28:13 INFO DAGScheduler: Job 12 finished: $anonfun$recordDeltaOperationInternal$1 at DatabricksLogging.scala:128, took 0.298570 s
[2026-08-21T04:28:13.725+0000] {spark_submit.py:571} INFO - 26/08/21 04:28:13 INFO Snapshot: [tableId=20609ef2-b0d5-4640-a29f-1e05bc167367] Created snapshot Snapshot(path=s3a://bronze/cell_kpi_raw/_delta_log, version=1, metadata=Metadata(20609ef2-b0d5-4640-a29f-1e05bc167367,null,null,Format(parquet,Map()),{"type":"struct","fields":[{"name":"enb_name","type":"string","nullable":true,"metadata":{}},{"name":"cell_name","type":"string","nullable":true,"metadata":{}},{"name":"date_hour","type":"string","nullable":true,"metadata":{}},{"name":"dl_traffic_gb","type":"double","nullable":true,"metadata":{}},{"name":"ul_traffic_gb","type":"double","nullable":true,"metadata":{}},{"name":"total_traffic_gb","type":"double","nullable":true,"metadata":{}},{"name":"max_rrc_connected_user","type":"integer","nullable":true,"metadata":{}},{"name":"ul_prb","type":"double","nullable":true,"metadata":{}},{"name":"ul_prb_used","type":"double","nullable":true,"metadata":{}},{"name":"ul_prb_available_total","type":"double","nullable":true,"metadata":{}},{"name":"dl_prb","type":"double","nullable":true,"metadata":{}},{"name":"dl_prb_used","type":"double","nullable":true,"metadata":{}},{"name":"dl_prb_available_total","type":"double","nullable":true,"metadata":{}},{"name":"sector","type":"string","nullable":true,"metadata":{}},{"name":"azimuth","type":"integer","nullable":true,"metadata":{}},{"name":"cell_type","type":"string","nullable":true,"metadata":{}},{"name":"x","type":"double","nullable":true,"metadata":{}},{"name":"y","type":"double","nullable":true,"metadata":{}},{"name":"date","type":"string","nullable":true,"metadata":{}},{"name":"hour","type":"string","nullable":true,"metadata":{}}]},List(date, hour),Map(),Some(1787286421433)), logSegment=LogSegment(s3a://bronze/cell_kpi_raw/_delta_log,1,ArrayBuffer(S3AFileStatus{path=s3a://bronze/cell_kpi_raw/_delta_log/00000000000000000000.json; isDirectory=false; length=5793; replication=1; blocksize=33554432; modification_time=1787286433666; access_time=0; owner=***; group=***; permission=rw-rw-rw-; isSymlink=false; hasAcl=false; isEncrypted=true; isErasureCoded=false} isEmptyDirectory=FALSE eTag=126ad1ee385597b5153e1070bb825806 versionId=null, S3AFileStatus{path=s3a://bronze/cell_kpi_raw/_delta_log/00000000000000000001.json; isDirectory=false; length=4006; replication=1; blocksize=33554432; modification_time=1787286493000; access_time=0; owner=***; group=***; permission=rw-rw-rw-; isSymlink=false; hasAcl=false; isEncrypted=true; isErasureCoded=false} isEmptyDirectory=FALSE eTag=60f19973818d4917692652ecf029a957 versionId=null),org.apache.spark.sql.delta.EmptyCheckpointProvider$@27ad03dc,1787286493000), checksumOpt=None)
[2026-08-21T04:28:13.727+0000] {spark_submit.py:571} INFO - 26/08/21 04:28:13 INFO DeltaLog: Updated snapshot to Snapshot(path=s3a://bronze/cell_kpi_raw/_delta_log, version=1, metadata=Metadata(20609ef2-b0d5-4640-a29f-1e05bc167367,null,null,Format(parquet,Map()),{"type":"struct","fields":[{"name":"enb_name","type":"string","nullable":true,"metadata":{}},{"name":"cell_name","type":"string","nullable":true,"metadata":{}},{"name":"date_hour","type":"string","nullable":true,"metadata":{}},{"name":"dl_traffic_gb","type":"double","nullable":true,"metadata":{}},{"name":"ul_traffic_gb","type":"double","nullable":true,"metadata":{}},{"name":"total_traffic_gb","type":"double","nullable":true,"metadata":{}},{"name":"max_rrc_connected_user","type":"integer","nullable":true,"metadata":{}},{"name":"ul_prb","type":"double","nullable":true,"metadata":{}},{"name":"ul_prb_used","type":"double","nullable":true,"metadata":{}},{"name":"ul_prb_available_total","type":"double","nullable":true,"metadata":{}},{"name":"dl_prb","type":"double","nullable":true,"metadata":{}},{"name":"dl_prb_used","type":"double","nullable":true,"metadata":{}},{"name":"dl_prb_available_total","type":"double","nullable":true,"metadata":{}},{"name":"sector","type":"string","nullable":true,"metadata":{}},{"name":"azimuth","type":"integer","nullable":true,"metadata":{}},{"name":"cell_type","type":"string","nullable":true,"metadata":{}},{"name":"x","type":"double","nullable":true,"metadata":{}},{"name":"y","type":"double","nullable":true,"metadata":{}},{"name":"date","type":"string","nullable":true,"metadata":{}},{"name":"hour","type":"string","nullable":true,"metadata":{}}]},List(date, hour),Map(),Some(1787286421433)), logSegment=LogSegment(s3a://bronze/cell_kpi_raw/_delta_log,1,ArrayBuffer(S3AFileStatus{path=s3a://bronze/cell_kpi_raw/_delta_log/00000000000000000000.json; isDirectory=false; length=5793; replication=1; blocksize=33554432; modification_time=1787286433666; access_time=0; owner=***; group=***; permission=rw-rw-rw-; isSymlink=false; hasAcl=false; isEncrypted=true; isErasureCoded=false} isEmptyDirectory=FALSE eTag=126ad1ee385597b5153e1070bb825806 versionId=null, S3AFileStatus{path=s3a://bronze/cell_kpi_raw/_delta_log/00000000000000000001.json; isDirectory=false; length=4006; replication=1; blocksize=33554432; modification_time=1787286493000; access_time=0; owner=***; group=***; permission=rw-rw-rw-; isSymlink=false; hasAcl=false; isEncrypted=true; isErasureCoded=false} isEmptyDirectory=FALSE eTag=60f19973818d4917692652ecf029a957 versionId=null),org.apache.spark.sql.delta.EmptyCheckpointProvider$@27ad03dc,1787286493000), checksumOpt=None)
[2026-08-21T04:28:13.728+0000] {spark_submit.py:571} INFO - 26/08/21 04:28:13 INFO MapPartitionsRDD: Removing RDD 38 from persistence list
[2026-08-21T04:28:13.740+0000] {spark_submit.py:571} INFO - 26/08/21 04:28:13 INFO MapPartitionsRDD: Removing RDD 48 from persistence list
[2026-08-21T04:28:13.742+0000] {spark_submit.py:571} INFO - 26/08/21 04:28:13 INFO BlockManager: Removing RDD 38
[2026-08-21T04:28:13.755+0000] {spark_submit.py:571} INFO - 26/08/21 04:28:13 INFO BlockManager: Removing RDD 48
[2026-08-21T04:28:13.816+0000] {spark_submit.py:571} INFO - 26/08/21 04:28:13 INFO OptimisticTransaction: [tableId=20609ef2,txnId=aae094ff] Committed delta #1 to s3a://bronze/cell_kpi_raw/_delta_log
[2026-08-21T04:28:13.821+0000] {spark_submit.py:571} INFO - Ingest Bronze Hourly hoàn tất!
[2026-08-21T04:28:13.822+0000] {spark_submit.py:571} INFO - 26/08/21 04:28:13 INFO SparkContext: SparkContext is stopping with exitCode 0.
[2026-08-21T04:28:13.831+0000] {spark_submit.py:571} INFO - 26/08/21 04:28:13 INFO SparkUI: Stopped Spark web UI at http://c90a551abb73:4041
[2026-08-21T04:28:13.836+0000] {spark_submit.py:571} INFO - 26/08/21 04:28:13 INFO StandaloneSchedulerBackend: Shutting down all executors
[2026-08-21T04:28:13.836+0000] {spark_submit.py:571} INFO - 26/08/21 04:28:13 INFO StandaloneSchedulerBackend$StandaloneDriverEndpoint: Asking each executor to shut down
[2026-08-21T04:28:13.861+0000] {spark_submit.py:571} INFO - 26/08/21 04:28:13 INFO MapOutputTrackerMasterEndpoint: MapOutputTrackerMasterEndpoint stopped!
[2026-08-21T04:28:13.901+0000] {spark_submit.py:571} INFO - 26/08/21 04:28:13 INFO MemoryStore: MemoryStore cleared
[2026-08-21T04:28:13.902+0000] {spark_submit.py:571} INFO - 26/08/21 04:28:13 INFO BlockManager: BlockManager stopped
[2026-08-21T04:28:13.928+0000] {spark_submit.py:571} INFO - 26/08/21 04:28:13 INFO BlockManagerMaster: BlockManagerMaster stopped
[2026-08-21T04:28:13.933+0000] {spark_submit.py:571} INFO - 26/08/21 04:28:13 INFO OutputCommitCoordinator$OutputCommitCoordinatorEndpoint: OutputCommitCoordinator stopped!
[2026-08-21T04:28:13.977+0000] {spark_submit.py:571} INFO - 26/08/21 04:28:13 INFO SparkContext: Successfully stopped SparkContext
[2026-08-21T04:28:14.118+0000] {spark_submit.py:571} INFO - 26/08/21 04:28:14 INFO ShutdownHookManager: Shutdown hook called
[2026-08-21T04:28:14.119+0000] {spark_submit.py:571} INFO - 26/08/21 04:28:14 INFO ShutdownHookManager: Deleting directory /tmp/spark-a2cca9c4-f1e9-4fdf-bffc-07f10be8ab98
[2026-08-21T04:28:14.123+0000] {spark_submit.py:571} INFO - 26/08/21 04:28:14 INFO ShutdownHookManager: Deleting directory /tmp/spark-a2cca9c4-f1e9-4fdf-bffc-07f10be8ab98/pyspark-7a6613cd-6839-4e18-a2e9-d131ccac8436
[2026-08-21T04:28:14.127+0000] {spark_submit.py:571} INFO - 26/08/21 04:28:14 INFO ShutdownHookManager: Deleting directory /tmp/spark-bc54fbc6-3a42-4bee-8497-d9174308b478
[2026-08-21T04:28:14.134+0000] {spark_submit.py:571} INFO - 26/08/21 04:28:14 INFO MetricsSystemImpl: Stopping s3a-file-system metrics system...
[2026-08-21T04:28:14.134+0000] {spark_submit.py:571} INFO - 26/08/21 04:28:14 INFO MetricsSystemImpl: s3a-file-system metrics system stopped.
[2026-08-21T04:28:14.135+0000] {spark_submit.py:571} INFO - 26/08/21 04:28:14 INFO MetricsSystemImpl: s3a-file-system metrics system shutdown complete.
[2026-08-21T04:28:14.201+0000] {taskinstance.py:441} INFO - ::group::Post task execution logs
[2026-08-21T04:28:14.209+0000] {taskinstance.py:1206} INFO - Marking task as SUCCESS. dag_id=cell_kpi_hourly_anomaly_pipeline, task_id=1_ingest_hourly_bronze, run_id=scheduled__2025-05-31T17:00:00+00:00, execution_date=20250531T170000, start_date=20260821T042618, end_date=20260821T042814
[2026-08-21T04:28:14.255+0000] {local_task_job_runner.py:240} INFO - Task exited with return code 0
[2026-08-21T04:28:14.270+0000] {taskinstance.py:3498} INFO - 1 downstream tasks scheduled from follow-on schedule check
[2026-08-21T04:28:14.271+0000] {local_task_job_runner.py:222} INFO - ::endgroup::
[2026-08-21T04:32:22.818+0000] {local_task_job_runner.py:120} INFO - ::group::Pre task execution logs
[2026-08-21T04:32:22.833+0000] {taskinstance.py:2076} INFO - Dependencies all met for dep_context=non-requeueable deps ti=<TaskInstance: cell_kpi_hourly_anomaly_pipeline.1_ingest_hourly_bronze scheduled__2025-05-31T17:00:00+00:00 [queued]>
[2026-08-21T04:32:22.839+0000] {taskinstance.py:2076} INFO - Dependencies all met for dep_context=requeueable deps ti=<TaskInstance: cell_kpi_hourly_anomaly_pipeline.1_ingest_hourly_bronze scheduled__2025-05-31T17:00:00+00:00 [queued]>
[2026-08-21T04:32:22.839+0000] {taskinstance.py:2306} INFO - Starting attempt 1 of 2
[2026-08-21T04:32:22.850+0000] {taskinstance.py:2330} INFO - Executing <Task(SparkSubmitOperator): 1_ingest_hourly_bronze> on 2025-05-31 17:00:00+00:00
[2026-08-21T04:32:22.856+0000] {standard_task_runner.py:63} INFO - Started process 6467 to run task
[2026-08-21T04:32:22.859+0000] {standard_task_runner.py:90} INFO - Running: ['***', 'tasks', 'run', 'cell_kpi_hourly_anomaly_pipeline', '1_ingest_hourly_bronze', 'scheduled__2025-05-31T17:00:00+00:00', '--job-id', '59', '--raw', '--subdir', 'DAGS_FOLDER/cell_kpi_hourly_anomaly.py', '--cfg-path', '/tmp/tmp2nlzkcrt']
[2026-08-21T04:32:22.861+0000] {standard_task_runner.py:91} INFO - Job 59: Subtask 1_ingest_hourly_bronze
[2026-08-21T04:32:22.911+0000] {task_command.py:426} INFO - Running <TaskInstance: cell_kpi_hourly_anomaly_pipeline.1_ingest_hourly_bronze scheduled__2025-05-31T17:00:00+00:00 [running]> on host c90a551abb73
[2026-08-21T04:32:22.960+0000] {logging_mixin.py:188} WARNING - /home/***/.local/lib/python3.10/site-packages/***/utils/context.py:212 AirflowContextDeprecationWarning: Accessing 'execution_date' from the template is deprecated and will be removed in a future version. Please use 'data_interval_start' or 'logical_date' instead.
[2026-08-21T04:32:22.992+0000] {taskinstance.py:2648} INFO - Exporting env vars: AIRFLOW_CTX_DAG_OWNER='data_engineer_team' AIRFLOW_CTX_DAG_ID='cell_kpi_hourly_anomaly_pipeline' AIRFLOW_CTX_TASK_ID='1_ingest_hourly_bronze' AIRFLOW_CTX_EXECUTION_DATE='2025-05-31T17:00:00+00:00' AIRFLOW_CTX_TRY_NUMBER='1' AIRFLOW_CTX_DAG_RUN_ID='scheduled__2025-05-31T17:00:00+00:00'
[2026-08-21T04:32:22.993+0000] {taskinstance.py:430} INFO - ::endgroup::
[2026-08-21T04:32:23.009+0000] {base.py:84} INFO - Using connection ID 'spark-master' for task execution.
[2026-08-21T04:32:23.010+0000] {spark_submit.py:401} INFO - Spark-Submit cmd: spark-submit --master spark://spark-master:7077 --name arrow-spark --deploy-mode client /opt/spark_scripts/1_ingest_hourly.py --input_path s3a://landingzone/202506.csv --target_date_hour 2025-06-01-00
[2026-08-21T04:32:23.095+0000] {spark_submit.py:571} INFO - /home/***/.local/lib/python3.10/site-packages/pyspark/bin/load-spark-env.sh: line 68: ps: command not found
[2026-08-21T04:32:26.344+0000] {spark_submit.py:571} INFO - 26/08/21 04:32:26 INFO SparkContext: Running Spark version 3.5.1
[2026-08-21T04:32:26.345+0000] {spark_submit.py:571} INFO - 26/08/21 04:32:26 INFO SparkContext: OS info Linux, 6.8.0-1052-azure, amd64
[2026-08-21T04:32:26.346+0000] {spark_submit.py:571} INFO - 26/08/21 04:32:26 INFO SparkContext: Java version 17.0.20
[2026-08-21T04:32:26.418+0000] {spark_submit.py:571} INFO - 26/08/21 04:32:26 WARN NativeCodeLoader: Unable to load native-hadoop library for your platform... using builtin-java classes where applicable
[2026-08-21T04:32:26.646+0000] {spark_submit.py:571} INFO - 26/08/21 04:32:26 INFO ResourceUtils: ==============================================================
[2026-08-21T04:32:26.647+0000] {spark_submit.py:571} INFO - 26/08/21 04:32:26 INFO ResourceUtils: No custom resources configured for spark.driver.
[2026-08-21T04:32:26.647+0000] {spark_submit.py:571} INFO - 26/08/21 04:32:26 INFO ResourceUtils: ==============================================================
[2026-08-21T04:32:26.653+0000] {spark_submit.py:571} INFO - 26/08/21 04:32:26 INFO SparkContext: Submitted application: Ingest_Bronze_2025-06-01-00
[2026-08-21T04:32:26.693+0000] {spark_submit.py:571} INFO - 26/08/21 04:32:26 INFO ResourceProfile: Default ResourceProfile created, executor resources: Map(memory -> name: memory, amount: 1024, script: , vendor: , offHeap -> name: offHeap, amount: 0, script: , vendor: ), task resources: Map(cpus -> name: cpus, amount: 1.0)
[2026-08-21T04:32:26.713+0000] {spark_submit.py:571} INFO - 26/08/21 04:32:26 INFO ResourceProfile: Limiting resource is cpu
[2026-08-21T04:32:26.715+0000] {spark_submit.py:571} INFO - 26/08/21 04:32:26 INFO ResourceProfileManager: Added ResourceProfile id: 0
[2026-08-21T04:32:26.794+0000] {spark_submit.py:571} INFO - 26/08/21 04:32:26 INFO SecurityManager: Changing view acls to: ***
[2026-08-21T04:32:26.797+0000] {spark_submit.py:571} INFO - 26/08/21 04:32:26 INFO SecurityManager: Changing modify acls to: ***
[2026-08-21T04:32:26.799+0000] {spark_submit.py:571} INFO - 26/08/21 04:32:26 INFO SecurityManager: Changing view acls groups to:
[2026-08-21T04:32:26.801+0000] {spark_submit.py:571} INFO - 26/08/21 04:32:26 INFO SecurityManager: Changing modify acls groups to:
[2026-08-21T04:32:26.803+0000] {spark_submit.py:571} INFO - 26/08/21 04:32:26 INFO SecurityManager: SecurityManager: authentication disabled; ui acls disabled; users with view permissions: ***; groups with view permissions: EMPTY; users with modify permissions: ***; groups with modify permissions: EMPTY
[2026-08-21T04:32:27.138+0000] {spark_submit.py:571} INFO - 26/08/21 04:32:27 INFO Utils: Successfully started service 'sparkDriver' on port 39221.
[2026-08-21T04:32:27.192+0000] {spark_submit.py:571} INFO - 26/08/21 04:32:27 INFO SparkEnv: Registering MapOutputTracker
[2026-08-21T04:32:27.231+0000] {spark_submit.py:571} INFO - 26/08/21 04:32:27 INFO SparkEnv: Registering BlockManagerMaster
[2026-08-21T04:32:27.255+0000] {spark_submit.py:571} INFO - 26/08/21 04:32:27 INFO BlockManagerMasterEndpoint: Using org.apache.spark.storage.DefaultTopologyMapper for getting topology information
[2026-08-21T04:32:27.256+0000] {spark_submit.py:571} INFO - 26/08/21 04:32:27 INFO BlockManagerMasterEndpoint: BlockManagerMasterEndpoint up
[2026-08-21T04:32:27.263+0000] {spark_submit.py:571} INFO - 26/08/21 04:32:27 INFO SparkEnv: Registering BlockManagerMasterHeartbeat
[2026-08-21T04:32:27.295+0000] {spark_submit.py:571} INFO - 26/08/21 04:32:27 INFO DiskBlockManager: Created local directory at /tmp/blockmgr-9c5c5e9e-05e7-4a20-b291-89b3dd8c9fd3
[2026-08-21T04:32:27.314+0000] {spark_submit.py:571} INFO - 26/08/21 04:32:27 INFO MemoryStore: MemoryStore started with capacity 434.4 MiB
[2026-08-21T04:32:27.330+0000] {spark_submit.py:571} INFO - 26/08/21 04:32:27 INFO SparkEnv: Registering OutputCommitCoordinator
[2026-08-21T04:32:27.486+0000] {spark_submit.py:571} INFO - 26/08/21 04:32:27 INFO JettyUtils: Start Jetty 0.0.0.0:4040 for SparkUI
[2026-08-21T04:32:27.602+0000] {spark_submit.py:571} INFO - 26/08/21 04:32:27 INFO Utils: Successfully started service 'SparkUI' on port 4040.
[2026-08-21T04:32:27.815+0000] {spark_submit.py:571} INFO - 26/08/21 04:32:27 INFO StandaloneAppClient$ClientEndpoint: Connecting to master spark://spark-master:7077...
[2026-08-21T04:32:27.930+0000] {spark_submit.py:571} INFO - 26/08/21 04:32:27 INFO TransportClientFactory: Successfully created connection to spark-master/172.18.0.4:7077 after 65 ms (0 ms spent in bootstraps)
[2026-08-21T04:32:28.068+0000] {spark_submit.py:571} INFO - 26/08/21 04:32:28 INFO StandaloneSchedulerBackend: Connected to Spark cluster with app ID app-20260821043228-0018
[2026-08-21T04:32:28.072+0000] {spark_submit.py:571} INFO - 26/08/21 04:32:28 INFO StandaloneAppClient$ClientEndpoint: Executor added: app-20260821043228-0018/0 on worker-20260821021253-172.18.0.6-39045 (172.18.0.6:39045) with 2 core(s)
[2026-08-21T04:32:28.081+0000] {spark_submit.py:571} INFO - 26/08/21 04:32:28 INFO StandaloneSchedulerBackend: Granted executor ID app-20260821043228-0018/0 on hostPort 172.18.0.6:39045 with 2 core(s), 1024.0 MiB RAM
[2026-08-21T04:32:28.082+0000] {spark_submit.py:571} INFO - 26/08/21 04:32:28 INFO StandaloneAppClient$ClientEndpoint: Executor added: app-20260821043228-0018/1 on worker-20260821021253-172.18.0.7-44957 (172.18.0.7:44957) with 2 core(s)
[2026-08-21T04:32:28.082+0000] {spark_submit.py:571} INFO - 26/08/21 04:32:28 INFO StandaloneSchedulerBackend: Granted executor ID app-20260821043228-0018/1 on hostPort 172.18.0.7:44957 with 2 core(s), 1024.0 MiB RAM
[2026-08-21T04:32:28.100+0000] {spark_submit.py:571} INFO - 26/08/21 04:32:28 INFO Utils: Successfully started service 'org.apache.spark.network.netty.NettyBlockTransferService' on port 42113.
[2026-08-21T04:32:28.102+0000] {spark_submit.py:571} INFO - 26/08/21 04:32:28 INFO NettyBlockTransferService: Server created on c90a551abb73:42113
[2026-08-21T04:32:28.112+0000] {spark_submit.py:571} INFO - 26/08/21 04:32:28 INFO BlockManager: Using org.apache.spark.storage.RandomBlockReplicationPolicy for block replication policy
[2026-08-21T04:32:28.147+0000] {spark_submit.py:571} INFO - 26/08/21 04:32:28 INFO BlockManagerMaster: Registering BlockManager BlockManagerId(driver, c90a551abb73, 42113, None)
[2026-08-21T04:32:28.150+0000] {spark_submit.py:571} INFO - 26/08/21 04:32:28 INFO StandaloneAppClient$ClientEndpoint: Executor updated: app-20260821043228-0018/0 is now RUNNING
[2026-08-21T04:32:28.157+0000] {spark_submit.py:571} INFO - 26/08/21 04:32:28 INFO BlockManagerMasterEndpoint: Registering block manager c90a551abb73:42113 with 434.4 MiB RAM, BlockManagerId(driver, c90a551abb73, 42113, None)
[2026-08-21T04:32:28.159+0000] {spark_submit.py:571} INFO - 26/08/21 04:32:28 INFO StandaloneAppClient$ClientEndpoint: Executor updated: app-20260821043228-0018/1 is now RUNNING
[2026-08-21T04:32:28.162+0000] {spark_submit.py:571} INFO - 26/08/21 04:32:28 INFO BlockManagerMaster: Registered BlockManager BlockManagerId(driver, c90a551abb73, 42113, None)
[2026-08-21T04:32:28.164+0000] {spark_submit.py:571} INFO - 26/08/21 04:32:28 INFO BlockManager: Initialized BlockManager: BlockManagerId(driver, c90a551abb73, 42113, None)
[2026-08-21T04:32:28.608+0000] {spark_submit.py:571} INFO - 26/08/21 04:32:28 INFO StandaloneSchedulerBackend: SchedulerBackend is ready for scheduling beginning after reached minRegisteredResourcesRatio: 0.0
[2026-08-21T04:32:29.464+0000] {spark_submit.py:571} INFO - Đang nạp s3a://landingzone/202506.csv và trích xuất dữ liệu ca: 2025-06-01-00...
[2026-08-21T04:32:29.676+0000] {spark_submit.py:571} INFO - 26/08/21 04:32:29 INFO SharedState: Setting hive.metastore.warehouse.dir ('null') to the value of spark.sql.warehouse.dir.
[2026-08-21T04:32:29.697+0000] {spark_submit.py:571} INFO - 26/08/21 04:32:29 INFO SharedState: Warehouse path is 'file:/opt/***/spark-warehouse'.
[2026-08-21T04:32:32.183+0000] {spark_submit.py:571} INFO - 26/08/21 04:32:32 WARN MetricsConfig: Cannot locate configuration: tried hadoop-metrics2-s3a-file-system.properties,hadoop-metrics2.properties
[2026-08-21T04:32:32.251+0000] {spark_submit.py:571} INFO - 26/08/21 04:32:32 INFO MetricsSystemImpl: Scheduled Metric snapshot period at 10 second(s).
[2026-08-21T04:32:32.253+0000] {spark_submit.py:571} INFO - 26/08/21 04:32:32 INFO MetricsSystemImpl: s3a-file-system metrics system started
[2026-08-21T04:32:34.175+0000] {spark_submit.py:571} INFO - 26/08/21 04:32:34 INFO StandaloneSchedulerBackend$StandaloneDriverEndpoint: Registered executor NettyRpcEndpointRef(spark-client://Executor) (172.18.0.6:53060) with ID 0,  ResourceProfileId 0
[2026-08-21T04:32:34.370+0000] {spark_submit.py:571} INFO - 26/08/21 04:32:34 INFO BlockManagerMasterEndpoint: Registering block manager 172.18.0.6:40581 with 434.4 MiB RAM, BlockManagerId(0, 172.18.0.6, 40581, None)
[2026-08-21T04:32:34.492+0000] {spark_submit.py:571} INFO - 26/08/21 04:32:34 INFO StandaloneSchedulerBackend$StandaloneDriverEndpoint: Registered executor NettyRpcEndpointRef(spark-client://Executor) (172.18.0.7:56434) with ID 1,  ResourceProfileId 0
[2026-08-21T04:32:34.619+0000] {spark_submit.py:571} INFO - 26/08/21 04:32:34 INFO BlockManagerMasterEndpoint: Registering block manager 172.18.0.7:39495 with 434.4 MiB RAM, BlockManagerId(1, 172.18.0.7, 39495, None)
[2026-08-21T04:32:34.944+0000] {spark_submit.py:571} INFO - 26/08/21 04:32:34 INFO InMemoryFileIndex: It took 140 ms to list leaf files for 1 paths.
[2026-08-21T04:32:35.098+0000] {spark_submit.py:571} INFO - 26/08/21 04:32:35 INFO InMemoryFileIndex: It took 33 ms to list leaf files for 1 paths.
[2026-08-21T04:32:38.105+0000] {spark_submit.py:571} INFO - 26/08/21 04:32:38 INFO FileSourceStrategy: Pushed Filters:
[2026-08-21T04:32:38.108+0000] {spark_submit.py:571} INFO - 26/08/21 04:32:38 INFO FileSourceStrategy: Post-Scan Filters: (length(trim(value#0, None)) > 0)
[2026-08-21T04:32:38.772+0000] {spark_submit.py:571} INFO - 26/08/21 04:32:38 INFO CodeGenerator: Code generated in 370.609861 ms
[2026-08-21T04:32:38.828+0000] {spark_submit.py:571} INFO - 26/08/21 04:32:38 INFO MemoryStore: Block broadcast_0 stored as values in memory (estimated size 201.8 KiB, free 434.2 MiB)
[2026-08-21T04:32:38.887+0000] {spark_submit.py:571} INFO - 26/08/21 04:32:38 INFO MemoryStore: Block broadcast_0_piece0 stored as bytes in memory (estimated size 34.9 KiB, free 434.2 MiB)
[2026-08-21T04:32:38.890+0000] {spark_submit.py:571} INFO - 26/08/21 04:32:38 INFO BlockManagerInfo: Added broadcast_0_piece0 in memory on c90a551abb73:42113 (size: 34.9 KiB, free: 434.4 MiB)
[2026-08-21T04:32:38.895+0000] {spark_submit.py:571} INFO - 26/08/21 04:32:38 INFO SparkContext: Created broadcast 0 from csv at NativeMethodAccessorImpl.java:0
[2026-08-21T04:32:38.905+0000] {spark_submit.py:571} INFO - 26/08/21 04:32:38 INFO FileSourceScanExec: Planning scan with bin packing, max size: 134217728 bytes, open cost is considered as scanning 4194304 bytes.
[2026-08-21T04:32:39.001+0000] {spark_submit.py:571} INFO - 26/08/21 04:32:39 INFO SparkContext: Starting job: csv at NativeMethodAccessorImpl.java:0
[2026-08-21T04:32:39.017+0000] {spark_submit.py:571} INFO - 26/08/21 04:32:39 INFO DAGScheduler: Got job 0 (csv at NativeMethodAccessorImpl.java:0) with 1 output partitions
[2026-08-21T04:32:39.020+0000] {spark_submit.py:571} INFO - 26/08/21 04:32:39 INFO DAGScheduler: Final stage: ResultStage 0 (csv at NativeMethodAccessorImpl.java:0)
[2026-08-21T04:32:39.020+0000] {spark_submit.py:571} INFO - 26/08/21 04:32:39 INFO DAGScheduler: Parents of final stage: List()
[2026-08-21T04:32:39.020+0000] {spark_submit.py:571} INFO - 26/08/21 04:32:39 INFO DAGScheduler: Missing parents: List()
[2026-08-21T04:32:39.023+0000] {spark_submit.py:571} INFO - 26/08/21 04:32:39 INFO DAGScheduler: Submitting ResultStage 0 (MapPartitionsRDD[3] at csv at NativeMethodAccessorImpl.java:0), which has no missing parents
[2026-08-21T04:32:39.110+0000] {spark_submit.py:571} INFO - 26/08/21 04:32:39 INFO MemoryStore: Block broadcast_1 stored as values in memory (estimated size 13.5 KiB, free 434.2 MiB)
[2026-08-21T04:32:39.117+0000] {spark_submit.py:571} INFO - 26/08/21 04:32:39 INFO MemoryStore: Block broadcast_1_piece0 stored as bytes in memory (estimated size 6.4 KiB, free 434.1 MiB)
[2026-08-21T04:32:39.118+0000] {spark_submit.py:571} INFO - 26/08/21 04:32:39 INFO BlockManagerInfo: Added broadcast_1_piece0 in memory on c90a551abb73:42113 (size: 6.4 KiB, free: 434.4 MiB)
[2026-08-21T04:32:39.123+0000] {spark_submit.py:571} INFO - 26/08/21 04:32:39 INFO SparkContext: Created broadcast 1 from broadcast at DAGScheduler.scala:1585
[2026-08-21T04:32:39.138+0000] {spark_submit.py:571} INFO - 26/08/21 04:32:39 INFO DAGScheduler: Submitting 1 missing tasks from ResultStage 0 (MapPartitionsRDD[3] at csv at NativeMethodAccessorImpl.java:0) (first 15 tasks are for partitions Vector(0))
[2026-08-21T04:32:39.139+0000] {spark_submit.py:571} INFO - 26/08/21 04:32:39 INFO TaskSchedulerImpl: Adding task set 0.0 with 1 tasks resource profile 0
[2026-08-21T04:32:39.163+0000] {spark_submit.py:571} INFO - 26/08/21 04:32:39 INFO TaskSetManager: Starting task 0.0 in stage 0.0 (TID 0) (172.18.0.6, executor 0, partition 0, PROCESS_LOCAL, 8210 bytes)
[2026-08-21T04:32:39.391+0000] {spark_submit.py:571} INFO - 26/08/21 04:32:39 INFO BlockManagerInfo: Added broadcast_1_piece0 in memory on 172.18.0.6:40581 (size: 6.4 KiB, free: 434.4 MiB)
[2026-08-21T04:32:40.227+0000] {spark_submit.py:571} INFO - 26/08/21 04:32:40 INFO BlockManagerInfo: Added broadcast_0_piece0 in memory on 172.18.0.6:40581 (size: 34.9 KiB, free: 434.4 MiB)
[2026-08-21T04:32:41.627+0000] {spark_submit.py:571} INFO - 26/08/21 04:32:41 INFO TaskSetManager: Finished task 0.0 in stage 0.0 (TID 0) in 2471 ms on 172.18.0.6 (executor 0) (1/1)
[2026-08-21T04:32:41.628+0000] {spark_submit.py:571} INFO - 26/08/21 04:32:41 INFO TaskSchedulerImpl: Removed TaskSet 0.0, whose tasks have all completed, from pool
[2026-08-21T04:32:41.634+0000] {spark_submit.py:571} INFO - 26/08/21 04:32:41 INFO DAGScheduler: ResultStage 0 (csv at NativeMethodAccessorImpl.java:0) finished in 2.581 s
[2026-08-21T04:32:41.636+0000] {spark_submit.py:571} INFO - 26/08/21 04:32:41 INFO DAGScheduler: Job 0 is finished. Cancelling potential speculative or zombie tasks for this job
[2026-08-21T04:32:41.637+0000] {spark_submit.py:571} INFO - 26/08/21 04:32:41 INFO TaskSchedulerImpl: Killing all running tasks in stage 0: Stage finished
[2026-08-21T04:32:41.638+0000] {spark_submit.py:571} INFO - 26/08/21 04:32:41 INFO DAGScheduler: Job 0 finished: csv at NativeMethodAccessorImpl.java:0, took 2.637275 s
[2026-08-21T04:32:41.655+0000] {spark_submit.py:571} INFO - 26/08/21 04:32:41 INFO CodeGenerator: Code generated in 8.68002 ms
[2026-08-21T04:32:41.705+0000] {spark_submit.py:571} INFO - 26/08/21 04:32:41 INFO FileSourceStrategy: Pushed Filters:
[2026-08-21T04:32:41.712+0000] {spark_submit.py:571} INFO - 26/08/21 04:32:41 INFO FileSourceStrategy: Post-Scan Filters:
[2026-08-21T04:32:41.731+0000] {spark_submit.py:571} INFO - 26/08/21 04:32:41 INFO MemoryStore: Block broadcast_2 stored as values in memory (estimated size 201.8 KiB, free 434.0 MiB)
[2026-08-21T04:32:41.735+0000] {spark_submit.py:571} INFO - 26/08/21 04:32:41 INFO BlockManagerInfo: Removed broadcast_1_piece0 on c90a551abb73:42113 in memory (size: 6.4 KiB, free: 434.4 MiB)
[2026-08-21T04:32:41.736+0000] {spark_submit.py:571} INFO - 26/08/21 04:32:41 INFO BlockManagerInfo: Removed broadcast_1_piece0 on 172.18.0.6:40581 in memory (size: 6.4 KiB, free: 434.4 MiB)
[2026-08-21T04:32:41.762+0000] {spark_submit.py:571} INFO - 26/08/21 04:32:41 INFO MemoryStore: Block broadcast_2_piece0 stored as bytes in memory (estimated size 34.9 KiB, free 433.9 MiB)
[2026-08-21T04:32:41.763+0000] {spark_submit.py:571} INFO - 26/08/21 04:32:41 INFO BlockManagerInfo: Added broadcast_2_piece0 in memory on c90a551abb73:42113 (size: 34.9 KiB, free: 434.3 MiB)
[2026-08-21T04:32:41.769+0000] {spark_submit.py:571} INFO - 26/08/21 04:32:41 INFO SparkContext: Created broadcast 2 from csv at NativeMethodAccessorImpl.java:0
[2026-08-21T04:32:41.771+0000] {spark_submit.py:571} INFO - 26/08/21 04:32:41 INFO FileSourceScanExec: Planning scan with bin packing, max size: 134217728 bytes, open cost is considered as scanning 4194304 bytes.
[2026-08-21T04:32:41.865+0000] {spark_submit.py:571} INFO - 26/08/21 04:32:41 INFO SparkContext: Starting job: csv at NativeMethodAccessorImpl.java:0
[2026-08-21T04:32:41.868+0000] {spark_submit.py:571} INFO - 26/08/21 04:32:41 INFO DAGScheduler: Got job 1 (csv at NativeMethodAccessorImpl.java:0) with 7 output partitions
[2026-08-21T04:32:41.868+0000] {spark_submit.py:571} INFO - 26/08/21 04:32:41 INFO DAGScheduler: Final stage: ResultStage 1 (csv at NativeMethodAccessorImpl.java:0)
[2026-08-21T04:32:41.869+0000] {spark_submit.py:571} INFO - 26/08/21 04:32:41 INFO DAGScheduler: Parents of final stage: List()
[2026-08-21T04:32:41.869+0000] {spark_submit.py:571} INFO - 26/08/21 04:32:41 INFO DAGScheduler: Missing parents: List()
[2026-08-21T04:32:41.869+0000] {spark_submit.py:571} INFO - 26/08/21 04:32:41 INFO DAGScheduler: Submitting ResultStage 1 (MapPartitionsRDD[9] at csv at NativeMethodAccessorImpl.java:0), which has no missing parents
[2026-08-21T04:32:41.885+0000] {spark_submit.py:571} INFO - 26/08/21 04:32:41 INFO MemoryStore: Block broadcast_3 stored as values in memory (estimated size 28.4 KiB, free 433.9 MiB)
[2026-08-21T04:32:41.891+0000] {spark_submit.py:571} INFO - 26/08/21 04:32:41 INFO MemoryStore: Block broadcast_3_piece0 stored as bytes in memory (estimated size 13.1 KiB, free 433.9 MiB)
[2026-08-21T04:32:41.891+0000] {spark_submit.py:571} INFO - 26/08/21 04:32:41 INFO BlockManagerInfo: Added broadcast_3_piece0 in memory on c90a551abb73:42113 (size: 13.1 KiB, free: 434.3 MiB)
[2026-08-21T04:32:41.892+0000] {spark_submit.py:571} INFO - 26/08/21 04:32:41 INFO SparkContext: Created broadcast 3 from broadcast at DAGScheduler.scala:1585
[2026-08-21T04:32:41.893+0000] {spark_submit.py:571} INFO - 26/08/21 04:32:41 INFO DAGScheduler: Submitting 7 missing tasks from ResultStage 1 (MapPartitionsRDD[9] at csv at NativeMethodAccessorImpl.java:0) (first 15 tasks are for partitions Vector(0, 1, 2, 3, 4, 5, 6))
[2026-08-21T04:32:41.893+0000] {spark_submit.py:571} INFO - 26/08/21 04:32:41 INFO TaskSchedulerImpl: Adding task set 1.0 with 7 tasks resource profile 0
[2026-08-21T04:32:41.895+0000] {spark_submit.py:571} INFO - 26/08/21 04:32:41 INFO TaskSetManager: Starting task 0.0 in stage 1.0 (TID 1) (172.18.0.7, executor 1, partition 0, PROCESS_LOCAL, 8210 bytes)
[2026-08-21T04:32:41.897+0000] {spark_submit.py:571} INFO - 26/08/21 04:32:41 INFO TaskSetManager: Starting task 1.0 in stage 1.0 (TID 2) (172.18.0.6, executor 0, partition 1, PROCESS_LOCAL, 8210 bytes)
[2026-08-21T04:32:41.897+0000] {spark_submit.py:571} INFO - 26/08/21 04:32:41 INFO TaskSetManager: Starting task 2.0 in stage 1.0 (TID 3) (172.18.0.7, executor 1, partition 2, PROCESS_LOCAL, 8210 bytes)
[2026-08-21T04:32:41.897+0000] {spark_submit.py:571} INFO - 26/08/21 04:32:41 INFO TaskSetManager: Starting task 3.0 in stage 1.0 (TID 4) (172.18.0.6, executor 0, partition 3, PROCESS_LOCAL, 8210 bytes)
[2026-08-21T04:32:41.997+0000] {spark_submit.py:571} INFO - 26/08/21 04:32:41 INFO BlockManagerInfo: Removed broadcast_0_piece0 on c90a551abb73:42113 in memory (size: 34.9 KiB, free: 434.4 MiB)
[2026-08-21T04:32:42.023+0000] {spark_submit.py:571} INFO - 26/08/21 04:32:42 INFO BlockManagerInfo: Removed broadcast_0_piece0 on 172.18.0.6:40581 in memory (size: 34.9 KiB, free: 434.4 MiB)
[2026-08-21T04:32:42.053+0000] {spark_submit.py:571} INFO - 26/08/21 04:32:42 INFO BlockManagerInfo: Added broadcast_3_piece0 in memory on 172.18.0.6:40581 (size: 13.1 KiB, free: 434.4 MiB)
[2026-08-21T04:32:42.341+0000] {spark_submit.py:571} INFO - 26/08/21 04:32:42 INFO BlockManagerInfo: Added broadcast_3_piece0 in memory on 172.18.0.7:39495 (size: 13.1 KiB, free: 434.4 MiB)
[2026-08-21T04:32:43.677+0000] {spark_submit.py:571} INFO - 26/08/21 04:32:43 INFO BlockManagerInfo: Added broadcast_2_piece0 in memory on 172.18.0.6:40581 (size: 34.9 KiB, free: 434.4 MiB)
[2026-08-21T04:32:45.794+0000] {spark_submit.py:571} INFO - 26/08/21 04:32:45 INFO BlockManagerInfo: Added broadcast_2_piece0 in memory on 172.18.0.7:39495 (size: 34.9 KiB, free: 434.4 MiB)
[2026-08-21T04:32:48.871+0000] {spark_submit.py:571} INFO - 26/08/21 04:32:48 INFO TaskSetManager: Starting task 4.0 in stage 1.0 (TID 5) (172.18.0.6, executor 0, partition 4, PROCESS_LOCAL, 8210 bytes)
[2026-08-21T04:32:48.877+0000] {spark_submit.py:571} INFO - 26/08/21 04:32:48 INFO TaskSetManager: Starting task 5.0 in stage 1.0 (TID 6) (172.18.0.6, executor 0, partition 5, PROCESS_LOCAL, 8210 bytes)
[2026-08-21T04:32:48.890+0000] {spark_submit.py:571} INFO - 26/08/21 04:32:48 INFO TaskSetManager: Finished task 3.0 in stage 1.0 (TID 4) in 6987 ms on 172.18.0.6 (executor 0) (1/7)
[2026-08-21T04:32:48.893+0000] {spark_submit.py:571} INFO - 26/08/21 04:32:48 INFO TaskSetManager: Finished task 1.0 in stage 1.0 (TID 2) in 6996 ms on 172.18.0.6 (executor 0) (2/7)
[2026-08-21T04:32:52.961+0000] {spark_submit.py:571} INFO - 26/08/21 04:32:52 INFO TaskSetManager: Starting task 6.0 in stage 1.0 (TID 7) (172.18.0.6, executor 0, partition 6, PROCESS_LOCAL, 8210 bytes)
[2026-08-21T04:32:52.962+0000] {spark_submit.py:571} INFO - 26/08/21 04:32:52 INFO TaskSetManager: Finished task 4.0 in stage 1.0 (TID 5) in 4091 ms on 172.18.0.6 (executor 0) (3/7)
[2026-08-21T04:32:53.012+0000] {spark_submit.py:571} INFO - 26/08/21 04:32:53 INFO TaskSetManager: Finished task 5.0 in stage 1.0 (TID 6) in 4134 ms on 172.18.0.6 (executor 0) (4/7)
[2026-08-21T04:32:53.271+0000] {spark_submit.py:571} INFO - 26/08/21 04:32:53 INFO TaskSetManager: Finished task 0.0 in stage 1.0 (TID 1) in 11375 ms on 172.18.0.7 (executor 1) (5/7)
[2026-08-21T04:32:53.326+0000] {spark_submit.py:571} INFO - 26/08/21 04:32:53 INFO TaskSetManager: Finished task 2.0 in stage 1.0 (TID 3) in 11430 ms on 172.18.0.7 (executor 1) (6/7)
[2026-08-21T04:32:54.694+0000] {spark_submit.py:571} INFO - 26/08/21 04:32:54 INFO TaskSetManager: Finished task 6.0 in stage 1.0 (TID 7) in 1737 ms on 172.18.0.6 (executor 0) (7/7)
[2026-08-21T04:32:54.695+0000] {spark_submit.py:571} INFO - 26/08/21 04:32:54 INFO TaskSchedulerImpl: Removed TaskSet 1.0, whose tasks have all completed, from pool
[2026-08-21T04:32:54.698+0000] {spark_submit.py:571} INFO - 26/08/21 04:32:54 INFO DAGScheduler: ResultStage 1 (csv at NativeMethodAccessorImpl.java:0) finished in 12.826 s
[2026-08-21T04:32:54.699+0000] {spark_submit.py:571} INFO - 26/08/21 04:32:54 INFO DAGScheduler: Job 1 is finished. Cancelling potential speculative or zombie tasks for this job
[2026-08-21T04:32:54.699+0000] {spark_submit.py:571} INFO - 26/08/21 04:32:54 INFO TaskSchedulerImpl: Killing all running tasks in stage 1: Stage finished
[2026-08-21T04:32:54.699+0000] {spark_submit.py:571} INFO - 26/08/21 04:32:54 INFO DAGScheduler: Job 1 finished: csv at NativeMethodAccessorImpl.java:0, took 12.832820 s
[2026-08-21T04:32:55.046+0000] {spark_submit.py:571} INFO - 26/08/21 04:32:55 INFO FileSourceStrategy: Pushed Filters: IsNotNull(date_hour)
[2026-08-21T04:32:55.048+0000] {spark_submit.py:571} INFO - 26/08/21 04:32:55 INFO FileSourceStrategy: Post-Scan Filters: isnotnull(date_hour#19),(regexp_replace(date_hour#19, ", , 1) = 2025-06-01-00)
[2026-08-21T04:32:55.140+0000] {spark_submit.py:571} INFO - 26/08/21 04:32:55 INFO CodeGenerator: Code generated in 23.281168 ms
[2026-08-21T04:32:55.143+0000] {spark_submit.py:571} INFO - 26/08/21 04:32:55 INFO MemoryStore: Block broadcast_4 stored as values in memory (estimated size 201.7 KiB, free 433.9 MiB)
[2026-08-21T04:32:55.160+0000] {spark_submit.py:571} INFO - 26/08/21 04:32:55 INFO BlockManagerInfo: Removed broadcast_3_piece0 on c90a551abb73:42113 in memory (size: 13.1 KiB, free: 434.4 MiB)
[2026-08-21T04:32:55.166+0000] {spark_submit.py:571} INFO - 26/08/21 04:32:55 INFO MemoryStore: Block broadcast_4_piece0 stored as bytes in memory (estimated size 34.8 KiB, free 433.9 MiB)
[2026-08-21T04:32:55.167+0000] {spark_submit.py:571} INFO - 26/08/21 04:32:55 INFO BlockManagerInfo: Added broadcast_4_piece0 in memory on c90a551abb73:42113 (size: 34.8 KiB, free: 434.3 MiB)
[2026-08-21T04:32:55.168+0000] {spark_submit.py:571} INFO - 26/08/21 04:32:55 INFO BlockManagerInfo: Removed broadcast_3_piece0 on 172.18.0.6:40581 in memory (size: 13.1 KiB, free: 434.4 MiB)
[2026-08-21T04:32:55.168+0000] {spark_submit.py:571} INFO - 26/08/21 04:32:55 INFO SparkContext: Created broadcast 4 from count at NativeMethodAccessorImpl.java:0
[2026-08-21T04:32:55.173+0000] {spark_submit.py:571} INFO - 26/08/21 04:32:55 INFO FileSourceScanExec: Planning scan with bin packing, max size: 134217728 bytes, open cost is considered as scanning 4194304 bytes.
[2026-08-21T04:32:55.177+0000] {spark_submit.py:571} INFO - 26/08/21 04:32:55 INFO BlockManagerInfo: Removed broadcast_3_piece0 on 172.18.0.7:39495 in memory (size: 13.1 KiB, free: 434.4 MiB)
[2026-08-21T04:32:55.212+0000] {spark_submit.py:571} INFO - 26/08/21 04:32:55 INFO DAGScheduler: Registering RDD 13 (count at NativeMethodAccessorImpl.java:0) as input to shuffle 0
[2026-08-21T04:32:55.219+0000] {spark_submit.py:571} INFO - 26/08/21 04:32:55 INFO DAGScheduler: Got map stage job 2 (count at NativeMethodAccessorImpl.java:0) with 7 output partitions
[2026-08-21T04:32:55.219+0000] {spark_submit.py:571} INFO - 26/08/21 04:32:55 INFO DAGScheduler: Final stage: ShuffleMapStage 2 (count at NativeMethodAccessorImpl.java:0)
[2026-08-21T04:32:55.219+0000] {spark_submit.py:571} INFO - 26/08/21 04:32:55 INFO DAGScheduler: Parents of final stage: List()
[2026-08-21T04:32:55.220+0000] {spark_submit.py:571} INFO - 26/08/21 04:32:55 INFO DAGScheduler: Missing parents: List()
[2026-08-21T04:32:55.222+0000] {spark_submit.py:571} INFO - 26/08/21 04:32:55 INFO DAGScheduler: Submitting ShuffleMapStage 2 (MapPartitionsRDD[13] at count at NativeMethodAccessorImpl.java:0), which has no missing parents
[2026-08-21T04:32:55.243+0000] {spark_submit.py:571} INFO - 26/08/21 04:32:55 INFO MemoryStore: Block broadcast_5 stored as values in memory (estimated size 21.0 KiB, free 433.9 MiB)
[2026-08-21T04:32:55.244+0000] {spark_submit.py:571} INFO - 26/08/21 04:32:55 INFO MemoryStore: Block broadcast_5_piece0 stored as bytes in memory (estimated size 10.1 KiB, free 433.9 MiB)
[2026-08-21T04:32:55.245+0000] {spark_submit.py:571} INFO - 26/08/21 04:32:55 INFO BlockManagerInfo: Added broadcast_5_piece0 in memory on c90a551abb73:42113 (size: 10.1 KiB, free: 434.3 MiB)
[2026-08-21T04:32:55.246+0000] {spark_submit.py:571} INFO - 26/08/21 04:32:55 INFO SparkContext: Created broadcast 5 from broadcast at DAGScheduler.scala:1585
[2026-08-21T04:32:55.247+0000] {spark_submit.py:571} INFO - 26/08/21 04:32:55 INFO DAGScheduler: Submitting 7 missing tasks from ShuffleMapStage 2 (MapPartitionsRDD[13] at count at NativeMethodAccessorImpl.java:0) (first 15 tasks are for partitions Vector(0, 1, 2, 3, 4, 5, 6))
[2026-08-21T04:32:55.247+0000] {spark_submit.py:571} INFO - 26/08/21 04:32:55 INFO TaskSchedulerImpl: Adding task set 2.0 with 7 tasks resource profile 0
[2026-08-21T04:32:55.249+0000] {spark_submit.py:571} INFO - 26/08/21 04:32:55 INFO TaskSetManager: Starting task 0.0 in stage 2.0 (TID 8) (172.18.0.6, executor 0, partition 0, PROCESS_LOCAL, 8199 bytes)
[2026-08-21T04:32:55.249+0000] {spark_submit.py:571} INFO - 26/08/21 04:32:55 INFO TaskSetManager: Starting task 1.0 in stage 2.0 (TID 9) (172.18.0.7, executor 1, partition 1, PROCESS_LOCAL, 8199 bytes)
[2026-08-21T04:32:55.250+0000] {spark_submit.py:571} INFO - 26/08/21 04:32:55 INFO TaskSetManager: Starting task 2.0 in stage 2.0 (TID 10) (172.18.0.6, executor 0, partition 2, PROCESS_LOCAL, 8199 bytes)
[2026-08-21T04:32:55.250+0000] {spark_submit.py:571} INFO - 26/08/21 04:32:55 INFO TaskSetManager: Starting task 3.0 in stage 2.0 (TID 11) (172.18.0.7, executor 1, partition 3, PROCESS_LOCAL, 8199 bytes)
[2026-08-21T04:32:55.287+0000] {spark_submit.py:571} INFO - 26/08/21 04:32:55 INFO BlockManagerInfo: Added broadcast_5_piece0 in memory on 172.18.0.6:40581 (size: 10.1 KiB, free: 434.4 MiB)
[2026-08-21T04:32:55.302+0000] {spark_submit.py:571} INFO - 26/08/21 04:32:55 INFO BlockManagerInfo: Added broadcast_5_piece0 in memory on 172.18.0.7:39495 (size: 10.1 KiB, free: 434.4 MiB)
[2026-08-21T04:32:55.449+0000] {spark_submit.py:571} INFO - 26/08/21 04:32:55 INFO BlockManagerInfo: Added broadcast_4_piece0 in memory on 172.18.0.6:40581 (size: 34.8 KiB, free: 434.3 MiB)
[2026-08-21T04:32:55.496+0000] {spark_submit.py:571} INFO - 26/08/21 04:32:55 INFO BlockManagerInfo: Added broadcast_4_piece0 in memory on 172.18.0.7:39495 (size: 34.8 KiB, free: 434.3 MiB)
[2026-08-21T04:32:58.138+0000] {spark_submit.py:571} INFO - 26/08/21 04:32:58 INFO TaskSetManager: Starting task 4.0 in stage 2.0 (TID 12) (172.18.0.6, executor 0, partition 4, PROCESS_LOCAL, 8199 bytes)
[2026-08-21T04:32:58.147+0000] {spark_submit.py:571} INFO - 26/08/21 04:32:58 INFO TaskSetManager: Finished task 2.0 in stage 2.0 (TID 10) in 2894 ms on 172.18.0.6 (executor 0) (1/7)
[2026-08-21T04:32:58.210+0000] {spark_submit.py:571} INFO - 26/08/21 04:32:58 INFO TaskSetManager: Starting task 5.0 in stage 2.0 (TID 13) (172.18.0.6, executor 0, partition 5, PROCESS_LOCAL, 8199 bytes)
[2026-08-21T04:32:58.212+0000] {spark_submit.py:571} INFO - 26/08/21 04:32:58 INFO TaskSetManager: Finished task 0.0 in stage 2.0 (TID 8) in 2964 ms on 172.18.0.6 (executor 0) (2/7)
[2026-08-21T04:32:58.386+0000] {spark_submit.py:571} INFO - 26/08/21 04:32:58 INFO TaskSetManager: Starting task 6.0 in stage 2.0 (TID 14) (172.18.0.7, executor 1, partition 6, PROCESS_LOCAL, 8199 bytes)
[2026-08-21T04:32:58.392+0000] {spark_submit.py:571} INFO - 26/08/21 04:32:58 INFO TaskSetManager: Finished task 3.0 in stage 2.0 (TID 11) in 3142 ms on 172.18.0.7 (executor 1) (3/7)
[2026-08-21T04:32:58.396+0000] {spark_submit.py:571} INFO - 26/08/21 04:32:58 INFO TaskSetManager: Finished task 1.0 in stage 2.0 (TID 9) in 3147 ms on 172.18.0.7 (executor 1) (4/7)
[2026-08-21T04:32:59.724+0000] {spark_submit.py:571} INFO - 26/08/21 04:32:59 INFO TaskSetManager: Finished task 6.0 in stage 2.0 (TID 14) in 1339 ms on 172.18.0.7 (executor 1) (5/7)
[2026-08-21T04:32:59.866+0000] {spark_submit.py:571} INFO - 26/08/21 04:32:59 INFO TaskSetManager: Finished task 5.0 in stage 2.0 (TID 13) in 1656 ms on 172.18.0.6 (executor 0) (6/7)
[2026-08-21T04:32:59.945+0000] {spark_submit.py:571} INFO - 26/08/21 04:32:59 INFO TaskSetManager: Finished task 4.0 in stage 2.0 (TID 12) in 1811 ms on 172.18.0.6 (executor 0) (7/7)
[2026-08-21T04:32:59.946+0000] {spark_submit.py:571} INFO - 26/08/21 04:32:59 INFO TaskSchedulerImpl: Removed TaskSet 2.0, whose tasks have all completed, from pool
[2026-08-21T04:32:59.946+0000] {spark_submit.py:571} INFO - 26/08/21 04:32:59 INFO DAGScheduler: ShuffleMapStage 2 (count at NativeMethodAccessorImpl.java:0) finished in 4.721 s
[2026-08-21T04:32:59.947+0000] {spark_submit.py:571} INFO - 26/08/21 04:32:59 INFO DAGScheduler: looking for newly runnable stages
[2026-08-21T04:32:59.947+0000] {spark_submit.py:571} INFO - 26/08/21 04:32:59 INFO DAGScheduler: running: Set()
[2026-08-21T04:32:59.948+0000] {spark_submit.py:571} INFO - 26/08/21 04:32:59 INFO DAGScheduler: waiting: Set()
[2026-08-21T04:32:59.948+0000] {spark_submit.py:571} INFO - 26/08/21 04:32:59 INFO DAGScheduler: failed: Set()
[2026-08-21T04:32:59.981+0000] {spark_submit.py:571} INFO - 26/08/21 04:32:59 INFO CodeGenerator: Code generated in 10.893984 ms
[2026-08-21T04:32:59.997+0000] {spark_submit.py:571} INFO - 26/08/21 04:32:59 INFO SparkContext: Starting job: count at NativeMethodAccessorImpl.java:0
[2026-08-21T04:32:59.998+0000] {spark_submit.py:571} INFO - 26/08/21 04:32:59 INFO DAGScheduler: Got job 3 (count at NativeMethodAccessorImpl.java:0) with 1 output partitions
[2026-08-21T04:32:59.999+0000] {spark_submit.py:571} INFO - 26/08/21 04:32:59 INFO DAGScheduler: Final stage: ResultStage 4 (count at NativeMethodAccessorImpl.java:0)
[2026-08-21T04:32:59.999+0000] {spark_submit.py:571} INFO - 26/08/21 04:32:59 INFO DAGScheduler: Parents of final stage: List(ShuffleMapStage 3)
[2026-08-21T04:32:59.999+0000] {spark_submit.py:571} INFO - 26/08/21 04:32:59 INFO DAGScheduler: Missing parents: List()
[2026-08-21T04:32:59.999+0000] {spark_submit.py:571} INFO - 26/08/21 04:32:59 INFO DAGScheduler: Submitting ResultStage 4 (MapPartitionsRDD[16] at count at NativeMethodAccessorImpl.java:0), which has no missing parents
[2026-08-21T04:33:00.005+0000] {spark_submit.py:571} INFO - 26/08/21 04:33:00 INFO MemoryStore: Block broadcast_6 stored as values in memory (estimated size 12.5 KiB, free 433.9 MiB)
[2026-08-21T04:33:00.006+0000] {spark_submit.py:571} INFO - 26/08/21 04:33:00 INFO MemoryStore: Block broadcast_6_piece0 stored as bytes in memory (estimated size 5.9 KiB, free 433.9 MiB)
[2026-08-21T04:33:00.007+0000] {spark_submit.py:571} INFO - 26/08/21 04:33:00 INFO BlockManagerInfo: Added broadcast_6_piece0 in memory on c90a551abb73:42113 (size: 5.9 KiB, free: 434.3 MiB)
[2026-08-21T04:33:00.007+0000] {spark_submit.py:571} INFO - 26/08/21 04:33:00 INFO SparkContext: Created broadcast 6 from broadcast at DAGScheduler.scala:1585
[2026-08-21T04:33:00.008+0000] {spark_submit.py:571} INFO - 26/08/21 04:33:00 INFO DAGScheduler: Submitting 1 missing tasks from ResultStage 4 (MapPartitionsRDD[16] at count at NativeMethodAccessorImpl.java:0) (first 15 tasks are for partitions Vector(0))
[2026-08-21T04:33:00.008+0000] {spark_submit.py:571} INFO - 26/08/21 04:33:00 INFO TaskSchedulerImpl: Adding task set 4.0 with 1 tasks resource profile 0
[2026-08-21T04:33:00.012+0000] {spark_submit.py:571} INFO - 26/08/21 04:33:00 INFO TaskSetManager: Starting task 0.0 in stage 4.0 (TID 15) (172.18.0.6, executor 0, partition 0, NODE_LOCAL, 7619 bytes)
[2026-08-21T04:33:00.026+0000] {spark_submit.py:571} INFO - 26/08/21 04:33:00 INFO BlockManagerInfo: Added broadcast_6_piece0 in memory on 172.18.0.6:40581 (size: 5.9 KiB, free: 434.3 MiB)
[2026-08-21T04:33:00.041+0000] {spark_submit.py:571} INFO - 26/08/21 04:33:00 INFO MapOutputTrackerMasterEndpoint: Asked to send map output locations for shuffle 0 to 172.18.0.6:53060
[2026-08-21T04:33:00.208+0000] {spark_submit.py:571} INFO - 26/08/21 04:33:00 INFO TaskSetManager: Finished task 0.0 in stage 4.0 (TID 15) in 196 ms on 172.18.0.6 (executor 0) (1/1)
[2026-08-21T04:33:00.208+0000] {spark_submit.py:571} INFO - 26/08/21 04:33:00 INFO TaskSchedulerImpl: Removed TaskSet 4.0, whose tasks have all completed, from pool
[2026-08-21T04:33:00.210+0000] {spark_submit.py:571} INFO - 26/08/21 04:33:00 INFO DAGScheduler: ResultStage 4 (count at NativeMethodAccessorImpl.java:0) finished in 0.204 s
[2026-08-21T04:33:00.211+0000] {spark_submit.py:571} INFO - 26/08/21 04:33:00 INFO DAGScheduler: Job 3 is finished. Cancelling potential speculative or zombie tasks for this job
[2026-08-21T04:33:00.211+0000] {spark_submit.py:571} INFO - 26/08/21 04:33:00 INFO TaskSchedulerImpl: Killing all running tasks in stage 4: Stage finished
[2026-08-21T04:33:00.214+0000] {spark_submit.py:571} INFO - 26/08/21 04:33:00 INFO DAGScheduler: Job 3 finished: count at NativeMethodAccessorImpl.java:0, took 0.214365 s
[2026-08-21T04:33:00.302+0000] {spark_submit.py:571} INFO - 26/08/21 04:33:00 INFO FileSourceStrategy: Pushed Filters: IsNotNull(date_hour)
[2026-08-21T04:33:00.302+0000] {spark_submit.py:571} INFO - 26/08/21 04:33:00 INFO FileSourceStrategy: Post-Scan Filters: isnotnull(date_hour#19),(regexp_replace(date_hour#19, ", , 1) = 2025-06-01-00)
[2026-08-21T04:33:00.322+0000] {spark_submit.py:571} INFO - 26/08/21 04:33:00 INFO MemoryStore: Block broadcast_7 stored as values in memory (estimated size 201.7 KiB, free 433.7 MiB)
[2026-08-21T04:33:00.332+0000] {spark_submit.py:571} INFO - 26/08/21 04:33:00 INFO MemoryStore: Block broadcast_7_piece0 stored as bytes in memory (estimated size 34.8 KiB, free 433.7 MiB)
[2026-08-21T04:33:00.333+0000] {spark_submit.py:571} INFO - 26/08/21 04:33:00 INFO BlockManagerInfo: Added broadcast_7_piece0 in memory on c90a551abb73:42113 (size: 34.8 KiB, free: 434.3 MiB)
[2026-08-21T04:33:00.333+0000] {spark_submit.py:571} INFO - 26/08/21 04:33:00 INFO SparkContext: Created broadcast 7 from count at NativeMethodAccessorImpl.java:0
[2026-08-21T04:33:00.335+0000] {spark_submit.py:571} INFO - 26/08/21 04:33:00 INFO FileSourceScanExec: Planning scan with bin packing, max size: 134217728 bytes, open cost is considered as scanning 4194304 bytes.
[2026-08-21T04:33:00.341+0000] {spark_submit.py:571} INFO - 26/08/21 04:33:00 INFO DAGScheduler: Registering RDD 20 (count at NativeMethodAccessorImpl.java:0) as input to shuffle 1
[2026-08-21T04:33:00.341+0000] {spark_submit.py:571} INFO - 26/08/21 04:33:00 INFO DAGScheduler: Got map stage job 4 (count at NativeMethodAccessorImpl.java:0) with 7 output partitions
[2026-08-21T04:33:00.342+0000] {spark_submit.py:571} INFO - 26/08/21 04:33:00 INFO DAGScheduler: Final stage: ShuffleMapStage 5 (count at NativeMethodAccessorImpl.java:0)
[2026-08-21T04:33:00.342+0000] {spark_submit.py:571} INFO - 26/08/21 04:33:00 INFO DAGScheduler: Parents of final stage: List()
[2026-08-21T04:33:00.342+0000] {spark_submit.py:571} INFO - 26/08/21 04:33:00 INFO DAGScheduler: Missing parents: List()
[2026-08-21T04:33:00.343+0000] {spark_submit.py:571} INFO - 26/08/21 04:33:00 INFO DAGScheduler: Submitting ShuffleMapStage 5 (MapPartitionsRDD[20] at count at NativeMethodAccessorImpl.java:0), which has no missing parents
[2026-08-21T04:33:00.346+0000] {spark_submit.py:571} INFO - 26/08/21 04:33:00 INFO MemoryStore: Block broadcast_8 stored as values in memory (estimated size 21.0 KiB, free 433.6 MiB)
[2026-08-21T04:33:00.347+0000] {spark_submit.py:571} INFO - 26/08/21 04:33:00 INFO MemoryStore: Block broadcast_8_piece0 stored as bytes in memory (estimated size 10.1 KiB, free 433.6 MiB)
[2026-08-21T04:33:00.347+0000] {spark_submit.py:571} INFO - 26/08/21 04:33:00 INFO BlockManagerInfo: Added broadcast_8_piece0 in memory on c90a551abb73:42113 (size: 10.1 KiB, free: 434.3 MiB)
[2026-08-21T04:33:00.348+0000] {spark_submit.py:571} INFO - 26/08/21 04:33:00 INFO SparkContext: Created broadcast 8 from broadcast at DAGScheduler.scala:1585
[2026-08-21T04:33:00.349+0000] {spark_submit.py:571} INFO - 26/08/21 04:33:00 INFO DAGScheduler: Submitting 7 missing tasks from ShuffleMapStage 5 (MapPartitionsRDD[20] at count at NativeMethodAccessorImpl.java:0) (first 15 tasks are for partitions Vector(0, 1, 2, 3, 4, 5, 6))
[2026-08-21T04:33:00.349+0000] {spark_submit.py:571} INFO - 26/08/21 04:33:00 INFO TaskSchedulerImpl: Adding task set 5.0 with 7 tasks resource profile 0
[2026-08-21T04:33:00.350+0000] {spark_submit.py:571} INFO - 26/08/21 04:33:00 INFO TaskSetManager: Starting task 0.0 in stage 5.0 (TID 16) (172.18.0.6, executor 0, partition 0, PROCESS_LOCAL, 8199 bytes)
[2026-08-21T04:33:00.350+0000] {spark_submit.py:571} INFO - 26/08/21 04:33:00 INFO TaskSetManager: Starting task 1.0 in stage 5.0 (TID 17) (172.18.0.7, executor 1, partition 1, PROCESS_LOCAL, 8199 bytes)
[2026-08-21T04:33:00.350+0000] {spark_submit.py:571} INFO - 26/08/21 04:33:00 INFO TaskSetManager: Starting task 2.0 in stage 5.0 (TID 18) (172.18.0.6, executor 0, partition 2, PROCESS_LOCAL, 8199 bytes)
[2026-08-21T04:33:00.350+0000] {spark_submit.py:571} INFO - 26/08/21 04:33:00 INFO TaskSetManager: Starting task 3.0 in stage 5.0 (TID 19) (172.18.0.7, executor 1, partition 3, PROCESS_LOCAL, 8199 bytes)
[2026-08-21T04:33:00.393+0000] {spark_submit.py:571} INFO - 26/08/21 04:33:00 INFO BlockManagerInfo: Added broadcast_8_piece0 in memory on 172.18.0.6:40581 (size: 10.1 KiB, free: 434.3 MiB)
[2026-08-21T04:33:00.425+0000] {spark_submit.py:571} INFO - 26/08/21 04:33:00 INFO BlockManagerInfo: Added broadcast_8_piece0 in memory on 172.18.0.7:39495 (size: 10.1 KiB, free: 434.3 MiB)
[2026-08-21T04:33:00.443+0000] {spark_submit.py:571} INFO - 26/08/21 04:33:00 INFO BlockManagerInfo: Added broadcast_7_piece0 in memory on 172.18.0.6:40581 (size: 34.8 KiB, free: 434.3 MiB)
[2026-08-21T04:33:00.484+0000] {spark_submit.py:571} INFO - 26/08/21 04:33:00 INFO BlockManagerInfo: Added broadcast_7_piece0 in memory on 172.18.0.7:39495 (size: 34.8 KiB, free: 434.3 MiB)
[2026-08-21T04:33:02.643+0000] {spark_submit.py:571} INFO - 26/08/21 04:33:02 INFO TaskSetManager: Starting task 4.0 in stage 5.0 (TID 20) (172.18.0.7, executor 1, partition 4, PROCESS_LOCAL, 8199 bytes)
[2026-08-21T04:33:02.650+0000] {spark_submit.py:571} INFO - 26/08/21 04:33:02 INFO TaskSetManager: Finished task 1.0 in stage 5.0 (TID 17) in 2300 ms on 172.18.0.7 (executor 1) (1/7)
[2026-08-21T04:33:02.700+0000] {spark_submit.py:571} INFO - 26/08/21 04:33:02 INFO TaskSetManager: Starting task 5.0 in stage 5.0 (TID 21) (172.18.0.6, executor 0, partition 5, PROCESS_LOCAL, 8199 bytes)
[2026-08-21T04:33:02.702+0000] {spark_submit.py:571} INFO - 26/08/21 04:33:02 INFO TaskSetManager: Finished task 0.0 in stage 5.0 (TID 16) in 2352 ms on 172.18.0.6 (executor 0) (2/7)
[2026-08-21T04:33:02.769+0000] {spark_submit.py:571} INFO - 26/08/21 04:33:02 INFO TaskSetManager: Starting task 6.0 in stage 5.0 (TID 22) (172.18.0.6, executor 0, partition 6, PROCESS_LOCAL, 8199 bytes)
[2026-08-21T04:33:02.770+0000] {spark_submit.py:571} INFO - 26/08/21 04:33:02 INFO TaskSetManager: Finished task 2.0 in stage 5.0 (TID 18) in 2409 ms on 172.18.0.6 (executor 0) (3/7)
[2026-08-21T04:33:02.963+0000] {spark_submit.py:571} INFO - 26/08/21 04:33:02 INFO TaskSetManager: Finished task 3.0 in stage 5.0 (TID 19) in 2612 ms on 172.18.0.7 (executor 1) (4/7)
[2026-08-21T04:33:04.248+0000] {spark_submit.py:571} INFO - 26/08/21 04:33:04 INFO TaskSetManager: Finished task 4.0 in stage 5.0 (TID 20) in 1603 ms on 172.18.0.7 (executor 1) (5/7)
[2026-08-21T04:33:04.296+0000] {spark_submit.py:571} INFO - 26/08/21 04:33:04 INFO TaskSetManager: Finished task 6.0 in stage 5.0 (TID 22) in 1551 ms on 172.18.0.6 (executor 0) (6/7)
[2026-08-21T04:33:04.368+0000] {spark_submit.py:571} INFO - 26/08/21 04:33:04 INFO TaskSetManager: Finished task 5.0 in stage 5.0 (TID 21) in 1669 ms on 172.18.0.6 (executor 0) (7/7)
[2026-08-21T04:33:04.369+0000] {spark_submit.py:571} INFO - 26/08/21 04:33:04 INFO TaskSchedulerImpl: Removed TaskSet 5.0, whose tasks have all completed, from pool
[2026-08-21T04:33:04.371+0000] {spark_submit.py:571} INFO - 26/08/21 04:33:04 INFO DAGScheduler: ShuffleMapStage 5 (count at NativeMethodAccessorImpl.java:0) finished in 4.025 s
[2026-08-21T04:33:04.371+0000] {spark_submit.py:571} INFO - 26/08/21 04:33:04 INFO DAGScheduler: looking for newly runnable stages
[2026-08-21T04:33:04.371+0000] {spark_submit.py:571} INFO - 26/08/21 04:33:04 INFO DAGScheduler: running: Set()
[2026-08-21T04:33:04.372+0000] {spark_submit.py:571} INFO - 26/08/21 04:33:04 INFO DAGScheduler: waiting: Set()
[2026-08-21T04:33:04.372+0000] {spark_submit.py:571} INFO - 26/08/21 04:33:04 INFO DAGScheduler: failed: Set()
[2026-08-21T04:33:04.392+0000] {spark_submit.py:571} INFO - 26/08/21 04:33:04 INFO SparkContext: Starting job: count at NativeMethodAccessorImpl.java:0
[2026-08-21T04:33:04.393+0000] {spark_submit.py:571} INFO - 26/08/21 04:33:04 INFO DAGScheduler: Got job 5 (count at NativeMethodAccessorImpl.java:0) with 1 output partitions
[2026-08-21T04:33:04.393+0000] {spark_submit.py:571} INFO - 26/08/21 04:33:04 INFO DAGScheduler: Final stage: ResultStage 7 (count at NativeMethodAccessorImpl.java:0)
[2026-08-21T04:33:04.393+0000] {spark_submit.py:571} INFO - 26/08/21 04:33:04 INFO DAGScheduler: Parents of final stage: List(ShuffleMapStage 6)
[2026-08-21T04:33:04.394+0000] {spark_submit.py:571} INFO - 26/08/21 04:33:04 INFO DAGScheduler: Missing parents: List()
[2026-08-21T04:33:04.394+0000] {spark_submit.py:571} INFO - 26/08/21 04:33:04 INFO DAGScheduler: Submitting ResultStage 7 (MapPartitionsRDD[23] at count at NativeMethodAccessorImpl.java:0), which has no missing parents
[2026-08-21T04:33:04.397+0000] {spark_submit.py:571} INFO - 26/08/21 04:33:04 INFO MemoryStore: Block broadcast_9 stored as values in memory (estimated size 12.5 KiB, free 433.6 MiB)
[2026-08-21T04:33:04.398+0000] {spark_submit.py:571} INFO - 26/08/21 04:33:04 INFO MemoryStore: Block broadcast_9_piece0 stored as bytes in memory (estimated size 5.9 KiB, free 433.6 MiB)
[2026-08-21T04:33:04.398+0000] {spark_submit.py:571} INFO - 26/08/21 04:33:04 INFO BlockManagerInfo: Added broadcast_9_piece0 in memory on c90a551abb73:42113 (size: 5.9 KiB, free: 434.3 MiB)
[2026-08-21T04:33:04.399+0000] {spark_submit.py:571} INFO - 26/08/21 04:33:04 INFO SparkContext: Created broadcast 9 from broadcast at DAGScheduler.scala:1585
[2026-08-21T04:33:04.399+0000] {spark_submit.py:571} INFO - 26/08/21 04:33:04 INFO DAGScheduler: Submitting 1 missing tasks from ResultStage 7 (MapPartitionsRDD[23] at count at NativeMethodAccessorImpl.java:0) (first 15 tasks are for partitions Vector(0))
[2026-08-21T04:33:04.399+0000] {spark_submit.py:571} INFO - 26/08/21 04:33:04 INFO TaskSchedulerImpl: Adding task set 7.0 with 1 tasks resource profile 0
[2026-08-21T04:33:04.401+0000] {spark_submit.py:571} INFO - 26/08/21 04:33:04 INFO TaskSetManager: Starting task 0.0 in stage 7.0 (TID 23) (172.18.0.6, executor 0, partition 0, NODE_LOCAL, 7619 bytes)
[2026-08-21T04:33:04.413+0000] {spark_submit.py:571} INFO - 26/08/21 04:33:04 INFO BlockManagerInfo: Added broadcast_9_piece0 in memory on 172.18.0.6:40581 (size: 5.9 KiB, free: 434.3 MiB)
[2026-08-21T04:33:04.418+0000] {spark_submit.py:571} INFO - 26/08/21 04:33:04 INFO MapOutputTrackerMasterEndpoint: Asked to send map output locations for shuffle 1 to 172.18.0.6:53060
[2026-08-21T04:33:04.432+0000] {spark_submit.py:571} INFO - 26/08/21 04:33:04 INFO TaskSetManager: Finished task 0.0 in stage 7.0 (TID 23) in 31 ms on 172.18.0.6 (executor 0) (1/1)
[2026-08-21T04:33:04.432+0000] {spark_submit.py:571} INFO - 26/08/21 04:33:04 INFO TaskSchedulerImpl: Removed TaskSet 7.0, whose tasks have all completed, from pool
[2026-08-21T04:33:04.434+0000] {spark_submit.py:571} INFO - 26/08/21 04:33:04 INFO DAGScheduler: ResultStage 7 (count at NativeMethodAccessorImpl.java:0) finished in 0.038 s
[2026-08-21T04:33:04.434+0000] {spark_submit.py:571} INFO - 26/08/21 04:33:04 INFO DAGScheduler: Job 5 is finished. Cancelling potential speculative or zombie tasks for this job
[2026-08-21T04:33:04.434+0000] {spark_submit.py:571} INFO - 26/08/21 04:33:04 INFO TaskSchedulerImpl: Killing all running tasks in stage 7: Stage finished
[2026-08-21T04:33:04.435+0000] {spark_submit.py:571} INFO - 26/08/21 04:33:04 INFO DAGScheduler: Job 5 finished: count at NativeMethodAccessorImpl.java:0, took 0.042844 s
[2026-08-21T04:33:04.437+0000] {spark_submit.py:571} INFO - Đang ghi 3614 dòng xuống Bronze layer (Partition: 2025-06-01 / 00)...
[2026-08-21T04:33:04.458+0000] {spark_submit.py:571} INFO - 26/08/21 04:33:04 INFO BlockManagerInfo: Removed broadcast_8_piece0 on c90a551abb73:42113 in memory (size: 10.1 KiB, free: 434.3 MiB)
[2026-08-21T04:33:04.463+0000] {spark_submit.py:571} INFO - 26/08/21 04:33:04 INFO BlockManagerInfo: Removed broadcast_8_piece0 on 172.18.0.7:39495 in memory (size: 10.1 KiB, free: 434.3 MiB)
[2026-08-21T04:33:04.466+0000] {spark_submit.py:571} INFO - 26/08/21 04:33:04 INFO BlockManagerInfo: Removed broadcast_8_piece0 on 172.18.0.6:40581 in memory (size: 10.1 KiB, free: 434.3 MiB)
[2026-08-21T04:33:04.490+0000] {spark_submit.py:571} INFO - 26/08/21 04:33:04 INFO BlockManagerInfo: Removed broadcast_4_piece0 on 172.18.0.6:40581 in memory (size: 34.8 KiB, free: 434.3 MiB)
[2026-08-21T04:33:04.494+0000] {spark_submit.py:571} INFO - 26/08/21 04:33:04 INFO BlockManagerInfo: Removed broadcast_4_piece0 on 172.18.0.7:39495 in memory (size: 34.8 KiB, free: 434.3 MiB)
[2026-08-21T04:33:04.496+0000] {spark_submit.py:571} INFO - 26/08/21 04:33:04 INFO BlockManagerInfo: Removed broadcast_4_piece0 on c90a551abb73:42113 in memory (size: 34.8 KiB, free: 434.3 MiB)
[2026-08-21T04:33:04.510+0000] {spark_submit.py:571} INFO - 26/08/21 04:33:04 INFO BlockManagerInfo: Removed broadcast_6_piece0 on c90a551abb73:42113 in memory (size: 5.9 KiB, free: 434.3 MiB)
[2026-08-21T04:33:04.518+0000] {spark_submit.py:571} INFO - 26/08/21 04:33:04 INFO BlockManagerInfo: Removed broadcast_6_piece0 on 172.18.0.6:40581 in memory (size: 5.9 KiB, free: 434.3 MiB)
[2026-08-21T04:33:04.531+0000] {spark_submit.py:571} INFO - 26/08/21 04:33:04 INFO BlockManagerInfo: Removed broadcast_9_piece0 on c90a551abb73:42113 in memory (size: 5.9 KiB, free: 434.3 MiB)
[2026-08-21T04:33:04.534+0000] {spark_submit.py:571} INFO - 26/08/21 04:33:04 INFO BlockManagerInfo: Removed broadcast_9_piece0 on 172.18.0.6:40581 in memory (size: 5.9 KiB, free: 434.3 MiB)
[2026-08-21T04:33:04.554+0000] {spark_submit.py:571} INFO - 26/08/21 04:33:04 INFO BlockManagerInfo: Removed broadcast_5_piece0 on c90a551abb73:42113 in memory (size: 10.1 KiB, free: 434.3 MiB)
[2026-08-21T04:33:04.555+0000] {spark_submit.py:571} INFO - 26/08/21 04:33:04 INFO BlockManagerInfo: Removed broadcast_5_piece0 on 172.18.0.6:40581 in memory (size: 10.1 KiB, free: 434.3 MiB)
[2026-08-21T04:33:04.555+0000] {spark_submit.py:571} INFO - 26/08/21 04:33:04 INFO BlockManagerInfo: Removed broadcast_5_piece0 on 172.18.0.7:39495 in memory (size: 10.1 KiB, free: 434.3 MiB)
[2026-08-21T04:33:04.663+0000] {spark_submit.py:571} INFO - 26/08/21 04:33:04 INFO DelegatingLogStore: LogStore `LogStoreAdapter(io.delta.storage.S3SingleDriverLogStore)` is used for scheme `s3a`
[2026-08-21T04:33:04.694+0000] {spark_submit.py:571} INFO - 26/08/21 04:33:04 INFO DeltaLog: Creating initial snapshot without metadata, because the directory is empty
[2026-08-21T04:33:04.774+0000] {spark_submit.py:571} INFO - 26/08/21 04:33:04 INFO InitialSnapshot: [tableId=9b2e6d66-9dcd-4d53-af9d-2cfa1e7ff65e] Created snapshot InitialSnapshot(path=s3a://bronze/cell_kpi_raw/_delta_log, version=-1, metadata=Metadata(9111395e-2fce-4504-bae6-cca83b609d1c,null,null,Format(parquet,Map()),null,List(),Map(),Some(1787286784770)), logSegment=LogSegment(s3a://bronze/cell_kpi_raw/_delta_log,-1,List(),org.apache.spark.sql.delta.EmptyCheckpointProvider$@4a41346,-1), checksumOpt=None)
[2026-08-21T04:33:04.843+0000] {spark_submit.py:571} INFO - 26/08/21 04:33:04 INFO DeltaLog: Creating initial snapshot without metadata, because the directory is empty
[2026-08-21T04:33:04.843+0000] {spark_submit.py:571} INFO - 26/08/21 04:33:04 INFO InitialSnapshot: [tableId=9111395e-2fce-4504-bae6-cca83b609d1c] Created snapshot InitialSnapshot(path=s3a://bronze/cell_kpi_raw/_delta_log, version=-1, metadata=Metadata(5b4c93b5-148a-49ab-af28-d0cda083d08e,null,null,Format(parquet,Map()),null,List(),Map(),Some(1787286784843)), logSegment=LogSegment(s3a://bronze/cell_kpi_raw/_delta_log,-1,List(),org.apache.spark.sql.delta.EmptyCheckpointProvider$@4a41346,-1), checksumOpt=None)
[2026-08-21T04:33:04.893+0000] {spark_submit.py:571} INFO - 26/08/21 04:33:04 INFO OptimisticTransaction: [tableId=5b4c93b5,txnId=246c89a7] Updated metadata from - to Metadata(553802dd-42b6-4cf1-8af2-e0916230ea16,null,null,Format(parquet,Map()),{"type":"struct","fields":[{"name":"enb_name","type":"string","nullable":true,"metadata":{}},{"name":"cell_name","type":"string","nullable":true,"metadata":{}},{"name":"date_hour","type":"string","nullable":true,"metadata":{}},{"name":"dl_traffic_gb","type":"double","nullable":true,"metadata":{}},{"name":"ul_traffic_gb","type":"double","nullable":true,"metadata":{}},{"name":"total_traffic_gb","type":"double","nullable":true,"metadata":{}},{"name":"max_rrc_connected_user","type":"integer","nullable":true,"metadata":{}},{"name":"ul_prb","type":"double","nullable":true,"metadata":{}},{"name":"ul_prb_used","type":"double","nullable":true,"metadata":{}},{"name":"ul_prb_available_total","type":"double","nullable":true,"metadata":{}},{"name":"dl_prb","type":"double","nullable":true,"metadata":{}},{"name":"dl_prb_used","type":"double","nullable":true,"metadata":{}},{"name":"dl_prb_available_total","type":"double","nullable":true,"metadata":{}},{"name":"sector","type":"string","nullable":true,"metadata":{}},{"name":"azimuth","type":"integer","nullable":true,"metadata":{}},{"name":"cell_type","type":"string","nullable":true,"metadata":{}},{"name":"x","type":"double","nullable":true,"metadata":{}},{"name":"y","type":"double","nullable":true,"metadata":{}},{"name":"date","type":"string","nullable":true,"metadata":{}},{"name":"hour","type":"string","nullable":true,"metadata":{}}]},List(date, hour),Map(),Some(1787286784873))
[2026-08-21T04:33:05.212+0000] {spark_submit.py:571} INFO - 26/08/21 04:33:05 INFO FileSourceStrategy: Pushed Filters: IsNotNull(date_hour)
[2026-08-21T04:33:05.212+0000] {spark_submit.py:571} INFO - 26/08/21 04:33:05 INFO FileSourceStrategy: Post-Scan Filters: isnotnull(date_hour#19),(regexp_replace(date_hour#19, ", , 1) = 2025-06-01-00)
[2026-08-21T04:33:05.264+0000] {spark_submit.py:571} INFO - 26/08/21 04:33:05 INFO ParquetUtils: Using default output committer for Parquet: org.apache.parquet.hadoop.ParquetOutputCommitter
[2026-08-21T04:33:05.347+0000] {spark_submit.py:571} INFO - 26/08/21 04:33:05 INFO BlockManagerInfo: Removed broadcast_7_piece0 on c90a551abb73:42113 in memory (size: 34.8 KiB, free: 434.4 MiB)
[2026-08-21T04:33:05.350+0000] {spark_submit.py:571} INFO - 26/08/21 04:33:05 INFO BlockManagerInfo: Removed broadcast_7_piece0 on 172.18.0.7:39495 in memory (size: 34.8 KiB, free: 434.4 MiB)
[2026-08-21T04:33:05.353+0000] {spark_submit.py:571} INFO - 26/08/21 04:33:05 INFO CodeGenerator: Code generated in 52.691881 ms
[2026-08-21T04:33:05.357+0000] {spark_submit.py:571} INFO - 26/08/21 04:33:05 INFO BlockManagerInfo: Removed broadcast_7_piece0 on 172.18.0.6:40581 in memory (size: 34.8 KiB, free: 434.4 MiB)
[2026-08-21T04:33:05.361+0000] {spark_submit.py:571} INFO - 26/08/21 04:33:05 INFO MemoryStore: Block broadcast_10 stored as values in memory (estimated size 201.7 KiB, free 434.0 MiB)
[2026-08-21T04:33:05.371+0000] {spark_submit.py:571} INFO - 26/08/21 04:33:05 INFO MemoryStore: Block broadcast_10_piece0 stored as bytes in memory (estimated size 34.8 KiB, free 433.9 MiB)
[2026-08-21T04:33:05.372+0000] {spark_submit.py:571} INFO - 26/08/21 04:33:05 INFO BlockManagerInfo: Added broadcast_10_piece0 in memory on c90a551abb73:42113 (size: 34.8 KiB, free: 434.3 MiB)
[2026-08-21T04:33:05.382+0000] {spark_submit.py:571} INFO - 26/08/21 04:33:05 INFO BlockManagerInfo: Removed broadcast_2_piece0 on c90a551abb73:42113 in memory (size: 34.9 KiB, free: 434.4 MiB)
[2026-08-21T04:33:05.383+0000] {spark_submit.py:571} INFO - 26/08/21 04:33:05 INFO SparkContext: Created broadcast 10 from save at NativeMethodAccessorImpl.java:0
[2026-08-21T04:33:05.383+0000] {spark_submit.py:571} INFO - 26/08/21 04:33:05 INFO FileSourceScanExec: Planning scan with bin packing, max size: 134217728 bytes, open cost is considered as scanning 4194304 bytes.
[2026-08-21T04:33:05.383+0000] {spark_submit.py:571} INFO - 26/08/21 04:33:05 INFO BlockManagerInfo: Removed broadcast_2_piece0 on 172.18.0.6:40581 in memory (size: 34.9 KiB, free: 434.4 MiB)
[2026-08-21T04:33:05.384+0000] {spark_submit.py:571} INFO - 26/08/21 04:33:05 INFO BlockManagerInfo: Removed broadcast_2_piece0 on 172.18.0.7:39495 in memory (size: 34.9 KiB, free: 434.4 MiB)
[2026-08-21T04:33:05.447+0000] {spark_submit.py:571} INFO - 26/08/21 04:33:05 INFO SparkContext: Starting job: save at NativeMethodAccessorImpl.java:0
[2026-08-21T04:33:05.449+0000] {spark_submit.py:571} INFO - 26/08/21 04:33:05 INFO DAGScheduler: Got job 6 (save at NativeMethodAccessorImpl.java:0) with 7 output partitions
[2026-08-21T04:33:05.449+0000] {spark_submit.py:571} INFO - 26/08/21 04:33:05 INFO DAGScheduler: Final stage: ResultStage 8 (save at NativeMethodAccessorImpl.java:0)
[2026-08-21T04:33:05.450+0000] {spark_submit.py:571} INFO - 26/08/21 04:33:05 INFO DAGScheduler: Parents of final stage: List()
[2026-08-21T04:33:05.450+0000] {spark_submit.py:571} INFO - 26/08/21 04:33:05 INFO DAGScheduler: Missing parents: List()
[2026-08-21T04:33:05.452+0000] {spark_submit.py:571} INFO - 26/08/21 04:33:05 INFO DAGScheduler: Submitting ResultStage 8 (MapPartitionsRDD[28] at save at NativeMethodAccessorImpl.java:0), which has no missing parents
[2026-08-21T04:33:05.495+0000] {spark_submit.py:571} INFO - 26/08/21 04:33:05 INFO MemoryStore: Block broadcast_11 stored as values in memory (estimated size 374.0 KiB, free 433.8 MiB)
[2026-08-21T04:33:05.497+0000] {spark_submit.py:571} INFO - 26/08/21 04:33:05 INFO MemoryStore: Block broadcast_11_piece0 stored as bytes in memory (estimated size 134.7 KiB, free 433.7 MiB)
[2026-08-21T04:33:05.498+0000] {spark_submit.py:571} INFO - 26/08/21 04:33:05 INFO BlockManagerInfo: Added broadcast_11_piece0 in memory on c90a551abb73:42113 (size: 134.7 KiB, free: 434.2 MiB)
[2026-08-21T04:33:05.499+0000] {spark_submit.py:571} INFO - 26/08/21 04:33:05 INFO SparkContext: Created broadcast 11 from broadcast at DAGScheduler.scala:1585
[2026-08-21T04:33:05.501+0000] {spark_submit.py:571} INFO - 26/08/21 04:33:05 INFO DAGScheduler: Submitting 7 missing tasks from ResultStage 8 (MapPartitionsRDD[28] at save at NativeMethodAccessorImpl.java:0) (first 15 tasks are for partitions Vector(0, 1, 2, 3, 4, 5, 6))
[2026-08-21T04:33:05.501+0000] {spark_submit.py:571} INFO - 26/08/21 04:33:05 INFO TaskSchedulerImpl: Adding task set 8.0 with 7 tasks resource profile 0
[2026-08-21T04:33:05.502+0000] {spark_submit.py:571} INFO - 26/08/21 04:33:05 INFO TaskSetManager: Starting task 0.0 in stage 8.0 (TID 24) (172.18.0.7, executor 1, partition 0, PROCESS_LOCAL, 8210 bytes)
[2026-08-21T04:33:05.504+0000] {spark_submit.py:571} INFO - 26/08/21 04:33:05 INFO TaskSetManager: Starting task 1.0 in stage 8.0 (TID 25) (172.18.0.6, executor 0, partition 1, PROCESS_LOCAL, 8210 bytes)
[2026-08-21T04:33:05.505+0000] {spark_submit.py:571} INFO - 26/08/21 04:33:05 INFO TaskSetManager: Starting task 2.0 in stage 8.0 (TID 26) (172.18.0.7, executor 1, partition 2, PROCESS_LOCAL, 8210 bytes)
[2026-08-21T04:33:05.505+0000] {spark_submit.py:571} INFO - 26/08/21 04:33:05 INFO TaskSetManager: Starting task 3.0 in stage 8.0 (TID 27) (172.18.0.6, executor 0, partition 3, PROCESS_LOCAL, 8210 bytes)
[2026-08-21T04:33:05.528+0000] {spark_submit.py:571} INFO - 26/08/21 04:33:05 INFO BlockManagerInfo: Added broadcast_11_piece0 in memory on 172.18.0.6:40581 (size: 134.7 KiB, free: 434.3 MiB)
[2026-08-21T04:33:05.530+0000] {spark_submit.py:571} INFO - 26/08/21 04:33:05 INFO BlockManagerInfo: Added broadcast_11_piece0 in memory on 172.18.0.7:39495 (size: 134.7 KiB, free: 434.3 MiB)
[2026-08-21T04:33:06.290+0000] {spark_submit.py:571} INFO - 26/08/21 04:33:06 INFO BlockManagerInfo: Added broadcast_10_piece0 in memory on 172.18.0.6:40581 (size: 34.8 KiB, free: 434.2 MiB)
[2026-08-21T04:33:06.385+0000] {spark_submit.py:571} INFO - 26/08/21 04:33:06 INFO BlockManagerInfo: Added broadcast_10_piece0 in memory on 172.18.0.7:39495 (size: 34.8 KiB, free: 434.2 MiB)
[2026-08-21T04:33:11.803+0000] {spark_submit.py:571} INFO - 26/08/21 04:33:11 INFO TaskSetManager: Starting task 4.0 in stage 8.0 (TID 28) (172.18.0.6, executor 0, partition 4, PROCESS_LOCAL, 8210 bytes)
[2026-08-21T04:33:11.810+0000] {spark_submit.py:571} INFO - 26/08/21 04:33:11 INFO TaskSetManager: Starting task 5.0 in stage 8.0 (TID 29) (172.18.0.6, executor 0, partition 5, PROCESS_LOCAL, 8210 bytes)
[2026-08-21T04:33:11.815+0000] {spark_submit.py:571} INFO - 26/08/21 04:33:11 INFO TaskSetManager: Finished task 1.0 in stage 8.0 (TID 25) in 6312 ms on 172.18.0.6 (executor 0) (1/7)
[2026-08-21T04:33:11.818+0000] {spark_submit.py:571} INFO - 26/08/21 04:33:11 INFO TaskSetManager: Finished task 3.0 in stage 8.0 (TID 27) in 6315 ms on 172.18.0.6 (executor 0) (2/7)
[2026-08-21T04:33:12.210+0000] {spark_submit.py:571} INFO - 26/08/21 04:33:12 INFO TaskSetManager: Starting task 6.0 in stage 8.0 (TID 30) (172.18.0.7, executor 1, partition 6, PROCESS_LOCAL, 8210 bytes)
[2026-08-21T04:33:12.212+0000] {spark_submit.py:571} INFO - 26/08/21 04:33:12 INFO TaskSetManager: Finished task 0.0 in stage 8.0 (TID 24) in 6710 ms on 172.18.0.7 (executor 1) (3/7)
[2026-08-21T04:33:12.220+0000] {spark_submit.py:571} INFO - 26/08/21 04:33:12 INFO TaskSetManager: Finished task 2.0 in stage 8.0 (TID 26) in 6716 ms on 172.18.0.7 (executor 1) (4/7)
[2026-08-21T04:33:15.924+0000] {spark_submit.py:571} INFO - 26/08/21 04:33:15 INFO TaskSetManager: Finished task 4.0 in stage 8.0 (TID 28) in 4121 ms on 172.18.0.6 (executor 0) (5/7)
[2026-08-21T04:33:16.956+0000] {spark_submit.py:571} INFO - 26/08/21 04:33:16 INFO TaskSetManager: Finished task 6.0 in stage 8.0 (TID 30) in 4749 ms on 172.18.0.7 (executor 1) (6/7)
[2026-08-21T04:33:17.265+0000] {spark_submit.py:571} INFO - 26/08/21 04:33:17 INFO TaskSetManager: Finished task 5.0 in stage 8.0 (TID 29) in 5457 ms on 172.18.0.6 (executor 0) (7/7)
[2026-08-21T04:33:17.265+0000] {spark_submit.py:571} INFO - 26/08/21 04:33:17 INFO TaskSchedulerImpl: Removed TaskSet 8.0, whose tasks have all completed, from pool
[2026-08-21T04:33:17.266+0000] {spark_submit.py:571} INFO - 26/08/21 04:33:17 INFO DAGScheduler: ResultStage 8 (save at NativeMethodAccessorImpl.java:0) finished in 11.814 s
[2026-08-21T04:33:17.269+0000] {spark_submit.py:571} INFO - 26/08/21 04:33:17 INFO DAGScheduler: Job 6 is finished. Cancelling potential speculative or zombie tasks for this job
[2026-08-21T04:33:17.271+0000] {spark_submit.py:571} INFO - 26/08/21 04:33:17 INFO TaskSchedulerImpl: Killing all running tasks in stage 8: Stage finished
[2026-08-21T04:33:17.271+0000] {spark_submit.py:571} INFO - 26/08/21 04:33:17 INFO DAGScheduler: Job 6 finished: save at NativeMethodAccessorImpl.java:0, took 11.820625 s
[2026-08-21T04:33:17.271+0000] {spark_submit.py:571} INFO - 26/08/21 04:33:17 INFO DeltaFileFormatWriter: Start to commit write Job 0c8496ea-edde-4cea-868e-1065fd680990.
[2026-08-21T04:33:17.278+0000] {spark_submit.py:571} INFO - 26/08/21 04:33:17 INFO DeltaFileFormatWriter: Write Job 0c8496ea-edde-4cea-868e-1065fd680990 committed. Elapsed time: 0 ms.
[2026-08-21T04:33:17.281+0000] {spark_submit.py:571} INFO - 26/08/21 04:33:17 INFO DeltaFileFormatWriter: Finished processing stats for write job 0c8496ea-edde-4cea-868e-1065fd680990.
[2026-08-21T04:33:17.376+0000] {spark_submit.py:571} INFO - 26/08/21 04:33:17 INFO OptimisticTransaction: [tableId=5b4c93b5,txnId=246c89a7] Attempting to commit version 0 with 5 actions with Serializable isolation level
[2026-08-21T04:33:17.499+0000] {spark_submit.py:571} INFO - 26/08/21 04:33:17 INFO BlockManagerInfo: Removed broadcast_11_piece0 on c90a551abb73:42113 in memory (size: 134.7 KiB, free: 434.4 MiB)
[2026-08-21T04:33:17.500+0000] {spark_submit.py:571} INFO - 26/08/21 04:33:17 INFO BlockManagerInfo: Removed broadcast_11_piece0 on 172.18.0.7:39495 in memory (size: 134.7 KiB, free: 434.4 MiB)
[2026-08-21T04:33:17.503+0000] {spark_submit.py:571} INFO - 26/08/21 04:33:17 INFO BlockManagerInfo: Removed broadcast_11_piece0 on 172.18.0.6:40581 in memory (size: 134.7 KiB, free: 434.4 MiB)
[2026-08-21T04:33:17.604+0000] {spark_submit.py:571} INFO - 26/08/21 04:33:17 INFO DeltaLog: Creating a new snapshot v0 for commit version 0
[2026-08-21T04:33:17.604+0000] {spark_submit.py:571} INFO - 26/08/21 04:33:17 INFO DeltaLog: Loading version 0.
[2026-08-21T04:33:17.940+0000] {spark_submit.py:571} INFO - 26/08/21 04:33:17 INFO DeltaLogFileIndex: Created DeltaLogFileIndex(JSON, numFilesInSegment: 1, totalFileSize: 5821)
[2026-08-21T04:33:18.040+0000] {spark_submit.py:571} INFO - 26/08/21 04:33:18 INFO DataSourceStrategy: Pruning directories with:
[2026-08-21T04:33:18.041+0000] {spark_submit.py:571} INFO - 26/08/21 04:33:18 INFO FileSourceStrategy: Pushed Filters:
[2026-08-21T04:33:18.042+0000] {spark_submit.py:571} INFO - 26/08/21 04:33:18 INFO FileSourceStrategy: Post-Scan Filters: ((isnotnull(protocol#802.minReaderVersion) OR isnotnull(metaData#801.id)) OR (isnotnull(commitInfo#803.inCommitTimestamp) AND (version#804L = 0)))
[2026-08-21T04:33:18.144+0000] {spark_submit.py:571} INFO - 26/08/21 04:33:18 INFO CodeGenerator: Code generated in 78.661521 ms
[2026-08-21T04:33:18.147+0000] {spark_submit.py:571} INFO - 26/08/21 04:33:18 INFO MemoryStore: Block broadcast_12 stored as values in memory (estimated size 201.8 KiB, free 434.0 MiB)
[2026-08-21T04:33:18.160+0000] {spark_submit.py:571} INFO - 26/08/21 04:33:18 INFO MemoryStore: Block broadcast_12_piece0 stored as bytes in memory (estimated size 35.0 KiB, free 433.9 MiB)
[2026-08-21T04:33:18.163+0000] {spark_submit.py:571} INFO - 26/08/21 04:33:18 INFO BlockManagerInfo: Added broadcast_12_piece0 in memory on c90a551abb73:42113 (size: 35.0 KiB, free: 434.3 MiB)
[2026-08-21T04:33:18.164+0000] {spark_submit.py:571} INFO - 26/08/21 04:33:18 INFO SparkContext: Created broadcast 12 from $anonfun$recordDeltaOperationInternal$1 at DatabricksLogging.scala:128
[2026-08-21T04:33:18.183+0000] {spark_submit.py:571} INFO - 26/08/21 04:33:18 INFO FileSourceScanExec: Planning scan with bin packing, max size: 4194304 bytes, open cost is considered as scanning 4194304 bytes.
[2026-08-21T04:33:18.204+0000] {spark_submit.py:571} INFO - 26/08/21 04:33:18 INFO SparkContext: Starting job: $anonfun$recordDeltaOperationInternal$1 at DatabricksLogging.scala:128
[2026-08-21T04:33:18.205+0000] {spark_submit.py:571} INFO - 26/08/21 04:33:18 INFO DAGScheduler: Got job 7 ($anonfun$recordDeltaOperationInternal$1 at DatabricksLogging.scala:128) with 1 output partitions
[2026-08-21T04:33:18.207+0000] {spark_submit.py:571} INFO - 26/08/21 04:33:18 INFO DAGScheduler: Final stage: ResultStage 9 ($anonfun$recordDeltaOperationInternal$1 at DatabricksLogging.scala:128)
[2026-08-21T04:33:18.207+0000] {spark_submit.py:571} INFO - 26/08/21 04:33:18 INFO DAGScheduler: Parents of final stage: List()
[2026-08-21T04:33:18.207+0000] {spark_submit.py:571} INFO - 26/08/21 04:33:18 INFO DAGScheduler: Missing parents: List()
[2026-08-21T04:33:18.207+0000] {spark_submit.py:571} INFO - 26/08/21 04:33:18 INFO DAGScheduler: Submitting ResultStage 9 (MapPartitionsRDD[32] at $anonfun$recordDeltaOperationInternal$1 at DatabricksLogging.scala:128), which has no missing parents
[2026-08-21T04:33:18.210+0000] {spark_submit.py:571} INFO - 26/08/21 04:33:18 INFO MemoryStore: Block broadcast_13 stored as values in memory (estimated size 55.3 KiB, free 433.9 MiB)
[2026-08-21T04:33:18.210+0000] {spark_submit.py:571} INFO - 26/08/21 04:33:18 INFO MemoryStore: Block broadcast_13_piece0 stored as bytes in memory (estimated size 17.1 KiB, free 433.9 MiB)
[2026-08-21T04:33:18.211+0000] {spark_submit.py:571} INFO - 26/08/21 04:33:18 INFO BlockManagerInfo: Added broadcast_13_piece0 in memory on c90a551abb73:42113 (size: 17.1 KiB, free: 434.3 MiB)
[2026-08-21T04:33:18.211+0000] {spark_submit.py:571} INFO - 26/08/21 04:33:18 INFO SparkContext: Created broadcast 13 from broadcast at DAGScheduler.scala:1585
[2026-08-21T04:33:18.212+0000] {spark_submit.py:571} INFO - 26/08/21 04:33:18 INFO DAGScheduler: Submitting 1 missing tasks from ResultStage 9 (MapPartitionsRDD[32] at $anonfun$recordDeltaOperationInternal$1 at DatabricksLogging.scala:128) (first 15 tasks are for partitions Vector(0))
[2026-08-21T04:33:18.213+0000] {spark_submit.py:571} INFO - 26/08/21 04:33:18 INFO TaskSchedulerImpl: Adding task set 9.0 with 1 tasks resource profile 0
[2026-08-21T04:33:18.213+0000] {spark_submit.py:571} INFO - 26/08/21 04:33:18 INFO TaskSetManager: Starting task 0.0 in stage 9.0 (TID 31) (172.18.0.7, executor 1, partition 0, PROCESS_LOCAL, 8295 bytes)
[2026-08-21T04:33:18.230+0000] {spark_submit.py:571} INFO - 26/08/21 04:33:18 INFO BlockManagerInfo: Added broadcast_13_piece0 in memory on 172.18.0.7:39495 (size: 17.1 KiB, free: 434.3 MiB)
[2026-08-21T04:33:18.485+0000] {spark_submit.py:571} INFO - 26/08/21 04:33:18 INFO BlockManagerInfo: Added broadcast_12_piece0 in memory on 172.18.0.7:39495 (size: 35.0 KiB, free: 434.3 MiB)
[2026-08-21T04:33:18.549+0000] {spark_submit.py:571} INFO - 26/08/21 04:33:18 INFO TaskSetManager: Finished task 0.0 in stage 9.0 (TID 31) in 336 ms on 172.18.0.7 (executor 1) (1/1)
[2026-08-21T04:33:18.551+0000] {spark_submit.py:571} INFO - 26/08/21 04:33:18 INFO TaskSchedulerImpl: Removed TaskSet 9.0, whose tasks have all completed, from pool
[2026-08-21T04:33:18.551+0000] {spark_submit.py:571} INFO - 26/08/21 04:33:18 INFO DAGScheduler: ResultStage 9 ($anonfun$recordDeltaOperationInternal$1 at DatabricksLogging.scala:128) finished in 0.343 s
[2026-08-21T04:33:18.551+0000] {spark_submit.py:571} INFO - 26/08/21 04:33:18 INFO DAGScheduler: Job 7 is finished. Cancelling potential speculative or zombie tasks for this job
[2026-08-21T04:33:18.552+0000] {spark_submit.py:571} INFO - 26/08/21 04:33:18 INFO TaskSchedulerImpl: Killing all running tasks in stage 9: Stage finished
[2026-08-21T04:33:18.554+0000] {spark_submit.py:571} INFO - 26/08/21 04:33:18 INFO DAGScheduler: Job 7 finished: $anonfun$recordDeltaOperationInternal$1 at DatabricksLogging.scala:128, took 0.347305 s
[2026-08-21T04:33:18.625+0000] {spark_submit.py:571} INFO - 26/08/21 04:33:18 INFO CodeGenerator: Code generated in 54.189987 ms
[2026-08-21T04:33:18.629+0000] {spark_submit.py:571} INFO - 26/08/21 04:33:18 INFO Snapshot: [tableId=5b4c93b5-148a-49ab-af28-d0cda083d08e] Created snapshot Snapshot(path=s3a://bronze/cell_kpi_raw/_delta_log, version=0, metadata=Metadata(553802dd-42b6-4cf1-8af2-e0916230ea16,null,null,Format(parquet,Map()),{"type":"struct","fields":[{"name":"enb_name","type":"string","nullable":true,"metadata":{}},{"name":"cell_name","type":"string","nullable":true,"metadata":{}},{"name":"date_hour","type":"string","nullable":true,"metadata":{}},{"name":"dl_traffic_gb","type":"double","nullable":true,"metadata":{}},{"name":"ul_traffic_gb","type":"double","nullable":true,"metadata":{}},{"name":"total_traffic_gb","type":"double","nullable":true,"metadata":{}},{"name":"max_rrc_connected_user","type":"integer","nullable":true,"metadata":{}},{"name":"ul_prb","type":"double","nullable":true,"metadata":{}},{"name":"ul_prb_used","type":"double","nullable":true,"metadata":{}},{"name":"ul_prb_available_total","type":"double","nullable":true,"metadata":{}},{"name":"dl_prb","type":"double","nullable":true,"metadata":{}},{"name":"dl_prb_used","type":"double","nullable":true,"metadata":{}},{"name":"dl_prb_available_total","type":"double","nullable":true,"metadata":{}},{"name":"sector","type":"string","nullable":true,"metadata":{}},{"name":"azimuth","type":"integer","nullable":true,"metadata":{}},{"name":"cell_type","type":"string","nullable":true,"metadata":{}},{"name":"x","type":"double","nullable":true,"metadata":{}},{"name":"y","type":"double","nullable":true,"metadata":{}},{"name":"date","type":"string","nullable":true,"metadata":{}},{"name":"hour","type":"string","nullable":true,"metadata":{}}]},List(date, hour),Map(),Some(1787286784873)), logSegment=LogSegment(s3a://bronze/cell_kpi_raw/_delta_log,0,List(S3AFileStatus{path=s3a://bronze/cell_kpi_raw/_delta_log/00000000000000000000.json; isDirectory=false; length=5821; replication=1; blocksize=33554432; modification_time=1787286797000; access_time=0; owner=***; group=***; permission=rw-rw-rw-; isSymlink=false; hasAcl=false; isEncrypted=true; isErasureCoded=false} isEmptyDirectory=FALSE eTag=75575b1ec5f43e5c51e4644a250c1bf4 versionId=null),org.apache.spark.sql.delta.EmptyCheckpointProvider$@4a41346,1787286797000), checksumOpt=None)
[2026-08-21T04:33:18.630+0000] {spark_submit.py:571} INFO - 26/08/21 04:33:18 INFO DeltaLog: Updated snapshot to Snapshot(path=s3a://bronze/cell_kpi_raw/_delta_log, version=0, metadata=Metadata(553802dd-42b6-4cf1-8af2-e0916230ea16,null,null,Format(parquet,Map()),{"type":"struct","fields":[{"name":"enb_name","type":"string","nullable":true,"metadata":{}},{"name":"cell_name","type":"string","nullable":true,"metadata":{}},{"name":"date_hour","type":"string","nullable":true,"metadata":{}},{"name":"dl_traffic_gb","type":"double","nullable":true,"metadata":{}},{"name":"ul_traffic_gb","type":"double","nullable":true,"metadata":{}},{"name":"total_traffic_gb","type":"double","nullable":true,"metadata":{}},{"name":"max_rrc_connected_user","type":"integer","nullable":true,"metadata":{}},{"name":"ul_prb","type":"double","nullable":true,"metadata":{}},{"name":"ul_prb_used","type":"double","nullable":true,"metadata":{}},{"name":"ul_prb_available_total","type":"double","nullable":true,"metadata":{}},{"name":"dl_prb","type":"double","nullable":true,"metadata":{}},{"name":"dl_prb_used","type":"double","nullable":true,"metadata":{}},{"name":"dl_prb_available_total","type":"double","nullable":true,"metadata":{}},{"name":"sector","type":"string","nullable":true,"metadata":{}},{"name":"azimuth","type":"integer","nullable":true,"metadata":{}},{"name":"cell_type","type":"string","nullable":true,"metadata":{}},{"name":"x","type":"double","nullable":true,"metadata":{}},{"name":"y","type":"double","nullable":true,"metadata":{}},{"name":"date","type":"string","nullable":true,"metadata":{}},{"name":"hour","type":"string","nullable":true,"metadata":{}}]},List(date, hour),Map(),Some(1787286784873)), logSegment=LogSegment(s3a://bronze/cell_kpi_raw/_delta_log,0,List(S3AFileStatus{path=s3a://bronze/cell_kpi_raw/_delta_log/00000000000000000000.json; isDirectory=false; length=5821; replication=1; blocksize=33554432; modification_time=1787286797000; access_time=0; owner=***; group=***; permission=rw-rw-rw-; isSymlink=false; hasAcl=false; isEncrypted=true; isErasureCoded=false} isEmptyDirectory=FALSE eTag=75575b1ec5f43e5c51e4644a250c1bf4 versionId=null),org.apache.spark.sql.delta.EmptyCheckpointProvider$@4a41346,1787286797000), checksumOpt=None)
[2026-08-21T04:33:18.664+0000] {spark_submit.py:571} INFO - 26/08/21 04:33:18 INFO OptimisticTransaction: [tableId=5b4c93b5,txnId=246c89a7] Committed delta #0 to s3a://bronze/cell_kpi_raw/_delta_log
[2026-08-21T04:33:18.672+0000] {spark_submit.py:571} INFO - Ingest Bronze Hourly hoàn tất!
[2026-08-21T04:33:18.673+0000] {spark_submit.py:571} INFO - 26/08/21 04:33:18 INFO SparkContext: SparkContext is stopping with exitCode 0.
[2026-08-21T04:33:18.681+0000] {spark_submit.py:571} INFO - 26/08/21 04:33:18 INFO SparkUI: Stopped Spark web UI at http://c90a551abb73:4040
[2026-08-21T04:33:18.685+0000] {spark_submit.py:571} INFO - 26/08/21 04:33:18 INFO StandaloneSchedulerBackend: Shutting down all executors
[2026-08-21T04:33:18.687+0000] {spark_submit.py:571} INFO - 26/08/21 04:33:18 INFO StandaloneSchedulerBackend$StandaloneDriverEndpoint: Asking each executor to shut down
[2026-08-21T04:33:18.717+0000] {spark_submit.py:571} INFO - 26/08/21 04:33:18 INFO MapOutputTrackerMasterEndpoint: MapOutputTrackerMasterEndpoint stopped!
[2026-08-21T04:33:18.787+0000] {spark_submit.py:571} INFO - 26/08/21 04:33:18 INFO MemoryStore: MemoryStore cleared
[2026-08-21T04:33:18.792+0000] {spark_submit.py:571} INFO - 26/08/21 04:33:18 INFO BlockManager: BlockManager stopped
[2026-08-21T04:33:18.810+0000] {spark_submit.py:571} INFO - 26/08/21 04:33:18 INFO BlockManagerMaster: BlockManagerMaster stopped
[2026-08-21T04:33:18.811+0000] {spark_submit.py:571} INFO - 26/08/21 04:33:18 INFO OutputCommitCoordinator$OutputCommitCoordinatorEndpoint: OutputCommitCoordinator stopped!
[2026-08-21T04:33:18.862+0000] {spark_submit.py:571} INFO - 26/08/21 04:33:18 INFO SparkContext: Successfully stopped SparkContext
[2026-08-21T04:33:19.401+0000] {spark_submit.py:571} INFO - 26/08/21 04:33:19 INFO ShutdownHookManager: Shutdown hook called
[2026-08-21T04:33:19.401+0000] {spark_submit.py:571} INFO - 26/08/21 04:33:19 INFO ShutdownHookManager: Deleting directory /tmp/spark-76182c9e-325a-43ce-a004-c8135c1f9c9c/pyspark-4e390573-8357-4b78-9366-df6ad1b93007
[2026-08-21T04:33:19.420+0000] {spark_submit.py:571} INFO - 26/08/21 04:33:19 INFO ShutdownHookManager: Deleting directory /tmp/spark-76182c9e-325a-43ce-a004-c8135c1f9c9c
[2026-08-21T04:33:19.430+0000] {spark_submit.py:571} INFO - 26/08/21 04:33:19 INFO ShutdownHookManager: Deleting directory /tmp/spark-451912ff-67c3-4fad-9e9c-7f3220af2edf
[2026-08-21T04:33:19.458+0000] {spark_submit.py:571} INFO - 26/08/21 04:33:19 INFO MetricsSystemImpl: Stopping s3a-file-system metrics system...
[2026-08-21T04:33:19.459+0000] {spark_submit.py:571} INFO - 26/08/21 04:33:19 INFO MetricsSystemImpl: s3a-file-system metrics system stopped.
[2026-08-21T04:33:19.460+0000] {spark_submit.py:571} INFO - 26/08/21 04:33:19 INFO MetricsSystemImpl: s3a-file-system metrics system shutdown complete.
[2026-08-21T04:33:19.565+0000] {taskinstance.py:441} INFO - ::group::Post task execution logs
[2026-08-21T04:33:19.577+0000] {taskinstance.py:1206} INFO - Marking task as SUCCESS. dag_id=cell_kpi_hourly_anomaly_pipeline, task_id=1_ingest_hourly_bronze, run_id=scheduled__2025-05-31T17:00:00+00:00, execution_date=20250531T170000, start_date=20260821T043222, end_date=20260821T043319
[2026-08-21T04:33:19.642+0000] {local_task_job_runner.py:240} INFO - Task exited with return code 0
[2026-08-21T04:33:19.666+0000] {taskinstance.py:3498} INFO - 1 downstream tasks scheduled from follow-on schedule check
[2026-08-21T04:33:19.668+0000] {local_task_job_runner.py:222} INFO - ::endgroup::
