[2026-08-21T03:55:53.614+0000] {local_task_job_runner.py:120} INFO - ::group::Pre task execution logs
[2026-08-21T03:55:53.692+0000] {taskinstance.py:2076} INFO - Dependencies all met for dep_context=non-requeueable deps ti=<TaskInstance: cell_kpi_hourly_anomaly_pipeline.1_ingest_hourly_bronze scheduled__2025-05-31T19:00:00+00:00 [queued]>
[2026-08-21T03:55:53.749+0000] {taskinstance.py:2076} INFO - Dependencies all met for dep_context=requeueable deps ti=<TaskInstance: cell_kpi_hourly_anomaly_pipeline.1_ingest_hourly_bronze scheduled__2025-05-31T19:00:00+00:00 [queued]>
[2026-08-21T03:55:53.750+0000] {taskinstance.py:2306} INFO - Starting attempt 1 of 2
[2026-08-21T03:55:53.769+0000] {taskinstance.py:2330} INFO - Executing <Task(SparkSubmitOperator): 1_ingest_hourly_bronze> on 2025-05-31 19:00:00+00:00
[2026-08-21T03:55:53.780+0000] {standard_task_runner.py:63} INFO - Started process 2927 to run task
[2026-08-21T03:55:53.796+0000] {standard_task_runner.py:90} INFO - Running: ['***', 'tasks', 'run', 'cell_kpi_hourly_anomaly_pipeline', '1_ingest_hourly_bronze', 'scheduled__2025-05-31T19:00:00+00:00', '--job-id', '33', '--raw', '--subdir', 'DAGS_FOLDER/cell_kpi_hourly_anomaly.py', '--cfg-path', '/tmp/tmpvoz3bmlm']
[2026-08-21T03:55:53.808+0000] {standard_task_runner.py:91} INFO - Job 33: Subtask 1_ingest_hourly_bronze
[2026-08-21T03:55:53.897+0000] {task_command.py:426} INFO - Running <TaskInstance: cell_kpi_hourly_anomaly_pipeline.1_ingest_hourly_bronze scheduled__2025-05-31T19:00:00+00:00 [running]> on host c90a551abb73
[2026-08-21T03:55:54.001+0000] {logging_mixin.py:188} WARNING - /home/***/.local/lib/python3.10/site-packages/***/utils/context.py:212 AirflowContextDeprecationWarning: Accessing 'execution_date' from the template is deprecated and will be removed in a future version. Please use 'data_interval_start' or 'logical_date' instead.
[2026-08-21T03:55:54.074+0000] {taskinstance.py:2648} INFO - Exporting env vars: AIRFLOW_CTX_DAG_OWNER='data_engineer_team' AIRFLOW_CTX_DAG_ID='cell_kpi_hourly_anomaly_pipeline' AIRFLOW_CTX_TASK_ID='1_ingest_hourly_bronze' AIRFLOW_CTX_EXECUTION_DATE='2025-05-31T19:00:00+00:00' AIRFLOW_CTX_TRY_NUMBER='1' AIRFLOW_CTX_DAG_RUN_ID='scheduled__2025-05-31T19:00:00+00:00'
[2026-08-21T03:55:54.075+0000] {taskinstance.py:430} INFO - ::endgroup::
[2026-08-21T03:55:54.138+0000] {base.py:84} INFO - Using connection ID 'spark-master' for task execution.
[2026-08-21T03:55:54.142+0000] {spark_submit.py:401} INFO - Spark-Submit cmd: spark-submit --master spark://spark-master:7077 --name arrow-spark --deploy-mode client /opt/spark_scripts/1_ingest_hourly.py --input_path s3a://landingzone/202506.csv --target_date_hour 2025-06-01-02
[2026-08-21T03:55:54.604+0000] {spark_submit.py:571} INFO - /home/***/.local/lib/python3.10/site-packages/pyspark/bin/load-spark-env.sh: line 68: ps: command not found
[2026-08-21T03:55:58.692+0000] {spark_submit.py:571} INFO - 26/08/21 03:55:58 INFO SparkContext: Running Spark version 3.5.1
[2026-08-21T03:55:58.698+0000] {spark_submit.py:571} INFO - 26/08/21 03:55:58 INFO SparkContext: OS info Linux, 6.8.0-1052-azure, amd64
[2026-08-21T03:55:58.699+0000] {spark_submit.py:571} INFO - 26/08/21 03:55:58 INFO SparkContext: Java version 17.0.20
[2026-08-21T03:55:58.827+0000] {spark_submit.py:571} INFO - 26/08/21 03:55:58 WARN NativeCodeLoader: Unable to load native-hadoop library for your platform... using builtin-java classes where applicable
[2026-08-21T03:55:58.972+0000] {spark_submit.py:571} INFO - 26/08/21 03:55:58 INFO ResourceUtils: ==============================================================
[2026-08-21T03:55:58.974+0000] {spark_submit.py:571} INFO - 26/08/21 03:55:58 INFO ResourceUtils: No custom resources configured for spark.driver.
[2026-08-21T03:55:58.976+0000] {spark_submit.py:571} INFO - 26/08/21 03:55:58 INFO ResourceUtils: ==============================================================
[2026-08-21T03:55:58.977+0000] {spark_submit.py:571} INFO - 26/08/21 03:55:58 INFO SparkContext: Submitted application: Ingest_Bronze_2025-06-01-02
[2026-08-21T03:55:58.998+0000] {spark_submit.py:571} INFO - 26/08/21 03:55:58 INFO ResourceProfile: Default ResourceProfile created, executor resources: Map(memory -> name: memory, amount: 1024, script: , vendor: , offHeap -> name: offHeap, amount: 0, script: , vendor: ), task resources: Map(cpus -> name: cpus, amount: 1.0)
[2026-08-21T03:55:59.008+0000] {spark_submit.py:571} INFO - 26/08/21 03:55:59 INFO ResourceProfile: Limiting resource is cpu
[2026-08-21T03:55:59.011+0000] {spark_submit.py:571} INFO - 26/08/21 03:55:59 INFO ResourceProfileManager: Added ResourceProfile id: 0
[2026-08-21T03:55:59.067+0000] {spark_submit.py:571} INFO - 26/08/21 03:55:59 INFO SecurityManager: Changing view acls to: ***
[2026-08-21T03:55:59.068+0000] {spark_submit.py:571} INFO - 26/08/21 03:55:59 INFO SecurityManager: Changing modify acls to: ***
[2026-08-21T03:55:59.074+0000] {spark_submit.py:571} INFO - 26/08/21 03:55:59 INFO SecurityManager: Changing view acls groups to:
[2026-08-21T03:55:59.074+0000] {spark_submit.py:571} INFO - 26/08/21 03:55:59 INFO SecurityManager: Changing modify acls groups to:
[2026-08-21T03:55:59.075+0000] {spark_submit.py:571} INFO - 26/08/21 03:55:59 INFO SecurityManager: SecurityManager: authentication disabled; ui acls disabled; users with view permissions: ***; groups with view permissions: EMPTY; users with modify permissions: ***; groups with modify permissions: EMPTY
[2026-08-21T03:55:59.392+0000] {spark_submit.py:571} INFO - 26/08/21 03:55:59 INFO Utils: Successfully started service 'sparkDriver' on port 43041.
[2026-08-21T03:55:59.436+0000] {spark_submit.py:571} INFO - 26/08/21 03:55:59 INFO SparkEnv: Registering MapOutputTracker
[2026-08-21T03:55:59.472+0000] {spark_submit.py:571} INFO - 26/08/21 03:55:59 INFO SparkEnv: Registering BlockManagerMaster
[2026-08-21T03:55:59.494+0000] {spark_submit.py:571} INFO - 26/08/21 03:55:59 INFO BlockManagerMasterEndpoint: Using org.apache.spark.storage.DefaultTopologyMapper for getting topology information
[2026-08-21T03:55:59.496+0000] {spark_submit.py:571} INFO - 26/08/21 03:55:59 INFO BlockManagerMasterEndpoint: BlockManagerMasterEndpoint up
[2026-08-21T03:55:59.501+0000] {spark_submit.py:571} INFO - 26/08/21 03:55:59 INFO SparkEnv: Registering BlockManagerMasterHeartbeat
[2026-08-21T03:55:59.525+0000] {spark_submit.py:571} INFO - 26/08/21 03:55:59 INFO DiskBlockManager: Created local directory at /tmp/blockmgr-423fba5d-4aef-4605-9dcd-6814465ce725
[2026-08-21T03:55:59.560+0000] {spark_submit.py:571} INFO - 26/08/21 03:55:59 INFO MemoryStore: MemoryStore started with capacity 434.4 MiB
[2026-08-21T03:55:59.585+0000] {spark_submit.py:571} INFO - 26/08/21 03:55:59 INFO SparkEnv: Registering OutputCommitCoordinator
[2026-08-21T03:55:59.708+0000] {spark_submit.py:571} INFO - 26/08/21 03:55:59 INFO JettyUtils: Start Jetty 0.0.0.0:4040 for SparkUI
[2026-08-21T03:55:59.764+0000] {spark_submit.py:571} INFO - 26/08/21 03:55:59 INFO Utils: Successfully started service 'SparkUI' on port 4040.
[2026-08-21T03:55:59.955+0000] {spark_submit.py:571} INFO - 26/08/21 03:55:59 INFO StandaloneAppClient$ClientEndpoint: Connecting to master spark://spark-master:7077...
[2026-08-21T03:56:00.037+0000] {spark_submit.py:571} INFO - 26/08/21 03:56:00 INFO TransportClientFactory: Successfully created connection to spark-master/172.18.0.4:7077 after 46 ms (0 ms spent in bootstraps)
[2026-08-21T03:56:00.158+0000] {spark_submit.py:571} INFO - 26/08/21 03:56:00 INFO StandaloneSchedulerBackend: Connected to Spark cluster with app ID app-20260821035600-0006
[2026-08-21T03:56:00.178+0000] {spark_submit.py:571} INFO - 26/08/21 03:56:00 INFO Utils: Successfully started service 'org.apache.spark.network.netty.NettyBlockTransferService' on port 44643.
[2026-08-21T03:56:00.179+0000] {spark_submit.py:571} INFO - 26/08/21 03:56:00 INFO NettyBlockTransferService: Server created on c90a551abb73:44643
[2026-08-21T03:56:00.181+0000] {spark_submit.py:571} INFO - 26/08/21 03:56:00 INFO BlockManager: Using org.apache.spark.storage.RandomBlockReplicationPolicy for block replication policy
[2026-08-21T03:56:00.195+0000] {spark_submit.py:571} INFO - 26/08/21 03:56:00 INFO BlockManagerMaster: Registering BlockManager BlockManagerId(driver, c90a551abb73, 44643, None)
[2026-08-21T03:56:00.201+0000] {spark_submit.py:571} INFO - 26/08/21 03:56:00 INFO BlockManagerMasterEndpoint: Registering block manager c90a551abb73:44643 with 434.4 MiB RAM, BlockManagerId(driver, c90a551abb73, 44643, None)
[2026-08-21T03:56:00.207+0000] {spark_submit.py:571} INFO - 26/08/21 03:56:00 INFO BlockManagerMaster: Registered BlockManager BlockManagerId(driver, c90a551abb73, 44643, None)
[2026-08-21T03:56:00.209+0000] {spark_submit.py:571} INFO - 26/08/21 03:56:00 INFO BlockManager: Initialized BlockManager: BlockManagerId(driver, c90a551abb73, 44643, None)
[2026-08-21T03:56:00.536+0000] {spark_submit.py:571} INFO - 26/08/21 03:56:00 INFO StandaloneSchedulerBackend: SchedulerBackend is ready for scheduling beginning after reached minRegisteredResourcesRatio: 0.0
[2026-08-21T03:56:00.999+0000] {spark_submit.py:571} INFO - Đang nạp s3a://landingzone/202506.csv và trích xuất dữ liệu ca: 2025-06-01-02...
[2026-08-21T03:56:01.090+0000] {spark_submit.py:571} INFO - 26/08/21 03:56:01 INFO SharedState: Setting hive.metastore.warehouse.dir ('null') to the value of spark.sql.warehouse.dir.
[2026-08-21T03:56:01.112+0000] {spark_submit.py:571} INFO - 26/08/21 03:56:01 INFO SharedState: Warehouse path is 'file:/opt/***/spark-warehouse'.
[2026-08-21T03:56:02.944+0000] {spark_submit.py:571} INFO - 26/08/21 03:56:02 WARN MetricsConfig: Cannot locate configuration: tried hadoop-metrics2-s3a-file-system.properties,hadoop-metrics2.properties
[2026-08-21T03:56:02.988+0000] {spark_submit.py:571} INFO - 26/08/21 03:56:02 INFO MetricsSystemImpl: Scheduled Metric snapshot period at 10 second(s).
[2026-08-21T03:56:02.988+0000] {spark_submit.py:571} INFO - 26/08/21 03:56:02 INFO MetricsSystemImpl: s3a-file-system metrics system started
[2026-08-21T03:56:04.659+0000] {spark_submit.py:571} INFO - 26/08/21 03:56:04 INFO InMemoryFileIndex: It took 148 ms to list leaf files for 1 paths.
[2026-08-21T03:56:04.792+0000] {spark_submit.py:571} INFO - 26/08/21 03:56:04 INFO InMemoryFileIndex: It took 43 ms to list leaf files for 1 paths.
[2026-08-21T03:56:09.626+0000] {spark_submit.py:571} INFO - 26/08/21 03:56:09 INFO FileSourceStrategy: Pushed Filters:
[2026-08-21T03:56:09.631+0000] {spark_submit.py:571} INFO - 26/08/21 03:56:09 INFO FileSourceStrategy: Post-Scan Filters: (length(trim(value#0, None)) > 0)
[2026-08-21T03:56:10.448+0000] {spark_submit.py:571} INFO - 26/08/21 03:56:10 INFO CodeGenerator: Code generated in 365.830278 ms
[2026-08-21T03:56:10.563+0000] {spark_submit.py:571} INFO - 26/08/21 03:56:10 INFO MemoryStore: Block broadcast_0 stored as values in memory (estimated size 201.7 KiB, free 434.2 MiB)
[2026-08-21T03:56:10.741+0000] {spark_submit.py:571} INFO - 26/08/21 03:56:10 INFO MemoryStore: Block broadcast_0_piece0 stored as bytes in memory (estimated size 34.9 KiB, free 434.2 MiB)
[2026-08-21T03:56:10.744+0000] {spark_submit.py:571} INFO - 26/08/21 03:56:10 INFO BlockManagerInfo: Added broadcast_0_piece0 in memory on c90a551abb73:44643 (size: 34.9 KiB, free: 434.4 MiB)
[2026-08-21T03:56:10.751+0000] {spark_submit.py:571} INFO - 26/08/21 03:56:10 INFO SparkContext: Created broadcast 0 from csv at NativeMethodAccessorImpl.java:0
[2026-08-21T03:56:10.777+0000] {spark_submit.py:571} INFO - 26/08/21 03:56:10 INFO FileSourceScanExec: Planning scan with bin packing, max size: 134217728 bytes, open cost is considered as scanning 4194304 bytes.
[2026-08-21T03:56:10.962+0000] {spark_submit.py:571} INFO - 26/08/21 03:56:10 INFO SparkContext: Starting job: csv at NativeMethodAccessorImpl.java:0
[2026-08-21T03:56:11.028+0000] {spark_submit.py:571} INFO - 26/08/21 03:56:11 INFO DAGScheduler: Got job 0 (csv at NativeMethodAccessorImpl.java:0) with 1 output partitions
[2026-08-21T03:56:11.029+0000] {spark_submit.py:571} INFO - 26/08/21 03:56:11 INFO DAGScheduler: Final stage: ResultStage 0 (csv at NativeMethodAccessorImpl.java:0)
[2026-08-21T03:56:11.030+0000] {spark_submit.py:571} INFO - 26/08/21 03:56:11 INFO DAGScheduler: Parents of final stage: List()
[2026-08-21T03:56:11.040+0000] {spark_submit.py:571} INFO - 26/08/21 03:56:11 INFO DAGScheduler: Missing parents: List()
[2026-08-21T03:56:11.068+0000] {spark_submit.py:571} INFO - 26/08/21 03:56:11 INFO DAGScheduler: Submitting ResultStage 0 (MapPartitionsRDD[3] at csv at NativeMethodAccessorImpl.java:0), which has no missing parents
[2026-08-21T03:56:11.320+0000] {spark_submit.py:571} INFO - 26/08/21 03:56:11 INFO MemoryStore: Block broadcast_1 stored as values in memory (estimated size 13.5 KiB, free 434.2 MiB)
[2026-08-21T03:56:11.350+0000] {spark_submit.py:571} INFO - 26/08/21 03:56:11 INFO MemoryStore: Block broadcast_1_piece0 stored as bytes in memory (estimated size 6.4 KiB, free 434.1 MiB)
[2026-08-21T03:56:11.352+0000] {spark_submit.py:571} INFO - 26/08/21 03:56:11 INFO BlockManagerInfo: Added broadcast_1_piece0 in memory on c90a551abb73:44643 (size: 6.4 KiB, free: 434.4 MiB)
[2026-08-21T03:56:11.357+0000] {spark_submit.py:571} INFO - 26/08/21 03:56:11 INFO SparkContext: Created broadcast 1 from broadcast at DAGScheduler.scala:1585
[2026-08-21T03:56:11.401+0000] {spark_submit.py:571} INFO - 26/08/21 03:56:11 INFO DAGScheduler: Submitting 1 missing tasks from ResultStage 0 (MapPartitionsRDD[3] at csv at NativeMethodAccessorImpl.java:0) (first 15 tasks are for partitions Vector(0))
[2026-08-21T03:56:11.408+0000] {spark_submit.py:571} INFO - 26/08/21 03:56:11 INFO TaskSchedulerImpl: Adding task set 0.0 with 1 tasks resource profile 0
[2026-08-21T03:56:12.543+0000] {spark_submit.py:571} INFO - 26/08/21 03:56:12 INFO StandaloneAppClient$ClientEndpoint: Executor added: app-20260821035600-0006/0 on worker-20260821021253-172.18.0.6-39045 (172.18.0.6:39045) with 2 core(s)
[2026-08-21T03:56:12.545+0000] {spark_submit.py:571} INFO - 26/08/21 03:56:12 INFO StandaloneSchedulerBackend: Granted executor ID app-20260821035600-0006/0 on hostPort 172.18.0.6:39045 with 2 core(s), 1024.0 MiB RAM
[2026-08-21T03:56:12.547+0000] {spark_submit.py:571} INFO - 26/08/21 03:56:12 INFO StandaloneAppClient$ClientEndpoint: Executor added: app-20260821035600-0006/1 on worker-20260821021253-172.18.0.7-44957 (172.18.0.7:44957) with 2 core(s)
[2026-08-21T03:56:12.550+0000] {spark_submit.py:571} INFO - 26/08/21 03:56:12 INFO StandaloneSchedulerBackend: Granted executor ID app-20260821035600-0006/1 on hostPort 172.18.0.7:44957 with 2 core(s), 1024.0 MiB RAM
[2026-08-21T03:56:12.632+0000] {spark_submit.py:571} INFO - 26/08/21 03:56:12 INFO StandaloneAppClient$ClientEndpoint: Executor updated: app-20260821035600-0006/1 is now RUNNING
[2026-08-21T03:56:12.634+0000] {spark_submit.py:571} INFO - 26/08/21 03:56:12 INFO StandaloneAppClient$ClientEndpoint: Executor updated: app-20260821035600-0006/0 is now RUNNING
[2026-08-21T03:56:16.837+0000] {spark_submit.py:571} INFO - 26/08/21 03:56:16 INFO StandaloneSchedulerBackend$StandaloneDriverEndpoint: Registered executor NettyRpcEndpointRef(spark-client://Executor) (172.18.0.6:39320) with ID 0,  ResourceProfileId 0
[2026-08-21T03:56:16.877+0000] {spark_submit.py:571} INFO - 26/08/21 03:56:16 INFO StandaloneSchedulerBackend$StandaloneDriverEndpoint: Registered executor NettyRpcEndpointRef(spark-client://Executor) (172.18.0.7:46952) with ID 1,  ResourceProfileId 0
[2026-08-21T03:56:17.041+0000] {spark_submit.py:571} INFO - 26/08/21 03:56:17 INFO BlockManagerMasterEndpoint: Registering block manager 172.18.0.6:38827 with 434.4 MiB RAM, BlockManagerId(0, 172.18.0.6, 38827, None)
[2026-08-21T03:56:17.044+0000] {spark_submit.py:571} INFO - 26/08/21 03:56:17 INFO BlockManagerMasterEndpoint: Registering block manager 172.18.0.7:35217 with 434.4 MiB RAM, BlockManagerId(1, 172.18.0.7, 35217, None)
[2026-08-21T03:56:17.192+0000] {spark_submit.py:571} INFO - 26/08/21 03:56:17 INFO TaskSetManager: Starting task 0.0 in stage 0.0 (TID 0) (172.18.0.7, executor 1, partition 0, PROCESS_LOCAL, 8210 bytes)
[2026-08-21T03:56:17.431+0000] {spark_submit.py:571} INFO - 26/08/21 03:56:17 INFO BlockManagerInfo: Added broadcast_1_piece0 in memory on 172.18.0.7:35217 (size: 6.4 KiB, free: 434.4 MiB)
[2026-08-21T03:56:18.479+0000] {spark_submit.py:571} INFO - 26/08/21 03:56:18 INFO BlockManagerInfo: Added broadcast_0_piece0 in memory on 172.18.0.7:35217 (size: 34.9 KiB, free: 434.4 MiB)
[2026-08-21T03:56:20.354+0000] {spark_submit.py:571} INFO - 26/08/21 03:56:20 INFO TaskSetManager: Finished task 0.0 in stage 0.0 (TID 0) in 3194 ms on 172.18.0.7 (executor 1) (1/1)
[2026-08-21T03:56:20.356+0000] {spark_submit.py:571} INFO - 26/08/21 03:56:20 INFO TaskSchedulerImpl: Removed TaskSet 0.0, whose tasks have all completed, from pool
[2026-08-21T03:56:20.363+0000] {spark_submit.py:571} INFO - 26/08/21 03:56:20 INFO DAGScheduler: ResultStage 0 (csv at NativeMethodAccessorImpl.java:0) finished in 9.240 s
[2026-08-21T03:56:20.366+0000] {spark_submit.py:571} INFO - 26/08/21 03:56:20 INFO DAGScheduler: Job 0 is finished. Cancelling potential speculative or zombie tasks for this job
[2026-08-21T03:56:20.369+0000] {spark_submit.py:571} INFO - 26/08/21 03:56:20 INFO TaskSchedulerImpl: Killing all running tasks in stage 0: Stage finished
[2026-08-21T03:56:20.371+0000] {spark_submit.py:571} INFO - 26/08/21 03:56:20 INFO DAGScheduler: Job 0 finished: csv at NativeMethodAccessorImpl.java:0, took 9.408562 s
[2026-08-21T03:56:20.398+0000] {spark_submit.py:571} INFO - 26/08/21 03:56:20 INFO CodeGenerator: Code generated in 12.152951 ms
[2026-08-21T03:56:20.452+0000] {spark_submit.py:571} INFO - 26/08/21 03:56:20 INFO FileSourceStrategy: Pushed Filters:
[2026-08-21T03:56:20.453+0000] {spark_submit.py:571} INFO - 26/08/21 03:56:20 INFO FileSourceStrategy: Post-Scan Filters:
[2026-08-21T03:56:20.460+0000] {spark_submit.py:571} INFO - 26/08/21 03:56:20 INFO BlockManagerInfo: Removed broadcast_1_piece0 on c90a551abb73:44643 in memory (size: 6.4 KiB, free: 434.4 MiB)
[2026-08-21T03:56:20.468+0000] {spark_submit.py:571} INFO - 26/08/21 03:56:20 INFO MemoryStore: Block broadcast_2 stored as values in memory (estimated size 201.7 KiB, free 434.0 MiB)
[2026-08-21T03:56:20.474+0000] {spark_submit.py:571} INFO - 26/08/21 03:56:20 INFO BlockManagerInfo: Removed broadcast_1_piece0 on 172.18.0.7:35217 in memory (size: 6.4 KiB, free: 434.4 MiB)
[2026-08-21T03:56:20.518+0000] {spark_submit.py:571} INFO - 26/08/21 03:56:20 INFO MemoryStore: Block broadcast_2_piece0 stored as bytes in memory (estimated size 34.9 KiB, free 433.9 MiB)
[2026-08-21T03:56:20.521+0000] {spark_submit.py:571} INFO - 26/08/21 03:56:20 INFO BlockManagerInfo: Added broadcast_2_piece0 in memory on c90a551abb73:44643 (size: 34.9 KiB, free: 434.3 MiB)
[2026-08-21T03:56:20.527+0000] {spark_submit.py:571} INFO - 26/08/21 03:56:20 INFO SparkContext: Created broadcast 2 from csv at NativeMethodAccessorImpl.java:0
[2026-08-21T03:56:20.528+0000] {spark_submit.py:571} INFO - 26/08/21 03:56:20 INFO FileSourceScanExec: Planning scan with bin packing, max size: 134217728 bytes, open cost is considered as scanning 4194304 bytes.
[2026-08-21T03:56:20.643+0000] {spark_submit.py:571} INFO - 26/08/21 03:56:20 INFO SparkContext: Starting job: csv at NativeMethodAccessorImpl.java:0
[2026-08-21T03:56:20.648+0000] {spark_submit.py:571} INFO - 26/08/21 03:56:20 INFO DAGScheduler: Got job 1 (csv at NativeMethodAccessorImpl.java:0) with 7 output partitions
[2026-08-21T03:56:20.649+0000] {spark_submit.py:571} INFO - 26/08/21 03:56:20 INFO DAGScheduler: Final stage: ResultStage 1 (csv at NativeMethodAccessorImpl.java:0)
[2026-08-21T03:56:20.649+0000] {spark_submit.py:571} INFO - 26/08/21 03:56:20 INFO DAGScheduler: Parents of final stage: List()
[2026-08-21T03:56:20.649+0000] {spark_submit.py:571} INFO - 26/08/21 03:56:20 INFO DAGScheduler: Missing parents: List()
[2026-08-21T03:56:20.651+0000] {spark_submit.py:571} INFO - 26/08/21 03:56:20 INFO DAGScheduler: Submitting ResultStage 1 (MapPartitionsRDD[9] at csv at NativeMethodAccessorImpl.java:0), which has no missing parents
[2026-08-21T03:56:20.678+0000] {spark_submit.py:571} INFO - 26/08/21 03:56:20 INFO MemoryStore: Block broadcast_3 stored as values in memory (estimated size 28.3 KiB, free 433.9 MiB)
[2026-08-21T03:56:20.700+0000] {spark_submit.py:571} INFO - 26/08/21 03:56:20 INFO MemoryStore: Block broadcast_3_piece0 stored as bytes in memory (estimated size 13.1 KiB, free 433.9 MiB)
[2026-08-21T03:56:20.702+0000] {spark_submit.py:571} INFO - 26/08/21 03:56:20 INFO BlockManagerInfo: Added broadcast_3_piece0 in memory on c90a551abb73:44643 (size: 13.1 KiB, free: 434.3 MiB)
[2026-08-21T03:56:20.703+0000] {spark_submit.py:571} INFO - 26/08/21 03:56:20 INFO SparkContext: Created broadcast 3 from broadcast at DAGScheduler.scala:1585
[2026-08-21T03:56:20.706+0000] {spark_submit.py:571} INFO - 26/08/21 03:56:20 INFO DAGScheduler: Submitting 7 missing tasks from ResultStage 1 (MapPartitionsRDD[9] at csv at NativeMethodAccessorImpl.java:0) (first 15 tasks are for partitions Vector(0, 1, 2, 3, 4, 5, 6))
[2026-08-21T03:56:20.706+0000] {spark_submit.py:571} INFO - 26/08/21 03:56:20 INFO TaskSchedulerImpl: Adding task set 1.0 with 7 tasks resource profile 0
[2026-08-21T03:56:20.708+0000] {spark_submit.py:571} INFO - 26/08/21 03:56:20 INFO TaskSetManager: Starting task 0.0 in stage 1.0 (TID 1) (172.18.0.6, executor 0, partition 0, PROCESS_LOCAL, 8210 bytes)
[2026-08-21T03:56:20.709+0000] {spark_submit.py:571} INFO - 26/08/21 03:56:20 INFO TaskSetManager: Starting task 1.0 in stage 1.0 (TID 2) (172.18.0.7, executor 1, partition 1, PROCESS_LOCAL, 8210 bytes)
[2026-08-21T03:56:20.712+0000] {spark_submit.py:571} INFO - 26/08/21 03:56:20 INFO TaskSetManager: Starting task 2.0 in stage 1.0 (TID 3) (172.18.0.6, executor 0, partition 2, PROCESS_LOCAL, 8210 bytes)
[2026-08-21T03:56:20.712+0000] {spark_submit.py:571} INFO - 26/08/21 03:56:20 INFO TaskSetManager: Starting task 3.0 in stage 1.0 (TID 4) (172.18.0.7, executor 1, partition 3, PROCESS_LOCAL, 8210 bytes)
[2026-08-21T03:56:20.800+0000] {spark_submit.py:571} INFO - 26/08/21 03:56:20 INFO BlockManagerInfo: Added broadcast_3_piece0 in memory on 172.18.0.7:35217 (size: 13.1 KiB, free: 434.4 MiB)
[2026-08-21T03:56:21.043+0000] {spark_submit.py:571} INFO - 26/08/21 03:56:21 INFO BlockManagerInfo: Added broadcast_3_piece0 in memory on 172.18.0.6:38827 (size: 13.1 KiB, free: 434.4 MiB)
[2026-08-21T03:56:23.298+0000] {spark_submit.py:571} INFO - 26/08/21 03:56:23 INFO BlockManagerInfo: Added broadcast_2_piece0 in memory on 172.18.0.7:35217 (size: 34.9 KiB, free: 434.3 MiB)
[2026-08-21T03:56:25.474+0000] {spark_submit.py:571} INFO - 26/08/21 03:56:25 INFO BlockManagerInfo: Added broadcast_2_piece0 in memory on 172.18.0.6:38827 (size: 34.9 KiB, free: 434.4 MiB)
[2026-08-21T03:56:27.311+0000] {spark_submit.py:571} INFO - 26/08/21 03:56:27 INFO TaskSetManager: Starting task 4.0 in stage 1.0 (TID 5) (172.18.0.7, executor 1, partition 4, PROCESS_LOCAL, 8210 bytes)
[2026-08-21T03:56:27.311+0000] {spark_submit.py:571} INFO - 26/08/21 03:56:27 INFO TaskSetManager: Finished task 3.0 in stage 1.0 (TID 4) in 6602 ms on 172.18.0.7 (executor 1) (1/7)
[2026-08-21T03:56:27.730+0000] {spark_submit.py:571} INFO - 26/08/21 03:56:27 INFO TaskSetManager: Starting task 5.0 in stage 1.0 (TID 6) (172.18.0.7, executor 1, partition 5, PROCESS_LOCAL, 8210 bytes)
[2026-08-21T03:56:27.742+0000] {spark_submit.py:571} INFO - 26/08/21 03:56:27 INFO TaskSetManager: Finished task 1.0 in stage 1.0 (TID 2) in 7032 ms on 172.18.0.7 (executor 1) (2/7)
[2026-08-21T03:56:30.889+0000] {spark_submit.py:571} INFO - 26/08/21 03:56:30 INFO TaskSetManager: Starting task 6.0 in stage 1.0 (TID 7) (172.18.0.7, executor 1, partition 6, PROCESS_LOCAL, 8210 bytes)
[2026-08-21T03:56:30.892+0000] {spark_submit.py:571} INFO - 26/08/21 03:56:30 INFO TaskSetManager: Finished task 5.0 in stage 1.0 (TID 6) in 3163 ms on 172.18.0.7 (executor 1) (3/7)
[2026-08-21T03:56:31.382+0000] {spark_submit.py:571} INFO - 26/08/21 03:56:31 INFO TaskSetManager: Finished task 4.0 in stage 1.0 (TID 5) in 4077 ms on 172.18.0.7 (executor 1) (4/7)
[2026-08-21T03:56:32.041+0000] {spark_submit.py:571} INFO - 26/08/21 03:56:32 INFO TaskSetManager: Finished task 0.0 in stage 1.0 (TID 1) in 11332 ms on 172.18.0.6 (executor 0) (5/7)
[2026-08-21T03:56:32.252+0000] {spark_submit.py:571} INFO - 26/08/21 03:56:32 INFO TaskSetManager: Finished task 2.0 in stage 1.0 (TID 3) in 11539 ms on 172.18.0.6 (executor 0) (6/7)
[2026-08-21T03:56:33.012+0000] {spark_submit.py:571} INFO - 26/08/21 03:56:33 INFO TaskSetManager: Finished task 6.0 in stage 1.0 (TID 7) in 2125 ms on 172.18.0.7 (executor 1) (7/7)
[2026-08-21T03:56:33.014+0000] {spark_submit.py:571} INFO - 26/08/21 03:56:33 INFO TaskSchedulerImpl: Removed TaskSet 1.0, whose tasks have all completed, from pool
[2026-08-21T03:56:33.016+0000] {spark_submit.py:571} INFO - 26/08/21 03:56:33 INFO DAGScheduler: ResultStage 1 (csv at NativeMethodAccessorImpl.java:0) finished in 12.362 s
[2026-08-21T03:56:33.017+0000] {spark_submit.py:571} INFO - 26/08/21 03:56:33 INFO DAGScheduler: Job 1 is finished. Cancelling potential speculative or zombie tasks for this job
[2026-08-21T03:56:33.018+0000] {spark_submit.py:571} INFO - 26/08/21 03:56:33 INFO TaskSchedulerImpl: Killing all running tasks in stage 1: Stage finished
[2026-08-21T03:56:33.019+0000] {spark_submit.py:571} INFO - 26/08/21 03:56:33 INFO DAGScheduler: Job 1 finished: csv at NativeMethodAccessorImpl.java:0, took 12.375002 s
[2026-08-21T03:56:33.309+0000] {spark_submit.py:571} INFO - Traceback (most recent call last):
[2026-08-21T03:56:33.310+0000] {spark_submit.py:571} INFO - File "/opt/spark_scripts/1_ingest_hourly.py", line 63, in <module>
[2026-08-21T03:56:33.311+0000] {spark_submit.py:571} INFO - main()
[2026-08-21T03:56:33.314+0000] {spark_submit.py:571} INFO - File "/opt/spark_scripts/1_ingest_hourly.py", line 33, in main
[2026-08-21T03:56:33.314+0000] {spark_submit.py:571} INFO - df_hourly = raw_df.filter(F.col("date_hour").cast("string") == args.target_date_hour)
[2026-08-21T03:56:33.315+0000] {spark_submit.py:571} INFO - File "/home/***/.local/lib/python3.10/site-packages/pyspark/python/lib/pyspark.zip/pyspark/sql/dataframe.py", line 3329, in filter
[2026-08-21T03:56:33.315+0000] {spark_submit.py:571} INFO - File "/home/***/.local/lib/python3.10/site-packages/pyspark/python/lib/py4j-0.10.9.7-src.zip/py4j/java_gateway.py", line 1322, in __call__
[2026-08-21T03:56:33.318+0000] {spark_submit.py:571} INFO - File "/home/***/.local/lib/python3.10/site-packages/pyspark/python/lib/pyspark.zip/pyspark/errors/exceptions/captured.py", line 185, in deco
[2026-08-21T03:56:33.323+0000] {spark_submit.py:571} INFO - pyspark.errors.exceptions.captured.AnalysisException: [UNRESOLVED_COLUMN.WITH_SUGGESTION] A column or function parameter with name `date_hour` cannot be resolved. Did you mean one of the following? [`"enb_name"|"cell_name"|"date_hour"|"dl_traffic_gb"|"ul_traffic_gb"|"total_traffic_gb"|"max_rrc_connected_user"|"ul_prb"|"ul_prb_used"|"ul_prb_available_total"|"dl_prb"|"dl_prb_used"|"dl_prb_available_total"|"sector"|"azimuth"|"cell_type"|"x"|"y"`].;
[2026-08-21T03:56:33.323+0000] {spark_submit.py:571} INFO - 'Filter (cast('date_hour as string) = 2025-06-01-02)
[2026-08-21T03:56:33.323+0000] {spark_submit.py:571} INFO - +- Relation ["enb_name"|"cell_name"|"date_hour"|"dl_traffic_gb"|"ul_traffic_gb"|"total_traffic_gb"|"max_rrc_connected_user"|"ul_prb"|"ul_prb_used"|"ul_prb_available_total"|"dl_prb"|"dl_prb_used"|"dl_prb_available_total"|"sector"|"azimuth"|"cell_type"|"x"|"y"#17] csv
[2026-08-21T03:56:33.324+0000] {spark_submit.py:571} INFO - 
[2026-08-21T03:56:33.377+0000] {spark_submit.py:571} INFO - 26/08/21 03:56:33 INFO SparkContext: Invoking stop() from shutdown hook
[2026-08-21T03:56:33.378+0000] {spark_submit.py:571} INFO - 26/08/21 03:56:33 INFO SparkContext: SparkContext is stopping with exitCode 0.
[2026-08-21T03:56:33.388+0000] {spark_submit.py:571} INFO - 26/08/21 03:56:33 INFO SparkUI: Stopped Spark web UI at http://c90a551abb73:4040
[2026-08-21T03:56:33.392+0000] {spark_submit.py:571} INFO - 26/08/21 03:56:33 INFO StandaloneSchedulerBackend: Shutting down all executors
[2026-08-21T03:56:33.393+0000] {spark_submit.py:571} INFO - 26/08/21 03:56:33 INFO StandaloneSchedulerBackend$StandaloneDriverEndpoint: Asking each executor to shut down
[2026-08-21T03:56:33.438+0000] {spark_submit.py:571} INFO - 26/08/21 03:56:33 INFO MapOutputTrackerMasterEndpoint: MapOutputTrackerMasterEndpoint stopped!
[2026-08-21T03:56:33.539+0000] {spark_submit.py:571} INFO - 26/08/21 03:56:33 INFO MemoryStore: MemoryStore cleared
[2026-08-21T03:56:33.540+0000] {spark_submit.py:571} INFO - 26/08/21 03:56:33 INFO BlockManager: BlockManager stopped
[2026-08-21T03:56:33.551+0000] {spark_submit.py:571} INFO - 26/08/21 03:56:33 INFO BlockManagerMaster: BlockManagerMaster stopped
[2026-08-21T03:56:33.557+0000] {spark_submit.py:571} INFO - 26/08/21 03:56:33 INFO OutputCommitCoordinator$OutputCommitCoordinatorEndpoint: OutputCommitCoordinator stopped!
[2026-08-21T03:56:33.589+0000] {spark_submit.py:571} INFO - 26/08/21 03:56:33 INFO SparkContext: Successfully stopped SparkContext
[2026-08-21T03:56:33.597+0000] {spark_submit.py:571} INFO - 26/08/21 03:56:33 INFO ShutdownHookManager: Shutdown hook called
[2026-08-21T03:56:33.598+0000] {spark_submit.py:571} INFO - 26/08/21 03:56:33 INFO ShutdownHookManager: Deleting directory /tmp/spark-fb472580-28ab-4355-809f-b42047cd6410/pyspark-b0b42063-0b6d-4f0d-ad6b-2c99448cda96
[2026-08-21T03:56:33.611+0000] {spark_submit.py:571} INFO - 26/08/21 03:56:33 INFO ShutdownHookManager: Deleting directory /tmp/spark-d77ca36f-8f5e-49fa-83c4-8d29380d8497
[2026-08-21T03:56:33.622+0000] {spark_submit.py:571} INFO - 26/08/21 03:56:33 INFO ShutdownHookManager: Deleting directory /tmp/spark-fb472580-28ab-4355-809f-b42047cd6410
[2026-08-21T03:56:33.647+0000] {spark_submit.py:571} INFO - 26/08/21 03:56:33 INFO MetricsSystemImpl: Stopping s3a-file-system metrics system...
[2026-08-21T03:56:33.648+0000] {spark_submit.py:571} INFO - 26/08/21 03:56:33 INFO MetricsSystemImpl: s3a-file-system metrics system stopped.
[2026-08-21T03:56:33.648+0000] {spark_submit.py:571} INFO - 26/08/21 03:56:33 INFO MetricsSystemImpl: s3a-file-system metrics system shutdown complete.
[2026-08-21T03:56:33.761+0000] {taskinstance.py:441} INFO - ::group::Post task execution logs
[2026-08-21T03:56:33.780+0000] {taskinstance.py:2905} ERROR - Task failed with exception
Traceback (most recent call last):
  File "/home/airflow/.local/lib/python3.10/site-packages/airflow/models/taskinstance.py", line 465, in _execute_task
    result = _execute_callable(context=context, **execute_callable_kwargs)
  File "/home/airflow/.local/lib/python3.10/site-packages/airflow/models/taskinstance.py", line 432, in _execute_callable
    return execute_callable(context=context, **execute_callable_kwargs)
  File "/home/airflow/.local/lib/python3.10/site-packages/airflow/models/baseoperator.py", line 400, in wrapper
    return func(self, *args, **kwargs)
  File "/home/airflow/.local/lib/python3.10/site-packages/airflow/providers/apache/spark/operators/spark_submit.py", line 174, in execute
    self._hook.submit(self.application)
  File "/home/airflow/.local/lib/python3.10/site-packages/airflow/providers/apache/spark/hooks/spark_submit.py", line 502, in submit
    raise AirflowException(
airflow.exceptions.AirflowException: Cannot execute: spark-submit --master spark://spark-master:7077 --name arrow-spark --deploy-mode client /opt/spark_scripts/1_ingest_hourly.py --input_path s3a://landingzone/202506.csv --target_date_hour 2025-06-01-02. Error code is: 1.
[2026-08-21T03:56:33.789+0000] {taskinstance.py:1206} INFO - Marking task as UP_FOR_RETRY. dag_id=cell_kpi_hourly_anomaly_pipeline, task_id=1_ingest_hourly_bronze, run_id=scheduled__2025-05-31T19:00:00+00:00, execution_date=20250531T190000, start_date=20260821T035553, end_date=20260821T035633
[2026-08-21T03:56:33.831+0000] {standard_task_runner.py:110} ERROR - Failed to execute job 33 for task 1_ingest_hourly_bronze (Cannot execute: spark-submit --master spark://spark-master:7077 --name arrow-spark --deploy-mode client /opt/spark_scripts/1_ingest_hourly.py --input_path s3a://landingzone/202506.csv --target_date_hour 2025-06-01-02. Error code is: 1.; 2927)
[2026-08-21T03:56:33.882+0000] {local_task_job_runner.py:240} INFO - Task exited with return code 1
[2026-08-21T03:56:33.973+0000] {taskinstance.py:3498} INFO - 0 downstream tasks scheduled from follow-on schedule check
[2026-08-21T03:56:33.979+0000] {local_task_job_runner.py:222} INFO - ::endgroup::
[2026-08-21T04:35:09.803+0000] {local_task_job_runner.py:120} INFO - ::group::Pre task execution logs
[2026-08-21T04:35:09.850+0000] {taskinstance.py:2076} INFO - Dependencies all met for dep_context=non-requeueable deps ti=<TaskInstance: cell_kpi_hourly_anomaly_pipeline.1_ingest_hourly_bronze scheduled__2025-05-31T19:00:00+00:00 [queued]>
[2026-08-21T04:35:09.860+0000] {taskinstance.py:2076} INFO - Dependencies all met for dep_context=requeueable deps ti=<TaskInstance: cell_kpi_hourly_anomaly_pipeline.1_ingest_hourly_bronze scheduled__2025-05-31T19:00:00+00:00 [queued]>
[2026-08-21T04:35:09.860+0000] {taskinstance.py:2306} INFO - Starting attempt 1 of 2
[2026-08-21T04:35:09.876+0000] {taskinstance.py:2330} INFO - Executing <Task(SparkSubmitOperator): 1_ingest_hourly_bronze> on 2025-05-31 19:00:00+00:00
[2026-08-21T04:35:09.884+0000] {standard_task_runner.py:63} INFO - Started process 7605 to run task
[2026-08-21T04:35:09.892+0000] {standard_task_runner.py:90} INFO - Running: ['***', 'tasks', 'run', 'cell_kpi_hourly_anomaly_pipeline', '1_ingest_hourly_bronze', 'scheduled__2025-05-31T19:00:00+00:00', '--job-id', '64', '--raw', '--subdir', 'DAGS_FOLDER/cell_kpi_hourly_anomaly.py', '--cfg-path', '/tmp/tmp_23wxdsq']
[2026-08-21T04:35:09.894+0000] {standard_task_runner.py:91} INFO - Job 64: Subtask 1_ingest_hourly_bronze
[2026-08-21T04:35:09.984+0000] {task_command.py:426} INFO - Running <TaskInstance: cell_kpi_hourly_anomaly_pipeline.1_ingest_hourly_bronze scheduled__2025-05-31T19:00:00+00:00 [running]> on host c90a551abb73
[2026-08-21T04:35:10.075+0000] {logging_mixin.py:188} WARNING - /home/***/.local/lib/python3.10/site-packages/***/utils/context.py:212 AirflowContextDeprecationWarning: Accessing 'execution_date' from the template is deprecated and will be removed in a future version. Please use 'data_interval_start' or 'logical_date' instead.
[2026-08-21T04:35:10.138+0000] {taskinstance.py:2648} INFO - Exporting env vars: AIRFLOW_CTX_DAG_OWNER='data_engineer_team' AIRFLOW_CTX_DAG_ID='cell_kpi_hourly_anomaly_pipeline' AIRFLOW_CTX_TASK_ID='1_ingest_hourly_bronze' AIRFLOW_CTX_EXECUTION_DATE='2025-05-31T19:00:00+00:00' AIRFLOW_CTX_TRY_NUMBER='1' AIRFLOW_CTX_DAG_RUN_ID='scheduled__2025-05-31T19:00:00+00:00'
[2026-08-21T04:35:10.141+0000] {taskinstance.py:430} INFO - ::endgroup::
[2026-08-21T04:35:10.165+0000] {base.py:84} INFO - Using connection ID 'spark-master' for task execution.
[2026-08-21T04:35:10.167+0000] {spark_submit.py:401} INFO - Spark-Submit cmd: spark-submit --master spark://spark-master:7077 --name arrow-spark --deploy-mode client /opt/spark_scripts/1_ingest_hourly.py --input_path s3a://landingzone/202506.csv --target_date_hour 2025-06-01-02
[2026-08-21T04:35:10.295+0000] {spark_submit.py:571} INFO - /home/***/.local/lib/python3.10/site-packages/pyspark/bin/load-spark-env.sh: line 68: ps: command not found
[2026-08-21T04:35:14.917+0000] {spark_submit.py:571} INFO - 26/08/21 04:35:14 INFO SparkContext: Running Spark version 3.5.1
[2026-08-21T04:35:14.923+0000] {spark_submit.py:571} INFO - 26/08/21 04:35:14 INFO SparkContext: OS info Linux, 6.8.0-1052-azure, amd64
[2026-08-21T04:35:14.925+0000] {spark_submit.py:571} INFO - 26/08/21 04:35:14 INFO SparkContext: Java version 17.0.20
[2026-08-21T04:35:15.134+0000] {spark_submit.py:571} INFO - 26/08/21 04:35:15 WARN NativeCodeLoader: Unable to load native-hadoop library for your platform... using builtin-java classes where applicable
[2026-08-21T04:35:15.444+0000] {spark_submit.py:571} INFO - 26/08/21 04:35:15 INFO ResourceUtils: ==============================================================
[2026-08-21T04:35:15.445+0000] {spark_submit.py:571} INFO - 26/08/21 04:35:15 INFO ResourceUtils: No custom resources configured for spark.driver.
[2026-08-21T04:35:15.445+0000] {spark_submit.py:571} INFO - 26/08/21 04:35:15 INFO ResourceUtils: ==============================================================
[2026-08-21T04:35:15.453+0000] {spark_submit.py:571} INFO - 26/08/21 04:35:15 INFO SparkContext: Submitted application: Ingest_Bronze_2025-06-01-02
[2026-08-21T04:35:15.541+0000] {spark_submit.py:571} INFO - 26/08/21 04:35:15 INFO ResourceProfile: Default ResourceProfile created, executor resources: Map(memory -> name: memory, amount: 1024, script: , vendor: , offHeap -> name: offHeap, amount: 0, script: , vendor: ), task resources: Map(cpus -> name: cpus, amount: 1.0)
[2026-08-21T04:35:15.559+0000] {spark_submit.py:571} INFO - 26/08/21 04:35:15 INFO ResourceProfile: Limiting resource is cpu
[2026-08-21T04:35:15.559+0000] {spark_submit.py:571} INFO - 26/08/21 04:35:15 INFO ResourceProfileManager: Added ResourceProfile id: 0
[2026-08-21T04:35:15.807+0000] {spark_submit.py:571} INFO - 26/08/21 04:35:15 INFO SecurityManager: Changing view acls to: ***
[2026-08-21T04:35:15.808+0000] {spark_submit.py:571} INFO - 26/08/21 04:35:15 INFO SecurityManager: Changing modify acls to: ***
[2026-08-21T04:35:15.809+0000] {spark_submit.py:571} INFO - 26/08/21 04:35:15 INFO SecurityManager: Changing view acls groups to:
[2026-08-21T04:35:15.816+0000] {spark_submit.py:571} INFO - 26/08/21 04:35:15 INFO SecurityManager: Changing modify acls groups to:
[2026-08-21T04:35:15.816+0000] {spark_submit.py:571} INFO - 26/08/21 04:35:15 INFO SecurityManager: SecurityManager: authentication disabled; ui acls disabled; users with view permissions: ***; groups with view permissions: EMPTY; users with modify permissions: ***; groups with modify permissions: EMPTY
[2026-08-21T04:35:16.404+0000] {spark_submit.py:571} INFO - 26/08/21 04:35:16 INFO Utils: Successfully started service 'sparkDriver' on port 35617.
[2026-08-21T04:35:16.462+0000] {spark_submit.py:571} INFO - 26/08/21 04:35:16 INFO SparkEnv: Registering MapOutputTracker
[2026-08-21T04:35:16.549+0000] {spark_submit.py:571} INFO - 26/08/21 04:35:16 INFO SparkEnv: Registering BlockManagerMaster
[2026-08-21T04:35:16.579+0000] {spark_submit.py:571} INFO - 26/08/21 04:35:16 INFO BlockManagerMasterEndpoint: Using org.apache.spark.storage.DefaultTopologyMapper for getting topology information
[2026-08-21T04:35:16.585+0000] {spark_submit.py:571} INFO - 26/08/21 04:35:16 INFO BlockManagerMasterEndpoint: BlockManagerMasterEndpoint up
[2026-08-21T04:35:16.592+0000] {spark_submit.py:571} INFO - 26/08/21 04:35:16 INFO SparkEnv: Registering BlockManagerMasterHeartbeat
[2026-08-21T04:35:16.634+0000] {spark_submit.py:571} INFO - 26/08/21 04:35:16 INFO DiskBlockManager: Created local directory at /tmp/blockmgr-fd812722-5d47-403b-91bb-3eeaa7b99167
[2026-08-21T04:35:16.681+0000] {spark_submit.py:571} INFO - 26/08/21 04:35:16 INFO MemoryStore: MemoryStore started with capacity 434.4 MiB
[2026-08-21T04:35:16.734+0000] {spark_submit.py:571} INFO - 26/08/21 04:35:16 INFO SparkEnv: Registering OutputCommitCoordinator
[2026-08-21T04:35:16.984+0000] {spark_submit.py:571} INFO - 26/08/21 04:35:16 INFO JettyUtils: Start Jetty 0.0.0.0:4040 for SparkUI
[2026-08-21T04:35:17.135+0000] {spark_submit.py:571} INFO - 26/08/21 04:35:17 INFO Utils: Successfully started service 'SparkUI' on port 4040.
[2026-08-21T04:35:17.583+0000] {spark_submit.py:571} INFO - 26/08/21 04:35:17 INFO StandaloneAppClient$ClientEndpoint: Connecting to master spark://spark-master:7077...
[2026-08-21T04:35:17.743+0000] {spark_submit.py:571} INFO - 26/08/21 04:35:17 INFO TransportClientFactory: Successfully created connection to spark-master/172.18.0.4:7077 after 66 ms (0 ms spent in bootstraps)
[2026-08-21T04:35:18.061+0000] {spark_submit.py:571} INFO - 26/08/21 04:35:18 INFO StandaloneSchedulerBackend: Connected to Spark cluster with app ID app-20260821043518-0022
[2026-08-21T04:35:18.080+0000] {spark_submit.py:571} INFO - 26/08/21 04:35:18 INFO Utils: Successfully started service 'org.apache.spark.network.netty.NettyBlockTransferService' on port 38241.
[2026-08-21T04:35:18.080+0000] {spark_submit.py:571} INFO - 26/08/21 04:35:18 INFO NettyBlockTransferService: Server created on c90a551abb73:38241
[2026-08-21T04:35:18.082+0000] {spark_submit.py:571} INFO - 26/08/21 04:35:18 INFO BlockManager: Using org.apache.spark.storage.RandomBlockReplicationPolicy for block replication policy
[2026-08-21T04:35:18.096+0000] {spark_submit.py:571} INFO - 26/08/21 04:35:18 INFO BlockManagerMaster: Registering BlockManager BlockManagerId(driver, c90a551abb73, 38241, None)
[2026-08-21T04:35:18.109+0000] {spark_submit.py:571} INFO - 26/08/21 04:35:18 INFO BlockManagerMasterEndpoint: Registering block manager c90a551abb73:38241 with 434.4 MiB RAM, BlockManagerId(driver, c90a551abb73, 38241, None)
[2026-08-21T04:35:18.113+0000] {spark_submit.py:571} INFO - 26/08/21 04:35:18 INFO BlockManagerMaster: Registered BlockManager BlockManagerId(driver, c90a551abb73, 38241, None)
[2026-08-21T04:35:18.114+0000] {spark_submit.py:571} INFO - 26/08/21 04:35:18 INFO BlockManager: Initialized BlockManager: BlockManagerId(driver, c90a551abb73, 38241, None)
[2026-08-21T04:35:18.670+0000] {spark_submit.py:571} INFO - 26/08/21 04:35:18 INFO StandaloneSchedulerBackend: SchedulerBackend is ready for scheduling beginning after reached minRegisteredResourcesRatio: 0.0
[2026-08-21T04:35:18.955+0000] {spark_submit.py:571} INFO - Đang nạp s3a://landingzone/202506.csv và trích xuất dữ liệu ca: 2025-06-01-02...
[2026-08-21T04:35:19.075+0000] {spark_submit.py:571} INFO - 26/08/21 04:35:19 INFO SharedState: Setting hive.metastore.warehouse.dir ('null') to the value of spark.sql.warehouse.dir.
[2026-08-21T04:35:19.085+0000] {spark_submit.py:571} INFO - 26/08/21 04:35:19 INFO SharedState: Warehouse path is 'file:/opt/***/spark-warehouse'.
[2026-08-21T04:35:20.433+0000] {spark_submit.py:571} INFO - 26/08/21 04:35:20 WARN MetricsConfig: Cannot locate configuration: tried hadoop-metrics2-s3a-file-system.properties,hadoop-metrics2.properties
[2026-08-21T04:35:20.470+0000] {spark_submit.py:571} INFO - 26/08/21 04:35:20 INFO MetricsSystemImpl: Scheduled Metric snapshot period at 10 second(s).
[2026-08-21T04:35:20.470+0000] {spark_submit.py:571} INFO - 26/08/21 04:35:20 INFO MetricsSystemImpl: s3a-file-system metrics system started
[2026-08-21T04:35:22.053+0000] {spark_submit.py:571} INFO - 26/08/21 04:35:22 INFO InMemoryFileIndex: It took 85 ms to list leaf files for 1 paths.
[2026-08-21T04:35:22.158+0000] {spark_submit.py:571} INFO - 26/08/21 04:35:22 INFO InMemoryFileIndex: It took 12 ms to list leaf files for 1 paths.
[2026-08-21T04:35:27.410+0000] {spark_submit.py:571} INFO - 26/08/21 04:35:27 INFO FileSourceStrategy: Pushed Filters:
[2026-08-21T04:35:27.418+0000] {spark_submit.py:571} INFO - 26/08/21 04:35:27 INFO FileSourceStrategy: Post-Scan Filters: (length(trim(value#0, None)) > 0)
[2026-08-21T04:35:29.424+0000] {spark_submit.py:571} INFO - 26/08/21 04:35:29 INFO CodeGenerator: Code generated in 1125.004037 ms
[2026-08-21T04:35:29.585+0000] {spark_submit.py:571} INFO - 26/08/21 04:35:29 INFO MemoryStore: Block broadcast_0 stored as values in memory (estimated size 201.8 KiB, free 434.2 MiB)
[2026-08-21T04:35:29.983+0000] {spark_submit.py:571} INFO - 26/08/21 04:35:29 INFO MemoryStore: Block broadcast_0_piece0 stored as bytes in memory (estimated size 34.9 KiB, free 434.2 MiB)
[2026-08-21T04:35:29.999+0000] {spark_submit.py:571} INFO - 26/08/21 04:35:29 INFO BlockManagerInfo: Added broadcast_0_piece0 in memory on c90a551abb73:38241 (size: 34.9 KiB, free: 434.4 MiB)
[2026-08-21T04:35:30.026+0000] {spark_submit.py:571} INFO - 26/08/21 04:35:30 INFO SparkContext: Created broadcast 0 from csv at NativeMethodAccessorImpl.java:0
[2026-08-21T04:35:30.131+0000] {spark_submit.py:571} INFO - 26/08/21 04:35:30 INFO FileSourceScanExec: Planning scan with bin packing, max size: 134217728 bytes, open cost is considered as scanning 4194304 bytes.
[2026-08-21T04:35:30.614+0000] {spark_submit.py:571} INFO - 26/08/21 04:35:30 INFO SparkContext: Starting job: csv at NativeMethodAccessorImpl.java:0
[2026-08-21T04:35:30.675+0000] {spark_submit.py:571} INFO - 26/08/21 04:35:30 INFO DAGScheduler: Got job 0 (csv at NativeMethodAccessorImpl.java:0) with 1 output partitions
[2026-08-21T04:35:30.676+0000] {spark_submit.py:571} INFO - 26/08/21 04:35:30 INFO DAGScheduler: Final stage: ResultStage 0 (csv at NativeMethodAccessorImpl.java:0)
[2026-08-21T04:35:30.684+0000] {spark_submit.py:571} INFO - 26/08/21 04:35:30 INFO DAGScheduler: Parents of final stage: List()
[2026-08-21T04:35:30.685+0000] {spark_submit.py:571} INFO - 26/08/21 04:35:30 INFO DAGScheduler: Missing parents: List()
[2026-08-21T04:35:30.703+0000] {spark_submit.py:571} INFO - 26/08/21 04:35:30 INFO DAGScheduler: Submitting ResultStage 0 (MapPartitionsRDD[3] at csv at NativeMethodAccessorImpl.java:0), which has no missing parents
[2026-08-21T04:35:31.034+0000] {spark_submit.py:571} INFO - 26/08/21 04:35:31 INFO MemoryStore: Block broadcast_1 stored as values in memory (estimated size 13.5 KiB, free 434.2 MiB)
[2026-08-21T04:35:31.094+0000] {spark_submit.py:571} INFO - 26/08/21 04:35:31 INFO MemoryStore: Block broadcast_1_piece0 stored as bytes in memory (estimated size 6.4 KiB, free 434.1 MiB)
[2026-08-21T04:35:31.101+0000] {spark_submit.py:571} INFO - 26/08/21 04:35:31 INFO BlockManagerInfo: Added broadcast_1_piece0 in memory on c90a551abb73:38241 (size: 6.4 KiB, free: 434.4 MiB)
[2026-08-21T04:35:31.108+0000] {spark_submit.py:571} INFO - 26/08/21 04:35:31 INFO SparkContext: Created broadcast 1 from broadcast at DAGScheduler.scala:1585
[2026-08-21T04:35:31.192+0000] {spark_submit.py:571} INFO - 26/08/21 04:35:31 INFO DAGScheduler: Submitting 1 missing tasks from ResultStage 0 (MapPartitionsRDD[3] at csv at NativeMethodAccessorImpl.java:0) (first 15 tasks are for partitions Vector(0))
[2026-08-21T04:35:31.194+0000] {spark_submit.py:571} INFO - 26/08/21 04:35:31 INFO TaskSchedulerImpl: Adding task set 0.0 with 1 tasks resource profile 0
[2026-08-21T04:35:46.294+0000] {spark_submit.py:571} INFO - 26/08/21 04:35:46 WARN TaskSchedulerImpl: Initial job has not accepted any resources; check your cluster UI to ensure that workers are registered and have sufficient resources
[2026-08-21T04:35:49.635+0000] {spark_submit.py:571} INFO - 26/08/21 04:35:49 INFO StandaloneAppClient$ClientEndpoint: Executor added: app-20260821043518-0022/0 on worker-20260821021253-172.18.0.6-39045 (172.18.0.6:39045) with 2 core(s)
[2026-08-21T04:35:49.636+0000] {spark_submit.py:571} INFO - 26/08/21 04:35:49 INFO StandaloneSchedulerBackend: Granted executor ID app-20260821043518-0022/0 on hostPort 172.18.0.6:39045 with 2 core(s), 1024.0 MiB RAM
[2026-08-21T04:35:49.636+0000] {spark_submit.py:571} INFO - 26/08/21 04:35:49 INFO StandaloneAppClient$ClientEndpoint: Executor added: app-20260821043518-0022/1 on worker-20260821021253-172.18.0.7-44957 (172.18.0.7:44957) with 2 core(s)
[2026-08-21T04:35:49.636+0000] {spark_submit.py:571} INFO - 26/08/21 04:35:49 INFO StandaloneSchedulerBackend: Granted executor ID app-20260821043518-0022/1 on hostPort 172.18.0.7:44957 with 2 core(s), 1024.0 MiB RAM
[2026-08-21T04:35:49.682+0000] {spark_submit.py:571} INFO - 26/08/21 04:35:49 INFO StandaloneAppClient$ClientEndpoint: Executor updated: app-20260821043518-0022/0 is now RUNNING
[2026-08-21T04:35:49.684+0000] {spark_submit.py:571} INFO - 26/08/21 04:35:49 INFO StandaloneAppClient$ClientEndpoint: Executor updated: app-20260821043518-0022/1 is now RUNNING
[2026-08-21T04:35:54.627+0000] {spark_submit.py:571} INFO - 26/08/21 04:35:54 INFO StandaloneSchedulerBackend$StandaloneDriverEndpoint: Registered executor NettyRpcEndpointRef(spark-client://Executor) (172.18.0.6:35490) with ID 0,  ResourceProfileId 0
[2026-08-21T04:35:54.658+0000] {spark_submit.py:571} INFO - 26/08/21 04:35:54 INFO StandaloneSchedulerBackend$StandaloneDriverEndpoint: Registered executor NettyRpcEndpointRef(spark-client://Executor) (172.18.0.7:42716) with ID 1,  ResourceProfileId 0
[2026-08-21T04:35:54.790+0000] {spark_submit.py:571} INFO - 26/08/21 04:35:54 INFO BlockManagerMasterEndpoint: Registering block manager 172.18.0.6:45987 with 434.4 MiB RAM, BlockManagerId(0, 172.18.0.6, 45987, None)
[2026-08-21T04:35:54.829+0000] {spark_submit.py:571} INFO - 26/08/21 04:35:54 INFO BlockManagerMasterEndpoint: Registering block manager 172.18.0.7:39393 with 434.4 MiB RAM, BlockManagerId(1, 172.18.0.7, 39393, None)
[2026-08-21T04:35:54.982+0000] {spark_submit.py:571} INFO - 26/08/21 04:35:54 INFO TaskSetManager: Starting task 0.0 in stage 0.0 (TID 0) (172.18.0.6, executor 0, partition 0, PROCESS_LOCAL, 8210 bytes)
[2026-08-21T04:35:55.258+0000] {spark_submit.py:571} INFO - 26/08/21 04:35:55 INFO BlockManagerInfo: Added broadcast_1_piece0 in memory on 172.18.0.6:45987 (size: 6.4 KiB, free: 434.4 MiB)
[2026-08-21T04:35:56.402+0000] {spark_submit.py:571} INFO - 26/08/21 04:35:56 INFO BlockManagerInfo: Added broadcast_0_piece0 in memory on 172.18.0.6:45987 (size: 34.9 KiB, free: 434.4 MiB)
[2026-08-21T04:35:58.049+0000] {spark_submit.py:571} INFO - 26/08/21 04:35:58 INFO TaskSetManager: Finished task 0.0 in stage 0.0 (TID 0) in 3075 ms on 172.18.0.6 (executor 0) (1/1)
[2026-08-21T04:35:58.052+0000] {spark_submit.py:571} INFO - 26/08/21 04:35:58 INFO TaskSchedulerImpl: Removed TaskSet 0.0, whose tasks have all completed, from pool
[2026-08-21T04:35:58.066+0000] {spark_submit.py:571} INFO - 26/08/21 04:35:58 INFO DAGScheduler: ResultStage 0 (csv at NativeMethodAccessorImpl.java:0) finished in 27.304 s
[2026-08-21T04:35:58.075+0000] {spark_submit.py:571} INFO - 26/08/21 04:35:58 INFO DAGScheduler: Job 0 is finished. Cancelling potential speculative or zombie tasks for this job
[2026-08-21T04:35:58.076+0000] {spark_submit.py:571} INFO - 26/08/21 04:35:58 INFO TaskSchedulerImpl: Killing all running tasks in stage 0: Stage finished
[2026-08-21T04:35:58.079+0000] {spark_submit.py:571} INFO - 26/08/21 04:35:58 INFO DAGScheduler: Job 0 finished: csv at NativeMethodAccessorImpl.java:0, took 27.464629 s
[2026-08-21T04:35:58.150+0000] {spark_submit.py:571} INFO - 26/08/21 04:35:58 INFO CodeGenerator: Code generated in 36.771154 ms
[2026-08-21T04:35:58.277+0000] {spark_submit.py:571} INFO - 26/08/21 04:35:58 INFO BlockManagerInfo: Removed broadcast_1_piece0 on 172.18.0.6:45987 in memory (size: 6.4 KiB, free: 434.4 MiB)
[2026-08-21T04:35:58.279+0000] {spark_submit.py:571} INFO - 26/08/21 04:35:58 INFO FileSourceStrategy: Pushed Filters:
[2026-08-21T04:35:58.282+0000] {spark_submit.py:571} INFO - 26/08/21 04:35:58 INFO FileSourceStrategy: Post-Scan Filters:
[2026-08-21T04:35:58.292+0000] {spark_submit.py:571} INFO - 26/08/21 04:35:58 INFO MemoryStore: Block broadcast_2 stored as values in memory (estimated size 201.8 KiB, free 434.0 MiB)
[2026-08-21T04:35:58.293+0000] {spark_submit.py:571} INFO - 26/08/21 04:35:58 INFO BlockManagerInfo: Removed broadcast_1_piece0 on c90a551abb73:38241 in memory (size: 6.4 KiB, free: 434.4 MiB)
[2026-08-21T04:35:58.330+0000] {spark_submit.py:571} INFO - 26/08/21 04:35:58 INFO MemoryStore: Block broadcast_2_piece0 stored as bytes in memory (estimated size 34.9 KiB, free 433.9 MiB)
[2026-08-21T04:35:58.332+0000] {spark_submit.py:571} INFO - 26/08/21 04:35:58 INFO BlockManagerInfo: Removed broadcast_0_piece0 on c90a551abb73:38241 in memory (size: 34.9 KiB, free: 434.4 MiB)
[2026-08-21T04:35:58.333+0000] {spark_submit.py:571} INFO - 26/08/21 04:35:58 INFO BlockManagerInfo: Removed broadcast_0_piece0 on 172.18.0.6:45987 in memory (size: 34.9 KiB, free: 434.4 MiB)
[2026-08-21T04:35:58.336+0000] {spark_submit.py:571} INFO - 26/08/21 04:35:58 INFO BlockManagerInfo: Added broadcast_2_piece0 in memory on c90a551abb73:38241 (size: 34.9 KiB, free: 434.4 MiB)
[2026-08-21T04:35:58.338+0000] {spark_submit.py:571} INFO - 26/08/21 04:35:58 INFO SparkContext: Created broadcast 2 from csv at NativeMethodAccessorImpl.java:0
[2026-08-21T04:35:58.339+0000] {spark_submit.py:571} INFO - 26/08/21 04:35:58 INFO FileSourceScanExec: Planning scan with bin packing, max size: 134217728 bytes, open cost is considered as scanning 4194304 bytes.
[2026-08-21T04:35:58.441+0000] {spark_submit.py:571} INFO - 26/08/21 04:35:58 INFO SparkContext: Starting job: csv at NativeMethodAccessorImpl.java:0
[2026-08-21T04:35:58.443+0000] {spark_submit.py:571} INFO - 26/08/21 04:35:58 INFO DAGScheduler: Got job 1 (csv at NativeMethodAccessorImpl.java:0) with 7 output partitions
[2026-08-21T04:35:58.444+0000] {spark_submit.py:571} INFO - 26/08/21 04:35:58 INFO DAGScheduler: Final stage: ResultStage 1 (csv at NativeMethodAccessorImpl.java:0)
[2026-08-21T04:35:58.444+0000] {spark_submit.py:571} INFO - 26/08/21 04:35:58 INFO DAGScheduler: Parents of final stage: List()
[2026-08-21T04:35:58.449+0000] {spark_submit.py:571} INFO - 26/08/21 04:35:58 INFO DAGScheduler: Missing parents: List()
[2026-08-21T04:35:58.450+0000] {spark_submit.py:571} INFO - 26/08/21 04:35:58 INFO DAGScheduler: Submitting ResultStage 1 (MapPartitionsRDD[9] at csv at NativeMethodAccessorImpl.java:0), which has no missing parents
[2026-08-21T04:35:58.497+0000] {spark_submit.py:571} INFO - 26/08/21 04:35:58 INFO MemoryStore: Block broadcast_3 stored as values in memory (estimated size 28.4 KiB, free 434.1 MiB)
[2026-08-21T04:35:58.507+0000] {spark_submit.py:571} INFO - 26/08/21 04:35:58 INFO MemoryStore: Block broadcast_3_piece0 stored as bytes in memory (estimated size 13.1 KiB, free 434.1 MiB)
[2026-08-21T04:35:58.508+0000] {spark_submit.py:571} INFO - 26/08/21 04:35:58 INFO BlockManagerInfo: Added broadcast_3_piece0 in memory on c90a551abb73:38241 (size: 13.1 KiB, free: 434.4 MiB)
[2026-08-21T04:35:58.511+0000] {spark_submit.py:571} INFO - 26/08/21 04:35:58 INFO SparkContext: Created broadcast 3 from broadcast at DAGScheduler.scala:1585
[2026-08-21T04:35:58.512+0000] {spark_submit.py:571} INFO - 26/08/21 04:35:58 INFO DAGScheduler: Submitting 7 missing tasks from ResultStage 1 (MapPartitionsRDD[9] at csv at NativeMethodAccessorImpl.java:0) (first 15 tasks are for partitions Vector(0, 1, 2, 3, 4, 5, 6))
[2026-08-21T04:35:58.513+0000] {spark_submit.py:571} INFO - 26/08/21 04:35:58 INFO TaskSchedulerImpl: Adding task set 1.0 with 7 tasks resource profile 0
[2026-08-21T04:35:58.518+0000] {spark_submit.py:571} INFO - 26/08/21 04:35:58 INFO TaskSetManager: Starting task 0.0 in stage 1.0 (TID 1) (172.18.0.6, executor 0, partition 0, PROCESS_LOCAL, 8210 bytes)
[2026-08-21T04:35:58.518+0000] {spark_submit.py:571} INFO - 26/08/21 04:35:58 INFO TaskSetManager: Starting task 1.0 in stage 1.0 (TID 2) (172.18.0.7, executor 1, partition 1, PROCESS_LOCAL, 8210 bytes)
[2026-08-21T04:35:58.519+0000] {spark_submit.py:571} INFO - 26/08/21 04:35:58 INFO TaskSetManager: Starting task 2.0 in stage 1.0 (TID 3) (172.18.0.6, executor 0, partition 2, PROCESS_LOCAL, 8210 bytes)
[2026-08-21T04:35:58.519+0000] {spark_submit.py:571} INFO - 26/08/21 04:35:58 INFO TaskSetManager: Starting task 3.0 in stage 1.0 (TID 4) (172.18.0.7, executor 1, partition 3, PROCESS_LOCAL, 8210 bytes)
[2026-08-21T04:35:58.584+0000] {spark_submit.py:571} INFO - 26/08/21 04:35:58 INFO BlockManagerInfo: Added broadcast_3_piece0 in memory on 172.18.0.6:45987 (size: 13.1 KiB, free: 434.4 MiB)
[2026-08-21T04:35:58.954+0000] {spark_submit.py:571} INFO - 26/08/21 04:35:58 INFO BlockManagerInfo: Added broadcast_3_piece0 in memory on 172.18.0.7:39393 (size: 13.1 KiB, free: 434.4 MiB)
[2026-08-21T04:36:01.282+0000] {spark_submit.py:571} INFO - 26/08/21 04:36:01 INFO BlockManagerInfo: Added broadcast_2_piece0 in memory on 172.18.0.6:45987 (size: 34.9 KiB, free: 434.4 MiB)
[2026-08-21T04:36:03.886+0000] {spark_submit.py:571} INFO - 26/08/21 04:36:03 INFO BlockManagerInfo: Added broadcast_2_piece0 in memory on 172.18.0.7:39393 (size: 34.9 KiB, free: 434.4 MiB)
[2026-08-21T04:36:08.905+0000] {spark_submit.py:571} INFO - 26/08/21 04:36:08 INFO TaskSetManager: Starting task 4.0 in stage 1.0 (TID 5) (172.18.0.6, executor 0, partition 4, PROCESS_LOCAL, 8210 bytes)
[2026-08-21T04:36:08.922+0000] {spark_submit.py:571} INFO - 26/08/21 04:36:08 INFO TaskSetManager: Finished task 0.0 in stage 1.0 (TID 1) in 10399 ms on 172.18.0.6 (executor 0) (1/7)
[2026-08-21T04:36:08.943+0000] {spark_submit.py:571} INFO - 26/08/21 04:36:08 INFO TaskSetManager: Starting task 5.0 in stage 1.0 (TID 6) (172.18.0.6, executor 0, partition 5, PROCESS_LOCAL, 8210 bytes)
[2026-08-21T04:36:08.947+0000] {spark_submit.py:571} INFO - 26/08/21 04:36:08 INFO TaskSetManager: Finished task 2.0 in stage 1.0 (TID 3) in 10427 ms on 172.18.0.6 (executor 0) (2/7)
[2026-08-21T04:36:14.111+0000] {spark_submit.py:571} INFO - 26/08/21 04:36:14 INFO TaskSetManager: Starting task 6.0 in stage 1.0 (TID 7) (172.18.0.6, executor 0, partition 6, PROCESS_LOCAL, 8210 bytes)
[2026-08-21T04:36:14.125+0000] {spark_submit.py:571} INFO - 26/08/21 04:36:14 INFO TaskSetManager: Finished task 4.0 in stage 1.0 (TID 5) in 5218 ms on 172.18.0.6 (executor 0) (3/7)
[2026-08-21T04:36:14.261+0000] {spark_submit.py:571} INFO - 26/08/21 04:36:14 INFO TaskSetManager: Finished task 5.0 in stage 1.0 (TID 6) in 5326 ms on 172.18.0.6 (executor 0) (4/7)
[2026-08-21T04:36:14.836+0000] {spark_submit.py:571} INFO - 26/08/21 04:36:14 INFO TaskSetManager: Finished task 3.0 in stage 1.0 (TID 4) in 16318 ms on 172.18.0.7 (executor 1) (5/7)
[2026-08-21T04:36:14.837+0000] {spark_submit.py:571} INFO - 26/08/21 04:36:14 INFO TaskSetManager: Finished task 1.0 in stage 1.0 (TID 2) in 16321 ms on 172.18.0.7 (executor 1) (6/7)
[2026-08-21T04:36:15.994+0000] {spark_submit.py:571} INFO - 26/08/21 04:36:15 INFO TaskSetManager: Finished task 6.0 in stage 1.0 (TID 7) in 1882 ms on 172.18.0.6 (executor 0) (7/7)
[2026-08-21T04:36:15.995+0000] {spark_submit.py:571} INFO - 26/08/21 04:36:15 INFO TaskSchedulerImpl: Removed TaskSet 1.0, whose tasks have all completed, from pool
[2026-08-21T04:36:15.997+0000] {spark_submit.py:571} INFO - 26/08/21 04:36:15 INFO DAGScheduler: ResultStage 1 (csv at NativeMethodAccessorImpl.java:0) finished in 17.542 s
[2026-08-21T04:36:15.997+0000] {spark_submit.py:571} INFO - 26/08/21 04:36:15 INFO DAGScheduler: Job 1 is finished. Cancelling potential speculative or zombie tasks for this job
[2026-08-21T04:36:15.998+0000] {spark_submit.py:571} INFO - 26/08/21 04:36:15 INFO TaskSchedulerImpl: Killing all running tasks in stage 1: Stage finished
[2026-08-21T04:36:15.998+0000] {spark_submit.py:571} INFO - 26/08/21 04:36:15 INFO DAGScheduler: Job 1 finished: csv at NativeMethodAccessorImpl.java:0, took 17.557595 s
[2026-08-21T04:36:16.403+0000] {spark_submit.py:571} INFO - 26/08/21 04:36:16 INFO FileSourceStrategy: Pushed Filters: IsNotNull(date_hour)
[2026-08-21T04:36:16.403+0000] {spark_submit.py:571} INFO - 26/08/21 04:36:16 INFO FileSourceStrategy: Post-Scan Filters: isnotnull(date_hour#19),(regexp_replace(date_hour#19, ", , 1) = 2025-06-01-02)
[2026-08-21T04:36:16.518+0000] {spark_submit.py:571} INFO - 26/08/21 04:36:16 INFO CodeGenerator: Code generated in 32.600039 ms
[2026-08-21T04:36:16.523+0000] {spark_submit.py:571} INFO - 26/08/21 04:36:16 INFO MemoryStore: Block broadcast_4 stored as values in memory (estimated size 201.7 KiB, free 433.9 MiB)
[2026-08-21T04:36:16.544+0000] {spark_submit.py:571} INFO - 26/08/21 04:36:16 INFO MemoryStore: Block broadcast_4_piece0 stored as bytes in memory (estimated size 34.9 KiB, free 433.9 MiB)
[2026-08-21T04:36:16.551+0000] {spark_submit.py:571} INFO - 26/08/21 04:36:16 INFO BlockManagerInfo: Added broadcast_4_piece0 in memory on c90a551abb73:38241 (size: 34.9 KiB, free: 434.3 MiB)
[2026-08-21T04:36:16.552+0000] {spark_submit.py:571} INFO - 26/08/21 04:36:16 INFO BlockManagerInfo: Removed broadcast_3_piece0 on c90a551abb73:38241 in memory (size: 13.1 KiB, free: 434.3 MiB)
[2026-08-21T04:36:16.552+0000] {spark_submit.py:571} INFO - 26/08/21 04:36:16 INFO SparkContext: Created broadcast 4 from count at NativeMethodAccessorImpl.java:0
[2026-08-21T04:36:16.557+0000] {spark_submit.py:571} INFO - 26/08/21 04:36:16 INFO BlockManagerInfo: Removed broadcast_3_piece0 on 172.18.0.6:45987 in memory (size: 13.1 KiB, free: 434.4 MiB)
[2026-08-21T04:36:16.558+0000] {spark_submit.py:571} INFO - 26/08/21 04:36:16 INFO FileSourceScanExec: Planning scan with bin packing, max size: 134217728 bytes, open cost is considered as scanning 4194304 bytes.
[2026-08-21T04:36:16.562+0000] {spark_submit.py:571} INFO - 26/08/21 04:36:16 INFO BlockManagerInfo: Removed broadcast_3_piece0 on 172.18.0.7:39393 in memory (size: 13.1 KiB, free: 434.4 MiB)
[2026-08-21T04:36:16.578+0000] {spark_submit.py:571} INFO - 26/08/21 04:36:16 INFO DAGScheduler: Registering RDD 13 (count at NativeMethodAccessorImpl.java:0) as input to shuffle 0
[2026-08-21T04:36:16.582+0000] {spark_submit.py:571} INFO - 26/08/21 04:36:16 INFO DAGScheduler: Got map stage job 2 (count at NativeMethodAccessorImpl.java:0) with 7 output partitions
[2026-08-21T04:36:16.586+0000] {spark_submit.py:571} INFO - 26/08/21 04:36:16 INFO DAGScheduler: Final stage: ShuffleMapStage 2 (count at NativeMethodAccessorImpl.java:0)
[2026-08-21T04:36:16.586+0000] {spark_submit.py:571} INFO - 26/08/21 04:36:16 INFO DAGScheduler: Parents of final stage: List()
[2026-08-21T04:36:16.587+0000] {spark_submit.py:571} INFO - 26/08/21 04:36:16 INFO DAGScheduler: Missing parents: List()
[2026-08-21T04:36:16.587+0000] {spark_submit.py:571} INFO - 26/08/21 04:36:16 INFO DAGScheduler: Submitting ShuffleMapStage 2 (MapPartitionsRDD[13] at count at NativeMethodAccessorImpl.java:0), which has no missing parents
[2026-08-21T04:36:16.598+0000] {spark_submit.py:571} INFO - 26/08/21 04:36:16 INFO MemoryStore: Block broadcast_5 stored as values in memory (estimated size 21.0 KiB, free 433.9 MiB)
[2026-08-21T04:36:16.600+0000] {spark_submit.py:571} INFO - 26/08/21 04:36:16 INFO MemoryStore: Block broadcast_5_piece0 stored as bytes in memory (estimated size 10.1 KiB, free 433.9 MiB)
[2026-08-21T04:36:16.601+0000] {spark_submit.py:571} INFO - 26/08/21 04:36:16 INFO BlockManagerInfo: Added broadcast_5_piece0 in memory on c90a551abb73:38241 (size: 10.1 KiB, free: 434.3 MiB)
[2026-08-21T04:36:16.601+0000] {spark_submit.py:571} INFO - 26/08/21 04:36:16 INFO SparkContext: Created broadcast 5 from broadcast at DAGScheduler.scala:1585
[2026-08-21T04:36:16.603+0000] {spark_submit.py:571} INFO - 26/08/21 04:36:16 INFO DAGScheduler: Submitting 7 missing tasks from ShuffleMapStage 2 (MapPartitionsRDD[13] at count at NativeMethodAccessorImpl.java:0) (first 15 tasks are for partitions Vector(0, 1, 2, 3, 4, 5, 6))
[2026-08-21T04:36:16.604+0000] {spark_submit.py:571} INFO - 26/08/21 04:36:16 INFO TaskSchedulerImpl: Adding task set 2.0 with 7 tasks resource profile 0
[2026-08-21T04:36:16.617+0000] {spark_submit.py:571} INFO - 26/08/21 04:36:16 INFO TaskSetManager: Starting task 0.0 in stage 2.0 (TID 8) (172.18.0.7, executor 1, partition 0, PROCESS_LOCAL, 8199 bytes)
[2026-08-21T04:36:16.618+0000] {spark_submit.py:571} INFO - 26/08/21 04:36:16 INFO TaskSetManager: Starting task 1.0 in stage 2.0 (TID 9) (172.18.0.6, executor 0, partition 1, PROCESS_LOCAL, 8199 bytes)
[2026-08-21T04:36:16.619+0000] {spark_submit.py:571} INFO - 26/08/21 04:36:16 INFO TaskSetManager: Starting task 2.0 in stage 2.0 (TID 10) (172.18.0.7, executor 1, partition 2, PROCESS_LOCAL, 8199 bytes)
[2026-08-21T04:36:16.619+0000] {spark_submit.py:571} INFO - 26/08/21 04:36:16 INFO TaskSetManager: Starting task 3.0 in stage 2.0 (TID 11) (172.18.0.6, executor 0, partition 3, PROCESS_LOCAL, 8199 bytes)
[2026-08-21T04:36:16.686+0000] {spark_submit.py:571} INFO - 26/08/21 04:36:16 INFO BlockManagerInfo: Added broadcast_5_piece0 in memory on 172.18.0.6:45987 (size: 10.1 KiB, free: 434.4 MiB)
[2026-08-21T04:36:16.699+0000] {spark_submit.py:571} INFO - 26/08/21 04:36:16 INFO BlockManagerInfo: Added broadcast_5_piece0 in memory on 172.18.0.7:39393 (size: 10.1 KiB, free: 434.4 MiB)
[2026-08-21T04:36:16.877+0000] {spark_submit.py:571} INFO - 26/08/21 04:36:16 INFO BlockManagerInfo: Added broadcast_4_piece0 in memory on 172.18.0.7:39393 (size: 34.9 KiB, free: 434.3 MiB)
[2026-08-21T04:36:16.888+0000] {spark_submit.py:571} INFO - 26/08/21 04:36:16 INFO BlockManagerInfo: Added broadcast_4_piece0 in memory on 172.18.0.6:45987 (size: 34.9 KiB, free: 434.3 MiB)
[2026-08-21T04:36:20.000+0000] {spark_submit.py:571} INFO - 26/08/21 04:36:19 INFO TaskSetManager: Starting task 4.0 in stage 2.0 (TID 12) (172.18.0.6, executor 0, partition 4, PROCESS_LOCAL, 8199 bytes)
[2026-08-21T04:36:20.001+0000] {spark_submit.py:571} INFO - 26/08/21 04:36:19 INFO TaskSetManager: Finished task 3.0 in stage 2.0 (TID 11) in 3381 ms on 172.18.0.6 (executor 0) (1/7)
[2026-08-21T04:36:20.010+0000] {spark_submit.py:571} INFO - 26/08/21 04:36:20 INFO TaskSetManager: Starting task 5.0 in stage 2.0 (TID 13) (172.18.0.7, executor 1, partition 5, PROCESS_LOCAL, 8199 bytes)
[2026-08-21T04:36:20.013+0000] {spark_submit.py:571} INFO - 26/08/21 04:36:20 INFO TaskSetManager: Finished task 0.0 in stage 2.0 (TID 8) in 3396 ms on 172.18.0.7 (executor 1) (2/7)
[2026-08-21T04:36:20.290+0000] {spark_submit.py:571} INFO - 26/08/21 04:36:20 INFO TaskSetManager: Starting task 6.0 in stage 2.0 (TID 14) (172.18.0.7, executor 1, partition 6, PROCESS_LOCAL, 8199 bytes)
[2026-08-21T04:36:20.294+0000] {spark_submit.py:571} INFO - 26/08/21 04:36:20 INFO TaskSetManager: Finished task 2.0 in stage 2.0 (TID 10) in 3676 ms on 172.18.0.7 (executor 1) (3/7)
[2026-08-21T04:36:20.316+0000] {spark_submit.py:571} INFO - 26/08/21 04:36:20 INFO TaskSetManager: Finished task 1.0 in stage 2.0 (TID 9) in 3699 ms on 172.18.0.6 (executor 0) (4/7)
[2026-08-21T04:36:21.810+0000] {spark_submit.py:571} INFO - 26/08/21 04:36:21 INFO TaskSetManager: Finished task 5.0 in stage 2.0 (TID 13) in 1800 ms on 172.18.0.7 (executor 1) (5/7)
[2026-08-21T04:36:21.826+0000] {spark_submit.py:571} INFO - 26/08/21 04:36:21 INFO TaskSetManager: Finished task 4.0 in stage 2.0 (TID 12) in 1836 ms on 172.18.0.6 (executor 0) (6/7)
[2026-08-21T04:36:21.929+0000] {spark_submit.py:571} INFO - 26/08/21 04:36:21 INFO TaskSetManager: Finished task 6.0 in stage 2.0 (TID 14) in 1639 ms on 172.18.0.7 (executor 1) (7/7)
[2026-08-21T04:36:21.929+0000] {spark_submit.py:571} INFO - 26/08/21 04:36:21 INFO TaskSchedulerImpl: Removed TaskSet 2.0, whose tasks have all completed, from pool
[2026-08-21T04:36:21.929+0000] {spark_submit.py:571} INFO - 26/08/21 04:36:21 INFO DAGScheduler: ShuffleMapStage 2 (count at NativeMethodAccessorImpl.java:0) finished in 5.341 s
[2026-08-21T04:36:21.930+0000] {spark_submit.py:571} INFO - 26/08/21 04:36:21 INFO DAGScheduler: looking for newly runnable stages
[2026-08-21T04:36:21.930+0000] {spark_submit.py:571} INFO - 26/08/21 04:36:21 INFO DAGScheduler: running: Set()
[2026-08-21T04:36:21.931+0000] {spark_submit.py:571} INFO - 26/08/21 04:36:21 INFO DAGScheduler: waiting: Set()
[2026-08-21T04:36:21.931+0000] {spark_submit.py:571} INFO - 26/08/21 04:36:21 INFO DAGScheduler: failed: Set()
[2026-08-21T04:36:21.967+0000] {spark_submit.py:571} INFO - 26/08/21 04:36:21 INFO CodeGenerator: Code generated in 13.654743 ms
[2026-08-21T04:36:21.986+0000] {spark_submit.py:571} INFO - 26/08/21 04:36:21 INFO SparkContext: Starting job: count at NativeMethodAccessorImpl.java:0
[2026-08-21T04:36:21.988+0000] {spark_submit.py:571} INFO - 26/08/21 04:36:21 INFO DAGScheduler: Got job 3 (count at NativeMethodAccessorImpl.java:0) with 1 output partitions
[2026-08-21T04:36:21.988+0000] {spark_submit.py:571} INFO - 26/08/21 04:36:21 INFO DAGScheduler: Final stage: ResultStage 4 (count at NativeMethodAccessorImpl.java:0)
[2026-08-21T04:36:21.989+0000] {spark_submit.py:571} INFO - 26/08/21 04:36:21 INFO DAGScheduler: Parents of final stage: List(ShuffleMapStage 3)
[2026-08-21T04:36:21.989+0000] {spark_submit.py:571} INFO - 26/08/21 04:36:21 INFO DAGScheduler: Missing parents: List()
[2026-08-21T04:36:21.989+0000] {spark_submit.py:571} INFO - 26/08/21 04:36:21 INFO DAGScheduler: Submitting ResultStage 4 (MapPartitionsRDD[16] at count at NativeMethodAccessorImpl.java:0), which has no missing parents
[2026-08-21T04:36:21.999+0000] {spark_submit.py:571} INFO - 26/08/21 04:36:21 INFO MemoryStore: Block broadcast_6 stored as values in memory (estimated size 12.5 KiB, free 433.9 MiB)
[2026-08-21T04:36:22.015+0000] {spark_submit.py:571} INFO - 26/08/21 04:36:22 INFO MemoryStore: Block broadcast_6_piece0 stored as bytes in memory (estimated size 5.9 KiB, free 433.9 MiB)
[2026-08-21T04:36:22.015+0000] {spark_submit.py:571} INFO - 26/08/21 04:36:22 INFO BlockManagerInfo: Added broadcast_6_piece0 in memory on c90a551abb73:38241 (size: 5.9 KiB, free: 434.3 MiB)
[2026-08-21T04:36:22.025+0000] {spark_submit.py:571} INFO - 26/08/21 04:36:22 INFO BlockManagerInfo: Removed broadcast_5_piece0 on c90a551abb73:38241 in memory (size: 10.1 KiB, free: 434.3 MiB)
[2026-08-21T04:36:22.026+0000] {spark_submit.py:571} INFO - 26/08/21 04:36:22 INFO BlockManagerInfo: Removed broadcast_5_piece0 on 172.18.0.6:45987 in memory (size: 10.1 KiB, free: 434.3 MiB)
[2026-08-21T04:36:22.026+0000] {spark_submit.py:571} INFO - 26/08/21 04:36:22 INFO BlockManagerInfo: Removed broadcast_5_piece0 on 172.18.0.7:39393 in memory (size: 10.1 KiB, free: 434.3 MiB)
[2026-08-21T04:36:22.026+0000] {spark_submit.py:571} INFO - 26/08/21 04:36:22 INFO SparkContext: Created broadcast 6 from broadcast at DAGScheduler.scala:1585
[2026-08-21T04:36:22.032+0000] {spark_submit.py:571} INFO - 26/08/21 04:36:22 INFO DAGScheduler: Submitting 1 missing tasks from ResultStage 4 (MapPartitionsRDD[16] at count at NativeMethodAccessorImpl.java:0) (first 15 tasks are for partitions Vector(0))
[2026-08-21T04:36:22.033+0000] {spark_submit.py:571} INFO - 26/08/21 04:36:22 INFO TaskSchedulerImpl: Adding task set 4.0 with 1 tasks resource profile 0
[2026-08-21T04:36:22.038+0000] {spark_submit.py:571} INFO - 26/08/21 04:36:22 INFO TaskSetManager: Starting task 0.0 in stage 4.0 (TID 15) (172.18.0.6, executor 0, partition 0, NODE_LOCAL, 7619 bytes)
[2026-08-21T04:36:22.089+0000] {spark_submit.py:571} INFO - 26/08/21 04:36:22 INFO BlockManagerInfo: Added broadcast_6_piece0 in memory on 172.18.0.6:45987 (size: 5.9 KiB, free: 434.3 MiB)
[2026-08-21T04:36:22.128+0000] {spark_submit.py:571} INFO - 26/08/21 04:36:22 INFO MapOutputTrackerMasterEndpoint: Asked to send map output locations for shuffle 0 to 172.18.0.6:35490
[2026-08-21T04:36:22.283+0000] {spark_submit.py:571} INFO - 26/08/21 04:36:22 INFO TaskSetManager: Finished task 0.0 in stage 4.0 (TID 15) in 246 ms on 172.18.0.6 (executor 0) (1/1)
[2026-08-21T04:36:22.283+0000] {spark_submit.py:571} INFO - 26/08/21 04:36:22 INFO TaskSchedulerImpl: Removed TaskSet 4.0, whose tasks have all completed, from pool
[2026-08-21T04:36:22.286+0000] {spark_submit.py:571} INFO - 26/08/21 04:36:22 INFO DAGScheduler: ResultStage 4 (count at NativeMethodAccessorImpl.java:0) finished in 0.288 s
[2026-08-21T04:36:22.286+0000] {spark_submit.py:571} INFO - 26/08/21 04:36:22 INFO DAGScheduler: Job 3 is finished. Cancelling potential speculative or zombie tasks for this job
[2026-08-21T04:36:22.287+0000] {spark_submit.py:571} INFO - 26/08/21 04:36:22 INFO TaskSchedulerImpl: Killing all running tasks in stage 4: Stage finished
[2026-08-21T04:36:22.287+0000] {spark_submit.py:571} INFO - 26/08/21 04:36:22 INFO DAGScheduler: Job 3 finished: count at NativeMethodAccessorImpl.java:0, took 0.299746 s
[2026-08-21T04:36:22.374+0000] {spark_submit.py:571} INFO - 26/08/21 04:36:22 INFO FileSourceStrategy: Pushed Filters: IsNotNull(date_hour)
[2026-08-21T04:36:22.375+0000] {spark_submit.py:571} INFO - 26/08/21 04:36:22 INFO FileSourceStrategy: Post-Scan Filters: isnotnull(date_hour#19),(regexp_replace(date_hour#19, ", , 1) = 2025-06-01-02)
[2026-08-21T04:36:22.394+0000] {spark_submit.py:571} INFO - 26/08/21 04:36:22 INFO MemoryStore: Block broadcast_7 stored as values in memory (estimated size 201.7 KiB, free 433.7 MiB)
[2026-08-21T04:36:22.416+0000] {spark_submit.py:571} INFO - 26/08/21 04:36:22 INFO MemoryStore: Block broadcast_7_piece0 stored as bytes in memory (estimated size 34.9 KiB, free 433.7 MiB)
[2026-08-21T04:36:22.420+0000] {spark_submit.py:571} INFO - 26/08/21 04:36:22 INFO BlockManagerInfo: Removed broadcast_6_piece0 on c90a551abb73:38241 in memory (size: 5.9 KiB, free: 434.3 MiB)
[2026-08-21T04:36:22.421+0000] {spark_submit.py:571} INFO - 26/08/21 04:36:22 INFO BlockManagerInfo: Added broadcast_7_piece0 in memory on c90a551abb73:38241 (size: 34.9 KiB, free: 434.3 MiB)
[2026-08-21T04:36:22.423+0000] {spark_submit.py:571} INFO - 26/08/21 04:36:22 INFO SparkContext: Created broadcast 7 from count at NativeMethodAccessorImpl.java:0
[2026-08-21T04:36:22.424+0000] {spark_submit.py:571} INFO - 26/08/21 04:36:22 INFO BlockManagerInfo: Removed broadcast_6_piece0 on 172.18.0.6:45987 in memory (size: 5.9 KiB, free: 434.3 MiB)
[2026-08-21T04:36:22.426+0000] {spark_submit.py:571} INFO - 26/08/21 04:36:22 INFO FileSourceScanExec: Planning scan with bin packing, max size: 134217728 bytes, open cost is considered as scanning 4194304 bytes.
[2026-08-21T04:36:22.452+0000] {spark_submit.py:571} INFO - 26/08/21 04:36:22 INFO DAGScheduler: Registering RDD 20 (count at NativeMethodAccessorImpl.java:0) as input to shuffle 1
[2026-08-21T04:36:22.454+0000] {spark_submit.py:571} INFO - 26/08/21 04:36:22 INFO DAGScheduler: Got map stage job 4 (count at NativeMethodAccessorImpl.java:0) with 7 output partitions
[2026-08-21T04:36:22.454+0000] {spark_submit.py:571} INFO - 26/08/21 04:36:22 INFO DAGScheduler: Final stage: ShuffleMapStage 5 (count at NativeMethodAccessorImpl.java:0)
[2026-08-21T04:36:22.454+0000] {spark_submit.py:571} INFO - 26/08/21 04:36:22 INFO DAGScheduler: Parents of final stage: List()
[2026-08-21T04:36:22.454+0000] {spark_submit.py:571} INFO - 26/08/21 04:36:22 INFO DAGScheduler: Missing parents: List()
[2026-08-21T04:36:22.456+0000] {spark_submit.py:571} INFO - 26/08/21 04:36:22 INFO DAGScheduler: Submitting ShuffleMapStage 5 (MapPartitionsRDD[20] at count at NativeMethodAccessorImpl.java:0), which has no missing parents
[2026-08-21T04:36:22.461+0000] {spark_submit.py:571} INFO - 26/08/21 04:36:22 INFO MemoryStore: Block broadcast_8 stored as values in memory (estimated size 21.0 KiB, free 433.7 MiB)
[2026-08-21T04:36:22.462+0000] {spark_submit.py:571} INFO - 26/08/21 04:36:22 INFO MemoryStore: Block broadcast_8_piece0 stored as bytes in memory (estimated size 10.1 KiB, free 433.7 MiB)
[2026-08-21T04:36:22.465+0000] {spark_submit.py:571} INFO - 26/08/21 04:36:22 INFO BlockManagerInfo: Added broadcast_8_piece0 in memory on c90a551abb73:38241 (size: 10.1 KiB, free: 434.3 MiB)
[2026-08-21T04:36:22.466+0000] {spark_submit.py:571} INFO - 26/08/21 04:36:22 INFO SparkContext: Created broadcast 8 from broadcast at DAGScheduler.scala:1585
[2026-08-21T04:36:22.467+0000] {spark_submit.py:571} INFO - 26/08/21 04:36:22 INFO DAGScheduler: Submitting 7 missing tasks from ShuffleMapStage 5 (MapPartitionsRDD[20] at count at NativeMethodAccessorImpl.java:0) (first 15 tasks are for partitions Vector(0, 1, 2, 3, 4, 5, 6))
[2026-08-21T04:36:22.468+0000] {spark_submit.py:571} INFO - 26/08/21 04:36:22 INFO TaskSchedulerImpl: Adding task set 5.0 with 7 tasks resource profile 0
[2026-08-21T04:36:22.469+0000] {spark_submit.py:571} INFO - 26/08/21 04:36:22 INFO TaskSetManager: Starting task 0.0 in stage 5.0 (TID 16) (172.18.0.6, executor 0, partition 0, PROCESS_LOCAL, 8199 bytes)
[2026-08-21T04:36:22.470+0000] {spark_submit.py:571} INFO - 26/08/21 04:36:22 INFO TaskSetManager: Starting task 1.0 in stage 5.0 (TID 17) (172.18.0.7, executor 1, partition 1, PROCESS_LOCAL, 8199 bytes)
[2026-08-21T04:36:22.474+0000] {spark_submit.py:571} INFO - 26/08/21 04:36:22 INFO TaskSetManager: Starting task 2.0 in stage 5.0 (TID 18) (172.18.0.6, executor 0, partition 2, PROCESS_LOCAL, 8199 bytes)
[2026-08-21T04:36:22.476+0000] {spark_submit.py:571} INFO - 26/08/21 04:36:22 INFO TaskSetManager: Starting task 3.0 in stage 5.0 (TID 19) (172.18.0.7, executor 1, partition 3, PROCESS_LOCAL, 8199 bytes)
[2026-08-21T04:36:22.509+0000] {spark_submit.py:571} INFO - 26/08/21 04:36:22 INFO BlockManagerInfo: Added broadcast_8_piece0 in memory on 172.18.0.6:45987 (size: 10.1 KiB, free: 434.3 MiB)
[2026-08-21T04:36:22.548+0000] {spark_submit.py:571} INFO - 26/08/21 04:36:22 INFO BlockManagerInfo: Added broadcast_8_piece0 in memory on 172.18.0.7:39393 (size: 10.1 KiB, free: 434.3 MiB)
[2026-08-21T04:36:22.555+0000] {spark_submit.py:571} INFO - 26/08/21 04:36:22 INFO BlockManagerInfo: Removed broadcast_2_piece0 on c90a551abb73:38241 in memory (size: 34.9 KiB, free: 434.3 MiB)
[2026-08-21T04:36:22.556+0000] {spark_submit.py:571} INFO - 26/08/21 04:36:22 INFO BlockManagerInfo: Removed broadcast_2_piece0 on 172.18.0.6:45987 in memory (size: 34.9 KiB, free: 434.4 MiB)
[2026-08-21T04:36:22.582+0000] {spark_submit.py:571} INFO - 26/08/21 04:36:22 INFO BlockManagerInfo: Removed broadcast_2_piece0 on 172.18.0.7:39393 in memory (size: 34.9 KiB, free: 434.4 MiB)
[2026-08-21T04:36:22.588+0000] {spark_submit.py:571} INFO - 26/08/21 04:36:22 INFO BlockManagerInfo: Added broadcast_7_piece0 in memory on 172.18.0.6:45987 (size: 34.9 KiB, free: 434.3 MiB)
[2026-08-21T04:36:22.647+0000] {spark_submit.py:571} INFO - 26/08/21 04:36:22 INFO BlockManagerInfo: Added broadcast_7_piece0 in memory on 172.18.0.7:39393 (size: 34.9 KiB, free: 434.3 MiB)
[2026-08-21T04:36:24.683+0000] {spark_submit.py:571} INFO - 26/08/21 04:36:24 INFO TaskSetManager: Starting task 4.0 in stage 5.0 (TID 20) (172.18.0.6, executor 0, partition 4, PROCESS_LOCAL, 8199 bytes)
[2026-08-21T04:36:24.684+0000] {spark_submit.py:571} INFO - 26/08/21 04:36:24 INFO TaskSetManager: Starting task 5.0 in stage 5.0 (TID 21) (172.18.0.7, executor 1, partition 5, PROCESS_LOCAL, 8199 bytes)
[2026-08-21T04:36:24.684+0000] {spark_submit.py:571} INFO - 26/08/21 04:36:24 INFO TaskSetManager: Finished task 0.0 in stage 5.0 (TID 16) in 2216 ms on 172.18.0.6 (executor 0) (1/7)
[2026-08-21T04:36:24.684+0000] {spark_submit.py:571} INFO - 26/08/21 04:36:24 INFO TaskSetManager: Finished task 1.0 in stage 5.0 (TID 17) in 2216 ms on 172.18.0.7 (executor 1) (2/7)
[2026-08-21T04:36:24.751+0000] {spark_submit.py:571} INFO - 26/08/21 04:36:24 INFO TaskSetManager: Starting task 6.0 in stage 5.0 (TID 22) (172.18.0.6, executor 0, partition 6, PROCESS_LOCAL, 8199 bytes)
[2026-08-21T04:36:24.753+0000] {spark_submit.py:571} INFO - 26/08/21 04:36:24 INFO TaskSetManager: Finished task 2.0 in stage 5.0 (TID 18) in 2279 ms on 172.18.0.6 (executor 0) (3/7)
[2026-08-21T04:36:24.755+0000] {spark_submit.py:571} INFO - 26/08/21 04:36:24 INFO TaskSetManager: Finished task 3.0 in stage 5.0 (TID 19) in 2285 ms on 172.18.0.7 (executor 1) (4/7)
[2026-08-21T04:36:26.277+0000] {spark_submit.py:571} INFO - 26/08/21 04:36:26 INFO TaskSetManager: Finished task 5.0 in stage 5.0 (TID 21) in 1595 ms on 172.18.0.7 (executor 1) (5/7)
[2026-08-21T04:36:26.283+0000] {spark_submit.py:571} INFO - 26/08/21 04:36:26 INFO TaskSetManager: Finished task 6.0 in stage 5.0 (TID 22) in 1536 ms on 172.18.0.6 (executor 0) (6/7)
[2026-08-21T04:36:26.339+0000] {spark_submit.py:571} INFO - 26/08/21 04:36:26 INFO TaskSetManager: Finished task 4.0 in stage 5.0 (TID 20) in 1657 ms on 172.18.0.6 (executor 0) (7/7)
[2026-08-21T04:36:26.339+0000] {spark_submit.py:571} INFO - 26/08/21 04:36:26 INFO TaskSchedulerImpl: Removed TaskSet 5.0, whose tasks have all completed, from pool
[2026-08-21T04:36:26.341+0000] {spark_submit.py:571} INFO - 26/08/21 04:36:26 INFO DAGScheduler: ShuffleMapStage 5 (count at NativeMethodAccessorImpl.java:0) finished in 3.882 s
[2026-08-21T04:36:26.341+0000] {spark_submit.py:571} INFO - 26/08/21 04:36:26 INFO DAGScheduler: looking for newly runnable stages
[2026-08-21T04:36:26.342+0000] {spark_submit.py:571} INFO - 26/08/21 04:36:26 INFO DAGScheduler: running: Set()
[2026-08-21T04:36:26.342+0000] {spark_submit.py:571} INFO - 26/08/21 04:36:26 INFO DAGScheduler: waiting: Set()
[2026-08-21T04:36:26.343+0000] {spark_submit.py:571} INFO - 26/08/21 04:36:26 INFO DAGScheduler: failed: Set()
[2026-08-21T04:36:26.363+0000] {spark_submit.py:571} INFO - 26/08/21 04:36:26 INFO SparkContext: Starting job: count at NativeMethodAccessorImpl.java:0
[2026-08-21T04:36:26.365+0000] {spark_submit.py:571} INFO - 26/08/21 04:36:26 INFO DAGScheduler: Got job 5 (count at NativeMethodAccessorImpl.java:0) with 1 output partitions
[2026-08-21T04:36:26.366+0000] {spark_submit.py:571} INFO - 26/08/21 04:36:26 INFO DAGScheduler: Final stage: ResultStage 7 (count at NativeMethodAccessorImpl.java:0)
[2026-08-21T04:36:26.366+0000] {spark_submit.py:571} INFO - 26/08/21 04:36:26 INFO DAGScheduler: Parents of final stage: List(ShuffleMapStage 6)
[2026-08-21T04:36:26.366+0000] {spark_submit.py:571} INFO - 26/08/21 04:36:26 INFO DAGScheduler: Missing parents: List()
[2026-08-21T04:36:26.366+0000] {spark_submit.py:571} INFO - 26/08/21 04:36:26 INFO DAGScheduler: Submitting ResultStage 7 (MapPartitionsRDD[23] at count at NativeMethodAccessorImpl.java:0), which has no missing parents
[2026-08-21T04:36:26.368+0000] {spark_submit.py:571} INFO - 26/08/21 04:36:26 INFO MemoryStore: Block broadcast_9 stored as values in memory (estimated size 12.5 KiB, free 433.9 MiB)
[2026-08-21T04:36:26.374+0000] {spark_submit.py:571} INFO - 26/08/21 04:36:26 INFO MemoryStore: Block broadcast_9_piece0 stored as bytes in memory (estimated size 5.9 KiB, free 433.9 MiB)
[2026-08-21T04:36:26.378+0000] {spark_submit.py:571} INFO - 26/08/21 04:36:26 INFO BlockManagerInfo: Added broadcast_9_piece0 in memory on c90a551abb73:38241 (size: 5.9 KiB, free: 434.3 MiB)
[2026-08-21T04:36:26.378+0000] {spark_submit.py:571} INFO - 26/08/21 04:36:26 INFO SparkContext: Created broadcast 9 from broadcast at DAGScheduler.scala:1585
[2026-08-21T04:36:26.380+0000] {spark_submit.py:571} INFO - 26/08/21 04:36:26 INFO DAGScheduler: Submitting 1 missing tasks from ResultStage 7 (MapPartitionsRDD[23] at count at NativeMethodAccessorImpl.java:0) (first 15 tasks are for partitions Vector(0))
[2026-08-21T04:36:26.380+0000] {spark_submit.py:571} INFO - 26/08/21 04:36:26 INFO TaskSchedulerImpl: Adding task set 7.0 with 1 tasks resource profile 0
[2026-08-21T04:36:26.381+0000] {spark_submit.py:571} INFO - 26/08/21 04:36:26 INFO BlockManagerInfo: Removed broadcast_8_piece0 on c90a551abb73:38241 in memory (size: 10.1 KiB, free: 434.3 MiB)
[2026-08-21T04:36:26.383+0000] {spark_submit.py:571} INFO - 26/08/21 04:36:26 INFO BlockManagerInfo: Removed broadcast_8_piece0 on 172.18.0.7:39393 in memory (size: 10.1 KiB, free: 434.3 MiB)
[2026-08-21T04:36:26.387+0000] {spark_submit.py:571} INFO - 26/08/21 04:36:26 INFO BlockManagerInfo: Removed broadcast_8_piece0 on 172.18.0.6:45987 in memory (size: 10.1 KiB, free: 434.3 MiB)
[2026-08-21T04:36:26.389+0000] {spark_submit.py:571} INFO - 26/08/21 04:36:26 INFO TaskSetManager: Starting task 0.0 in stage 7.0 (TID 23) (172.18.0.7, executor 1, partition 0, NODE_LOCAL, 7619 bytes)
[2026-08-21T04:36:26.414+0000] {spark_submit.py:571} INFO - 26/08/21 04:36:26 INFO BlockManagerInfo: Added broadcast_9_piece0 in memory on 172.18.0.7:39393 (size: 5.9 KiB, free: 434.3 MiB)
[2026-08-21T04:36:26.437+0000] {spark_submit.py:571} INFO - 26/08/21 04:36:26 INFO MapOutputTrackerMasterEndpoint: Asked to send map output locations for shuffle 1 to 172.18.0.7:42716
[2026-08-21T04:36:26.531+0000] {spark_submit.py:571} INFO - 26/08/21 04:36:26 INFO TaskSetManager: Finished task 0.0 in stage 7.0 (TID 23) in 144 ms on 172.18.0.7 (executor 1) (1/1)
[2026-08-21T04:36:26.532+0000] {spark_submit.py:571} INFO - 26/08/21 04:36:26 INFO TaskSchedulerImpl: Removed TaskSet 7.0, whose tasks have all completed, from pool
[2026-08-21T04:36:26.532+0000] {spark_submit.py:571} INFO - 26/08/21 04:36:26 INFO DAGScheduler: ResultStage 7 (count at NativeMethodAccessorImpl.java:0) finished in 0.163 s
[2026-08-21T04:36:26.532+0000] {spark_submit.py:571} INFO - 26/08/21 04:36:26 INFO DAGScheduler: Job 5 is finished. Cancelling potential speculative or zombie tasks for this job
[2026-08-21T04:36:26.532+0000] {spark_submit.py:571} INFO - 26/08/21 04:36:26 INFO TaskSchedulerImpl: Killing all running tasks in stage 7: Stage finished
[2026-08-21T04:36:26.533+0000] {spark_submit.py:571} INFO - 26/08/21 04:36:26 INFO DAGScheduler: Job 5 finished: count at NativeMethodAccessorImpl.java:0, took 0.168608 s
[2026-08-21T04:36:26.533+0000] {spark_submit.py:571} INFO - Đang ghi 3614 dòng xuống Bronze layer (Partition: 2025-06-01 / 02)...
[2026-08-21T04:36:26.682+0000] {spark_submit.py:571} INFO - 26/08/21 04:36:26 INFO DelegatingLogStore: LogStore `LogStoreAdapter(io.delta.storage.S3SingleDriverLogStore)` is used for scheme `s3a`
[2026-08-21T04:36:26.724+0000] {spark_submit.py:571} INFO - 26/08/21 04:36:26 INFO DeltaLog: Loading version 1.
[2026-08-21T04:36:27.120+0000] {spark_submit.py:571} INFO - 26/08/21 04:36:27 INFO DeltaLogFileIndex: Created DeltaLogFileIndex(JSON, numFilesInSegment: 2, totalFileSize: 9799)
[2026-08-21T04:36:27.300+0000] {spark_submit.py:571} INFO - 26/08/21 04:36:27 INFO DataSourceStrategy: Pruning directories with:
[2026-08-21T04:36:27.302+0000] {spark_submit.py:571} INFO - 26/08/21 04:36:27 INFO FileSourceStrategy: Pushed Filters:
[2026-08-21T04:36:27.302+0000] {spark_submit.py:571} INFO - 26/08/21 04:36:27 INFO FileSourceStrategy: Post-Scan Filters: ((isnotnull(protocol#557.minReaderVersion) OR isnotnull(metaData#556.id)) OR (isnotnull(commitInfo#558.inCommitTimestamp) AND (version#559L = 1)))
[2026-08-21T04:36:27.441+0000] {spark_submit.py:571} INFO - 26/08/21 04:36:27 INFO BlockManagerInfo: Removed broadcast_7_piece0 on c90a551abb73:38241 in memory (size: 34.9 KiB, free: 434.4 MiB)
[2026-08-21T04:36:27.442+0000] {spark_submit.py:571} INFO - 26/08/21 04:36:27 INFO BlockManagerInfo: Removed broadcast_7_piece0 on 172.18.0.6:45987 in memory (size: 34.9 KiB, free: 434.4 MiB)
[2026-08-21T04:36:27.449+0000] {spark_submit.py:571} INFO - 26/08/21 04:36:27 INFO BlockManagerInfo: Removed broadcast_7_piece0 on 172.18.0.7:39393 in memory (size: 34.9 KiB, free: 434.4 MiB)
[2026-08-21T04:36:27.476+0000] {spark_submit.py:571} INFO - 26/08/21 04:36:27 INFO BlockManagerInfo: Removed broadcast_9_piece0 on c90a551abb73:38241 in memory (size: 5.9 KiB, free: 434.4 MiB)
[2026-08-21T04:36:27.485+0000] {spark_submit.py:571} INFO - 26/08/21 04:36:27 INFO BlockManagerInfo: Removed broadcast_9_piece0 on 172.18.0.7:39393 in memory (size: 5.9 KiB, free: 434.4 MiB)
[2026-08-21T04:36:27.511+0000] {spark_submit.py:571} INFO - 26/08/21 04:36:27 INFO CodeGenerator: Code generated in 172.989214 ms
[2026-08-21T04:36:27.516+0000] {spark_submit.py:571} INFO - 26/08/21 04:36:27 INFO MemoryStore: Block broadcast_10 stored as values in memory (estimated size 201.6 KiB, free 434.0 MiB)
[2026-08-21T04:36:27.538+0000] {spark_submit.py:571} INFO - 26/08/21 04:36:27 INFO MemoryStore: Block broadcast_10_piece0 stored as bytes in memory (estimated size 34.9 KiB, free 433.9 MiB)
[2026-08-21T04:36:27.538+0000] {spark_submit.py:571} INFO - 26/08/21 04:36:27 INFO BlockManagerInfo: Added broadcast_10_piece0 in memory on c90a551abb73:38241 (size: 34.9 KiB, free: 434.3 MiB)
[2026-08-21T04:36:27.539+0000] {spark_submit.py:571} INFO - 26/08/21 04:36:27 INFO SparkContext: Created broadcast 10 from $anonfun$recordDeltaOperationInternal$1 at DatabricksLogging.scala:128
[2026-08-21T04:36:27.552+0000] {spark_submit.py:571} INFO - 26/08/21 04:36:27 INFO FileSourceScanExec: Planning scan with bin packing, max size: 4194304 bytes, open cost is considered as scanning 4194304 bytes.
[2026-08-21T04:36:27.573+0000] {spark_submit.py:571} INFO - 26/08/21 04:36:27 INFO SparkContext: Starting job: $anonfun$recordDeltaOperationInternal$1 at DatabricksLogging.scala:128
[2026-08-21T04:36:27.575+0000] {spark_submit.py:571} INFO - 26/08/21 04:36:27 INFO DAGScheduler: Got job 6 ($anonfun$recordDeltaOperationInternal$1 at DatabricksLogging.scala:128) with 2 output partitions
[2026-08-21T04:36:27.575+0000] {spark_submit.py:571} INFO - 26/08/21 04:36:27 INFO DAGScheduler: Final stage: ResultStage 8 ($anonfun$recordDeltaOperationInternal$1 at DatabricksLogging.scala:128)
[2026-08-21T04:36:27.575+0000] {spark_submit.py:571} INFO - 26/08/21 04:36:27 INFO DAGScheduler: Parents of final stage: List()
[2026-08-21T04:36:27.576+0000] {spark_submit.py:571} INFO - 26/08/21 04:36:27 INFO DAGScheduler: Missing parents: List()
[2026-08-21T04:36:27.576+0000] {spark_submit.py:571} INFO - 26/08/21 04:36:27 INFO DAGScheduler: Submitting ResultStage 8 (MapPartitionsRDD[27] at $anonfun$recordDeltaOperationInternal$1 at DatabricksLogging.scala:128), which has no missing parents
[2026-08-21T04:36:27.581+0000] {spark_submit.py:571} INFO - 26/08/21 04:36:27 INFO MemoryStore: Block broadcast_11 stored as values in memory (estimated size 55.2 KiB, free 433.9 MiB)
[2026-08-21T04:36:27.582+0000] {spark_submit.py:571} INFO - 26/08/21 04:36:27 INFO MemoryStore: Block broadcast_11_piece0 stored as bytes in memory (estimated size 17.2 KiB, free 433.9 MiB)
[2026-08-21T04:36:27.583+0000] {spark_submit.py:571} INFO - 26/08/21 04:36:27 INFO BlockManagerInfo: Added broadcast_11_piece0 in memory on c90a551abb73:38241 (size: 17.2 KiB, free: 434.3 MiB)
[2026-08-21T04:36:27.584+0000] {spark_submit.py:571} INFO - 26/08/21 04:36:27 INFO SparkContext: Created broadcast 11 from broadcast at DAGScheduler.scala:1585
[2026-08-21T04:36:27.585+0000] {spark_submit.py:571} INFO - 26/08/21 04:36:27 INFO DAGScheduler: Submitting 2 missing tasks from ResultStage 8 (MapPartitionsRDD[27] at $anonfun$recordDeltaOperationInternal$1 at DatabricksLogging.scala:128) (first 15 tasks are for partitions Vector(0, 1))
[2026-08-21T04:36:27.587+0000] {spark_submit.py:571} INFO - 26/08/21 04:36:27 INFO TaskSchedulerImpl: Adding task set 8.0 with 2 tasks resource profile 0
[2026-08-21T04:36:27.587+0000] {spark_submit.py:571} INFO - 26/08/21 04:36:27 INFO TaskSetManager: Starting task 0.0 in stage 8.0 (TID 24) (172.18.0.6, executor 0, partition 0, PROCESS_LOCAL, 8295 bytes)
[2026-08-21T04:36:27.588+0000] {spark_submit.py:571} INFO - 26/08/21 04:36:27 INFO TaskSetManager: Starting task 1.0 in stage 8.0 (TID 25) (172.18.0.7, executor 1, partition 1, PROCESS_LOCAL, 8295 bytes)
[2026-08-21T04:36:27.610+0000] {spark_submit.py:571} INFO - 26/08/21 04:36:27 INFO BlockManagerInfo: Added broadcast_11_piece0 in memory on 172.18.0.7:39393 (size: 17.2 KiB, free: 434.3 MiB)
[2026-08-21T04:36:27.618+0000] {spark_submit.py:571} INFO - 26/08/21 04:36:27 INFO BlockManagerInfo: Added broadcast_11_piece0 in memory on 172.18.0.6:45987 (size: 17.2 KiB, free: 434.3 MiB)
[2026-08-21T04:36:28.093+0000] {spark_submit.py:571} INFO - 26/08/21 04:36:28 INFO BlockManagerInfo: Added broadcast_10_piece0 in memory on 172.18.0.6:45987 (size: 34.9 KiB, free: 434.3 MiB)
[2026-08-21T04:36:28.181+0000] {spark_submit.py:571} INFO - 26/08/21 04:36:28 INFO BlockManagerInfo: Added broadcast_10_piece0 in memory on 172.18.0.7:39393 (size: 34.9 KiB, free: 434.3 MiB)
[2026-08-21T04:36:28.200+0000] {spark_submit.py:571} INFO - 26/08/21 04:36:28 INFO TaskSetManager: Finished task 0.0 in stage 8.0 (TID 24) in 612 ms on 172.18.0.6 (executor 0) (1/2)
[2026-08-21T04:36:28.247+0000] {spark_submit.py:571} INFO - 26/08/21 04:36:28 INFO TaskSetManager: Finished task 1.0 in stage 8.0 (TID 25) in 660 ms on 172.18.0.7 (executor 1) (2/2)
[2026-08-21T04:36:28.247+0000] {spark_submit.py:571} INFO - 26/08/21 04:36:28 INFO TaskSchedulerImpl: Removed TaskSet 8.0, whose tasks have all completed, from pool
[2026-08-21T04:36:28.250+0000] {spark_submit.py:571} INFO - 26/08/21 04:36:28 INFO DAGScheduler: ResultStage 8 ($anonfun$recordDeltaOperationInternal$1 at DatabricksLogging.scala:128) finished in 0.670 s
[2026-08-21T04:36:28.251+0000] {spark_submit.py:571} INFO - 26/08/21 04:36:28 INFO DAGScheduler: Job 6 is finished. Cancelling potential speculative or zombie tasks for this job
[2026-08-21T04:36:28.251+0000] {spark_submit.py:571} INFO - 26/08/21 04:36:28 INFO TaskSchedulerImpl: Killing all running tasks in stage 8: Stage finished
[2026-08-21T04:36:28.256+0000] {spark_submit.py:571} INFO - 26/08/21 04:36:28 INFO DAGScheduler: Job 6 finished: $anonfun$recordDeltaOperationInternal$1 at DatabricksLogging.scala:128, took 0.680353 s
[2026-08-21T04:36:28.364+0000] {spark_submit.py:571} INFO - 26/08/21 04:36:28 INFO CodeGenerator: Code generated in 52.303187 ms
[2026-08-21T04:36:28.432+0000] {spark_submit.py:571} INFO - 26/08/21 04:36:28 INFO Snapshot: [tableId=8ea4824e-2ded-48cd-ab7f-297ddf787294] Created snapshot Snapshot(path=s3a://bronze/cell_kpi_raw/_delta_log, version=1, metadata=Metadata(553802dd-42b6-4cf1-8af2-e0916230ea16,null,null,Format(parquet,Map()),{"type":"struct","fields":[{"name":"enb_name","type":"string","nullable":true,"metadata":{}},{"name":"cell_name","type":"string","nullable":true,"metadata":{}},{"name":"date_hour","type":"string","nullable":true,"metadata":{}},{"name":"dl_traffic_gb","type":"double","nullable":true,"metadata":{}},{"name":"ul_traffic_gb","type":"double","nullable":true,"metadata":{}},{"name":"total_traffic_gb","type":"double","nullable":true,"metadata":{}},{"name":"max_rrc_connected_user","type":"integer","nullable":true,"metadata":{}},{"name":"ul_prb","type":"double","nullable":true,"metadata":{}},{"name":"ul_prb_used","type":"double","nullable":true,"metadata":{}},{"name":"ul_prb_available_total","type":"double","nullable":true,"metadata":{}},{"name":"dl_prb","type":"double","nullable":true,"metadata":{}},{"name":"dl_prb_used","type":"double","nullable":true,"metadata":{}},{"name":"dl_prb_available_total","type":"double","nullable":true,"metadata":{}},{"name":"sector","type":"string","nullable":true,"metadata":{}},{"name":"azimuth","type":"integer","nullable":true,"metadata":{}},{"name":"cell_type","type":"string","nullable":true,"metadata":{}},{"name":"x","type":"double","nullable":true,"metadata":{}},{"name":"y","type":"double","nullable":true,"metadata":{}},{"name":"date","type":"string","nullable":true,"metadata":{}},{"name":"hour","type":"string","nullable":true,"metadata":{}}]},List(date, hour),Map(),Some(1787286784873)), logSegment=LogSegment(s3a://bronze/cell_kpi_raw/_delta_log,1,WrappedArray(S3AFileStatus{path=s3a://bronze/cell_kpi_raw/_delta_log/00000000000000000000.json; isDirectory=false; length=5821; replication=1; blocksize=33554432; modification_time=1787286797585; access_time=0; owner=***; group=***; permission=rw-rw-rw-; isSymlink=false; hasAcl=false; isEncrypted=true; isErasureCoded=false} isEmptyDirectory=FALSE eTag=75575b1ec5f43e5c51e4644a250c1bf4 versionId=null, S3AFileStatus{path=s3a://bronze/cell_kpi_raw/_delta_log/00000000000000000001.json; isDirectory=false; length=3978; replication=1; blocksize=33554432; modification_time=1787286860216; access_time=0; owner=***; group=***; permission=rw-rw-rw-; isSymlink=false; hasAcl=false; isEncrypted=true; isErasureCoded=false} isEmptyDirectory=FALSE eTag=4b99acafbc48768b6984bd481eec7d46 versionId=null),org.apache.spark.sql.delta.EmptyCheckpointProvider$@10664c14,1787286860216), checksumOpt=None)
[2026-08-21T04:36:28.442+0000] {spark_submit.py:571} INFO - 26/08/21 04:36:28 INFO DeltaLog: Updated snapshot to Snapshot(path=s3a://bronze/cell_kpi_raw/_delta_log, version=1, metadata=Metadata(553802dd-42b6-4cf1-8af2-e0916230ea16,null,null,Format(parquet,Map()),{"type":"struct","fields":[{"name":"enb_name","type":"string","nullable":true,"metadata":{}},{"name":"cell_name","type":"string","nullable":true,"metadata":{}},{"name":"date_hour","type":"string","nullable":true,"metadata":{}},{"name":"dl_traffic_gb","type":"double","nullable":true,"metadata":{}},{"name":"ul_traffic_gb","type":"double","nullable":true,"metadata":{}},{"name":"total_traffic_gb","type":"double","nullable":true,"metadata":{}},{"name":"max_rrc_connected_user","type":"integer","nullable":true,"metadata":{}},{"name":"ul_prb","type":"double","nullable":true,"metadata":{}},{"name":"ul_prb_used","type":"double","nullable":true,"metadata":{}},{"name":"ul_prb_available_total","type":"double","nullable":true,"metadata":{}},{"name":"dl_prb","type":"double","nullable":true,"metadata":{}},{"name":"dl_prb_used","type":"double","nullable":true,"metadata":{}},{"name":"dl_prb_available_total","type":"double","nullable":true,"metadata":{}},{"name":"sector","type":"string","nullable":true,"metadata":{}},{"name":"azimuth","type":"integer","nullable":true,"metadata":{}},{"name":"cell_type","type":"string","nullable":true,"metadata":{}},{"name":"x","type":"double","nullable":true,"metadata":{}},{"name":"y","type":"double","nullable":true,"metadata":{}},{"name":"date","type":"string","nullable":true,"metadata":{}},{"name":"hour","type":"string","nullable":true,"metadata":{}}]},List(date, hour),Map(),Some(1787286784873)), logSegment=LogSegment(s3a://bronze/cell_kpi_raw/_delta_log,1,WrappedArray(S3AFileStatus{path=s3a://bronze/cell_kpi_raw/_delta_log/00000000000000000000.json; isDirectory=false; length=5821; replication=1; blocksize=33554432; modification_time=1787286797585; access_time=0; owner=***; group=***; permission=rw-rw-rw-; isSymlink=false; hasAcl=false; isEncrypted=true; isErasureCoded=false} isEmptyDirectory=FALSE eTag=75575b1ec5f43e5c51e4644a250c1bf4 versionId=null, S3AFileStatus{path=s3a://bronze/cell_kpi_raw/_delta_log/00000000000000000001.json; isDirectory=false; length=3978; replication=1; blocksize=33554432; modification_time=1787286860216; access_time=0; owner=***; group=***; permission=rw-rw-rw-; isSymlink=false; hasAcl=false; isEncrypted=true; isErasureCoded=false} isEmptyDirectory=FALSE eTag=4b99acafbc48768b6984bd481eec7d46 versionId=null),org.apache.spark.sql.delta.EmptyCheckpointProvider$@10664c14,1787286860216), checksumOpt=None)
[2026-08-21T04:36:28.577+0000] {spark_submit.py:571} INFO - 26/08/21 04:36:28 INFO Snapshot: [tableId=553802dd-42b6-4cf1-8af2-e0916230ea16] DELTA: Compute snapshot for version: 1
[2026-08-21T04:36:28.589+0000] {spark_submit.py:571} INFO - 26/08/21 04:36:28 INFO MemoryStore: Block broadcast_12 stored as values in memory (estimated size 201.3 KiB, free 433.7 MiB)
[2026-08-21T04:36:28.604+0000] {spark_submit.py:571} INFO - 26/08/21 04:36:28 INFO MemoryStore: Block broadcast_12_piece0 stored as bytes in memory (estimated size 34.9 KiB, free 433.6 MiB)
[2026-08-21T04:36:28.606+0000] {spark_submit.py:571} INFO - 26/08/21 04:36:28 INFO BlockManagerInfo: Added broadcast_12_piece0 in memory on c90a551abb73:38241 (size: 34.9 KiB, free: 434.3 MiB)
[2026-08-21T04:36:28.606+0000] {spark_submit.py:571} INFO - 26/08/21 04:36:28 INFO BlockManagerInfo: Removed broadcast_11_piece0 on c90a551abb73:38241 in memory (size: 17.2 KiB, free: 434.3 MiB)
[2026-08-21T04:36:28.608+0000] {spark_submit.py:571} INFO - 26/08/21 04:36:28 INFO SparkContext: Created broadcast 12 from save at NativeMethodAccessorImpl.java:0
[2026-08-21T04:36:28.611+0000] {spark_submit.py:571} INFO - 26/08/21 04:36:28 INFO BlockManagerInfo: Removed broadcast_11_piece0 on 172.18.0.7:39393 in memory (size: 17.2 KiB, free: 434.3 MiB)
[2026-08-21T04:36:28.612+0000] {spark_submit.py:571} INFO - 26/08/21 04:36:28 INFO BlockManagerInfo: Removed broadcast_11_piece0 on 172.18.0.6:45987 in memory (size: 17.2 KiB, free: 434.3 MiB)
[2026-08-21T04:36:28.708+0000] {spark_submit.py:571} INFO - 26/08/21 04:36:28 INFO BlockManagerInfo: Removed broadcast_4_piece0 on c90a551abb73:38241 in memory (size: 34.9 KiB, free: 434.3 MiB)
[2026-08-21T04:36:28.718+0000] {spark_submit.py:571} INFO - 26/08/21 04:36:28 INFO BlockManagerInfo: Removed broadcast_4_piece0 on 172.18.0.7:39393 in memory (size: 34.9 KiB, free: 434.4 MiB)
[2026-08-21T04:36:28.720+0000] {spark_submit.py:571} INFO - 26/08/21 04:36:28 INFO BlockManagerInfo: Removed broadcast_4_piece0 on 172.18.0.6:45987 in memory (size: 34.9 KiB, free: 434.4 MiB)
[2026-08-21T04:36:29.160+0000] {spark_submit.py:571} INFO - 26/08/21 04:36:29 INFO DataSourceStrategy: Pruning directories with:
[2026-08-21T04:36:29.161+0000] {spark_submit.py:571} INFO - 26/08/21 04:36:29 INFO FileSourceStrategy: Pushed Filters:
[2026-08-21T04:36:29.161+0000] {spark_submit.py:571} INFO - 26/08/21 04:36:29 INFO FileSourceStrategy: Post-Scan Filters:
[2026-08-21T04:36:29.188+0000] {spark_submit.py:571} INFO - 26/08/21 04:36:29 WARN SparkStringUtils: Truncated the string representation of a plan since it was too large. This behavior can be adjusted by setting 'spark.sql.debug.maxToStringFields'.
[2026-08-21T04:36:29.371+0000] {spark_submit.py:571} INFO - 26/08/21 04:36:29 INFO CodeGenerator: Code generated in 105.118831 ms
[2026-08-21T04:36:29.372+0000] {spark_submit.py:571} INFO - 26/08/21 04:36:29 INFO MemoryStore: Block broadcast_13 stored as values in memory (estimated size 201.6 KiB, free 433.7 MiB)
[2026-08-21T04:36:29.382+0000] {spark_submit.py:571} INFO - 26/08/21 04:36:29 INFO MemoryStore: Block broadcast_13_piece0 stored as bytes in memory (estimated size 34.9 KiB, free 433.7 MiB)
[2026-08-21T04:36:29.383+0000] {spark_submit.py:571} INFO - 26/08/21 04:36:29 INFO BlockManagerInfo: Added broadcast_13_piece0 in memory on c90a551abb73:38241 (size: 34.9 KiB, free: 434.3 MiB)
[2026-08-21T04:36:29.384+0000] {spark_submit.py:571} INFO - 26/08/21 04:36:29 INFO SparkContext: Created broadcast 13 from save at NativeMethodAccessorImpl.java:0
[2026-08-21T04:36:29.385+0000] {spark_submit.py:571} INFO - 26/08/21 04:36:29 INFO FileSourceScanExec: Planning scan with bin packing, max size: 4194304 bytes, open cost is considered as scanning 4194304 bytes.
[2026-08-21T04:36:29.428+0000] {spark_submit.py:571} INFO - 26/08/21 04:36:29 INFO DAGScheduler: Registering RDD 31 (save at NativeMethodAccessorImpl.java:0) as input to shuffle 2
[2026-08-21T04:36:29.434+0000] {spark_submit.py:571} INFO - 26/08/21 04:36:29 INFO DAGScheduler: Got map stage job 7 (save at NativeMethodAccessorImpl.java:0) with 2 output partitions
[2026-08-21T04:36:29.438+0000] {spark_submit.py:571} INFO - 26/08/21 04:36:29 INFO DAGScheduler: Final stage: ShuffleMapStage 9 (save at NativeMethodAccessorImpl.java:0)
[2026-08-21T04:36:29.438+0000] {spark_submit.py:571} INFO - 26/08/21 04:36:29 INFO DAGScheduler: Parents of final stage: List()
[2026-08-21T04:36:29.439+0000] {spark_submit.py:571} INFO - 26/08/21 04:36:29 INFO DAGScheduler: Missing parents: List()
[2026-08-21T04:36:29.439+0000] {spark_submit.py:571} INFO - 26/08/21 04:36:29 INFO DAGScheduler: Submitting ShuffleMapStage 9 (MapPartitionsRDD[31] at save at NativeMethodAccessorImpl.java:0), which has no missing parents
[2026-08-21T04:36:29.442+0000] {spark_submit.py:571} INFO - 26/08/21 04:36:29 INFO MemoryStore: Block broadcast_14 stored as values in memory (estimated size 105.9 KiB, free 433.6 MiB)
[2026-08-21T04:36:29.445+0000] {spark_submit.py:571} INFO - 26/08/21 04:36:29 INFO MemoryStore: Block broadcast_14_piece0 stored as bytes in memory (estimated size 32.7 KiB, free 433.6 MiB)
[2026-08-21T04:36:29.449+0000] {spark_submit.py:571} INFO - 26/08/21 04:36:29 INFO BlockManagerInfo: Added broadcast_14_piece0 in memory on c90a551abb73:38241 (size: 32.7 KiB, free: 434.3 MiB)
[2026-08-21T04:36:29.450+0000] {spark_submit.py:571} INFO - 26/08/21 04:36:29 INFO SparkContext: Created broadcast 14 from broadcast at DAGScheduler.scala:1585
[2026-08-21T04:36:29.451+0000] {spark_submit.py:571} INFO - 26/08/21 04:36:29 INFO DAGScheduler: Submitting 2 missing tasks from ShuffleMapStage 9 (MapPartitionsRDD[31] at save at NativeMethodAccessorImpl.java:0) (first 15 tasks are for partitions Vector(0, 1))
[2026-08-21T04:36:29.451+0000] {spark_submit.py:571} INFO - 26/08/21 04:36:29 INFO TaskSchedulerImpl: Adding task set 9.0 with 2 tasks resource profile 0
[2026-08-21T04:36:29.451+0000] {spark_submit.py:571} INFO - 26/08/21 04:36:29 INFO TaskSetManager: Starting task 0.0 in stage 9.0 (TID 26) (172.18.0.7, executor 1, partition 0, PROCESS_LOCAL, 8284 bytes)
[2026-08-21T04:36:29.451+0000] {spark_submit.py:571} INFO - 26/08/21 04:36:29 INFO TaskSetManager: Starting task 1.0 in stage 9.0 (TID 27) (172.18.0.6, executor 0, partition 1, PROCESS_LOCAL, 8284 bytes)
[2026-08-21T04:36:29.495+0000] {spark_submit.py:571} INFO - 26/08/21 04:36:29 INFO BlockManagerInfo: Removed broadcast_10_piece0 on c90a551abb73:38241 in memory (size: 34.9 KiB, free: 434.3 MiB)
[2026-08-21T04:36:29.498+0000] {spark_submit.py:571} INFO - 26/08/21 04:36:29 INFO BlockManagerInfo: Removed broadcast_10_piece0 on 172.18.0.6:45987 in memory (size: 34.9 KiB, free: 434.4 MiB)
[2026-08-21T04:36:29.499+0000] {spark_submit.py:571} INFO - 26/08/21 04:36:29 INFO BlockManagerInfo: Removed broadcast_10_piece0 on 172.18.0.7:39393 in memory (size: 34.9 KiB, free: 434.4 MiB)
[2026-08-21T04:36:29.510+0000] {spark_submit.py:571} INFO - 26/08/21 04:36:29 INFO BlockManagerInfo: Added broadcast_14_piece0 in memory on 172.18.0.7:39393 (size: 32.7 KiB, free: 434.4 MiB)
[2026-08-21T04:36:29.511+0000] {spark_submit.py:571} INFO - 26/08/21 04:36:29 INFO BlockManagerInfo: Added broadcast_14_piece0 in memory on 172.18.0.6:45987 (size: 32.7 KiB, free: 434.4 MiB)
[2026-08-21T04:36:30.179+0000] {spark_submit.py:571} INFO - 26/08/21 04:36:30 INFO BlockManagerInfo: Added broadcast_13_piece0 in memory on 172.18.0.7:39393 (size: 34.9 KiB, free: 434.3 MiB)
[2026-08-21T04:36:30.219+0000] {spark_submit.py:571} INFO - 26/08/21 04:36:30 INFO BlockManagerInfo: Added broadcast_13_piece0 in memory on 172.18.0.6:45987 (size: 34.9 KiB, free: 434.3 MiB)
[2026-08-21T04:36:30.311+0000] {spark_submit.py:571} INFO - 26/08/21 04:36:30 INFO TaskSetManager: Finished task 0.0 in stage 9.0 (TID 26) in 860 ms on 172.18.0.7 (executor 1) (1/2)
[2026-08-21T04:36:30.325+0000] {spark_submit.py:571} INFO - 26/08/21 04:36:30 INFO TaskSetManager: Finished task 1.0 in stage 9.0 (TID 27) in 874 ms on 172.18.0.6 (executor 0) (2/2)
[2026-08-21T04:36:30.326+0000] {spark_submit.py:571} INFO - 26/08/21 04:36:30 INFO TaskSchedulerImpl: Removed TaskSet 9.0, whose tasks have all completed, from pool
[2026-08-21T04:36:30.328+0000] {spark_submit.py:571} INFO - 26/08/21 04:36:30 INFO DAGScheduler: ShuffleMapStage 9 (save at NativeMethodAccessorImpl.java:0) finished in 0.895 s
[2026-08-21T04:36:30.329+0000] {spark_submit.py:571} INFO - 26/08/21 04:36:30 INFO DAGScheduler: looking for newly runnable stages
[2026-08-21T04:36:30.329+0000] {spark_submit.py:571} INFO - 26/08/21 04:36:30 INFO DAGScheduler: running: Set()
[2026-08-21T04:36:30.329+0000] {spark_submit.py:571} INFO - 26/08/21 04:36:30 INFO DAGScheduler: waiting: Set()
[2026-08-21T04:36:30.330+0000] {spark_submit.py:571} INFO - 26/08/21 04:36:30 INFO DAGScheduler: failed: Set()
[2026-08-21T04:36:30.488+0000] {spark_submit.py:571} INFO - 26/08/21 04:36:30 INFO BlockManagerInfo: Removed broadcast_14_piece0 on c90a551abb73:38241 in memory (size: 32.7 KiB, free: 434.3 MiB)
[2026-08-21T04:36:30.493+0000] {spark_submit.py:571} INFO - 26/08/21 04:36:30 INFO BlockManagerInfo: Removed broadcast_14_piece0 on 172.18.0.7:39393 in memory (size: 32.7 KiB, free: 434.4 MiB)
[2026-08-21T04:36:30.493+0000] {spark_submit.py:571} INFO - 26/08/21 04:36:30 INFO BlockManagerInfo: Removed broadcast_14_piece0 on 172.18.0.6:45987 in memory (size: 32.7 KiB, free: 434.4 MiB)
[2026-08-21T04:36:30.901+0000] {spark_submit.py:571} INFO - 26/08/21 04:36:30 INFO CodeGenerator: Generated method too long to be JIT compiled: org.apache.spark.sql.catalyst.expressions.GeneratedClass$GeneratedIteratorForCodegenStage3.serializefromobject_doConsume_0$ is 25072 bytes
[2026-08-21T04:36:30.902+0000] {spark_submit.py:571} INFO - 26/08/21 04:36:30 INFO CodeGenerator: Code generated in 377.391256 ms
[2026-08-21T04:36:30.995+0000] {spark_submit.py:571} INFO - 26/08/21 04:36:30 INFO CodeGenerator: Code generated in 70.292952 ms
[2026-08-21T04:36:31.281+0000] {spark_submit.py:571} INFO - 26/08/21 04:36:31 INFO CodeGenerator: Code generated in 81.68492 ms
[2026-08-21T04:36:31.285+0000] {spark_submit.py:571} INFO - 26/08/21 04:36:31 INFO DAGScheduler: Registering RDD 41 (save at NativeMethodAccessorImpl.java:0) as input to shuffle 3
[2026-08-21T04:36:31.285+0000] {spark_submit.py:571} INFO - 26/08/21 04:36:31 INFO DAGScheduler: Got map stage job 8 (save at NativeMethodAccessorImpl.java:0) with 50 output partitions
[2026-08-21T04:36:31.286+0000] {spark_submit.py:571} INFO - 26/08/21 04:36:31 INFO DAGScheduler: Final stage: ShuffleMapStage 11 (save at NativeMethodAccessorImpl.java:0)
[2026-08-21T04:36:31.286+0000] {spark_submit.py:571} INFO - 26/08/21 04:36:31 INFO DAGScheduler: Parents of final stage: List(ShuffleMapStage 10)
[2026-08-21T04:36:31.289+0000] {spark_submit.py:571} INFO - 26/08/21 04:36:31 INFO DAGScheduler: Missing parents: List()
[2026-08-21T04:36:31.290+0000] {spark_submit.py:571} INFO - 26/08/21 04:36:31 INFO DAGScheduler: Submitting ShuffleMapStage 11 (MapPartitionsRDD[41] at save at NativeMethodAccessorImpl.java:0), which has no missing parents
[2026-08-21T04:36:31.327+0000] {spark_submit.py:571} INFO - 26/08/21 04:36:31 INFO MemoryStore: Block broadcast_15 stored as values in memory (estimated size 602.3 KiB, free 433.4 MiB)
[2026-08-21T04:36:31.340+0000] {spark_submit.py:571} INFO - 26/08/21 04:36:31 INFO MemoryStore: Block broadcast_15_piece0 stored as bytes in memory (estimated size 137.9 KiB, free 433.2 MiB)
[2026-08-21T04:36:31.340+0000] {spark_submit.py:571} INFO - 26/08/21 04:36:31 INFO BlockManagerInfo: Added broadcast_15_piece0 in memory on c90a551abb73:38241 (size: 137.9 KiB, free: 434.2 MiB)
[2026-08-21T04:36:31.343+0000] {spark_submit.py:571} INFO - 26/08/21 04:36:31 INFO SparkContext: Created broadcast 15 from broadcast at DAGScheduler.scala:1585
[2026-08-21T04:36:31.343+0000] {spark_submit.py:571} INFO - 26/08/21 04:36:31 INFO DAGScheduler: Submitting 50 missing tasks from ShuffleMapStage 11 (MapPartitionsRDD[41] at save at NativeMethodAccessorImpl.java:0) (first 15 tasks are for partitions Vector(0, 1, 2, 3, 4, 5, 6, 7, 8, 9, 10, 11, 12, 13, 14))
[2026-08-21T04:36:31.344+0000] {spark_submit.py:571} INFO - 26/08/21 04:36:31 INFO TaskSchedulerImpl: Adding task set 11.0 with 50 tasks resource profile 0
[2026-08-21T04:36:31.344+0000] {spark_submit.py:571} INFO - 26/08/21 04:36:31 INFO TaskSetManager: Starting task 24.0 in stage 11.0 (TID 28) (172.18.0.7, executor 1, partition 24, NODE_LOCAL, 7608 bytes)
[2026-08-21T04:36:31.344+0000] {spark_submit.py:571} INFO - 26/08/21 04:36:31 INFO TaskSetManager: Starting task 0.0 in stage 11.0 (TID 29) (172.18.0.6, executor 0, partition 0, NODE_LOCAL, 7608 bytes)
[2026-08-21T04:36:31.347+0000] {spark_submit.py:571} INFO - 26/08/21 04:36:31 INFO TaskSetManager: Starting task 30.0 in stage 11.0 (TID 30) (172.18.0.7, executor 1, partition 30, NODE_LOCAL, 7608 bytes)
[2026-08-21T04:36:31.348+0000] {spark_submit.py:571} INFO - 26/08/21 04:36:31 INFO TaskSetManager: Starting task 11.0 in stage 11.0 (TID 31) (172.18.0.6, executor 0, partition 11, NODE_LOCAL, 7608 bytes)
[2026-08-21T04:36:31.388+0000] {spark_submit.py:571} INFO - 26/08/21 04:36:31 INFO BlockManagerInfo: Added broadcast_15_piece0 in memory on 172.18.0.6:45987 (size: 137.9 KiB, free: 434.2 MiB)
[2026-08-21T04:36:31.388+0000] {spark_submit.py:571} INFO - 26/08/21 04:36:31 INFO BlockManagerInfo: Added broadcast_15_piece0 in memory on 172.18.0.7:39393 (size: 137.9 KiB, free: 434.2 MiB)
[2026-08-21T04:36:31.720+0000] {spark_submit.py:571} INFO - 26/08/21 04:36:31 INFO MapOutputTrackerMasterEndpoint: Asked to send map output locations for shuffle 2 to 172.18.0.6:35490
[2026-08-21T04:36:31.742+0000] {spark_submit.py:571} INFO - 26/08/21 04:36:31 INFO MapOutputTrackerMasterEndpoint: Asked to send map output locations for shuffle 2 to 172.18.0.7:42716
[2026-08-21T04:36:32.839+0000] {spark_submit.py:571} INFO - 26/08/21 04:36:32 INFO BlockManagerInfo: Added rdd_38_11 in memory on 172.18.0.6:45987 (size: 1152.0 B, free: 434.2 MiB)
[2026-08-21T04:36:32.846+0000] {spark_submit.py:571} INFO - 26/08/21 04:36:32 INFO BlockManagerInfo: Added rdd_38_0 in memory on 172.18.0.6:45987 (size: 1176.0 B, free: 434.2 MiB)
[2026-08-21T04:36:32.881+0000] {spark_submit.py:571} INFO - 26/08/21 04:36:32 INFO BlockManagerInfo: Added rdd_38_30 in memory on 172.18.0.7:39393 (size: 1157.0 B, free: 434.2 MiB)
[2026-08-21T04:36:32.885+0000] {spark_submit.py:571} INFO - 26/08/21 04:36:32 INFO BlockManagerInfo: Added rdd_38_24 in memory on 172.18.0.7:39393 (size: 1179.0 B, free: 434.2 MiB)
[2026-08-21T04:36:33.744+0000] {spark_submit.py:571} INFO - 26/08/21 04:36:33 INFO TaskSetManager: Starting task 42.0 in stage 11.0 (TID 32) (172.18.0.6, executor 0, partition 42, NODE_LOCAL, 7608 bytes)
[2026-08-21T04:36:33.749+0000] {spark_submit.py:571} INFO - 26/08/21 04:36:33 INFO TaskSetManager: Finished task 11.0 in stage 11.0 (TID 31) in 2400 ms on 172.18.0.6 (executor 0) (1/50)
[2026-08-21T04:36:33.752+0000] {spark_submit.py:571} INFO - 26/08/21 04:36:33 INFO TaskSetManager: Starting task 1.0 in stage 11.0 (TID 33) (172.18.0.6, executor 0, partition 1, PROCESS_LOCAL, 7608 bytes)
[2026-08-21T04:36:33.755+0000] {spark_submit.py:571} INFO - 26/08/21 04:36:33 INFO TaskSetManager: Finished task 0.0 in stage 11.0 (TID 29) in 2409 ms on 172.18.0.6 (executor 0) (2/50)
[2026-08-21T04:36:33.771+0000] {spark_submit.py:571} INFO - 26/08/21 04:36:33 INFO TaskSetManager: Starting task 2.0 in stage 11.0 (TID 34) (172.18.0.7, executor 1, partition 2, PROCESS_LOCAL, 7608 bytes)
[2026-08-21T04:36:33.774+0000] {spark_submit.py:571} INFO - 26/08/21 04:36:33 INFO TaskSetManager: Finished task 30.0 in stage 11.0 (TID 30) in 2429 ms on 172.18.0.7 (executor 1) (3/50)
[2026-08-21T04:36:33.775+0000] {spark_submit.py:571} INFO - 26/08/21 04:36:33 INFO TaskSetManager: Starting task 3.0 in stage 11.0 (TID 35) (172.18.0.7, executor 1, partition 3, PROCESS_LOCAL, 7608 bytes)
[2026-08-21T04:36:33.775+0000] {spark_submit.py:571} INFO - 26/08/21 04:36:33 INFO TaskSetManager: Finished task 24.0 in stage 11.0 (TID 28) in 2431 ms on 172.18.0.7 (executor 1) (4/50)
[2026-08-21T04:36:33.940+0000] {spark_submit.py:571} INFO - 26/08/21 04:36:33 INFO BlockManagerInfo: Added rdd_38_1 in memory on 172.18.0.6:45987 (size: 46.0 B, free: 434.2 MiB)
[2026-08-21T04:36:33.964+0000] {spark_submit.py:571} INFO - 26/08/21 04:36:33 INFO BlockManagerInfo: Added rdd_38_42 in memory on 172.18.0.6:45987 (size: 699.0 B, free: 434.2 MiB)
[2026-08-21T04:36:33.971+0000] {spark_submit.py:571} INFO - 26/08/21 04:36:33 INFO BlockManagerInfo: Added rdd_38_2 in memory on 172.18.0.7:39393 (size: 46.0 B, free: 434.2 MiB)
[2026-08-21T04:36:34.019+0000] {spark_submit.py:571} INFO - 26/08/21 04:36:34 INFO BlockManagerInfo: Added rdd_38_3 in memory on 172.18.0.7:39393 (size: 46.0 B, free: 434.2 MiB)
[2026-08-21T04:36:34.045+0000] {spark_submit.py:571} INFO - 26/08/21 04:36:34 INFO TaskSetManager: Starting task 4.0 in stage 11.0 (TID 36) (172.18.0.6, executor 0, partition 4, PROCESS_LOCAL, 7608 bytes)
[2026-08-21T04:36:34.048+0000] {spark_submit.py:571} INFO - 26/08/21 04:36:34 INFO TaskSetManager: Finished task 1.0 in stage 11.0 (TID 33) in 297 ms on 172.18.0.6 (executor 0) (5/50)
[2026-08-21T04:36:34.082+0000] {spark_submit.py:571} INFO - 26/08/21 04:36:34 INFO TaskSetManager: Finished task 42.0 in stage 11.0 (TID 32) in 339 ms on 172.18.0.6 (executor 0) (6/50)
[2026-08-21T04:36:34.085+0000] {spark_submit.py:571} INFO - 26/08/21 04:36:34 INFO TaskSetManager: Starting task 5.0 in stage 11.0 (TID 37) (172.18.0.6, executor 0, partition 5, PROCESS_LOCAL, 7608 bytes)
[2026-08-21T04:36:34.096+0000] {spark_submit.py:571} INFO - 26/08/21 04:36:34 INFO TaskSetManager: Starting task 6.0 in stage 11.0 (TID 38) (172.18.0.7, executor 1, partition 6, PROCESS_LOCAL, 7608 bytes)
[2026-08-21T04:36:34.097+0000] {spark_submit.py:571} INFO - 26/08/21 04:36:34 INFO TaskSetManager: Finished task 2.0 in stage 11.0 (TID 34) in 327 ms on 172.18.0.7 (executor 1) (7/50)
[2026-08-21T04:36:34.154+0000] {spark_submit.py:571} INFO - 26/08/21 04:36:34 INFO TaskSetManager: Starting task 7.0 in stage 11.0 (TID 39) (172.18.0.7, executor 1, partition 7, PROCESS_LOCAL, 7608 bytes)
[2026-08-21T04:36:34.155+0000] {spark_submit.py:571} INFO - 26/08/21 04:36:34 INFO TaskSetManager: Finished task 3.0 in stage 11.0 (TID 35) in 379 ms on 172.18.0.7 (executor 1) (8/50)
[2026-08-21T04:36:34.274+0000] {spark_submit.py:571} INFO - 26/08/21 04:36:34 INFO BlockManagerInfo: Added rdd_38_4 in memory on 172.18.0.6:45987 (size: 46.0 B, free: 434.2 MiB)
[2026-08-21T04:36:34.326+0000] {spark_submit.py:571} INFO - 26/08/21 04:36:34 INFO BlockManagerInfo: Added rdd_38_5 in memory on 172.18.0.6:45987 (size: 46.0 B, free: 434.2 MiB)
[2026-08-21T04:36:34.384+0000] {spark_submit.py:571} INFO - 26/08/21 04:36:34 INFO TaskSetManager: Starting task 8.0 in stage 11.0 (TID 40) (172.18.0.6, executor 0, partition 8, PROCESS_LOCAL, 7608 bytes)
[2026-08-21T04:36:34.387+0000] {spark_submit.py:571} INFO - 26/08/21 04:36:34 INFO TaskSetManager: Finished task 4.0 in stage 11.0 (TID 36) in 342 ms on 172.18.0.6 (executor 0) (9/50)
[2026-08-21T04:36:34.454+0000] {spark_submit.py:571} INFO - 26/08/21 04:36:34 INFO TaskSetManager: Starting task 9.0 in stage 11.0 (TID 41) (172.18.0.6, executor 0, partition 9, PROCESS_LOCAL, 7608 bytes)
[2026-08-21T04:36:34.456+0000] {spark_submit.py:571} INFO - 26/08/21 04:36:34 INFO BlockManagerInfo: Added rdd_38_6 in memory on 172.18.0.7:39393 (size: 46.0 B, free: 434.2 MiB)
[2026-08-21T04:36:34.456+0000] {spark_submit.py:571} INFO - 26/08/21 04:36:34 INFO BlockManagerInfo: Added rdd_38_7 in memory on 172.18.0.7:39393 (size: 46.0 B, free: 434.2 MiB)
[2026-08-21T04:36:34.459+0000] {spark_submit.py:571} INFO - 26/08/21 04:36:34 INFO TaskSetManager: Finished task 5.0 in stage 11.0 (TID 37) in 370 ms on 172.18.0.6 (executor 0) (10/50)
[2026-08-21T04:36:34.586+0000] {spark_submit.py:571} INFO - 26/08/21 04:36:34 INFO BlockManagerInfo: Added rdd_38_8 in memory on 172.18.0.6:45987 (size: 46.0 B, free: 434.2 MiB)
[2026-08-21T04:36:34.610+0000] {spark_submit.py:571} INFO - 26/08/21 04:36:34 INFO TaskSetManager: Starting task 10.0 in stage 11.0 (TID 42) (172.18.0.7, executor 1, partition 10, PROCESS_LOCAL, 7608 bytes)
[2026-08-21T04:36:34.611+0000] {spark_submit.py:571} INFO - 26/08/21 04:36:34 INFO TaskSetManager: Finished task 7.0 in stage 11.0 (TID 39) in 456 ms on 172.18.0.7 (executor 1) (11/50)
[2026-08-21T04:36:34.633+0000] {spark_submit.py:571} INFO - 26/08/21 04:36:34 INFO TaskSetManager: Starting task 12.0 in stage 11.0 (TID 43) (172.18.0.7, executor 1, partition 12, PROCESS_LOCAL, 7608 bytes)
[2026-08-21T04:36:34.637+0000] {spark_submit.py:571} INFO - 26/08/21 04:36:34 INFO TaskSetManager: Finished task 6.0 in stage 11.0 (TID 38) in 540 ms on 172.18.0.7 (executor 1) (12/50)
[2026-08-21T04:36:34.658+0000] {spark_submit.py:571} INFO - 26/08/21 04:36:34 INFO TaskSetManager: Starting task 13.0 in stage 11.0 (TID 44) (172.18.0.6, executor 0, partition 13, PROCESS_LOCAL, 7608 bytes)
[2026-08-21T04:36:34.664+0000] {spark_submit.py:571} INFO - 26/08/21 04:36:34 INFO TaskSetManager: Finished task 8.0 in stage 11.0 (TID 40) in 276 ms on 172.18.0.6 (executor 0) (13/50)
[2026-08-21T04:36:34.671+0000] {spark_submit.py:571} INFO - 26/08/21 04:36:34 INFO BlockManagerInfo: Added rdd_38_9 in memory on 172.18.0.6:45987 (size: 46.0 B, free: 434.2 MiB)
[2026-08-21T04:36:34.770+0000] {spark_submit.py:571} INFO - 26/08/21 04:36:34 INFO BlockManagerInfo: Added rdd_38_12 in memory on 172.18.0.7:39393 (size: 46.0 B, free: 434.2 MiB)
[2026-08-21T04:36:34.809+0000] {spark_submit.py:571} INFO - 26/08/21 04:36:34 INFO TaskSetManager: Starting task 14.0 in stage 11.0 (TID 45) (172.18.0.6, executor 0, partition 14, PROCESS_LOCAL, 7608 bytes)
[2026-08-21T04:36:34.815+0000] {spark_submit.py:571} INFO - 26/08/21 04:36:34 INFO TaskSetManager: Finished task 9.0 in stage 11.0 (TID 41) in 361 ms on 172.18.0.6 (executor 0) (14/50)
[2026-08-21T04:36:34.891+0000] {spark_submit.py:571} INFO - 26/08/21 04:36:34 INFO BlockManagerInfo: Added rdd_38_10 in memory on 172.18.0.7:39393 (size: 46.0 B, free: 434.2 MiB)
[2026-08-21T04:36:34.893+0000] {spark_submit.py:571} INFO - 26/08/21 04:36:34 INFO BlockManagerInfo: Added rdd_38_13 in memory on 172.18.0.6:45987 (size: 46.0 B, free: 434.2 MiB)
[2026-08-21T04:36:34.906+0000] {spark_submit.py:571} INFO - 26/08/21 04:36:34 INFO TaskSetManager: Starting task 15.0 in stage 11.0 (TID 46) (172.18.0.7, executor 1, partition 15, PROCESS_LOCAL, 7608 bytes)
[2026-08-21T04:36:34.906+0000] {spark_submit.py:571} INFO - 26/08/21 04:36:34 INFO TaskSetManager: Finished task 12.0 in stage 11.0 (TID 43) in 272 ms on 172.18.0.7 (executor 1) (15/50)
[2026-08-21T04:36:34.942+0000] {spark_submit.py:571} INFO - 26/08/21 04:36:34 INFO BlockManagerInfo: Added rdd_38_14 in memory on 172.18.0.6:45987 (size: 46.0 B, free: 434.2 MiB)
[2026-08-21T04:36:34.990+0000] {spark_submit.py:571} INFO - 26/08/21 04:36:34 INFO TaskSetManager: Starting task 16.0 in stage 11.0 (TID 47) (172.18.0.6, executor 0, partition 16, PROCESS_LOCAL, 7608 bytes)
[2026-08-21T04:36:34.994+0000] {spark_submit.py:571} INFO - 26/08/21 04:36:34 INFO TaskSetManager: Finished task 13.0 in stage 11.0 (TID 44) in 333 ms on 172.18.0.6 (executor 0) (16/50)
[2026-08-21T04:36:35.016+0000] {spark_submit.py:571} INFO - 26/08/21 04:36:35 INFO TaskSetManager: Starting task 17.0 in stage 11.0 (TID 48) (172.18.0.7, executor 1, partition 17, PROCESS_LOCAL, 7608 bytes)
[2026-08-21T04:36:35.018+0000] {spark_submit.py:571} INFO - 26/08/21 04:36:35 INFO TaskSetManager: Finished task 10.0 in stage 11.0 (TID 42) in 413 ms on 172.18.0.7 (executor 1) (17/50)
[2026-08-21T04:36:35.052+0000] {spark_submit.py:571} INFO - 26/08/21 04:36:35 INFO TaskSetManager: Starting task 18.0 in stage 11.0 (TID 49) (172.18.0.6, executor 0, partition 18, PROCESS_LOCAL, 7608 bytes)
[2026-08-21T04:36:35.052+0000] {spark_submit.py:571} INFO - 26/08/21 04:36:35 INFO TaskSetManager: Finished task 14.0 in stage 11.0 (TID 45) in 243 ms on 172.18.0.6 (executor 0) (18/50)
[2026-08-21T04:36:35.159+0000] {spark_submit.py:571} INFO - 26/08/21 04:36:35 INFO BlockManagerInfo: Added rdd_38_15 in memory on 172.18.0.7:39393 (size: 46.0 B, free: 434.2 MiB)
[2026-08-21T04:36:35.169+0000] {spark_submit.py:571} INFO - 26/08/21 04:36:35 INFO BlockManagerInfo: Added rdd_38_17 in memory on 172.18.0.7:39393 (size: 46.0 B, free: 434.2 MiB)
[2026-08-21T04:36:35.211+0000] {spark_submit.py:571} INFO - 26/08/21 04:36:35 INFO BlockManagerInfo: Added rdd_38_16 in memory on 172.18.0.6:45987 (size: 46.0 B, free: 434.2 MiB)
[2026-08-21T04:36:35.223+0000] {spark_submit.py:571} INFO - 26/08/21 04:36:35 INFO BlockManagerInfo: Added rdd_38_18 in memory on 172.18.0.6:45987 (size: 46.0 B, free: 434.2 MiB)
[2026-08-21T04:36:35.228+0000] {spark_submit.py:571} INFO - 26/08/21 04:36:35 INFO TaskSetManager: Starting task 19.0 in stage 11.0 (TID 50) (172.18.0.7, executor 1, partition 19, PROCESS_LOCAL, 7608 bytes)
[2026-08-21T04:36:35.231+0000] {spark_submit.py:571} INFO - 26/08/21 04:36:35 INFO TaskSetManager: Finished task 17.0 in stage 11.0 (TID 48) in 215 ms on 172.18.0.7 (executor 1) (19/50)
[2026-08-21T04:36:35.254+0000] {spark_submit.py:571} INFO - 26/08/21 04:36:35 INFO TaskSetManager: Starting task 20.0 in stage 11.0 (TID 51) (172.18.0.7, executor 1, partition 20, PROCESS_LOCAL, 7608 bytes)
[2026-08-21T04:36:35.255+0000] {spark_submit.py:571} INFO - 26/08/21 04:36:35 INFO TaskSetManager: Finished task 15.0 in stage 11.0 (TID 46) in 353 ms on 172.18.0.7 (executor 1) (20/50)
[2026-08-21T04:36:35.277+0000] {spark_submit.py:571} INFO - 26/08/21 04:36:35 INFO TaskSetManager: Starting task 21.0 in stage 11.0 (TID 52) (172.18.0.6, executor 0, partition 21, PROCESS_LOCAL, 7608 bytes)
[2026-08-21T04:36:35.288+0000] {spark_submit.py:571} INFO - 26/08/21 04:36:35 INFO TaskSetManager: Finished task 16.0 in stage 11.0 (TID 47) in 294 ms on 172.18.0.6 (executor 0) (21/50)
[2026-08-21T04:36:35.323+0000] {spark_submit.py:571} INFO - 26/08/21 04:36:35 INFO TaskSetManager: Starting task 22.0 in stage 11.0 (TID 53) (172.18.0.6, executor 0, partition 22, PROCESS_LOCAL, 7608 bytes)
[2026-08-21T04:36:35.326+0000] {spark_submit.py:571} INFO - 26/08/21 04:36:35 INFO TaskSetManager: Finished task 18.0 in stage 11.0 (TID 49) in 274 ms on 172.18.0.6 (executor 0) (22/50)
[2026-08-21T04:36:35.389+0000] {spark_submit.py:571} INFO - 26/08/21 04:36:35 INFO BlockManagerInfo: Added rdd_38_21 in memory on 172.18.0.6:45987 (size: 46.0 B, free: 434.2 MiB)
[2026-08-21T04:36:35.412+0000] {spark_submit.py:571} INFO - 26/08/21 04:36:35 INFO BlockManagerInfo: Added rdd_38_19 in memory on 172.18.0.7:39393 (size: 46.0 B, free: 434.2 MiB)
[2026-08-21T04:36:35.420+0000] {spark_submit.py:571} INFO - 26/08/21 04:36:35 INFO BlockManagerInfo: Added rdd_38_22 in memory on 172.18.0.6:45987 (size: 46.0 B, free: 434.2 MiB)
[2026-08-21T04:36:35.501+0000] {spark_submit.py:571} INFO - 26/08/21 04:36:35 INFO BlockManagerInfo: Added rdd_38_20 in memory on 172.18.0.7:39393 (size: 46.0 B, free: 434.2 MiB)
[2026-08-21T04:36:35.508+0000] {spark_submit.py:571} INFO - 26/08/21 04:36:35 INFO TaskSetManager: Starting task 23.0 in stage 11.0 (TID 54) (172.18.0.6, executor 0, partition 23, PROCESS_LOCAL, 7608 bytes)
[2026-08-21T04:36:35.509+0000] {spark_submit.py:571} INFO - 26/08/21 04:36:35 INFO TaskSetManager: Finished task 21.0 in stage 11.0 (TID 52) in 237 ms on 172.18.0.6 (executor 0) (23/50)
[2026-08-21T04:36:35.518+0000] {spark_submit.py:571} INFO - 26/08/21 04:36:35 INFO TaskSetManager: Starting task 25.0 in stage 11.0 (TID 55) (172.18.0.6, executor 0, partition 25, PROCESS_LOCAL, 7608 bytes)
[2026-08-21T04:36:35.522+0000] {spark_submit.py:571} INFO - 26/08/21 04:36:35 INFO TaskSetManager: Finished task 22.0 in stage 11.0 (TID 53) in 198 ms on 172.18.0.6 (executor 0) (24/50)
[2026-08-21T04:36:35.559+0000] {spark_submit.py:571} INFO - 26/08/21 04:36:35 INFO TaskSetManager: Starting task 26.0 in stage 11.0 (TID 56) (172.18.0.7, executor 1, partition 26, PROCESS_LOCAL, 7608 bytes)
[2026-08-21T04:36:35.574+0000] {spark_submit.py:571} INFO - 26/08/21 04:36:35 INFO TaskSetManager: Finished task 19.0 in stage 11.0 (TID 50) in 346 ms on 172.18.0.7 (executor 1) (25/50)
[2026-08-21T04:36:35.687+0000] {spark_submit.py:571} INFO - 26/08/21 04:36:35 INFO TaskSetManager: Starting task 27.0 in stage 11.0 (TID 57) (172.18.0.7, executor 1, partition 27, PROCESS_LOCAL, 7608 bytes)
[2026-08-21T04:36:35.688+0000] {spark_submit.py:571} INFO - 26/08/21 04:36:35 INFO TaskSetManager: Finished task 20.0 in stage 11.0 (TID 51) in 434 ms on 172.18.0.7 (executor 1) (26/50)
[2026-08-21T04:36:35.689+0000] {spark_submit.py:571} INFO - 26/08/21 04:36:35 INFO BlockManagerInfo: Added rdd_38_23 in memory on 172.18.0.6:45987 (size: 46.0 B, free: 434.2 MiB)
[2026-08-21T04:36:35.791+0000] {spark_submit.py:571} INFO - 26/08/21 04:36:35 INFO BlockManagerInfo: Added rdd_38_25 in memory on 172.18.0.6:45987 (size: 46.0 B, free: 434.2 MiB)
[2026-08-21T04:36:35.796+0000] {spark_submit.py:571} INFO - 26/08/21 04:36:35 INFO TaskSetManager: Starting task 28.0 in stage 11.0 (TID 58) (172.18.0.6, executor 0, partition 28, PROCESS_LOCAL, 7608 bytes)
[2026-08-21T04:36:35.800+0000] {spark_submit.py:571} INFO - 26/08/21 04:36:35 INFO TaskSetManager: Finished task 23.0 in stage 11.0 (TID 54) in 291 ms on 172.18.0.6 (executor 0) (27/50)
[2026-08-21T04:36:35.817+0000] {spark_submit.py:571} INFO - 26/08/21 04:36:35 INFO BlockManagerInfo: Added rdd_38_26 in memory on 172.18.0.7:39393 (size: 46.0 B, free: 434.2 MiB)
[2026-08-21T04:36:35.851+0000] {spark_submit.py:571} INFO - 26/08/21 04:36:35 INFO BlockManagerInfo: Added rdd_38_27 in memory on 172.18.0.7:39393 (size: 46.0 B, free: 434.2 MiB)
[2026-08-21T04:36:35.863+0000] {spark_submit.py:571} INFO - 26/08/21 04:36:35 INFO TaskSetManager: Starting task 29.0 in stage 11.0 (TID 59) (172.18.0.7, executor 1, partition 29, PROCESS_LOCAL, 7608 bytes)
[2026-08-21T04:36:35.869+0000] {spark_submit.py:571} INFO - 26/08/21 04:36:35 INFO TaskSetManager: Finished task 26.0 in stage 11.0 (TID 56) in 309 ms on 172.18.0.7 (executor 1) (28/50)
[2026-08-21T04:36:35.915+0000] {spark_submit.py:571} INFO - 26/08/21 04:36:35 INFO TaskSetManager: Finished task 27.0 in stage 11.0 (TID 57) in 231 ms on 172.18.0.7 (executor 1) (29/50)
[2026-08-21T04:36:35.917+0000] {spark_submit.py:571} INFO - 26/08/21 04:36:35 INFO TaskSetManager: Starting task 31.0 in stage 11.0 (TID 60) (172.18.0.7, executor 1, partition 31, PROCESS_LOCAL, 7608 bytes)
[2026-08-21T04:36:35.975+0000] {spark_submit.py:571} INFO - 26/08/21 04:36:35 INFO TaskSetManager: Starting task 32.0 in stage 11.0 (TID 61) (172.18.0.6, executor 0, partition 32, PROCESS_LOCAL, 7608 bytes)
[2026-08-21T04:36:35.976+0000] {spark_submit.py:571} INFO - 26/08/21 04:36:35 INFO TaskSetManager: Finished task 25.0 in stage 11.0 (TID 55) in 463 ms on 172.18.0.6 (executor 0) (30/50)
[2026-08-21T04:36:35.995+0000] {spark_submit.py:571} INFO - 26/08/21 04:36:35 INFO BlockManagerInfo: Added rdd_38_28 in memory on 172.18.0.6:45987 (size: 46.0 B, free: 434.2 MiB)
[2026-08-21T04:36:36.038+0000] {spark_submit.py:571} INFO - 26/08/21 04:36:36 INFO BlockManagerInfo: Added rdd_38_29 in memory on 172.18.0.7:39393 (size: 46.0 B, free: 434.2 MiB)
[2026-08-21T04:36:36.096+0000] {spark_submit.py:571} INFO - 26/08/21 04:36:36 INFO TaskSetManager: Starting task 33.0 in stage 11.0 (TID 62) (172.18.0.6, executor 0, partition 33, PROCESS_LOCAL, 7608 bytes)
[2026-08-21T04:36:36.099+0000] {spark_submit.py:571} INFO - 26/08/21 04:36:36 INFO TaskSetManager: Finished task 28.0 in stage 11.0 (TID 58) in 305 ms on 172.18.0.6 (executor 0) (31/50)
[2026-08-21T04:36:36.108+0000] {spark_submit.py:571} INFO - 26/08/21 04:36:36 INFO TaskSetManager: Starting task 34.0 in stage 11.0 (TID 63) (172.18.0.7, executor 1, partition 34, PROCESS_LOCAL, 7608 bytes)
[2026-08-21T04:36:36.111+0000] {spark_submit.py:571} INFO - 26/08/21 04:36:36 INFO BlockManagerInfo: Added rdd_38_31 in memory on 172.18.0.7:39393 (size: 46.0 B, free: 434.2 MiB)
[2026-08-21T04:36:36.111+0000] {spark_submit.py:571} INFO - 26/08/21 04:36:36 INFO TaskSetManager: Finished task 29.0 in stage 11.0 (TID 59) in 246 ms on 172.18.0.7 (executor 1) (32/50)
[2026-08-21T04:36:36.126+0000] {spark_submit.py:571} INFO - 26/08/21 04:36:36 INFO BlockManagerInfo: Added rdd_38_32 in memory on 172.18.0.6:45987 (size: 46.0 B, free: 434.2 MiB)
[2026-08-21T04:36:36.176+0000] {spark_submit.py:571} INFO - 26/08/21 04:36:36 INFO TaskSetManager: Starting task 35.0 in stage 11.0 (TID 64) (172.18.0.7, executor 1, partition 35, PROCESS_LOCAL, 7608 bytes)
[2026-08-21T04:36:36.178+0000] {spark_submit.py:571} INFO - 26/08/21 04:36:36 INFO TaskSetManager: Finished task 31.0 in stage 11.0 (TID 60) in 261 ms on 172.18.0.7 (executor 1) (33/50)
[2026-08-21T04:36:36.195+0000] {spark_submit.py:571} INFO - 26/08/21 04:36:36 INFO TaskSetManager: Starting task 36.0 in stage 11.0 (TID 65) (172.18.0.6, executor 0, partition 36, PROCESS_LOCAL, 7608 bytes)
[2026-08-21T04:36:36.195+0000] {spark_submit.py:571} INFO - 26/08/21 04:36:36 INFO TaskSetManager: Finished task 32.0 in stage 11.0 (TID 61) in 221 ms on 172.18.0.6 (executor 0) (34/50)
[2026-08-21T04:36:36.227+0000] {spark_submit.py:571} INFO - 26/08/21 04:36:36 INFO BlockManagerInfo: Added rdd_38_33 in memory on 172.18.0.6:45987 (size: 46.0 B, free: 434.2 MiB)
[2026-08-21T04:36:36.281+0000] {spark_submit.py:571} INFO - 26/08/21 04:36:36 INFO BlockManagerInfo: Added rdd_38_34 in memory on 172.18.0.7:39393 (size: 46.0 B, free: 434.2 MiB)
[2026-08-21T04:36:36.302+0000] {spark_submit.py:571} INFO - 26/08/21 04:36:36 INFO TaskSetManager: Starting task 37.0 in stage 11.0 (TID 66) (172.18.0.6, executor 0, partition 37, PROCESS_LOCAL, 7608 bytes)
[2026-08-21T04:36:36.304+0000] {spark_submit.py:571} INFO - 26/08/21 04:36:36 INFO TaskSetManager: Finished task 33.0 in stage 11.0 (TID 62) in 202 ms on 172.18.0.6 (executor 0) (35/50)
[2026-08-21T04:36:36.319+0000] {spark_submit.py:571} INFO - 26/08/21 04:36:36 INFO BlockManagerInfo: Added rdd_38_35 in memory on 172.18.0.7:39393 (size: 46.0 B, free: 434.2 MiB)
[2026-08-21T04:36:36.355+0000] {spark_submit.py:571} INFO - 26/08/21 04:36:36 INFO TaskSetManager: Starting task 38.0 in stage 11.0 (TID 67) (172.18.0.7, executor 1, partition 38, PROCESS_LOCAL, 7608 bytes)
[2026-08-21T04:36:36.358+0000] {spark_submit.py:571} INFO - 26/08/21 04:36:36 INFO BlockManagerInfo: Added rdd_38_36 in memory on 172.18.0.6:45987 (size: 46.0 B, free: 434.2 MiB)
[2026-08-21T04:36:36.359+0000] {spark_submit.py:571} INFO - 26/08/21 04:36:36 INFO TaskSetManager: Finished task 34.0 in stage 11.0 (TID 63) in 251 ms on 172.18.0.7 (executor 1) (36/50)
[2026-08-21T04:36:36.378+0000] {spark_submit.py:571} INFO - 26/08/21 04:36:36 INFO TaskSetManager: Starting task 39.0 in stage 11.0 (TID 68) (172.18.0.7, executor 1, partition 39, PROCESS_LOCAL, 7608 bytes)
[2026-08-21T04:36:36.381+0000] {spark_submit.py:571} INFO - 26/08/21 04:36:36 INFO TaskSetManager: Finished task 35.0 in stage 11.0 (TID 64) in 207 ms on 172.18.0.7 (executor 1) (37/50)
[2026-08-21T04:36:36.424+0000] {spark_submit.py:571} INFO - 26/08/21 04:36:36 INFO TaskSetManager: Starting task 40.0 in stage 11.0 (TID 69) (172.18.0.6, executor 0, partition 40, PROCESS_LOCAL, 7608 bytes)
[2026-08-21T04:36:36.426+0000] {spark_submit.py:571} INFO - 26/08/21 04:36:36 INFO TaskSetManager: Finished task 36.0 in stage 11.0 (TID 65) in 233 ms on 172.18.0.6 (executor 0) (38/50)
[2026-08-21T04:36:36.473+0000] {spark_submit.py:571} INFO - 26/08/21 04:36:36 INFO BlockManagerInfo: Added rdd_38_38 in memory on 172.18.0.7:39393 (size: 46.0 B, free: 434.2 MiB)
[2026-08-21T04:36:36.477+0000] {spark_submit.py:571} INFO - 26/08/21 04:36:36 INFO BlockManagerInfo: Added rdd_38_37 in memory on 172.18.0.6:45987 (size: 46.0 B, free: 434.2 MiB)
[2026-08-21T04:36:36.519+0000] {spark_submit.py:571} INFO - 26/08/21 04:36:36 INFO TaskSetManager: Starting task 41.0 in stage 11.0 (TID 70) (172.18.0.6, executor 0, partition 41, PROCESS_LOCAL, 7608 bytes)
[2026-08-21T04:36:36.529+0000] {spark_submit.py:571} INFO - 26/08/21 04:36:36 INFO TaskSetManager: Starting task 43.0 in stage 11.0 (TID 71) (172.18.0.7, executor 1, partition 43, PROCESS_LOCAL, 7608 bytes)
[2026-08-21T04:36:36.530+0000] {spark_submit.py:571} INFO - 26/08/21 04:36:36 INFO TaskSetManager: Finished task 37.0 in stage 11.0 (TID 66) in 224 ms on 172.18.0.6 (executor 0) (39/50)
[2026-08-21T04:36:36.530+0000] {spark_submit.py:571} INFO - 26/08/21 04:36:36 INFO TaskSetManager: Finished task 38.0 in stage 11.0 (TID 67) in 173 ms on 172.18.0.7 (executor 1) (40/50)
[2026-08-21T04:36:36.531+0000] {spark_submit.py:571} INFO - 26/08/21 04:36:36 INFO BlockManagerInfo: Added rdd_38_39 in memory on 172.18.0.7:39393 (size: 46.0 B, free: 434.2 MiB)
[2026-08-21T04:36:36.562+0000] {spark_submit.py:571} INFO - 26/08/21 04:36:36 INFO BlockManagerInfo: Added rdd_38_40 in memory on 172.18.0.6:45987 (size: 46.0 B, free: 434.2 MiB)
[2026-08-21T04:36:36.601+0000] {spark_submit.py:571} INFO - 26/08/21 04:36:36 INFO TaskSetManager: Starting task 44.0 in stage 11.0 (TID 72) (172.18.0.7, executor 1, partition 44, PROCESS_LOCAL, 7608 bytes)
[2026-08-21T04:36:36.602+0000] {spark_submit.py:571} INFO - 26/08/21 04:36:36 INFO TaskSetManager: Finished task 39.0 in stage 11.0 (TID 68) in 225 ms on 172.18.0.7 (executor 1) (41/50)
[2026-08-21T04:36:36.635+0000] {spark_submit.py:571} INFO - 26/08/21 04:36:36 INFO TaskSetManager: Starting task 45.0 in stage 11.0 (TID 73) (172.18.0.6, executor 0, partition 45, PROCESS_LOCAL, 7608 bytes)
[2026-08-21T04:36:36.636+0000] {spark_submit.py:571} INFO - 26/08/21 04:36:36 INFO BlockManagerInfo: Added rdd_38_41 in memory on 172.18.0.6:45987 (size: 46.0 B, free: 434.2 MiB)
[2026-08-21T04:36:36.638+0000] {spark_submit.py:571} INFO - 26/08/21 04:36:36 INFO TaskSetManager: Finished task 40.0 in stage 11.0 (TID 69) in 213 ms on 172.18.0.6 (executor 0) (42/50)
[2026-08-21T04:36:36.666+0000] {spark_submit.py:571} INFO - 26/08/21 04:36:36 INFO BlockManagerInfo: Added rdd_38_43 in memory on 172.18.0.7:39393 (size: 46.0 B, free: 434.2 MiB)
[2026-08-21T04:36:36.737+0000] {spark_submit.py:571} INFO - 26/08/21 04:36:36 INFO TaskSetManager: Starting task 46.0 in stage 11.0 (TID 74) (172.18.0.7, executor 1, partition 46, PROCESS_LOCAL, 7608 bytes)
[2026-08-21T04:36:36.738+0000] {spark_submit.py:571} INFO - 26/08/21 04:36:36 INFO TaskSetManager: Finished task 43.0 in stage 11.0 (TID 71) in 217 ms on 172.18.0.7 (executor 1) (43/50)
[2026-08-21T04:36:36.742+0000] {spark_submit.py:571} INFO - 26/08/21 04:36:36 INFO BlockManagerInfo: Added rdd_38_44 in memory on 172.18.0.7:39393 (size: 46.0 B, free: 434.2 MiB)
[2026-08-21T04:36:36.748+0000] {spark_submit.py:571} INFO - 26/08/21 04:36:36 INFO TaskSetManager: Starting task 47.0 in stage 11.0 (TID 75) (172.18.0.6, executor 0, partition 47, PROCESS_LOCAL, 7608 bytes)
[2026-08-21T04:36:36.749+0000] {spark_submit.py:571} INFO - 26/08/21 04:36:36 INFO TaskSetManager: Finished task 41.0 in stage 11.0 (TID 70) in 229 ms on 172.18.0.6 (executor 0) (44/50)
[2026-08-21T04:36:36.774+0000] {spark_submit.py:571} INFO - 26/08/21 04:36:36 INFO BlockManagerInfo: Added rdd_38_45 in memory on 172.18.0.6:45987 (size: 46.0 B, free: 434.2 MiB)
[2026-08-21T04:36:36.797+0000] {spark_submit.py:571} INFO - 26/08/21 04:36:36 INFO TaskSetManager: Starting task 48.0 in stage 11.0 (TID 76) (172.18.0.7, executor 1, partition 48, PROCESS_LOCAL, 7608 bytes)
[2026-08-21T04:36:36.798+0000] {spark_submit.py:571} INFO - 26/08/21 04:36:36 INFO TaskSetManager: Finished task 44.0 in stage 11.0 (TID 72) in 196 ms on 172.18.0.7 (executor 1) (45/50)
[2026-08-21T04:36:36.846+0000] {spark_submit.py:571} INFO - 26/08/21 04:36:36 INFO BlockManagerInfo: Added rdd_38_46 in memory on 172.18.0.7:39393 (size: 46.0 B, free: 434.2 MiB)
[2026-08-21T04:36:36.855+0000] {spark_submit.py:571} INFO - 26/08/21 04:36:36 INFO TaskSetManager: Starting task 49.0 in stage 11.0 (TID 77) (172.18.0.6, executor 0, partition 49, PROCESS_LOCAL, 7608 bytes)
[2026-08-21T04:36:36.856+0000] {spark_submit.py:571} INFO - 26/08/21 04:36:36 INFO TaskSetManager: Finished task 45.0 in stage 11.0 (TID 73) in 222 ms on 172.18.0.6 (executor 0) (46/50)
[2026-08-21T04:36:36.883+0000] {spark_submit.py:571} INFO - 26/08/21 04:36:36 INFO TaskSetManager: Finished task 46.0 in stage 11.0 (TID 74) in 145 ms on 172.18.0.7 (executor 1) (47/50)
[2026-08-21T04:36:36.926+0000] {spark_submit.py:571} INFO - 26/08/21 04:36:36 INFO BlockManagerInfo: Added rdd_38_48 in memory on 172.18.0.7:39393 (size: 46.0 B, free: 434.2 MiB)
[2026-08-21T04:36:36.948+0000] {spark_submit.py:571} INFO - 26/08/21 04:36:36 INFO BlockManagerInfo: Added rdd_38_47 in memory on 172.18.0.6:45987 (size: 46.0 B, free: 434.2 MiB)
[2026-08-21T04:36:36.964+0000] {spark_submit.py:571} INFO - 26/08/21 04:36:36 INFO TaskSetManager: Finished task 48.0 in stage 11.0 (TID 76) in 171 ms on 172.18.0.7 (executor 1) (48/50)
[2026-08-21T04:36:36.983+0000] {spark_submit.py:571} INFO - 26/08/21 04:36:36 INFO BlockManagerInfo: Added rdd_38_49 in memory on 172.18.0.6:45987 (size: 46.0 B, free: 434.2 MiB)
[2026-08-21T04:36:37.022+0000] {spark_submit.py:571} INFO - 26/08/21 04:36:37 INFO TaskSetManager: Finished task 47.0 in stage 11.0 (TID 75) in 277 ms on 172.18.0.6 (executor 0) (49/50)
[2026-08-21T04:36:37.036+0000] {spark_submit.py:571} INFO - 26/08/21 04:36:37 INFO TaskSetManager: Finished task 49.0 in stage 11.0 (TID 77) in 183 ms on 172.18.0.6 (executor 0) (50/50)
[2026-08-21T04:36:37.037+0000] {spark_submit.py:571} INFO - 26/08/21 04:36:37 INFO TaskSchedulerImpl: Removed TaskSet 11.0, whose tasks have all completed, from pool
[2026-08-21T04:36:37.038+0000] {spark_submit.py:571} INFO - 26/08/21 04:36:37 INFO DAGScheduler: ShuffleMapStage 11 (save at NativeMethodAccessorImpl.java:0) finished in 5.740 s
[2026-08-21T04:36:37.063+0000] {spark_submit.py:571} INFO - 26/08/21 04:36:37 INFO DAGScheduler: looking for newly runnable stages
[2026-08-21T04:36:37.077+0000] {spark_submit.py:571} INFO - 26/08/21 04:36:37 INFO DAGScheduler: running: Set()
[2026-08-21T04:36:37.079+0000] {spark_submit.py:571} INFO - 26/08/21 04:36:37 INFO DAGScheduler: waiting: Set()
[2026-08-21T04:36:37.079+0000] {spark_submit.py:571} INFO - 26/08/21 04:36:37 INFO DAGScheduler: failed: Set()
[2026-08-21T04:36:37.125+0000] {spark_submit.py:571} INFO - 26/08/21 04:36:37 INFO SparkContext: Starting job: save at NativeMethodAccessorImpl.java:0
[2026-08-21T04:36:37.128+0000] {spark_submit.py:571} INFO - 26/08/21 04:36:37 INFO DAGScheduler: Got job 9 (save at NativeMethodAccessorImpl.java:0) with 1 output partitions
[2026-08-21T04:36:37.129+0000] {spark_submit.py:571} INFO - 26/08/21 04:36:37 INFO DAGScheduler: Final stage: ResultStage 14 (save at NativeMethodAccessorImpl.java:0)
[2026-08-21T04:36:37.131+0000] {spark_submit.py:571} INFO - 26/08/21 04:36:37 INFO DAGScheduler: Parents of final stage: List(ShuffleMapStage 13)
[2026-08-21T04:36:37.131+0000] {spark_submit.py:571} INFO - 26/08/21 04:36:37 INFO DAGScheduler: Missing parents: List()
[2026-08-21T04:36:37.135+0000] {spark_submit.py:571} INFO - 26/08/21 04:36:37 INFO DAGScheduler: Submitting ResultStage 14 (MapPartitionsRDD[44] at save at NativeMethodAccessorImpl.java:0), which has no missing parents
[2026-08-21T04:36:37.145+0000] {spark_submit.py:571} INFO - 26/08/21 04:36:37 INFO MemoryStore: Block broadcast_16 stored as values in memory (estimated size 533.4 KiB, free 432.7 MiB)
[2026-08-21T04:36:37.149+0000] {spark_submit.py:571} INFO - 26/08/21 04:36:37 INFO MemoryStore: Block broadcast_16_piece0 stored as bytes in memory (estimated size 124.5 KiB, free 432.6 MiB)
[2026-08-21T04:36:37.152+0000] {spark_submit.py:571} INFO - 26/08/21 04:36:37 INFO BlockManagerInfo: Added broadcast_16_piece0 in memory on c90a551abb73:38241 (size: 124.5 KiB, free: 434.1 MiB)
[2026-08-21T04:36:37.154+0000] {spark_submit.py:571} INFO - 26/08/21 04:36:37 INFO SparkContext: Created broadcast 16 from broadcast at DAGScheduler.scala:1585
[2026-08-21T04:36:37.154+0000] {spark_submit.py:571} INFO - 26/08/21 04:36:37 INFO DAGScheduler: Submitting 1 missing tasks from ResultStage 14 (MapPartitionsRDD[44] at save at NativeMethodAccessorImpl.java:0) (first 15 tasks are for partitions Vector(0))
[2026-08-21T04:36:37.155+0000] {spark_submit.py:571} INFO - 26/08/21 04:36:37 INFO TaskSchedulerImpl: Adding task set 14.0 with 1 tasks resource profile 0
[2026-08-21T04:36:37.156+0000] {spark_submit.py:571} INFO - 26/08/21 04:36:37 INFO TaskSetManager: Starting task 0.0 in stage 14.0 (TID 78) (172.18.0.6, executor 0, partition 0, NODE_LOCAL, 7619 bytes)
[2026-08-21T04:36:37.173+0000] {spark_submit.py:571} INFO - 26/08/21 04:36:37 INFO BlockManagerInfo: Added broadcast_16_piece0 in memory on 172.18.0.6:45987 (size: 124.5 KiB, free: 434.1 MiB)
[2026-08-21T04:36:37.191+0000] {spark_submit.py:571} INFO - 26/08/21 04:36:37 INFO MapOutputTrackerMasterEndpoint: Asked to send map output locations for shuffle 3 to 172.18.0.6:35490
[2026-08-21T04:36:37.315+0000] {spark_submit.py:571} INFO - 26/08/21 04:36:37 INFO TaskSetManager: Finished task 0.0 in stage 14.0 (TID 78) in 159 ms on 172.18.0.6 (executor 0) (1/1)
[2026-08-21T04:36:37.316+0000] {spark_submit.py:571} INFO - 26/08/21 04:36:37 INFO TaskSchedulerImpl: Removed TaskSet 14.0, whose tasks have all completed, from pool
[2026-08-21T04:36:37.317+0000] {spark_submit.py:571} INFO - 26/08/21 04:36:37 INFO DAGScheduler: ResultStage 14 (save at NativeMethodAccessorImpl.java:0) finished in 0.180 s
[2026-08-21T04:36:37.317+0000] {spark_submit.py:571} INFO - 26/08/21 04:36:37 INFO DAGScheduler: Job 9 is finished. Cancelling potential speculative or zombie tasks for this job
[2026-08-21T04:36:37.317+0000] {spark_submit.py:571} INFO - 26/08/21 04:36:37 INFO TaskSchedulerImpl: Killing all running tasks in stage 14: Stage finished
[2026-08-21T04:36:37.319+0000] {spark_submit.py:571} INFO - 26/08/21 04:36:37 INFO DAGScheduler: Job 9 finished: save at NativeMethodAccessorImpl.java:0, took 0.193604 s
[2026-08-21T04:36:37.392+0000] {spark_submit.py:571} INFO - 26/08/21 04:36:37 INFO CodeGenerator: Code generated in 55.801605 ms
[2026-08-21T04:36:37.395+0000] {spark_submit.py:571} INFO - 26/08/21 04:36:37 INFO Snapshot: [tableId=553802dd-42b6-4cf1-8af2-e0916230ea16] DELTA: Done
[2026-08-21T04:36:37.951+0000] {spark_submit.py:571} INFO - 26/08/21 04:36:37 INFO CodeGenerator: Code generated in 172.034559 ms
[2026-08-21T04:36:38.093+0000] {spark_submit.py:571} INFO - 26/08/21 04:36:38 INFO CodeGenerator: Code generated in 73.632847 ms
[2026-08-21T04:36:38.120+0000] {spark_submit.py:571} INFO - 26/08/21 04:36:38 INFO SparkContext: Starting job: $anonfun$recordDeltaOperationInternal$1 at DatabricksLogging.scala:128
[2026-08-21T04:36:38.121+0000] {spark_submit.py:571} INFO - 26/08/21 04:36:38 INFO DAGScheduler: Got job 10 ($anonfun$recordDeltaOperationInternal$1 at DatabricksLogging.scala:128) with 50 output partitions
[2026-08-21T04:36:38.121+0000] {spark_submit.py:571} INFO - 26/08/21 04:36:38 INFO DAGScheduler: Final stage: ResultStage 16 ($anonfun$recordDeltaOperationInternal$1 at DatabricksLogging.scala:128)
[2026-08-21T04:36:38.121+0000] {spark_submit.py:571} INFO - 26/08/21 04:36:38 INFO DAGScheduler: Parents of final stage: List(ShuffleMapStage 15)
[2026-08-21T04:36:38.122+0000] {spark_submit.py:571} INFO - 26/08/21 04:36:38 INFO DAGScheduler: Missing parents: List()
[2026-08-21T04:36:38.123+0000] {spark_submit.py:571} INFO - 26/08/21 04:36:38 INFO DAGScheduler: Submitting ResultStage 16 (MapPartitionsRDD[51] at $anonfun$recordDeltaOperationInternal$1 at DatabricksLogging.scala:128), which has no missing parents
[2026-08-21T04:36:38.131+0000] {spark_submit.py:571} INFO - 26/08/21 04:36:38 INFO MemoryStore: Block broadcast_17 stored as values in memory (estimated size 730.7 KiB, free 431.9 MiB)
[2026-08-21T04:36:38.133+0000] {spark_submit.py:571} INFO - 26/08/21 04:36:38 INFO MemoryStore: Block broadcast_17_piece0 stored as bytes in memory (estimated size 166.1 KiB, free 431.7 MiB)
[2026-08-21T04:36:38.134+0000] {spark_submit.py:571} INFO - 26/08/21 04:36:38 INFO BlockManagerInfo: Added broadcast_17_piece0 in memory on c90a551abb73:38241 (size: 166.1 KiB, free: 433.9 MiB)
[2026-08-21T04:36:38.134+0000] {spark_submit.py:571} INFO - 26/08/21 04:36:38 INFO SparkContext: Created broadcast 17 from broadcast at DAGScheduler.scala:1585
[2026-08-21T04:36:38.135+0000] {spark_submit.py:571} INFO - 26/08/21 04:36:38 INFO DAGScheduler: Submitting 50 missing tasks from ResultStage 16 (MapPartitionsRDD[51] at $anonfun$recordDeltaOperationInternal$1 at DatabricksLogging.scala:128) (first 15 tasks are for partitions Vector(0, 1, 2, 3, 4, 5, 6, 7, 8, 9, 10, 11, 12, 13, 14))
[2026-08-21T04:36:38.135+0000] {spark_submit.py:571} INFO - 26/08/21 04:36:38 INFO TaskSchedulerImpl: Adding task set 16.0 with 50 tasks resource profile 0
[2026-08-21T04:36:38.137+0000] {spark_submit.py:571} INFO - 26/08/21 04:36:38 INFO TaskSetManager: Starting task 2.0 in stage 16.0 (TID 79) (172.18.0.7, executor 1, partition 2, PROCESS_LOCAL, 7619 bytes)
[2026-08-21T04:36:38.137+0000] {spark_submit.py:571} INFO - 26/08/21 04:36:38 INFO TaskSetManager: Starting task 0.0 in stage 16.0 (TID 80) (172.18.0.6, executor 0, partition 0, PROCESS_LOCAL, 7619 bytes)
[2026-08-21T04:36:38.138+0000] {spark_submit.py:571} INFO - 26/08/21 04:36:38 INFO TaskSetManager: Starting task 3.0 in stage 16.0 (TID 81) (172.18.0.7, executor 1, partition 3, PROCESS_LOCAL, 7619 bytes)
[2026-08-21T04:36:38.138+0000] {spark_submit.py:571} INFO - 26/08/21 04:36:38 INFO TaskSetManager: Starting task 1.0 in stage 16.0 (TID 82) (172.18.0.6, executor 0, partition 1, PROCESS_LOCAL, 7619 bytes)
[2026-08-21T04:36:38.161+0000] {spark_submit.py:571} INFO - 26/08/21 04:36:38 INFO BlockManagerInfo: Added broadcast_17_piece0 in memory on 172.18.0.7:39393 (size: 166.1 KiB, free: 434.1 MiB)
[2026-08-21T04:36:38.163+0000] {spark_submit.py:571} INFO - 26/08/21 04:36:38 INFO BlockManagerInfo: Added broadcast_17_piece0 in memory on 172.18.0.6:45987 (size: 166.1 KiB, free: 433.9 MiB)
[2026-08-21T04:36:38.522+0000] {spark_submit.py:571} INFO - 26/08/21 04:36:38 INFO BlockManagerInfo: Added rdd_48_1 in memory on 172.18.0.6:45987 (size: 46.0 B, free: 433.9 MiB)
[2026-08-21T04:36:38.566+0000] {spark_submit.py:571} INFO - 26/08/21 04:36:38 INFO BlockManagerInfo: Added rdd_48_0 in memory on 172.18.0.6:45987 (size: 859.0 B, free: 433.9 MiB)
[2026-08-21T04:36:38.610+0000] {spark_submit.py:571} INFO - 26/08/21 04:36:38 INFO BlockManagerInfo: Added rdd_48_3 in memory on 172.18.0.7:39393 (size: 46.0 B, free: 434.1 MiB)
[2026-08-21T04:36:38.612+0000] {spark_submit.py:571} INFO - 26/08/21 04:36:38 INFO BlockManagerInfo: Added rdd_48_2 in memory on 172.18.0.7:39393 (size: 46.0 B, free: 434.1 MiB)
[2026-08-21T04:36:38.692+0000] {spark_submit.py:571} INFO - 26/08/21 04:36:38 INFO TaskSetManager: Starting task 4.0 in stage 16.0 (TID 83) (172.18.0.6, executor 0, partition 4, PROCESS_LOCAL, 7619 bytes)
[2026-08-21T04:36:38.693+0000] {spark_submit.py:571} INFO - 26/08/21 04:36:38 INFO TaskSetManager: Finished task 1.0 in stage 16.0 (TID 82) in 554 ms on 172.18.0.6 (executor 0) (1/50)
[2026-08-21T04:36:38.694+0000] {spark_submit.py:571} INFO - 26/08/21 04:36:38 INFO TaskSetManager: Starting task 5.0 in stage 16.0 (TID 84) (172.18.0.6, executor 0, partition 5, PROCESS_LOCAL, 7619 bytes)
[2026-08-21T04:36:38.697+0000] {spark_submit.py:571} INFO - 26/08/21 04:36:38 INFO TaskSetManager: Finished task 0.0 in stage 16.0 (TID 80) in 560 ms on 172.18.0.6 (executor 0) (2/50)
[2026-08-21T04:36:38.740+0000] {spark_submit.py:571} INFO - 26/08/21 04:36:38 INFO TaskSetManager: Starting task 6.0 in stage 16.0 (TID 85) (172.18.0.7, executor 1, partition 6, PROCESS_LOCAL, 7619 bytes)
[2026-08-21T04:36:38.745+0000] {spark_submit.py:571} INFO - 26/08/21 04:36:38 INFO TaskSetManager: Finished task 2.0 in stage 16.0 (TID 79) in 605 ms on 172.18.0.7 (executor 1) (3/50)
[2026-08-21T04:36:38.745+0000] {spark_submit.py:571} INFO - 26/08/21 04:36:38 INFO TaskSetManager: Starting task 7.0 in stage 16.0 (TID 86) (172.18.0.7, executor 1, partition 7, PROCESS_LOCAL, 7619 bytes)
[2026-08-21T04:36:38.746+0000] {spark_submit.py:571} INFO - 26/08/21 04:36:38 INFO TaskSetManager: Finished task 3.0 in stage 16.0 (TID 81) in 608 ms on 172.18.0.7 (executor 1) (4/50)
[2026-08-21T04:36:38.761+0000] {spark_submit.py:571} INFO - 26/08/21 04:36:38 INFO BlockManagerInfo: Added rdd_48_5 in memory on 172.18.0.6:45987 (size: 46.0 B, free: 433.9 MiB)
[2026-08-21T04:36:38.772+0000] {spark_submit.py:571} INFO - 26/08/21 04:36:38 INFO BlockManagerInfo: Added rdd_48_4 in memory on 172.18.0.6:45987 (size: 46.0 B, free: 433.9 MiB)
[2026-08-21T04:36:38.795+0000] {spark_submit.py:571} INFO - 26/08/21 04:36:38 INFO TaskSetManager: Starting task 8.0 in stage 16.0 (TID 87) (172.18.0.6, executor 0, partition 8, PROCESS_LOCAL, 7619 bytes)
[2026-08-21T04:36:38.795+0000] {spark_submit.py:571} INFO - 26/08/21 04:36:38 INFO TaskSetManager: Finished task 5.0 in stage 16.0 (TID 84) in 101 ms on 172.18.0.6 (executor 0) (5/50)
[2026-08-21T04:36:38.804+0000] {spark_submit.py:571} INFO - 26/08/21 04:36:38 INFO BlockManagerInfo: Added rdd_48_7 in memory on 172.18.0.7:39393 (size: 46.0 B, free: 434.1 MiB)
[2026-08-21T04:36:38.809+0000] {spark_submit.py:571} INFO - 26/08/21 04:36:38 INFO BlockManagerInfo: Added rdd_48_6 in memory on 172.18.0.7:39393 (size: 46.0 B, free: 434.1 MiB)
[2026-08-21T04:36:38.813+0000] {spark_submit.py:571} INFO - 26/08/21 04:36:38 INFO TaskSetManager: Starting task 9.0 in stage 16.0 (TID 88) (172.18.0.6, executor 0, partition 9, PROCESS_LOCAL, 7619 bytes)
[2026-08-21T04:36:38.814+0000] {spark_submit.py:571} INFO - 26/08/21 04:36:38 INFO TaskSetManager: Finished task 4.0 in stage 16.0 (TID 83) in 121 ms on 172.18.0.6 (executor 0) (6/50)
[2026-08-21T04:36:38.826+0000] {spark_submit.py:571} INFO - 26/08/21 04:36:38 INFO TaskSetManager: Starting task 10.0 in stage 16.0 (TID 89) (172.18.0.7, executor 1, partition 10, PROCESS_LOCAL, 7619 bytes)
[2026-08-21T04:36:38.828+0000] {spark_submit.py:571} INFO - 26/08/21 04:36:38 INFO TaskSetManager: Finished task 7.0 in stage 16.0 (TID 86) in 83 ms on 172.18.0.7 (executor 1) (7/50)
[2026-08-21T04:36:38.839+0000] {spark_submit.py:571} INFO - 26/08/21 04:36:38 INFO TaskSetManager: Starting task 12.0 in stage 16.0 (TID 90) (172.18.0.7, executor 1, partition 12, PROCESS_LOCAL, 7619 bytes)
[2026-08-21T04:36:38.846+0000] {spark_submit.py:571} INFO - 26/08/21 04:36:38 INFO TaskSetManager: Finished task 6.0 in stage 16.0 (TID 85) in 105 ms on 172.18.0.7 (executor 1) (8/50)
[2026-08-21T04:36:38.852+0000] {spark_submit.py:571} INFO - 26/08/21 04:36:38 INFO BlockManagerInfo: Added rdd_48_8 in memory on 172.18.0.6:45987 (size: 46.0 B, free: 433.9 MiB)
[2026-08-21T04:36:38.871+0000] {spark_submit.py:571} INFO - 26/08/21 04:36:38 INFO TaskSetManager: Starting task 11.0 in stage 16.0 (TID 91) (172.18.0.6, executor 0, partition 11, PROCESS_LOCAL, 7619 bytes)
[2026-08-21T04:36:38.875+0000] {spark_submit.py:571} INFO - 26/08/21 04:36:38 INFO TaskSetManager: Finished task 8.0 in stage 16.0 (TID 87) in 81 ms on 172.18.0.6 (executor 0) (9/50)
[2026-08-21T04:36:38.890+0000] {spark_submit.py:571} INFO - 26/08/21 04:36:38 INFO BlockManagerInfo: Added rdd_48_9 in memory on 172.18.0.6:45987 (size: 46.0 B, free: 433.9 MiB)
[2026-08-21T04:36:38.912+0000] {spark_submit.py:571} INFO - 26/08/21 04:36:38 INFO BlockManagerInfo: Added rdd_48_10 in memory on 172.18.0.7:39393 (size: 46.0 B, free: 434.1 MiB)
[2026-08-21T04:36:38.916+0000] {spark_submit.py:571} INFO - 26/08/21 04:36:38 INFO BlockManagerInfo: Added rdd_48_12 in memory on 172.18.0.7:39393 (size: 46.0 B, free: 434.1 MiB)
[2026-08-21T04:36:38.924+0000] {spark_submit.py:571} INFO - 26/08/21 04:36:38 INFO TaskSetManager: Starting task 13.0 in stage 16.0 (TID 92) (172.18.0.6, executor 0, partition 13, PROCESS_LOCAL, 7619 bytes)
[2026-08-21T04:36:38.927+0000] {spark_submit.py:571} INFO - 26/08/21 04:36:38 INFO TaskSetManager: Finished task 9.0 in stage 16.0 (TID 88) in 114 ms on 172.18.0.6 (executor 0) (10/50)
[2026-08-21T04:36:38.931+0000] {spark_submit.py:571} INFO - 26/08/21 04:36:38 INFO BlockManagerInfo: Added rdd_48_11 in memory on 172.18.0.6:45987 (size: 847.0 B, free: 433.9 MiB)
[2026-08-21T04:36:38.937+0000] {spark_submit.py:571} INFO - 26/08/21 04:36:38 INFO TaskSetManager: Starting task 15.0 in stage 16.0 (TID 93) (172.18.0.7, executor 1, partition 15, PROCESS_LOCAL, 7619 bytes)
[2026-08-21T04:36:38.939+0000] {spark_submit.py:571} INFO - 26/08/21 04:36:38 INFO TaskSetManager: Starting task 17.0 in stage 16.0 (TID 94) (172.18.0.7, executor 1, partition 17, PROCESS_LOCAL, 7619 bytes)
[2026-08-21T04:36:38.939+0000] {spark_submit.py:571} INFO - 26/08/21 04:36:38 INFO TaskSetManager: Finished task 10.0 in stage 16.0 (TID 89) in 113 ms on 172.18.0.7 (executor 1) (11/50)
[2026-08-21T04:36:38.940+0000] {spark_submit.py:571} INFO - 26/08/21 04:36:38 INFO TaskSetManager: Finished task 12.0 in stage 16.0 (TID 90) in 101 ms on 172.18.0.7 (executor 1) (12/50)
[2026-08-21T04:36:38.951+0000] {spark_submit.py:571} INFO - 26/08/21 04:36:38 INFO TaskSetManager: Starting task 14.0 in stage 16.0 (TID 95) (172.18.0.6, executor 0, partition 14, PROCESS_LOCAL, 7619 bytes)
[2026-08-21T04:36:38.954+0000] {spark_submit.py:571} INFO - 26/08/21 04:36:38 INFO TaskSetManager: Finished task 11.0 in stage 16.0 (TID 91) in 81 ms on 172.18.0.6 (executor 0) (13/50)
[2026-08-21T04:36:38.971+0000] {spark_submit.py:571} INFO - 26/08/21 04:36:38 INFO BlockManagerInfo: Added rdd_48_13 in memory on 172.18.0.6:45987 (size: 46.0 B, free: 433.9 MiB)
[2026-08-21T04:36:38.988+0000] {spark_submit.py:571} INFO - 26/08/21 04:36:38 INFO TaskSetManager: Starting task 16.0 in stage 16.0 (TID 96) (172.18.0.6, executor 0, partition 16, PROCESS_LOCAL, 7619 bytes)
[2026-08-21T04:36:38.989+0000] {spark_submit.py:571} INFO - 26/08/21 04:36:38 INFO TaskSetManager: Finished task 13.0 in stage 16.0 (TID 92) in 66 ms on 172.18.0.6 (executor 0) (14/50)
[2026-08-21T04:36:38.993+0000] {spark_submit.py:571} INFO - 26/08/21 04:36:38 INFO BlockManagerInfo: Added rdd_48_17 in memory on 172.18.0.7:39393 (size: 46.0 B, free: 434.1 MiB)
[2026-08-21T04:36:38.994+0000] {spark_submit.py:571} INFO - 26/08/21 04:36:38 INFO BlockManagerInfo: Added rdd_48_15 in memory on 172.18.0.7:39393 (size: 46.0 B, free: 434.1 MiB)
[2026-08-21T04:36:38.998+0000] {spark_submit.py:571} INFO - 26/08/21 04:36:38 INFO BlockManagerInfo: Added rdd_48_14 in memory on 172.18.0.6:45987 (size: 46.0 B, free: 433.9 MiB)
[2026-08-21T04:36:39.007+0000] {spark_submit.py:571} INFO - 26/08/21 04:36:39 INFO TaskSetManager: Starting task 19.0 in stage 16.0 (TID 97) (172.18.0.7, executor 1, partition 19, PROCESS_LOCAL, 7619 bytes)
[2026-08-21T04:36:39.010+0000] {spark_submit.py:571} INFO - 26/08/21 04:36:39 INFO TaskSetManager: Finished task 17.0 in stage 16.0 (TID 94) in 69 ms on 172.18.0.7 (executor 1) (15/50)
[2026-08-21T04:36:39.013+0000] {spark_submit.py:571} INFO - 26/08/21 04:36:39 INFO TaskSetManager: Starting task 20.0 in stage 16.0 (TID 98) (172.18.0.7, executor 1, partition 20, PROCESS_LOCAL, 7619 bytes)
[2026-08-21T04:36:39.014+0000] {spark_submit.py:571} INFO - 26/08/21 04:36:39 INFO TaskSetManager: Finished task 15.0 in stage 16.0 (TID 93) in 76 ms on 172.18.0.7 (executor 1) (16/50)
[2026-08-21T04:36:39.022+0000] {spark_submit.py:571} INFO - 26/08/21 04:36:39 INFO TaskSetManager: Starting task 18.0 in stage 16.0 (TID 99) (172.18.0.6, executor 0, partition 18, PROCESS_LOCAL, 7619 bytes)
[2026-08-21T04:36:39.024+0000] {spark_submit.py:571} INFO - 26/08/21 04:36:39 INFO TaskSetManager: Finished task 14.0 in stage 16.0 (TID 95) in 72 ms on 172.18.0.6 (executor 0) (17/50)
[2026-08-21T04:36:39.040+0000] {spark_submit.py:571} INFO - 26/08/21 04:36:39 INFO BlockManagerInfo: Added rdd_48_19 in memory on 172.18.0.7:39393 (size: 46.0 B, free: 434.1 MiB)
[2026-08-21T04:36:39.044+0000] {spark_submit.py:571} INFO - 26/08/21 04:36:39 INFO BlockManagerInfo: Added rdd_48_16 in memory on 172.18.0.6:45987 (size: 46.0 B, free: 433.9 MiB)
[2026-08-21T04:36:39.055+0000] {spark_submit.py:571} INFO - 26/08/21 04:36:39 INFO BlockManagerInfo: Added rdd_48_20 in memory on 172.18.0.7:39393 (size: 46.0 B, free: 434.1 MiB)
[2026-08-21T04:36:39.062+0000] {spark_submit.py:571} INFO - 26/08/21 04:36:39 INFO TaskSetManager: Starting task 24.0 in stage 16.0 (TID 100) (172.18.0.7, executor 1, partition 24, PROCESS_LOCAL, 7619 bytes)
[2026-08-21T04:36:39.063+0000] {spark_submit.py:571} INFO - 26/08/21 04:36:39 INFO TaskSetManager: Finished task 19.0 in stage 16.0 (TID 97) in 58 ms on 172.18.0.7 (executor 1) (18/50)
[2026-08-21T04:36:39.066+0000] {spark_submit.py:571} INFO - 26/08/21 04:36:39 INFO TaskSetManager: Starting task 21.0 in stage 16.0 (TID 101) (172.18.0.6, executor 0, partition 21, PROCESS_LOCAL, 7619 bytes)
[2026-08-21T04:36:39.070+0000] {spark_submit.py:571} INFO - 26/08/21 04:36:39 INFO TaskSetManager: Finished task 16.0 in stage 16.0 (TID 96) in 82 ms on 172.18.0.6 (executor 0) (19/50)
[2026-08-21T04:36:39.075+0000] {spark_submit.py:571} INFO - 26/08/21 04:36:39 INFO TaskSetManager: Starting task 26.0 in stage 16.0 (TID 102) (172.18.0.7, executor 1, partition 26, PROCESS_LOCAL, 7619 bytes)
[2026-08-21T04:36:39.079+0000] {spark_submit.py:571} INFO - 26/08/21 04:36:39 INFO TaskSetManager: Finished task 20.0 in stage 16.0 (TID 98) in 63 ms on 172.18.0.7 (executor 1) (20/50)
[2026-08-21T04:36:39.088+0000] {spark_submit.py:571} INFO - 26/08/21 04:36:39 INFO BlockManagerInfo: Added rdd_48_18 in memory on 172.18.0.6:45987 (size: 46.0 B, free: 433.9 MiB)
[2026-08-21T04:36:39.119+0000] {spark_submit.py:571} INFO - 26/08/21 04:36:39 INFO TaskSetManager: Starting task 22.0 in stage 16.0 (TID 103) (172.18.0.6, executor 0, partition 22, PROCESS_LOCAL, 7619 bytes)
[2026-08-21T04:36:39.120+0000] {spark_submit.py:571} INFO - 26/08/21 04:36:39 INFO TaskSetManager: Finished task 18.0 in stage 16.0 (TID 99) in 99 ms on 172.18.0.6 (executor 0) (21/50)
[2026-08-21T04:36:39.123+0000] {spark_submit.py:571} INFO - 26/08/21 04:36:39 INFO BlockManagerInfo: Added rdd_48_21 in memory on 172.18.0.6:45987 (size: 46.0 B, free: 433.9 MiB)
[2026-08-21T04:36:39.155+0000] {spark_submit.py:571} INFO - 26/08/21 04:36:39 INFO TaskSetManager: Starting task 23.0 in stage 16.0 (TID 104) (172.18.0.6, executor 0, partition 23, PROCESS_LOCAL, 7619 bytes)
[2026-08-21T04:36:39.156+0000] {spark_submit.py:571} INFO - 26/08/21 04:36:39 INFO BlockManagerInfo: Added rdd_48_26 in memory on 172.18.0.7:39393 (size: 46.0 B, free: 434.1 MiB)
[2026-08-21T04:36:39.157+0000] {spark_submit.py:571} INFO - 26/08/21 04:36:39 INFO TaskSetManager: Finished task 21.0 in stage 16.0 (TID 101) in 93 ms on 172.18.0.6 (executor 0) (22/50)
[2026-08-21T04:36:39.165+0000] {spark_submit.py:571} INFO - 26/08/21 04:36:39 INFO BlockManagerInfo: Added rdd_48_24 in memory on 172.18.0.7:39393 (size: 864.0 B, free: 434.1 MiB)
[2026-08-21T04:36:39.176+0000] {spark_submit.py:571} INFO - 26/08/21 04:36:39 INFO TaskSetManager: Starting task 27.0 in stage 16.0 (TID 105) (172.18.0.7, executor 1, partition 27, PROCESS_LOCAL, 7619 bytes)
[2026-08-21T04:36:39.178+0000] {spark_submit.py:571} INFO - 26/08/21 04:36:39 INFO TaskSetManager: Finished task 26.0 in stage 16.0 (TID 102) in 105 ms on 172.18.0.7 (executor 1) (23/50)
[2026-08-21T04:36:39.179+0000] {spark_submit.py:571} INFO - 26/08/21 04:36:39 INFO BlockManagerInfo: Added rdd_48_22 in memory on 172.18.0.6:45987 (size: 46.0 B, free: 433.9 MiB)
[2026-08-21T04:36:39.208+0000] {spark_submit.py:571} INFO - 26/08/21 04:36:39 INFO TaskSetManager: Starting task 29.0 in stage 16.0 (TID 106) (172.18.0.7, executor 1, partition 29, PROCESS_LOCAL, 7619 bytes)
[2026-08-21T04:36:39.210+0000] {spark_submit.py:571} INFO - 26/08/21 04:36:39 INFO TaskSetManager: Finished task 24.0 in stage 16.0 (TID 100) in 147 ms on 172.18.0.7 (executor 1) (24/50)
[2026-08-21T04:36:39.238+0000] {spark_submit.py:571} INFO - 26/08/21 04:36:39 INFO TaskSetManager: Starting task 25.0 in stage 16.0 (TID 107) (172.18.0.6, executor 0, partition 25, PROCESS_LOCAL, 7619 bytes)
[2026-08-21T04:36:39.239+0000] {spark_submit.py:571} INFO - 26/08/21 04:36:39 INFO TaskSetManager: Finished task 22.0 in stage 16.0 (TID 103) in 120 ms on 172.18.0.6 (executor 0) (25/50)
[2026-08-21T04:36:39.243+0000] {spark_submit.py:571} INFO - 26/08/21 04:36:39 INFO BlockManagerInfo: Added rdd_48_23 in memory on 172.18.0.6:45987 (size: 46.0 B, free: 433.9 MiB)
[2026-08-21T04:36:39.258+0000] {spark_submit.py:571} INFO - 26/08/21 04:36:39 INFO BlockManagerInfo: Added rdd_48_27 in memory on 172.18.0.7:39393 (size: 46.0 B, free: 434.1 MiB)
[2026-08-21T04:36:39.267+0000] {spark_submit.py:571} INFO - 26/08/21 04:36:39 INFO TaskSetManager: Starting task 28.0 in stage 16.0 (TID 108) (172.18.0.6, executor 0, partition 28, PROCESS_LOCAL, 7619 bytes)
[2026-08-21T04:36:39.267+0000] {spark_submit.py:571} INFO - 26/08/21 04:36:39 INFO TaskSetManager: Finished task 23.0 in stage 16.0 (TID 104) in 111 ms on 172.18.0.6 (executor 0) (26/50)
[2026-08-21T04:36:39.273+0000] {spark_submit.py:571} INFO - 26/08/21 04:36:39 INFO BlockManagerInfo: Added rdd_48_29 in memory on 172.18.0.7:39393 (size: 46.0 B, free: 434.1 MiB)
[2026-08-21T04:36:39.289+0000] {spark_submit.py:571} INFO - 26/08/21 04:36:39 INFO TaskSetManager: Starting task 30.0 in stage 16.0 (TID 109) (172.18.0.7, executor 1, partition 30, PROCESS_LOCAL, 7619 bytes)
[2026-08-21T04:36:39.294+0000] {spark_submit.py:571} INFO - 26/08/21 04:36:39 INFO TaskSetManager: Finished task 27.0 in stage 16.0 (TID 105) in 120 ms on 172.18.0.7 (executor 1) (27/50)
[2026-08-21T04:36:39.295+0000] {spark_submit.py:571} INFO - 26/08/21 04:36:39 INFO BlockManagerInfo: Added rdd_48_25 in memory on 172.18.0.6:45987 (size: 46.0 B, free: 433.9 MiB)
[2026-08-21T04:36:39.309+0000] {spark_submit.py:571} INFO - 26/08/21 04:36:39 INFO TaskSetManager: Starting task 31.0 in stage 16.0 (TID 110) (172.18.0.7, executor 1, partition 31, PROCESS_LOCAL, 7619 bytes)
[2026-08-21T04:36:39.312+0000] {spark_submit.py:571} INFO - 26/08/21 04:36:39 INFO TaskSetManager: Finished task 29.0 in stage 16.0 (TID 106) in 101 ms on 172.18.0.7 (executor 1) (28/50)
[2026-08-21T04:36:39.347+0000] {spark_submit.py:571} INFO - 26/08/21 04:36:39 INFO TaskSetManager: Starting task 32.0 in stage 16.0 (TID 111) (172.18.0.6, executor 0, partition 32, PROCESS_LOCAL, 7619 bytes)
[2026-08-21T04:36:39.349+0000] {spark_submit.py:571} INFO - 26/08/21 04:36:39 INFO TaskSetManager: Finished task 25.0 in stage 16.0 (TID 107) in 111 ms on 172.18.0.6 (executor 0) (29/50)
[2026-08-21T04:36:39.371+0000] {spark_submit.py:571} INFO - 26/08/21 04:36:39 INFO BlockManagerInfo: Added rdd_48_28 in memory on 172.18.0.6:45987 (size: 46.0 B, free: 433.9 MiB)
[2026-08-21T04:36:39.390+0000] {spark_submit.py:571} INFO - 26/08/21 04:36:39 INFO TaskSetManager: Starting task 33.0 in stage 16.0 (TID 112) (172.18.0.6, executor 0, partition 33, PROCESS_LOCAL, 7619 bytes)
[2026-08-21T04:36:39.391+0000] {spark_submit.py:571} INFO - 26/08/21 04:36:39 INFO TaskSetManager: Finished task 28.0 in stage 16.0 (TID 108) in 127 ms on 172.18.0.6 (executor 0) (30/50)
[2026-08-21T04:36:39.400+0000] {spark_submit.py:571} INFO - 26/08/21 04:36:39 INFO BlockManagerInfo: Added rdd_48_30 in memory on 172.18.0.7:39393 (size: 846.0 B, free: 434.1 MiB)
[2026-08-21T04:36:39.402+0000] {spark_submit.py:571} INFO - 26/08/21 04:36:39 INFO BlockManagerInfo: Added rdd_48_32 in memory on 172.18.0.6:45987 (size: 46.0 B, free: 433.9 MiB)
[2026-08-21T04:36:39.413+0000] {spark_submit.py:571} INFO - 26/08/21 04:36:39 INFO BlockManagerInfo: Added rdd_48_31 in memory on 172.18.0.7:39393 (size: 46.0 B, free: 434.1 MiB)
[2026-08-21T04:36:39.415+0000] {spark_submit.py:571} INFO - 26/08/21 04:36:39 INFO TaskSetManager: Starting task 36.0 in stage 16.0 (TID 113) (172.18.0.6, executor 0, partition 36, PROCESS_LOCAL, 7619 bytes)
[2026-08-21T04:36:39.417+0000] {spark_submit.py:571} INFO - 26/08/21 04:36:39 INFO TaskSetManager: Finished task 32.0 in stage 16.0 (TID 111) in 75 ms on 172.18.0.6 (executor 0) (31/50)
[2026-08-21T04:36:39.429+0000] {spark_submit.py:571} INFO - 26/08/21 04:36:39 INFO TaskSetManager: Starting task 34.0 in stage 16.0 (TID 114) (172.18.0.7, executor 1, partition 34, PROCESS_LOCAL, 7619 bytes)
[2026-08-21T04:36:39.432+0000] {spark_submit.py:571} INFO - 26/08/21 04:36:39 INFO TaskSetManager: Finished task 30.0 in stage 16.0 (TID 109) in 145 ms on 172.18.0.7 (executor 1) (32/50)
[2026-08-21T04:36:39.438+0000] {spark_submit.py:571} INFO - 26/08/21 04:36:39 INFO BlockManagerInfo: Added rdd_48_33 in memory on 172.18.0.6:45987 (size: 46.0 B, free: 433.9 MiB)
[2026-08-21T04:36:39.441+0000] {spark_submit.py:571} INFO - 26/08/21 04:36:39 INFO TaskSetManager: Starting task 35.0 in stage 16.0 (TID 115) (172.18.0.7, executor 1, partition 35, PROCESS_LOCAL, 7619 bytes)
[2026-08-21T04:36:39.443+0000] {spark_submit.py:571} INFO - 26/08/21 04:36:39 INFO TaskSetManager: Finished task 31.0 in stage 16.0 (TID 110) in 136 ms on 172.18.0.7 (executor 1) (33/50)
[2026-08-21T04:36:39.451+0000] {spark_submit.py:571} INFO - 26/08/21 04:36:39 INFO TaskSetManager: Starting task 37.0 in stage 16.0 (TID 116) (172.18.0.6, executor 0, partition 37, PROCESS_LOCAL, 7619 bytes)
[2026-08-21T04:36:39.452+0000] {spark_submit.py:571} INFO - 26/08/21 04:36:39 INFO TaskSetManager: Finished task 33.0 in stage 16.0 (TID 112) in 61 ms on 172.18.0.6 (executor 0) (34/50)
[2026-08-21T04:36:39.465+0000] {spark_submit.py:571} INFO - 26/08/21 04:36:39 INFO BlockManagerInfo: Added rdd_48_36 in memory on 172.18.0.6:45987 (size: 46.0 B, free: 433.9 MiB)
[2026-08-21T04:36:39.473+0000] {spark_submit.py:571} INFO - 26/08/21 04:36:39 INFO BlockManagerInfo: Added rdd_48_34 in memory on 172.18.0.7:39393 (size: 46.0 B, free: 434.1 MiB)
[2026-08-21T04:36:39.479+0000] {spark_submit.py:571} INFO - 26/08/21 04:36:39 INFO TaskSetManager: Starting task 40.0 in stage 16.0 (TID 117) (172.18.0.6, executor 0, partition 40, PROCESS_LOCAL, 7619 bytes)
[2026-08-21T04:36:39.483+0000] {spark_submit.py:571} INFO - 26/08/21 04:36:39 INFO TaskSetManager: Finished task 36.0 in stage 16.0 (TID 113) in 67 ms on 172.18.0.6 (executor 0) (35/50)
[2026-08-21T04:36:39.486+0000] {spark_submit.py:571} INFO - 26/08/21 04:36:39 INFO TaskSetManager: Starting task 38.0 in stage 16.0 (TID 118) (172.18.0.7, executor 1, partition 38, PROCESS_LOCAL, 7619 bytes)
[2026-08-21T04:36:39.486+0000] {spark_submit.py:571} INFO - 26/08/21 04:36:39 INFO TaskSetManager: Finished task 34.0 in stage 16.0 (TID 114) in 58 ms on 172.18.0.7 (executor 1) (36/50)
[2026-08-21T04:36:39.493+0000] {spark_submit.py:571} INFO - 26/08/21 04:36:39 INFO BlockManagerInfo: Added rdd_48_37 in memory on 172.18.0.6:45987 (size: 46.0 B, free: 433.9 MiB)
[2026-08-21T04:36:39.507+0000] {spark_submit.py:571} INFO - 26/08/21 04:36:39 INFO BlockManagerInfo: Added rdd_48_35 in memory on 172.18.0.7:39393 (size: 46.0 B, free: 434.1 MiB)
[2026-08-21T04:36:39.513+0000] {spark_submit.py:571} INFO - 26/08/21 04:36:39 INFO TaskSetManager: Starting task 41.0 in stage 16.0 (TID 119) (172.18.0.6, executor 0, partition 41, PROCESS_LOCAL, 7619 bytes)
[2026-08-21T04:36:39.514+0000] {spark_submit.py:571} INFO - 26/08/21 04:36:39 INFO TaskSetManager: Finished task 37.0 in stage 16.0 (TID 116) in 62 ms on 172.18.0.6 (executor 0) (37/50)
[2026-08-21T04:36:39.536+0000] {spark_submit.py:571} INFO - 26/08/21 04:36:39 INFO BlockManagerInfo: Added rdd_48_41 in memory on 172.18.0.6:45987 (size: 46.0 B, free: 433.9 MiB)
[2026-08-21T04:36:39.538+0000] {spark_submit.py:571} INFO - 26/08/21 04:36:39 INFO BlockManagerInfo: Added rdd_48_40 in memory on 172.18.0.6:45987 (size: 46.0 B, free: 433.9 MiB)
[2026-08-21T04:36:39.539+0000] {spark_submit.py:571} INFO - 26/08/21 04:36:39 INFO TaskSetManager: Starting task 39.0 in stage 16.0 (TID 120) (172.18.0.7, executor 1, partition 39, PROCESS_LOCAL, 7619 bytes)
[2026-08-21T04:36:39.541+0000] {spark_submit.py:571} INFO - 26/08/21 04:36:39 INFO TaskSetManager: Finished task 35.0 in stage 16.0 (TID 115) in 102 ms on 172.18.0.7 (executor 1) (38/50)
[2026-08-21T04:36:39.555+0000] {spark_submit.py:571} INFO - 26/08/21 04:36:39 INFO TaskSetManager: Starting task 42.0 in stage 16.0 (TID 121) (172.18.0.6, executor 0, partition 42, PROCESS_LOCAL, 7619 bytes)
[2026-08-21T04:36:39.556+0000] {spark_submit.py:571} INFO - 26/08/21 04:36:39 INFO BlockManagerInfo: Added rdd_48_38 in memory on 172.18.0.7:39393 (size: 46.0 B, free: 434.1 MiB)
[2026-08-21T04:36:39.556+0000] {spark_submit.py:571} INFO - 26/08/21 04:36:39 INFO TaskSetManager: Finished task 41.0 in stage 16.0 (TID 119) in 45 ms on 172.18.0.6 (executor 0) (39/50)
[2026-08-21T04:36:39.563+0000] {spark_submit.py:571} INFO - 26/08/21 04:36:39 INFO TaskSetManager: Starting task 45.0 in stage 16.0 (TID 122) (172.18.0.6, executor 0, partition 45, PROCESS_LOCAL, 7619 bytes)
[2026-08-21T04:36:39.567+0000] {spark_submit.py:571} INFO - 26/08/21 04:36:39 INFO TaskSetManager: Finished task 40.0 in stage 16.0 (TID 117) in 83 ms on 172.18.0.6 (executor 0) (40/50)
[2026-08-21T04:36:39.575+0000] {spark_submit.py:571} INFO - 26/08/21 04:36:39 INFO TaskSetManager: Starting task 43.0 in stage 16.0 (TID 123) (172.18.0.7, executor 1, partition 43, PROCESS_LOCAL, 7619 bytes)
[2026-08-21T04:36:39.578+0000] {spark_submit.py:571} INFO - 26/08/21 04:36:39 INFO TaskSetManager: Finished task 38.0 in stage 16.0 (TID 118) in 91 ms on 172.18.0.7 (executor 1) (41/50)
[2026-08-21T04:36:39.599+0000] {spark_submit.py:571} INFO - 26/08/21 04:36:39 INFO BlockManagerInfo: Added rdd_48_39 in memory on 172.18.0.7:39393 (size: 46.0 B, free: 434.1 MiB)
[2026-08-21T04:36:39.607+0000] {spark_submit.py:571} INFO - 26/08/21 04:36:39 INFO BlockManagerInfo: Added rdd_48_42 in memory on 172.18.0.6:45987 (size: 46.0 B, free: 433.9 MiB)
[2026-08-21T04:36:39.614+0000] {spark_submit.py:571} INFO - 26/08/21 04:36:39 INFO BlockManagerInfo: Added rdd_48_45 in memory on 172.18.0.6:45987 (size: 46.0 B, free: 433.9 MiB)
[2026-08-21T04:36:39.618+0000] {spark_submit.py:571} INFO - 26/08/21 04:36:39 INFO TaskSetManager: Starting task 47.0 in stage 16.0 (TID 124) (172.18.0.6, executor 0, partition 47, PROCESS_LOCAL, 7619 bytes)
[2026-08-21T04:36:39.618+0000] {spark_submit.py:571} INFO - 26/08/21 04:36:39 INFO TaskSetManager: Finished task 42.0 in stage 16.0 (TID 121) in 67 ms on 172.18.0.6 (executor 0) (42/50)
[2026-08-21T04:36:39.626+0000] {spark_submit.py:571} INFO - 26/08/21 04:36:39 INFO TaskSetManager: Starting task 44.0 in stage 16.0 (TID 125) (172.18.0.7, executor 1, partition 44, PROCESS_LOCAL, 7619 bytes)
[2026-08-21T04:36:39.628+0000] {spark_submit.py:571} INFO - 26/08/21 04:36:39 INFO TaskSetManager: Starting task 49.0 in stage 16.0 (TID 126) (172.18.0.6, executor 0, partition 49, PROCESS_LOCAL, 7619 bytes)
[2026-08-21T04:36:39.630+0000] {spark_submit.py:571} INFO - 26/08/21 04:36:39 INFO TaskSetManager: Finished task 39.0 in stage 16.0 (TID 120) in 92 ms on 172.18.0.7 (executor 1) (43/50)
[2026-08-21T04:36:39.632+0000] {spark_submit.py:571} INFO - 26/08/21 04:36:39 INFO TaskSetManager: Finished task 45.0 in stage 16.0 (TID 122) in 70 ms on 172.18.0.6 (executor 0) (44/50)
[2026-08-21T04:36:39.637+0000] {spark_submit.py:571} INFO - 26/08/21 04:36:39 INFO BlockManagerInfo: Added rdd_48_43 in memory on 172.18.0.7:39393 (size: 46.0 B, free: 434.1 MiB)
[2026-08-21T04:36:39.657+0000] {spark_submit.py:571} INFO - 26/08/21 04:36:39 INFO TaskSetManager: Starting task 46.0 in stage 16.0 (TID 127) (172.18.0.7, executor 1, partition 46, PROCESS_LOCAL, 7619 bytes)
[2026-08-21T04:36:39.659+0000] {spark_submit.py:571} INFO - 26/08/21 04:36:39 INFO TaskSetManager: Finished task 43.0 in stage 16.0 (TID 123) in 84 ms on 172.18.0.7 (executor 1) (45/50)
[2026-08-21T04:36:39.664+0000] {spark_submit.py:571} INFO - 26/08/21 04:36:39 INFO BlockManagerInfo: Added rdd_48_47 in memory on 172.18.0.6:45987 (size: 46.0 B, free: 433.9 MiB)
[2026-08-21T04:36:39.665+0000] {spark_submit.py:571} INFO - 26/08/21 04:36:39 INFO BlockManagerInfo: Added rdd_48_49 in memory on 172.18.0.6:45987 (size: 46.0 B, free: 433.9 MiB)
[2026-08-21T04:36:39.679+0000] {spark_submit.py:571} INFO - 26/08/21 04:36:39 INFO BlockManagerInfo: Added rdd_48_44 in memory on 172.18.0.7:39393 (size: 46.0 B, free: 434.1 MiB)
[2026-08-21T04:36:39.699+0000] {spark_submit.py:571} INFO - 26/08/21 04:36:39 INFO TaskSetManager: Starting task 48.0 in stage 16.0 (TID 128) (172.18.0.7, executor 1, partition 48, PROCESS_LOCAL, 7619 bytes)
[2026-08-21T04:36:39.700+0000] {spark_submit.py:571} INFO - 26/08/21 04:36:39 INFO TaskSetManager: Finished task 44.0 in stage 16.0 (TID 125) in 72 ms on 172.18.0.7 (executor 1) (46/50)
[2026-08-21T04:36:39.716+0000] {spark_submit.py:571} INFO - 26/08/21 04:36:39 INFO BlockManagerInfo: Added rdd_48_46 in memory on 172.18.0.7:39393 (size: 46.0 B, free: 434.1 MiB)
[2026-08-21T04:36:39.724+0000] {spark_submit.py:571} INFO - 26/08/21 04:36:39 INFO TaskSetManager: Finished task 49.0 in stage 16.0 (TID 126) in 96 ms on 172.18.0.6 (executor 0) (47/50)
[2026-08-21T04:36:39.736+0000] {spark_submit.py:571} INFO - 26/08/21 04:36:39 INFO TaskSetManager: Finished task 47.0 in stage 16.0 (TID 124) in 117 ms on 172.18.0.6 (executor 0) (48/50)
[2026-08-21T04:36:39.738+0000] {spark_submit.py:571} INFO - 26/08/21 04:36:39 INFO TaskSetManager: Finished task 46.0 in stage 16.0 (TID 127) in 78 ms on 172.18.0.7 (executor 1) (49/50)
[2026-08-21T04:36:39.758+0000] {spark_submit.py:571} INFO - 26/08/21 04:36:39 INFO BlockManagerInfo: Added rdd_48_48 in memory on 172.18.0.7:39393 (size: 46.0 B, free: 434.1 MiB)
[2026-08-21T04:36:39.788+0000] {spark_submit.py:571} INFO - 26/08/21 04:36:39 INFO TaskSetManager: Finished task 48.0 in stage 16.0 (TID 128) in 90 ms on 172.18.0.7 (executor 1) (50/50)
[2026-08-21T04:36:39.788+0000] {spark_submit.py:571} INFO - 26/08/21 04:36:39 INFO TaskSchedulerImpl: Removed TaskSet 16.0, whose tasks have all completed, from pool
[2026-08-21T04:36:39.789+0000] {spark_submit.py:571} INFO - 26/08/21 04:36:39 INFO DAGScheduler: ResultStage 16 ($anonfun$recordDeltaOperationInternal$1 at DatabricksLogging.scala:128) finished in 1.660 s
[2026-08-21T04:36:39.790+0000] {spark_submit.py:571} INFO - 26/08/21 04:36:39 INFO DAGScheduler: Job 10 is finished. Cancelling potential speculative or zombie tasks for this job
[2026-08-21T04:36:39.790+0000] {spark_submit.py:571} INFO - 26/08/21 04:36:39 INFO TaskSchedulerImpl: Killing all running tasks in stage 16: Stage finished
[2026-08-21T04:36:39.791+0000] {spark_submit.py:571} INFO - 26/08/21 04:36:39 INFO DAGScheduler: Job 10 finished: $anonfun$recordDeltaOperationInternal$1 at DatabricksLogging.scala:128, took 1.668974 s
[2026-08-21T04:36:40.098+0000] {spark_submit.py:571} INFO - 26/08/21 04:36:40 INFO FileSourceStrategy: Pushed Filters: IsNotNull(date_hour)
[2026-08-21T04:36:40.099+0000] {spark_submit.py:571} INFO - 26/08/21 04:36:40 INFO FileSourceStrategy: Post-Scan Filters: isnotnull(date_hour#19),(regexp_replace(date_hour#19, ", , 1) = 2025-06-01-02)
[2026-08-21T04:36:40.143+0000] {spark_submit.py:571} INFO - 26/08/21 04:36:40 INFO ParquetUtils: Using default output committer for Parquet: org.apache.parquet.hadoop.ParquetOutputCommitter
[2026-08-21T04:36:40.233+0000] {spark_submit.py:571} INFO - 26/08/21 04:36:40 INFO CodeGenerator: Code generated in 24.617715 ms
[2026-08-21T04:36:40.238+0000] {spark_submit.py:571} INFO - 26/08/21 04:36:40 INFO MemoryStore: Block broadcast_18 stored as values in memory (estimated size 201.7 KiB, free 431.5 MiB)
[2026-08-21T04:36:40.249+0000] {spark_submit.py:571} INFO - 26/08/21 04:36:40 INFO MemoryStore: Block broadcast_18_piece0 stored as bytes in memory (estimated size 34.9 KiB, free 431.5 MiB)
[2026-08-21T04:36:40.250+0000] {spark_submit.py:571} INFO - 26/08/21 04:36:40 INFO BlockManagerInfo: Added broadcast_18_piece0 in memory on c90a551abb73:38241 (size: 34.9 KiB, free: 433.9 MiB)
[2026-08-21T04:36:40.250+0000] {spark_submit.py:571} INFO - 26/08/21 04:36:40 INFO SparkContext: Created broadcast 18 from save at NativeMethodAccessorImpl.java:0
[2026-08-21T04:36:40.252+0000] {spark_submit.py:571} INFO - 26/08/21 04:36:40 INFO FileSourceScanExec: Planning scan with bin packing, max size: 134217728 bytes, open cost is considered as scanning 4194304 bytes.
[2026-08-21T04:36:40.316+0000] {spark_submit.py:571} INFO - 26/08/21 04:36:40 INFO SparkContext: Starting job: save at NativeMethodAccessorImpl.java:0
[2026-08-21T04:36:40.321+0000] {spark_submit.py:571} INFO - 26/08/21 04:36:40 INFO DAGScheduler: Got job 11 (save at NativeMethodAccessorImpl.java:0) with 7 output partitions
[2026-08-21T04:36:40.325+0000] {spark_submit.py:571} INFO - 26/08/21 04:36:40 INFO DAGScheduler: Final stage: ResultStage 17 (save at NativeMethodAccessorImpl.java:0)
[2026-08-21T04:36:40.327+0000] {spark_submit.py:571} INFO - 26/08/21 04:36:40 INFO DAGScheduler: Parents of final stage: List()
[2026-08-21T04:36:40.327+0000] {spark_submit.py:571} INFO - 26/08/21 04:36:40 INFO DAGScheduler: Missing parents: List()
[2026-08-21T04:36:40.327+0000] {spark_submit.py:571} INFO - 26/08/21 04:36:40 INFO DAGScheduler: Submitting ResultStage 17 (MapPartitionsRDD[57] at save at NativeMethodAccessorImpl.java:0), which has no missing parents
[2026-08-21T04:36:40.334+0000] {spark_submit.py:571} INFO - 26/08/21 04:36:40 INFO BlockManagerInfo: Removed broadcast_15_piece0 on c90a551abb73:38241 in memory (size: 137.9 KiB, free: 434.0 MiB)
[2026-08-21T04:36:40.336+0000] {spark_submit.py:571} INFO - 26/08/21 04:36:40 INFO BlockManagerInfo: Removed broadcast_15_piece0 on 172.18.0.7:39393 in memory (size: 137.9 KiB, free: 434.2 MiB)
[2026-08-21T04:36:40.337+0000] {spark_submit.py:571} INFO - 26/08/21 04:36:40 INFO BlockManagerInfo: Removed broadcast_15_piece0 on 172.18.0.6:45987 in memory (size: 137.9 KiB, free: 434.1 MiB)
[2026-08-21T04:36:40.349+0000] {spark_submit.py:571} INFO - 26/08/21 04:36:40 INFO BlockManagerInfo: Removed broadcast_17_piece0 on c90a551abb73:38241 in memory (size: 166.1 KiB, free: 434.2 MiB)
[2026-08-21T04:36:40.351+0000] {spark_submit.py:571} INFO - 26/08/21 04:36:40 INFO BlockManagerInfo: Removed broadcast_17_piece0 on 172.18.0.6:45987 in memory (size: 166.1 KiB, free: 434.2 MiB)
[2026-08-21T04:36:40.365+0000] {spark_submit.py:571} INFO - 26/08/21 04:36:40 INFO BlockManagerInfo: Removed broadcast_17_piece0 on 172.18.0.7:39393 in memory (size: 166.1 KiB, free: 434.4 MiB)
[2026-08-21T04:36:40.381+0000] {spark_submit.py:571} INFO - 26/08/21 04:36:40 INFO BlockManagerInfo: Removed broadcast_16_piece0 on c90a551abb73:38241 in memory (size: 124.5 KiB, free: 434.3 MiB)
[2026-08-21T04:36:40.395+0000] {spark_submit.py:571} INFO - 26/08/21 04:36:40 INFO BlockManagerInfo: Removed broadcast_16_piece0 on 172.18.0.6:45987 in memory (size: 124.5 KiB, free: 434.4 MiB)
[2026-08-21T04:36:40.398+0000] {spark_submit.py:571} INFO - 26/08/21 04:36:40 INFO MemoryStore: Block broadcast_19 stored as values in memory (estimated size 375.5 KiB, free 433.3 MiB)
[2026-08-21T04:36:40.404+0000] {spark_submit.py:571} INFO - 26/08/21 04:36:40 INFO MemoryStore: Block broadcast_19_piece0 stored as bytes in memory (estimated size 135.2 KiB, free 433.2 MiB)
[2026-08-21T04:36:40.407+0000] {spark_submit.py:571} INFO - 26/08/21 04:36:40 INFO BlockManagerInfo: Added broadcast_19_piece0 in memory on c90a551abb73:38241 (size: 135.2 KiB, free: 434.2 MiB)
[2026-08-21T04:36:40.408+0000] {spark_submit.py:571} INFO - 26/08/21 04:36:40 INFO SparkContext: Created broadcast 19 from broadcast at DAGScheduler.scala:1585
[2026-08-21T04:36:40.408+0000] {spark_submit.py:571} INFO - 26/08/21 04:36:40 INFO DAGScheduler: Submitting 7 missing tasks from ResultStage 17 (MapPartitionsRDD[57] at save at NativeMethodAccessorImpl.java:0) (first 15 tasks are for partitions Vector(0, 1, 2, 3, 4, 5, 6))
[2026-08-21T04:36:40.411+0000] {spark_submit.py:571} INFO - 26/08/21 04:36:40 INFO TaskSchedulerImpl: Adding task set 17.0 with 7 tasks resource profile 0
[2026-08-21T04:36:40.411+0000] {spark_submit.py:571} INFO - 26/08/21 04:36:40 INFO TaskSetManager: Starting task 0.0 in stage 17.0 (TID 129) (172.18.0.7, executor 1, partition 0, PROCESS_LOCAL, 8210 bytes)
[2026-08-21T04:36:40.412+0000] {spark_submit.py:571} INFO - 26/08/21 04:36:40 INFO TaskSetManager: Starting task 1.0 in stage 17.0 (TID 130) (172.18.0.6, executor 0, partition 1, PROCESS_LOCAL, 8210 bytes)
[2026-08-21T04:36:40.435+0000] {spark_submit.py:571} INFO - 26/08/21 04:36:40 INFO TaskSetManager: Starting task 2.0 in stage 17.0 (TID 131) (172.18.0.7, executor 1, partition 2, PROCESS_LOCAL, 8210 bytes)
[2026-08-21T04:36:40.437+0000] {spark_submit.py:571} INFO - 26/08/21 04:36:40 INFO TaskSetManager: Starting task 3.0 in stage 17.0 (TID 132) (172.18.0.6, executor 0, partition 3, PROCESS_LOCAL, 8210 bytes)
[2026-08-21T04:36:40.473+0000] {spark_submit.py:571} INFO - 26/08/21 04:36:40 INFO BlockManagerInfo: Added broadcast_19_piece0 in memory on 172.18.0.7:39393 (size: 135.2 KiB, free: 434.2 MiB)
[2026-08-21T04:36:40.489+0000] {spark_submit.py:571} INFO - 26/08/21 04:36:40 INFO BlockManagerInfo: Added broadcast_19_piece0 in memory on 172.18.0.6:45987 (size: 135.2 KiB, free: 434.2 MiB)
[2026-08-21T04:36:40.824+0000] {spark_submit.py:571} INFO - 26/08/21 04:36:40 INFO BlockManagerInfo: Added broadcast_18_piece0 in memory on 172.18.0.7:39393 (size: 34.9 KiB, free: 434.2 MiB)
[2026-08-21T04:36:41.013+0000] {spark_submit.py:571} INFO - 26/08/21 04:36:41 INFO BlockManagerInfo: Added broadcast_18_piece0 in memory on 172.18.0.6:45987 (size: 34.9 KiB, free: 434.2 MiB)
[2026-08-21T04:36:45.853+0000] {spark_submit.py:571} INFO - 26/08/21 04:36:45 INFO TaskSetManager: Starting task 4.0 in stage 17.0 (TID 133) (172.18.0.7, executor 1, partition 4, PROCESS_LOCAL, 8210 bytes)
[2026-08-21T04:36:45.855+0000] {spark_submit.py:571} INFO - 26/08/21 04:36:45 INFO TaskSetManager: Starting task 5.0 in stage 17.0 (TID 134) (172.18.0.7, executor 1, partition 5, PROCESS_LOCAL, 8210 bytes)
[2026-08-21T04:36:45.862+0000] {spark_submit.py:571} INFO - 26/08/21 04:36:45 INFO TaskSetManager: Finished task 2.0 in stage 17.0 (TID 131) in 5453 ms on 172.18.0.7 (executor 1) (1/7)
[2026-08-21T04:36:45.867+0000] {spark_submit.py:571} INFO - 26/08/21 04:36:45 INFO TaskSetManager: Finished task 0.0 in stage 17.0 (TID 129) in 5459 ms on 172.18.0.7 (executor 1) (2/7)
[2026-08-21T04:36:46.071+0000] {spark_submit.py:571} INFO - 26/08/21 04:36:46 INFO TaskSetManager: Starting task 6.0 in stage 17.0 (TID 135) (172.18.0.6, executor 0, partition 6, PROCESS_LOCAL, 8210 bytes)
[2026-08-21T04:36:46.074+0000] {spark_submit.py:571} INFO - 26/08/21 04:36:46 INFO TaskSetManager: Finished task 1.0 in stage 17.0 (TID 130) in 5662 ms on 172.18.0.6 (executor 0) (3/7)
[2026-08-21T04:36:46.077+0000] {spark_submit.py:571} INFO - 26/08/21 04:36:46 INFO TaskSetManager: Finished task 3.0 in stage 17.0 (TID 132) in 5638 ms on 172.18.0.6 (executor 0) (4/7)
[2026-08-21T04:36:48.671+0000] {spark_submit.py:571} INFO - 26/08/21 04:36:48 INFO TaskSetManager: Finished task 6.0 in stage 17.0 (TID 135) in 2602 ms on 172.18.0.6 (executor 0) (5/7)
[2026-08-21T04:36:50.340+0000] {spark_submit.py:571} INFO - 26/08/21 04:36:50 INFO TaskSetManager: Finished task 5.0 in stage 17.0 (TID 134) in 4486 ms on 172.18.0.7 (executor 1) (6/7)
[2026-08-21T04:36:50.343+0000] {spark_submit.py:571} INFO - 26/08/21 04:36:50 INFO TaskSetManager: Finished task 4.0 in stage 17.0 (TID 133) in 4488 ms on 172.18.0.7 (executor 1) (7/7)
[2026-08-21T04:36:50.343+0000] {spark_submit.py:571} INFO - 26/08/21 04:36:50 INFO TaskSchedulerImpl: Removed TaskSet 17.0, whose tasks have all completed, from pool
[2026-08-21T04:36:50.343+0000] {spark_submit.py:571} INFO - 26/08/21 04:36:50 INFO DAGScheduler: ResultStage 17 (save at NativeMethodAccessorImpl.java:0) finished in 10.015 s
[2026-08-21T04:36:50.343+0000] {spark_submit.py:571} INFO - 26/08/21 04:36:50 INFO DAGScheduler: Job 11 is finished. Cancelling potential speculative or zombie tasks for this job
[2026-08-21T04:36:50.345+0000] {spark_submit.py:571} INFO - 26/08/21 04:36:50 INFO TaskSchedulerImpl: Killing all running tasks in stage 17: Stage finished
[2026-08-21T04:36:50.346+0000] {spark_submit.py:571} INFO - 26/08/21 04:36:50 INFO DAGScheduler: Job 11 finished: save at NativeMethodAccessorImpl.java:0, took 10.027703 s
[2026-08-21T04:36:50.346+0000] {spark_submit.py:571} INFO - 26/08/21 04:36:50 INFO DeltaFileFormatWriter: Start to commit write Job c40d04e4-1194-487c-8d99-2b0712e59d99.
[2026-08-21T04:36:50.350+0000] {spark_submit.py:571} INFO - 26/08/21 04:36:50 INFO DeltaFileFormatWriter: Write Job c40d04e4-1194-487c-8d99-2b0712e59d99 committed. Elapsed time: 0 ms.
[2026-08-21T04:36:50.350+0000] {spark_submit.py:571} INFO - 26/08/21 04:36:50 INFO DeltaFileFormatWriter: Finished processing stats for write job c40d04e4-1194-487c-8d99-2b0712e59d99.
[2026-08-21T04:36:50.394+0000] {spark_submit.py:571} INFO - 26/08/21 04:36:50 INFO OptimisticTransaction: [tableId=553802dd,txnId=2d8a23ca] Attempting to commit version 2 with 3 actions with Serializable isolation level
[2026-08-21T04:36:50.587+0000] {spark_submit.py:571} INFO - 26/08/21 04:36:50 INFO DeltaLog: Creating a new snapshot v2 for commit version 2
[2026-08-21T04:36:50.588+0000] {spark_submit.py:571} INFO - 26/08/21 04:36:50 INFO DeltaLog: Loading version 2.
[2026-08-21T04:36:50.590+0000] {spark_submit.py:571} INFO - 26/08/21 04:36:50 INFO DeltaLogFileIndex: Created DeltaLogFileIndex(JSON, numFilesInSegment: 3, totalFileSize: 13798)
[2026-08-21T04:36:50.622+0000] {spark_submit.py:571} INFO - 26/08/21 04:36:50 INFO DataSourceStrategy: Pruning directories with:
[2026-08-21T04:36:50.623+0000] {spark_submit.py:571} INFO - 26/08/21 04:36:50 INFO FileSourceStrategy: Pushed Filters:
[2026-08-21T04:36:50.623+0000] {spark_submit.py:571} INFO - 26/08/21 04:36:50 INFO FileSourceStrategy: Post-Scan Filters: ((isnotnull(protocol#1336.minReaderVersion) OR isnotnull(metaData#1335.id)) OR (isnotnull(commitInfo#1337.inCommitTimestamp) AND (version#1338L = 2)))
[2026-08-21T04:36:50.676+0000] {spark_submit.py:571} INFO - 26/08/21 04:36:50 INFO CodeGenerator: Code generated in 41.992227 ms
[2026-08-21T04:36:50.679+0000] {spark_submit.py:571} INFO - 26/08/21 04:36:50 INFO MemoryStore: Block broadcast_20 stored as values in memory (estimated size 201.8 KiB, free 433.0 MiB)
[2026-08-21T04:36:50.688+0000] {spark_submit.py:571} INFO - 26/08/21 04:36:50 INFO MemoryStore: Block broadcast_20_piece0 stored as bytes in memory (estimated size 35.0 KiB, free 433.0 MiB)
[2026-08-21T04:36:50.689+0000] {spark_submit.py:571} INFO - 26/08/21 04:36:50 INFO BlockManagerInfo: Added broadcast_20_piece0 in memory on c90a551abb73:38241 (size: 35.0 KiB, free: 434.1 MiB)
[2026-08-21T04:36:50.689+0000] {spark_submit.py:571} INFO - 26/08/21 04:36:50 INFO SparkContext: Created broadcast 20 from $anonfun$recordDeltaOperationInternal$1 at DatabricksLogging.scala:128
[2026-08-21T04:36:50.690+0000] {spark_submit.py:571} INFO - 26/08/21 04:36:50 INFO FileSourceScanExec: Planning scan with bin packing, max size: 4194304 bytes, open cost is considered as scanning 4194304 bytes.
[2026-08-21T04:36:50.698+0000] {spark_submit.py:571} INFO - 26/08/21 04:36:50 INFO SparkContext: Starting job: $anonfun$recordDeltaOperationInternal$1 at DatabricksLogging.scala:128
[2026-08-21T04:36:50.699+0000] {spark_submit.py:571} INFO - 26/08/21 04:36:50 INFO DAGScheduler: Got job 12 ($anonfun$recordDeltaOperationInternal$1 at DatabricksLogging.scala:128) with 3 output partitions
[2026-08-21T04:36:50.699+0000] {spark_submit.py:571} INFO - 26/08/21 04:36:50 INFO DAGScheduler: Final stage: ResultStage 18 ($anonfun$recordDeltaOperationInternal$1 at DatabricksLogging.scala:128)
[2026-08-21T04:36:50.699+0000] {spark_submit.py:571} INFO - 26/08/21 04:36:50 INFO DAGScheduler: Parents of final stage: List()
[2026-08-21T04:36:50.700+0000] {spark_submit.py:571} INFO - 26/08/21 04:36:50 INFO DAGScheduler: Missing parents: List()
[2026-08-21T04:36:50.700+0000] {spark_submit.py:571} INFO - 26/08/21 04:36:50 INFO DAGScheduler: Submitting ResultStage 18 (MapPartitionsRDD[61] at $anonfun$recordDeltaOperationInternal$1 at DatabricksLogging.scala:128), which has no missing parents
[2026-08-21T04:36:50.701+0000] {spark_submit.py:571} INFO - 26/08/21 04:36:50 INFO MemoryStore: Block broadcast_21 stored as values in memory (estimated size 55.2 KiB, free 432.9 MiB)
[2026-08-21T04:36:50.702+0000] {spark_submit.py:571} INFO - 26/08/21 04:36:50 INFO MemoryStore: Block broadcast_21_piece0 stored as bytes in memory (estimated size 17.2 KiB, free 432.9 MiB)
[2026-08-21T04:36:50.702+0000] {spark_submit.py:571} INFO - 26/08/21 04:36:50 INFO BlockManagerInfo: Added broadcast_21_piece0 in memory on c90a551abb73:38241 (size: 17.2 KiB, free: 434.1 MiB)
[2026-08-21T04:36:50.703+0000] {spark_submit.py:571} INFO - 26/08/21 04:36:50 INFO SparkContext: Created broadcast 21 from broadcast at DAGScheduler.scala:1585
[2026-08-21T04:36:50.703+0000] {spark_submit.py:571} INFO - 26/08/21 04:36:50 INFO DAGScheduler: Submitting 3 missing tasks from ResultStage 18 (MapPartitionsRDD[61] at $anonfun$recordDeltaOperationInternal$1 at DatabricksLogging.scala:128) (first 15 tasks are for partitions Vector(0, 1, 2))
[2026-08-21T04:36:50.703+0000] {spark_submit.py:571} INFO - 26/08/21 04:36:50 INFO TaskSchedulerImpl: Adding task set 18.0 with 3 tasks resource profile 0
[2026-08-21T04:36:50.704+0000] {spark_submit.py:571} INFO - 26/08/21 04:36:50 INFO TaskSetManager: Starting task 0.0 in stage 18.0 (TID 136) (172.18.0.7, executor 1, partition 0, PROCESS_LOCAL, 8295 bytes)
[2026-08-21T04:36:50.704+0000] {spark_submit.py:571} INFO - 26/08/21 04:36:50 INFO TaskSetManager: Starting task 1.0 in stage 18.0 (TID 137) (172.18.0.6, executor 0, partition 1, PROCESS_LOCAL, 8295 bytes)
[2026-08-21T04:36:50.705+0000] {spark_submit.py:571} INFO - 26/08/21 04:36:50 INFO TaskSetManager: Starting task 2.0 in stage 18.0 (TID 138) (172.18.0.7, executor 1, partition 2, PROCESS_LOCAL, 8295 bytes)
[2026-08-21T04:36:50.729+0000] {spark_submit.py:571} INFO - 26/08/21 04:36:50 INFO BlockManagerInfo: Added broadcast_21_piece0 in memory on 172.18.0.6:45987 (size: 17.2 KiB, free: 434.2 MiB)
[2026-08-21T04:36:50.737+0000] {spark_submit.py:571} INFO - 26/08/21 04:36:50 INFO BlockManagerInfo: Added broadcast_21_piece0 in memory on 172.18.0.7:39393 (size: 17.2 KiB, free: 434.2 MiB)
[2026-08-21T04:36:50.798+0000] {spark_submit.py:571} INFO - 26/08/21 04:36:50 INFO BlockManagerInfo: Added broadcast_20_piece0 in memory on 172.18.0.6:45987 (size: 35.0 KiB, free: 434.1 MiB)
[2026-08-21T04:36:50.865+0000] {spark_submit.py:571} INFO - 26/08/21 04:36:50 INFO TaskSetManager: Finished task 1.0 in stage 18.0 (TID 137) in 161 ms on 172.18.0.6 (executor 0) (1/3)
[2026-08-21T04:36:50.872+0000] {spark_submit.py:571} INFO - 26/08/21 04:36:50 INFO BlockManagerInfo: Added broadcast_20_piece0 in memory on 172.18.0.7:39393 (size: 35.0 KiB, free: 434.1 MiB)
[2026-08-21T04:36:50.943+0000] {spark_submit.py:571} INFO - 26/08/21 04:36:50 INFO TaskSetManager: Finished task 0.0 in stage 18.0 (TID 136) in 237 ms on 172.18.0.7 (executor 1) (2/3)
[2026-08-21T04:36:50.944+0000] {spark_submit.py:571} INFO - 26/08/21 04:36:50 INFO TaskSetManager: Finished task 2.0 in stage 18.0 (TID 138) in 240 ms on 172.18.0.7 (executor 1) (3/3)
[2026-08-21T04:36:50.946+0000] {spark_submit.py:571} INFO - 26/08/21 04:36:50 INFO TaskSchedulerImpl: Removed TaskSet 18.0, whose tasks have all completed, from pool
[2026-08-21T04:36:50.947+0000] {spark_submit.py:571} INFO - 26/08/21 04:36:50 INFO DAGScheduler: ResultStage 18 ($anonfun$recordDeltaOperationInternal$1 at DatabricksLogging.scala:128) finished in 0.246 s
[2026-08-21T04:36:50.947+0000] {spark_submit.py:571} INFO - 26/08/21 04:36:50 INFO DAGScheduler: Job 12 is finished. Cancelling potential speculative or zombie tasks for this job
[2026-08-21T04:36:50.949+0000] {spark_submit.py:571} INFO - 26/08/21 04:36:50 INFO TaskSchedulerImpl: Killing all running tasks in stage 18: Stage finished
[2026-08-21T04:36:50.952+0000] {spark_submit.py:571} INFO - 26/08/21 04:36:50 INFO DAGScheduler: Job 12 finished: $anonfun$recordDeltaOperationInternal$1 at DatabricksLogging.scala:128, took 0.249135 s
[2026-08-21T04:36:50.963+0000] {spark_submit.py:571} INFO - 26/08/21 04:36:50 INFO Snapshot: [tableId=553802dd-42b6-4cf1-8af2-e0916230ea16] Created snapshot Snapshot(path=s3a://bronze/cell_kpi_raw/_delta_log, version=2, metadata=Metadata(553802dd-42b6-4cf1-8af2-e0916230ea16,null,null,Format(parquet,Map()),{"type":"struct","fields":[{"name":"enb_name","type":"string","nullable":true,"metadata":{}},{"name":"cell_name","type":"string","nullable":true,"metadata":{}},{"name":"date_hour","type":"string","nullable":true,"metadata":{}},{"name":"dl_traffic_gb","type":"double","nullable":true,"metadata":{}},{"name":"ul_traffic_gb","type":"double","nullable":true,"metadata":{}},{"name":"total_traffic_gb","type":"double","nullable":true,"metadata":{}},{"name":"max_rrc_connected_user","type":"integer","nullable":true,"metadata":{}},{"name":"ul_prb","type":"double","nullable":true,"metadata":{}},{"name":"ul_prb_used","type":"double","nullable":true,"metadata":{}},{"name":"ul_prb_available_total","type":"double","nullable":true,"metadata":{}},{"name":"dl_prb","type":"double","nullable":true,"metadata":{}},{"name":"dl_prb_used","type":"double","nullable":true,"metadata":{}},{"name":"dl_prb_available_total","type":"double","nullable":true,"metadata":{}},{"name":"sector","type":"string","nullable":true,"metadata":{}},{"name":"azimuth","type":"integer","nullable":true,"metadata":{}},{"name":"cell_type","type":"string","nullable":true,"metadata":{}},{"name":"x","type":"double","nullable":true,"metadata":{}},{"name":"y","type":"double","nullable":true,"metadata":{}},{"name":"date","type":"string","nullable":true,"metadata":{}},{"name":"hour","type":"string","nullable":true,"metadata":{}}]},List(date, hour),Map(),Some(1787286784873)), logSegment=LogSegment(s3a://bronze/cell_kpi_raw/_delta_log,2,ArrayBuffer(S3AFileStatus{path=s3a://bronze/cell_kpi_raw/_delta_log/00000000000000000000.json; isDirectory=false; length=5821; replication=1; blocksize=33554432; modification_time=1787286797585; access_time=0; owner=***; group=***; permission=rw-rw-rw-; isSymlink=false; hasAcl=false; isEncrypted=true; isErasureCoded=false} isEmptyDirectory=FALSE eTag=75575b1ec5f43e5c51e4644a250c1bf4 versionId=null, S3AFileStatus{path=s3a://bronze/cell_kpi_raw/_delta_log/00000000000000000001.json; isDirectory=false; length=3978; replication=1; blocksize=33554432; modification_time=1787286860216; access_time=0; owner=***; group=***; permission=rw-rw-rw-; isSymlink=false; hasAcl=false; isEncrypted=true; isErasureCoded=false} isEmptyDirectory=FALSE eTag=4b99acafbc48768b6984bd481eec7d46 versionId=null, S3AFileStatus{path=s3a://bronze/cell_kpi_raw/_delta_log/00000000000000000002.json; isDirectory=false; length=3999; replication=1; blocksize=33554432; modification_time=1787287010000; access_time=0; owner=***; group=***; permission=rw-rw-rw-; isSymlink=false; hasAcl=false; isEncrypted=true; isErasureCoded=false} isEmptyDirectory=FALSE eTag=1a829cab521ed7ab7cccdbd0b4b89ada versionId=null),org.apache.spark.sql.delta.EmptyCheckpointProvider$@10664c14,1787287010000), checksumOpt=None)
[2026-08-21T04:36:50.965+0000] {spark_submit.py:571} INFO - 26/08/21 04:36:50 INFO DeltaLog: Updated snapshot to Snapshot(path=s3a://bronze/cell_kpi_raw/_delta_log, version=2, metadata=Metadata(553802dd-42b6-4cf1-8af2-e0916230ea16,null,null,Format(parquet,Map()),{"type":"struct","fields":[{"name":"enb_name","type":"string","nullable":true,"metadata":{}},{"name":"cell_name","type":"string","nullable":true,"metadata":{}},{"name":"date_hour","type":"string","nullable":true,"metadata":{}},{"name":"dl_traffic_gb","type":"double","nullable":true,"metadata":{}},{"name":"ul_traffic_gb","type":"double","nullable":true,"metadata":{}},{"name":"total_traffic_gb","type":"double","nullable":true,"metadata":{}},{"name":"max_rrc_connected_user","type":"integer","nullable":true,"metadata":{}},{"name":"ul_prb","type":"double","nullable":true,"metadata":{}},{"name":"ul_prb_used","type":"double","nullable":true,"metadata":{}},{"name":"ul_prb_available_total","type":"double","nullable":true,"metadata":{}},{"name":"dl_prb","type":"double","nullable":true,"metadata":{}},{"name":"dl_prb_used","type":"double","nullable":true,"metadata":{}},{"name":"dl_prb_available_total","type":"double","nullable":true,"metadata":{}},{"name":"sector","type":"string","nullable":true,"metadata":{}},{"name":"azimuth","type":"integer","nullable":true,"metadata":{}},{"name":"cell_type","type":"string","nullable":true,"metadata":{}},{"name":"x","type":"double","nullable":true,"metadata":{}},{"name":"y","type":"double","nullable":true,"metadata":{}},{"name":"date","type":"string","nullable":true,"metadata":{}},{"name":"hour","type":"string","nullable":true,"metadata":{}}]},List(date, hour),Map(),Some(1787286784873)), logSegment=LogSegment(s3a://bronze/cell_kpi_raw/_delta_log,2,ArrayBuffer(S3AFileStatus{path=s3a://bronze/cell_kpi_raw/_delta_log/00000000000000000000.json; isDirectory=false; length=5821; replication=1; blocksize=33554432; modification_time=1787286797585; access_time=0; owner=***; group=***; permission=rw-rw-rw-; isSymlink=false; hasAcl=false; isEncrypted=true; isErasureCoded=false} isEmptyDirectory=FALSE eTag=75575b1ec5f43e5c51e4644a250c1bf4 versionId=null, S3AFileStatus{path=s3a://bronze/cell_kpi_raw/_delta_log/00000000000000000001.json; isDirectory=false; length=3978; replication=1; blocksize=33554432; modification_time=1787286860216; access_time=0; owner=***; group=***; permission=rw-rw-rw-; isSymlink=false; hasAcl=false; isEncrypted=true; isErasureCoded=false} isEmptyDirectory=FALSE eTag=4b99acafbc48768b6984bd481eec7d46 versionId=null, S3AFileStatus{path=s3a://bronze/cell_kpi_raw/_delta_log/00000000000000000002.json; isDirectory=false; length=3999; replication=1; blocksize=33554432; modification_time=1787287010000; access_time=0; owner=***; group=***; permission=rw-rw-rw-; isSymlink=false; hasAcl=false; isEncrypted=true; isErasureCoded=false} isEmptyDirectory=FALSE eTag=1a829cab521ed7ab7cccdbd0b4b89ada versionId=null),org.apache.spark.sql.delta.EmptyCheckpointProvider$@10664c14,1787287010000), checksumOpt=None)
[2026-08-21T04:36:50.967+0000] {spark_submit.py:571} INFO - 26/08/21 04:36:50 INFO MapPartitionsRDD: Removing RDD 38 from persistence list
[2026-08-21T04:36:50.986+0000] {spark_submit.py:571} INFO - 26/08/21 04:36:50 INFO BlockManager: Removing RDD 38
[2026-08-21T04:36:51.001+0000] {spark_submit.py:571} INFO - 26/08/21 04:36:51 INFO MapPartitionsRDD: Removing RDD 48 from persistence list
[2026-08-21T04:36:51.009+0000] {spark_submit.py:571} INFO - 26/08/21 04:36:51 INFO BlockManager: Removing RDD 48
[2026-08-21T04:36:51.203+0000] {spark_submit.py:571} INFO - 26/08/21 04:36:51 INFO OptimisticTransaction: [tableId=553802dd,txnId=2d8a23ca] Committed delta #2 to s3a://bronze/cell_kpi_raw/_delta_log
[2026-08-21T04:36:51.208+0000] {spark_submit.py:571} INFO - Ingest Bronze Hourly hoàn tất!
[2026-08-21T04:36:51.208+0000] {spark_submit.py:571} INFO - 26/08/21 04:36:51 INFO SparkContext: SparkContext is stopping with exitCode 0.
[2026-08-21T04:36:51.223+0000] {spark_submit.py:571} INFO - 26/08/21 04:36:51 INFO SparkUI: Stopped Spark web UI at http://c90a551abb73:4040
[2026-08-21T04:36:51.227+0000] {spark_submit.py:571} INFO - 26/08/21 04:36:51 INFO StandaloneSchedulerBackend: Shutting down all executors
[2026-08-21T04:36:51.228+0000] {spark_submit.py:571} INFO - 26/08/21 04:36:51 INFO StandaloneSchedulerBackend$StandaloneDriverEndpoint: Asking each executor to shut down
[2026-08-21T04:36:51.248+0000] {spark_submit.py:571} INFO - 26/08/21 04:36:51 INFO MapOutputTrackerMasterEndpoint: MapOutputTrackerMasterEndpoint stopped!
[2026-08-21T04:36:51.325+0000] {spark_submit.py:571} INFO - 26/08/21 04:36:51 INFO MemoryStore: MemoryStore cleared
[2026-08-21T04:36:51.328+0000] {spark_submit.py:571} INFO - 26/08/21 04:36:51 INFO BlockManager: BlockManager stopped
[2026-08-21T04:36:51.350+0000] {spark_submit.py:571} INFO - 26/08/21 04:36:51 INFO BlockManagerMaster: BlockManagerMaster stopped
[2026-08-21T04:36:51.375+0000] {spark_submit.py:571} INFO - 26/08/21 04:36:51 INFO OutputCommitCoordinator$OutputCommitCoordinatorEndpoint: OutputCommitCoordinator stopped!
[2026-08-21T04:36:51.436+0000] {spark_submit.py:571} INFO - 26/08/21 04:36:51 INFO SparkContext: Successfully stopped SparkContext
[2026-08-21T04:36:51.610+0000] {spark_submit.py:571} INFO - 26/08/21 04:36:51 INFO ShutdownHookManager: Shutdown hook called
[2026-08-21T04:36:51.613+0000] {spark_submit.py:571} INFO - 26/08/21 04:36:51 INFO ShutdownHookManager: Deleting directory /tmp/spark-de1d1107-11a6-4134-97dd-d401f77347f2/pyspark-6816d122-e3b3-4a0f-9ea1-152814db2a9a
[2026-08-21T04:36:51.631+0000] {spark_submit.py:571} INFO - 26/08/21 04:36:51 INFO ShutdownHookManager: Deleting directory /tmp/spark-de1d1107-11a6-4134-97dd-d401f77347f2
[2026-08-21T04:36:51.644+0000] {spark_submit.py:571} INFO - 26/08/21 04:36:51 INFO ShutdownHookManager: Deleting directory /tmp/spark-965c39ea-659f-4a2f-a450-072b5a91dee8
[2026-08-21T04:36:51.683+0000] {spark_submit.py:571} INFO - 26/08/21 04:36:51 INFO MetricsSystemImpl: Stopping s3a-file-system metrics system...
[2026-08-21T04:36:51.689+0000] {spark_submit.py:571} INFO - 26/08/21 04:36:51 INFO MetricsSystemImpl: s3a-file-system metrics system stopped.
[2026-08-21T04:36:51.692+0000] {spark_submit.py:571} INFO - 26/08/21 04:36:51 INFO MetricsSystemImpl: s3a-file-system metrics system shutdown complete.
[2026-08-21T04:36:51.848+0000] {taskinstance.py:441} INFO - ::group::Post task execution logs
[2026-08-21T04:36:51.873+0000] {taskinstance.py:1206} INFO - Marking task as SUCCESS. dag_id=cell_kpi_hourly_anomaly_pipeline, task_id=1_ingest_hourly_bronze, run_id=scheduled__2025-05-31T19:00:00+00:00, execution_date=20250531T190000, start_date=20260821T043509, end_date=20260821T043651
[2026-08-21T04:36:51.950+0000] {local_task_job_runner.py:240} INFO - Task exited with return code 0
[2026-08-21T04:36:51.994+0000] {taskinstance.py:3498} INFO - 1 downstream tasks scheduled from follow-on schedule check
[2026-08-21T04:36:51.996+0000] {local_task_job_runner.py:222} INFO - ::endgroup::
