[2026-08-21T03:56:18.134+0000] {local_task_job_runner.py:120} INFO - ::group::Pre task execution logs
[2026-08-21T03:56:18.156+0000] {taskinstance.py:2076} INFO - Dependencies all met for dep_context=non-requeueable deps ti=<TaskInstance: cell_kpi_hourly_anomaly_pipeline.1_ingest_hourly_bronze scheduled__2025-05-31T20:00:00+00:00 [queued]>
[2026-08-21T03:56:18.165+0000] {taskinstance.py:2076} INFO - Dependencies all met for dep_context=requeueable deps ti=<TaskInstance: cell_kpi_hourly_anomaly_pipeline.1_ingest_hourly_bronze scheduled__2025-05-31T20:00:00+00:00 [queued]>
[2026-08-21T03:56:18.165+0000] {taskinstance.py:2306} INFO - Starting attempt 1 of 2
[2026-08-21T03:56:18.179+0000] {taskinstance.py:2330} INFO - Executing <Task(SparkSubmitOperator): 1_ingest_hourly_bronze> on 2025-05-31 20:00:00+00:00
[2026-08-21T03:56:18.191+0000] {standard_task_runner.py:63} INFO - Started process 3103 to run task
[2026-08-21T03:56:18.196+0000] {standard_task_runner.py:90} INFO - Running: ['***', 'tasks', 'run', 'cell_kpi_hourly_anomaly_pipeline', '1_ingest_hourly_bronze', 'scheduled__2025-05-31T20:00:00+00:00', '--job-id', '35', '--raw', '--subdir', 'DAGS_FOLDER/cell_kpi_hourly_anomaly.py', '--cfg-path', '/tmp/tmp3n2d_zkc']
[2026-08-21T03:56:18.201+0000] {standard_task_runner.py:91} INFO - Job 35: Subtask 1_ingest_hourly_bronze
[2026-08-21T03:56:18.270+0000] {task_command.py:426} INFO - Running <TaskInstance: cell_kpi_hourly_anomaly_pipeline.1_ingest_hourly_bronze scheduled__2025-05-31T20:00:00+00:00 [running]> on host c90a551abb73
[2026-08-21T03:56:18.346+0000] {logging_mixin.py:188} WARNING - /home/***/.local/lib/python3.10/site-packages/***/utils/context.py:212 AirflowContextDeprecationWarning: Accessing 'execution_date' from the template is deprecated and will be removed in a future version. Please use 'data_interval_start' or 'logical_date' instead.
[2026-08-21T03:56:18.386+0000] {taskinstance.py:2648} INFO - Exporting env vars: AIRFLOW_CTX_DAG_OWNER='data_engineer_team' AIRFLOW_CTX_DAG_ID='cell_kpi_hourly_anomaly_pipeline' AIRFLOW_CTX_TASK_ID='1_ingest_hourly_bronze' AIRFLOW_CTX_EXECUTION_DATE='2025-05-31T20:00:00+00:00' AIRFLOW_CTX_TRY_NUMBER='1' AIRFLOW_CTX_DAG_RUN_ID='scheduled__2025-05-31T20:00:00+00:00'
[2026-08-21T03:56:18.387+0000] {taskinstance.py:430} INFO - ::endgroup::
[2026-08-21T03:56:18.409+0000] {base.py:84} INFO - Using connection ID 'spark-master' for task execution.
[2026-08-21T03:56:18.411+0000] {spark_submit.py:401} INFO - Spark-Submit cmd: spark-submit --master spark://spark-master:7077 --name arrow-spark --deploy-mode client /opt/spark_scripts/1_ingest_hourly.py --input_path s3a://landingzone/202506.csv --target_date_hour 2025-06-01-03
[2026-08-21T03:56:18.552+0000] {spark_submit.py:571} INFO - /home/***/.local/lib/python3.10/site-packages/pyspark/bin/load-spark-env.sh: line 68: ps: command not found
[2026-08-21T03:56:23.429+0000] {spark_submit.py:571} INFO - 26/08/21 03:56:23 INFO SparkContext: Running Spark version 3.5.1
[2026-08-21T03:56:23.433+0000] {spark_submit.py:571} INFO - 26/08/21 03:56:23 INFO SparkContext: OS info Linux, 6.8.0-1052-azure, amd64
[2026-08-21T03:56:23.437+0000] {spark_submit.py:571} INFO - 26/08/21 03:56:23 INFO SparkContext: Java version 17.0.20
[2026-08-21T03:56:23.573+0000] {spark_submit.py:571} INFO - 26/08/21 03:56:23 WARN NativeCodeLoader: Unable to load native-hadoop library for your platform... using builtin-java classes where applicable
[2026-08-21T03:56:23.755+0000] {spark_submit.py:571} INFO - 26/08/21 03:56:23 INFO ResourceUtils: ==============================================================
[2026-08-21T03:56:23.756+0000] {spark_submit.py:571} INFO - 26/08/21 03:56:23 INFO ResourceUtils: No custom resources configured for spark.driver.
[2026-08-21T03:56:23.761+0000] {spark_submit.py:571} INFO - 26/08/21 03:56:23 INFO ResourceUtils: ==============================================================
[2026-08-21T03:56:23.762+0000] {spark_submit.py:571} INFO - 26/08/21 03:56:23 INFO SparkContext: Submitted application: Ingest_Bronze_2025-06-01-03
[2026-08-21T03:56:23.794+0000] {spark_submit.py:571} INFO - 26/08/21 03:56:23 INFO ResourceProfile: Default ResourceProfile created, executor resources: Map(memory -> name: memory, amount: 1024, script: , vendor: , offHeap -> name: offHeap, amount: 0, script: , vendor: ), task resources: Map(cpus -> name: cpus, amount: 1.0)
[2026-08-21T03:56:23.814+0000] {spark_submit.py:571} INFO - 26/08/21 03:56:23 INFO ResourceProfile: Limiting resource is cpu
[2026-08-21T03:56:23.818+0000] {spark_submit.py:571} INFO - 26/08/21 03:56:23 INFO ResourceProfileManager: Added ResourceProfile id: 0
[2026-08-21T03:56:23.943+0000] {spark_submit.py:571} INFO - 26/08/21 03:56:23 INFO SecurityManager: Changing view acls to: ***
[2026-08-21T03:56:23.944+0000] {spark_submit.py:571} INFO - 26/08/21 03:56:23 INFO SecurityManager: Changing modify acls to: ***
[2026-08-21T03:56:23.948+0000] {spark_submit.py:571} INFO - 26/08/21 03:56:23 INFO SecurityManager: Changing view acls groups to:
[2026-08-21T03:56:23.949+0000] {spark_submit.py:571} INFO - 26/08/21 03:56:23 INFO SecurityManager: Changing modify acls groups to:
[2026-08-21T03:56:23.956+0000] {spark_submit.py:571} INFO - 26/08/21 03:56:23 INFO SecurityManager: SecurityManager: authentication disabled; ui acls disabled; users with view permissions: ***; groups with view permissions: EMPTY; users with modify permissions: ***; groups with modify permissions: EMPTY
[2026-08-21T03:56:24.512+0000] {spark_submit.py:571} INFO - 26/08/21 03:56:24 INFO Utils: Successfully started service 'sparkDriver' on port 45223.
[2026-08-21T03:56:24.563+0000] {spark_submit.py:571} INFO - 26/08/21 03:56:24 INFO SparkEnv: Registering MapOutputTracker
[2026-08-21T03:56:24.633+0000] {spark_submit.py:571} INFO - 26/08/21 03:56:24 INFO SparkEnv: Registering BlockManagerMaster
[2026-08-21T03:56:24.660+0000] {spark_submit.py:571} INFO - 26/08/21 03:56:24 INFO BlockManagerMasterEndpoint: Using org.apache.spark.storage.DefaultTopologyMapper for getting topology information
[2026-08-21T03:56:24.664+0000] {spark_submit.py:571} INFO - 26/08/21 03:56:24 INFO BlockManagerMasterEndpoint: BlockManagerMasterEndpoint up
[2026-08-21T03:56:24.668+0000] {spark_submit.py:571} INFO - 26/08/21 03:56:24 INFO SparkEnv: Registering BlockManagerMasterHeartbeat
[2026-08-21T03:56:24.706+0000] {spark_submit.py:571} INFO - 26/08/21 03:56:24 INFO DiskBlockManager: Created local directory at /tmp/blockmgr-daa92d6f-14cd-4506-a453-fbc130672772
[2026-08-21T03:56:24.735+0000] {spark_submit.py:571} INFO - 26/08/21 03:56:24 INFO MemoryStore: MemoryStore started with capacity 434.4 MiB
[2026-08-21T03:56:24.777+0000] {spark_submit.py:571} INFO - 26/08/21 03:56:24 INFO SparkEnv: Registering OutputCommitCoordinator
[2026-08-21T03:56:25.044+0000] {spark_submit.py:571} INFO - 26/08/21 03:56:25 INFO JettyUtils: Start Jetty 0.0.0.0:4040 for SparkUI
[2026-08-21T03:56:25.240+0000] {spark_submit.py:571} INFO - 26/08/21 03:56:25 WARN Utils: Service 'SparkUI' could not bind on port 4040. Attempting port 4041.
[2026-08-21T03:56:25.257+0000] {spark_submit.py:571} INFO - 26/08/21 03:56:25 INFO Utils: Successfully started service 'SparkUI' on port 4041.
[2026-08-21T03:56:25.627+0000] {spark_submit.py:571} INFO - 26/08/21 03:56:25 INFO StandaloneAppClient$ClientEndpoint: Connecting to master spark://spark-master:7077...
[2026-08-21T03:56:25.717+0000] {spark_submit.py:571} INFO - 26/08/21 03:56:25 INFO TransportClientFactory: Successfully created connection to spark-master/172.18.0.4:7077 after 40 ms (0 ms spent in bootstraps)
[2026-08-21T03:56:25.918+0000] {spark_submit.py:571} INFO - 26/08/21 03:56:25 INFO StandaloneSchedulerBackend: Connected to Spark cluster with app ID app-20260821035625-0007
[2026-08-21T03:56:25.953+0000] {spark_submit.py:571} INFO - 26/08/21 03:56:25 INFO Utils: Successfully started service 'org.apache.spark.network.netty.NettyBlockTransferService' on port 36115.
[2026-08-21T03:56:25.954+0000] {spark_submit.py:571} INFO - 26/08/21 03:56:25 INFO NettyBlockTransferService: Server created on c90a551abb73:36115
[2026-08-21T03:56:25.958+0000] {spark_submit.py:571} INFO - 26/08/21 03:56:25 INFO BlockManager: Using org.apache.spark.storage.RandomBlockReplicationPolicy for block replication policy
[2026-08-21T03:56:25.984+0000] {spark_submit.py:571} INFO - 26/08/21 03:56:25 INFO BlockManagerMaster: Registering BlockManager BlockManagerId(driver, c90a551abb73, 36115, None)
[2026-08-21T03:56:25.992+0000] {spark_submit.py:571} INFO - 26/08/21 03:56:25 INFO BlockManagerMasterEndpoint: Registering block manager c90a551abb73:36115 with 434.4 MiB RAM, BlockManagerId(driver, c90a551abb73, 36115, None)
[2026-08-21T03:56:25.997+0000] {spark_submit.py:571} INFO - 26/08/21 03:56:25 INFO BlockManagerMaster: Registered BlockManager BlockManagerId(driver, c90a551abb73, 36115, None)
[2026-08-21T03:56:26.000+0000] {spark_submit.py:571} INFO - 26/08/21 03:56:25 INFO BlockManager: Initialized BlockManager: BlockManagerId(driver, c90a551abb73, 36115, None)
[2026-08-21T03:56:26.432+0000] {spark_submit.py:571} INFO - 26/08/21 03:56:26 INFO StandaloneSchedulerBackend: SchedulerBackend is ready for scheduling beginning after reached minRegisteredResourcesRatio: 0.0
[2026-08-21T03:56:26.879+0000] {spark_submit.py:571} INFO - Đang nạp s3a://landingzone/202506.csv và trích xuất dữ liệu ca: 2025-06-01-03...
[2026-08-21T03:56:26.977+0000] {spark_submit.py:571} INFO - 26/08/21 03:56:26 INFO SharedState: Setting hive.metastore.warehouse.dir ('null') to the value of spark.sql.warehouse.dir.
[2026-08-21T03:56:26.982+0000] {spark_submit.py:571} INFO - 26/08/21 03:56:26 INFO SharedState: Warehouse path is 'file:/opt/***/spark-warehouse'.
[2026-08-21T03:56:28.261+0000] {spark_submit.py:571} INFO - 26/08/21 03:56:28 WARN MetricsConfig: Cannot locate configuration: tried hadoop-metrics2-s3a-file-system.properties,hadoop-metrics2.properties
[2026-08-21T03:56:28.276+0000] {spark_submit.py:571} INFO - 26/08/21 03:56:28 INFO MetricsSystemImpl: Scheduled Metric snapshot period at 10 second(s).
[2026-08-21T03:56:28.281+0000] {spark_submit.py:571} INFO - 26/08/21 03:56:28 INFO MetricsSystemImpl: s3a-file-system metrics system started
[2026-08-21T03:56:29.949+0000] {spark_submit.py:571} INFO - 26/08/21 03:56:29 INFO InMemoryFileIndex: It took 139 ms to list leaf files for 1 paths.
[2026-08-21T03:56:30.122+0000] {spark_submit.py:571} INFO - 26/08/21 03:56:30 INFO InMemoryFileIndex: It took 11 ms to list leaf files for 1 paths.
[2026-08-21T03:56:33.440+0000] {spark_submit.py:571} INFO - 26/08/21 03:56:33 INFO FileSourceStrategy: Pushed Filters:
[2026-08-21T03:56:33.441+0000] {spark_submit.py:571} INFO - 26/08/21 03:56:33 INFO FileSourceStrategy: Post-Scan Filters: (length(trim(value#0, None)) > 0)
[2026-08-21T03:56:33.486+0000] {spark_submit.py:571} INFO - 26/08/21 03:56:33 INFO StandaloneAppClient$ClientEndpoint: Executor added: app-20260821035625-0007/0 on worker-20260821021253-172.18.0.6-39045 (172.18.0.6:39045) with 2 core(s)
[2026-08-21T03:56:33.496+0000] {spark_submit.py:571} INFO - 26/08/21 03:56:33 INFO StandaloneSchedulerBackend: Granted executor ID app-20260821035625-0007/0 on hostPort 172.18.0.6:39045 with 2 core(s), 1024.0 MiB RAM
[2026-08-21T03:56:33.497+0000] {spark_submit.py:571} INFO - 26/08/21 03:56:33 INFO StandaloneAppClient$ClientEndpoint: Executor added: app-20260821035625-0007/1 on worker-20260821021253-172.18.0.7-44957 (172.18.0.7:44957) with 2 core(s)
[2026-08-21T03:56:33.498+0000] {spark_submit.py:571} INFO - 26/08/21 03:56:33 INFO StandaloneSchedulerBackend: Granted executor ID app-20260821035625-0007/1 on hostPort 172.18.0.7:44957 with 2 core(s), 1024.0 MiB RAM
[2026-08-21T03:56:33.514+0000] {spark_submit.py:571} INFO - 26/08/21 03:56:33 INFO StandaloneAppClient$ClientEndpoint: Executor updated: app-20260821035625-0007/0 is now RUNNING
[2026-08-21T03:56:33.563+0000] {spark_submit.py:571} INFO - 26/08/21 03:56:33 INFO StandaloneAppClient$ClientEndpoint: Executor updated: app-20260821035625-0007/1 is now RUNNING
[2026-08-21T03:56:34.383+0000] {spark_submit.py:571} INFO - 26/08/21 03:56:34 INFO CodeGenerator: Code generated in 370.013076 ms
[2026-08-21T03:56:34.504+0000] {spark_submit.py:571} INFO - 26/08/21 03:56:34 INFO MemoryStore: Block broadcast_0 stored as values in memory (estimated size 201.7 KiB, free 434.2 MiB)
[2026-08-21T03:56:34.600+0000] {spark_submit.py:571} INFO - 26/08/21 03:56:34 INFO MemoryStore: Block broadcast_0_piece0 stored as bytes in memory (estimated size 35.0 KiB, free 434.2 MiB)
[2026-08-21T03:56:34.601+0000] {spark_submit.py:571} INFO - 26/08/21 03:56:34 INFO BlockManagerInfo: Added broadcast_0_piece0 in memory on c90a551abb73:36115 (size: 35.0 KiB, free: 434.4 MiB)
[2026-08-21T03:56:34.606+0000] {spark_submit.py:571} INFO - 26/08/21 03:56:34 INFO SparkContext: Created broadcast 0 from csv at NativeMethodAccessorImpl.java:0
[2026-08-21T03:56:34.621+0000] {spark_submit.py:571} INFO - 26/08/21 03:56:34 INFO FileSourceScanExec: Planning scan with bin packing, max size: 134217728 bytes, open cost is considered as scanning 4194304 bytes.
[2026-08-21T03:56:34.842+0000] {spark_submit.py:571} INFO - 26/08/21 03:56:34 INFO SparkContext: Starting job: csv at NativeMethodAccessorImpl.java:0
[2026-08-21T03:56:34.877+0000] {spark_submit.py:571} INFO - 26/08/21 03:56:34 INFO DAGScheduler: Got job 0 (csv at NativeMethodAccessorImpl.java:0) with 1 output partitions
[2026-08-21T03:56:34.878+0000] {spark_submit.py:571} INFO - 26/08/21 03:56:34 INFO DAGScheduler: Final stage: ResultStage 0 (csv at NativeMethodAccessorImpl.java:0)
[2026-08-21T03:56:34.884+0000] {spark_submit.py:571} INFO - 26/08/21 03:56:34 INFO DAGScheduler: Parents of final stage: List()
[2026-08-21T03:56:34.885+0000] {spark_submit.py:571} INFO - 26/08/21 03:56:34 INFO DAGScheduler: Missing parents: List()
[2026-08-21T03:56:34.895+0000] {spark_submit.py:571} INFO - 26/08/21 03:56:34 INFO DAGScheduler: Submitting ResultStage 0 (MapPartitionsRDD[3] at csv at NativeMethodAccessorImpl.java:0), which has no missing parents
[2026-08-21T03:56:35.060+0000] {spark_submit.py:571} INFO - 26/08/21 03:56:35 INFO MemoryStore: Block broadcast_1 stored as values in memory (estimated size 13.5 KiB, free 434.2 MiB)
[2026-08-21T03:56:35.083+0000] {spark_submit.py:571} INFO - 26/08/21 03:56:35 INFO MemoryStore: Block broadcast_1_piece0 stored as bytes in memory (estimated size 6.4 KiB, free 434.1 MiB)
[2026-08-21T03:56:35.090+0000] {spark_submit.py:571} INFO - 26/08/21 03:56:35 INFO BlockManagerInfo: Added broadcast_1_piece0 in memory on c90a551abb73:36115 (size: 6.4 KiB, free: 434.4 MiB)
[2026-08-21T03:56:35.090+0000] {spark_submit.py:571} INFO - 26/08/21 03:56:35 INFO SparkContext: Created broadcast 1 from broadcast at DAGScheduler.scala:1585
[2026-08-21T03:56:35.102+0000] {spark_submit.py:571} INFO - 26/08/21 03:56:35 INFO DAGScheduler: Submitting 1 missing tasks from ResultStage 0 (MapPartitionsRDD[3] at csv at NativeMethodAccessorImpl.java:0) (first 15 tasks are for partitions Vector(0))
[2026-08-21T03:56:35.103+0000] {spark_submit.py:571} INFO - 26/08/21 03:56:35 INFO TaskSchedulerImpl: Adding task set 0.0 with 1 tasks resource profile 0
[2026-08-21T03:56:37.650+0000] {spark_submit.py:571} INFO - 26/08/21 03:56:37 INFO StandaloneSchedulerBackend$StandaloneDriverEndpoint: Registered executor NettyRpcEndpointRef(spark-client://Executor) (172.18.0.7:40320) with ID 1,  ResourceProfileId 0
[2026-08-21T03:56:37.715+0000] {spark_submit.py:571} INFO - 26/08/21 03:56:37 INFO StandaloneSchedulerBackend$StandaloneDriverEndpoint: Registered executor NettyRpcEndpointRef(spark-client://Executor) (172.18.0.6:37534) with ID 0,  ResourceProfileId 0
[2026-08-21T03:56:37.741+0000] {spark_submit.py:571} INFO - 26/08/21 03:56:37 INFO BlockManagerMasterEndpoint: Registering block manager 172.18.0.7:43013 with 434.4 MiB RAM, BlockManagerId(1, 172.18.0.7, 43013, None)
[2026-08-21T03:56:37.797+0000] {spark_submit.py:571} INFO - 26/08/21 03:56:37 INFO BlockManagerMasterEndpoint: Registering block manager 172.18.0.6:44823 with 434.4 MiB RAM, BlockManagerId(0, 172.18.0.6, 44823, None)
[2026-08-21T03:56:37.824+0000] {spark_submit.py:571} INFO - 26/08/21 03:56:37 INFO TaskSetManager: Starting task 0.0 in stage 0.0 (TID 0) (172.18.0.7, executor 1, partition 0, PROCESS_LOCAL, 8210 bytes)
[2026-08-21T03:56:38.135+0000] {spark_submit.py:571} INFO - 26/08/21 03:56:38 INFO BlockManagerInfo: Added broadcast_1_piece0 in memory on 172.18.0.7:43013 (size: 6.4 KiB, free: 434.4 MiB)
[2026-08-21T03:56:38.867+0000] {spark_submit.py:571} INFO - 26/08/21 03:56:38 INFO BlockManagerInfo: Added broadcast_0_piece0 in memory on 172.18.0.7:43013 (size: 35.0 KiB, free: 434.4 MiB)
[2026-08-21T03:56:39.905+0000] {spark_submit.py:571} INFO - 26/08/21 03:56:39 INFO TaskSetManager: Finished task 0.0 in stage 0.0 (TID 0) in 2097 ms on 172.18.0.7 (executor 1) (1/1)
[2026-08-21T03:56:39.906+0000] {spark_submit.py:571} INFO - 26/08/21 03:56:39 INFO TaskSchedulerImpl: Removed TaskSet 0.0, whose tasks have all completed, from pool
[2026-08-21T03:56:39.913+0000] {spark_submit.py:571} INFO - 26/08/21 03:56:39 INFO DAGScheduler: ResultStage 0 (csv at NativeMethodAccessorImpl.java:0) finished in 4.971 s
[2026-08-21T03:56:39.915+0000] {spark_submit.py:571} INFO - 26/08/21 03:56:39 INFO DAGScheduler: Job 0 is finished. Cancelling potential speculative or zombie tasks for this job
[2026-08-21T03:56:39.915+0000] {spark_submit.py:571} INFO - 26/08/21 03:56:39 INFO TaskSchedulerImpl: Killing all running tasks in stage 0: Stage finished
[2026-08-21T03:56:39.917+0000] {spark_submit.py:571} INFO - 26/08/21 03:56:39 INFO DAGScheduler: Job 0 finished: csv at NativeMethodAccessorImpl.java:0, took 5.080733 s
[2026-08-21T03:56:39.939+0000] {spark_submit.py:571} INFO - 26/08/21 03:56:39 INFO CodeGenerator: Code generated in 11.80221 ms
[2026-08-21T03:56:39.997+0000] {spark_submit.py:571} INFO - 26/08/21 03:56:39 INFO BlockManagerInfo: Removed broadcast_1_piece0 on c90a551abb73:36115 in memory (size: 6.4 KiB, free: 434.4 MiB)
[2026-08-21T03:56:40.013+0000] {spark_submit.py:571} INFO - 26/08/21 03:56:40 INFO FileSourceStrategy: Pushed Filters:
[2026-08-21T03:56:40.015+0000] {spark_submit.py:571} INFO - 26/08/21 03:56:40 INFO FileSourceStrategy: Post-Scan Filters:
[2026-08-21T03:56:40.029+0000] {spark_submit.py:571} INFO - 26/08/21 03:56:40 INFO MemoryStore: Block broadcast_2 stored as values in memory (estimated size 201.7 KiB, free 434.0 MiB)
[2026-08-21T03:56:40.051+0000] {spark_submit.py:571} INFO - 26/08/21 03:56:40 INFO BlockManagerInfo: Removed broadcast_1_piece0 on 172.18.0.7:43013 in memory (size: 6.4 KiB, free: 434.4 MiB)
[2026-08-21T03:56:40.074+0000] {spark_submit.py:571} INFO - 26/08/21 03:56:40 INFO MemoryStore: Block broadcast_2_piece0 stored as bytes in memory (estimated size 35.0 KiB, free 433.9 MiB)
[2026-08-21T03:56:40.075+0000] {spark_submit.py:571} INFO - 26/08/21 03:56:40 INFO BlockManagerInfo: Added broadcast_2_piece0 in memory on c90a551abb73:36115 (size: 35.0 KiB, free: 434.3 MiB)
[2026-08-21T03:56:40.085+0000] {spark_submit.py:571} INFO - 26/08/21 03:56:40 INFO SparkContext: Created broadcast 2 from csv at NativeMethodAccessorImpl.java:0
[2026-08-21T03:56:40.088+0000] {spark_submit.py:571} INFO - 26/08/21 03:56:40 INFO FileSourceScanExec: Planning scan with bin packing, max size: 134217728 bytes, open cost is considered as scanning 4194304 bytes.
[2026-08-21T03:56:40.146+0000] {spark_submit.py:571} INFO - 26/08/21 03:56:40 INFO SparkContext: Starting job: csv at NativeMethodAccessorImpl.java:0
[2026-08-21T03:56:40.147+0000] {spark_submit.py:571} INFO - 26/08/21 03:56:40 INFO DAGScheduler: Got job 1 (csv at NativeMethodAccessorImpl.java:0) with 7 output partitions
[2026-08-21T03:56:40.147+0000] {spark_submit.py:571} INFO - 26/08/21 03:56:40 INFO DAGScheduler: Final stage: ResultStage 1 (csv at NativeMethodAccessorImpl.java:0)
[2026-08-21T03:56:40.148+0000] {spark_submit.py:571} INFO - 26/08/21 03:56:40 INFO DAGScheduler: Parents of final stage: List()
[2026-08-21T03:56:40.148+0000] {spark_submit.py:571} INFO - 26/08/21 03:56:40 INFO DAGScheduler: Missing parents: List()
[2026-08-21T03:56:40.152+0000] {spark_submit.py:571} INFO - 26/08/21 03:56:40 INFO DAGScheduler: Submitting ResultStage 1 (MapPartitionsRDD[9] at csv at NativeMethodAccessorImpl.java:0), which has no missing parents
[2026-08-21T03:56:40.176+0000] {spark_submit.py:571} INFO - 26/08/21 03:56:40 INFO MemoryStore: Block broadcast_3 stored as values in memory (estimated size 28.3 KiB, free 433.9 MiB)
[2026-08-21T03:56:40.178+0000] {spark_submit.py:571} INFO - 26/08/21 03:56:40 INFO MemoryStore: Block broadcast_3_piece0 stored as bytes in memory (estimated size 13.1 KiB, free 433.9 MiB)
[2026-08-21T03:56:40.179+0000] {spark_submit.py:571} INFO - 26/08/21 03:56:40 INFO BlockManagerInfo: Added broadcast_3_piece0 in memory on c90a551abb73:36115 (size: 13.1 KiB, free: 434.3 MiB)
[2026-08-21T03:56:40.180+0000] {spark_submit.py:571} INFO - 26/08/21 03:56:40 INFO SparkContext: Created broadcast 3 from broadcast at DAGScheduler.scala:1585
[2026-08-21T03:56:40.182+0000] {spark_submit.py:571} INFO - 26/08/21 03:56:40 INFO DAGScheduler: Submitting 7 missing tasks from ResultStage 1 (MapPartitionsRDD[9] at csv at NativeMethodAccessorImpl.java:0) (first 15 tasks are for partitions Vector(0, 1, 2, 3, 4, 5, 6))
[2026-08-21T03:56:40.183+0000] {spark_submit.py:571} INFO - 26/08/21 03:56:40 INFO TaskSchedulerImpl: Adding task set 1.0 with 7 tasks resource profile 0
[2026-08-21T03:56:40.184+0000] {spark_submit.py:571} INFO - 26/08/21 03:56:40 INFO TaskSetManager: Starting task 0.0 in stage 1.0 (TID 1) (172.18.0.7, executor 1, partition 0, PROCESS_LOCAL, 8210 bytes)
[2026-08-21T03:56:40.185+0000] {spark_submit.py:571} INFO - 26/08/21 03:56:40 INFO TaskSetManager: Starting task 1.0 in stage 1.0 (TID 2) (172.18.0.6, executor 0, partition 1, PROCESS_LOCAL, 8210 bytes)
[2026-08-21T03:56:40.188+0000] {spark_submit.py:571} INFO - 26/08/21 03:56:40 INFO TaskSetManager: Starting task 2.0 in stage 1.0 (TID 3) (172.18.0.7, executor 1, partition 2, PROCESS_LOCAL, 8210 bytes)
[2026-08-21T03:56:40.188+0000] {spark_submit.py:571} INFO - 26/08/21 03:56:40 INFO TaskSetManager: Starting task 3.0 in stage 1.0 (TID 4) (172.18.0.6, executor 0, partition 3, PROCESS_LOCAL, 8210 bytes)
[2026-08-21T03:56:40.294+0000] {spark_submit.py:571} INFO - 26/08/21 03:56:40 INFO BlockManagerInfo: Added broadcast_3_piece0 in memory on 172.18.0.7:43013 (size: 13.1 KiB, free: 434.4 MiB)
[2026-08-21T03:56:40.765+0000] {spark_submit.py:571} INFO - 26/08/21 03:56:40 INFO BlockManagerInfo: Added broadcast_3_piece0 in memory on 172.18.0.6:44823 (size: 13.1 KiB, free: 434.4 MiB)
[2026-08-21T03:56:42.596+0000] {spark_submit.py:571} INFO - 26/08/21 03:56:42 INFO BlockManagerInfo: Added broadcast_2_piece0 in memory on 172.18.0.7:43013 (size: 35.0 KiB, free: 434.3 MiB)
[2026-08-21T03:56:44.191+0000] {spark_submit.py:571} INFO - 26/08/21 03:56:44 INFO BlockManagerInfo: Added broadcast_2_piece0 in memory on 172.18.0.6:44823 (size: 35.0 KiB, free: 434.4 MiB)
[2026-08-21T03:56:45.026+0000] {spark_submit.py:571} INFO - 26/08/21 03:56:45 INFO TaskSetManager: Starting task 4.0 in stage 1.0 (TID 5) (172.18.0.7, executor 1, partition 4, PROCESS_LOCAL, 8210 bytes)
[2026-08-21T03:56:45.028+0000] {spark_submit.py:571} INFO - 26/08/21 03:56:45 INFO TaskSetManager: Finished task 2.0 in stage 1.0 (TID 3) in 4839 ms on 172.18.0.7 (executor 1) (1/7)
[2026-08-21T03:56:45.224+0000] {spark_submit.py:571} INFO - 26/08/21 03:56:45 INFO TaskSetManager: Starting task 5.0 in stage 1.0 (TID 6) (172.18.0.7, executor 1, partition 5, PROCESS_LOCAL, 8210 bytes)
[2026-08-21T03:56:45.225+0000] {spark_submit.py:571} INFO - 26/08/21 03:56:45 INFO TaskSetManager: Finished task 0.0 in stage 1.0 (TID 1) in 5041 ms on 172.18.0.7 (executor 1) (2/7)
[2026-08-21T03:56:47.314+0000] {spark_submit.py:571} INFO - 26/08/21 03:56:47 INFO TaskSetManager: Starting task 6.0 in stage 1.0 (TID 7) (172.18.0.7, executor 1, partition 6, PROCESS_LOCAL, 8210 bytes)
[2026-08-21T03:56:47.315+0000] {spark_submit.py:571} INFO - 26/08/21 03:56:47 INFO TaskSetManager: Finished task 4.0 in stage 1.0 (TID 5) in 2289 ms on 172.18.0.7 (executor 1) (3/7)
[2026-08-21T03:56:47.584+0000] {spark_submit.py:571} INFO - 26/08/21 03:56:47 INFO TaskSetManager: Finished task 5.0 in stage 1.0 (TID 6) in 2366 ms on 172.18.0.7 (executor 1) (4/7)
[2026-08-21T03:56:48.579+0000] {spark_submit.py:571} INFO - 26/08/21 03:56:48 INFO TaskSetManager: Finished task 3.0 in stage 1.0 (TID 4) in 8391 ms on 172.18.0.6 (executor 0) (5/7)
[2026-08-21T03:56:48.787+0000] {spark_submit.py:571} INFO - 26/08/21 03:56:48 INFO TaskSetManager: Finished task 6.0 in stage 1.0 (TID 7) in 1478 ms on 172.18.0.7 (executor 1) (6/7)
[2026-08-21T03:56:48.839+0000] {spark_submit.py:571} INFO - 26/08/21 03:56:48 INFO TaskSetManager: Finished task 1.0 in stage 1.0 (TID 2) in 8654 ms on 172.18.0.6 (executor 0) (7/7)
[2026-08-21T03:56:48.841+0000] {spark_submit.py:571} INFO - 26/08/21 03:56:48 INFO TaskSchedulerImpl: Removed TaskSet 1.0, whose tasks have all completed, from pool
[2026-08-21T03:56:48.842+0000] {spark_submit.py:571} INFO - 26/08/21 03:56:48 INFO DAGScheduler: ResultStage 1 (csv at NativeMethodAccessorImpl.java:0) finished in 8.688 s
[2026-08-21T03:56:48.844+0000] {spark_submit.py:571} INFO - 26/08/21 03:56:48 INFO DAGScheduler: Job 1 is finished. Cancelling potential speculative or zombie tasks for this job
[2026-08-21T03:56:48.847+0000] {spark_submit.py:571} INFO - 26/08/21 03:56:48 INFO TaskSchedulerImpl: Killing all running tasks in stage 1: Stage finished
[2026-08-21T03:56:48.847+0000] {spark_submit.py:571} INFO - 26/08/21 03:56:48 INFO DAGScheduler: Job 1 finished: csv at NativeMethodAccessorImpl.java:0, took 8.697119 s
[2026-08-21T03:56:49.003+0000] {spark_submit.py:571} INFO - Traceback (most recent call last):
[2026-08-21T03:56:49.004+0000] {spark_submit.py:571} INFO - File "/opt/spark_scripts/1_ingest_hourly.py", line 63, in <module>
[2026-08-21T03:56:49.004+0000] {spark_submit.py:571} INFO - main()
[2026-08-21T03:56:49.004+0000] {spark_submit.py:571} INFO - File "/opt/spark_scripts/1_ingest_hourly.py", line 33, in main
[2026-08-21T03:56:49.005+0000] {spark_submit.py:571} INFO - df_hourly = raw_df.filter(F.col("date_hour").cast("string") == args.target_date_hour)
[2026-08-21T03:56:49.005+0000] {spark_submit.py:571} INFO - File "/home/***/.local/lib/python3.10/site-packages/pyspark/python/lib/pyspark.zip/pyspark/sql/dataframe.py", line 3329, in filter
[2026-08-21T03:56:49.005+0000] {spark_submit.py:571} INFO - File "/home/***/.local/lib/python3.10/site-packages/pyspark/python/lib/py4j-0.10.9.7-src.zip/py4j/java_gateway.py", line 1322, in __call__
[2026-08-21T03:56:49.006+0000] {spark_submit.py:571} INFO - File "/home/***/.local/lib/python3.10/site-packages/pyspark/python/lib/pyspark.zip/pyspark/errors/exceptions/captured.py", line 185, in deco
[2026-08-21T03:56:49.016+0000] {spark_submit.py:571} INFO - pyspark.errors.exceptions.captured.AnalysisException: [UNRESOLVED_COLUMN.WITH_SUGGESTION] A column or function parameter with name `date_hour` cannot be resolved. Did you mean one of the following? [`"enb_name"|"cell_name"|"date_hour"|"dl_traffic_gb"|"ul_traffic_gb"|"total_traffic_gb"|"max_rrc_connected_user"|"ul_prb"|"ul_prb_used"|"ul_prb_available_total"|"dl_prb"|"dl_prb_used"|"dl_prb_available_total"|"sector"|"azimuth"|"cell_type"|"x"|"y"`].;
[2026-08-21T03:56:49.016+0000] {spark_submit.py:571} INFO - 'Filter (cast('date_hour as string) = 2025-06-01-03)
[2026-08-21T03:56:49.017+0000] {spark_submit.py:571} INFO - +- Relation ["enb_name"|"cell_name"|"date_hour"|"dl_traffic_gb"|"ul_traffic_gb"|"total_traffic_gb"|"max_rrc_connected_user"|"ul_prb"|"ul_prb_used"|"ul_prb_available_total"|"dl_prb"|"dl_prb_used"|"dl_prb_available_total"|"sector"|"azimuth"|"cell_type"|"x"|"y"#17] csv
[2026-08-21T03:56:49.017+0000] {spark_submit.py:571} INFO - 
[2026-08-21T03:56:49.049+0000] {spark_submit.py:571} INFO - 26/08/21 03:56:49 INFO SparkContext: Invoking stop() from shutdown hook
[2026-08-21T03:56:49.050+0000] {spark_submit.py:571} INFO - 26/08/21 03:56:49 INFO SparkContext: SparkContext is stopping with exitCode 0.
[2026-08-21T03:56:49.056+0000] {spark_submit.py:571} INFO - 26/08/21 03:56:49 INFO SparkUI: Stopped Spark web UI at http://c90a551abb73:4041
[2026-08-21T03:56:49.062+0000] {spark_submit.py:571} INFO - 26/08/21 03:56:49 INFO StandaloneSchedulerBackend: Shutting down all executors
[2026-08-21T03:56:49.063+0000] {spark_submit.py:571} INFO - 26/08/21 03:56:49 INFO StandaloneSchedulerBackend$StandaloneDriverEndpoint: Asking each executor to shut down
[2026-08-21T03:56:49.084+0000] {spark_submit.py:571} INFO - 26/08/21 03:56:49 INFO MapOutputTrackerMasterEndpoint: MapOutputTrackerMasterEndpoint stopped!
[2026-08-21T03:56:49.114+0000] {spark_submit.py:571} INFO - 26/08/21 03:56:49 INFO MemoryStore: MemoryStore cleared
[2026-08-21T03:56:49.115+0000] {spark_submit.py:571} INFO - 26/08/21 03:56:49 INFO BlockManager: BlockManager stopped
[2026-08-21T03:56:49.123+0000] {spark_submit.py:571} INFO - 26/08/21 03:56:49 INFO BlockManagerMaster: BlockManagerMaster stopped
[2026-08-21T03:56:49.126+0000] {spark_submit.py:571} INFO - 26/08/21 03:56:49 INFO OutputCommitCoordinator$OutputCommitCoordinatorEndpoint: OutputCommitCoordinator stopped!
[2026-08-21T03:56:49.147+0000] {spark_submit.py:571} INFO - 26/08/21 03:56:49 INFO SparkContext: Successfully stopped SparkContext
[2026-08-21T03:56:49.149+0000] {spark_submit.py:571} INFO - 26/08/21 03:56:49 INFO ShutdownHookManager: Shutdown hook called
[2026-08-21T03:56:49.150+0000] {spark_submit.py:571} INFO - 26/08/21 03:56:49 INFO ShutdownHookManager: Deleting directory /tmp/spark-bef70e88-bacd-41a5-869a-0499dda29436/pyspark-4a14bc07-53c4-4fcd-b332-d073d4fea4ad
[2026-08-21T03:56:49.153+0000] {spark_submit.py:571} INFO - 26/08/21 03:56:49 INFO ShutdownHookManager: Deleting directory /tmp/spark-bef70e88-bacd-41a5-869a-0499dda29436
[2026-08-21T03:56:49.165+0000] {spark_submit.py:571} INFO - 26/08/21 03:56:49 INFO ShutdownHookManager: Deleting directory /tmp/spark-d581fd23-0931-4607-a3d4-f1e5211a1006
[2026-08-21T03:56:49.174+0000] {spark_submit.py:571} INFO - 26/08/21 03:56:49 INFO MetricsSystemImpl: Stopping s3a-file-system metrics system...
[2026-08-21T03:56:49.176+0000] {spark_submit.py:571} INFO - 26/08/21 03:56:49 INFO MetricsSystemImpl: s3a-file-system metrics system stopped.
[2026-08-21T03:56:49.179+0000] {spark_submit.py:571} INFO - 26/08/21 03:56:49 INFO MetricsSystemImpl: s3a-file-system metrics system shutdown complete.
[2026-08-21T03:56:49.241+0000] {taskinstance.py:441} INFO - ::group::Post task execution logs
[2026-08-21T03:56:49.249+0000] {taskinstance.py:2905} ERROR - Task failed with exception
Traceback (most recent call last):
  File "/home/airflow/.local/lib/python3.10/site-packages/airflow/models/taskinstance.py", line 465, in _execute_task
    result = _execute_callable(context=context, **execute_callable_kwargs)
  File "/home/airflow/.local/lib/python3.10/site-packages/airflow/models/taskinstance.py", line 432, in _execute_callable
    return execute_callable(context=context, **execute_callable_kwargs)
  File "/home/airflow/.local/lib/python3.10/site-packages/airflow/models/baseoperator.py", line 400, in wrapper
    return func(self, *args, **kwargs)
  File "/home/airflow/.local/lib/python3.10/site-packages/airflow/providers/apache/spark/operators/spark_submit.py", line 174, in execute
    self._hook.submit(self.application)
  File "/home/airflow/.local/lib/python3.10/site-packages/airflow/providers/apache/spark/hooks/spark_submit.py", line 502, in submit
    raise AirflowException(
airflow.exceptions.AirflowException: Cannot execute: spark-submit --master spark://spark-master:7077 --name arrow-spark --deploy-mode client /opt/spark_scripts/1_ingest_hourly.py --input_path s3a://landingzone/202506.csv --target_date_hour 2025-06-01-03. Error code is: 1.
[2026-08-21T03:56:49.251+0000] {taskinstance.py:1206} INFO - Marking task as UP_FOR_RETRY. dag_id=cell_kpi_hourly_anomaly_pipeline, task_id=1_ingest_hourly_bronze, run_id=scheduled__2025-05-31T20:00:00+00:00, execution_date=20250531T200000, start_date=20260821T035618, end_date=20260821T035649
[2026-08-21T03:56:49.263+0000] {standard_task_runner.py:110} ERROR - Failed to execute job 35 for task 1_ingest_hourly_bronze (Cannot execute: spark-submit --master spark://spark-master:7077 --name arrow-spark --deploy-mode client /opt/spark_scripts/1_ingest_hourly.py --input_path s3a://landingzone/202506.csv --target_date_hour 2025-06-01-03. Error code is: 1.; 3103)
[2026-08-21T03:56:49.297+0000] {local_task_job_runner.py:240} INFO - Task exited with return code 1
[2026-08-21T03:56:49.313+0000] {taskinstance.py:3498} INFO - 0 downstream tasks scheduled from follow-on schedule check
[2026-08-21T03:56:49.315+0000] {local_task_job_runner.py:222} INFO - ::endgroup::
[2026-08-21T04:35:54.319+0000] {local_task_job_runner.py:120} INFO - ::group::Pre task execution logs
[2026-08-21T04:35:54.360+0000] {taskinstance.py:2076} INFO - Dependencies all met for dep_context=non-requeueable deps ti=<TaskInstance: cell_kpi_hourly_anomaly_pipeline.1_ingest_hourly_bronze scheduled__2025-05-31T20:00:00+00:00 [queued]>
[2026-08-21T04:35:54.383+0000] {taskinstance.py:2076} INFO - Dependencies all met for dep_context=requeueable deps ti=<TaskInstance: cell_kpi_hourly_anomaly_pipeline.1_ingest_hourly_bronze scheduled__2025-05-31T20:00:00+00:00 [queued]>
[2026-08-21T04:35:54.383+0000] {taskinstance.py:2306} INFO - Starting attempt 1 of 2
[2026-08-21T04:35:54.405+0000] {taskinstance.py:2330} INFO - Executing <Task(SparkSubmitOperator): 1_ingest_hourly_bronze> on 2025-05-31 20:00:00+00:00
[2026-08-21T04:35:54.420+0000] {standard_task_runner.py:63} INFO - Started process 7978 to run task
[2026-08-21T04:35:54.423+0000] {standard_task_runner.py:90} INFO - Running: ['***', 'tasks', 'run', 'cell_kpi_hourly_anomaly_pipeline', '1_ingest_hourly_bronze', 'scheduled__2025-05-31T20:00:00+00:00', '--job-id', '66', '--raw', '--subdir', 'DAGS_FOLDER/cell_kpi_hourly_anomaly.py', '--cfg-path', '/tmp/tmpbmdt0scw']
[2026-08-21T04:35:54.425+0000] {standard_task_runner.py:91} INFO - Job 66: Subtask 1_ingest_hourly_bronze
[2026-08-21T04:35:54.520+0000] {task_command.py:426} INFO - Running <TaskInstance: cell_kpi_hourly_anomaly_pipeline.1_ingest_hourly_bronze scheduled__2025-05-31T20:00:00+00:00 [running]> on host c90a551abb73
[2026-08-21T04:35:54.623+0000] {logging_mixin.py:188} WARNING - /home/***/.local/lib/python3.10/site-packages/***/utils/context.py:212 AirflowContextDeprecationWarning: Accessing 'execution_date' from the template is deprecated and will be removed in a future version. Please use 'data_interval_start' or 'logical_date' instead.
[2026-08-21T04:35:54.675+0000] {taskinstance.py:2648} INFO - Exporting env vars: AIRFLOW_CTX_DAG_OWNER='data_engineer_team' AIRFLOW_CTX_DAG_ID='cell_kpi_hourly_anomaly_pipeline' AIRFLOW_CTX_TASK_ID='1_ingest_hourly_bronze' AIRFLOW_CTX_EXECUTION_DATE='2025-05-31T20:00:00+00:00' AIRFLOW_CTX_TRY_NUMBER='1' AIRFLOW_CTX_DAG_RUN_ID='scheduled__2025-05-31T20:00:00+00:00'
[2026-08-21T04:35:54.677+0000] {taskinstance.py:430} INFO - ::endgroup::
[2026-08-21T04:35:54.719+0000] {base.py:84} INFO - Using connection ID 'spark-master' for task execution.
[2026-08-21T04:35:54.723+0000] {spark_submit.py:401} INFO - Spark-Submit cmd: spark-submit --master spark://spark-master:7077 --name arrow-spark --deploy-mode client /opt/spark_scripts/1_ingest_hourly.py --input_path s3a://landingzone/202506.csv --target_date_hour 2025-06-01-03
[2026-08-21T04:35:54.922+0000] {spark_submit.py:571} INFO - /home/***/.local/lib/python3.10/site-packages/pyspark/bin/load-spark-env.sh: line 68: ps: command not found
[2026-08-21T04:35:59.155+0000] {spark_submit.py:571} INFO - 26/08/21 04:35:59 INFO SparkContext: Running Spark version 3.5.1
[2026-08-21T04:35:59.160+0000] {spark_submit.py:571} INFO - 26/08/21 04:35:59 INFO SparkContext: OS info Linux, 6.8.0-1052-azure, amd64
[2026-08-21T04:35:59.161+0000] {spark_submit.py:571} INFO - 26/08/21 04:35:59 INFO SparkContext: Java version 17.0.20
[2026-08-21T04:35:59.267+0000] {spark_submit.py:571} INFO - 26/08/21 04:35:59 WARN NativeCodeLoader: Unable to load native-hadoop library for your platform... using builtin-java classes where applicable
[2026-08-21T04:35:59.461+0000] {spark_submit.py:571} INFO - 26/08/21 04:35:59 INFO ResourceUtils: ==============================================================
[2026-08-21T04:35:59.462+0000] {spark_submit.py:571} INFO - 26/08/21 04:35:59 INFO ResourceUtils: No custom resources configured for spark.driver.
[2026-08-21T04:35:59.462+0000] {spark_submit.py:571} INFO - 26/08/21 04:35:59 INFO ResourceUtils: ==============================================================
[2026-08-21T04:35:59.462+0000] {spark_submit.py:571} INFO - 26/08/21 04:35:59 INFO SparkContext: Submitted application: Ingest_Bronze_2025-06-01-03
[2026-08-21T04:35:59.528+0000] {spark_submit.py:571} INFO - 26/08/21 04:35:59 INFO ResourceProfile: Default ResourceProfile created, executor resources: Map(memory -> name: memory, amount: 1024, script: , vendor: , offHeap -> name: offHeap, amount: 0, script: , vendor: ), task resources: Map(cpus -> name: cpus, amount: 1.0)
[2026-08-21T04:35:59.547+0000] {spark_submit.py:571} INFO - 26/08/21 04:35:59 INFO ResourceProfile: Limiting resource is cpu
[2026-08-21T04:35:59.550+0000] {spark_submit.py:571} INFO - 26/08/21 04:35:59 INFO ResourceProfileManager: Added ResourceProfile id: 0
[2026-08-21T04:35:59.647+0000] {spark_submit.py:571} INFO - 26/08/21 04:35:59 INFO SecurityManager: Changing view acls to: ***
[2026-08-21T04:35:59.651+0000] {spark_submit.py:571} INFO - 26/08/21 04:35:59 INFO SecurityManager: Changing modify acls to: ***
[2026-08-21T04:35:59.651+0000] {spark_submit.py:571} INFO - 26/08/21 04:35:59 INFO SecurityManager: Changing view acls groups to:
[2026-08-21T04:35:59.651+0000] {spark_submit.py:571} INFO - 26/08/21 04:35:59 INFO SecurityManager: Changing modify acls groups to:
[2026-08-21T04:35:59.654+0000] {spark_submit.py:571} INFO - 26/08/21 04:35:59 INFO SecurityManager: SecurityManager: authentication disabled; ui acls disabled; users with view permissions: ***; groups with view permissions: EMPTY; users with modify permissions: ***; groups with modify permissions: EMPTY
[2026-08-21T04:36:00.208+0000] {spark_submit.py:571} INFO - 26/08/21 04:36:00 INFO Utils: Successfully started service 'sparkDriver' on port 46273.
[2026-08-21T04:36:00.277+0000] {spark_submit.py:571} INFO - 26/08/21 04:36:00 INFO SparkEnv: Registering MapOutputTracker
[2026-08-21T04:36:00.369+0000] {spark_submit.py:571} INFO - 26/08/21 04:36:00 INFO SparkEnv: Registering BlockManagerMaster
[2026-08-21T04:36:00.407+0000] {spark_submit.py:571} INFO - 26/08/21 04:36:00 INFO BlockManagerMasterEndpoint: Using org.apache.spark.storage.DefaultTopologyMapper for getting topology information
[2026-08-21T04:36:00.414+0000] {spark_submit.py:571} INFO - 26/08/21 04:36:00 INFO BlockManagerMasterEndpoint: BlockManagerMasterEndpoint up
[2026-08-21T04:36:00.420+0000] {spark_submit.py:571} INFO - 26/08/21 04:36:00 INFO SparkEnv: Registering BlockManagerMasterHeartbeat
[2026-08-21T04:36:00.532+0000] {spark_submit.py:571} INFO - 26/08/21 04:36:00 INFO DiskBlockManager: Created local directory at /tmp/blockmgr-329e1d2f-95cc-453b-976e-213c46c46320
[2026-08-21T04:36:00.578+0000] {spark_submit.py:571} INFO - 26/08/21 04:36:00 INFO MemoryStore: MemoryStore started with capacity 434.4 MiB
[2026-08-21T04:36:00.620+0000] {spark_submit.py:571} INFO - 26/08/21 04:36:00 INFO SparkEnv: Registering OutputCommitCoordinator
[2026-08-21T04:36:00.882+0000] {spark_submit.py:571} INFO - 26/08/21 04:36:00 INFO JettyUtils: Start Jetty 0.0.0.0:4040 for SparkUI
[2026-08-21T04:36:01.019+0000] {spark_submit.py:571} INFO - 26/08/21 04:36:01 WARN Utils: Service 'SparkUI' could not bind on port 4040. Attempting port 4041.
[2026-08-21T04:36:01.037+0000] {spark_submit.py:571} INFO - 26/08/21 04:36:01 INFO Utils: Successfully started service 'SparkUI' on port 4041.
[2026-08-21T04:36:01.381+0000] {spark_submit.py:571} INFO - 26/08/21 04:36:01 INFO StandaloneAppClient$ClientEndpoint: Connecting to master spark://spark-master:7077...
[2026-08-21T04:36:01.499+0000] {spark_submit.py:571} INFO - 26/08/21 04:36:01 INFO TransportClientFactory: Successfully created connection to spark-master/172.18.0.4:7077 after 50 ms (0 ms spent in bootstraps)
[2026-08-21T04:36:01.674+0000] {spark_submit.py:571} INFO - 26/08/21 04:36:01 INFO StandaloneSchedulerBackend: Connected to Spark cluster with app ID app-20260821043601-0023
[2026-08-21T04:36:01.695+0000] {spark_submit.py:571} INFO - 26/08/21 04:36:01 INFO Utils: Successfully started service 'org.apache.spark.network.netty.NettyBlockTransferService' on port 33629.
[2026-08-21T04:36:01.695+0000] {spark_submit.py:571} INFO - 26/08/21 04:36:01 INFO NettyBlockTransferService: Server created on c90a551abb73:33629
[2026-08-21T04:36:01.699+0000] {spark_submit.py:571} INFO - 26/08/21 04:36:01 INFO BlockManager: Using org.apache.spark.storage.RandomBlockReplicationPolicy for block replication policy
[2026-08-21T04:36:01.710+0000] {spark_submit.py:571} INFO - 26/08/21 04:36:01 INFO BlockManagerMaster: Registering BlockManager BlockManagerId(driver, c90a551abb73, 33629, None)
[2026-08-21T04:36:01.723+0000] {spark_submit.py:571} INFO - 26/08/21 04:36:01 INFO BlockManagerMasterEndpoint: Registering block manager c90a551abb73:33629 with 434.4 MiB RAM, BlockManagerId(driver, c90a551abb73, 33629, None)
[2026-08-21T04:36:01.723+0000] {spark_submit.py:571} INFO - 26/08/21 04:36:01 INFO BlockManagerMaster: Registered BlockManager BlockManagerId(driver, c90a551abb73, 33629, None)
[2026-08-21T04:36:01.724+0000] {spark_submit.py:571} INFO - 26/08/21 04:36:01 INFO BlockManager: Initialized BlockManager: BlockManagerId(driver, c90a551abb73, 33629, None)
[2026-08-21T04:36:02.133+0000] {spark_submit.py:571} INFO - 26/08/21 04:36:02 INFO StandaloneSchedulerBackend: SchedulerBackend is ready for scheduling beginning after reached minRegisteredResourcesRatio: 0.0
[2026-08-21T04:36:02.453+0000] {spark_submit.py:571} INFO - Đang nạp s3a://landingzone/202506.csv và trích xuất dữ liệu ca: 2025-06-01-03...
[2026-08-21T04:36:02.519+0000] {spark_submit.py:571} INFO - 26/08/21 04:36:02 INFO SharedState: Setting hive.metastore.warehouse.dir ('null') to the value of spark.sql.warehouse.dir.
[2026-08-21T04:36:02.536+0000] {spark_submit.py:571} INFO - 26/08/21 04:36:02 INFO SharedState: Warehouse path is 'file:/opt/***/spark-warehouse'.
[2026-08-21T04:36:04.193+0000] {spark_submit.py:571} INFO - 26/08/21 04:36:04 WARN MetricsConfig: Cannot locate configuration: tried hadoop-metrics2-s3a-file-system.properties,hadoop-metrics2.properties
[2026-08-21T04:36:04.226+0000] {spark_submit.py:571} INFO - 26/08/21 04:36:04 INFO MetricsSystemImpl: Scheduled Metric snapshot period at 10 second(s).
[2026-08-21T04:36:04.227+0000] {spark_submit.py:571} INFO - 26/08/21 04:36:04 INFO MetricsSystemImpl: s3a-file-system metrics system started
[2026-08-21T04:36:06.519+0000] {spark_submit.py:571} INFO - 26/08/21 04:36:06 INFO InMemoryFileIndex: It took 158 ms to list leaf files for 1 paths.
[2026-08-21T04:36:06.889+0000] {spark_submit.py:571} INFO - 26/08/21 04:36:06 INFO InMemoryFileIndex: It took 28 ms to list leaf files for 1 paths.
[2026-08-21T04:36:11.752+0000] {spark_submit.py:571} INFO - 26/08/21 04:36:11 INFO FileSourceStrategy: Pushed Filters:
[2026-08-21T04:36:11.753+0000] {spark_submit.py:571} INFO - 26/08/21 04:36:11 INFO FileSourceStrategy: Post-Scan Filters: (length(trim(value#0, None)) > 0)
[2026-08-21T04:36:13.017+0000] {spark_submit.py:571} INFO - 26/08/21 04:36:13 INFO CodeGenerator: Code generated in 468.353396 ms
[2026-08-21T04:36:13.134+0000] {spark_submit.py:571} INFO - 26/08/21 04:36:13 INFO MemoryStore: Block broadcast_0 stored as values in memory (estimated size 201.8 KiB, free 434.2 MiB)
[2026-08-21T04:36:13.255+0000] {spark_submit.py:571} INFO - 26/08/21 04:36:13 INFO MemoryStore: Block broadcast_0_piece0 stored as bytes in memory (estimated size 34.9 KiB, free 434.2 MiB)
[2026-08-21T04:36:13.264+0000] {spark_submit.py:571} INFO - 26/08/21 04:36:13 INFO BlockManagerInfo: Added broadcast_0_piece0 in memory on c90a551abb73:33629 (size: 34.9 KiB, free: 434.4 MiB)
[2026-08-21T04:36:13.272+0000] {spark_submit.py:571} INFO - 26/08/21 04:36:13 INFO SparkContext: Created broadcast 0 from csv at NativeMethodAccessorImpl.java:0
[2026-08-21T04:36:13.297+0000] {spark_submit.py:571} INFO - 26/08/21 04:36:13 INFO FileSourceScanExec: Planning scan with bin packing, max size: 134217728 bytes, open cost is considered as scanning 4194304 bytes.
[2026-08-21T04:36:13.465+0000] {spark_submit.py:571} INFO - 26/08/21 04:36:13 INFO SparkContext: Starting job: csv at NativeMethodAccessorImpl.java:0
[2026-08-21T04:36:13.480+0000] {spark_submit.py:571} INFO - 26/08/21 04:36:13 INFO DAGScheduler: Got job 0 (csv at NativeMethodAccessorImpl.java:0) with 1 output partitions
[2026-08-21T04:36:13.480+0000] {spark_submit.py:571} INFO - 26/08/21 04:36:13 INFO DAGScheduler: Final stage: ResultStage 0 (csv at NativeMethodAccessorImpl.java:0)
[2026-08-21T04:36:13.483+0000] {spark_submit.py:571} INFO - 26/08/21 04:36:13 INFO DAGScheduler: Parents of final stage: List()
[2026-08-21T04:36:13.484+0000] {spark_submit.py:571} INFO - 26/08/21 04:36:13 INFO DAGScheduler: Missing parents: List()
[2026-08-21T04:36:13.487+0000] {spark_submit.py:571} INFO - 26/08/21 04:36:13 INFO DAGScheduler: Submitting ResultStage 0 (MapPartitionsRDD[3] at csv at NativeMethodAccessorImpl.java:0), which has no missing parents
[2026-08-21T04:36:13.665+0000] {spark_submit.py:571} INFO - 26/08/21 04:36:13 INFO MemoryStore: Block broadcast_1 stored as values in memory (estimated size 13.5 KiB, free 434.2 MiB)
[2026-08-21T04:36:13.696+0000] {spark_submit.py:571} INFO - 26/08/21 04:36:13 INFO MemoryStore: Block broadcast_1_piece0 stored as bytes in memory (estimated size 6.4 KiB, free 434.1 MiB)
[2026-08-21T04:36:13.701+0000] {spark_submit.py:571} INFO - 26/08/21 04:36:13 INFO BlockManagerInfo: Added broadcast_1_piece0 in memory on c90a551abb73:33629 (size: 6.4 KiB, free: 434.4 MiB)
[2026-08-21T04:36:13.703+0000] {spark_submit.py:571} INFO - 26/08/21 04:36:13 INFO SparkContext: Created broadcast 1 from broadcast at DAGScheduler.scala:1585
[2026-08-21T04:36:13.734+0000] {spark_submit.py:571} INFO - 26/08/21 04:36:13 INFO DAGScheduler: Submitting 1 missing tasks from ResultStage 0 (MapPartitionsRDD[3] at csv at NativeMethodAccessorImpl.java:0) (first 15 tasks are for partitions Vector(0))
[2026-08-21T04:36:13.735+0000] {spark_submit.py:571} INFO - 26/08/21 04:36:13 INFO TaskSchedulerImpl: Adding task set 0.0 with 1 tasks resource profile 0
[2026-08-21T04:36:28.754+0000] {spark_submit.py:571} INFO - 26/08/21 04:36:28 WARN TaskSchedulerImpl: Initial job has not accepted any resources; check your cluster UI to ensure that workers are registered and have sufficient resources
[2026-08-21T04:36:43.753+0000] {spark_submit.py:571} INFO - 26/08/21 04:36:43 WARN TaskSchedulerImpl: Initial job has not accepted any resources; check your cluster UI to ensure that workers are registered and have sufficient resources
[2026-08-21T04:36:51.275+0000] {spark_submit.py:571} INFO - 26/08/21 04:36:51 INFO StandaloneAppClient$ClientEndpoint: Executor added: app-20260821043601-0023/0 on worker-20260821021253-172.18.0.6-39045 (172.18.0.6:39045) with 2 core(s)
[2026-08-21T04:36:51.285+0000] {spark_submit.py:571} INFO - 26/08/21 04:36:51 INFO StandaloneSchedulerBackend: Granted executor ID app-20260821043601-0023/0 on hostPort 172.18.0.6:39045 with 2 core(s), 1024.0 MiB RAM
[2026-08-21T04:36:51.285+0000] {spark_submit.py:571} INFO - 26/08/21 04:36:51 INFO StandaloneAppClient$ClientEndpoint: Executor added: app-20260821043601-0023/1 on worker-20260821021253-172.18.0.7-44957 (172.18.0.7:44957) with 2 core(s)
[2026-08-21T04:36:51.285+0000] {spark_submit.py:571} INFO - 26/08/21 04:36:51 INFO StandaloneSchedulerBackend: Granted executor ID app-20260821043601-0023/1 on hostPort 172.18.0.7:44957 with 2 core(s), 1024.0 MiB RAM
[2026-08-21T04:36:51.431+0000] {spark_submit.py:571} INFO - 26/08/21 04:36:51 INFO StandaloneAppClient$ClientEndpoint: Executor updated: app-20260821043601-0023/1 is now RUNNING
[2026-08-21T04:36:51.448+0000] {spark_submit.py:571} INFO - 26/08/21 04:36:51 INFO StandaloneAppClient$ClientEndpoint: Executor updated: app-20260821043601-0023/0 is now RUNNING
[2026-08-21T04:36:55.438+0000] {spark_submit.py:571} INFO - 26/08/21 04:36:55 INFO StandaloneSchedulerBackend$StandaloneDriverEndpoint: Registered executor NettyRpcEndpointRef(spark-client://Executor) (172.18.0.7:49734) with ID 1,  ResourceProfileId 0
[2026-08-21T04:36:55.533+0000] {spark_submit.py:571} INFO - 26/08/21 04:36:55 INFO StandaloneSchedulerBackend$StandaloneDriverEndpoint: Registered executor NettyRpcEndpointRef(spark-client://Executor) (172.18.0.6:51262) with ID 0,  ResourceProfileId 0
[2026-08-21T04:36:55.604+0000] {spark_submit.py:571} INFO - 26/08/21 04:36:55 INFO BlockManagerMasterEndpoint: Registering block manager 172.18.0.7:34321 with 434.4 MiB RAM, BlockManagerId(1, 172.18.0.7, 34321, None)
[2026-08-21T04:36:55.649+0000] {spark_submit.py:571} INFO - 26/08/21 04:36:55 INFO BlockManagerMasterEndpoint: Registering block manager 172.18.0.6:41231 with 434.4 MiB RAM, BlockManagerId(0, 172.18.0.6, 41231, None)
[2026-08-21T04:36:55.705+0000] {spark_submit.py:571} INFO - 26/08/21 04:36:55 INFO TaskSetManager: Starting task 0.0 in stage 0.0 (TID 0) (172.18.0.7, executor 1, partition 0, PROCESS_LOCAL, 8210 bytes)
[2026-08-21T04:36:55.978+0000] {spark_submit.py:571} INFO - 26/08/21 04:36:55 INFO BlockManagerInfo: Added broadcast_1_piece0 in memory on 172.18.0.7:34321 (size: 6.4 KiB, free: 434.4 MiB)
[2026-08-21T04:36:56.888+0000] {spark_submit.py:571} INFO - 26/08/21 04:36:56 INFO BlockManagerInfo: Added broadcast_0_piece0 in memory on 172.18.0.7:34321 (size: 34.9 KiB, free: 434.4 MiB)
[2026-08-21T04:36:58.133+0000] {spark_submit.py:571} INFO - 26/08/21 04:36:58 INFO TaskSetManager: Finished task 0.0 in stage 0.0 (TID 0) in 2444 ms on 172.18.0.7 (executor 1) (1/1)
[2026-08-21T04:36:58.136+0000] {spark_submit.py:571} INFO - 26/08/21 04:36:58 INFO TaskSchedulerImpl: Removed TaskSet 0.0, whose tasks have all completed, from pool
[2026-08-21T04:36:58.144+0000] {spark_submit.py:571} INFO - 26/08/21 04:36:58 INFO DAGScheduler: ResultStage 0 (csv at NativeMethodAccessorImpl.java:0) finished in 44.636 s
[2026-08-21T04:36:58.156+0000] {spark_submit.py:571} INFO - 26/08/21 04:36:58 INFO DAGScheduler: Job 0 is finished. Cancelling potential speculative or zombie tasks for this job
[2026-08-21T04:36:58.156+0000] {spark_submit.py:571} INFO - 26/08/21 04:36:58 INFO TaskSchedulerImpl: Killing all running tasks in stage 0: Stage finished
[2026-08-21T04:36:58.158+0000] {spark_submit.py:571} INFO - 26/08/21 04:36:58 INFO DAGScheduler: Job 0 finished: csv at NativeMethodAccessorImpl.java:0, took 44.692415 s
[2026-08-21T04:36:58.208+0000] {spark_submit.py:571} INFO - 26/08/21 04:36:58 INFO CodeGenerator: Code generated in 16.400331 ms
[2026-08-21T04:36:58.334+0000] {spark_submit.py:571} INFO - 26/08/21 04:36:58 INFO BlockManagerInfo: Removed broadcast_1_piece0 on c90a551abb73:33629 in memory (size: 6.4 KiB, free: 434.4 MiB)
[2026-08-21T04:36:58.351+0000] {spark_submit.py:571} INFO - 26/08/21 04:36:58 INFO BlockManagerInfo: Removed broadcast_1_piece0 on 172.18.0.7:34321 in memory (size: 6.4 KiB, free: 434.4 MiB)
[2026-08-21T04:36:58.362+0000] {spark_submit.py:571} INFO - 26/08/21 04:36:58 INFO FileSourceStrategy: Pushed Filters:
[2026-08-21T04:36:58.363+0000] {spark_submit.py:571} INFO - 26/08/21 04:36:58 INFO FileSourceStrategy: Post-Scan Filters:
[2026-08-21T04:36:58.384+0000] {spark_submit.py:571} INFO - 26/08/21 04:36:58 INFO MemoryStore: Block broadcast_2 stored as values in memory (estimated size 201.8 KiB, free 434.0 MiB)
[2026-08-21T04:36:58.435+0000] {spark_submit.py:571} INFO - 26/08/21 04:36:58 INFO MemoryStore: Block broadcast_2_piece0 stored as bytes in memory (estimated size 34.9 KiB, free 433.9 MiB)
[2026-08-21T04:36:58.441+0000] {spark_submit.py:571} INFO - 26/08/21 04:36:58 INFO BlockManagerInfo: Added broadcast_2_piece0 in memory on c90a551abb73:33629 (size: 34.9 KiB, free: 434.3 MiB)
[2026-08-21T04:36:58.442+0000] {spark_submit.py:571} INFO - 26/08/21 04:36:58 INFO SparkContext: Created broadcast 2 from csv at NativeMethodAccessorImpl.java:0
[2026-08-21T04:36:58.447+0000] {spark_submit.py:571} INFO - 26/08/21 04:36:58 INFO FileSourceScanExec: Planning scan with bin packing, max size: 134217728 bytes, open cost is considered as scanning 4194304 bytes.
[2026-08-21T04:36:58.520+0000] {spark_submit.py:571} INFO - 26/08/21 04:36:58 INFO SparkContext: Starting job: csv at NativeMethodAccessorImpl.java:0
[2026-08-21T04:36:58.524+0000] {spark_submit.py:571} INFO - 26/08/21 04:36:58 INFO DAGScheduler: Got job 1 (csv at NativeMethodAccessorImpl.java:0) with 7 output partitions
[2026-08-21T04:36:58.524+0000] {spark_submit.py:571} INFO - 26/08/21 04:36:58 INFO DAGScheduler: Final stage: ResultStage 1 (csv at NativeMethodAccessorImpl.java:0)
[2026-08-21T04:36:58.525+0000] {spark_submit.py:571} INFO - 26/08/21 04:36:58 INFO DAGScheduler: Parents of final stage: List()
[2026-08-21T04:36:58.525+0000] {spark_submit.py:571} INFO - 26/08/21 04:36:58 INFO DAGScheduler: Missing parents: List()
[2026-08-21T04:36:58.528+0000] {spark_submit.py:571} INFO - 26/08/21 04:36:58 INFO DAGScheduler: Submitting ResultStage 1 (MapPartitionsRDD[9] at csv at NativeMethodAccessorImpl.java:0), which has no missing parents
[2026-08-21T04:36:58.565+0000] {spark_submit.py:571} INFO - 26/08/21 04:36:58 INFO MemoryStore: Block broadcast_3 stored as values in memory (estimated size 28.4 KiB, free 433.9 MiB)
[2026-08-21T04:36:58.570+0000] {spark_submit.py:571} INFO - 26/08/21 04:36:58 INFO MemoryStore: Block broadcast_3_piece0 stored as bytes in memory (estimated size 13.1 KiB, free 433.9 MiB)
[2026-08-21T04:36:58.571+0000] {spark_submit.py:571} INFO - 26/08/21 04:36:58 INFO BlockManagerInfo: Added broadcast_3_piece0 in memory on c90a551abb73:33629 (size: 13.1 KiB, free: 434.3 MiB)
[2026-08-21T04:36:58.572+0000] {spark_submit.py:571} INFO - 26/08/21 04:36:58 INFO SparkContext: Created broadcast 3 from broadcast at DAGScheduler.scala:1585
[2026-08-21T04:36:58.576+0000] {spark_submit.py:571} INFO - 26/08/21 04:36:58 INFO DAGScheduler: Submitting 7 missing tasks from ResultStage 1 (MapPartitionsRDD[9] at csv at NativeMethodAccessorImpl.java:0) (first 15 tasks are for partitions Vector(0, 1, 2, 3, 4, 5, 6))
[2026-08-21T04:36:58.577+0000] {spark_submit.py:571} INFO - 26/08/21 04:36:58 INFO TaskSchedulerImpl: Adding task set 1.0 with 7 tasks resource profile 0
[2026-08-21T04:36:58.580+0000] {spark_submit.py:571} INFO - 26/08/21 04:36:58 INFO TaskSetManager: Starting task 0.0 in stage 1.0 (TID 1) (172.18.0.6, executor 0, partition 0, PROCESS_LOCAL, 8210 bytes)
[2026-08-21T04:36:58.581+0000] {spark_submit.py:571} INFO - 26/08/21 04:36:58 INFO TaskSetManager: Starting task 1.0 in stage 1.0 (TID 2) (172.18.0.7, executor 1, partition 1, PROCESS_LOCAL, 8210 bytes)
[2026-08-21T04:36:58.582+0000] {spark_submit.py:571} INFO - 26/08/21 04:36:58 INFO TaskSetManager: Starting task 2.0 in stage 1.0 (TID 3) (172.18.0.6, executor 0, partition 2, PROCESS_LOCAL, 8210 bytes)
[2026-08-21T04:36:58.585+0000] {spark_submit.py:571} INFO - 26/08/21 04:36:58 INFO TaskSetManager: Starting task 3.0 in stage 1.0 (TID 4) (172.18.0.7, executor 1, partition 3, PROCESS_LOCAL, 8210 bytes)
[2026-08-21T04:36:58.682+0000] {spark_submit.py:571} INFO - 26/08/21 04:36:58 INFO BlockManagerInfo: Removed broadcast_0_piece0 on c90a551abb73:33629 in memory (size: 34.9 KiB, free: 434.4 MiB)
[2026-08-21T04:36:58.696+0000] {spark_submit.py:571} INFO - 26/08/21 04:36:58 INFO BlockManagerInfo: Removed broadcast_0_piece0 on 172.18.0.7:34321 in memory (size: 34.9 KiB, free: 434.4 MiB)
[2026-08-21T04:36:58.713+0000] {spark_submit.py:571} INFO - 26/08/21 04:36:58 INFO BlockManagerInfo: Added broadcast_3_piece0 in memory on 172.18.0.7:34321 (size: 13.1 KiB, free: 434.4 MiB)
[2026-08-21T04:36:58.931+0000] {spark_submit.py:571} INFO - 26/08/21 04:36:58 INFO BlockManagerInfo: Added broadcast_3_piece0 in memory on 172.18.0.6:41231 (size: 13.1 KiB, free: 434.4 MiB)
[2026-08-21T04:37:00.738+0000] {spark_submit.py:571} INFO - 26/08/21 04:37:00 INFO BlockManagerInfo: Added broadcast_2_piece0 in memory on 172.18.0.7:34321 (size: 34.9 KiB, free: 434.4 MiB)
[2026-08-21T04:37:02.046+0000] {spark_submit.py:571} INFO - 26/08/21 04:37:02 INFO BlockManagerInfo: Added broadcast_2_piece0 in memory on 172.18.0.6:41231 (size: 34.9 KiB, free: 434.4 MiB)
[2026-08-21T04:37:06.628+0000] {spark_submit.py:571} INFO - 26/08/21 04:37:06 INFO TaskSetManager: Starting task 4.0 in stage 1.0 (TID 5) (172.18.0.7, executor 1, partition 4, PROCESS_LOCAL, 8210 bytes)
[2026-08-21T04:37:06.632+0000] {spark_submit.py:571} INFO - 26/08/21 04:37:06 INFO TaskSetManager: Finished task 1.0 in stage 1.0 (TID 2) in 8050 ms on 172.18.0.7 (executor 1) (1/7)
[2026-08-21T04:37:06.880+0000] {spark_submit.py:571} INFO - 26/08/21 04:37:06 INFO TaskSetManager: Starting task 5.0 in stage 1.0 (TID 6) (172.18.0.7, executor 1, partition 5, PROCESS_LOCAL, 8210 bytes)
[2026-08-21T04:37:06.886+0000] {spark_submit.py:571} INFO - 26/08/21 04:37:06 INFO TaskSetManager: Finished task 3.0 in stage 1.0 (TID 4) in 8304 ms on 172.18.0.7 (executor 1) (2/7)
[2026-08-21T04:37:10.128+0000] {spark_submit.py:571} INFO - 26/08/21 04:37:10 INFO TaskSetManager: Starting task 6.0 in stage 1.0 (TID 7) (172.18.0.6, executor 0, partition 6, PROCESS_LOCAL, 8210 bytes)
[2026-08-21T04:37:10.129+0000] {spark_submit.py:571} INFO - 26/08/21 04:37:10 INFO TaskSetManager: Finished task 0.0 in stage 1.0 (TID 1) in 11546 ms on 172.18.0.6 (executor 0) (3/7)
[2026-08-21T04:37:10.458+0000] {spark_submit.py:571} INFO - 26/08/21 04:37:10 INFO TaskSetManager: Finished task 2.0 in stage 1.0 (TID 3) in 11876 ms on 172.18.0.6 (executor 0) (4/7)
[2026-08-21T04:37:10.476+0000] {spark_submit.py:571} INFO - 26/08/21 04:37:10 INFO TaskSetManager: Finished task 4.0 in stage 1.0 (TID 5) in 3849 ms on 172.18.0.7 (executor 1) (5/7)
[2026-08-21T04:37:10.577+0000] {spark_submit.py:571} INFO - 26/08/21 04:37:10 INFO TaskSetManager: Finished task 5.0 in stage 1.0 (TID 6) in 3692 ms on 172.18.0.7 (executor 1) (6/7)
[2026-08-21T04:37:11.969+0000] {spark_submit.py:571} INFO - 26/08/21 04:37:11 INFO TaskSetManager: Finished task 6.0 in stage 1.0 (TID 7) in 1845 ms on 172.18.0.6 (executor 0) (7/7)
[2026-08-21T04:37:11.969+0000] {spark_submit.py:571} INFO - 26/08/21 04:37:11 INFO TaskSchedulerImpl: Removed TaskSet 1.0, whose tasks have all completed, from pool
[2026-08-21T04:37:11.971+0000] {spark_submit.py:571} INFO - 26/08/21 04:37:11 INFO DAGScheduler: ResultStage 1 (csv at NativeMethodAccessorImpl.java:0) finished in 13.432 s
[2026-08-21T04:37:11.971+0000] {spark_submit.py:571} INFO - 26/08/21 04:37:11 INFO DAGScheduler: Job 1 is finished. Cancelling potential speculative or zombie tasks for this job
[2026-08-21T04:37:11.972+0000] {spark_submit.py:571} INFO - 26/08/21 04:37:11 INFO TaskSchedulerImpl: Killing all running tasks in stage 1: Stage finished
[2026-08-21T04:37:11.972+0000] {spark_submit.py:571} INFO - 26/08/21 04:37:11 INFO DAGScheduler: Job 1 finished: csv at NativeMethodAccessorImpl.java:0, took 13.451918 s
[2026-08-21T04:37:12.380+0000] {spark_submit.py:571} INFO - 26/08/21 04:37:12 INFO FileSourceStrategy: Pushed Filters: IsNotNull(date_hour)
[2026-08-21T04:37:12.380+0000] {spark_submit.py:571} INFO - 26/08/21 04:37:12 INFO FileSourceStrategy: Post-Scan Filters: isnotnull(date_hour#19),(regexp_replace(date_hour#19, ", , 1) = 2025-06-01-03)
[2026-08-21T04:37:12.499+0000] {spark_submit.py:571} INFO - 26/08/21 04:37:12 INFO CodeGenerator: Code generated in 34.427426 ms
[2026-08-21T04:37:12.504+0000] {spark_submit.py:571} INFO - 26/08/21 04:37:12 INFO MemoryStore: Block broadcast_4 stored as values in memory (estimated size 201.7 KiB, free 433.9 MiB)
[2026-08-21T04:37:12.512+0000] {spark_submit.py:571} INFO - 26/08/21 04:37:12 INFO MemoryStore: Block broadcast_4_piece0 stored as bytes in memory (estimated size 34.8 KiB, free 433.9 MiB)
[2026-08-21T04:37:12.512+0000] {spark_submit.py:571} INFO - 26/08/21 04:37:12 INFO BlockManagerInfo: Added broadcast_4_piece0 in memory on c90a551abb73:33629 (size: 34.8 KiB, free: 434.3 MiB)
[2026-08-21T04:37:12.515+0000] {spark_submit.py:571} INFO - 26/08/21 04:37:12 INFO SparkContext: Created broadcast 4 from count at NativeMethodAccessorImpl.java:0
[2026-08-21T04:37:12.518+0000] {spark_submit.py:571} INFO - 26/08/21 04:37:12 INFO FileSourceScanExec: Planning scan with bin packing, max size: 134217728 bytes, open cost is considered as scanning 4194304 bytes.
[2026-08-21T04:37:12.544+0000] {spark_submit.py:571} INFO - 26/08/21 04:37:12 INFO DAGScheduler: Registering RDD 13 (count at NativeMethodAccessorImpl.java:0) as input to shuffle 0
[2026-08-21T04:37:12.547+0000] {spark_submit.py:571} INFO - 26/08/21 04:37:12 INFO DAGScheduler: Got map stage job 2 (count at NativeMethodAccessorImpl.java:0) with 7 output partitions
[2026-08-21T04:37:12.548+0000] {spark_submit.py:571} INFO - 26/08/21 04:37:12 INFO DAGScheduler: Final stage: ShuffleMapStage 2 (count at NativeMethodAccessorImpl.java:0)
[2026-08-21T04:37:12.549+0000] {spark_submit.py:571} INFO - 26/08/21 04:37:12 INFO DAGScheduler: Parents of final stage: List()
[2026-08-21T04:37:12.549+0000] {spark_submit.py:571} INFO - 26/08/21 04:37:12 INFO DAGScheduler: Missing parents: List()
[2026-08-21T04:37:12.553+0000] {spark_submit.py:571} INFO - 26/08/21 04:37:12 INFO DAGScheduler: Submitting ShuffleMapStage 2 (MapPartitionsRDD[13] at count at NativeMethodAccessorImpl.java:0), which has no missing parents
[2026-08-21T04:37:12.563+0000] {spark_submit.py:571} INFO - 26/08/21 04:37:12 INFO MemoryStore: Block broadcast_5 stored as values in memory (estimated size 21.0 KiB, free 433.9 MiB)
[2026-08-21T04:37:12.564+0000] {spark_submit.py:571} INFO - 26/08/21 04:37:12 INFO MemoryStore: Block broadcast_5_piece0 stored as bytes in memory (estimated size 10.1 KiB, free 433.9 MiB)
[2026-08-21T04:37:12.565+0000] {spark_submit.py:571} INFO - 26/08/21 04:37:12 INFO BlockManagerInfo: Added broadcast_5_piece0 in memory on c90a551abb73:33629 (size: 10.1 KiB, free: 434.3 MiB)
[2026-08-21T04:37:12.565+0000] {spark_submit.py:571} INFO - 26/08/21 04:37:12 INFO SparkContext: Created broadcast 5 from broadcast at DAGScheduler.scala:1585
[2026-08-21T04:37:12.568+0000] {spark_submit.py:571} INFO - 26/08/21 04:37:12 INFO DAGScheduler: Submitting 7 missing tasks from ShuffleMapStage 2 (MapPartitionsRDD[13] at count at NativeMethodAccessorImpl.java:0) (first 15 tasks are for partitions Vector(0, 1, 2, 3, 4, 5, 6))
[2026-08-21T04:37:12.568+0000] {spark_submit.py:571} INFO - 26/08/21 04:37:12 INFO TaskSchedulerImpl: Adding task set 2.0 with 7 tasks resource profile 0
[2026-08-21T04:37:12.570+0000] {spark_submit.py:571} INFO - 26/08/21 04:37:12 INFO TaskSetManager: Starting task 0.0 in stage 2.0 (TID 8) (172.18.0.6, executor 0, partition 0, PROCESS_LOCAL, 8199 bytes)
[2026-08-21T04:37:12.571+0000] {spark_submit.py:571} INFO - 26/08/21 04:37:12 INFO TaskSetManager: Starting task 1.0 in stage 2.0 (TID 9) (172.18.0.7, executor 1, partition 1, PROCESS_LOCAL, 8199 bytes)
[2026-08-21T04:37:12.571+0000] {spark_submit.py:571} INFO - 26/08/21 04:37:12 INFO TaskSetManager: Starting task 2.0 in stage 2.0 (TID 10) (172.18.0.6, executor 0, partition 2, PROCESS_LOCAL, 8199 bytes)
[2026-08-21T04:37:12.571+0000] {spark_submit.py:571} INFO - 26/08/21 04:37:12 INFO TaskSetManager: Starting task 3.0 in stage 2.0 (TID 11) (172.18.0.7, executor 1, partition 3, PROCESS_LOCAL, 8199 bytes)
[2026-08-21T04:37:12.612+0000] {spark_submit.py:571} INFO - 26/08/21 04:37:12 INFO BlockManagerInfo: Added broadcast_5_piece0 in memory on 172.18.0.6:41231 (size: 10.1 KiB, free: 434.3 MiB)
[2026-08-21T04:37:12.613+0000] {spark_submit.py:571} INFO - 26/08/21 04:37:12 INFO BlockManagerInfo: Added broadcast_5_piece0 in memory on 172.18.0.7:34321 (size: 10.1 KiB, free: 434.3 MiB)
[2026-08-21T04:37:12.880+0000] {spark_submit.py:571} INFO - 26/08/21 04:37:12 INFO BlockManagerInfo: Added broadcast_4_piece0 in memory on 172.18.0.7:34321 (size: 34.8 KiB, free: 434.3 MiB)
[2026-08-21T04:37:12.943+0000] {spark_submit.py:571} INFO - 26/08/21 04:37:12 INFO BlockManagerInfo: Added broadcast_4_piece0 in memory on 172.18.0.6:41231 (size: 34.8 KiB, free: 434.3 MiB)
[2026-08-21T04:37:15.714+0000] {spark_submit.py:571} INFO - 26/08/21 04:37:15 INFO TaskSetManager: Starting task 4.0 in stage 2.0 (TID 12) (172.18.0.6, executor 0, partition 4, PROCESS_LOCAL, 8199 bytes)
[2026-08-21T04:37:15.717+0000] {spark_submit.py:571} INFO - 26/08/21 04:37:15 INFO TaskSetManager: Starting task 5.0 in stage 2.0 (TID 13) (172.18.0.6, executor 0, partition 5, PROCESS_LOCAL, 8199 bytes)
[2026-08-21T04:37:15.719+0000] {spark_submit.py:571} INFO - 26/08/21 04:37:15 INFO TaskSetManager: Finished task 0.0 in stage 2.0 (TID 8) in 3148 ms on 172.18.0.6 (executor 0) (1/7)
[2026-08-21T04:37:15.720+0000] {spark_submit.py:571} INFO - 26/08/21 04:37:15 INFO TaskSetManager: Finished task 2.0 in stage 2.0 (TID 10) in 3149 ms on 172.18.0.6 (executor 0) (2/7)
[2026-08-21T04:37:15.789+0000] {spark_submit.py:571} INFO - 26/08/21 04:37:15 INFO TaskSetManager: Starting task 6.0 in stage 2.0 (TID 14) (172.18.0.7, executor 1, partition 6, PROCESS_LOCAL, 8199 bytes)
[2026-08-21T04:37:15.791+0000] {spark_submit.py:571} INFO - 26/08/21 04:37:15 INFO TaskSetManager: Finished task 1.0 in stage 2.0 (TID 9) in 3219 ms on 172.18.0.7 (executor 1) (3/7)
[2026-08-21T04:37:15.909+0000] {spark_submit.py:571} INFO - 26/08/21 04:37:15 INFO TaskSetManager: Finished task 3.0 in stage 2.0 (TID 11) in 3337 ms on 172.18.0.7 (executor 1) (4/7)
[2026-08-21T04:37:17.182+0000] {spark_submit.py:571} INFO - 26/08/21 04:37:17 INFO TaskSetManager: Finished task 4.0 in stage 2.0 (TID 12) in 1468 ms on 172.18.0.6 (executor 0) (5/7)
[2026-08-21T04:37:17.328+0000] {spark_submit.py:571} INFO - 26/08/21 04:37:17 INFO TaskSetManager: Finished task 6.0 in stage 2.0 (TID 14) in 1539 ms on 172.18.0.7 (executor 1) (6/7)
[2026-08-21T04:37:17.383+0000] {spark_submit.py:571} INFO - 26/08/21 04:37:17 INFO TaskSetManager: Finished task 5.0 in stage 2.0 (TID 13) in 1667 ms on 172.18.0.6 (executor 0) (7/7)
[2026-08-21T04:37:17.384+0000] {spark_submit.py:571} INFO - 26/08/21 04:37:17 INFO DAGScheduler: ShuffleMapStage 2 (count at NativeMethodAccessorImpl.java:0) finished in 4.830 s
[2026-08-21T04:37:17.385+0000] {spark_submit.py:571} INFO - 26/08/21 04:37:17 INFO DAGScheduler: looking for newly runnable stages
[2026-08-21T04:37:17.385+0000] {spark_submit.py:571} INFO - 26/08/21 04:37:17 INFO DAGScheduler: running: Set()
[2026-08-21T04:37:17.385+0000] {spark_submit.py:571} INFO - 26/08/21 04:37:17 INFO TaskSchedulerImpl: Removed TaskSet 2.0, whose tasks have all completed, from pool
[2026-08-21T04:37:17.386+0000] {spark_submit.py:571} INFO - 26/08/21 04:37:17 INFO DAGScheduler: waiting: Set()
[2026-08-21T04:37:17.388+0000] {spark_submit.py:571} INFO - 26/08/21 04:37:17 INFO DAGScheduler: failed: Set()
[2026-08-21T04:37:17.426+0000] {spark_submit.py:571} INFO - 26/08/21 04:37:17 INFO CodeGenerator: Code generated in 11.134024 ms
[2026-08-21T04:37:17.457+0000] {spark_submit.py:571} INFO - 26/08/21 04:37:17 INFO SparkContext: Starting job: count at NativeMethodAccessorImpl.java:0
[2026-08-21T04:37:17.469+0000] {spark_submit.py:571} INFO - 26/08/21 04:37:17 INFO DAGScheduler: Got job 3 (count at NativeMethodAccessorImpl.java:0) with 1 output partitions
[2026-08-21T04:37:17.472+0000] {spark_submit.py:571} INFO - 26/08/21 04:37:17 INFO DAGScheduler: Final stage: ResultStage 4 (count at NativeMethodAccessorImpl.java:0)
[2026-08-21T04:37:17.474+0000] {spark_submit.py:571} INFO - 26/08/21 04:37:17 INFO DAGScheduler: Parents of final stage: List(ShuffleMapStage 3)
[2026-08-21T04:37:17.476+0000] {spark_submit.py:571} INFO - 26/08/21 04:37:17 INFO DAGScheduler: Missing parents: List()
[2026-08-21T04:37:17.476+0000] {spark_submit.py:571} INFO - 26/08/21 04:37:17 INFO DAGScheduler: Submitting ResultStage 4 (MapPartitionsRDD[16] at count at NativeMethodAccessorImpl.java:0), which has no missing parents
[2026-08-21T04:37:17.478+0000] {spark_submit.py:571} INFO - 26/08/21 04:37:17 INFO BlockManagerInfo: Removed broadcast_5_piece0 on 172.18.0.6:41231 in memory (size: 10.1 KiB, free: 434.3 MiB)
[2026-08-21T04:37:17.478+0000] {spark_submit.py:571} INFO - 26/08/21 04:37:17 INFO MemoryStore: Block broadcast_6 stored as values in memory (estimated size 12.5 KiB, free 433.9 MiB)
[2026-08-21T04:37:17.479+0000] {spark_submit.py:571} INFO - 26/08/21 04:37:17 INFO BlockManagerInfo: Removed broadcast_5_piece0 on 172.18.0.7:34321 in memory (size: 10.1 KiB, free: 434.3 MiB)
[2026-08-21T04:37:17.479+0000] {spark_submit.py:571} INFO - 26/08/21 04:37:17 INFO MemoryStore: Block broadcast_6_piece0 stored as bytes in memory (estimated size 5.9 KiB, free 433.9 MiB)
[2026-08-21T04:37:17.480+0000] {spark_submit.py:571} INFO - 26/08/21 04:37:17 INFO BlockManagerInfo: Removed broadcast_5_piece0 on c90a551abb73:33629 in memory (size: 10.1 KiB, free: 434.3 MiB)
[2026-08-21T04:37:17.480+0000] {spark_submit.py:571} INFO - 26/08/21 04:37:17 INFO BlockManagerInfo: Added broadcast_6_piece0 in memory on c90a551abb73:33629 (size: 5.9 KiB, free: 434.3 MiB)
[2026-08-21T04:37:17.490+0000] {spark_submit.py:571} INFO - 26/08/21 04:37:17 INFO SparkContext: Created broadcast 6 from broadcast at DAGScheduler.scala:1585
[2026-08-21T04:37:17.492+0000] {spark_submit.py:571} INFO - 26/08/21 04:37:17 INFO DAGScheduler: Submitting 1 missing tasks from ResultStage 4 (MapPartitionsRDD[16] at count at NativeMethodAccessorImpl.java:0) (first 15 tasks are for partitions Vector(0))
[2026-08-21T04:37:17.493+0000] {spark_submit.py:571} INFO - 26/08/21 04:37:17 INFO TaskSchedulerImpl: Adding task set 4.0 with 1 tasks resource profile 0
[2026-08-21T04:37:17.496+0000] {spark_submit.py:571} INFO - 26/08/21 04:37:17 INFO TaskSetManager: Starting task 0.0 in stage 4.0 (TID 15) (172.18.0.7, executor 1, partition 0, NODE_LOCAL, 7619 bytes)
[2026-08-21T04:37:17.500+0000] {spark_submit.py:571} INFO - 26/08/21 04:37:17 INFO BlockManagerInfo: Removed broadcast_3_piece0 on c90a551abb73:33629 in memory (size: 13.1 KiB, free: 434.3 MiB)
[2026-08-21T04:37:17.508+0000] {spark_submit.py:571} INFO - 26/08/21 04:37:17 INFO BlockManagerInfo: Removed broadcast_3_piece0 on 172.18.0.6:41231 in memory (size: 13.1 KiB, free: 434.3 MiB)
[2026-08-21T04:37:17.517+0000] {spark_submit.py:571} INFO - 26/08/21 04:37:17 INFO BlockManagerInfo: Removed broadcast_3_piece0 on 172.18.0.7:34321 in memory (size: 13.1 KiB, free: 434.3 MiB)
[2026-08-21T04:37:17.530+0000] {spark_submit.py:571} INFO - 26/08/21 04:37:17 INFO BlockManagerInfo: Added broadcast_6_piece0 in memory on 172.18.0.7:34321 (size: 5.9 KiB, free: 434.3 MiB)
[2026-08-21T04:37:17.547+0000] {spark_submit.py:571} INFO - 26/08/21 04:37:17 INFO MapOutputTrackerMasterEndpoint: Asked to send map output locations for shuffle 0 to 172.18.0.7:49734
[2026-08-21T04:37:17.641+0000] {spark_submit.py:571} INFO - 26/08/21 04:37:17 INFO BlockManagerInfo: Removed broadcast_2_piece0 on c90a551abb73:33629 in memory (size: 34.9 KiB, free: 434.4 MiB)
[2026-08-21T04:37:17.650+0000] {spark_submit.py:571} INFO - 26/08/21 04:37:17 INFO BlockManagerInfo: Removed broadcast_2_piece0 on 172.18.0.6:41231 in memory (size: 34.9 KiB, free: 434.4 MiB)
[2026-08-21T04:37:17.656+0000] {spark_submit.py:571} INFO - 26/08/21 04:37:17 INFO BlockManagerInfo: Removed broadcast_2_piece0 on 172.18.0.7:34321 in memory (size: 34.9 KiB, free: 434.4 MiB)
[2026-08-21T04:37:17.673+0000] {spark_submit.py:571} INFO - 26/08/21 04:37:17 INFO TaskSetManager: Finished task 0.0 in stage 4.0 (TID 15) in 179 ms on 172.18.0.7 (executor 1) (1/1)
[2026-08-21T04:37:17.674+0000] {spark_submit.py:571} INFO - 26/08/21 04:37:17 INFO TaskSchedulerImpl: Removed TaskSet 4.0, whose tasks have all completed, from pool
[2026-08-21T04:37:17.676+0000] {spark_submit.py:571} INFO - 26/08/21 04:37:17 INFO DAGScheduler: ResultStage 4 (count at NativeMethodAccessorImpl.java:0) finished in 0.208 s
[2026-08-21T04:37:17.677+0000] {spark_submit.py:571} INFO - 26/08/21 04:37:17 INFO DAGScheduler: Job 3 is finished. Cancelling potential speculative or zombie tasks for this job
[2026-08-21T04:37:17.678+0000] {spark_submit.py:571} INFO - 26/08/21 04:37:17 INFO TaskSchedulerImpl: Killing all running tasks in stage 4: Stage finished
[2026-08-21T04:37:17.679+0000] {spark_submit.py:571} INFO - 26/08/21 04:37:17 INFO DAGScheduler: Job 3 finished: count at NativeMethodAccessorImpl.java:0, took 0.219314 s
[2026-08-21T04:37:17.756+0000] {spark_submit.py:571} INFO - 26/08/21 04:37:17 INFO FileSourceStrategy: Pushed Filters: IsNotNull(date_hour)
[2026-08-21T04:37:17.757+0000] {spark_submit.py:571} INFO - 26/08/21 04:37:17 INFO FileSourceStrategy: Post-Scan Filters: isnotnull(date_hour#19),(regexp_replace(date_hour#19, ", , 1) = 2025-06-01-03)
[2026-08-21T04:37:17.777+0000] {spark_submit.py:571} INFO - 26/08/21 04:37:17 INFO MemoryStore: Block broadcast_7 stored as values in memory (estimated size 201.7 KiB, free 434.0 MiB)
[2026-08-21T04:37:17.784+0000] {spark_submit.py:571} INFO - 26/08/21 04:37:17 INFO MemoryStore: Block broadcast_7_piece0 stored as bytes in memory (estimated size 34.8 KiB, free 433.9 MiB)
[2026-08-21T04:37:17.785+0000] {spark_submit.py:571} INFO - 26/08/21 04:37:17 INFO BlockManagerInfo: Added broadcast_7_piece0 in memory on c90a551abb73:33629 (size: 34.8 KiB, free: 434.3 MiB)
[2026-08-21T04:37:17.786+0000] {spark_submit.py:571} INFO - 26/08/21 04:37:17 INFO SparkContext: Created broadcast 7 from count at NativeMethodAccessorImpl.java:0
[2026-08-21T04:37:17.787+0000] {spark_submit.py:571} INFO - 26/08/21 04:37:17 INFO FileSourceScanExec: Planning scan with bin packing, max size: 134217728 bytes, open cost is considered as scanning 4194304 bytes.
[2026-08-21T04:37:17.792+0000] {spark_submit.py:571} INFO - 26/08/21 04:37:17 INFO DAGScheduler: Registering RDD 20 (count at NativeMethodAccessorImpl.java:0) as input to shuffle 1
[2026-08-21T04:37:17.793+0000] {spark_submit.py:571} INFO - 26/08/21 04:37:17 INFO DAGScheduler: Got map stage job 4 (count at NativeMethodAccessorImpl.java:0) with 7 output partitions
[2026-08-21T04:37:17.794+0000] {spark_submit.py:571} INFO - 26/08/21 04:37:17 INFO DAGScheduler: Final stage: ShuffleMapStage 5 (count at NativeMethodAccessorImpl.java:0)
[2026-08-21T04:37:17.794+0000] {spark_submit.py:571} INFO - 26/08/21 04:37:17 INFO DAGScheduler: Parents of final stage: List()
[2026-08-21T04:37:17.795+0000] {spark_submit.py:571} INFO - 26/08/21 04:37:17 INFO DAGScheduler: Missing parents: List()
[2026-08-21T04:37:17.796+0000] {spark_submit.py:571} INFO - 26/08/21 04:37:17 INFO DAGScheduler: Submitting ShuffleMapStage 5 (MapPartitionsRDD[20] at count at NativeMethodAccessorImpl.java:0), which has no missing parents
[2026-08-21T04:37:17.796+0000] {spark_submit.py:571} INFO - 26/08/21 04:37:17 INFO MemoryStore: Block broadcast_8 stored as values in memory (estimated size 21.0 KiB, free 433.9 MiB)
[2026-08-21T04:37:17.797+0000] {spark_submit.py:571} INFO - 26/08/21 04:37:17 INFO MemoryStore: Block broadcast_8_piece0 stored as bytes in memory (estimated size 10.1 KiB, free 433.9 MiB)
[2026-08-21T04:37:17.798+0000] {spark_submit.py:571} INFO - 26/08/21 04:37:17 INFO BlockManagerInfo: Added broadcast_8_piece0 in memory on c90a551abb73:33629 (size: 10.1 KiB, free: 434.3 MiB)
[2026-08-21T04:37:17.799+0000] {spark_submit.py:571} INFO - 26/08/21 04:37:17 INFO SparkContext: Created broadcast 8 from broadcast at DAGScheduler.scala:1585
[2026-08-21T04:37:17.800+0000] {spark_submit.py:571} INFO - 26/08/21 04:37:17 INFO DAGScheduler: Submitting 7 missing tasks from ShuffleMapStage 5 (MapPartitionsRDD[20] at count at NativeMethodAccessorImpl.java:0) (first 15 tasks are for partitions Vector(0, 1, 2, 3, 4, 5, 6))
[2026-08-21T04:37:17.800+0000] {spark_submit.py:571} INFO - 26/08/21 04:37:17 INFO TaskSchedulerImpl: Adding task set 5.0 with 7 tasks resource profile 0
[2026-08-21T04:37:17.800+0000] {spark_submit.py:571} INFO - 26/08/21 04:37:17 INFO TaskSetManager: Starting task 0.0 in stage 5.0 (TID 16) (172.18.0.6, executor 0, partition 0, PROCESS_LOCAL, 8199 bytes)
[2026-08-21T04:37:17.801+0000] {spark_submit.py:571} INFO - 26/08/21 04:37:17 INFO TaskSetManager: Starting task 1.0 in stage 5.0 (TID 17) (172.18.0.7, executor 1, partition 1, PROCESS_LOCAL, 8199 bytes)
[2026-08-21T04:37:17.801+0000] {spark_submit.py:571} INFO - 26/08/21 04:37:17 INFO TaskSetManager: Starting task 2.0 in stage 5.0 (TID 18) (172.18.0.6, executor 0, partition 2, PROCESS_LOCAL, 8199 bytes)
[2026-08-21T04:37:17.801+0000] {spark_submit.py:571} INFO - 26/08/21 04:37:17 INFO TaskSetManager: Starting task 3.0 in stage 5.0 (TID 19) (172.18.0.7, executor 1, partition 3, PROCESS_LOCAL, 8199 bytes)
[2026-08-21T04:37:17.839+0000] {spark_submit.py:571} INFO - 26/08/21 04:37:17 INFO BlockManagerInfo: Added broadcast_8_piece0 in memory on 172.18.0.6:41231 (size: 10.1 KiB, free: 434.4 MiB)
[2026-08-21T04:37:17.846+0000] {spark_submit.py:571} INFO - 26/08/21 04:37:17 INFO BlockManagerInfo: Added broadcast_8_piece0 in memory on 172.18.0.7:34321 (size: 10.1 KiB, free: 434.4 MiB)
[2026-08-21T04:37:17.879+0000] {spark_submit.py:571} INFO - 26/08/21 04:37:17 INFO BlockManagerInfo: Added broadcast_7_piece0 in memory on 172.18.0.6:41231 (size: 34.8 KiB, free: 434.3 MiB)
[2026-08-21T04:37:17.889+0000] {spark_submit.py:571} INFO - 26/08/21 04:37:17 INFO BlockManagerInfo: Added broadcast_7_piece0 in memory on 172.18.0.7:34321 (size: 34.8 KiB, free: 434.3 MiB)
[2026-08-21T04:37:20.008+0000] {spark_submit.py:571} INFO - 26/08/21 04:37:20 INFO TaskSetManager: Starting task 4.0 in stage 5.0 (TID 20) (172.18.0.6, executor 0, partition 4, PROCESS_LOCAL, 8199 bytes)
[2026-08-21T04:37:20.009+0000] {spark_submit.py:571} INFO - 26/08/21 04:37:20 INFO TaskSetManager: Finished task 2.0 in stage 5.0 (TID 18) in 2208 ms on 172.18.0.6 (executor 0) (1/7)
[2026-08-21T04:37:20.086+0000] {spark_submit.py:571} INFO - 26/08/21 04:37:20 INFO TaskSetManager: Starting task 5.0 in stage 5.0 (TID 21) (172.18.0.6, executor 0, partition 5, PROCESS_LOCAL, 8199 bytes)
[2026-08-21T04:37:20.087+0000] {spark_submit.py:571} INFO - 26/08/21 04:37:20 INFO TaskSetManager: Finished task 0.0 in stage 5.0 (TID 16) in 2286 ms on 172.18.0.6 (executor 0) (2/7)
[2026-08-21T04:37:20.303+0000] {spark_submit.py:571} INFO - 26/08/21 04:37:20 INFO TaskSetManager: Starting task 6.0 in stage 5.0 (TID 22) (172.18.0.7, executor 1, partition 6, PROCESS_LOCAL, 8199 bytes)
[2026-08-21T04:37:20.304+0000] {spark_submit.py:571} INFO - 26/08/21 04:37:20 INFO TaskSetManager: Finished task 1.0 in stage 5.0 (TID 17) in 2503 ms on 172.18.0.7 (executor 1) (3/7)
[2026-08-21T04:37:20.306+0000] {spark_submit.py:571} INFO - 26/08/21 04:37:20 INFO TaskSetManager: Finished task 3.0 in stage 5.0 (TID 19) in 2504 ms on 172.18.0.7 (executor 1) (4/7)
[2026-08-21T04:37:21.507+0000] {spark_submit.py:571} INFO - 26/08/21 04:37:21 INFO TaskSetManager: Finished task 4.0 in stage 5.0 (TID 20) in 1499 ms on 172.18.0.6 (executor 0) (5/7)
[2026-08-21T04:37:21.672+0000] {spark_submit.py:571} INFO - 26/08/21 04:37:21 INFO TaskSetManager: Finished task 5.0 in stage 5.0 (TID 21) in 1589 ms on 172.18.0.6 (executor 0) (6/7)
[2026-08-21T04:37:21.699+0000] {spark_submit.py:571} INFO - 26/08/21 04:37:21 INFO TaskSetManager: Finished task 6.0 in stage 5.0 (TID 22) in 1401 ms on 172.18.0.7 (executor 1) (7/7)
[2026-08-21T04:37:21.700+0000] {spark_submit.py:571} INFO - 26/08/21 04:37:21 INFO TaskSchedulerImpl: Removed TaskSet 5.0, whose tasks have all completed, from pool
[2026-08-21T04:37:21.700+0000] {spark_submit.py:571} INFO - 26/08/21 04:37:21 INFO DAGScheduler: ShuffleMapStage 5 (count at NativeMethodAccessorImpl.java:0) finished in 3.905 s
[2026-08-21T04:37:21.700+0000] {spark_submit.py:571} INFO - 26/08/21 04:37:21 INFO DAGScheduler: looking for newly runnable stages
[2026-08-21T04:37:21.701+0000] {spark_submit.py:571} INFO - 26/08/21 04:37:21 INFO DAGScheduler: running: Set()
[2026-08-21T04:37:21.701+0000] {spark_submit.py:571} INFO - 26/08/21 04:37:21 INFO DAGScheduler: waiting: Set()
[2026-08-21T04:37:21.701+0000] {spark_submit.py:571} INFO - 26/08/21 04:37:21 INFO DAGScheduler: failed: Set()
[2026-08-21T04:37:21.720+0000] {spark_submit.py:571} INFO - 26/08/21 04:37:21 INFO SparkContext: Starting job: count at NativeMethodAccessorImpl.java:0
[2026-08-21T04:37:21.722+0000] {spark_submit.py:571} INFO - 26/08/21 04:37:21 INFO DAGScheduler: Got job 5 (count at NativeMethodAccessorImpl.java:0) with 1 output partitions
[2026-08-21T04:37:21.722+0000] {spark_submit.py:571} INFO - 26/08/21 04:37:21 INFO DAGScheduler: Final stage: ResultStage 7 (count at NativeMethodAccessorImpl.java:0)
[2026-08-21T04:37:21.725+0000] {spark_submit.py:571} INFO - 26/08/21 04:37:21 INFO DAGScheduler: Parents of final stage: List(ShuffleMapStage 6)
[2026-08-21T04:37:21.725+0000] {spark_submit.py:571} INFO - 26/08/21 04:37:21 INFO DAGScheduler: Missing parents: List()
[2026-08-21T04:37:21.726+0000] {spark_submit.py:571} INFO - 26/08/21 04:37:21 INFO DAGScheduler: Submitting ResultStage 7 (MapPartitionsRDD[23] at count at NativeMethodAccessorImpl.java:0), which has no missing parents
[2026-08-21T04:37:21.730+0000] {spark_submit.py:571} INFO - 26/08/21 04:37:21 INFO MemoryStore: Block broadcast_9 stored as values in memory (estimated size 12.5 KiB, free 433.9 MiB)
[2026-08-21T04:37:21.731+0000] {spark_submit.py:571} INFO - 26/08/21 04:37:21 INFO MemoryStore: Block broadcast_9_piece0 stored as bytes in memory (estimated size 5.9 KiB, free 433.9 MiB)
[2026-08-21T04:37:21.731+0000] {spark_submit.py:571} INFO - 26/08/21 04:37:21 INFO BlockManagerInfo: Added broadcast_9_piece0 in memory on c90a551abb73:33629 (size: 5.9 KiB, free: 434.3 MiB)
[2026-08-21T04:37:21.732+0000] {spark_submit.py:571} INFO - 26/08/21 04:37:21 INFO SparkContext: Created broadcast 9 from broadcast at DAGScheduler.scala:1585
[2026-08-21T04:37:21.733+0000] {spark_submit.py:571} INFO - 26/08/21 04:37:21 INFO DAGScheduler: Submitting 1 missing tasks from ResultStage 7 (MapPartitionsRDD[23] at count at NativeMethodAccessorImpl.java:0) (first 15 tasks are for partitions Vector(0))
[2026-08-21T04:37:21.734+0000] {spark_submit.py:571} INFO - 26/08/21 04:37:21 INFO TaskSchedulerImpl: Adding task set 7.0 with 1 tasks resource profile 0
[2026-08-21T04:37:21.735+0000] {spark_submit.py:571} INFO - 26/08/21 04:37:21 INFO TaskSetManager: Starting task 0.0 in stage 7.0 (TID 23) (172.18.0.7, executor 1, partition 0, NODE_LOCAL, 7619 bytes)
[2026-08-21T04:37:21.769+0000] {spark_submit.py:571} INFO - 26/08/21 04:37:21 INFO BlockManagerInfo: Added broadcast_9_piece0 in memory on 172.18.0.7:34321 (size: 5.9 KiB, free: 434.3 MiB)
[2026-08-21T04:37:21.776+0000] {spark_submit.py:571} INFO - 26/08/21 04:37:21 INFO MapOutputTrackerMasterEndpoint: Asked to send map output locations for shuffle 1 to 172.18.0.7:49734
[2026-08-21T04:37:21.801+0000] {spark_submit.py:571} INFO - 26/08/21 04:37:21 INFO TaskSetManager: Finished task 0.0 in stage 7.0 (TID 23) in 66 ms on 172.18.0.7 (executor 1) (1/1)
[2026-08-21T04:37:21.803+0000] {spark_submit.py:571} INFO - 26/08/21 04:37:21 INFO TaskSchedulerImpl: Removed TaskSet 7.0, whose tasks have all completed, from pool
[2026-08-21T04:37:21.804+0000] {spark_submit.py:571} INFO - 26/08/21 04:37:21 INFO DAGScheduler: ResultStage 7 (count at NativeMethodAccessorImpl.java:0) finished in 0.078 s
[2026-08-21T04:37:21.804+0000] {spark_submit.py:571} INFO - 26/08/21 04:37:21 INFO DAGScheduler: Job 5 is finished. Cancelling potential speculative or zombie tasks for this job
[2026-08-21T04:37:21.804+0000] {spark_submit.py:571} INFO - 26/08/21 04:37:21 INFO TaskSchedulerImpl: Killing all running tasks in stage 7: Stage finished
[2026-08-21T04:37:21.804+0000] {spark_submit.py:571} INFO - 26/08/21 04:37:21 INFO DAGScheduler: Job 5 finished: count at NativeMethodAccessorImpl.java:0, took 0.083447 s
[2026-08-21T04:37:21.805+0000] {spark_submit.py:571} INFO - Đang ghi 3614 dòng xuống Bronze layer (Partition: 2025-06-01 / 03)...
[2026-08-21T04:37:21.935+0000] {spark_submit.py:571} INFO - 26/08/21 04:37:21 INFO DelegatingLogStore: LogStore `LogStoreAdapter(io.delta.storage.S3SingleDriverLogStore)` is used for scheme `s3a`
[2026-08-21T04:37:21.981+0000] {spark_submit.py:571} INFO - 26/08/21 04:37:21 INFO DeltaLog: Loading version 2.
[2026-08-21T04:37:22.399+0000] {spark_submit.py:571} INFO - 26/08/21 04:37:22 INFO DeltaLogFileIndex: Created DeltaLogFileIndex(JSON, numFilesInSegment: 3, totalFileSize: 13798)
[2026-08-21T04:37:22.400+0000] {spark_submit.py:571} INFO - 26/08/21 04:37:22 INFO BlockManagerInfo: Removed broadcast_6_piece0 on c90a551abb73:33629 in memory (size: 5.9 KiB, free: 434.3 MiB)
[2026-08-21T04:37:22.406+0000] {spark_submit.py:571} INFO - 26/08/21 04:37:22 INFO BlockManagerInfo: Removed broadcast_6_piece0 on 172.18.0.7:34321 in memory (size: 5.9 KiB, free: 434.3 MiB)
[2026-08-21T04:37:22.415+0000] {spark_submit.py:571} INFO - 26/08/21 04:37:22 INFO BlockManagerInfo: Removed broadcast_7_piece0 on 172.18.0.7:34321 in memory (size: 34.8 KiB, free: 434.4 MiB)
[2026-08-21T04:37:22.418+0000] {spark_submit.py:571} INFO - 26/08/21 04:37:22 INFO BlockManagerInfo: Removed broadcast_7_piece0 on 172.18.0.6:41231 in memory (size: 34.8 KiB, free: 434.4 MiB)
[2026-08-21T04:37:22.420+0000] {spark_submit.py:571} INFO - 26/08/21 04:37:22 INFO BlockManagerInfo: Removed broadcast_7_piece0 on c90a551abb73:33629 in memory (size: 34.8 KiB, free: 434.4 MiB)
[2026-08-21T04:37:22.442+0000] {spark_submit.py:571} INFO - 26/08/21 04:37:22 INFO BlockManagerInfo: Removed broadcast_9_piece0 on 172.18.0.7:34321 in memory (size: 5.9 KiB, free: 434.4 MiB)
[2026-08-21T04:37:22.447+0000] {spark_submit.py:571} INFO - 26/08/21 04:37:22 INFO BlockManagerInfo: Removed broadcast_9_piece0 on c90a551abb73:33629 in memory (size: 5.9 KiB, free: 434.4 MiB)
[2026-08-21T04:37:22.471+0000] {spark_submit.py:571} INFO - 26/08/21 04:37:22 INFO BlockManagerInfo: Removed broadcast_8_piece0 on c90a551abb73:33629 in memory (size: 10.1 KiB, free: 434.4 MiB)
[2026-08-21T04:37:22.476+0000] {spark_submit.py:571} INFO - 26/08/21 04:37:22 INFO BlockManagerInfo: Removed broadcast_8_piece0 on 172.18.0.6:41231 in memory (size: 10.1 KiB, free: 434.4 MiB)
[2026-08-21T04:37:22.478+0000] {spark_submit.py:571} INFO - 26/08/21 04:37:22 INFO BlockManagerInfo: Removed broadcast_8_piece0 on 172.18.0.7:34321 in memory (size: 10.1 KiB, free: 434.4 MiB)
[2026-08-21T04:37:22.668+0000] {spark_submit.py:571} INFO - 26/08/21 04:37:22 INFO DataSourceStrategy: Pruning directories with:
[2026-08-21T04:37:22.669+0000] {spark_submit.py:571} INFO - 26/08/21 04:37:22 INFO FileSourceStrategy: Pushed Filters:
[2026-08-21T04:37:22.669+0000] {spark_submit.py:571} INFO - 26/08/21 04:37:22 INFO FileSourceStrategy: Post-Scan Filters: ((isnotnull(protocol#557.minReaderVersion) OR isnotnull(metaData#556.id)) OR (isnotnull(commitInfo#558.inCommitTimestamp) AND (version#559L = 2)))
[2026-08-21T04:37:22.815+0000] {spark_submit.py:571} INFO - 26/08/21 04:37:22 INFO CodeGenerator: Code generated in 117.861593 ms
[2026-08-21T04:37:22.819+0000] {spark_submit.py:571} INFO - 26/08/21 04:37:22 INFO MemoryStore: Block broadcast_10 stored as values in memory (estimated size 201.6 KiB, free 434.0 MiB)
[2026-08-21T04:37:22.835+0000] {spark_submit.py:571} INFO - 26/08/21 04:37:22 INFO MemoryStore: Block broadcast_10_piece0 stored as bytes in memory (estimated size 34.9 KiB, free 433.9 MiB)
[2026-08-21T04:37:22.836+0000] {spark_submit.py:571} INFO - 26/08/21 04:37:22 INFO BlockManagerInfo: Added broadcast_10_piece0 in memory on c90a551abb73:33629 (size: 34.9 KiB, free: 434.3 MiB)
[2026-08-21T04:37:22.839+0000] {spark_submit.py:571} INFO - 26/08/21 04:37:22 INFO SparkContext: Created broadcast 10 from $anonfun$recordDeltaOperationInternal$1 at DatabricksLogging.scala:128
[2026-08-21T04:37:22.850+0000] {spark_submit.py:571} INFO - 26/08/21 04:37:22 INFO FileSourceScanExec: Planning scan with bin packing, max size: 4194304 bytes, open cost is considered as scanning 4194304 bytes.
[2026-08-21T04:37:22.881+0000] {spark_submit.py:571} INFO - 26/08/21 04:37:22 INFO SparkContext: Starting job: $anonfun$recordDeltaOperationInternal$1 at DatabricksLogging.scala:128
[2026-08-21T04:37:22.883+0000] {spark_submit.py:571} INFO - 26/08/21 04:37:22 INFO DAGScheduler: Got job 6 ($anonfun$recordDeltaOperationInternal$1 at DatabricksLogging.scala:128) with 3 output partitions
[2026-08-21T04:37:22.883+0000] {spark_submit.py:571} INFO - 26/08/21 04:37:22 INFO DAGScheduler: Final stage: ResultStage 8 ($anonfun$recordDeltaOperationInternal$1 at DatabricksLogging.scala:128)
[2026-08-21T04:37:22.886+0000] {spark_submit.py:571} INFO - 26/08/21 04:37:22 INFO DAGScheduler: Parents of final stage: List()
[2026-08-21T04:37:22.887+0000] {spark_submit.py:571} INFO - 26/08/21 04:37:22 INFO DAGScheduler: Missing parents: List()
[2026-08-21T04:37:22.889+0000] {spark_submit.py:571} INFO - 26/08/21 04:37:22 INFO DAGScheduler: Submitting ResultStage 8 (MapPartitionsRDD[27] at $anonfun$recordDeltaOperationInternal$1 at DatabricksLogging.scala:128), which has no missing parents
[2026-08-21T04:37:22.891+0000] {spark_submit.py:571} INFO - 26/08/21 04:37:22 INFO MemoryStore: Block broadcast_11 stored as values in memory (estimated size 55.2 KiB, free 433.9 MiB)
[2026-08-21T04:37:22.893+0000] {spark_submit.py:571} INFO - 26/08/21 04:37:22 INFO MemoryStore: Block broadcast_11_piece0 stored as bytes in memory (estimated size 17.2 KiB, free 433.9 MiB)
[2026-08-21T04:37:22.894+0000] {spark_submit.py:571} INFO - 26/08/21 04:37:22 INFO BlockManagerInfo: Added broadcast_11_piece0 in memory on c90a551abb73:33629 (size: 17.2 KiB, free: 434.3 MiB)
[2026-08-21T04:37:22.896+0000] {spark_submit.py:571} INFO - 26/08/21 04:37:22 INFO SparkContext: Created broadcast 11 from broadcast at DAGScheduler.scala:1585
[2026-08-21T04:37:22.897+0000] {spark_submit.py:571} INFO - 26/08/21 04:37:22 INFO DAGScheduler: Submitting 3 missing tasks from ResultStage 8 (MapPartitionsRDD[27] at $anonfun$recordDeltaOperationInternal$1 at DatabricksLogging.scala:128) (first 15 tasks are for partitions Vector(0, 1, 2))
[2026-08-21T04:37:22.897+0000] {spark_submit.py:571} INFO - 26/08/21 04:37:22 INFO TaskSchedulerImpl: Adding task set 8.0 with 3 tasks resource profile 0
[2026-08-21T04:37:22.900+0000] {spark_submit.py:571} INFO - 26/08/21 04:37:22 INFO TaskSetManager: Starting task 0.0 in stage 8.0 (TID 24) (172.18.0.6, executor 0, partition 0, PROCESS_LOCAL, 8295 bytes)
[2026-08-21T04:37:22.902+0000] {spark_submit.py:571} INFO - 26/08/21 04:37:22 INFO TaskSetManager: Starting task 1.0 in stage 8.0 (TID 25) (172.18.0.7, executor 1, partition 1, PROCESS_LOCAL, 8295 bytes)
[2026-08-21T04:37:22.902+0000] {spark_submit.py:571} INFO - 26/08/21 04:37:22 INFO TaskSetManager: Starting task 2.0 in stage 8.0 (TID 26) (172.18.0.6, executor 0, partition 2, PROCESS_LOCAL, 8295 bytes)
[2026-08-21T04:37:22.930+0000] {spark_submit.py:571} INFO - 26/08/21 04:37:22 INFO BlockManagerInfo: Added broadcast_11_piece0 in memory on 172.18.0.7:34321 (size: 17.2 KiB, free: 434.3 MiB)
[2026-08-21T04:37:22.938+0000] {spark_submit.py:571} INFO - 26/08/21 04:37:22 INFO BlockManagerInfo: Added broadcast_11_piece0 in memory on 172.18.0.6:41231 (size: 17.2 KiB, free: 434.3 MiB)
[2026-08-21T04:37:23.053+0000] {spark_submit.py:571} INFO - 26/08/21 04:37:23 INFO BlockManagerInfo: Removed broadcast_4_piece0 on c90a551abb73:33629 in memory (size: 34.8 KiB, free: 434.3 MiB)
[2026-08-21T04:37:23.068+0000] {spark_submit.py:571} INFO - 26/08/21 04:37:23 INFO BlockManagerInfo: Removed broadcast_4_piece0 on 172.18.0.6:41231 in memory (size: 34.8 KiB, free: 434.4 MiB)
[2026-08-21T04:37:23.083+0000] {spark_submit.py:571} INFO - 26/08/21 04:37:23 INFO BlockManagerInfo: Removed broadcast_4_piece0 on 172.18.0.7:34321 in memory (size: 34.8 KiB, free: 434.4 MiB)
[2026-08-21T04:37:23.497+0000] {spark_submit.py:571} INFO - 26/08/21 04:37:23 INFO BlockManagerInfo: Added broadcast_10_piece0 in memory on 172.18.0.7:34321 (size: 34.9 KiB, free: 434.3 MiB)
[2026-08-21T04:37:23.646+0000] {spark_submit.py:571} INFO - 26/08/21 04:37:23 INFO TaskSetManager: Finished task 1.0 in stage 8.0 (TID 25) in 746 ms on 172.18.0.7 (executor 1) (1/3)
[2026-08-21T04:37:23.679+0000] {spark_submit.py:571} INFO - 26/08/21 04:37:23 INFO BlockManagerInfo: Added broadcast_10_piece0 in memory on 172.18.0.6:41231 (size: 34.9 KiB, free: 434.3 MiB)
[2026-08-21T04:37:23.756+0000] {spark_submit.py:571} INFO - 26/08/21 04:37:23 INFO TaskSetManager: Finished task 2.0 in stage 8.0 (TID 26) in 855 ms on 172.18.0.6 (executor 0) (2/3)
[2026-08-21T04:37:23.760+0000] {spark_submit.py:571} INFO - 26/08/21 04:37:23 INFO TaskSetManager: Finished task 0.0 in stage 8.0 (TID 24) in 860 ms on 172.18.0.6 (executor 0) (3/3)
[2026-08-21T04:37:23.760+0000] {spark_submit.py:571} INFO - 26/08/21 04:37:23 INFO TaskSchedulerImpl: Removed TaskSet 8.0, whose tasks have all completed, from pool
[2026-08-21T04:37:23.761+0000] {spark_submit.py:571} INFO - 26/08/21 04:37:23 INFO DAGScheduler: ResultStage 8 ($anonfun$recordDeltaOperationInternal$1 at DatabricksLogging.scala:128) finished in 0.872 s
[2026-08-21T04:37:23.761+0000] {spark_submit.py:571} INFO - 26/08/21 04:37:23 INFO DAGScheduler: Job 6 is finished. Cancelling potential speculative or zombie tasks for this job
[2026-08-21T04:37:23.761+0000] {spark_submit.py:571} INFO - 26/08/21 04:37:23 INFO TaskSchedulerImpl: Killing all running tasks in stage 8: Stage finished
[2026-08-21T04:37:23.762+0000] {spark_submit.py:571} INFO - 26/08/21 04:37:23 INFO DAGScheduler: Job 6 finished: $anonfun$recordDeltaOperationInternal$1 at DatabricksLogging.scala:128, took 0.879828 s
[2026-08-21T04:37:23.831+0000] {spark_submit.py:571} INFO - 26/08/21 04:37:23 INFO CodeGenerator: Code generated in 48.405531 ms
[2026-08-21T04:37:23.905+0000] {spark_submit.py:571} INFO - 26/08/21 04:37:23 INFO Snapshot: [tableId=094ef10c-ba43-4a32-a54e-12b48686b23d] Created snapshot Snapshot(path=s3a://bronze/cell_kpi_raw/_delta_log, version=2, metadata=Metadata(553802dd-42b6-4cf1-8af2-e0916230ea16,null,null,Format(parquet,Map()),{"type":"struct","fields":[{"name":"enb_name","type":"string","nullable":true,"metadata":{}},{"name":"cell_name","type":"string","nullable":true,"metadata":{}},{"name":"date_hour","type":"string","nullable":true,"metadata":{}},{"name":"dl_traffic_gb","type":"double","nullable":true,"metadata":{}},{"name":"ul_traffic_gb","type":"double","nullable":true,"metadata":{}},{"name":"total_traffic_gb","type":"double","nullable":true,"metadata":{}},{"name":"max_rrc_connected_user","type":"integer","nullable":true,"metadata":{}},{"name":"ul_prb","type":"double","nullable":true,"metadata":{}},{"name":"ul_prb_used","type":"double","nullable":true,"metadata":{}},{"name":"ul_prb_available_total","type":"double","nullable":true,"metadata":{}},{"name":"dl_prb","type":"double","nullable":true,"metadata":{}},{"name":"dl_prb_used","type":"double","nullable":true,"metadata":{}},{"name":"dl_prb_available_total","type":"double","nullable":true,"metadata":{}},{"name":"sector","type":"string","nullable":true,"metadata":{}},{"name":"azimuth","type":"integer","nullable":true,"metadata":{}},{"name":"cell_type","type":"string","nullable":true,"metadata":{}},{"name":"x","type":"double","nullable":true,"metadata":{}},{"name":"y","type":"double","nullable":true,"metadata":{}},{"name":"date","type":"string","nullable":true,"metadata":{}},{"name":"hour","type":"string","nullable":true,"metadata":{}}]},List(date, hour),Map(),Some(1787286784873)), logSegment=LogSegment(s3a://bronze/cell_kpi_raw/_delta_log,2,WrappedArray(S3AFileStatus{path=s3a://bronze/cell_kpi_raw/_delta_log/00000000000000000000.json; isDirectory=false; length=5821; replication=1; blocksize=33554432; modification_time=1787286797585; access_time=0; owner=***; group=***; permission=rw-rw-rw-; isSymlink=false; hasAcl=false; isEncrypted=true; isErasureCoded=false} isEmptyDirectory=FALSE eTag=75575b1ec5f43e5c51e4644a250c1bf4 versionId=null, S3AFileStatus{path=s3a://bronze/cell_kpi_raw/_delta_log/00000000000000000001.json; isDirectory=false; length=3978; replication=1; blocksize=33554432; modification_time=1787286860216; access_time=0; owner=***; group=***; permission=rw-rw-rw-; isSymlink=false; hasAcl=false; isEncrypted=true; isErasureCoded=false} isEmptyDirectory=FALSE eTag=4b99acafbc48768b6984bd481eec7d46 versionId=null, S3AFileStatus{path=s3a://bronze/cell_kpi_raw/_delta_log/00000000000000000002.json; isDirectory=false; length=3999; replication=1; blocksize=33554432; modification_time=1787287010567; access_time=0; owner=***; group=***; permission=rw-rw-rw-; isSymlink=false; hasAcl=false; isEncrypted=true; isErasureCoded=false} isEmptyDirectory=FALSE eTag=1a829cab521ed7ab7cccdbd0b4b89ada versionId=null),org.apache.spark.sql.delta.EmptyCheckpointProvider$@cb164d1,1787287010567), checksumOpt=None)
[2026-08-21T04:37:23.920+0000] {spark_submit.py:571} INFO - 26/08/21 04:37:23 INFO DeltaLog: Updated snapshot to Snapshot(path=s3a://bronze/cell_kpi_raw/_delta_log, version=2, metadata=Metadata(553802dd-42b6-4cf1-8af2-e0916230ea16,null,null,Format(parquet,Map()),{"type":"struct","fields":[{"name":"enb_name","type":"string","nullable":true,"metadata":{}},{"name":"cell_name","type":"string","nullable":true,"metadata":{}},{"name":"date_hour","type":"string","nullable":true,"metadata":{}},{"name":"dl_traffic_gb","type":"double","nullable":true,"metadata":{}},{"name":"ul_traffic_gb","type":"double","nullable":true,"metadata":{}},{"name":"total_traffic_gb","type":"double","nullable":true,"metadata":{}},{"name":"max_rrc_connected_user","type":"integer","nullable":true,"metadata":{}},{"name":"ul_prb","type":"double","nullable":true,"metadata":{}},{"name":"ul_prb_used","type":"double","nullable":true,"metadata":{}},{"name":"ul_prb_available_total","type":"double","nullable":true,"metadata":{}},{"name":"dl_prb","type":"double","nullable":true,"metadata":{}},{"name":"dl_prb_used","type":"double","nullable":true,"metadata":{}},{"name":"dl_prb_available_total","type":"double","nullable":true,"metadata":{}},{"name":"sector","type":"string","nullable":true,"metadata":{}},{"name":"azimuth","type":"integer","nullable":true,"metadata":{}},{"name":"cell_type","type":"string","nullable":true,"metadata":{}},{"name":"x","type":"double","nullable":true,"metadata":{}},{"name":"y","type":"double","nullable":true,"metadata":{}},{"name":"date","type":"string","nullable":true,"metadata":{}},{"name":"hour","type":"string","nullable":true,"metadata":{}}]},List(date, hour),Map(),Some(1787286784873)), logSegment=LogSegment(s3a://bronze/cell_kpi_raw/_delta_log,2,WrappedArray(S3AFileStatus{path=s3a://bronze/cell_kpi_raw/_delta_log/00000000000000000000.json; isDirectory=false; length=5821; replication=1; blocksize=33554432; modification_time=1787286797585; access_time=0; owner=***; group=***; permission=rw-rw-rw-; isSymlink=false; hasAcl=false; isEncrypted=true; isErasureCoded=false} isEmptyDirectory=FALSE eTag=75575b1ec5f43e5c51e4644a250c1bf4 versionId=null, S3AFileStatus{path=s3a://bronze/cell_kpi_raw/_delta_log/00000000000000000001.json; isDirectory=false; length=3978; replication=1; blocksize=33554432; modification_time=1787286860216; access_time=0; owner=***; group=***; permission=rw-rw-rw-; isSymlink=false; hasAcl=false; isEncrypted=true; isErasureCoded=false} isEmptyDirectory=FALSE eTag=4b99acafbc48768b6984bd481eec7d46 versionId=null, S3AFileStatus{path=s3a://bronze/cell_kpi_raw/_delta_log/00000000000000000002.json; isDirectory=false; length=3999; replication=1; blocksize=33554432; modification_time=1787287010567; access_time=0; owner=***; group=***; permission=rw-rw-rw-; isSymlink=false; hasAcl=false; isEncrypted=true; isErasureCoded=false} isEmptyDirectory=FALSE eTag=1a829cab521ed7ab7cccdbd0b4b89ada versionId=null),org.apache.spark.sql.delta.EmptyCheckpointProvider$@cb164d1,1787287010567), checksumOpt=None)
[2026-08-21T04:37:24.099+0000] {spark_submit.py:571} INFO - 26/08/21 04:37:24 INFO Snapshot: [tableId=553802dd-42b6-4cf1-8af2-e0916230ea16] DELTA: Compute snapshot for version: 2
[2026-08-21T04:37:24.113+0000] {spark_submit.py:571} INFO - 26/08/21 04:37:24 INFO MemoryStore: Block broadcast_12 stored as values in memory (estimated size 201.3 KiB, free 433.9 MiB)
[2026-08-21T04:37:24.124+0000] {spark_submit.py:571} INFO - 26/08/21 04:37:24 INFO MemoryStore: Block broadcast_12_piece0 stored as bytes in memory (estimated size 34.9 KiB, free 433.9 MiB)
[2026-08-21T04:37:24.125+0000] {spark_submit.py:571} INFO - 26/08/21 04:37:24 INFO BlockManagerInfo: Added broadcast_12_piece0 in memory on c90a551abb73:33629 (size: 34.9 KiB, free: 434.3 MiB)
[2026-08-21T04:37:24.127+0000] {spark_submit.py:571} INFO - 26/08/21 04:37:24 INFO SparkContext: Created broadcast 12 from save at NativeMethodAccessorImpl.java:0
[2026-08-21T04:37:24.439+0000] {spark_submit.py:571} INFO - 26/08/21 04:37:24 INFO BlockManagerInfo: Removed broadcast_10_piece0 on c90a551abb73:33629 in memory (size: 34.9 KiB, free: 434.3 MiB)
[2026-08-21T04:37:24.444+0000] {spark_submit.py:571} INFO - 26/08/21 04:37:24 INFO BlockManagerInfo: Removed broadcast_10_piece0 on 172.18.0.6:41231 in memory (size: 34.9 KiB, free: 434.4 MiB)
[2026-08-21T04:37:24.445+0000] {spark_submit.py:571} INFO - 26/08/21 04:37:24 INFO BlockManagerInfo: Removed broadcast_10_piece0 on 172.18.0.7:34321 in memory (size: 34.9 KiB, free: 434.4 MiB)
[2026-08-21T04:37:24.469+0000] {spark_submit.py:571} INFO - 26/08/21 04:37:24 INFO BlockManagerInfo: Removed broadcast_11_piece0 on c90a551abb73:33629 in memory (size: 17.2 KiB, free: 434.4 MiB)
[2026-08-21T04:37:24.472+0000] {spark_submit.py:571} INFO - 26/08/21 04:37:24 INFO BlockManagerInfo: Removed broadcast_11_piece0 on 172.18.0.6:41231 in memory (size: 17.2 KiB, free: 434.4 MiB)
[2026-08-21T04:37:24.476+0000] {spark_submit.py:571} INFO - 26/08/21 04:37:24 INFO BlockManagerInfo: Removed broadcast_11_piece0 on 172.18.0.7:34321 in memory (size: 17.2 KiB, free: 434.4 MiB)
[2026-08-21T04:37:24.714+0000] {spark_submit.py:571} INFO - 26/08/21 04:37:24 INFO DataSourceStrategy: Pruning directories with:
[2026-08-21T04:37:24.714+0000] {spark_submit.py:571} INFO - 26/08/21 04:37:24 INFO FileSourceStrategy: Pushed Filters:
[2026-08-21T04:37:24.715+0000] {spark_submit.py:571} INFO - 26/08/21 04:37:24 INFO FileSourceStrategy: Post-Scan Filters:
[2026-08-21T04:37:24.742+0000] {spark_submit.py:571} INFO - 26/08/21 04:37:24 WARN SparkStringUtils: Truncated the string representation of a plan since it was too large. This behavior can be adjusted by setting 'spark.sql.debug.maxToStringFields'.
[2026-08-21T04:37:24.973+0000] {spark_submit.py:571} INFO - 26/08/21 04:37:24 INFO CodeGenerator: Code generated in 150.271926 ms
[2026-08-21T04:37:24.976+0000] {spark_submit.py:571} INFO - 26/08/21 04:37:24 INFO MemoryStore: Block broadcast_13 stored as values in memory (estimated size 201.6 KiB, free 434.0 MiB)
[2026-08-21T04:37:24.986+0000] {spark_submit.py:571} INFO - 26/08/21 04:37:24 INFO MemoryStore: Block broadcast_13_piece0 stored as bytes in memory (estimated size 34.9 KiB, free 433.9 MiB)
[2026-08-21T04:37:24.988+0000] {spark_submit.py:571} INFO - 26/08/21 04:37:24 INFO BlockManagerInfo: Added broadcast_13_piece0 in memory on c90a551abb73:33629 (size: 34.9 KiB, free: 434.3 MiB)
[2026-08-21T04:37:24.989+0000] {spark_submit.py:571} INFO - 26/08/21 04:37:24 INFO SparkContext: Created broadcast 13 from save at NativeMethodAccessorImpl.java:0
[2026-08-21T04:37:24.991+0000] {spark_submit.py:571} INFO - 26/08/21 04:37:24 INFO FileSourceScanExec: Planning scan with bin packing, max size: 4194304 bytes, open cost is considered as scanning 4194304 bytes.
[2026-08-21T04:37:25.019+0000] {spark_submit.py:571} INFO - 26/08/21 04:37:25 INFO DAGScheduler: Registering RDD 31 (save at NativeMethodAccessorImpl.java:0) as input to shuffle 2
[2026-08-21T04:37:25.022+0000] {spark_submit.py:571} INFO - 26/08/21 04:37:25 INFO DAGScheduler: Got map stage job 7 (save at NativeMethodAccessorImpl.java:0) with 3 output partitions
[2026-08-21T04:37:25.023+0000] {spark_submit.py:571} INFO - 26/08/21 04:37:25 INFO DAGScheduler: Final stage: ShuffleMapStage 9 (save at NativeMethodAccessorImpl.java:0)
[2026-08-21T04:37:25.023+0000] {spark_submit.py:571} INFO - 26/08/21 04:37:25 INFO DAGScheduler: Parents of final stage: List()
[2026-08-21T04:37:25.023+0000] {spark_submit.py:571} INFO - 26/08/21 04:37:25 INFO DAGScheduler: Missing parents: List()
[2026-08-21T04:37:25.023+0000] {spark_submit.py:571} INFO - 26/08/21 04:37:25 INFO DAGScheduler: Submitting ShuffleMapStage 9 (MapPartitionsRDD[31] at save at NativeMethodAccessorImpl.java:0), which has no missing parents
[2026-08-21T04:37:25.027+0000] {spark_submit.py:571} INFO - 26/08/21 04:37:25 INFO MemoryStore: Block broadcast_14 stored as values in memory (estimated size 105.9 KiB, free 433.8 MiB)
[2026-08-21T04:37:25.028+0000] {spark_submit.py:571} INFO - 26/08/21 04:37:25 INFO MemoryStore: Block broadcast_14_piece0 stored as bytes in memory (estimated size 32.7 KiB, free 433.8 MiB)
[2026-08-21T04:37:25.029+0000] {spark_submit.py:571} INFO - 26/08/21 04:37:25 INFO BlockManagerInfo: Added broadcast_14_piece0 in memory on c90a551abb73:33629 (size: 32.7 KiB, free: 434.3 MiB)
[2026-08-21T04:37:25.031+0000] {spark_submit.py:571} INFO - 26/08/21 04:37:25 INFO SparkContext: Created broadcast 14 from broadcast at DAGScheduler.scala:1585
[2026-08-21T04:37:25.033+0000] {spark_submit.py:571} INFO - 26/08/21 04:37:25 INFO DAGScheduler: Submitting 3 missing tasks from ShuffleMapStage 9 (MapPartitionsRDD[31] at save at NativeMethodAccessorImpl.java:0) (first 15 tasks are for partitions Vector(0, 1, 2))
[2026-08-21T04:37:25.033+0000] {spark_submit.py:571} INFO - 26/08/21 04:37:25 INFO TaskSchedulerImpl: Adding task set 9.0 with 3 tasks resource profile 0
[2026-08-21T04:37:25.034+0000] {spark_submit.py:571} INFO - 26/08/21 04:37:25 INFO TaskSetManager: Starting task 0.0 in stage 9.0 (TID 27) (172.18.0.6, executor 0, partition 0, PROCESS_LOCAL, 8284 bytes)
[2026-08-21T04:37:25.034+0000] {spark_submit.py:571} INFO - 26/08/21 04:37:25 INFO TaskSetManager: Starting task 1.0 in stage 9.0 (TID 28) (172.18.0.7, executor 1, partition 1, PROCESS_LOCAL, 8284 bytes)
[2026-08-21T04:37:25.034+0000] {spark_submit.py:571} INFO - 26/08/21 04:37:25 INFO TaskSetManager: Starting task 2.0 in stage 9.0 (TID 29) (172.18.0.6, executor 0, partition 2, PROCESS_LOCAL, 8284 bytes)
[2026-08-21T04:37:25.080+0000] {spark_submit.py:571} INFO - 26/08/21 04:37:25 INFO BlockManagerInfo: Added broadcast_14_piece0 in memory on 172.18.0.7:34321 (size: 32.7 KiB, free: 434.4 MiB)
[2026-08-21T04:37:25.080+0000] {spark_submit.py:571} INFO - 26/08/21 04:37:25 INFO BlockManagerInfo: Added broadcast_14_piece0 in memory on 172.18.0.6:41231 (size: 32.7 KiB, free: 434.4 MiB)
[2026-08-21T04:37:26.135+0000] {spark_submit.py:571} INFO - 26/08/21 04:37:26 INFO BlockManagerInfo: Added broadcast_13_piece0 in memory on 172.18.0.6:41231 (size: 34.9 KiB, free: 434.3 MiB)
[2026-08-21T04:37:26.194+0000] {spark_submit.py:571} INFO - 26/08/21 04:37:26 INFO BlockManagerInfo: Added broadcast_13_piece0 in memory on 172.18.0.7:34321 (size: 34.9 KiB, free: 434.3 MiB)
[2026-08-21T04:37:26.316+0000] {spark_submit.py:571} INFO - 26/08/21 04:37:26 INFO TaskSetManager: Finished task 0.0 in stage 9.0 (TID 27) in 1282 ms on 172.18.0.6 (executor 0) (1/3)
[2026-08-21T04:37:26.317+0000] {spark_submit.py:571} INFO - 26/08/21 04:37:26 INFO TaskSetManager: Finished task 2.0 in stage 9.0 (TID 29) in 1283 ms on 172.18.0.6 (executor 0) (2/3)
[2026-08-21T04:37:26.342+0000] {spark_submit.py:571} INFO - 26/08/21 04:37:26 INFO TaskSetManager: Finished task 1.0 in stage 9.0 (TID 28) in 1308 ms on 172.18.0.7 (executor 1) (3/3)
[2026-08-21T04:37:26.343+0000] {spark_submit.py:571} INFO - 26/08/21 04:37:26 INFO TaskSchedulerImpl: Removed TaskSet 9.0, whose tasks have all completed, from pool
[2026-08-21T04:37:26.344+0000] {spark_submit.py:571} INFO - 26/08/21 04:37:26 INFO DAGScheduler: ShuffleMapStage 9 (save at NativeMethodAccessorImpl.java:0) finished in 1.323 s
[2026-08-21T04:37:26.344+0000] {spark_submit.py:571} INFO - 26/08/21 04:37:26 INFO DAGScheduler: looking for newly runnable stages
[2026-08-21T04:37:26.345+0000] {spark_submit.py:571} INFO - 26/08/21 04:37:26 INFO DAGScheduler: running: Set()
[2026-08-21T04:37:26.345+0000] {spark_submit.py:571} INFO - 26/08/21 04:37:26 INFO DAGScheduler: waiting: Set()
[2026-08-21T04:37:26.345+0000] {spark_submit.py:571} INFO - 26/08/21 04:37:26 INFO DAGScheduler: failed: Set()
[2026-08-21T04:37:26.490+0000] {spark_submit.py:571} INFO - 26/08/21 04:37:26 INFO BlockManagerInfo: Removed broadcast_14_piece0 on c90a551abb73:33629 in memory (size: 32.7 KiB, free: 434.3 MiB)
[2026-08-21T04:37:26.493+0000] {spark_submit.py:571} INFO - 26/08/21 04:37:26 INFO BlockManagerInfo: Removed broadcast_14_piece0 on 172.18.0.6:41231 in memory (size: 32.7 KiB, free: 434.4 MiB)
[2026-08-21T04:37:26.494+0000] {spark_submit.py:571} INFO - 26/08/21 04:37:26 INFO BlockManagerInfo: Removed broadcast_14_piece0 on 172.18.0.7:34321 in memory (size: 32.7 KiB, free: 434.4 MiB)
[2026-08-21T04:37:26.941+0000] {spark_submit.py:571} INFO - 26/08/21 04:37:26 INFO CodeGenerator: Generated method too long to be JIT compiled: org.apache.spark.sql.catalyst.expressions.GeneratedClass$GeneratedIteratorForCodegenStage3.serializefromobject_doConsume_0$ is 25072 bytes
[2026-08-21T04:37:26.944+0000] {spark_submit.py:571} INFO - 26/08/21 04:37:26 INFO CodeGenerator: Code generated in 405.802733 ms
[2026-08-21T04:37:27.054+0000] {spark_submit.py:571} INFO - 26/08/21 04:37:27 INFO CodeGenerator: Code generated in 83.230899 ms
[2026-08-21T04:37:27.354+0000] {spark_submit.py:571} INFO - 26/08/21 04:37:27 INFO CodeGenerator: Code generated in 84.740613 ms
[2026-08-21T04:37:27.362+0000] {spark_submit.py:571} INFO - 26/08/21 04:37:27 INFO DAGScheduler: Registering RDD 41 (save at NativeMethodAccessorImpl.java:0) as input to shuffle 3
[2026-08-21T04:37:27.363+0000] {spark_submit.py:571} INFO - 26/08/21 04:37:27 INFO DAGScheduler: Got map stage job 8 (save at NativeMethodAccessorImpl.java:0) with 50 output partitions
[2026-08-21T04:37:27.363+0000] {spark_submit.py:571} INFO - 26/08/21 04:37:27 INFO DAGScheduler: Final stage: ShuffleMapStage 11 (save at NativeMethodAccessorImpl.java:0)
[2026-08-21T04:37:27.364+0000] {spark_submit.py:571} INFO - 26/08/21 04:37:27 INFO DAGScheduler: Parents of final stage: List(ShuffleMapStage 10)
[2026-08-21T04:37:27.366+0000] {spark_submit.py:571} INFO - 26/08/21 04:37:27 INFO DAGScheduler: Missing parents: List()
[2026-08-21T04:37:27.367+0000] {spark_submit.py:571} INFO - 26/08/21 04:37:27 INFO DAGScheduler: Submitting ShuffleMapStage 11 (MapPartitionsRDD[41] at save at NativeMethodAccessorImpl.java:0), which has no missing parents
[2026-08-21T04:37:27.444+0000] {spark_submit.py:571} INFO - 26/08/21 04:37:27 INFO MemoryStore: Block broadcast_15 stored as values in memory (estimated size 602.3 KiB, free 433.4 MiB)
[2026-08-21T04:37:27.447+0000] {spark_submit.py:571} INFO - 26/08/21 04:37:27 INFO MemoryStore: Block broadcast_15_piece0 stored as bytes in memory (estimated size 137.9 KiB, free 433.2 MiB)
[2026-08-21T04:37:27.449+0000] {spark_submit.py:571} INFO - 26/08/21 04:37:27 INFO BlockManagerInfo: Added broadcast_15_piece0 in memory on c90a551abb73:33629 (size: 137.9 KiB, free: 434.2 MiB)
[2026-08-21T04:37:27.450+0000] {spark_submit.py:571} INFO - 26/08/21 04:37:27 INFO SparkContext: Created broadcast 15 from broadcast at DAGScheduler.scala:1585
[2026-08-21T04:37:27.452+0000] {spark_submit.py:571} INFO - 26/08/21 04:37:27 INFO DAGScheduler: Submitting 50 missing tasks from ShuffleMapStage 11 (MapPartitionsRDD[41] at save at NativeMethodAccessorImpl.java:0) (first 15 tasks are for partitions Vector(0, 1, 2, 3, 4, 5, 6, 7, 8, 9, 10, 11, 12, 13, 14))
[2026-08-21T04:37:27.456+0000] {spark_submit.py:571} INFO - 26/08/21 04:37:27 INFO TaskSchedulerImpl: Adding task set 11.0 with 50 tasks resource profile 0
[2026-08-21T04:37:27.457+0000] {spark_submit.py:571} INFO - 26/08/21 04:37:27 INFO TaskSetManager: Starting task 0.0 in stage 11.0 (TID 30) (172.18.0.6, executor 0, partition 0, NODE_LOCAL, 7608 bytes)
[2026-08-21T04:37:27.457+0000] {spark_submit.py:571} INFO - 26/08/21 04:37:27 INFO TaskSetManager: Starting task 23.0 in stage 11.0 (TID 31) (172.18.0.7, executor 1, partition 23, NODE_LOCAL, 7608 bytes)
[2026-08-21T04:37:27.457+0000] {spark_submit.py:571} INFO - 26/08/21 04:37:27 INFO TaskSetManager: Starting task 11.0 in stage 11.0 (TID 32) (172.18.0.6, executor 0, partition 11, NODE_LOCAL, 7608 bytes)
[2026-08-21T04:37:27.458+0000] {spark_submit.py:571} INFO - 26/08/21 04:37:27 INFO TaskSetManager: Starting task 42.0 in stage 11.0 (TID 33) (172.18.0.7, executor 1, partition 42, NODE_LOCAL, 7608 bytes)
[2026-08-21T04:37:27.488+0000] {spark_submit.py:571} INFO - 26/08/21 04:37:27 INFO BlockManagerInfo: Added broadcast_15_piece0 in memory on 172.18.0.6:41231 (size: 137.9 KiB, free: 434.2 MiB)
[2026-08-21T04:37:27.495+0000] {spark_submit.py:571} INFO - 26/08/21 04:37:27 INFO BlockManagerInfo: Added broadcast_15_piece0 in memory on 172.18.0.7:34321 (size: 137.9 KiB, free: 434.2 MiB)
[2026-08-21T04:37:27.861+0000] {spark_submit.py:571} INFO - 26/08/21 04:37:27 INFO MapOutputTrackerMasterEndpoint: Asked to send map output locations for shuffle 2 to 172.18.0.6:51262
[2026-08-21T04:37:27.910+0000] {spark_submit.py:571} INFO - 26/08/21 04:37:27 INFO MapOutputTrackerMasterEndpoint: Asked to send map output locations for shuffle 2 to 172.18.0.7:49734
[2026-08-21T04:37:29.224+0000] {spark_submit.py:571} INFO - 26/08/21 04:37:29 INFO BlockManagerInfo: Added rdd_38_23 in memory on 172.18.0.7:34321 (size: 1173.0 B, free: 434.2 MiB)
[2026-08-21T04:37:29.226+0000] {spark_submit.py:571} INFO - 26/08/21 04:37:29 INFO BlockManagerInfo: Added rdd_38_42 in memory on 172.18.0.7:34321 (size: 699.0 B, free: 434.2 MiB)
[2026-08-21T04:37:29.770+0000] {spark_submit.py:571} INFO - 26/08/21 04:37:29 INFO BlockManagerInfo: Added rdd_38_0 in memory on 172.18.0.6:41231 (size: 1562.0 B, free: 434.2 MiB)
[2026-08-21T04:37:29.773+0000] {spark_submit.py:571} INFO - 26/08/21 04:37:29 INFO BlockManagerInfo: Added rdd_38_11 in memory on 172.18.0.6:41231 (size: 1152.0 B, free: 434.2 MiB)
[2026-08-21T04:37:30.598+0000] {spark_submit.py:571} INFO - 26/08/21 04:37:30 INFO TaskSetManager: Starting task 1.0 in stage 11.0 (TID 34) (172.18.0.7, executor 1, partition 1, PROCESS_LOCAL, 7608 bytes)
[2026-08-21T04:37:30.603+0000] {spark_submit.py:571} INFO - 26/08/21 04:37:30 INFO TaskSetManager: Finished task 23.0 in stage 11.0 (TID 31) in 3140 ms on 172.18.0.7 (executor 1) (1/50)
[2026-08-21T04:37:30.604+0000] {spark_submit.py:571} INFO - 26/08/21 04:37:30 INFO TaskSetManager: Starting task 2.0 in stage 11.0 (TID 35) (172.18.0.7, executor 1, partition 2, PROCESS_LOCAL, 7608 bytes)
[2026-08-21T04:37:30.612+0000] {spark_submit.py:571} INFO - 26/08/21 04:37:30 INFO TaskSetManager: Finished task 42.0 in stage 11.0 (TID 33) in 3151 ms on 172.18.0.7 (executor 1) (2/50)
[2026-08-21T04:37:30.882+0000] {spark_submit.py:571} INFO - 26/08/21 04:37:30 INFO BlockManagerInfo: Added rdd_38_2 in memory on 172.18.0.7:34321 (size: 46.0 B, free: 434.2 MiB)
[2026-08-21T04:37:30.891+0000] {spark_submit.py:571} INFO - 26/08/21 04:37:30 INFO BlockManagerInfo: Added rdd_38_1 in memory on 172.18.0.7:34321 (size: 46.0 B, free: 434.2 MiB)
[2026-08-21T04:37:31.008+0000] {spark_submit.py:571} INFO - 26/08/21 04:37:31 INFO TaskSetManager: Starting task 24.0 in stage 11.0 (TID 36) (172.18.0.6, executor 0, partition 24, NODE_LOCAL, 7608 bytes)
[2026-08-21T04:37:31.013+0000] {spark_submit.py:571} INFO - 26/08/21 04:37:31 INFO TaskSetManager: Starting task 30.0 in stage 11.0 (TID 37) (172.18.0.6, executor 0, partition 30, NODE_LOCAL, 7608 bytes)
[2026-08-21T04:37:31.015+0000] {spark_submit.py:571} INFO - 26/08/21 04:37:31 INFO TaskSetManager: Finished task 11.0 in stage 11.0 (TID 32) in 3555 ms on 172.18.0.6 (executor 0) (3/50)
[2026-08-21T04:37:31.016+0000] {spark_submit.py:571} INFO - 26/08/21 04:37:31 INFO TaskSetManager: Finished task 0.0 in stage 11.0 (TID 30) in 3559 ms on 172.18.0.6 (executor 0) (4/50)
[2026-08-21T04:37:31.045+0000] {spark_submit.py:571} INFO - 26/08/21 04:37:31 INFO TaskSetManager: Starting task 3.0 in stage 11.0 (TID 38) (172.18.0.7, executor 1, partition 3, PROCESS_LOCAL, 7608 bytes)
[2026-08-21T04:37:31.048+0000] {spark_submit.py:571} INFO - 26/08/21 04:37:31 INFO TaskSetManager: Finished task 2.0 in stage 11.0 (TID 35) in 443 ms on 172.18.0.7 (executor 1) (5/50)
[2026-08-21T04:37:31.129+0000] {spark_submit.py:571} INFO - 26/08/21 04:37:31 INFO TaskSetManager: Starting task 4.0 in stage 11.0 (TID 39) (172.18.0.7, executor 1, partition 4, PROCESS_LOCAL, 7608 bytes)
[2026-08-21T04:37:31.130+0000] {spark_submit.py:571} INFO - 26/08/21 04:37:31 INFO TaskSetManager: Finished task 1.0 in stage 11.0 (TID 34) in 530 ms on 172.18.0.7 (executor 1) (6/50)
[2026-08-21T04:37:31.283+0000] {spark_submit.py:571} INFO - 26/08/21 04:37:31 INFO BlockManagerInfo: Added rdd_38_24 in memory on 172.18.0.6:41231 (size: 1179.0 B, free: 434.2 MiB)
[2026-08-21T04:37:31.324+0000] {spark_submit.py:571} INFO - 26/08/21 04:37:31 INFO BlockManagerInfo: Added rdd_38_30 in memory on 172.18.0.6:41231 (size: 1157.0 B, free: 434.2 MiB)
[2026-08-21T04:37:31.382+0000] {spark_submit.py:571} INFO - 26/08/21 04:37:31 INFO BlockManagerInfo: Added rdd_38_3 in memory on 172.18.0.7:34321 (size: 46.0 B, free: 434.2 MiB)
[2026-08-21T04:37:31.421+0000] {spark_submit.py:571} INFO - 26/08/21 04:37:31 INFO TaskSetManager: Starting task 5.0 in stage 11.0 (TID 40) (172.18.0.6, executor 0, partition 5, PROCESS_LOCAL, 7608 bytes)
[2026-08-21T04:37:31.424+0000] {spark_submit.py:571} INFO - 26/08/21 04:37:31 INFO TaskSetManager: Finished task 24.0 in stage 11.0 (TID 36) in 412 ms on 172.18.0.6 (executor 0) (7/50)
[2026-08-21T04:37:31.483+0000] {spark_submit.py:571} INFO - 26/08/21 04:37:31 INFO TaskSetManager: Starting task 6.0 in stage 11.0 (TID 41) (172.18.0.6, executor 0, partition 6, PROCESS_LOCAL, 7608 bytes)
[2026-08-21T04:37:31.495+0000] {spark_submit.py:571} INFO - 26/08/21 04:37:31 INFO TaskSetManager: Finished task 30.0 in stage 11.0 (TID 37) in 474 ms on 172.18.0.6 (executor 0) (8/50)
[2026-08-21T04:37:31.530+0000] {spark_submit.py:571} INFO - 26/08/21 04:37:31 INFO BlockManagerInfo: Added rdd_38_4 in memory on 172.18.0.7:34321 (size: 46.0 B, free: 434.2 MiB)
[2026-08-21T04:37:31.595+0000] {spark_submit.py:571} INFO - 26/08/21 04:37:31 INFO TaskSetManager: Starting task 7.0 in stage 11.0 (TID 42) (172.18.0.7, executor 1, partition 7, PROCESS_LOCAL, 7608 bytes)
[2026-08-21T04:37:31.604+0000] {spark_submit.py:571} INFO - 26/08/21 04:37:31 INFO TaskSetManager: Finished task 3.0 in stage 11.0 (TID 38) in 556 ms on 172.18.0.7 (executor 1) (9/50)
[2026-08-21T04:37:31.697+0000] {spark_submit.py:571} INFO - 26/08/21 04:37:31 INFO TaskSetManager: Starting task 8.0 in stage 11.0 (TID 43) (172.18.0.7, executor 1, partition 8, PROCESS_LOCAL, 7608 bytes)
[2026-08-21T04:37:31.701+0000] {spark_submit.py:571} INFO - 26/08/21 04:37:31 INFO TaskSetManager: Finished task 4.0 in stage 11.0 (TID 39) in 570 ms on 172.18.0.7 (executor 1) (10/50)
[2026-08-21T04:37:31.752+0000] {spark_submit.py:571} INFO - 26/08/21 04:37:31 INFO BlockManagerInfo: Added rdd_38_5 in memory on 172.18.0.6:41231 (size: 46.0 B, free: 434.2 MiB)
[2026-08-21T04:37:31.845+0000] {spark_submit.py:571} INFO - 26/08/21 04:37:31 INFO BlockManagerInfo: Added rdd_38_7 in memory on 172.18.0.7:34321 (size: 46.0 B, free: 434.2 MiB)
[2026-08-21T04:37:31.922+0000] {spark_submit.py:571} INFO - 26/08/21 04:37:31 INFO BlockManagerInfo: Added rdd_38_6 in memory on 172.18.0.6:41231 (size: 46.0 B, free: 434.2 MiB)
[2026-08-21T04:37:31.965+0000] {spark_submit.py:571} INFO - 26/08/21 04:37:31 INFO BlockManagerInfo: Added rdd_38_8 in memory on 172.18.0.7:34321 (size: 46.0 B, free: 434.2 MiB)
[2026-08-21T04:37:31.997+0000] {spark_submit.py:571} INFO - 26/08/21 04:37:31 INFO TaskSetManager: Starting task 9.0 in stage 11.0 (TID 44) (172.18.0.7, executor 1, partition 9, PROCESS_LOCAL, 7608 bytes)
[2026-08-21T04:37:32.000+0000] {spark_submit.py:571} INFO - 26/08/21 04:37:31 INFO TaskSetManager: Finished task 7.0 in stage 11.0 (TID 42) in 392 ms on 172.18.0.7 (executor 1) (11/50)
[2026-08-21T04:37:32.009+0000] {spark_submit.py:571} INFO - 26/08/21 04:37:32 INFO TaskSetManager: Starting task 10.0 in stage 11.0 (TID 45) (172.18.0.6, executor 0, partition 10, PROCESS_LOCAL, 7608 bytes)
[2026-08-21T04:37:32.012+0000] {spark_submit.py:571} INFO - 26/08/21 04:37:32 INFO TaskSetManager: Finished task 5.0 in stage 11.0 (TID 40) in 591 ms on 172.18.0.6 (executor 0) (12/50)
[2026-08-21T04:37:32.075+0000] {spark_submit.py:571} INFO - 26/08/21 04:37:32 INFO TaskSetManager: Starting task 12.0 in stage 11.0 (TID 46) (172.18.0.7, executor 1, partition 12, PROCESS_LOCAL, 7608 bytes)
[2026-08-21T04:37:32.077+0000] {spark_submit.py:571} INFO - 26/08/21 04:37:32 INFO TaskSetManager: Finished task 8.0 in stage 11.0 (TID 43) in 385 ms on 172.18.0.7 (executor 1) (13/50)
[2026-08-21T04:37:32.145+0000] {spark_submit.py:571} INFO - 26/08/21 04:37:32 INFO TaskSetManager: Starting task 13.0 in stage 11.0 (TID 47) (172.18.0.6, executor 0, partition 13, PROCESS_LOCAL, 7608 bytes)
[2026-08-21T04:37:32.147+0000] {spark_submit.py:571} INFO - 26/08/21 04:37:32 INFO TaskSetManager: Finished task 6.0 in stage 11.0 (TID 41) in 678 ms on 172.18.0.6 (executor 0) (14/50)
[2026-08-21T04:37:32.263+0000] {spark_submit.py:571} INFO - 26/08/21 04:37:32 INFO BlockManagerInfo: Added rdd_38_12 in memory on 172.18.0.7:34321 (size: 46.0 B, free: 434.2 MiB)
[2026-08-21T04:37:32.273+0000] {spark_submit.py:571} INFO - 26/08/21 04:37:32 INFO BlockManagerInfo: Added rdd_38_9 in memory on 172.18.0.7:34321 (size: 46.0 B, free: 434.2 MiB)
[2026-08-21T04:37:32.375+0000] {spark_submit.py:571} INFO - 26/08/21 04:37:32 INFO BlockManagerInfo: Added rdd_38_10 in memory on 172.18.0.6:41231 (size: 46.0 B, free: 434.2 MiB)
[2026-08-21T04:37:32.377+0000] {spark_submit.py:571} INFO - 26/08/21 04:37:32 INFO BlockManagerInfo: Added rdd_38_13 in memory on 172.18.0.6:41231 (size: 46.0 B, free: 434.2 MiB)
[2026-08-21T04:37:32.386+0000] {spark_submit.py:571} INFO - 26/08/21 04:37:32 INFO TaskSetManager: Starting task 14.0 in stage 11.0 (TID 48) (172.18.0.7, executor 1, partition 14, PROCESS_LOCAL, 7608 bytes)
[2026-08-21T04:37:32.387+0000] {spark_submit.py:571} INFO - 26/08/21 04:37:32 INFO TaskSetManager: Finished task 12.0 in stage 11.0 (TID 46) in 311 ms on 172.18.0.7 (executor 1) (15/50)
[2026-08-21T04:37:32.418+0000] {spark_submit.py:571} INFO - 26/08/21 04:37:32 INFO TaskSetManager: Starting task 15.0 in stage 11.0 (TID 49) (172.18.0.7, executor 1, partition 15, PROCESS_LOCAL, 7608 bytes)
[2026-08-21T04:37:32.421+0000] {spark_submit.py:571} INFO - 26/08/21 04:37:32 INFO TaskSetManager: Finished task 9.0 in stage 11.0 (TID 44) in 451 ms on 172.18.0.7 (executor 1) (16/50)
[2026-08-21T04:37:32.484+0000] {spark_submit.py:571} INFO - 26/08/21 04:37:32 INFO TaskSetManager: Starting task 16.0 in stage 11.0 (TID 50) (172.18.0.6, executor 0, partition 16, PROCESS_LOCAL, 7608 bytes)
[2026-08-21T04:37:32.487+0000] {spark_submit.py:571} INFO - 26/08/21 04:37:32 INFO TaskSetManager: Finished task 13.0 in stage 11.0 (TID 47) in 343 ms on 172.18.0.6 (executor 0) (17/50)
[2026-08-21T04:37:32.511+0000] {spark_submit.py:571} INFO - 26/08/21 04:37:32 INFO TaskSetManager: Starting task 17.0 in stage 11.0 (TID 51) (172.18.0.6, executor 0, partition 17, PROCESS_LOCAL, 7608 bytes)
[2026-08-21T04:37:32.511+0000] {spark_submit.py:571} INFO - 26/08/21 04:37:32 INFO TaskSetManager: Finished task 10.0 in stage 11.0 (TID 45) in 503 ms on 172.18.0.6 (executor 0) (18/50)
[2026-08-21T04:37:32.616+0000] {spark_submit.py:571} INFO - 26/08/21 04:37:32 INFO BlockManagerInfo: Added rdd_38_14 in memory on 172.18.0.7:34321 (size: 46.0 B, free: 434.2 MiB)
[2026-08-21T04:37:32.639+0000] {spark_submit.py:571} INFO - 26/08/21 04:37:32 INFO BlockManagerInfo: Added rdd_38_15 in memory on 172.18.0.7:34321 (size: 46.0 B, free: 434.2 MiB)
[2026-08-21T04:37:32.694+0000] {spark_submit.py:571} INFO - 26/08/21 04:37:32 INFO BlockManagerInfo: Added rdd_38_17 in memory on 172.18.0.6:41231 (size: 46.0 B, free: 434.2 MiB)
[2026-08-21T04:37:32.712+0000] {spark_submit.py:571} INFO - 26/08/21 04:37:32 INFO BlockManagerInfo: Added rdd_38_16 in memory on 172.18.0.6:41231 (size: 46.0 B, free: 434.2 MiB)
[2026-08-21T04:37:32.777+0000] {spark_submit.py:571} INFO - 26/08/21 04:37:32 INFO TaskSetManager: Starting task 18.0 in stage 11.0 (TID 52) (172.18.0.6, executor 0, partition 18, PROCESS_LOCAL, 7608 bytes)
[2026-08-21T04:37:32.784+0000] {spark_submit.py:571} INFO - 26/08/21 04:37:32 INFO TaskSetManager: Finished task 17.0 in stage 11.0 (TID 51) in 274 ms on 172.18.0.6 (executor 0) (19/50)
[2026-08-21T04:37:32.784+0000] {spark_submit.py:571} INFO - 26/08/21 04:37:32 INFO TaskSetManager: Starting task 19.0 in stage 11.0 (TID 53) (172.18.0.7, executor 1, partition 19, PROCESS_LOCAL, 7608 bytes)
[2026-08-21T04:37:32.785+0000] {spark_submit.py:571} INFO - 26/08/21 04:37:32 INFO TaskSetManager: Finished task 14.0 in stage 11.0 (TID 48) in 397 ms on 172.18.0.7 (executor 1) (20/50)
[2026-08-21T04:37:32.811+0000] {spark_submit.py:571} INFO - 26/08/21 04:37:32 INFO TaskSetManager: Starting task 20.0 in stage 11.0 (TID 54) (172.18.0.7, executor 1, partition 20, PROCESS_LOCAL, 7608 bytes)
[2026-08-21T04:37:32.814+0000] {spark_submit.py:571} INFO - 26/08/21 04:37:32 INFO TaskSetManager: Finished task 15.0 in stage 11.0 (TID 49) in 395 ms on 172.18.0.7 (executor 1) (21/50)
[2026-08-21T04:37:32.822+0000] {spark_submit.py:571} INFO - 26/08/21 04:37:32 INFO TaskSetManager: Starting task 21.0 in stage 11.0 (TID 55) (172.18.0.6, executor 0, partition 21, PROCESS_LOCAL, 7608 bytes)
[2026-08-21T04:37:32.823+0000] {spark_submit.py:571} INFO - 26/08/21 04:37:32 INFO TaskSetManager: Finished task 16.0 in stage 11.0 (TID 50) in 336 ms on 172.18.0.6 (executor 0) (22/50)
[2026-08-21T04:37:32.950+0000] {spark_submit.py:571} INFO - 26/08/21 04:37:32 INFO BlockManagerInfo: Added rdd_38_21 in memory on 172.18.0.6:41231 (size: 46.0 B, free: 434.2 MiB)
[2026-08-21T04:37:32.958+0000] {spark_submit.py:571} INFO - 26/08/21 04:37:32 INFO BlockManagerInfo: Added rdd_38_18 in memory on 172.18.0.6:41231 (size: 46.0 B, free: 434.2 MiB)
[2026-08-21T04:37:32.999+0000] {spark_submit.py:571} INFO - 26/08/21 04:37:32 INFO BlockManagerInfo: Added rdd_38_20 in memory on 172.18.0.7:34321 (size: 46.0 B, free: 434.2 MiB)
[2026-08-21T04:37:33.006+0000] {spark_submit.py:571} INFO - 26/08/21 04:37:33 INFO TaskSetManager: Starting task 22.0 in stage 11.0 (TID 56) (172.18.0.6, executor 0, partition 22, PROCESS_LOCAL, 7608 bytes)
[2026-08-21T04:37:33.011+0000] {spark_submit.py:571} INFO - 26/08/21 04:37:33 INFO BlockManagerInfo: Added rdd_38_19 in memory on 172.18.0.7:34321 (size: 46.0 B, free: 434.2 MiB)
[2026-08-21T04:37:33.012+0000] {spark_submit.py:571} INFO - 26/08/21 04:37:33 INFO TaskSetManager: Finished task 21.0 in stage 11.0 (TID 55) in 192 ms on 172.18.0.6 (executor 0) (23/50)
[2026-08-21T04:37:33.049+0000] {spark_submit.py:571} INFO - 26/08/21 04:37:33 INFO TaskSetManager: Starting task 25.0 in stage 11.0 (TID 57) (172.18.0.6, executor 0, partition 25, PROCESS_LOCAL, 7608 bytes)
[2026-08-21T04:37:33.056+0000] {spark_submit.py:571} INFO - 26/08/21 04:37:33 INFO TaskSetManager: Finished task 18.0 in stage 11.0 (TID 52) in 277 ms on 172.18.0.6 (executor 0) (24/50)
[2026-08-21T04:37:33.063+0000] {spark_submit.py:571} INFO - 26/08/21 04:37:33 INFO TaskSetManager: Starting task 26.0 in stage 11.0 (TID 58) (172.18.0.7, executor 1, partition 26, PROCESS_LOCAL, 7608 bytes)
[2026-08-21T04:37:33.068+0000] {spark_submit.py:571} INFO - 26/08/21 04:37:33 INFO TaskSetManager: Finished task 20.0 in stage 11.0 (TID 54) in 256 ms on 172.18.0.7 (executor 1) (25/50)
[2026-08-21T04:37:33.087+0000] {spark_submit.py:571} INFO - 26/08/21 04:37:33 INFO BlockManagerInfo: Added rdd_38_22 in memory on 172.18.0.6:41231 (size: 46.0 B, free: 434.2 MiB)
[2026-08-21T04:37:33.126+0000] {spark_submit.py:571} INFO - 26/08/21 04:37:33 INFO TaskSetManager: Starting task 27.0 in stage 11.0 (TID 59) (172.18.0.7, executor 1, partition 27, PROCESS_LOCAL, 7608 bytes)
[2026-08-21T04:37:33.127+0000] {spark_submit.py:571} INFO - 26/08/21 04:37:33 INFO TaskSetManager: Finished task 19.0 in stage 11.0 (TID 53) in 344 ms on 172.18.0.7 (executor 1) (26/50)
[2026-08-21T04:37:33.151+0000] {spark_submit.py:571} INFO - 26/08/21 04:37:33 INFO TaskSetManager: Starting task 28.0 in stage 11.0 (TID 60) (172.18.0.6, executor 0, partition 28, PROCESS_LOCAL, 7608 bytes)
[2026-08-21T04:37:33.152+0000] {spark_submit.py:571} INFO - 26/08/21 04:37:33 INFO TaskSetManager: Finished task 22.0 in stage 11.0 (TID 56) in 147 ms on 172.18.0.6 (executor 0) (27/50)
[2026-08-21T04:37:33.175+0000] {spark_submit.py:571} INFO - 26/08/21 04:37:33 INFO BlockManagerInfo: Added rdd_38_25 in memory on 172.18.0.6:41231 (size: 46.0 B, free: 434.2 MiB)
[2026-08-21T04:37:33.213+0000] {spark_submit.py:571} INFO - 26/08/21 04:37:33 INFO BlockManagerInfo: Added rdd_38_26 in memory on 172.18.0.7:34321 (size: 46.0 B, free: 434.2 MiB)
[2026-08-21T04:37:33.228+0000] {spark_submit.py:571} INFO - 26/08/21 04:37:33 INFO TaskSetManager: Starting task 29.0 in stage 11.0 (TID 61) (172.18.0.6, executor 0, partition 29, PROCESS_LOCAL, 7608 bytes)
[2026-08-21T04:37:33.233+0000] {spark_submit.py:571} INFO - 26/08/21 04:37:33 INFO TaskSetManager: Finished task 25.0 in stage 11.0 (TID 57) in 179 ms on 172.18.0.6 (executor 0) (28/50)
[2026-08-21T04:37:33.280+0000] {spark_submit.py:571} INFO - 26/08/21 04:37:33 INFO BlockManagerInfo: Added rdd_38_28 in memory on 172.18.0.6:41231 (size: 46.0 B, free: 434.2 MiB)
[2026-08-21T04:37:33.283+0000] {spark_submit.py:571} INFO - 26/08/21 04:37:33 INFO TaskSetManager: Starting task 31.0 in stage 11.0 (TID 62) (172.18.0.7, executor 1, partition 31, PROCESS_LOCAL, 7608 bytes)
[2026-08-21T04:37:33.283+0000] {spark_submit.py:571} INFO - 26/08/21 04:37:33 INFO TaskSetManager: Finished task 26.0 in stage 11.0 (TID 58) in 221 ms on 172.18.0.7 (executor 1) (29/50)
[2026-08-21T04:37:33.305+0000] {spark_submit.py:571} INFO - 26/08/21 04:37:33 INFO BlockManagerInfo: Added rdd_38_27 in memory on 172.18.0.7:34321 (size: 46.0 B, free: 434.2 MiB)
[2026-08-21T04:37:33.353+0000] {spark_submit.py:571} INFO - 26/08/21 04:37:33 INFO TaskSetManager: Starting task 32.0 in stage 11.0 (TID 63) (172.18.0.6, executor 0, partition 32, PROCESS_LOCAL, 7608 bytes)
[2026-08-21T04:37:33.359+0000] {spark_submit.py:571} INFO - 26/08/21 04:37:33 INFO TaskSetManager: Finished task 28.0 in stage 11.0 (TID 60) in 210 ms on 172.18.0.6 (executor 0) (30/50)
[2026-08-21T04:37:33.388+0000] {spark_submit.py:571} INFO - 26/08/21 04:37:33 INFO TaskSetManager: Starting task 33.0 in stage 11.0 (TID 64) (172.18.0.7, executor 1, partition 33, PROCESS_LOCAL, 7608 bytes)
[2026-08-21T04:37:33.389+0000] {spark_submit.py:571} INFO - 26/08/21 04:37:33 INFO TaskSetManager: Finished task 27.0 in stage 11.0 (TID 59) in 263 ms on 172.18.0.7 (executor 1) (31/50)
[2026-08-21T04:37:33.404+0000] {spark_submit.py:571} INFO - 26/08/21 04:37:33 INFO BlockManagerInfo: Added rdd_38_29 in memory on 172.18.0.6:41231 (size: 46.0 B, free: 434.2 MiB)
[2026-08-21T04:37:33.427+0000] {spark_submit.py:571} INFO - 26/08/21 04:37:33 INFO BlockManagerInfo: Added rdd_38_31 in memory on 172.18.0.7:34321 (size: 46.0 B, free: 434.2 MiB)
[2026-08-21T04:37:33.482+0000] {spark_submit.py:571} INFO - 26/08/21 04:37:33 INFO TaskSetManager: Starting task 34.0 in stage 11.0 (TID 65) (172.18.0.6, executor 0, partition 34, PROCESS_LOCAL, 7608 bytes)
[2026-08-21T04:37:33.484+0000] {spark_submit.py:571} INFO - 26/08/21 04:37:33 INFO TaskSetManager: Finished task 29.0 in stage 11.0 (TID 61) in 256 ms on 172.18.0.6 (executor 0) (32/50)
[2026-08-21T04:37:33.492+0000] {spark_submit.py:571} INFO - 26/08/21 04:37:33 INFO TaskSetManager: Starting task 35.0 in stage 11.0 (TID 66) (172.18.0.7, executor 1, partition 35, PROCESS_LOCAL, 7608 bytes)
[2026-08-21T04:37:33.498+0000] {spark_submit.py:571} INFO - 26/08/21 04:37:33 INFO TaskSetManager: Finished task 31.0 in stage 11.0 (TID 62) in 216 ms on 172.18.0.7 (executor 1) (33/50)
[2026-08-21T04:37:33.512+0000] {spark_submit.py:571} INFO - 26/08/21 04:37:33 INFO BlockManagerInfo: Added rdd_38_33 in memory on 172.18.0.7:34321 (size: 46.0 B, free: 434.2 MiB)
[2026-08-21T04:37:33.514+0000] {spark_submit.py:571} INFO - 26/08/21 04:37:33 INFO BlockManagerInfo: Added rdd_38_32 in memory on 172.18.0.6:41231 (size: 46.0 B, free: 434.2 MiB)
[2026-08-21T04:37:33.544+0000] {spark_submit.py:571} INFO - 26/08/21 04:37:33 INFO TaskSetManager: Starting task 36.0 in stage 11.0 (TID 67) (172.18.0.7, executor 1, partition 36, PROCESS_LOCAL, 7608 bytes)
[2026-08-21T04:37:33.546+0000] {spark_submit.py:571} INFO - 26/08/21 04:37:33 INFO TaskSetManager: Finished task 33.0 in stage 11.0 (TID 64) in 158 ms on 172.18.0.7 (executor 1) (34/50)
[2026-08-21T04:37:33.606+0000] {spark_submit.py:571} INFO - 26/08/21 04:37:33 INFO TaskSetManager: Starting task 37.0 in stage 11.0 (TID 68) (172.18.0.6, executor 0, partition 37, PROCESS_LOCAL, 7608 bytes)
[2026-08-21T04:37:33.607+0000] {spark_submit.py:571} INFO - 26/08/21 04:37:33 INFO TaskSetManager: Finished task 32.0 in stage 11.0 (TID 63) in 254 ms on 172.18.0.6 (executor 0) (35/50)
[2026-08-21T04:37:33.609+0000] {spark_submit.py:571} INFO - 26/08/21 04:37:33 INFO BlockManagerInfo: Added rdd_38_34 in memory on 172.18.0.6:41231 (size: 46.0 B, free: 434.2 MiB)
[2026-08-21T04:37:33.650+0000] {spark_submit.py:571} INFO - 26/08/21 04:37:33 INFO BlockManagerInfo: Added rdd_38_35 in memory on 172.18.0.7:34321 (size: 46.0 B, free: 434.2 MiB)
[2026-08-21T04:37:33.663+0000] {spark_submit.py:571} INFO - 26/08/21 04:37:33 INFO BlockManagerInfo: Added rdd_38_36 in memory on 172.18.0.7:34321 (size: 46.0 B, free: 434.2 MiB)
[2026-08-21T04:37:33.698+0000] {spark_submit.py:571} INFO - 26/08/21 04:37:33 INFO TaskSetManager: Starting task 38.0 in stage 11.0 (TID 69) (172.18.0.6, executor 0, partition 38, PROCESS_LOCAL, 7608 bytes)
[2026-08-21T04:37:33.699+0000] {spark_submit.py:571} INFO - 26/08/21 04:37:33 INFO TaskSetManager: Finished task 34.0 in stage 11.0 (TID 65) in 218 ms on 172.18.0.6 (executor 0) (36/50)
[2026-08-21T04:37:33.720+0000] {spark_submit.py:571} INFO - 26/08/21 04:37:33 INFO TaskSetManager: Starting task 39.0 in stage 11.0 (TID 70) (172.18.0.7, executor 1, partition 39, PROCESS_LOCAL, 7608 bytes)
[2026-08-21T04:37:33.726+0000] {spark_submit.py:571} INFO - 26/08/21 04:37:33 INFO TaskSetManager: Finished task 36.0 in stage 11.0 (TID 67) in 181 ms on 172.18.0.7 (executor 1) (37/50)
[2026-08-21T04:37:33.761+0000] {spark_submit.py:571} INFO - 26/08/21 04:37:33 INFO BlockManagerInfo: Added rdd_38_37 in memory on 172.18.0.6:41231 (size: 46.0 B, free: 434.2 MiB)
[2026-08-21T04:37:33.765+0000] {spark_submit.py:571} INFO - 26/08/21 04:37:33 INFO TaskSetManager: Starting task 40.0 in stage 11.0 (TID 71) (172.18.0.7, executor 1, partition 40, PROCESS_LOCAL, 7608 bytes)
[2026-08-21T04:37:33.765+0000] {spark_submit.py:571} INFO - 26/08/21 04:37:33 INFO TaskSetManager: Finished task 35.0 in stage 11.0 (TID 66) in 273 ms on 172.18.0.7 (executor 1) (38/50)
[2026-08-21T04:37:33.834+0000] {spark_submit.py:571} INFO - 26/08/21 04:37:33 INFO TaskSetManager: Starting task 41.0 in stage 11.0 (TID 72) (172.18.0.6, executor 0, partition 41, PROCESS_LOCAL, 7608 bytes)
[2026-08-21T04:37:33.838+0000] {spark_submit.py:571} INFO - 26/08/21 04:37:33 INFO TaskSetManager: Finished task 37.0 in stage 11.0 (TID 68) in 233 ms on 172.18.0.6 (executor 0) (39/50)
[2026-08-21T04:37:33.920+0000] {spark_submit.py:571} INFO - 26/08/21 04:37:33 INFO BlockManagerInfo: Added rdd_38_38 in memory on 172.18.0.6:41231 (size: 46.0 B, free: 434.2 MiB)
[2026-08-21T04:37:34.009+0000] {spark_submit.py:571} INFO - 26/08/21 04:37:34 INFO BlockManagerInfo: Added rdd_38_41 in memory on 172.18.0.6:41231 (size: 46.0 B, free: 434.2 MiB)
[2026-08-21T04:37:34.036+0000] {spark_submit.py:571} INFO - 26/08/21 04:37:34 INFO TaskSetManager: Starting task 43.0 in stage 11.0 (TID 73) (172.18.0.6, executor 0, partition 43, PROCESS_LOCAL, 7608 bytes)
[2026-08-21T04:37:34.038+0000] {spark_submit.py:571} INFO - 26/08/21 04:37:34 INFO BlockManagerInfo: Added rdd_38_39 in memory on 172.18.0.7:34321 (size: 46.0 B, free: 434.2 MiB)
[2026-08-21T04:37:34.064+0000] {spark_submit.py:571} INFO - 26/08/21 04:37:34 INFO TaskSetManager: Finished task 38.0 in stage 11.0 (TID 69) in 360 ms on 172.18.0.6 (executor 0) (40/50)
[2026-08-21T04:37:34.079+0000] {spark_submit.py:571} INFO - 26/08/21 04:37:34 INFO BlockManagerInfo: Added rdd_38_40 in memory on 172.18.0.7:34321 (size: 46.0 B, free: 434.2 MiB)
[2026-08-21T04:37:34.083+0000] {spark_submit.py:571} INFO - 26/08/21 04:37:34 INFO TaskSetManager: Starting task 44.0 in stage 11.0 (TID 74) (172.18.0.6, executor 0, partition 44, PROCESS_LOCAL, 7608 bytes)
[2026-08-21T04:37:34.084+0000] {spark_submit.py:571} INFO - 26/08/21 04:37:34 INFO TaskSetManager: Finished task 41.0 in stage 11.0 (TID 72) in 250 ms on 172.18.0.6 (executor 0) (41/50)
[2026-08-21T04:37:34.144+0000] {spark_submit.py:571} INFO - 26/08/21 04:37:34 INFO BlockManagerInfo: Added rdd_38_44 in memory on 172.18.0.6:41231 (size: 46.0 B, free: 434.2 MiB)
[2026-08-21T04:37:34.161+0000] {spark_submit.py:571} INFO - 26/08/21 04:37:34 INFO TaskSetManager: Starting task 45.0 in stage 11.0 (TID 75) (172.18.0.7, executor 1, partition 45, PROCESS_LOCAL, 7608 bytes)
[2026-08-21T04:37:34.164+0000] {spark_submit.py:571} INFO - 26/08/21 04:37:34 INFO TaskSetManager: Finished task 39.0 in stage 11.0 (TID 70) in 443 ms on 172.18.0.7 (executor 1) (42/50)
[2026-08-21T04:37:34.189+0000] {spark_submit.py:571} INFO - 26/08/21 04:37:34 INFO TaskSetManager: Starting task 46.0 in stage 11.0 (TID 76) (172.18.0.7, executor 1, partition 46, PROCESS_LOCAL, 7608 bytes)
[2026-08-21T04:37:34.192+0000] {spark_submit.py:571} INFO - 26/08/21 04:37:34 INFO TaskSetManager: Finished task 40.0 in stage 11.0 (TID 71) in 426 ms on 172.18.0.7 (executor 1) (43/50)
[2026-08-21T04:37:34.201+0000] {spark_submit.py:571} INFO - 26/08/21 04:37:34 INFO TaskSetManager: Starting task 47.0 in stage 11.0 (TID 77) (172.18.0.6, executor 0, partition 47, PROCESS_LOCAL, 7608 bytes)
[2026-08-21T04:37:34.205+0000] {spark_submit.py:571} INFO - 26/08/21 04:37:34 INFO TaskSetManager: Finished task 44.0 in stage 11.0 (TID 74) in 119 ms on 172.18.0.6 (executor 0) (44/50)
[2026-08-21T04:37:34.209+0000] {spark_submit.py:571} INFO - 26/08/21 04:37:34 INFO BlockManagerInfo: Added rdd_38_43 in memory on 172.18.0.6:41231 (size: 46.0 B, free: 434.2 MiB)
[2026-08-21T04:37:34.266+0000] {spark_submit.py:571} INFO - 26/08/21 04:37:34 INFO TaskSetManager: Starting task 48.0 in stage 11.0 (TID 78) (172.18.0.6, executor 0, partition 48, PROCESS_LOCAL, 7608 bytes)
[2026-08-21T04:37:34.269+0000] {spark_submit.py:571} INFO - 26/08/21 04:37:34 INFO TaskSetManager: Finished task 43.0 in stage 11.0 (TID 73) in 233 ms on 172.18.0.6 (executor 0) (45/50)
[2026-08-21T04:37:34.314+0000] {spark_submit.py:571} INFO - 26/08/21 04:37:34 INFO BlockManagerInfo: Added rdd_38_47 in memory on 172.18.0.6:41231 (size: 46.0 B, free: 434.2 MiB)
[2026-08-21T04:37:34.325+0000] {spark_submit.py:571} INFO - 26/08/21 04:37:34 INFO BlockManagerInfo: Added rdd_38_46 in memory on 172.18.0.7:34321 (size: 46.0 B, free: 434.2 MiB)
[2026-08-21T04:37:34.357+0000] {spark_submit.py:571} INFO - 26/08/21 04:37:34 INFO BlockManagerInfo: Added rdd_38_45 in memory on 172.18.0.7:34321 (size: 46.0 B, free: 434.2 MiB)
[2026-08-21T04:37:34.379+0000] {spark_submit.py:571} INFO - 26/08/21 04:37:34 INFO TaskSetManager: Starting task 49.0 in stage 11.0 (TID 79) (172.18.0.7, executor 1, partition 49, PROCESS_LOCAL, 7608 bytes)
[2026-08-21T04:37:34.380+0000] {spark_submit.py:571} INFO - 26/08/21 04:37:34 INFO TaskSetManager: Finished task 46.0 in stage 11.0 (TID 76) in 190 ms on 172.18.0.7 (executor 1) (46/50)
[2026-08-21T04:37:34.407+0000] {spark_submit.py:571} INFO - 26/08/21 04:37:34 INFO BlockManagerInfo: Added rdd_38_48 in memory on 172.18.0.6:41231 (size: 46.0 B, free: 434.2 MiB)
[2026-08-21T04:37:34.411+0000] {spark_submit.py:571} INFO - 26/08/21 04:37:34 INFO TaskSetManager: Finished task 47.0 in stage 11.0 (TID 77) in 208 ms on 172.18.0.6 (executor 0) (47/50)
[2026-08-21T04:37:34.426+0000] {spark_submit.py:571} INFO - 26/08/21 04:37:34 INFO TaskSetManager: Finished task 45.0 in stage 11.0 (TID 75) in 264 ms on 172.18.0.7 (executor 1) (48/50)
[2026-08-21T04:37:34.444+0000] {spark_submit.py:571} INFO - 26/08/21 04:37:34 INFO TaskSetManager: Finished task 48.0 in stage 11.0 (TID 78) in 178 ms on 172.18.0.6 (executor 0) (49/50)
[2026-08-21T04:37:34.473+0000] {spark_submit.py:571} INFO - 26/08/21 04:37:34 INFO BlockManagerInfo: Added rdd_38_49 in memory on 172.18.0.7:34321 (size: 46.0 B, free: 434.2 MiB)
[2026-08-21T04:37:34.513+0000] {spark_submit.py:571} INFO - 26/08/21 04:37:34 INFO TaskSetManager: Finished task 49.0 in stage 11.0 (TID 79) in 135 ms on 172.18.0.7 (executor 1) (50/50)
[2026-08-21T04:37:34.515+0000] {spark_submit.py:571} INFO - 26/08/21 04:37:34 INFO TaskSchedulerImpl: Removed TaskSet 11.0, whose tasks have all completed, from pool
[2026-08-21T04:37:34.515+0000] {spark_submit.py:571} INFO - 26/08/21 04:37:34 INFO DAGScheduler: ShuffleMapStage 11 (save at NativeMethodAccessorImpl.java:0) finished in 7.135 s
[2026-08-21T04:37:34.516+0000] {spark_submit.py:571} INFO - 26/08/21 04:37:34 INFO DAGScheduler: looking for newly runnable stages
[2026-08-21T04:37:34.519+0000] {spark_submit.py:571} INFO - 26/08/21 04:37:34 INFO DAGScheduler: running: Set()
[2026-08-21T04:37:34.520+0000] {spark_submit.py:571} INFO - 26/08/21 04:37:34 INFO DAGScheduler: waiting: Set()
[2026-08-21T04:37:34.520+0000] {spark_submit.py:571} INFO - 26/08/21 04:37:34 INFO DAGScheduler: failed: Set()
[2026-08-21T04:37:34.549+0000] {spark_submit.py:571} INFO - 26/08/21 04:37:34 INFO SparkContext: Starting job: save at NativeMethodAccessorImpl.java:0
[2026-08-21T04:37:34.550+0000] {spark_submit.py:571} INFO - 26/08/21 04:37:34 INFO DAGScheduler: Got job 9 (save at NativeMethodAccessorImpl.java:0) with 1 output partitions
[2026-08-21T04:37:34.551+0000] {spark_submit.py:571} INFO - 26/08/21 04:37:34 INFO DAGScheduler: Final stage: ResultStage 14 (save at NativeMethodAccessorImpl.java:0)
[2026-08-21T04:37:34.552+0000] {spark_submit.py:571} INFO - 26/08/21 04:37:34 INFO DAGScheduler: Parents of final stage: List(ShuffleMapStage 13)
[2026-08-21T04:37:34.552+0000] {spark_submit.py:571} INFO - 26/08/21 04:37:34 INFO DAGScheduler: Missing parents: List()
[2026-08-21T04:37:34.553+0000] {spark_submit.py:571} INFO - 26/08/21 04:37:34 INFO DAGScheduler: Submitting ResultStage 14 (MapPartitionsRDD[44] at save at NativeMethodAccessorImpl.java:0), which has no missing parents
[2026-08-21T04:37:34.561+0000] {spark_submit.py:571} INFO - 26/08/21 04:37:34 INFO MemoryStore: Block broadcast_16 stored as values in memory (estimated size 533.4 KiB, free 432.7 MiB)
[2026-08-21T04:37:34.563+0000] {spark_submit.py:571} INFO - 26/08/21 04:37:34 INFO MemoryStore: Block broadcast_16_piece0 stored as bytes in memory (estimated size 124.5 KiB, free 432.6 MiB)
[2026-08-21T04:37:34.564+0000] {spark_submit.py:571} INFO - 26/08/21 04:37:34 INFO BlockManagerInfo: Added broadcast_16_piece0 in memory on c90a551abb73:33629 (size: 124.5 KiB, free: 434.1 MiB)
[2026-08-21T04:37:34.566+0000] {spark_submit.py:571} INFO - 26/08/21 04:37:34 INFO SparkContext: Created broadcast 16 from broadcast at DAGScheduler.scala:1585
[2026-08-21T04:37:34.566+0000] {spark_submit.py:571} INFO - 26/08/21 04:37:34 INFO DAGScheduler: Submitting 1 missing tasks from ResultStage 14 (MapPartitionsRDD[44] at save at NativeMethodAccessorImpl.java:0) (first 15 tasks are for partitions Vector(0))
[2026-08-21T04:37:34.567+0000] {spark_submit.py:571} INFO - 26/08/21 04:37:34 INFO TaskSchedulerImpl: Adding task set 14.0 with 1 tasks resource profile 0
[2026-08-21T04:37:34.567+0000] {spark_submit.py:571} INFO - 26/08/21 04:37:34 INFO TaskSetManager: Starting task 0.0 in stage 14.0 (TID 80) (172.18.0.7, executor 1, partition 0, NODE_LOCAL, 7619 bytes)
[2026-08-21T04:37:34.578+0000] {spark_submit.py:571} INFO - 26/08/21 04:37:34 INFO BlockManagerInfo: Added broadcast_16_piece0 in memory on 172.18.0.7:34321 (size: 124.5 KiB, free: 434.1 MiB)
[2026-08-21T04:37:34.594+0000] {spark_submit.py:571} INFO - 26/08/21 04:37:34 INFO MapOutputTrackerMasterEndpoint: Asked to send map output locations for shuffle 3 to 172.18.0.7:49734
[2026-08-21T04:37:34.709+0000] {spark_submit.py:571} INFO - 26/08/21 04:37:34 INFO TaskSetManager: Finished task 0.0 in stage 14.0 (TID 80) in 142 ms on 172.18.0.7 (executor 1) (1/1)
[2026-08-21T04:37:34.710+0000] {spark_submit.py:571} INFO - 26/08/21 04:37:34 INFO TaskSchedulerImpl: Removed TaskSet 14.0, whose tasks have all completed, from pool
[2026-08-21T04:37:34.710+0000] {spark_submit.py:571} INFO - 26/08/21 04:37:34 INFO DAGScheduler: ResultStage 14 (save at NativeMethodAccessorImpl.java:0) finished in 0.155 s
[2026-08-21T04:37:34.712+0000] {spark_submit.py:571} INFO - 26/08/21 04:37:34 INFO DAGScheduler: Job 9 is finished. Cancelling potential speculative or zombie tasks for this job
[2026-08-21T04:37:34.712+0000] {spark_submit.py:571} INFO - 26/08/21 04:37:34 INFO TaskSchedulerImpl: Killing all running tasks in stage 14: Stage finished
[2026-08-21T04:37:34.713+0000] {spark_submit.py:571} INFO - 26/08/21 04:37:34 INFO DAGScheduler: Job 9 finished: save at NativeMethodAccessorImpl.java:0, took 0.161159 s
[2026-08-21T04:37:34.795+0000] {spark_submit.py:571} INFO - 26/08/21 04:37:34 INFO CodeGenerator: Code generated in 61.703911 ms
[2026-08-21T04:37:34.799+0000] {spark_submit.py:571} INFO - 26/08/21 04:37:34 INFO Snapshot: [tableId=553802dd-42b6-4cf1-8af2-e0916230ea16] DELTA: Done
[2026-08-21T04:37:35.244+0000] {spark_submit.py:571} INFO - 26/08/21 04:37:35 INFO BlockManagerInfo: Removed broadcast_15_piece0 on c90a551abb73:33629 in memory (size: 137.9 KiB, free: 434.2 MiB)
[2026-08-21T04:37:35.247+0000] {spark_submit.py:571} INFO - 26/08/21 04:37:35 INFO BlockManagerInfo: Removed broadcast_15_piece0 on 172.18.0.6:41231 in memory (size: 137.9 KiB, free: 434.4 MiB)
[2026-08-21T04:37:35.248+0000] {spark_submit.py:571} INFO - 26/08/21 04:37:35 INFO BlockManagerInfo: Removed broadcast_15_piece0 on 172.18.0.7:34321 in memory (size: 137.9 KiB, free: 434.2 MiB)
[2026-08-21T04:37:35.262+0000] {spark_submit.py:571} INFO - 26/08/21 04:37:35 INFO BlockManagerInfo: Removed broadcast_16_piece0 on c90a551abb73:33629 in memory (size: 124.5 KiB, free: 434.3 MiB)
[2026-08-21T04:37:35.275+0000] {spark_submit.py:571} INFO - 26/08/21 04:37:35 INFO BlockManagerInfo: Removed broadcast_16_piece0 on 172.18.0.7:34321 in memory (size: 124.5 KiB, free: 434.4 MiB)
[2026-08-21T04:37:35.343+0000] {spark_submit.py:571} INFO - 26/08/21 04:37:35 INFO CodeGenerator: Code generated in 151.31652 ms
[2026-08-21T04:37:35.415+0000] {spark_submit.py:571} INFO - 26/08/21 04:37:35 INFO CodeGenerator: Code generated in 23.9746 ms
[2026-08-21T04:37:35.449+0000] {spark_submit.py:571} INFO - 26/08/21 04:37:35 INFO SparkContext: Starting job: $anonfun$recordDeltaOperationInternal$1 at DatabricksLogging.scala:128
[2026-08-21T04:37:35.451+0000] {spark_submit.py:571} INFO - 26/08/21 04:37:35 INFO DAGScheduler: Got job 10 ($anonfun$recordDeltaOperationInternal$1 at DatabricksLogging.scala:128) with 50 output partitions
[2026-08-21T04:37:35.451+0000] {spark_submit.py:571} INFO - 26/08/21 04:37:35 INFO DAGScheduler: Final stage: ResultStage 16 ($anonfun$recordDeltaOperationInternal$1 at DatabricksLogging.scala:128)
[2026-08-21T04:37:35.452+0000] {spark_submit.py:571} INFO - 26/08/21 04:37:35 INFO DAGScheduler: Parents of final stage: List(ShuffleMapStage 15)
[2026-08-21T04:37:35.453+0000] {spark_submit.py:571} INFO - 26/08/21 04:37:35 INFO DAGScheduler: Missing parents: List()
[2026-08-21T04:37:35.454+0000] {spark_submit.py:571} INFO - 26/08/21 04:37:35 INFO DAGScheduler: Submitting ResultStage 16 (MapPartitionsRDD[51] at $anonfun$recordDeltaOperationInternal$1 at DatabricksLogging.scala:128), which has no missing parents
[2026-08-21T04:37:35.462+0000] {spark_submit.py:571} INFO - 26/08/21 04:37:35 INFO MemoryStore: Block broadcast_17 stored as values in memory (estimated size 730.7 KiB, free 433.2 MiB)
[2026-08-21T04:37:35.464+0000] {spark_submit.py:571} INFO - 26/08/21 04:37:35 INFO MemoryStore: Block broadcast_17_piece0 stored as bytes in memory (estimated size 166.1 KiB, free 433.1 MiB)
[2026-08-21T04:37:35.464+0000] {spark_submit.py:571} INFO - 26/08/21 04:37:35 INFO BlockManagerInfo: Added broadcast_17_piece0 in memory on c90a551abb73:33629 (size: 166.1 KiB, free: 434.2 MiB)
[2026-08-21T04:37:35.465+0000] {spark_submit.py:571} INFO - 26/08/21 04:37:35 INFO SparkContext: Created broadcast 17 from broadcast at DAGScheduler.scala:1585
[2026-08-21T04:37:35.466+0000] {spark_submit.py:571} INFO - 26/08/21 04:37:35 INFO DAGScheduler: Submitting 50 missing tasks from ResultStage 16 (MapPartitionsRDD[51] at $anonfun$recordDeltaOperationInternal$1 at DatabricksLogging.scala:128) (first 15 tasks are for partitions Vector(0, 1, 2, 3, 4, 5, 6, 7, 8, 9, 10, 11, 12, 13, 14))
[2026-08-21T04:37:35.466+0000] {spark_submit.py:571} INFO - 26/08/21 04:37:35 INFO TaskSchedulerImpl: Adding task set 16.0 with 50 tasks resource profile 0
[2026-08-21T04:37:35.468+0000] {spark_submit.py:571} INFO - 26/08/21 04:37:35 INFO TaskSetManager: Starting task 0.0 in stage 16.0 (TID 81) (172.18.0.6, executor 0, partition 0, PROCESS_LOCAL, 7619 bytes)
[2026-08-21T04:37:35.469+0000] {spark_submit.py:571} INFO - 26/08/21 04:37:35 INFO TaskSetManager: Starting task 1.0 in stage 16.0 (TID 82) (172.18.0.7, executor 1, partition 1, PROCESS_LOCAL, 7619 bytes)
[2026-08-21T04:37:35.471+0000] {spark_submit.py:571} INFO - 26/08/21 04:37:35 INFO TaskSetManager: Starting task 5.0 in stage 16.0 (TID 83) (172.18.0.6, executor 0, partition 5, PROCESS_LOCAL, 7619 bytes)
[2026-08-21T04:37:35.472+0000] {spark_submit.py:571} INFO - 26/08/21 04:37:35 INFO TaskSetManager: Starting task 2.0 in stage 16.0 (TID 84) (172.18.0.7, executor 1, partition 2, PROCESS_LOCAL, 7619 bytes)
[2026-08-21T04:37:35.496+0000] {spark_submit.py:571} INFO - 26/08/21 04:37:35 INFO BlockManagerInfo: Added broadcast_17_piece0 in memory on 172.18.0.6:41231 (size: 166.1 KiB, free: 434.2 MiB)
[2026-08-21T04:37:35.509+0000] {spark_submit.py:571} INFO - 26/08/21 04:37:35 INFO BlockManagerInfo: Added broadcast_17_piece0 in memory on 172.18.0.7:34321 (size: 166.1 KiB, free: 434.2 MiB)
[2026-08-21T04:37:35.824+0000] {spark_submit.py:571} INFO - 26/08/21 04:37:35 INFO BlockManagerInfo: Added rdd_48_5 in memory on 172.18.0.6:41231 (size: 46.0 B, free: 434.2 MiB)
[2026-08-21T04:37:35.902+0000] {spark_submit.py:571} INFO - 26/08/21 04:37:35 INFO BlockManagerInfo: Added rdd_48_0 in memory on 172.18.0.6:41231 (size: 1137.0 B, free: 434.2 MiB)
[2026-08-21T04:37:35.914+0000] {spark_submit.py:571} INFO - 26/08/21 04:37:35 INFO BlockManagerInfo: Added rdd_48_1 in memory on 172.18.0.7:34321 (size: 46.0 B, free: 434.2 MiB)
[2026-08-21T04:37:35.923+0000] {spark_submit.py:571} INFO - 26/08/21 04:37:35 INFO BlockManagerInfo: Added rdd_48_2 in memory on 172.18.0.7:34321 (size: 46.0 B, free: 434.2 MiB)
[2026-08-21T04:37:35.958+0000] {spark_submit.py:571} INFO - 26/08/21 04:37:35 INFO TaskSetManager: Starting task 6.0 in stage 16.0 (TID 85) (172.18.0.6, executor 0, partition 6, PROCESS_LOCAL, 7619 bytes)
[2026-08-21T04:37:35.958+0000] {spark_submit.py:571} INFO - 26/08/21 04:37:35 INFO TaskSetManager: Starting task 10.0 in stage 16.0 (TID 86) (172.18.0.6, executor 0, partition 10, PROCESS_LOCAL, 7619 bytes)
[2026-08-21T04:37:35.958+0000] {spark_submit.py:571} INFO - 26/08/21 04:37:35 INFO TaskSetManager: Finished task 5.0 in stage 16.0 (TID 83) in 489 ms on 172.18.0.6 (executor 0) (1/50)
[2026-08-21T04:37:35.959+0000] {spark_submit.py:571} INFO - 26/08/21 04:37:35 INFO TaskSetManager: Finished task 0.0 in stage 16.0 (TID 81) in 489 ms on 172.18.0.6 (executor 0) (2/50)
[2026-08-21T04:37:36.006+0000] {spark_submit.py:571} INFO - 26/08/21 04:37:36 INFO TaskSetManager: Starting task 3.0 in stage 16.0 (TID 87) (172.18.0.7, executor 1, partition 3, PROCESS_LOCAL, 7619 bytes)
[2026-08-21T04:37:36.008+0000] {spark_submit.py:571} INFO - 26/08/21 04:37:36 INFO BlockManagerInfo: Added rdd_48_10 in memory on 172.18.0.6:41231 (size: 46.0 B, free: 434.2 MiB)
[2026-08-21T04:37:36.008+0000] {spark_submit.py:571} INFO - 26/08/21 04:37:36 INFO TaskSetManager: Finished task 2.0 in stage 16.0 (TID 84) in 535 ms on 172.18.0.7 (executor 1) (3/50)
[2026-08-21T04:37:36.008+0000] {spark_submit.py:571} INFO - 26/08/21 04:37:36 INFO TaskSetManager: Starting task 4.0 in stage 16.0 (TID 88) (172.18.0.7, executor 1, partition 4, PROCESS_LOCAL, 7619 bytes)
[2026-08-21T04:37:36.010+0000] {spark_submit.py:571} INFO - 26/08/21 04:37:36 INFO TaskSetManager: Finished task 1.0 in stage 16.0 (TID 82) in 541 ms on 172.18.0.7 (executor 1) (4/50)
[2026-08-21T04:37:36.011+0000] {spark_submit.py:571} INFO - 26/08/21 04:37:36 INFO BlockManagerInfo: Added rdd_48_6 in memory on 172.18.0.6:41231 (size: 46.0 B, free: 434.2 MiB)
[2026-08-21T04:37:36.032+0000] {spark_submit.py:571} INFO - 26/08/21 04:37:36 INFO TaskSetManager: Starting task 11.0 in stage 16.0 (TID 89) (172.18.0.6, executor 0, partition 11, PROCESS_LOCAL, 7619 bytes)
[2026-08-21T04:37:36.036+0000] {spark_submit.py:571} INFO - 26/08/21 04:37:36 INFO TaskSetManager: Finished task 10.0 in stage 16.0 (TID 86) in 79 ms on 172.18.0.6 (executor 0) (5/50)
[2026-08-21T04:37:36.038+0000] {spark_submit.py:571} INFO - 26/08/21 04:37:36 INFO TaskSetManager: Starting task 13.0 in stage 16.0 (TID 90) (172.18.0.6, executor 0, partition 13, PROCESS_LOCAL, 7619 bytes)
[2026-08-21T04:37:36.042+0000] {spark_submit.py:571} INFO - 26/08/21 04:37:36 INFO TaskSetManager: Finished task 6.0 in stage 16.0 (TID 85) in 81 ms on 172.18.0.6 (executor 0) (6/50)
[2026-08-21T04:37:36.076+0000] {spark_submit.py:571} INFO - 26/08/21 04:37:36 INFO BlockManagerInfo: Added rdd_48_3 in memory on 172.18.0.7:34321 (size: 46.0 B, free: 434.2 MiB)
[2026-08-21T04:37:36.085+0000] {spark_submit.py:571} INFO - 26/08/21 04:37:36 INFO BlockManagerInfo: Added rdd_48_4 in memory on 172.18.0.7:34321 (size: 46.0 B, free: 434.2 MiB)
[2026-08-21T04:37:36.111+0000] {spark_submit.py:571} INFO - 26/08/21 04:37:36 INFO BlockManagerInfo: Added rdd_48_13 in memory on 172.18.0.6:41231 (size: 46.0 B, free: 434.2 MiB)
[2026-08-21T04:37:36.112+0000] {spark_submit.py:571} INFO - 26/08/21 04:37:36 INFO TaskSetManager: Starting task 7.0 in stage 16.0 (TID 91) (172.18.0.7, executor 1, partition 7, PROCESS_LOCAL, 7619 bytes)
[2026-08-21T04:37:36.124+0000] {spark_submit.py:571} INFO - 26/08/21 04:37:36 INFO BlockManagerInfo: Added rdd_48_11 in memory on 172.18.0.6:41231 (size: 847.0 B, free: 434.2 MiB)
[2026-08-21T04:37:36.125+0000] {spark_submit.py:571} INFO - 26/08/21 04:37:36 INFO TaskSetManager: Starting task 8.0 in stage 16.0 (TID 92) (172.18.0.7, executor 1, partition 8, PROCESS_LOCAL, 7619 bytes)
[2026-08-21T04:37:36.129+0000] {spark_submit.py:571} INFO - 26/08/21 04:37:36 INFO TaskSetManager: Starting task 16.0 in stage 16.0 (TID 93) (172.18.0.6, executor 0, partition 16, PROCESS_LOCAL, 7619 bytes)
[2026-08-21T04:37:36.130+0000] {spark_submit.py:571} INFO - 26/08/21 04:37:36 INFO TaskSetManager: Finished task 3.0 in stage 16.0 (TID 87) in 120 ms on 172.18.0.7 (executor 1) (7/50)
[2026-08-21T04:37:36.131+0000] {spark_submit.py:571} INFO - 26/08/21 04:37:36 INFO TaskSetManager: Finished task 4.0 in stage 16.0 (TID 88) in 118 ms on 172.18.0.7 (executor 1) (8/50)
[2026-08-21T04:37:36.132+0000] {spark_submit.py:571} INFO - 26/08/21 04:37:36 INFO TaskSetManager: Finished task 13.0 in stage 16.0 (TID 90) in 92 ms on 172.18.0.6 (executor 0) (9/50)
[2026-08-21T04:37:36.144+0000] {spark_submit.py:571} INFO - 26/08/21 04:37:36 INFO TaskSetManager: Finished task 11.0 in stage 16.0 (TID 89) in 113 ms on 172.18.0.6 (executor 0) (10/50)
[2026-08-21T04:37:36.147+0000] {spark_submit.py:571} INFO - 26/08/21 04:37:36 INFO TaskSetManager: Starting task 17.0 in stage 16.0 (TID 94) (172.18.0.6, executor 0, partition 17, PROCESS_LOCAL, 7619 bytes)
[2026-08-21T04:37:36.166+0000] {spark_submit.py:571} INFO - 26/08/21 04:37:36 INFO BlockManagerInfo: Added rdd_48_7 in memory on 172.18.0.7:34321 (size: 46.0 B, free: 434.2 MiB)
[2026-08-21T04:37:36.177+0000] {spark_submit.py:571} INFO - 26/08/21 04:37:36 INFO BlockManagerInfo: Added rdd_48_16 in memory on 172.18.0.6:41231 (size: 46.0 B, free: 434.2 MiB)
[2026-08-21T04:37:36.181+0000] {spark_submit.py:571} INFO - 26/08/21 04:37:36 INFO TaskSetManager: Starting task 9.0 in stage 16.0 (TID 95) (172.18.0.7, executor 1, partition 9, PROCESS_LOCAL, 7619 bytes)
[2026-08-21T04:37:36.185+0000] {spark_submit.py:571} INFO - 26/08/21 04:37:36 INFO TaskSetManager: Finished task 7.0 in stage 16.0 (TID 91) in 79 ms on 172.18.0.7 (executor 1) (11/50)
[2026-08-21T04:37:36.197+0000] {spark_submit.py:571} INFO - 26/08/21 04:37:36 INFO TaskSetManager: Starting task 18.0 in stage 16.0 (TID 96) (172.18.0.6, executor 0, partition 18, PROCESS_LOCAL, 7619 bytes)
[2026-08-21T04:37:36.203+0000] {spark_submit.py:571} INFO - 26/08/21 04:37:36 INFO TaskSetManager: Finished task 16.0 in stage 16.0 (TID 93) in 79 ms on 172.18.0.6 (executor 0) (12/50)
[2026-08-21T04:37:36.215+0000] {spark_submit.py:571} INFO - 26/08/21 04:37:36 INFO BlockManagerInfo: Added rdd_48_8 in memory on 172.18.0.7:34321 (size: 46.0 B, free: 434.2 MiB)
[2026-08-21T04:37:36.219+0000] {spark_submit.py:571} INFO - 26/08/21 04:37:36 INFO BlockManagerInfo: Added rdd_48_17 in memory on 172.18.0.6:41231 (size: 46.0 B, free: 434.2 MiB)
[2026-08-21T04:37:36.234+0000] {spark_submit.py:571} INFO - 26/08/21 04:37:36 INFO BlockManagerInfo: Added rdd_48_18 in memory on 172.18.0.6:41231 (size: 46.0 B, free: 434.2 MiB)
[2026-08-21T04:37:36.236+0000] {spark_submit.py:571} INFO - 26/08/21 04:37:36 INFO TaskSetManager: Starting task 12.0 in stage 16.0 (TID 97) (172.18.0.7, executor 1, partition 12, PROCESS_LOCAL, 7619 bytes)
[2026-08-21T04:37:36.239+0000] {spark_submit.py:571} INFO - 26/08/21 04:37:36 INFO TaskSetManager: Finished task 8.0 in stage 16.0 (TID 92) in 118 ms on 172.18.0.7 (executor 1) (13/50)
[2026-08-21T04:37:36.243+0000] {spark_submit.py:571} INFO - 26/08/21 04:37:36 INFO TaskSetManager: Starting task 21.0 in stage 16.0 (TID 98) (172.18.0.6, executor 0, partition 21, PROCESS_LOCAL, 7619 bytes)
[2026-08-21T04:37:36.246+0000] {spark_submit.py:571} INFO - 26/08/21 04:37:36 INFO TaskSetManager: Finished task 17.0 in stage 16.0 (TID 94) in 104 ms on 172.18.0.6 (executor 0) (14/50)
[2026-08-21T04:37:36.251+0000] {spark_submit.py:571} INFO - 26/08/21 04:37:36 INFO BlockManagerInfo: Added rdd_48_9 in memory on 172.18.0.7:34321 (size: 46.0 B, free: 434.2 MiB)
[2026-08-21T04:37:36.254+0000] {spark_submit.py:571} INFO - 26/08/21 04:37:36 INFO TaskSetManager: Starting task 22.0 in stage 16.0 (TID 99) (172.18.0.6, executor 0, partition 22, PROCESS_LOCAL, 7619 bytes)
[2026-08-21T04:37:36.256+0000] {spark_submit.py:571} INFO - 26/08/21 04:37:36 INFO TaskSetManager: Finished task 18.0 in stage 16.0 (TID 96) in 59 ms on 172.18.0.6 (executor 0) (15/50)
[2026-08-21T04:37:36.291+0000] {spark_submit.py:571} INFO - 26/08/21 04:37:36 INFO TaskSetManager: Starting task 14.0 in stage 16.0 (TID 100) (172.18.0.7, executor 1, partition 14, PROCESS_LOCAL, 7619 bytes)
[2026-08-21T04:37:36.295+0000] {spark_submit.py:571} INFO - 26/08/21 04:37:36 INFO TaskSetManager: Finished task 9.0 in stage 16.0 (TID 95) in 105 ms on 172.18.0.7 (executor 1) (16/50)
[2026-08-21T04:37:36.318+0000] {spark_submit.py:571} INFO - 26/08/21 04:37:36 INFO BlockManagerInfo: Added rdd_48_12 in memory on 172.18.0.7:34321 (size: 46.0 B, free: 434.2 MiB)
[2026-08-21T04:37:36.341+0000] {spark_submit.py:571} INFO - 26/08/21 04:37:36 INFO TaskSetManager: Starting task 15.0 in stage 16.0 (TID 101) (172.18.0.7, executor 1, partition 15, PROCESS_LOCAL, 7619 bytes)
[2026-08-21T04:37:36.342+0000] {spark_submit.py:571} INFO - 26/08/21 04:37:36 INFO TaskSetManager: Finished task 12.0 in stage 16.0 (TID 97) in 104 ms on 172.18.0.7 (executor 1) (17/50)
[2026-08-21T04:37:36.347+0000] {spark_submit.py:571} INFO - 26/08/21 04:37:36 INFO BlockManagerInfo: Added rdd_48_22 in memory on 172.18.0.6:41231 (size: 46.0 B, free: 434.2 MiB)
[2026-08-21T04:37:36.350+0000] {spark_submit.py:571} INFO - 26/08/21 04:37:36 INFO BlockManagerInfo: Added rdd_48_21 in memory on 172.18.0.6:41231 (size: 46.0 B, free: 434.2 MiB)
[2026-08-21T04:37:36.361+0000] {spark_submit.py:571} INFO - 26/08/21 04:37:36 INFO TaskSetManager: Starting task 24.0 in stage 16.0 (TID 102) (172.18.0.6, executor 0, partition 24, PROCESS_LOCAL, 7619 bytes)
[2026-08-21T04:37:36.363+0000] {spark_submit.py:571} INFO - 26/08/21 04:37:36 INFO TaskSetManager: Finished task 22.0 in stage 16.0 (TID 99) in 109 ms on 172.18.0.6 (executor 0) (18/50)
[2026-08-21T04:37:36.367+0000] {spark_submit.py:571} INFO - 26/08/21 04:37:36 INFO TaskSetManager: Starting task 25.0 in stage 16.0 (TID 103) (172.18.0.6, executor 0, partition 25, PROCESS_LOCAL, 7619 bytes)
[2026-08-21T04:37:36.368+0000] {spark_submit.py:571} INFO - 26/08/21 04:37:36 INFO TaskSetManager: Finished task 21.0 in stage 16.0 (TID 98) in 126 ms on 172.18.0.6 (executor 0) (19/50)
[2026-08-21T04:37:36.382+0000] {spark_submit.py:571} INFO - 26/08/21 04:37:36 INFO BlockManagerInfo: Added rdd_48_14 in memory on 172.18.0.7:34321 (size: 46.0 B, free: 434.2 MiB)
[2026-08-21T04:37:36.392+0000] {spark_submit.py:571} INFO - 26/08/21 04:37:36 INFO BlockManagerInfo: Added rdd_48_25 in memory on 172.18.0.6:41231 (size: 46.0 B, free: 434.2 MiB)
[2026-08-21T04:37:36.399+0000] {spark_submit.py:571} INFO - 26/08/21 04:37:36 INFO TaskSetManager: Starting task 28.0 in stage 16.0 (TID 104) (172.18.0.6, executor 0, partition 28, PROCESS_LOCAL, 7619 bytes)
[2026-08-21T04:37:36.400+0000] {spark_submit.py:571} INFO - 26/08/21 04:37:36 INFO TaskSetManager: Finished task 25.0 in stage 16.0 (TID 103) in 35 ms on 172.18.0.6 (executor 0) (20/50)
[2026-08-21T04:37:36.413+0000] {spark_submit.py:571} INFO - 26/08/21 04:37:36 INFO TaskSetManager: Starting task 19.0 in stage 16.0 (TID 105) (172.18.0.7, executor 1, partition 19, PROCESS_LOCAL, 7619 bytes)
[2026-08-21T04:37:36.417+0000] {spark_submit.py:571} INFO - 26/08/21 04:37:36 INFO TaskSetManager: Finished task 14.0 in stage 16.0 (TID 100) in 132 ms on 172.18.0.7 (executor 1) (21/50)
[2026-08-21T04:37:36.427+0000] {spark_submit.py:571} INFO - 26/08/21 04:37:36 INFO BlockManagerInfo: Added rdd_48_28 in memory on 172.18.0.6:41231 (size: 46.0 B, free: 434.2 MiB)
[2026-08-21T04:37:36.433+0000] {spark_submit.py:571} INFO - 26/08/21 04:37:36 INFO BlockManagerInfo: Added rdd_48_24 in memory on 172.18.0.6:41231 (size: 864.0 B, free: 434.2 MiB)
[2026-08-21T04:37:36.442+0000] {spark_submit.py:571} INFO - 26/08/21 04:37:36 INFO TaskSetManager: Starting task 29.0 in stage 16.0 (TID 106) (172.18.0.6, executor 0, partition 29, PROCESS_LOCAL, 7619 bytes)
[2026-08-21T04:37:36.443+0000] {spark_submit.py:571} INFO - 26/08/21 04:37:36 INFO TaskSetManager: Finished task 28.0 in stage 16.0 (TID 104) in 42 ms on 172.18.0.6 (executor 0) (22/50)
[2026-08-21T04:37:36.450+0000] {spark_submit.py:571} INFO - 26/08/21 04:37:36 INFO TaskSetManager: Starting task 30.0 in stage 16.0 (TID 107) (172.18.0.6, executor 0, partition 30, PROCESS_LOCAL, 7619 bytes)
[2026-08-21T04:37:36.450+0000] {spark_submit.py:571} INFO - 26/08/21 04:37:36 INFO TaskSetManager: Finished task 24.0 in stage 16.0 (TID 102) in 92 ms on 172.18.0.6 (executor 0) (23/50)
[2026-08-21T04:37:36.465+0000] {spark_submit.py:571} INFO - 26/08/21 04:37:36 INFO BlockManagerInfo: Added rdd_48_15 in memory on 172.18.0.7:34321 (size: 46.0 B, free: 434.2 MiB)
[2026-08-21T04:37:36.481+0000] {spark_submit.py:571} INFO - 26/08/21 04:37:36 INFO BlockManagerInfo: Added rdd_48_19 in memory on 172.18.0.7:34321 (size: 46.0 B, free: 434.2 MiB)
[2026-08-21T04:37:36.491+0000] {spark_submit.py:571} INFO - 26/08/21 04:37:36 INFO TaskSetManager: Starting task 20.0 in stage 16.0 (TID 108) (172.18.0.7, executor 1, partition 20, PROCESS_LOCAL, 7619 bytes)
[2026-08-21T04:37:36.492+0000] {spark_submit.py:571} INFO - 26/08/21 04:37:36 INFO TaskSetManager: Finished task 15.0 in stage 16.0 (TID 101) in 150 ms on 172.18.0.7 (executor 1) (24/50)
[2026-08-21T04:37:36.497+0000] {spark_submit.py:571} INFO - 26/08/21 04:37:36 INFO TaskSetManager: Starting task 23.0 in stage 16.0 (TID 109) (172.18.0.7, executor 1, partition 23, PROCESS_LOCAL, 7619 bytes)
[2026-08-21T04:37:36.499+0000] {spark_submit.py:571} INFO - 26/08/21 04:37:36 INFO TaskSetManager: Finished task 19.0 in stage 16.0 (TID 105) in 84 ms on 172.18.0.7 (executor 1) (25/50)
[2026-08-21T04:37:36.500+0000] {spark_submit.py:571} INFO - 26/08/21 04:37:36 INFO BlockManagerInfo: Added rdd_48_29 in memory on 172.18.0.6:41231 (size: 46.0 B, free: 434.2 MiB)
[2026-08-21T04:37:36.543+0000] {spark_submit.py:571} INFO - 26/08/21 04:37:36 INFO TaskSetManager: Starting task 32.0 in stage 16.0 (TID 110) (172.18.0.6, executor 0, partition 32, PROCESS_LOCAL, 7619 bytes)
[2026-08-21T04:37:36.548+0000] {spark_submit.py:571} INFO - 26/08/21 04:37:36 INFO BlockManagerInfo: Added rdd_48_30 in memory on 172.18.0.6:41231 (size: 846.0 B, free: 434.2 MiB)
[2026-08-21T04:37:36.552+0000] {spark_submit.py:571} INFO - 26/08/21 04:37:36 INFO TaskSetManager: Finished task 29.0 in stage 16.0 (TID 106) in 114 ms on 172.18.0.6 (executor 0) (26/50)
[2026-08-21T04:37:36.581+0000] {spark_submit.py:571} INFO - 26/08/21 04:37:36 INFO TaskSetManager: Starting task 34.0 in stage 16.0 (TID 111) (172.18.0.6, executor 0, partition 34, PROCESS_LOCAL, 7619 bytes)
[2026-08-21T04:37:36.585+0000] {spark_submit.py:571} INFO - 26/08/21 04:37:36 INFO TaskSetManager: Finished task 30.0 in stage 16.0 (TID 107) in 134 ms on 172.18.0.6 (executor 0) (27/50)
[2026-08-21T04:37:36.629+0000] {spark_submit.py:571} INFO - 26/08/21 04:37:36 INFO BlockManagerInfo: Added rdd_48_20 in memory on 172.18.0.7:34321 (size: 46.0 B, free: 434.2 MiB)
[2026-08-21T04:37:36.633+0000] {spark_submit.py:571} INFO - 26/08/21 04:37:36 INFO BlockManagerInfo: Added rdd_48_32 in memory on 172.18.0.6:41231 (size: 46.0 B, free: 434.2 MiB)
[2026-08-21T04:37:36.655+0000] {spark_submit.py:571} INFO - 26/08/21 04:37:36 INFO TaskSetManager: Starting task 26.0 in stage 16.0 (TID 112) (172.18.0.7, executor 1, partition 26, PROCESS_LOCAL, 7619 bytes)
[2026-08-21T04:37:36.657+0000] {spark_submit.py:571} INFO - 26/08/21 04:37:36 INFO TaskSetManager: Finished task 20.0 in stage 16.0 (TID 108) in 169 ms on 172.18.0.7 (executor 1) (28/50)
[2026-08-21T04:37:36.672+0000] {spark_submit.py:571} INFO - 26/08/21 04:37:36 INFO BlockManagerInfo: Added rdd_48_23 in memory on 172.18.0.7:34321 (size: 863.0 B, free: 434.2 MiB)
[2026-08-21T04:37:36.693+0000] {spark_submit.py:571} INFO - 26/08/21 04:37:36 INFO TaskSetManager: Starting task 37.0 in stage 16.0 (TID 113) (172.18.0.6, executor 0, partition 37, PROCESS_LOCAL, 7619 bytes)
[2026-08-21T04:37:36.699+0000] {spark_submit.py:571} INFO - 26/08/21 04:37:36 INFO TaskSetManager: Finished task 32.0 in stage 16.0 (TID 110) in 151 ms on 172.18.0.6 (executor 0) (29/50)
[2026-08-21T04:37:36.700+0000] {spark_submit.py:571} INFO - 26/08/21 04:37:36 INFO TaskSetManager: Starting task 27.0 in stage 16.0 (TID 114) (172.18.0.7, executor 1, partition 27, PROCESS_LOCAL, 7619 bytes)
[2026-08-21T04:37:36.705+0000] {spark_submit.py:571} INFO - 26/08/21 04:37:36 INFO BlockManagerInfo: Added rdd_48_34 in memory on 172.18.0.6:41231 (size: 46.0 B, free: 434.2 MiB)
[2026-08-21T04:37:36.706+0000] {spark_submit.py:571} INFO - 26/08/21 04:37:36 INFO TaskSetManager: Finished task 23.0 in stage 16.0 (TID 109) in 210 ms on 172.18.0.7 (executor 1) (30/50)
[2026-08-21T04:37:36.739+0000] {spark_submit.py:571} INFO - 26/08/21 04:37:36 INFO BlockManagerInfo: Added rdd_48_26 in memory on 172.18.0.7:34321 (size: 46.0 B, free: 434.2 MiB)
[2026-08-21T04:37:36.769+0000] {spark_submit.py:571} INFO - 26/08/21 04:37:36 INFO BlockManagerInfo: Added rdd_48_37 in memory on 172.18.0.6:41231 (size: 46.0 B, free: 434.2 MiB)
[2026-08-21T04:37:36.772+0000] {spark_submit.py:571} INFO - 26/08/21 04:37:36 INFO TaskSetManager: Starting task 38.0 in stage 16.0 (TID 115) (172.18.0.6, executor 0, partition 38, PROCESS_LOCAL, 7619 bytes)
[2026-08-21T04:37:36.775+0000] {spark_submit.py:571} INFO - 26/08/21 04:37:36 INFO TaskSetManager: Finished task 34.0 in stage 16.0 (TID 111) in 195 ms on 172.18.0.6 (executor 0) (31/50)
[2026-08-21T04:37:36.787+0000] {spark_submit.py:571} INFO - 26/08/21 04:37:36 INFO TaskSetManager: Starting task 31.0 in stage 16.0 (TID 116) (172.18.0.7, executor 1, partition 31, PROCESS_LOCAL, 7619 bytes)
[2026-08-21T04:37:36.789+0000] {spark_submit.py:571} INFO - 26/08/21 04:37:36 INFO TaskSetManager: Finished task 26.0 in stage 16.0 (TID 112) in 132 ms on 172.18.0.7 (executor 1) (32/50)
[2026-08-21T04:37:36.793+0000] {spark_submit.py:571} INFO - 26/08/21 04:37:36 INFO TaskSetManager: Starting task 41.0 in stage 16.0 (TID 117) (172.18.0.6, executor 0, partition 41, PROCESS_LOCAL, 7619 bytes)
[2026-08-21T04:37:36.797+0000] {spark_submit.py:571} INFO - 26/08/21 04:37:36 INFO TaskSetManager: Finished task 37.0 in stage 16.0 (TID 113) in 101 ms on 172.18.0.6 (executor 0) (33/50)
[2026-08-21T04:37:36.823+0000] {spark_submit.py:571} INFO - 26/08/21 04:37:36 INFO BlockManagerInfo: Added rdd_48_27 in memory on 172.18.0.7:34321 (size: 46.0 B, free: 434.2 MiB)
[2026-08-21T04:37:36.828+0000] {spark_submit.py:571} INFO - 26/08/21 04:37:36 INFO BlockManagerInfo: Added rdd_48_38 in memory on 172.18.0.6:41231 (size: 46.0 B, free: 434.2 MiB)
[2026-08-21T04:37:36.843+0000] {spark_submit.py:571} INFO - 26/08/21 04:37:36 INFO TaskSetManager: Starting task 33.0 in stage 16.0 (TID 118) (172.18.0.7, executor 1, partition 33, PROCESS_LOCAL, 7619 bytes)
[2026-08-21T04:37:36.845+0000] {spark_submit.py:571} INFO - 26/08/21 04:37:36 INFO TaskSetManager: Finished task 27.0 in stage 16.0 (TID 114) in 143 ms on 172.18.0.7 (executor 1) (34/50)
[2026-08-21T04:37:36.850+0000] {spark_submit.py:571} INFO - 26/08/21 04:37:36 INFO BlockManagerInfo: Added rdd_48_31 in memory on 172.18.0.7:34321 (size: 46.0 B, free: 434.2 MiB)
[2026-08-21T04:37:36.850+0000] {spark_submit.py:571} INFO - 26/08/21 04:37:36 INFO TaskSetManager: Starting task 43.0 in stage 16.0 (TID 119) (172.18.0.6, executor 0, partition 43, PROCESS_LOCAL, 7619 bytes)
[2026-08-21T04:37:36.851+0000] {spark_submit.py:571} INFO - 26/08/21 04:37:36 INFO BlockManagerInfo: Added rdd_48_41 in memory on 172.18.0.6:41231 (size: 46.0 B, free: 434.2 MiB)
[2026-08-21T04:37:36.851+0000] {spark_submit.py:571} INFO - 26/08/21 04:37:36 INFO TaskSetManager: Finished task 38.0 in stage 16.0 (TID 115) in 75 ms on 172.18.0.6 (executor 0) (35/50)
[2026-08-21T04:37:36.868+0000] {spark_submit.py:571} INFO - 26/08/21 04:37:36 INFO TaskSetManager: Starting task 35.0 in stage 16.0 (TID 120) (172.18.0.7, executor 1, partition 35, PROCESS_LOCAL, 7619 bytes)
[2026-08-21T04:37:36.872+0000] {spark_submit.py:571} INFO - 26/08/21 04:37:36 INFO TaskSetManager: Finished task 31.0 in stage 16.0 (TID 116) in 85 ms on 172.18.0.7 (executor 1) (36/50)
[2026-08-21T04:37:36.888+0000] {spark_submit.py:571} INFO - 26/08/21 04:37:36 INFO TaskSetManager: Starting task 44.0 in stage 16.0 (TID 121) (172.18.0.6, executor 0, partition 44, PROCESS_LOCAL, 7619 bytes)
[2026-08-21T04:37:36.890+0000] {spark_submit.py:571} INFO - 26/08/21 04:37:36 INFO BlockManagerInfo: Added rdd_48_43 in memory on 172.18.0.6:41231 (size: 46.0 B, free: 434.2 MiB)
[2026-08-21T04:37:36.893+0000] {spark_submit.py:571} INFO - 26/08/21 04:37:36 INFO TaskSetManager: Finished task 41.0 in stage 16.0 (TID 117) in 100 ms on 172.18.0.6 (executor 0) (37/50)
[2026-08-21T04:37:36.904+0000] {spark_submit.py:571} INFO - 26/08/21 04:37:36 INFO TaskSetManager: Starting task 47.0 in stage 16.0 (TID 122) (172.18.0.6, executor 0, partition 47, PROCESS_LOCAL, 7619 bytes)
[2026-08-21T04:37:36.906+0000] {spark_submit.py:571} INFO - 26/08/21 04:37:36 INFO TaskSetManager: Finished task 43.0 in stage 16.0 (TID 119) in 61 ms on 172.18.0.6 (executor 0) (38/50)
[2026-08-21T04:37:36.920+0000] {spark_submit.py:571} INFO - 26/08/21 04:37:36 INFO BlockManagerInfo: Added rdd_48_33 in memory on 172.18.0.7:34321 (size: 46.0 B, free: 434.2 MiB)
[2026-08-21T04:37:36.947+0000] {spark_submit.py:571} INFO - 26/08/21 04:37:36 INFO BlockManagerInfo: Added rdd_48_44 in memory on 172.18.0.6:41231 (size: 46.0 B, free: 434.2 MiB)
[2026-08-21T04:37:36.963+0000] {spark_submit.py:571} INFO - 26/08/21 04:37:36 INFO BlockManagerInfo: Added rdd_48_47 in memory on 172.18.0.6:41231 (size: 46.0 B, free: 434.2 MiB)
[2026-08-21T04:37:36.976+0000] {spark_submit.py:571} INFO - 26/08/21 04:37:36 INFO TaskSetManager: Starting task 48.0 in stage 16.0 (TID 123) (172.18.0.6, executor 0, partition 48, PROCESS_LOCAL, 7619 bytes)
[2026-08-21T04:37:36.976+0000] {spark_submit.py:571} INFO - 26/08/21 04:37:36 INFO TaskSetManager: Starting task 36.0 in stage 16.0 (TID 124) (172.18.0.7, executor 1, partition 36, PROCESS_LOCAL, 7619 bytes)
[2026-08-21T04:37:36.980+0000] {spark_submit.py:571} INFO - 26/08/21 04:37:36 INFO TaskSetManager: Finished task 44.0 in stage 16.0 (TID 121) in 93 ms on 172.18.0.6 (executor 0) (39/50)
[2026-08-21T04:37:36.980+0000] {spark_submit.py:571} INFO - 26/08/21 04:37:36 INFO TaskSetManager: Finished task 33.0 in stage 16.0 (TID 118) in 139 ms on 172.18.0.7 (executor 1) (40/50)
[2026-08-21T04:37:36.986+0000] {spark_submit.py:571} INFO - 26/08/21 04:37:36 INFO TaskSetManager: Finished task 47.0 in stage 16.0 (TID 122) in 81 ms on 172.18.0.6 (executor 0) (41/50)
[2026-08-21T04:37:37.011+0000] {spark_submit.py:571} INFO - 26/08/21 04:37:37 INFO BlockManagerInfo: Added rdd_48_35 in memory on 172.18.0.7:34321 (size: 46.0 B, free: 434.2 MiB)
[2026-08-21T04:37:37.020+0000] {spark_submit.py:571} INFO - 26/08/21 04:37:37 INFO BlockManagerInfo: Added rdd_48_48 in memory on 172.18.0.6:41231 (size: 46.0 B, free: 434.2 MiB)
[2026-08-21T04:37:37.028+0000] {spark_submit.py:571} INFO - 26/08/21 04:37:37 INFO TaskSetManager: Finished task 48.0 in stage 16.0 (TID 123) in 56 ms on 172.18.0.6 (executor 0) (42/50)
[2026-08-21T04:37:37.031+0000] {spark_submit.py:571} INFO - 26/08/21 04:37:37 INFO TaskSetManager: Starting task 39.0 in stage 16.0 (TID 125) (172.18.0.7, executor 1, partition 39, PROCESS_LOCAL, 7619 bytes)
[2026-08-21T04:37:37.035+0000] {spark_submit.py:571} INFO - 26/08/21 04:37:37 INFO TaskSetManager: Finished task 35.0 in stage 16.0 (TID 120) in 167 ms on 172.18.0.7 (executor 1) (43/50)
[2026-08-21T04:37:37.053+0000] {spark_submit.py:571} INFO - 26/08/21 04:37:37 INFO BlockManagerInfo: Added rdd_48_36 in memory on 172.18.0.7:34321 (size: 46.0 B, free: 434.2 MiB)
[2026-08-21T04:37:37.060+0000] {spark_submit.py:571} INFO - 26/08/21 04:37:37 INFO TaskSetManager: Starting task 40.0 in stage 16.0 (TID 126) (172.18.0.7, executor 1, partition 40, PROCESS_LOCAL, 7619 bytes)
[2026-08-21T04:37:37.062+0000] {spark_submit.py:571} INFO - 26/08/21 04:37:37 INFO TaskSetManager: Finished task 36.0 in stage 16.0 (TID 124) in 86 ms on 172.18.0.7 (executor 1) (44/50)
[2026-08-21T04:37:37.160+0000] {spark_submit.py:571} INFO - 26/08/21 04:37:37 INFO BlockManagerInfo: Added rdd_48_39 in memory on 172.18.0.7:34321 (size: 46.0 B, free: 434.2 MiB)
[2026-08-21T04:37:37.197+0000] {spark_submit.py:571} INFO - 26/08/21 04:37:37 INFO TaskSetManager: Starting task 42.0 in stage 16.0 (TID 127) (172.18.0.7, executor 1, partition 42, PROCESS_LOCAL, 7619 bytes)
[2026-08-21T04:37:37.199+0000] {spark_submit.py:571} INFO - 26/08/21 04:37:37 INFO TaskSetManager: Finished task 39.0 in stage 16.0 (TID 125) in 164 ms on 172.18.0.7 (executor 1) (45/50)
[2026-08-21T04:37:37.227+0000] {spark_submit.py:571} INFO - 26/08/21 04:37:37 INFO BlockManagerInfo: Added rdd_48_40 in memory on 172.18.0.7:34321 (size: 46.0 B, free: 434.2 MiB)
[2026-08-21T04:37:37.240+0000] {spark_submit.py:571} INFO - 26/08/21 04:37:37 INFO TaskSetManager: Starting task 45.0 in stage 16.0 (TID 128) (172.18.0.7, executor 1, partition 45, PROCESS_LOCAL, 7619 bytes)
[2026-08-21T04:37:37.242+0000] {spark_submit.py:571} INFO - 26/08/21 04:37:37 INFO BlockManagerInfo: Added rdd_48_42 in memory on 172.18.0.7:34321 (size: 46.0 B, free: 434.2 MiB)
[2026-08-21T04:37:37.242+0000] {spark_submit.py:571} INFO - 26/08/21 04:37:37 INFO TaskSetManager: Finished task 40.0 in stage 16.0 (TID 126) in 179 ms on 172.18.0.7 (executor 1) (46/50)
[2026-08-21T04:37:37.254+0000] {spark_submit.py:571} INFO - 26/08/21 04:37:37 INFO TaskSetManager: Starting task 46.0 in stage 16.0 (TID 129) (172.18.0.7, executor 1, partition 46, PROCESS_LOCAL, 7619 bytes)
[2026-08-21T04:37:37.254+0000] {spark_submit.py:571} INFO - 26/08/21 04:37:37 INFO TaskSetManager: Finished task 42.0 in stage 16.0 (TID 127) in 60 ms on 172.18.0.7 (executor 1) (47/50)
[2026-08-21T04:37:37.271+0000] {spark_submit.py:571} INFO - 26/08/21 04:37:37 INFO BlockManagerInfo: Added rdd_48_45 in memory on 172.18.0.7:34321 (size: 46.0 B, free: 434.2 MiB)
[2026-08-21T04:37:37.279+0000] {spark_submit.py:571} INFO - 26/08/21 04:37:37 INFO TaskSetManager: Starting task 49.0 in stage 16.0 (TID 130) (172.18.0.7, executor 1, partition 49, PROCESS_LOCAL, 7619 bytes)
[2026-08-21T04:37:37.282+0000] {spark_submit.py:571} INFO - 26/08/21 04:37:37 INFO TaskSetManager: Finished task 45.0 in stage 16.0 (TID 128) in 41 ms on 172.18.0.7 (executor 1) (48/50)
[2026-08-21T04:37:37.293+0000] {spark_submit.py:571} INFO - 26/08/21 04:37:37 INFO BlockManagerInfo: Added rdd_48_46 in memory on 172.18.0.7:34321 (size: 46.0 B, free: 434.2 MiB)
[2026-08-21T04:37:37.301+0000] {spark_submit.py:571} INFO - 26/08/21 04:37:37 INFO TaskSetManager: Finished task 46.0 in stage 16.0 (TID 129) in 50 ms on 172.18.0.7 (executor 1) (49/50)
[2026-08-21T04:37:37.306+0000] {spark_submit.py:571} INFO - 26/08/21 04:37:37 INFO BlockManagerInfo: Added rdd_48_49 in memory on 172.18.0.7:34321 (size: 46.0 B, free: 434.2 MiB)
[2026-08-21T04:37:37.313+0000] {spark_submit.py:571} INFO - 26/08/21 04:37:37 INFO TaskSetManager: Finished task 49.0 in stage 16.0 (TID 130) in 35 ms on 172.18.0.7 (executor 1) (50/50)
[2026-08-21T04:37:37.315+0000] {spark_submit.py:571} INFO - 26/08/21 04:37:37 INFO TaskSchedulerImpl: Removed TaskSet 16.0, whose tasks have all completed, from pool
[2026-08-21T04:37:37.315+0000] {spark_submit.py:571} INFO - 26/08/21 04:37:37 INFO DAGScheduler: ResultStage 16 ($anonfun$recordDeltaOperationInternal$1 at DatabricksLogging.scala:128) finished in 1.856 s
[2026-08-21T04:37:37.316+0000] {spark_submit.py:571} INFO - 26/08/21 04:37:37 INFO DAGScheduler: Job 10 is finished. Cancelling potential speculative or zombie tasks for this job
[2026-08-21T04:37:37.317+0000] {spark_submit.py:571} INFO - 26/08/21 04:37:37 INFO TaskSchedulerImpl: Killing all running tasks in stage 16: Stage finished
[2026-08-21T04:37:37.317+0000] {spark_submit.py:571} INFO - 26/08/21 04:37:37 INFO DAGScheduler: Job 10 finished: $anonfun$recordDeltaOperationInternal$1 at DatabricksLogging.scala:128, took 1.864874 s
[2026-08-21T04:37:37.559+0000] {spark_submit.py:571} INFO - 26/08/21 04:37:37 INFO FileSourceStrategy: Pushed Filters: IsNotNull(date_hour)
[2026-08-21T04:37:37.560+0000] {spark_submit.py:571} INFO - 26/08/21 04:37:37 INFO FileSourceStrategy: Post-Scan Filters: isnotnull(date_hour#19),(regexp_replace(date_hour#19, ", , 1) = 2025-06-01-03)
[2026-08-21T04:37:37.602+0000] {spark_submit.py:571} INFO - 26/08/21 04:37:37 INFO ParquetUtils: Using default output committer for Parquet: org.apache.parquet.hadoop.ParquetOutputCommitter
[2026-08-21T04:37:37.676+0000] {spark_submit.py:571} INFO - 26/08/21 04:37:37 INFO CodeGenerator: Code generated in 29.316137 ms
[2026-08-21T04:37:37.680+0000] {spark_submit.py:571} INFO - 26/08/21 04:37:37 INFO MemoryStore: Block broadcast_18 stored as values in memory (estimated size 201.7 KiB, free 432.9 MiB)
[2026-08-21T04:37:37.696+0000] {spark_submit.py:571} INFO - 26/08/21 04:37:37 INFO MemoryStore: Block broadcast_18_piece0 stored as bytes in memory (estimated size 34.8 KiB, free 432.8 MiB)
[2026-08-21T04:37:37.696+0000] {spark_submit.py:571} INFO - 26/08/21 04:37:37 INFO BlockManagerInfo: Added broadcast_18_piece0 in memory on c90a551abb73:33629 (size: 34.8 KiB, free: 434.1 MiB)
[2026-08-21T04:37:37.698+0000] {spark_submit.py:571} INFO - 26/08/21 04:37:37 INFO SparkContext: Created broadcast 18 from save at NativeMethodAccessorImpl.java:0
[2026-08-21T04:37:37.700+0000] {spark_submit.py:571} INFO - 26/08/21 04:37:37 INFO FileSourceScanExec: Planning scan with bin packing, max size: 134217728 bytes, open cost is considered as scanning 4194304 bytes.
[2026-08-21T04:37:37.744+0000] {spark_submit.py:571} INFO - 26/08/21 04:37:37 INFO SparkContext: Starting job: save at NativeMethodAccessorImpl.java:0
[2026-08-21T04:37:37.745+0000] {spark_submit.py:571} INFO - 26/08/21 04:37:37 INFO DAGScheduler: Got job 11 (save at NativeMethodAccessorImpl.java:0) with 7 output partitions
[2026-08-21T04:37:37.746+0000] {spark_submit.py:571} INFO - 26/08/21 04:37:37 INFO DAGScheduler: Final stage: ResultStage 17 (save at NativeMethodAccessorImpl.java:0)
[2026-08-21T04:37:37.749+0000] {spark_submit.py:571} INFO - 26/08/21 04:37:37 INFO DAGScheduler: Parents of final stage: List()
[2026-08-21T04:37:37.749+0000] {spark_submit.py:571} INFO - 26/08/21 04:37:37 INFO DAGScheduler: Missing parents: List()
[2026-08-21T04:37:37.754+0000] {spark_submit.py:571} INFO - 26/08/21 04:37:37 INFO DAGScheduler: Submitting ResultStage 17 (MapPartitionsRDD[57] at save at NativeMethodAccessorImpl.java:0), which has no missing parents
[2026-08-21T04:37:37.783+0000] {spark_submit.py:571} INFO - 26/08/21 04:37:37 INFO MemoryStore: Block broadcast_19 stored as values in memory (estimated size 375.5 KiB, free 432.5 MiB)
[2026-08-21T04:37:37.785+0000] {spark_submit.py:571} INFO - 26/08/21 04:37:37 INFO MemoryStore: Block broadcast_19_piece0 stored as bytes in memory (estimated size 135.2 KiB, free 432.3 MiB)
[2026-08-21T04:37:37.785+0000] {spark_submit.py:571} INFO - 26/08/21 04:37:37 INFO BlockManagerInfo: Added broadcast_19_piece0 in memory on c90a551abb73:33629 (size: 135.2 KiB, free: 434.0 MiB)
[2026-08-21T04:37:37.786+0000] {spark_submit.py:571} INFO - 26/08/21 04:37:37 INFO SparkContext: Created broadcast 19 from broadcast at DAGScheduler.scala:1585
[2026-08-21T04:37:37.786+0000] {spark_submit.py:571} INFO - 26/08/21 04:37:37 INFO DAGScheduler: Submitting 7 missing tasks from ResultStage 17 (MapPartitionsRDD[57] at save at NativeMethodAccessorImpl.java:0) (first 15 tasks are for partitions Vector(0, 1, 2, 3, 4, 5, 6))
[2026-08-21T04:37:37.787+0000] {spark_submit.py:571} INFO - 26/08/21 04:37:37 INFO TaskSchedulerImpl: Adding task set 17.0 with 7 tasks resource profile 0
[2026-08-21T04:37:37.787+0000] {spark_submit.py:571} INFO - 26/08/21 04:37:37 INFO TaskSetManager: Starting task 0.0 in stage 17.0 (TID 131) (172.18.0.6, executor 0, partition 0, PROCESS_LOCAL, 8210 bytes)
[2026-08-21T04:37:37.788+0000] {spark_submit.py:571} INFO - 26/08/21 04:37:37 INFO TaskSetManager: Starting task 1.0 in stage 17.0 (TID 132) (172.18.0.7, executor 1, partition 1, PROCESS_LOCAL, 8210 bytes)
[2026-08-21T04:37:37.789+0000] {spark_submit.py:571} INFO - 26/08/21 04:37:37 INFO TaskSetManager: Starting task 2.0 in stage 17.0 (TID 133) (172.18.0.6, executor 0, partition 2, PROCESS_LOCAL, 8210 bytes)
[2026-08-21T04:37:37.790+0000] {spark_submit.py:571} INFO - 26/08/21 04:37:37 INFO TaskSetManager: Starting task 3.0 in stage 17.0 (TID 134) (172.18.0.7, executor 1, partition 3, PROCESS_LOCAL, 8210 bytes)
[2026-08-21T04:37:37.804+0000] {spark_submit.py:571} INFO - 26/08/21 04:37:37 INFO BlockManagerInfo: Added broadcast_19_piece0 in memory on 172.18.0.7:34321 (size: 135.2 KiB, free: 434.1 MiB)
[2026-08-21T04:37:37.810+0000] {spark_submit.py:571} INFO - 26/08/21 04:37:37 INFO BlockManagerInfo: Added broadcast_19_piece0 in memory on 172.18.0.6:41231 (size: 135.2 KiB, free: 434.1 MiB)
[2026-08-21T04:37:38.123+0000] {spark_submit.py:571} INFO - 26/08/21 04:37:38 INFO BlockManagerInfo: Added broadcast_18_piece0 in memory on 172.18.0.7:34321 (size: 34.8 KiB, free: 434.0 MiB)
[2026-08-21T04:37:38.129+0000] {spark_submit.py:571} INFO - 26/08/21 04:37:38 INFO BlockManagerInfo: Added broadcast_18_piece0 in memory on 172.18.0.6:41231 (size: 34.8 KiB, free: 434.0 MiB)
[2026-08-21T04:37:43.280+0000] {spark_submit.py:571} INFO - 26/08/21 04:37:43 INFO TaskSetManager: Starting task 4.0 in stage 17.0 (TID 135) (172.18.0.7, executor 1, partition 4, PROCESS_LOCAL, 8210 bytes)
[2026-08-21T04:37:43.283+0000] {spark_submit.py:571} INFO - 26/08/21 04:37:43 INFO TaskSetManager: Starting task 5.0 in stage 17.0 (TID 136) (172.18.0.7, executor 1, partition 5, PROCESS_LOCAL, 8210 bytes)
[2026-08-21T04:37:43.289+0000] {spark_submit.py:571} INFO - 26/08/21 04:37:43 INFO TaskSetManager: Finished task 3.0 in stage 17.0 (TID 134) in 5500 ms on 172.18.0.7 (executor 1) (1/7)
[2026-08-21T04:37:43.296+0000] {spark_submit.py:571} INFO - 26/08/21 04:37:43 INFO TaskSetManager: Finished task 1.0 in stage 17.0 (TID 132) in 5507 ms on 172.18.0.7 (executor 1) (2/7)
[2026-08-21T04:37:43.792+0000] {spark_submit.py:571} INFO - 26/08/21 04:37:43 INFO TaskSetManager: Starting task 6.0 in stage 17.0 (TID 137) (172.18.0.6, executor 0, partition 6, PROCESS_LOCAL, 8210 bytes)
[2026-08-21T04:37:43.794+0000] {spark_submit.py:571} INFO - 26/08/21 04:37:43 INFO TaskSetManager: Finished task 0.0 in stage 17.0 (TID 131) in 6006 ms on 172.18.0.6 (executor 0) (3/7)
[2026-08-21T04:37:45.383+0000] {spark_submit.py:571} INFO - 26/08/21 04:37:45 INFO TaskSetManager: Finished task 2.0 in stage 17.0 (TID 133) in 7595 ms on 172.18.0.6 (executor 0) (4/7)
[2026-08-21T04:37:46.898+0000] {spark_submit.py:571} INFO - 26/08/21 04:37:46 INFO TaskSetManager: Finished task 4.0 in stage 17.0 (TID 135) in 3617 ms on 172.18.0.7 (executor 1) (5/7)
[2026-08-21T04:37:47.540+0000] {spark_submit.py:571} INFO - 26/08/21 04:37:47 INFO TaskSetManager: Finished task 6.0 in stage 17.0 (TID 137) in 3750 ms on 172.18.0.6 (executor 0) (6/7)
[2026-08-21T04:37:48.139+0000] {spark_submit.py:571} INFO - 26/08/21 04:37:48 INFO TaskSetManager: Finished task 5.0 in stage 17.0 (TID 136) in 4859 ms on 172.18.0.7 (executor 1) (7/7)
[2026-08-21T04:37:48.140+0000] {spark_submit.py:571} INFO - 26/08/21 04:37:48 INFO TaskSchedulerImpl: Removed TaskSet 17.0, whose tasks have all completed, from pool
[2026-08-21T04:37:48.141+0000] {spark_submit.py:571} INFO - 26/08/21 04:37:48 INFO DAGScheduler: ResultStage 17 (save at NativeMethodAccessorImpl.java:0) finished in 10.387 s
[2026-08-21T04:37:48.141+0000] {spark_submit.py:571} INFO - 26/08/21 04:37:48 INFO DAGScheduler: Job 11 is finished. Cancelling potential speculative or zombie tasks for this job
[2026-08-21T04:37:48.142+0000] {spark_submit.py:571} INFO - 26/08/21 04:37:48 INFO TaskSchedulerImpl: Killing all running tasks in stage 17: Stage finished
[2026-08-21T04:37:48.142+0000] {spark_submit.py:571} INFO - 26/08/21 04:37:48 INFO DAGScheduler: Job 11 finished: save at NativeMethodAccessorImpl.java:0, took 10.396752 s
[2026-08-21T04:37:48.143+0000] {spark_submit.py:571} INFO - 26/08/21 04:37:48 INFO DeltaFileFormatWriter: Start to commit write Job 64bf1041-c02a-465b-a268-302c98c284a4.
[2026-08-21T04:37:48.146+0000] {spark_submit.py:571} INFO - 26/08/21 04:37:48 INFO DeltaFileFormatWriter: Write Job 64bf1041-c02a-465b-a268-302c98c284a4 committed. Elapsed time: 0 ms.
[2026-08-21T04:37:48.148+0000] {spark_submit.py:571} INFO - 26/08/21 04:37:48 INFO DeltaFileFormatWriter: Finished processing stats for write job 64bf1041-c02a-465b-a268-302c98c284a4.
[2026-08-21T04:37:48.194+0000] {spark_submit.py:571} INFO - 26/08/21 04:37:48 INFO OptimisticTransaction: [tableId=553802dd,txnId=3be33657] Attempting to commit version 3 with 4 actions with Serializable isolation level
[2026-08-21T04:37:48.413+0000] {spark_submit.py:571} INFO - 26/08/21 04:37:48 INFO DeltaLog: Creating a new snapshot v3 for commit version 3
[2026-08-21T04:37:48.414+0000] {spark_submit.py:571} INFO - 26/08/21 04:37:48 INFO DeltaLog: Loading version 3.
[2026-08-21T04:37:48.417+0000] {spark_submit.py:571} INFO - 26/08/21 04:37:48 INFO DeltaLogFileIndex: Created DeltaLogFileIndex(JSON, numFilesInSegment: 4, totalFileSize: 19498)
[2026-08-21T04:37:48.452+0000] {spark_submit.py:571} INFO - 26/08/21 04:37:48 INFO DataSourceStrategy: Pruning directories with:
[2026-08-21T04:37:48.452+0000] {spark_submit.py:571} INFO - 26/08/21 04:37:48 INFO FileSourceStrategy: Pushed Filters:
[2026-08-21T04:37:48.453+0000] {spark_submit.py:571} INFO - 26/08/21 04:37:48 INFO FileSourceStrategy: Post-Scan Filters: ((isnotnull(protocol#1336.minReaderVersion) OR isnotnull(metaData#1335.id)) OR (isnotnull(commitInfo#1337.inCommitTimestamp) AND (version#1338L = 3)))
[2026-08-21T04:37:48.506+0000] {spark_submit.py:571} INFO - 26/08/21 04:37:48 INFO CodeGenerator: Code generated in 34.842368 ms
[2026-08-21T04:37:48.509+0000] {spark_submit.py:571} INFO - 26/08/21 04:37:48 INFO MemoryStore: Block broadcast_20 stored as values in memory (estimated size 201.8 KiB, free 432.1 MiB)
[2026-08-21T04:37:48.519+0000] {spark_submit.py:571} INFO - 26/08/21 04:37:48 INFO MemoryStore: Block broadcast_20_piece0 stored as bytes in memory (estimated size 35.0 KiB, free 432.1 MiB)
[2026-08-21T04:37:48.522+0000] {spark_submit.py:571} INFO - 26/08/21 04:37:48 INFO BlockManagerInfo: Added broadcast_20_piece0 in memory on c90a551abb73:33629 (size: 35.0 KiB, free: 434.0 MiB)
[2026-08-21T04:37:48.522+0000] {spark_submit.py:571} INFO - 26/08/21 04:37:48 INFO SparkContext: Created broadcast 20 from $anonfun$recordDeltaOperationInternal$1 at DatabricksLogging.scala:128
[2026-08-21T04:37:48.523+0000] {spark_submit.py:571} INFO - 26/08/21 04:37:48 INFO FileSourceScanExec: Planning scan with bin packing, max size: 4199178 bytes, open cost is considered as scanning 4194304 bytes.
[2026-08-21T04:37:48.535+0000] {spark_submit.py:571} INFO - 26/08/21 04:37:48 INFO SparkContext: Starting job: $anonfun$recordDeltaOperationInternal$1 at DatabricksLogging.scala:128
[2026-08-21T04:37:48.536+0000] {spark_submit.py:571} INFO - 26/08/21 04:37:48 INFO DAGScheduler: Got job 12 ($anonfun$recordDeltaOperationInternal$1 at DatabricksLogging.scala:128) with 4 output partitions
[2026-08-21T04:37:48.537+0000] {spark_submit.py:571} INFO - 26/08/21 04:37:48 INFO DAGScheduler: Final stage: ResultStage 18 ($anonfun$recordDeltaOperationInternal$1 at DatabricksLogging.scala:128)
[2026-08-21T04:37:48.537+0000] {spark_submit.py:571} INFO - 26/08/21 04:37:48 INFO DAGScheduler: Parents of final stage: List()
[2026-08-21T04:37:48.538+0000] {spark_submit.py:571} INFO - 26/08/21 04:37:48 INFO DAGScheduler: Missing parents: List()
[2026-08-21T04:37:48.539+0000] {spark_submit.py:571} INFO - 26/08/21 04:37:48 INFO DAGScheduler: Submitting ResultStage 18 (MapPartitionsRDD[61] at $anonfun$recordDeltaOperationInternal$1 at DatabricksLogging.scala:128), which has no missing parents
[2026-08-21T04:37:48.539+0000] {spark_submit.py:571} INFO - 26/08/21 04:37:48 INFO MemoryStore: Block broadcast_21 stored as values in memory (estimated size 55.2 KiB, free 432.0 MiB)
[2026-08-21T04:37:48.540+0000] {spark_submit.py:571} INFO - 26/08/21 04:37:48 INFO MemoryStore: Block broadcast_21_piece0 stored as bytes in memory (estimated size 17.2 KiB, free 432.0 MiB)
[2026-08-21T04:37:48.541+0000] {spark_submit.py:571} INFO - 26/08/21 04:37:48 INFO BlockManagerInfo: Added broadcast_21_piece0 in memory on c90a551abb73:33629 (size: 17.2 KiB, free: 434.0 MiB)
[2026-08-21T04:37:48.541+0000] {spark_submit.py:571} INFO - 26/08/21 04:37:48 INFO SparkContext: Created broadcast 21 from broadcast at DAGScheduler.scala:1585
[2026-08-21T04:37:48.542+0000] {spark_submit.py:571} INFO - 26/08/21 04:37:48 INFO DAGScheduler: Submitting 4 missing tasks from ResultStage 18 (MapPartitionsRDD[61] at $anonfun$recordDeltaOperationInternal$1 at DatabricksLogging.scala:128) (first 15 tasks are for partitions Vector(0, 1, 2, 3))
[2026-08-21T04:37:48.542+0000] {spark_submit.py:571} INFO - 26/08/21 04:37:48 INFO TaskSchedulerImpl: Adding task set 18.0 with 4 tasks resource profile 0
[2026-08-21T04:37:48.543+0000] {spark_submit.py:571} INFO - 26/08/21 04:37:48 INFO TaskSetManager: Starting task 0.0 in stage 18.0 (TID 138) (172.18.0.6, executor 0, partition 0, PROCESS_LOCAL, 8295 bytes)
[2026-08-21T04:37:48.543+0000] {spark_submit.py:571} INFO - 26/08/21 04:37:48 INFO TaskSetManager: Starting task 1.0 in stage 18.0 (TID 139) (172.18.0.7, executor 1, partition 1, PROCESS_LOCAL, 8295 bytes)
[2026-08-21T04:37:48.549+0000] {spark_submit.py:571} INFO - 26/08/21 04:37:48 INFO TaskSetManager: Starting task 2.0 in stage 18.0 (TID 140) (172.18.0.6, executor 0, partition 2, PROCESS_LOCAL, 8295 bytes)
[2026-08-21T04:37:48.550+0000] {spark_submit.py:571} INFO - 26/08/21 04:37:48 INFO TaskSetManager: Starting task 3.0 in stage 18.0 (TID 141) (172.18.0.7, executor 1, partition 3, PROCESS_LOCAL, 8295 bytes)
[2026-08-21T04:37:48.566+0000] {spark_submit.py:571} INFO - 26/08/21 04:37:48 INFO BlockManagerInfo: Added broadcast_21_piece0 in memory on 172.18.0.6:41231 (size: 17.2 KiB, free: 434.0 MiB)
[2026-08-21T04:37:48.568+0000] {spark_submit.py:571} INFO - 26/08/21 04:37:48 INFO BlockManagerInfo: Added broadcast_21_piece0 in memory on 172.18.0.7:34321 (size: 17.2 KiB, free: 434.0 MiB)
[2026-08-21T04:37:48.643+0000] {spark_submit.py:571} INFO - 26/08/21 04:37:48 INFO BlockManagerInfo: Added broadcast_20_piece0 in memory on 172.18.0.6:41231 (size: 35.0 KiB, free: 434.0 MiB)
[2026-08-21T04:37:48.667+0000] {spark_submit.py:571} INFO - 26/08/21 04:37:48 INFO BlockManagerInfo: Added broadcast_20_piece0 in memory on 172.18.0.7:34321 (size: 35.0 KiB, free: 434.0 MiB)
[2026-08-21T04:37:48.714+0000] {spark_submit.py:571} INFO - 26/08/21 04:37:48 INFO TaskSetManager: Finished task 2.0 in stage 18.0 (TID 140) in 169 ms on 172.18.0.6 (executor 0) (1/4)
[2026-08-21T04:37:48.715+0000] {spark_submit.py:571} INFO - 26/08/21 04:37:48 INFO TaskSetManager: Finished task 0.0 in stage 18.0 (TID 138) in 171 ms on 172.18.0.6 (executor 0) (2/4)
[2026-08-21T04:37:48.720+0000] {spark_submit.py:571} INFO - 26/08/21 04:37:48 INFO TaskSetManager: Finished task 3.0 in stage 18.0 (TID 141) in 178 ms on 172.18.0.7 (executor 1) (3/4)
[2026-08-21T04:37:48.724+0000] {spark_submit.py:571} INFO - 26/08/21 04:37:48 INFO TaskSetManager: Finished task 1.0 in stage 18.0 (TID 139) in 181 ms on 172.18.0.7 (executor 1) (4/4)
[2026-08-21T04:37:48.724+0000] {spark_submit.py:571} INFO - 26/08/21 04:37:48 INFO TaskSchedulerImpl: Removed TaskSet 18.0, whose tasks have all completed, from pool
[2026-08-21T04:37:48.724+0000] {spark_submit.py:571} INFO - 26/08/21 04:37:48 INFO DAGScheduler: ResultStage 18 ($anonfun$recordDeltaOperationInternal$1 at DatabricksLogging.scala:128) finished in 0.187 s
[2026-08-21T04:37:48.727+0000] {spark_submit.py:571} INFO - 26/08/21 04:37:48 INFO DAGScheduler: Job 12 is finished. Cancelling potential speculative or zombie tasks for this job
[2026-08-21T04:37:48.728+0000] {spark_submit.py:571} INFO - 26/08/21 04:37:48 INFO TaskSchedulerImpl: Killing all running tasks in stage 18: Stage finished
[2026-08-21T04:37:48.728+0000] {spark_submit.py:571} INFO - 26/08/21 04:37:48 INFO DAGScheduler: Job 12 finished: $anonfun$recordDeltaOperationInternal$1 at DatabricksLogging.scala:128, took 0.189837 s
[2026-08-21T04:37:48.736+0000] {spark_submit.py:571} INFO - 26/08/21 04:37:48 INFO Snapshot: [tableId=553802dd-42b6-4cf1-8af2-e0916230ea16] Created snapshot Snapshot(path=s3a://bronze/cell_kpi_raw/_delta_log, version=3, metadata=Metadata(553802dd-42b6-4cf1-8af2-e0916230ea16,null,null,Format(parquet,Map()),{"type":"struct","fields":[{"name":"enb_name","type":"string","nullable":true,"metadata":{}},{"name":"cell_name","type":"string","nullable":true,"metadata":{}},{"name":"date_hour","type":"string","nullable":true,"metadata":{}},{"name":"dl_traffic_gb","type":"double","nullable":true,"metadata":{}},{"name":"ul_traffic_gb","type":"double","nullable":true,"metadata":{}},{"name":"total_traffic_gb","type":"double","nullable":true,"metadata":{}},{"name":"max_rrc_connected_user","type":"integer","nullable":true,"metadata":{}},{"name":"ul_prb","type":"double","nullable":true,"metadata":{}},{"name":"ul_prb_used","type":"double","nullable":true,"metadata":{}},{"name":"ul_prb_available_total","type":"double","nullable":true,"metadata":{}},{"name":"dl_prb","type":"double","nullable":true,"metadata":{}},{"name":"dl_prb_used","type":"double","nullable":true,"metadata":{}},{"name":"dl_prb_available_total","type":"double","nullable":true,"metadata":{}},{"name":"sector","type":"string","nullable":true,"metadata":{}},{"name":"azimuth","type":"integer","nullable":true,"metadata":{}},{"name":"cell_type","type":"string","nullable":true,"metadata":{}},{"name":"x","type":"double","nullable":true,"metadata":{}},{"name":"y","type":"double","nullable":true,"metadata":{}},{"name":"date","type":"string","nullable":true,"metadata":{}},{"name":"hour","type":"string","nullable":true,"metadata":{}}]},List(date, hour),Map(),Some(1787286784873)), logSegment=LogSegment(s3a://bronze/cell_kpi_raw/_delta_log,3,ArrayBuffer(S3AFileStatus{path=s3a://bronze/cell_kpi_raw/_delta_log/00000000000000000000.json; isDirectory=false; length=5821; replication=1; blocksize=33554432; modification_time=1787286797585; access_time=0; owner=***; group=***; permission=rw-rw-rw-; isSymlink=false; hasAcl=false; isEncrypted=true; isErasureCoded=false} isEmptyDirectory=FALSE eTag=75575b1ec5f43e5c51e4644a250c1bf4 versionId=null, S3AFileStatus{path=s3a://bronze/cell_kpi_raw/_delta_log/00000000000000000001.json; isDirectory=false; length=3978; replication=1; blocksize=33554432; modification_time=1787286860216; access_time=0; owner=***; group=***; permission=rw-rw-rw-; isSymlink=false; hasAcl=false; isEncrypted=true; isErasureCoded=false} isEmptyDirectory=FALSE eTag=4b99acafbc48768b6984bd481eec7d46 versionId=null, S3AFileStatus{path=s3a://bronze/cell_kpi_raw/_delta_log/00000000000000000002.json; isDirectory=false; length=3999; replication=1; blocksize=33554432; modification_time=1787287010567; access_time=0; owner=***; group=***; permission=rw-rw-rw-; isSymlink=false; hasAcl=false; isEncrypted=true; isErasureCoded=false} isEmptyDirectory=FALSE eTag=1a829cab521ed7ab7cccdbd0b4b89ada versionId=null, S3AFileStatus{path=s3a://bronze/cell_kpi_raw/_delta_log/00000000000000000003.json; isDirectory=false; length=5700; replication=1; blocksize=33554432; modification_time=1787287068000; access_time=0; owner=***; group=***; permission=rw-rw-rw-; isSymlink=false; hasAcl=false; isEncrypted=true; isErasureCoded=false} isEmptyDirectory=FALSE eTag=797bebf4046eb630ebe0c33ef1210458 versionId=null),org.apache.spark.sql.delta.EmptyCheckpointProvider$@cb164d1,1787287068000), checksumOpt=None)
[2026-08-21T04:37:48.739+0000] {spark_submit.py:571} INFO - 26/08/21 04:37:48 INFO DeltaLog: Updated snapshot to Snapshot(path=s3a://bronze/cell_kpi_raw/_delta_log, version=3, metadata=Metadata(553802dd-42b6-4cf1-8af2-e0916230ea16,null,null,Format(parquet,Map()),{"type":"struct","fields":[{"name":"enb_name","type":"string","nullable":true,"metadata":{}},{"name":"cell_name","type":"string","nullable":true,"metadata":{}},{"name":"date_hour","type":"string","nullable":true,"metadata":{}},{"name":"dl_traffic_gb","type":"double","nullable":true,"metadata":{}},{"name":"ul_traffic_gb","type":"double","nullable":true,"metadata":{}},{"name":"total_traffic_gb","type":"double","nullable":true,"metadata":{}},{"name":"max_rrc_connected_user","type":"integer","nullable":true,"metadata":{}},{"name":"ul_prb","type":"double","nullable":true,"metadata":{}},{"name":"ul_prb_used","type":"double","nullable":true,"metadata":{}},{"name":"ul_prb_available_total","type":"double","nullable":true,"metadata":{}},{"name":"dl_prb","type":"double","nullable":true,"metadata":{}},{"name":"dl_prb_used","type":"double","nullable":true,"metadata":{}},{"name":"dl_prb_available_total","type":"double","nullable":true,"metadata":{}},{"name":"sector","type":"string","nullable":true,"metadata":{}},{"name":"azimuth","type":"integer","nullable":true,"metadata":{}},{"name":"cell_type","type":"string","nullable":true,"metadata":{}},{"name":"x","type":"double","nullable":true,"metadata":{}},{"name":"y","type":"double","nullable":true,"metadata":{}},{"name":"date","type":"string","nullable":true,"metadata":{}},{"name":"hour","type":"string","nullable":true,"metadata":{}}]},List(date, hour),Map(),Some(1787286784873)), logSegment=LogSegment(s3a://bronze/cell_kpi_raw/_delta_log,3,ArrayBuffer(S3AFileStatus{path=s3a://bronze/cell_kpi_raw/_delta_log/00000000000000000000.json; isDirectory=false; length=5821; replication=1; blocksize=33554432; modification_time=1787286797585; access_time=0; owner=***; group=***; permission=rw-rw-rw-; isSymlink=false; hasAcl=false; isEncrypted=true; isErasureCoded=false} isEmptyDirectory=FALSE eTag=75575b1ec5f43e5c51e4644a250c1bf4 versionId=null, S3AFileStatus{path=s3a://bronze/cell_kpi_raw/_delta_log/00000000000000000001.json; isDirectory=false; length=3978; replication=1; blocksize=33554432; modification_time=1787286860216; access_time=0; owner=***; group=***; permission=rw-rw-rw-; isSymlink=false; hasAcl=false; isEncrypted=true; isErasureCoded=false} isEmptyDirectory=FALSE eTag=4b99acafbc48768b6984bd481eec7d46 versionId=null, S3AFileStatus{path=s3a://bronze/cell_kpi_raw/_delta_log/00000000000000000002.json; isDirectory=false; length=3999; replication=1; blocksize=33554432; modification_time=1787287010567; access_time=0; owner=***; group=***; permission=rw-rw-rw-; isSymlink=false; hasAcl=false; isEncrypted=true; isErasureCoded=false} isEmptyDirectory=FALSE eTag=1a829cab521ed7ab7cccdbd0b4b89ada versionId=null, S3AFileStatus{path=s3a://bronze/cell_kpi_raw/_delta_log/00000000000000000003.json; isDirectory=false; length=5700; replication=1; blocksize=33554432; modification_time=1787287068000; access_time=0; owner=***; group=***; permission=rw-rw-rw-; isSymlink=false; hasAcl=false; isEncrypted=true; isErasureCoded=false} isEmptyDirectory=FALSE eTag=797bebf4046eb630ebe0c33ef1210458 versionId=null),org.apache.spark.sql.delta.EmptyCheckpointProvider$@cb164d1,1787287068000), checksumOpt=None)
[2026-08-21T04:37:48.740+0000] {spark_submit.py:571} INFO - 26/08/21 04:37:48 INFO MapPartitionsRDD: Removing RDD 38 from persistence list
[2026-08-21T04:37:48.751+0000] {spark_submit.py:571} INFO - 26/08/21 04:37:48 INFO MapPartitionsRDD: Removing RDD 48 from persistence list
[2026-08-21T04:37:48.759+0000] {spark_submit.py:571} INFO - 26/08/21 04:37:48 INFO BlockManager: Removing RDD 38
[2026-08-21T04:37:48.764+0000] {spark_submit.py:571} INFO - 26/08/21 04:37:48 INFO BlockManager: Removing RDD 48
[2026-08-21T04:37:48.818+0000] {spark_submit.py:571} INFO - 26/08/21 04:37:48 INFO OptimisticTransaction: [tableId=553802dd,txnId=3be33657] Committed delta #3 to s3a://bronze/cell_kpi_raw/_delta_log
[2026-08-21T04:37:48.823+0000] {spark_submit.py:571} INFO - Ingest Bronze Hourly hoàn tất!
[2026-08-21T04:37:48.825+0000] {spark_submit.py:571} INFO - 26/08/21 04:37:48 INFO SparkContext: SparkContext is stopping with exitCode 0.
[2026-08-21T04:37:48.836+0000] {spark_submit.py:571} INFO - 26/08/21 04:37:48 INFO SparkUI: Stopped Spark web UI at http://c90a551abb73:4041
[2026-08-21T04:37:48.842+0000] {spark_submit.py:571} INFO - 26/08/21 04:37:48 INFO StandaloneSchedulerBackend: Shutting down all executors
[2026-08-21T04:37:48.845+0000] {spark_submit.py:571} INFO - 26/08/21 04:37:48 INFO StandaloneSchedulerBackend$StandaloneDriverEndpoint: Asking each executor to shut down
[2026-08-21T04:37:48.881+0000] {spark_submit.py:571} INFO - 26/08/21 04:37:48 INFO MapOutputTrackerMasterEndpoint: MapOutputTrackerMasterEndpoint stopped!
[2026-08-21T04:37:48.918+0000] {spark_submit.py:571} INFO - 26/08/21 04:37:48 INFO MemoryStore: MemoryStore cleared
[2026-08-21T04:37:48.919+0000] {spark_submit.py:571} INFO - 26/08/21 04:37:48 INFO BlockManager: BlockManager stopped
[2026-08-21T04:37:48.924+0000] {spark_submit.py:571} INFO - 26/08/21 04:37:48 INFO BlockManagerMaster: BlockManagerMaster stopped
[2026-08-21T04:37:48.932+0000] {spark_submit.py:571} INFO - 26/08/21 04:37:48 INFO OutputCommitCoordinator$OutputCommitCoordinatorEndpoint: OutputCommitCoordinator stopped!
[2026-08-21T04:37:48.961+0000] {spark_submit.py:571} INFO - 26/08/21 04:37:48 INFO SparkContext: Successfully stopped SparkContext
[2026-08-21T04:37:49.441+0000] {spark_submit.py:571} INFO - 26/08/21 04:37:49 INFO ShutdownHookManager: Shutdown hook called
[2026-08-21T04:37:49.441+0000] {spark_submit.py:571} INFO - 26/08/21 04:37:49 INFO ShutdownHookManager: Deleting directory /tmp/spark-b30d8924-0b4d-4063-b1bc-43eda316cd65/pyspark-12a8227a-1c8e-409d-b357-23f853a5e535
[2026-08-21T04:37:49.446+0000] {spark_submit.py:571} INFO - 26/08/21 04:37:49 INFO ShutdownHookManager: Deleting directory /tmp/spark-b30d8924-0b4d-4063-b1bc-43eda316cd65
[2026-08-21T04:37:49.450+0000] {spark_submit.py:571} INFO - 26/08/21 04:37:49 INFO ShutdownHookManager: Deleting directory /tmp/spark-cc859a8a-6c06-4d2d-943a-3dc7e899e132
[2026-08-21T04:37:49.456+0000] {spark_submit.py:571} INFO - 26/08/21 04:37:49 INFO MetricsSystemImpl: Stopping s3a-file-system metrics system...
[2026-08-21T04:37:49.457+0000] {spark_submit.py:571} INFO - 26/08/21 04:37:49 INFO MetricsSystemImpl: s3a-file-system metrics system stopped.
[2026-08-21T04:37:49.457+0000] {spark_submit.py:571} INFO - 26/08/21 04:37:49 INFO MetricsSystemImpl: s3a-file-system metrics system shutdown complete.
[2026-08-21T04:37:49.531+0000] {taskinstance.py:441} INFO - ::group::Post task execution logs
[2026-08-21T04:37:49.539+0000] {taskinstance.py:1206} INFO - Marking task as SUCCESS. dag_id=cell_kpi_hourly_anomaly_pipeline, task_id=1_ingest_hourly_bronze, run_id=scheduled__2025-05-31T20:00:00+00:00, execution_date=20250531T200000, start_date=20260821T043554, end_date=20260821T043749
[2026-08-21T04:37:49.558+0000] {local_task_job_runner.py:240} INFO - Task exited with return code 0
[2026-08-21T04:37:49.573+0000] {taskinstance.py:3498} INFO - 1 downstream tasks scheduled from follow-on schedule check
[2026-08-21T04:37:49.574+0000] {local_task_job_runner.py:222} INFO - ::endgroup::
