[2026-08-21T09:55:01.266+0000] {local_task_job_runner.py:120} INFO - ::group::Pre task execution logs
[2026-08-21T09:55:01.292+0000] {taskinstance.py:2076} INFO - Dependencies all met for dep_context=non-requeueable deps ti=<TaskInstance: cell_kpi_hourly_anomaly_pipeline.3_offline_train_baseline scheduled__2025-05-31T17:00:00+00:00 [queued]>
[2026-08-21T09:55:01.301+0000] {taskinstance.py:2076} INFO - Dependencies all met for dep_context=requeueable deps ti=<TaskInstance: cell_kpi_hourly_anomaly_pipeline.3_offline_train_baseline scheduled__2025-05-31T17:00:00+00:00 [queued]>
[2026-08-21T09:55:01.301+0000] {taskinstance.py:2306} INFO - Starting attempt 1 of 2
[2026-08-21T09:55:01.321+0000] {taskinstance.py:2330} INFO - Executing <Task(SparkSubmitOperator): 3_offline_train_baseline> on 2025-05-31 17:00:00+00:00
[2026-08-21T09:55:01.332+0000] {standard_task_runner.py:63} INFO - Started process 2697 to run task
[2026-08-21T09:55:01.340+0000] {standard_task_runner.py:90} INFO - Running: ['***', 'tasks', 'run', 'cell_kpi_hourly_anomaly_pipeline', '3_offline_train_baseline', 'scheduled__2025-05-31T17:00:00+00:00', '--job-id', '93', '--raw', '--subdir', 'DAGS_FOLDER/cell_kpi_hourly_anomaly.py', '--cfg-path', '/tmp/tmp3zvw8s2y']
[2026-08-21T09:55:01.342+0000] {standard_task_runner.py:91} INFO - Job 93: Subtask 3_offline_train_baseline
[2026-08-21T09:55:01.432+0000] {task_command.py:426} INFO - Running <TaskInstance: cell_kpi_hourly_anomaly_pipeline.3_offline_train_baseline scheduled__2025-05-31T17:00:00+00:00 [running]> on host 5d28507313c5
[2026-08-21T09:55:01.513+0000] {logging_mixin.py:188} WARNING - /home/***/.local/lib/python3.10/site-packages/***/utils/context.py:212 AirflowContextDeprecationWarning: Accessing 'execution_date' from the template is deprecated and will be removed in a future version. Please use 'data_interval_start' or 'logical_date' instead.
[2026-08-21T09:55:01.568+0000] {taskinstance.py:2648} INFO - Exporting env vars: AIRFLOW_CTX_DAG_OWNER='data_engineer_team' AIRFLOW_CTX_DAG_ID='cell_kpi_hourly_anomaly_pipeline' AIRFLOW_CTX_TASK_ID='3_offline_train_baseline' AIRFLOW_CTX_EXECUTION_DATE='2025-05-31T17:00:00+00:00' AIRFLOW_CTX_TRY_NUMBER='1' AIRFLOW_CTX_DAG_RUN_ID='scheduled__2025-05-31T17:00:00+00:00'
[2026-08-21T09:55:01.569+0000] {taskinstance.py:430} INFO - ::endgroup::
[2026-08-21T09:55:01.605+0000] {base.py:84} INFO - Using connection ID 'spark-master' for task execution.
[2026-08-21T09:55:01.607+0000] {spark_submit.py:401} INFO - Spark-Submit cmd: spark-submit --master spark://spark-master:7077 --name arrow-spark --deploy-mode client /opt/***/spark_scripts/3_offline_train.py --train_until_date 2025-06-01
[2026-08-21T09:55:01.796+0000] {spark_submit.py:571} INFO - /home/***/.local/lib/python3.10/site-packages/pyspark/bin/load-spark-env.sh: line 68: ps: command not found
[2026-08-21T09:55:06.059+0000] {spark_submit.py:571} INFO - 26/08/21 09:55:06 INFO SparkContext: Running Spark version 3.5.1
[2026-08-21T09:55:06.061+0000] {spark_submit.py:571} INFO - 26/08/21 09:55:06 INFO SparkContext: OS info Linux, 6.8.0-1052-azure, amd64
[2026-08-21T09:55:06.061+0000] {spark_submit.py:571} INFO - 26/08/21 09:55:06 INFO SparkContext: Java version 17.0.20
[2026-08-21T09:55:06.115+0000] {spark_submit.py:571} INFO - 26/08/21 09:55:06 WARN NativeCodeLoader: Unable to load native-hadoop library for your platform... using builtin-java classes where applicable
[2026-08-21T09:55:06.201+0000] {spark_submit.py:571} INFO - 26/08/21 09:55:06 INFO ResourceUtils: ==============================================================
[2026-08-21T09:55:06.201+0000] {spark_submit.py:571} INFO - 26/08/21 09:55:06 INFO ResourceUtils: No custom resources configured for spark.driver.
[2026-08-21T09:55:06.202+0000] {spark_submit.py:571} INFO - 26/08/21 09:55:06 INFO ResourceUtils: ==============================================================
[2026-08-21T09:55:06.202+0000] {spark_submit.py:571} INFO - 26/08/21 09:55:06 INFO SparkContext: Submitted application: Offline_Train_Baseline_until_2025-06-01
[2026-08-21T09:55:06.223+0000] {spark_submit.py:571} INFO - 26/08/21 09:55:06 INFO ResourceProfile: Default ResourceProfile created, executor resources: Map(memory -> name: memory, amount: 1024, script: , vendor: , offHeap -> name: offHeap, amount: 0, script: , vendor: ), task resources: Map(cpus -> name: cpus, amount: 1.0)
[2026-08-21T09:55:06.233+0000] {spark_submit.py:571} INFO - 26/08/21 09:55:06 INFO ResourceProfile: Limiting resource is cpu
[2026-08-21T09:55:06.234+0000] {spark_submit.py:571} INFO - 26/08/21 09:55:06 INFO ResourceProfileManager: Added ResourceProfile id: 0
[2026-08-21T09:55:06.276+0000] {spark_submit.py:571} INFO - 26/08/21 09:55:06 INFO SecurityManager: Changing view acls to: ***
[2026-08-21T09:55:06.276+0000] {spark_submit.py:571} INFO - 26/08/21 09:55:06 INFO SecurityManager: Changing modify acls to: ***
[2026-08-21T09:55:06.277+0000] {spark_submit.py:571} INFO - 26/08/21 09:55:06 INFO SecurityManager: Changing view acls groups to:
[2026-08-21T09:55:06.277+0000] {spark_submit.py:571} INFO - 26/08/21 09:55:06 INFO SecurityManager: Changing modify acls groups to:
[2026-08-21T09:55:06.278+0000] {spark_submit.py:571} INFO - 26/08/21 09:55:06 INFO SecurityManager: SecurityManager: authentication disabled; ui acls disabled; users with view permissions: ***; groups with view permissions: EMPTY; users with modify permissions: ***; groups with modify permissions: EMPTY
[2026-08-21T09:55:06.473+0000] {spark_submit.py:571} INFO - 26/08/21 09:55:06 INFO Utils: Successfully started service 'sparkDriver' on port 35447.
[2026-08-21T09:55:06.497+0000] {spark_submit.py:571} INFO - 26/08/21 09:55:06 INFO SparkEnv: Registering MapOutputTracker
[2026-08-21T09:55:06.522+0000] {spark_submit.py:571} INFO - 26/08/21 09:55:06 INFO SparkEnv: Registering BlockManagerMaster
[2026-08-21T09:55:06.539+0000] {spark_submit.py:571} INFO - 26/08/21 09:55:06 INFO BlockManagerMasterEndpoint: Using org.apache.spark.storage.DefaultTopologyMapper for getting topology information
[2026-08-21T09:55:06.540+0000] {spark_submit.py:571} INFO - 26/08/21 09:55:06 INFO BlockManagerMasterEndpoint: BlockManagerMasterEndpoint up
[2026-08-21T09:55:06.543+0000] {spark_submit.py:571} INFO - 26/08/21 09:55:06 INFO SparkEnv: Registering BlockManagerMasterHeartbeat
[2026-08-21T09:55:06.559+0000] {spark_submit.py:571} INFO - 26/08/21 09:55:06 INFO DiskBlockManager: Created local directory at /tmp/blockmgr-d0025175-1127-4281-adfb-b6ddb299fc53
[2026-08-21T09:55:06.568+0000] {spark_submit.py:571} INFO - 26/08/21 09:55:06 INFO MemoryStore: MemoryStore started with capacity 434.4 MiB
[2026-08-21T09:55:06.581+0000] {spark_submit.py:571} INFO - 26/08/21 09:55:06 INFO SparkEnv: Registering OutputCommitCoordinator
[2026-08-21T09:55:06.674+0000] {spark_submit.py:571} INFO - 26/08/21 09:55:06 INFO JettyUtils: Start Jetty 0.0.0.0:4040 for SparkUI
[2026-08-21T09:55:06.715+0000] {spark_submit.py:571} INFO - 26/08/21 09:55:06 WARN Utils: Service 'SparkUI' could not bind on port 4040. Attempting port 4041.
[2026-08-21T09:55:06.721+0000] {spark_submit.py:571} INFO - 26/08/21 09:55:06 INFO Utils: Successfully started service 'SparkUI' on port 4041.
[2026-08-21T09:55:06.823+0000] {spark_submit.py:571} INFO - 26/08/21 09:55:06 INFO StandaloneAppClient$ClientEndpoint: Connecting to master spark://spark-master:7077...
[2026-08-21T09:55:06.858+0000] {spark_submit.py:571} INFO - 26/08/21 09:55:06 INFO TransportClientFactory: Successfully created connection to spark-master/172.18.0.7:7077 after 19 ms (0 ms spent in bootstraps)
[2026-08-21T09:55:06.929+0000] {spark_submit.py:571} INFO - 26/08/21 09:55:06 INFO StandaloneSchedulerBackend: Connected to Spark cluster with app ID app-20260821095506-0005
[2026-08-21T09:55:06.937+0000] {spark_submit.py:571} INFO - 26/08/21 09:55:06 INFO Utils: Successfully started service 'org.apache.spark.network.netty.NettyBlockTransferService' on port 42127.
[2026-08-21T09:55:06.937+0000] {spark_submit.py:571} INFO - 26/08/21 09:55:06 INFO NettyBlockTransferService: Server created on 5d28507313c5:42127
[2026-08-21T09:55:06.938+0000] {spark_submit.py:571} INFO - 26/08/21 09:55:06 INFO BlockManager: Using org.apache.spark.storage.RandomBlockReplicationPolicy for block replication policy
[2026-08-21T09:55:06.944+0000] {spark_submit.py:571} INFO - 26/08/21 09:55:06 INFO BlockManagerMaster: Registering BlockManager BlockManagerId(driver, 5d28507313c5, 42127, None)
[2026-08-21T09:55:06.950+0000] {spark_submit.py:571} INFO - 26/08/21 09:55:06 INFO BlockManagerMasterEndpoint: Registering block manager 5d28507313c5:42127 with 434.4 MiB RAM, BlockManagerId(driver, 5d28507313c5, 42127, None)
[2026-08-21T09:55:06.950+0000] {spark_submit.py:571} INFO - 26/08/21 09:55:06 INFO BlockManagerMaster: Registered BlockManager BlockManagerId(driver, 5d28507313c5, 42127, None)
[2026-08-21T09:55:06.951+0000] {spark_submit.py:571} INFO - 26/08/21 09:55:06 INFO BlockManager: Initialized BlockManager: BlockManagerId(driver, 5d28507313c5, 42127, None)
[2026-08-21T09:55:07.119+0000] {spark_submit.py:571} INFO - 26/08/21 09:55:07 INFO StandaloneSchedulerBackend: SchedulerBackend is ready for scheduling beginning after reached minRegisteredResourcesRatio: 0.0
[2026-08-21T09:55:07.266+0000] {spark_submit.py:571} INFO - Bắt đầu OFFLINE TRAINING dữ liệu từ đầu đến ngày 2025-06-01...
[2026-08-21T09:55:07.318+0000] {spark_submit.py:571} INFO - 26/08/21 09:55:07 INFO SharedState: Setting hive.metastore.warehouse.dir ('null') to the value of spark.sql.warehouse.dir.
[2026-08-21T09:55:07.325+0000] {spark_submit.py:571} INFO - 26/08/21 09:55:07 INFO SharedState: Warehouse path is 'file:/opt/***/spark-warehouse'.
[2026-08-21T09:55:08.265+0000] {spark_submit.py:571} INFO - 26/08/21 09:55:08 WARN MetricsConfig: Cannot locate configuration: tried hadoop-metrics2-s3a-file-system.properties,hadoop-metrics2.properties
[2026-08-21T09:55:08.274+0000] {spark_submit.py:571} INFO - 26/08/21 09:55:08 INFO MetricsSystemImpl: Scheduled Metric snapshot period at 10 second(s).
[2026-08-21T09:55:08.275+0000] {spark_submit.py:571} INFO - 26/08/21 09:55:08 INFO MetricsSystemImpl: s3a-file-system metrics system started
[2026-08-21T10:11:34.987+0000] {spark_submit.py:571} INFO - 26/08/21 10:11:34 INFO DelegatingLogStore: LogStore `LogStoreAdapter(io.delta.storage.S3SingleDriverLogStore)` is used for scheme `s3a`
[2026-08-21T10:13:23.936+0000] {spark_submit.py:571} INFO - 26/08/21 10:13:23 WARN DeltaLog: Failed to parse s3a://silver/cell_kpi_clean/_delta_log/_last_checkpoint. This may happen if there was an error during read operation, or a file appears to be partial. Sleeping and trying again.
[2026-08-21T10:13:23.936+0000] {spark_submit.py:571} INFO - org.apache.hadoop.fs.s3a.AWSClientIOException: getFileStatus on s3a://silver/cell_kpi_clean/_delta_log/_last_checkpoint: com.amazonaws.SdkClientException: Unable to execute HTTP request: silver.minio: Name or service not known: Unable to execute HTTP request: silver.minio: Name or service not known
[2026-08-21T10:13:23.936+0000] {spark_submit.py:571} INFO - at org.apache.hadoop.fs.s3a.S3AUtils.translateException(S3AUtils.java:214)
[2026-08-21T10:13:23.936+0000] {spark_submit.py:571} INFO - at org.apache.hadoop.fs.s3a.S3AUtils.translateException(S3AUtils.java:175)
[2026-08-21T10:13:23.936+0000] {spark_submit.py:571} INFO - at org.apache.hadoop.fs.s3a.S3AFileSystem.s3GetFileStatus(S3AFileSystem.java:3799)
[2026-08-21T10:13:23.937+0000] {spark_submit.py:571} INFO - at org.apache.hadoop.fs.s3a.S3AFileSystem.innerGetFileStatus(S3AFileSystem.java:3688)
[2026-08-21T10:13:23.937+0000] {spark_submit.py:571} INFO - at org.apache.hadoop.fs.s3a.S3AFileSystem.extractOrFetchSimpleFileStatus(S3AFileSystem.java:5401)
[2026-08-21T10:13:23.937+0000] {spark_submit.py:571} INFO - at org.apache.hadoop.fs.s3a.S3AFileSystem.open(S3AFileSystem.java:1465)
[2026-08-21T10:13:23.937+0000] {spark_submit.py:571} INFO - at org.apache.hadoop.fs.s3a.S3AFileSystem.open(S3AFileSystem.java:1441)
[2026-08-21T10:13:23.937+0000] {spark_submit.py:571} INFO - at org.apache.hadoop.fs.FileSystem.open(FileSystem.java:976)
[2026-08-21T10:13:23.937+0000] {spark_submit.py:571} INFO - at io.delta.storage.HadoopFileSystemLogStore.read(HadoopFileSystemLogStore.java:46)
[2026-08-21T10:13:23.938+0000] {spark_submit.py:571} INFO - at org.apache.spark.sql.delta.storage.LogStoreAdaptor.read(LogStore.scala:412)
[2026-08-21T10:13:23.938+0000] {spark_submit.py:571} INFO - at org.apache.spark.sql.delta.storage.DelegatingLogStore.read(DelegatingLogStore.scala:96)
[2026-08-21T10:13:23.938+0000] {spark_submit.py:571} INFO - at org.apache.spark.sql.delta.Checkpoints.$anonfun$loadMetadataFromFile$1(Checkpoints.scala:376)
[2026-08-21T10:13:23.938+0000] {spark_submit.py:571} INFO - at org.apache.spark.sql.delta.metering.DeltaLogging.recordFrameProfile(DeltaLogging.scala:168)
[2026-08-21T10:13:23.938+0000] {spark_submit.py:571} INFO - at org.apache.spark.sql.delta.metering.DeltaLogging.recordFrameProfile$(DeltaLogging.scala:166)
[2026-08-21T10:13:23.938+0000] {spark_submit.py:571} INFO - at org.apache.spark.sql.delta.DeltaLog.recordFrameProfile(DeltaLog.scala:74)
[2026-08-21T10:13:23.938+0000] {spark_submit.py:571} INFO - at org.apache.spark.sql.delta.metering.DeltaLogging.$anonfun$recordDeltaOperationInternal$1(DeltaLogging.scala:136)
[2026-08-21T10:13:23.939+0000] {spark_submit.py:571} INFO - at com.databricks.spark.util.DatabricksLogging.recordOperation(DatabricksLogging.scala:128)
[2026-08-21T10:13:23.939+0000] {spark_submit.py:571} INFO - at com.databricks.spark.util.DatabricksLogging.recordOperation$(DatabricksLogging.scala:117)
[2026-08-21T10:13:23.939+0000] {spark_submit.py:571} INFO - at org.apache.spark.sql.delta.DeltaLog.recordOperation(DeltaLog.scala:74)
[2026-08-21T10:13:23.939+0000] {spark_submit.py:571} INFO - at org.apache.spark.sql.delta.metering.DeltaLogging.recordDeltaOperationInternal(DeltaLogging.scala:135)
[2026-08-21T10:13:23.939+0000] {spark_submit.py:571} INFO - at org.apache.spark.sql.delta.metering.DeltaLogging.recordDeltaOperation(DeltaLogging.scala:125)
[2026-08-21T10:13:23.939+0000] {spark_submit.py:571} INFO - at org.apache.spark.sql.delta.metering.DeltaLogging.recordDeltaOperation$(DeltaLogging.scala:115)
[2026-08-21T10:13:23.939+0000] {spark_submit.py:571} INFO - at org.apache.spark.sql.delta.DeltaLog.recordDeltaOperation(DeltaLog.scala:74)
[2026-08-21T10:13:23.940+0000] {spark_submit.py:571} INFO - at org.apache.spark.sql.delta.Checkpoints.loadMetadataFromFile(Checkpoints.scala:375)
[2026-08-21T10:13:23.940+0000] {spark_submit.py:571} INFO - at org.apache.spark.sql.delta.Checkpoints.readLastCheckpointFile(Checkpoints.scala:369)
[2026-08-21T10:13:23.940+0000] {spark_submit.py:571} INFO - at org.apache.spark.sql.delta.Checkpoints.readLastCheckpointFile$(Checkpoints.scala:368)
[2026-08-21T10:13:23.940+0000] {spark_submit.py:571} INFO - at org.apache.spark.sql.delta.DeltaLog.readLastCheckpointFile(DeltaLog.scala:74)
[2026-08-21T10:13:23.940+0000] {spark_submit.py:571} INFO - at org.apache.spark.sql.delta.SnapshotManagement.$anonfun$getSnapshotAtInit$2(SnapshotManagement.scala:575)
[2026-08-21T10:13:23.940+0000] {spark_submit.py:571} INFO - at org.apache.spark.sql.delta.metering.DeltaLogging.recordFrameProfile(DeltaLogging.scala:168)
[2026-08-21T10:13:23.940+0000] {spark_submit.py:571} INFO - at org.apache.spark.sql.delta.metering.DeltaLogging.recordFrameProfile$(DeltaLogging.scala:166)
[2026-08-21T10:13:23.941+0000] {spark_submit.py:571} INFO - at org.apache.spark.sql.delta.DeltaLog.recordFrameProfile(DeltaLog.scala:74)
[2026-08-21T10:13:23.941+0000] {spark_submit.py:571} INFO - at org.apache.spark.sql.delta.SnapshotManagement.$anonfun$getSnapshotAtInit$1(SnapshotManagement.scala:573)
[2026-08-21T10:13:23.941+0000] {spark_submit.py:571} INFO - at org.apache.spark.sql.delta.SnapshotManagement.withSnapshotLockInterruptibly(SnapshotManagement.scala:78)
[2026-08-21T10:13:23.941+0000] {spark_submit.py:571} INFO - at org.apache.spark.sql.delta.SnapshotManagement.withSnapshotLockInterruptibly$(SnapshotManagement.scala:75)
[2026-08-21T10:13:23.941+0000] {spark_submit.py:571} INFO - at org.apache.spark.sql.delta.DeltaLog.withSnapshotLockInterruptibly(DeltaLog.scala:74)
[2026-08-21T10:13:23.941+0000] {spark_submit.py:571} INFO - at org.apache.spark.sql.delta.SnapshotManagement.getSnapshotAtInit(SnapshotManagement.scala:573)
[2026-08-21T10:13:23.941+0000] {spark_submit.py:571} INFO - at org.apache.spark.sql.delta.SnapshotManagement.getSnapshotAtInit$(SnapshotManagement.scala:572)
[2026-08-21T10:13:23.942+0000] {spark_submit.py:571} INFO - at org.apache.spark.sql.delta.DeltaLog.getSnapshotAtInit(DeltaLog.scala:74)
[2026-08-21T10:13:23.942+0000] {spark_submit.py:571} INFO - at org.apache.spark.sql.delta.SnapshotManagement.$init$(SnapshotManagement.scala:69)
[2026-08-21T10:13:23.942+0000] {spark_submit.py:571} INFO - at org.apache.spark.sql.delta.DeltaLog.<init>(DeltaLog.scala:80)
[2026-08-21T10:13:23.942+0000] {spark_submit.py:571} INFO - at org.apache.spark.sql.delta.DeltaLog$.$anonfun$apply$4(DeltaLog.scala:853)
[2026-08-21T10:13:23.942+0000] {spark_submit.py:571} INFO - at org.apache.spark.sql.catalyst.plans.logical.AnalysisHelper$.allowInvokingTransformsInAnalyzer(AnalysisHelper.scala:323)
[2026-08-21T10:13:23.942+0000] {spark_submit.py:571} INFO - at org.apache.spark.sql.delta.DeltaLog$.$anonfun$apply$3(DeltaLog.scala:848)
[2026-08-21T10:13:23.942+0000] {spark_submit.py:571} INFO - at org.apache.spark.sql.delta.metering.DeltaLogging.recordFrameProfile(DeltaLogging.scala:168)
[2026-08-21T10:13:23.943+0000] {spark_submit.py:571} INFO - at org.apache.spark.sql.delta.metering.DeltaLogging.recordFrameProfile$(DeltaLogging.scala:166)
[2026-08-21T10:13:23.943+0000] {spark_submit.py:571} INFO - at org.apache.spark.sql.delta.DeltaLog$.recordFrameProfile(DeltaLog.scala:651)
[2026-08-21T10:13:23.943+0000] {spark_submit.py:571} INFO - at org.apache.spark.sql.delta.metering.DeltaLogging.$anonfun$recordDeltaOperationInternal$1(DeltaLogging.scala:136)
[2026-08-21T10:13:23.943+0000] {spark_submit.py:571} INFO - at com.databricks.spark.util.DatabricksLogging.recordOperation(DatabricksLogging.scala:128)
[2026-08-21T10:13:23.943+0000] {spark_submit.py:571} INFO - at com.databricks.spark.util.DatabricksLogging.recordOperation$(DatabricksLogging.scala:117)
[2026-08-21T10:13:23.943+0000] {spark_submit.py:571} INFO - at org.apache.spark.sql.delta.DeltaLog$.recordOperation(DeltaLog.scala:651)
[2026-08-21T10:13:23.943+0000] {spark_submit.py:571} INFO - at org.apache.spark.sql.delta.metering.DeltaLogging.recordDeltaOperationInternal(DeltaLogging.scala:135)
[2026-08-21T10:13:23.944+0000] {spark_submit.py:571} INFO - at org.apache.spark.sql.delta.metering.DeltaLogging.recordDeltaOperation(DeltaLogging.scala:125)
[2026-08-21T10:13:23.944+0000] {spark_submit.py:571} INFO - at org.apache.spark.sql.delta.metering.DeltaLogging.recordDeltaOperation$(DeltaLogging.scala:115)
[2026-08-21T10:13:23.944+0000] {spark_submit.py:571} INFO - at org.apache.spark.sql.delta.DeltaLog$.recordDeltaOperation(DeltaLog.scala:651)
[2026-08-21T10:13:23.944+0000] {spark_submit.py:571} INFO - at org.apache.spark.sql.delta.DeltaLog$.createDeltaLog$1(DeltaLog.scala:847)
[2026-08-21T10:13:23.944+0000] {spark_submit.py:571} INFO - at org.apache.spark.sql.delta.DeltaLog$.$anonfun$apply$5(DeltaLog.scala:866)
[2026-08-21T10:13:23.944+0000] {spark_submit.py:571} INFO - at com.google.common.cache.LocalCache$LocalManualCache$1.load(LocalCache.java:4792)
[2026-08-21T10:13:23.945+0000] {spark_submit.py:571} INFO - at com.google.common.cache.LocalCache$LoadingValueReference.loadFuture(LocalCache.java:3599)
[2026-08-21T10:13:23.945+0000] {spark_submit.py:571} INFO - at com.google.common.cache.LocalCache$Segment.loadSync(LocalCache.java:2379)
[2026-08-21T10:13:23.945+0000] {spark_submit.py:571} INFO - at com.google.common.cache.LocalCache$Segment.lockedGetOrLoad(LocalCache.java:2342)
[2026-08-21T10:13:23.945+0000] {spark_submit.py:571} INFO - at com.google.common.cache.LocalCache$Segment.get(LocalCache.java:2257)
[2026-08-21T10:13:23.945+0000] {spark_submit.py:571} INFO - at com.google.common.cache.LocalCache.get(LocalCache.java:4000)
[2026-08-21T10:13:23.945+0000] {spark_submit.py:571} INFO - at com.google.common.cache.LocalCache$LocalManualCache.get(LocalCache.java:4789)
[2026-08-21T10:13:23.945+0000] {spark_submit.py:571} INFO - at org.apache.spark.sql.delta.DeltaLog$.getDeltaLogFromCache$1(DeltaLog.scala:865)
[2026-08-21T10:13:23.946+0000] {spark_submit.py:571} INFO - at org.apache.spark.sql.delta.DeltaLog$.apply(DeltaLog.scala:875)
[2026-08-21T10:13:23.946+0000] {spark_submit.py:571} INFO - at org.apache.spark.sql.delta.DeltaLog$.forTable(DeltaLog.scala:751)
[2026-08-21T10:13:23.946+0000] {spark_submit.py:571} INFO - at org.apache.spark.sql.delta.catalog.DeltaTableV2.$anonfun$deltaLog$1(DeltaTableV2.scala:92)
[2026-08-21T10:13:23.946+0000] {spark_submit.py:571} INFO - at org.apache.spark.sql.delta.catalog.DeltaTableV2$.withEnrichedUnsupportedTableException(DeltaTableV2.scala:367)
[2026-08-21T10:13:23.946+0000] {spark_submit.py:571} INFO - at org.apache.spark.sql.delta.catalog.DeltaTableV2.deltaLog$lzycompute(DeltaTableV2.scala:92)
[2026-08-21T10:13:23.946+0000] {spark_submit.py:571} INFO - at org.apache.spark.sql.delta.catalog.DeltaTableV2.deltaLog(DeltaTableV2.scala:90)
[2026-08-21T10:13:23.946+0000] {spark_submit.py:571} INFO - at org.apache.spark.sql.delta.catalog.DeltaTableV2.$anonfun$initialSnapshot$4(DeltaTableV2.scala:145)
[2026-08-21T10:13:23.947+0000] {spark_submit.py:571} INFO - at scala.Option.getOrElse(Option.scala:189)
[2026-08-21T10:13:23.947+0000] {spark_submit.py:571} INFO - at org.apache.spark.sql.delta.catalog.DeltaTableV2.$anonfun$initialSnapshot$1(DeltaTableV2.scala:145)
[2026-08-21T10:13:23.947+0000] {spark_submit.py:571} INFO - at org.apache.spark.sql.delta.catalog.DeltaTableV2$.withEnrichedUnsupportedTableException(DeltaTableV2.scala:367)
[2026-08-21T10:13:23.947+0000] {spark_submit.py:571} INFO - at org.apache.spark.sql.delta.catalog.DeltaTableV2.initialSnapshot$lzycompute(DeltaTableV2.scala:144)
[2026-08-21T10:13:23.947+0000] {spark_submit.py:571} INFO - at org.apache.spark.sql.delta.catalog.DeltaTableV2.initialSnapshot(DeltaTableV2.scala:124)
[2026-08-21T10:13:23.947+0000] {spark_submit.py:571} INFO - at org.apache.spark.sql.delta.catalog.DeltaTableV2.toBaseRelation$lzycompute(DeltaTableV2.scala:236)
[2026-08-21T10:13:23.947+0000] {spark_submit.py:571} INFO - at org.apache.spark.sql.delta.catalog.DeltaTableV2.toBaseRelation(DeltaTableV2.scala:234)
[2026-08-21T10:13:23.948+0000] {spark_submit.py:571} INFO - at org.apache.spark.sql.delta.sources.DeltaDataSource.$anonfun$createRelation$5(DeltaDataSource.scala:250)
[2026-08-21T10:13:23.948+0000] {spark_submit.py:571} INFO - at org.apache.spark.sql.delta.metering.DeltaLogging.recordFrameProfile(DeltaLogging.scala:168)
[2026-08-21T10:13:23.948+0000] {spark_submit.py:571} INFO - at org.apache.spark.sql.delta.metering.DeltaLogging.recordFrameProfile$(DeltaLogging.scala:166)
[2026-08-21T10:13:23.948+0000] {spark_submit.py:571} INFO - at org.apache.spark.sql.delta.sources.DeltaDataSource.recordFrameProfile(DeltaDataSource.scala:49)
[2026-08-21T10:13:23.948+0000] {spark_submit.py:571} INFO - at org.apache.spark.sql.delta.sources.DeltaDataSource.createRelation(DeltaDataSource.scala:209)
[2026-08-21T10:13:23.948+0000] {spark_submit.py:571} INFO - at org.apache.spark.sql.execution.datasources.DataSource.resolveRelation(DataSource.scala:346)
[2026-08-21T10:13:23.948+0000] {spark_submit.py:571} INFO - at org.apache.spark.sql.DataFrameReader.loadV1Source(DataFrameReader.scala:229)
[2026-08-21T10:13:23.949+0000] {spark_submit.py:571} INFO - at org.apache.spark.sql.DataFrameReader.$anonfun$load$2(DataFrameReader.scala:211)
[2026-08-21T10:13:23.949+0000] {spark_submit.py:571} INFO - at scala.Option.getOrElse(Option.scala:189)
[2026-08-21T10:13:23.949+0000] {spark_submit.py:571} INFO - at org.apache.spark.sql.DataFrameReader.load(DataFrameReader.scala:211)
[2026-08-21T10:13:23.949+0000] {spark_submit.py:571} INFO - at org.apache.spark.sql.DataFrameReader.load(DataFrameReader.scala:186)
[2026-08-21T10:13:23.949+0000] {spark_submit.py:571} INFO - at java.base/jdk.internal.reflect.NativeMethodAccessorImpl.invoke0(Native Method)
[2026-08-21T10:13:23.949+0000] {spark_submit.py:571} INFO - at java.base/jdk.internal.reflect.NativeMethodAccessorImpl.invoke(NativeMethodAccessorImpl.java:77)
[2026-08-21T10:13:23.949+0000] {spark_submit.py:571} INFO - at java.base/jdk.internal.reflect.DelegatingMethodAccessorImpl.invoke(DelegatingMethodAccessorImpl.java:43)
[2026-08-21T10:13:23.950+0000] {spark_submit.py:571} INFO - at java.base/java.lang.reflect.Method.invoke(Method.java:569)
[2026-08-21T10:13:23.950+0000] {spark_submit.py:571} INFO - at py4j.reflection.MethodInvoker.invoke(MethodInvoker.java:244)
[2026-08-21T10:13:23.950+0000] {spark_submit.py:571} INFO - at py4j.reflection.ReflectionEngine.invoke(ReflectionEngine.java:374)
[2026-08-21T10:13:23.950+0000] {spark_submit.py:571} INFO - at py4j.Gateway.invoke(Gateway.java:282)
[2026-08-21T10:13:23.950+0000] {spark_submit.py:571} INFO - at py4j.commands.AbstractCommand.invokeMethod(AbstractCommand.java:132)
[2026-08-21T10:13:23.950+0000] {spark_submit.py:571} INFO - at py4j.commands.CallCommand.execute(CallCommand.java:79)
[2026-08-21T10:13:23.950+0000] {spark_submit.py:571} INFO - at py4j.ClientServerConnection.waitForCommands(ClientServerConnection.java:182)
[2026-08-21T10:13:23.951+0000] {spark_submit.py:571} INFO - at py4j.ClientServerConnection.run(ClientServerConnection.java:106)
[2026-08-21T10:13:23.951+0000] {spark_submit.py:571} INFO - at java.base/java.lang.Thread.run(Thread.java:840)
[2026-08-21T10:13:23.951+0000] {spark_submit.py:571} INFO - Caused by: com.amazonaws.SdkClientException: Unable to execute HTTP request: silver.minio: Name or service not known
[2026-08-21T10:13:23.951+0000] {spark_submit.py:571} INFO - at com.amazonaws.http.AmazonHttpClient$RequestExecutor.handleRetryableException(AmazonHttpClient.java:1219)
[2026-08-21T10:13:23.951+0000] {spark_submit.py:571} INFO - at com.amazonaws.http.AmazonHttpClient$RequestExecutor.executeHelper(AmazonHttpClient.java:1165)
[2026-08-21T10:13:23.951+0000] {spark_submit.py:571} INFO - at com.amazonaws.http.AmazonHttpClient$RequestExecutor.doExecute(AmazonHttpClient.java:814)
[2026-08-21T10:13:23.951+0000] {spark_submit.py:571} INFO - at com.amazonaws.http.AmazonHttpClient$RequestExecutor.executeWithTimer(AmazonHttpClient.java:781)
[2026-08-21T10:13:23.952+0000] {spark_submit.py:571} INFO - at com.amazonaws.http.AmazonHttpClient$RequestExecutor.execute(AmazonHttpClient.java:755)
[2026-08-21T10:13:23.952+0000] {spark_submit.py:571} INFO - at com.amazonaws.http.AmazonHttpClient$RequestExecutor.access$500(AmazonHttpClient.java:715)
[2026-08-21T10:13:23.952+0000] {spark_submit.py:571} INFO - at com.amazonaws.http.AmazonHttpClient$RequestExecutionBuilderImpl.execute(AmazonHttpClient.java:697)
[2026-08-21T10:13:23.952+0000] {spark_submit.py:571} INFO - at com.amazonaws.http.AmazonHttpClient.execute(AmazonHttpClient.java:561)
[2026-08-21T10:13:23.952+0000] {spark_submit.py:571} INFO - at com.amazonaws.http.AmazonHttpClient.execute(AmazonHttpClient.java:541)
[2026-08-21T10:13:23.952+0000] {spark_submit.py:571} INFO - at com.amazonaws.services.s3.AmazonS3Client.invoke(AmazonS3Client.java:5456)
[2026-08-21T10:13:23.952+0000] {spark_submit.py:571} INFO - at com.amazonaws.services.s3.AmazonS3Client.invoke(AmazonS3Client.java:5403)
[2026-08-21T10:13:23.953+0000] {spark_submit.py:571} INFO - at com.amazonaws.services.s3.AmazonS3Client.getObjectMetadata(AmazonS3Client.java:1372)
[2026-08-21T10:13:23.953+0000] {spark_submit.py:571} INFO - at org.apache.hadoop.fs.s3a.S3AFileSystem.lambda$getObjectMetadata$10(S3AFileSystem.java:2545)
[2026-08-21T10:13:23.953+0000] {spark_submit.py:571} INFO - at org.apache.hadoop.fs.s3a.Invoker.retryUntranslated(Invoker.java:414)
[2026-08-21T10:13:23.953+0000] {spark_submit.py:571} INFO - at org.apache.hadoop.fs.s3a.Invoker.retryUntranslated(Invoker.java:377)
[2026-08-21T10:13:23.953+0000] {spark_submit.py:571} INFO - at org.apache.hadoop.fs.s3a.S3AFileSystem.getObjectMetadata(S3AFileSystem.java:2533)
[2026-08-21T10:13:23.953+0000] {spark_submit.py:571} INFO - at org.apache.hadoop.fs.s3a.S3AFileSystem.getObjectMetadata(S3AFileSystem.java:2513)
[2026-08-21T10:13:23.953+0000] {spark_submit.py:571} INFO - at org.apache.hadoop.fs.s3a.S3AFileSystem.s3GetFileStatus(S3AFileSystem.java:3776)
[2026-08-21T10:13:23.954+0000] {spark_submit.py:571} INFO - ... 98 more
[2026-08-21T10:13:23.954+0000] {spark_submit.py:571} INFO - Caused by: java.net.UnknownHostException: silver.minio: Name or service not known
[2026-08-21T10:13:23.954+0000] {spark_submit.py:571} INFO - at java.base/java.net.Inet6AddressImpl.lookupAllHostAddr(Native Method)
[2026-08-21T10:13:23.954+0000] {spark_submit.py:571} INFO - at java.base/java.net.InetAddress$PlatformNameService.lookupAllHostAddr(InetAddress.java:934)
[2026-08-21T10:13:23.954+0000] {spark_submit.py:571} INFO - at java.base/java.net.InetAddress.getAddressesFromNameService(InetAddress.java:1543)
[2026-08-21T10:13:23.954+0000] {spark_submit.py:571} INFO - at java.base/java.net.InetAddress$NameServiceAddresses.get(InetAddress.java:852)
[2026-08-21T10:13:23.954+0000] {spark_submit.py:571} INFO - at java.base/java.net.InetAddress.getAllByName0(InetAddress.java:1533)
[2026-08-21T10:13:23.955+0000] {spark_submit.py:571} INFO - at java.base/java.net.InetAddress.getAllByName(InetAddress.java:1385)
[2026-08-21T10:13:23.955+0000] {spark_submit.py:571} INFO - at java.base/java.net.InetAddress.getAllByName(InetAddress.java:1306)
[2026-08-21T10:13:23.955+0000] {spark_submit.py:571} INFO - at com.amazonaws.SystemDefaultDnsResolver.resolve(SystemDefaultDnsResolver.java:27)
[2026-08-21T10:13:23.955+0000] {spark_submit.py:571} INFO - at com.amazonaws.http.DelegatingDnsResolver.resolve(DelegatingDnsResolver.java:38)
[2026-08-21T10:13:23.955+0000] {spark_submit.py:571} INFO - at com.amazonaws.thirdparty.apache.http.impl.conn.DefaultHttpClientConnectionOperator.connect(DefaultHttpClientConnectionOperator.java:112)
[2026-08-21T10:13:23.955+0000] {spark_submit.py:571} INFO - at com.amazonaws.thirdparty.apache.http.impl.conn.PoolingHttpClientConnectionManager.connect(PoolingHttpClientConnectionManager.java:376)
[2026-08-21T10:13:23.955+0000] {spark_submit.py:571} INFO - at jdk.internal.reflect.GeneratedMethodAccessor20.invoke(Unknown Source)
[2026-08-21T10:13:23.956+0000] {spark_submit.py:571} INFO - at java.base/jdk.internal.reflect.DelegatingMethodAccessorImpl.invoke(DelegatingMethodAccessorImpl.java:43)
[2026-08-21T10:13:23.956+0000] {spark_submit.py:571} INFO - at java.base/java.lang.reflect.Method.invoke(Method.java:569)
[2026-08-21T10:13:23.956+0000] {spark_submit.py:571} INFO - at com.amazonaws.http.conn.ClientConnectionManagerFactory$Handler.invoke(ClientConnectionManagerFactory.java:76)
[2026-08-21T10:13:23.956+0000] {spark_submit.py:571} INFO - at com.amazonaws.http.conn.$Proxy33.connect(Unknown Source)
[2026-08-21T10:13:23.956+0000] {spark_submit.py:571} INFO - at com.amazonaws.thirdparty.apache.http.impl.execchain.MainClientExec.establishRoute(MainClientExec.java:393)
[2026-08-21T10:13:23.956+0000] {spark_submit.py:571} INFO - at com.amazonaws.thirdparty.apache.http.impl.execchain.MainClientExec.execute(MainClientExec.java:236)
[2026-08-21T10:13:23.956+0000] {spark_submit.py:571} INFO - at com.amazonaws.thirdparty.apache.http.impl.execchain.ProtocolExec.execute(ProtocolExec.java:186)
[2026-08-21T10:13:23.956+0000] {spark_submit.py:571} INFO - at com.amazonaws.thirdparty.apache.http.impl.client.InternalHttpClient.doExecute(InternalHttpClient.java:185)
[2026-08-21T10:13:23.957+0000] {spark_submit.py:571} INFO - at com.amazonaws.thirdparty.apache.http.impl.client.CloseableHttpClient.execute(CloseableHttpClient.java:83)
[2026-08-21T10:13:23.957+0000] {spark_submit.py:571} INFO - at com.amazonaws.thirdparty.apache.http.impl.client.CloseableHttpClient.execute(CloseableHttpClient.java:56)
[2026-08-21T10:13:23.957+0000] {spark_submit.py:571} INFO - at com.amazonaws.http.apache.client.impl.SdkHttpClient.execute(SdkHttpClient.java:72)
[2026-08-21T10:13:23.957+0000] {spark_submit.py:571} INFO - at com.amazonaws.http.AmazonHttpClient$RequestExecutor.executeOneRequest(AmazonHttpClient.java:1346)
[2026-08-21T10:13:23.957+0000] {spark_submit.py:571} INFO - at com.amazonaws.http.AmazonHttpClient$RequestExecutor.executeHelper(AmazonHttpClient.java:1157)
[2026-08-21T10:13:23.957+0000] {spark_submit.py:571} INFO - ... 114 more
[2026-08-21T10:15:51.453+0000] {spark_submit.py:571} INFO - 26/08/21 10:15:51 WARN DeltaLog: Failed to parse s3a://silver/cell_kpi_clean/_delta_log/_last_checkpoint. This may happen if there was an error during read operation, or a file appears to be partial. Sleeping and trying again.
[2026-08-21T10:15:51.453+0000] {spark_submit.py:571} INFO - org.apache.hadoop.fs.s3a.AWSClientIOException: getFileStatus on s3a://silver/cell_kpi_clean/_delta_log/_last_checkpoint: com.amazonaws.SdkClientException: Unable to execute HTTP request: silver.minio: Name or service not known: Unable to execute HTTP request: silver.minio: Name or service not known
[2026-08-21T10:15:51.453+0000] {spark_submit.py:571} INFO - at org.apache.hadoop.fs.s3a.S3AUtils.translateException(S3AUtils.java:214)
[2026-08-21T10:15:51.453+0000] {spark_submit.py:571} INFO - at org.apache.hadoop.fs.s3a.S3AUtils.translateException(S3AUtils.java:175)
[2026-08-21T10:15:51.454+0000] {spark_submit.py:571} INFO - at org.apache.hadoop.fs.s3a.S3AFileSystem.s3GetFileStatus(S3AFileSystem.java:3799)
[2026-08-21T10:15:51.454+0000] {spark_submit.py:571} INFO - at org.apache.hadoop.fs.s3a.S3AFileSystem.innerGetFileStatus(S3AFileSystem.java:3688)
[2026-08-21T10:15:51.454+0000] {spark_submit.py:571} INFO - at org.apache.hadoop.fs.s3a.S3AFileSystem.extractOrFetchSimpleFileStatus(S3AFileSystem.java:5401)
[2026-08-21T10:15:51.454+0000] {spark_submit.py:571} INFO - at org.apache.hadoop.fs.s3a.S3AFileSystem.open(S3AFileSystem.java:1465)
[2026-08-21T10:15:51.454+0000] {spark_submit.py:571} INFO - at org.apache.hadoop.fs.s3a.S3AFileSystem.open(S3AFileSystem.java:1441)
[2026-08-21T10:15:51.455+0000] {spark_submit.py:571} INFO - at org.apache.hadoop.fs.FileSystem.open(FileSystem.java:976)
[2026-08-21T10:15:51.455+0000] {spark_submit.py:571} INFO - at io.delta.storage.HadoopFileSystemLogStore.read(HadoopFileSystemLogStore.java:46)
[2026-08-21T10:15:51.455+0000] {spark_submit.py:571} INFO - at org.apache.spark.sql.delta.storage.LogStoreAdaptor.read(LogStore.scala:412)
[2026-08-21T10:15:51.455+0000] {spark_submit.py:571} INFO - at org.apache.spark.sql.delta.storage.DelegatingLogStore.read(DelegatingLogStore.scala:96)
[2026-08-21T10:15:51.455+0000] {spark_submit.py:571} INFO - at org.apache.spark.sql.delta.Checkpoints.$anonfun$loadMetadataFromFile$1(Checkpoints.scala:376)
[2026-08-21T10:15:51.455+0000] {spark_submit.py:571} INFO - at org.apache.spark.sql.delta.metering.DeltaLogging.recordFrameProfile(DeltaLogging.scala:168)
[2026-08-21T10:15:51.456+0000] {spark_submit.py:571} INFO - at org.apache.spark.sql.delta.metering.DeltaLogging.recordFrameProfile$(DeltaLogging.scala:166)
[2026-08-21T10:15:51.456+0000] {spark_submit.py:571} INFO - at org.apache.spark.sql.delta.DeltaLog.recordFrameProfile(DeltaLog.scala:74)
[2026-08-21T10:15:51.456+0000] {spark_submit.py:571} INFO - at org.apache.spark.sql.delta.metering.DeltaLogging.$anonfun$recordDeltaOperationInternal$1(DeltaLogging.scala:136)
[2026-08-21T10:15:51.456+0000] {spark_submit.py:571} INFO - at com.databricks.spark.util.DatabricksLogging.recordOperation(DatabricksLogging.scala:128)
[2026-08-21T10:15:51.456+0000] {spark_submit.py:571} INFO - at com.databricks.spark.util.DatabricksLogging.recordOperation$(DatabricksLogging.scala:117)
[2026-08-21T10:15:51.457+0000] {spark_submit.py:571} INFO - at org.apache.spark.sql.delta.DeltaLog.recordOperation(DeltaLog.scala:74)
[2026-08-21T10:15:51.457+0000] {spark_submit.py:571} INFO - at org.apache.spark.sql.delta.metering.DeltaLogging.recordDeltaOperationInternal(DeltaLogging.scala:135)
[2026-08-21T10:15:51.457+0000] {spark_submit.py:571} INFO - at org.apache.spark.sql.delta.metering.DeltaLogging.recordDeltaOperation(DeltaLogging.scala:125)
[2026-08-21T10:15:51.457+0000] {spark_submit.py:571} INFO - at org.apache.spark.sql.delta.metering.DeltaLogging.recordDeltaOperation$(DeltaLogging.scala:115)
[2026-08-21T10:15:51.457+0000] {spark_submit.py:571} INFO - at org.apache.spark.sql.delta.DeltaLog.recordDeltaOperation(DeltaLog.scala:74)
[2026-08-21T10:15:51.457+0000] {spark_submit.py:571} INFO - at org.apache.spark.sql.delta.Checkpoints.loadMetadataFromFile(Checkpoints.scala:375)
[2026-08-21T10:15:51.458+0000] {spark_submit.py:571} INFO - at org.apache.spark.sql.delta.Checkpoints.$anonfun$loadMetadataFromFile$1(Checkpoints.scala:386)
[2026-08-21T10:15:51.458+0000] {spark_submit.py:571} INFO - at org.apache.spark.sql.delta.metering.DeltaLogging.recordFrameProfile(DeltaLogging.scala:168)
[2026-08-21T10:15:51.458+0000] {spark_submit.py:571} INFO - at org.apache.spark.sql.delta.metering.DeltaLogging.recordFrameProfile$(DeltaLogging.scala:166)
[2026-08-21T10:15:51.458+0000] {spark_submit.py:571} INFO - at org.apache.spark.sql.delta.DeltaLog.recordFrameProfile(DeltaLog.scala:74)
[2026-08-21T10:15:51.458+0000] {spark_submit.py:571} INFO - at org.apache.spark.sql.delta.metering.DeltaLogging.$anonfun$recordDeltaOperationInternal$1(DeltaLogging.scala:136)
[2026-08-21T10:15:51.459+0000] {spark_submit.py:571} INFO - at com.databricks.spark.util.DatabricksLogging.recordOperation(DatabricksLogging.scala:128)
[2026-08-21T10:15:51.459+0000] {spark_submit.py:571} INFO - at com.databricks.spark.util.DatabricksLogging.recordOperation$(DatabricksLogging.scala:117)
[2026-08-21T10:15:51.459+0000] {spark_submit.py:571} INFO - at org.apache.spark.sql.delta.DeltaLog.recordOperation(DeltaLog.scala:74)
[2026-08-21T10:15:51.459+0000] {spark_submit.py:571} INFO - at org.apache.spark.sql.delta.metering.DeltaLogging.recordDeltaOperationInternal(DeltaLogging.scala:135)
[2026-08-21T10:15:51.459+0000] {spark_submit.py:571} INFO - at org.apache.spark.sql.delta.metering.DeltaLogging.recordDeltaOperation(DeltaLogging.scala:125)
[2026-08-21T10:15:51.459+0000] {spark_submit.py:571} INFO - at org.apache.spark.sql.delta.metering.DeltaLogging.recordDeltaOperation$(DeltaLogging.scala:115)
[2026-08-21T10:15:51.460+0000] {spark_submit.py:571} INFO - at org.apache.spark.sql.delta.DeltaLog.recordDeltaOperation(DeltaLog.scala:74)
[2026-08-21T10:15:51.460+0000] {spark_submit.py:571} INFO - at org.apache.spark.sql.delta.Checkpoints.loadMetadataFromFile(Checkpoints.scala:375)
[2026-08-21T10:15:51.460+0000] {spark_submit.py:571} INFO - at org.apache.spark.sql.delta.Checkpoints.readLastCheckpointFile(Checkpoints.scala:369)
[2026-08-21T10:15:51.460+0000] {spark_submit.py:571} INFO - at org.apache.spark.sql.delta.Checkpoints.readLastCheckpointFile$(Checkpoints.scala:368)
[2026-08-21T10:15:51.460+0000] {spark_submit.py:571} INFO - at org.apache.spark.sql.delta.DeltaLog.readLastCheckpointFile(DeltaLog.scala:74)
[2026-08-21T10:15:51.461+0000] {spark_submit.py:571} INFO - at org.apache.spark.sql.delta.SnapshotManagement.$anonfun$getSnapshotAtInit$2(SnapshotManagement.scala:575)
[2026-08-21T10:15:51.461+0000] {spark_submit.py:571} INFO - at org.apache.spark.sql.delta.metering.DeltaLogging.recordFrameProfile(DeltaLogging.scala:168)
[2026-08-21T10:15:51.461+0000] {spark_submit.py:571} INFO - at org.apache.spark.sql.delta.metering.DeltaLogging.recordFrameProfile$(DeltaLogging.scala:166)
[2026-08-21T10:15:51.461+0000] {spark_submit.py:571} INFO - at org.apache.spark.sql.delta.DeltaLog.recordFrameProfile(DeltaLog.scala:74)
[2026-08-21T10:15:51.461+0000] {spark_submit.py:571} INFO - at org.apache.spark.sql.delta.SnapshotManagement.$anonfun$getSnapshotAtInit$1(SnapshotManagement.scala:573)
[2026-08-21T10:15:51.461+0000] {spark_submit.py:571} INFO - at org.apache.spark.sql.delta.SnapshotManagement.withSnapshotLockInterruptibly(SnapshotManagement.scala:78)
[2026-08-21T10:15:51.462+0000] {spark_submit.py:571} INFO - at org.apache.spark.sql.delta.SnapshotManagement.withSnapshotLockInterruptibly$(SnapshotManagement.scala:75)
[2026-08-21T10:15:51.462+0000] {spark_submit.py:571} INFO - at org.apache.spark.sql.delta.DeltaLog.withSnapshotLockInterruptibly(DeltaLog.scala:74)
[2026-08-21T10:15:51.462+0000] {spark_submit.py:571} INFO - at org.apache.spark.sql.delta.SnapshotManagement.getSnapshotAtInit(SnapshotManagement.scala:573)
[2026-08-21T10:15:51.462+0000] {spark_submit.py:571} INFO - at org.apache.spark.sql.delta.SnapshotManagement.getSnapshotAtInit$(SnapshotManagement.scala:572)
[2026-08-21T10:15:51.462+0000] {spark_submit.py:571} INFO - at org.apache.spark.sql.delta.DeltaLog.getSnapshotAtInit(DeltaLog.scala:74)
[2026-08-21T10:15:51.463+0000] {spark_submit.py:571} INFO - at org.apache.spark.sql.delta.SnapshotManagement.$init$(SnapshotManagement.scala:69)
[2026-08-21T10:15:51.463+0000] {spark_submit.py:571} INFO - at org.apache.spark.sql.delta.DeltaLog.<init>(DeltaLog.scala:80)
[2026-08-21T10:15:51.463+0000] {spark_submit.py:571} INFO - at org.apache.spark.sql.delta.DeltaLog$.$anonfun$apply$4(DeltaLog.scala:853)
[2026-08-21T10:15:51.463+0000] {spark_submit.py:571} INFO - at org.apache.spark.sql.catalyst.plans.logical.AnalysisHelper$.allowInvokingTransformsInAnalyzer(AnalysisHelper.scala:323)
[2026-08-21T10:15:51.463+0000] {spark_submit.py:571} INFO - at org.apache.spark.sql.delta.DeltaLog$.$anonfun$apply$3(DeltaLog.scala:848)
[2026-08-21T10:15:51.464+0000] {spark_submit.py:571} INFO - at org.apache.spark.sql.delta.metering.DeltaLogging.recordFrameProfile(DeltaLogging.scala:168)
[2026-08-21T10:15:51.464+0000] {spark_submit.py:571} INFO - at org.apache.spark.sql.delta.metering.DeltaLogging.recordFrameProfile$(DeltaLogging.scala:166)
[2026-08-21T10:15:51.464+0000] {spark_submit.py:571} INFO - at org.apache.spark.sql.delta.DeltaLog$.recordFrameProfile(DeltaLog.scala:651)
[2026-08-21T10:15:51.464+0000] {spark_submit.py:571} INFO - at org.apache.spark.sql.delta.metering.DeltaLogging.$anonfun$recordDeltaOperationInternal$1(DeltaLogging.scala:136)
[2026-08-21T10:15:51.465+0000] {spark_submit.py:571} INFO - at com.databricks.spark.util.DatabricksLogging.recordOperation(DatabricksLogging.scala:128)
[2026-08-21T10:15:51.465+0000] {spark_submit.py:571} INFO - at com.databricks.spark.util.DatabricksLogging.recordOperation$(DatabricksLogging.scala:117)
[2026-08-21T10:15:51.465+0000] {spark_submit.py:571} INFO - at org.apache.spark.sql.delta.DeltaLog$.recordOperation(DeltaLog.scala:651)
[2026-08-21T10:15:51.465+0000] {spark_submit.py:571} INFO - at org.apache.spark.sql.delta.metering.DeltaLogging.recordDeltaOperationInternal(DeltaLogging.scala:135)
[2026-08-21T10:15:51.465+0000] {spark_submit.py:571} INFO - at org.apache.spark.sql.delta.metering.DeltaLogging.recordDeltaOperation(DeltaLogging.scala:125)
[2026-08-21T10:15:51.465+0000] {spark_submit.py:571} INFO - at org.apache.spark.sql.delta.metering.DeltaLogging.recordDeltaOperation$(DeltaLogging.scala:115)
[2026-08-21T10:15:51.466+0000] {spark_submit.py:571} INFO - at org.apache.spark.sql.delta.DeltaLog$.recordDeltaOperation(DeltaLog.scala:651)
[2026-08-21T10:15:51.466+0000] {spark_submit.py:571} INFO - at org.apache.spark.sql.delta.DeltaLog$.createDeltaLog$1(DeltaLog.scala:847)
[2026-08-21T10:15:51.466+0000] {spark_submit.py:571} INFO - at org.apache.spark.sql.delta.DeltaLog$.$anonfun$apply$5(DeltaLog.scala:866)
[2026-08-21T10:15:51.466+0000] {spark_submit.py:571} INFO - at com.google.common.cache.LocalCache$LocalManualCache$1.load(LocalCache.java:4792)
[2026-08-21T10:15:51.466+0000] {spark_submit.py:571} INFO - at com.google.common.cache.LocalCache$LoadingValueReference.loadFuture(LocalCache.java:3599)
[2026-08-21T10:15:51.467+0000] {spark_submit.py:571} INFO - at com.google.common.cache.LocalCache$Segment.loadSync(LocalCache.java:2379)
[2026-08-21T10:15:51.467+0000] {spark_submit.py:571} INFO - at com.google.common.cache.LocalCache$Segment.lockedGetOrLoad(LocalCache.java:2342)
[2026-08-21T10:15:51.467+0000] {spark_submit.py:571} INFO - at com.google.common.cache.LocalCache$Segment.get(LocalCache.java:2257)
[2026-08-21T10:15:51.467+0000] {spark_submit.py:571} INFO - at com.google.common.cache.LocalCache.get(LocalCache.java:4000)
[2026-08-21T10:15:51.467+0000] {spark_submit.py:571} INFO - at com.google.common.cache.LocalCache$LocalManualCache.get(LocalCache.java:4789)
[2026-08-21T10:15:51.467+0000] {spark_submit.py:571} INFO - at org.apache.spark.sql.delta.DeltaLog$.getDeltaLogFromCache$1(DeltaLog.scala:865)
[2026-08-21T10:15:51.467+0000] {spark_submit.py:571} INFO - at org.apache.spark.sql.delta.DeltaLog$.apply(DeltaLog.scala:875)
[2026-08-21T10:15:51.468+0000] {spark_submit.py:571} INFO - at org.apache.spark.sql.delta.DeltaLog$.forTable(DeltaLog.scala:751)
[2026-08-21T10:15:51.468+0000] {spark_submit.py:571} INFO - at org.apache.spark.sql.delta.catalog.DeltaTableV2.$anonfun$deltaLog$1(DeltaTableV2.scala:92)
[2026-08-21T10:15:51.468+0000] {spark_submit.py:571} INFO - at org.apache.spark.sql.delta.catalog.DeltaTableV2$.withEnrichedUnsupportedTableException(DeltaTableV2.scala:367)
[2026-08-21T10:15:51.468+0000] {spark_submit.py:571} INFO - at org.apache.spark.sql.delta.catalog.DeltaTableV2.deltaLog$lzycompute(DeltaTableV2.scala:92)
[2026-08-21T10:15:51.468+0000] {spark_submit.py:571} INFO - at org.apache.spark.sql.delta.catalog.DeltaTableV2.deltaLog(DeltaTableV2.scala:90)
[2026-08-21T10:15:51.468+0000] {spark_submit.py:571} INFO - at org.apache.spark.sql.delta.catalog.DeltaTableV2.$anonfun$initialSnapshot$4(DeltaTableV2.scala:145)
[2026-08-21T10:15:51.469+0000] {spark_submit.py:571} INFO - at scala.Option.getOrElse(Option.scala:189)
[2026-08-21T10:15:51.469+0000] {spark_submit.py:571} INFO - at org.apache.spark.sql.delta.catalog.DeltaTableV2.$anonfun$initialSnapshot$1(DeltaTableV2.scala:145)
[2026-08-21T10:15:51.469+0000] {spark_submit.py:571} INFO - at org.apache.spark.sql.delta.catalog.DeltaTableV2$.withEnrichedUnsupportedTableException(DeltaTableV2.scala:367)
[2026-08-21T10:15:51.469+0000] {spark_submit.py:571} INFO - at org.apache.spark.sql.delta.catalog.DeltaTableV2.initialSnapshot$lzycompute(DeltaTableV2.scala:144)
[2026-08-21T10:15:51.469+0000] {spark_submit.py:571} INFO - at org.apache.spark.sql.delta.catalog.DeltaTableV2.initialSnapshot(DeltaTableV2.scala:124)
[2026-08-21T10:15:51.469+0000] {spark_submit.py:571} INFO - at org.apache.spark.sql.delta.catalog.DeltaTableV2.toBaseRelation$lzycompute(DeltaTableV2.scala:236)
[2026-08-21T10:15:51.470+0000] {spark_submit.py:571} INFO - at org.apache.spark.sql.delta.catalog.DeltaTableV2.toBaseRelation(DeltaTableV2.scala:234)
[2026-08-21T10:15:51.470+0000] {spark_submit.py:571} INFO - at org.apache.spark.sql.delta.sources.DeltaDataSource.$anonfun$createRelation$5(DeltaDataSource.scala:250)
[2026-08-21T10:15:51.470+0000] {spark_submit.py:571} INFO - at org.apache.spark.sql.delta.metering.DeltaLogging.recordFrameProfile(DeltaLogging.scala:168)
[2026-08-21T10:15:51.470+0000] {spark_submit.py:571} INFO - at org.apache.spark.sql.delta.metering.DeltaLogging.recordFrameProfile$(DeltaLogging.scala:166)
[2026-08-21T10:15:51.470+0000] {spark_submit.py:571} INFO - at org.apache.spark.sql.delta.sources.DeltaDataSource.recordFrameProfile(DeltaDataSource.scala:49)
[2026-08-21T10:15:51.470+0000] {spark_submit.py:571} INFO - at org.apache.spark.sql.delta.sources.DeltaDataSource.createRelation(DeltaDataSource.scala:209)
[2026-08-21T10:15:51.470+0000] {spark_submit.py:571} INFO - at org.apache.spark.sql.execution.datasources.DataSource.resolveRelation(DataSource.scala:346)
[2026-08-21T10:15:51.471+0000] {spark_submit.py:571} INFO - at org.apache.spark.sql.DataFrameReader.loadV1Source(DataFrameReader.scala:229)
[2026-08-21T10:15:51.471+0000] {spark_submit.py:571} INFO - at org.apache.spark.sql.DataFrameReader.$anonfun$load$2(DataFrameReader.scala:211)
[2026-08-21T10:15:51.471+0000] {spark_submit.py:571} INFO - at scala.Option.getOrElse(Option.scala:189)
[2026-08-21T10:15:51.471+0000] {spark_submit.py:571} INFO - at org.apache.spark.sql.DataFrameReader.load(DataFrameReader.scala:211)
[2026-08-21T10:15:51.471+0000] {spark_submit.py:571} INFO - at org.apache.spark.sql.DataFrameReader.load(DataFrameReader.scala:186)
[2026-08-21T10:15:51.471+0000] {spark_submit.py:571} INFO - at java.base/jdk.internal.reflect.NativeMethodAccessorImpl.invoke0(Native Method)
[2026-08-21T10:15:51.471+0000] {spark_submit.py:571} INFO - at java.base/jdk.internal.reflect.NativeMethodAccessorImpl.invoke(NativeMethodAccessorImpl.java:77)
[2026-08-21T10:15:51.472+0000] {spark_submit.py:571} INFO - at java.base/jdk.internal.reflect.DelegatingMethodAccessorImpl.invoke(DelegatingMethodAccessorImpl.java:43)
[2026-08-21T10:15:51.472+0000] {spark_submit.py:571} INFO - at java.base/java.lang.reflect.Method.invoke(Method.java:569)
[2026-08-21T10:15:51.472+0000] {spark_submit.py:571} INFO - at py4j.reflection.MethodInvoker.invoke(MethodInvoker.java:244)
[2026-08-21T10:15:51.472+0000] {spark_submit.py:571} INFO - at py4j.reflection.ReflectionEngine.invoke(ReflectionEngine.java:374)
[2026-08-21T10:15:51.472+0000] {spark_submit.py:571} INFO - at py4j.Gateway.invoke(Gateway.java:282)
[2026-08-21T10:15:51.473+0000] {spark_submit.py:571} INFO - at py4j.commands.AbstractCommand.invokeMethod(AbstractCommand.java:132)
[2026-08-21T10:15:51.473+0000] {spark_submit.py:571} INFO - at py4j.commands.CallCommand.execute(CallCommand.java:79)
[2026-08-21T10:15:51.473+0000] {spark_submit.py:571} INFO - at py4j.ClientServerConnection.waitForCommands(ClientServerConnection.java:182)
[2026-08-21T10:15:51.473+0000] {spark_submit.py:571} INFO - at py4j.ClientServerConnection.run(ClientServerConnection.java:106)
[2026-08-21T10:15:51.473+0000] {spark_submit.py:571} INFO - at java.base/java.lang.Thread.run(Thread.java:840)
[2026-08-21T10:15:51.474+0000] {spark_submit.py:571} INFO - Caused by: com.amazonaws.SdkClientException: Unable to execute HTTP request: silver.minio: Name or service not known
[2026-08-21T10:15:51.474+0000] {spark_submit.py:571} INFO - at com.amazonaws.http.AmazonHttpClient$RequestExecutor.handleRetryableException(AmazonHttpClient.java:1219)
[2026-08-21T10:15:51.474+0000] {spark_submit.py:571} INFO - at com.amazonaws.http.AmazonHttpClient$RequestExecutor.executeHelper(AmazonHttpClient.java:1165)
[2026-08-21T10:15:51.474+0000] {spark_submit.py:571} INFO - at com.amazonaws.http.AmazonHttpClient$RequestExecutor.doExecute(AmazonHttpClient.java:814)
[2026-08-21T10:15:51.474+0000] {spark_submit.py:571} INFO - at com.amazonaws.http.AmazonHttpClient$RequestExecutor.executeWithTimer(AmazonHttpClient.java:781)
[2026-08-21T10:15:51.474+0000] {spark_submit.py:571} INFO - at com.amazonaws.http.AmazonHttpClient$RequestExecutor.execute(AmazonHttpClient.java:755)
[2026-08-21T10:15:51.474+0000] {spark_submit.py:571} INFO - at com.amazonaws.http.AmazonHttpClient$RequestExecutor.access$500(AmazonHttpClient.java:715)
[2026-08-21T10:15:51.475+0000] {spark_submit.py:571} INFO - at com.amazonaws.http.AmazonHttpClient$RequestExecutionBuilderImpl.execute(AmazonHttpClient.java:697)
[2026-08-21T10:15:51.475+0000] {spark_submit.py:571} INFO - at com.amazonaws.http.AmazonHttpClient.execute(AmazonHttpClient.java:561)
[2026-08-21T10:15:51.475+0000] {spark_submit.py:571} INFO - at com.amazonaws.http.AmazonHttpClient.execute(AmazonHttpClient.java:541)
[2026-08-21T10:15:51.475+0000] {spark_submit.py:571} INFO - at com.amazonaws.services.s3.AmazonS3Client.invoke(AmazonS3Client.java:5456)
[2026-08-21T10:15:51.475+0000] {spark_submit.py:571} INFO - at com.amazonaws.services.s3.AmazonS3Client.invoke(AmazonS3Client.java:5403)
[2026-08-21T10:15:51.475+0000] {spark_submit.py:571} INFO - at com.amazonaws.services.s3.AmazonS3Client.getObjectMetadata(AmazonS3Client.java:1372)
[2026-08-21T10:15:51.475+0000] {spark_submit.py:571} INFO - at org.apache.hadoop.fs.s3a.S3AFileSystem.lambda$getObjectMetadata$10(S3AFileSystem.java:2545)
[2026-08-21T10:15:51.476+0000] {spark_submit.py:571} INFO - at org.apache.hadoop.fs.s3a.Invoker.retryUntranslated(Invoker.java:414)
[2026-08-21T10:15:51.476+0000] {spark_submit.py:571} INFO - at org.apache.hadoop.fs.s3a.Invoker.retryUntranslated(Invoker.java:377)
[2026-08-21T10:15:51.476+0000] {spark_submit.py:571} INFO - at org.apache.hadoop.fs.s3a.S3AFileSystem.getObjectMetadata(S3AFileSystem.java:2533)
[2026-08-21T10:15:51.476+0000] {spark_submit.py:571} INFO - at org.apache.hadoop.fs.s3a.S3AFileSystem.getObjectMetadata(S3AFileSystem.java:2513)
[2026-08-21T10:15:51.476+0000] {spark_submit.py:571} INFO - at org.apache.hadoop.fs.s3a.S3AFileSystem.s3GetFileStatus(S3AFileSystem.java:3776)
[2026-08-21T10:15:51.476+0000] {spark_submit.py:571} INFO - ... 111 more
[2026-08-21T10:15:51.476+0000] {spark_submit.py:571} INFO - Caused by: java.net.UnknownHostException: silver.minio: Name or service not known
[2026-08-21T10:15:51.477+0000] {spark_submit.py:571} INFO - at java.base/java.net.Inet6AddressImpl.lookupAllHostAddr(Native Method)
[2026-08-21T10:15:51.477+0000] {spark_submit.py:571} INFO - at java.base/java.net.InetAddress$PlatformNameService.lookupAllHostAddr(InetAddress.java:934)
[2026-08-21T10:15:51.477+0000] {spark_submit.py:571} INFO - at java.base/java.net.InetAddress.getAddressesFromNameService(InetAddress.java:1543)
[2026-08-21T10:15:51.477+0000] {spark_submit.py:571} INFO - at java.base/java.net.InetAddress$NameServiceAddresses.get(InetAddress.java:852)
[2026-08-21T10:15:51.477+0000] {spark_submit.py:571} INFO - at java.base/java.net.InetAddress.getAllByName0(InetAddress.java:1533)
[2026-08-21T10:15:51.477+0000] {spark_submit.py:571} INFO - at java.base/java.net.InetAddress.getAllByName(InetAddress.java:1385)
[2026-08-21T10:15:51.478+0000] {spark_submit.py:571} INFO - at java.base/java.net.InetAddress.getAllByName(InetAddress.java:1306)
[2026-08-21T10:15:51.478+0000] {spark_submit.py:571} INFO - at com.amazonaws.SystemDefaultDnsResolver.resolve(SystemDefaultDnsResolver.java:27)
[2026-08-21T10:15:51.478+0000] {spark_submit.py:571} INFO - at com.amazonaws.http.DelegatingDnsResolver.resolve(DelegatingDnsResolver.java:38)
[2026-08-21T10:15:51.478+0000] {spark_submit.py:571} INFO - at com.amazonaws.thirdparty.apache.http.impl.conn.DefaultHttpClientConnectionOperator.connect(DefaultHttpClientConnectionOperator.java:112)
[2026-08-21T10:15:51.478+0000] {spark_submit.py:571} INFO - at com.amazonaws.thirdparty.apache.http.impl.conn.PoolingHttpClientConnectionManager.connect(PoolingHttpClientConnectionManager.java:376)
[2026-08-21T10:15:51.478+0000] {spark_submit.py:571} INFO - at jdk.internal.reflect.GeneratedMethodAccessor20.invoke(Unknown Source)
[2026-08-21T10:15:51.478+0000] {spark_submit.py:571} INFO - at java.base/jdk.internal.reflect.DelegatingMethodAccessorImpl.invoke(DelegatingMethodAccessorImpl.java:43)
[2026-08-21T10:15:51.479+0000] {spark_submit.py:571} INFO - at java.base/java.lang.reflect.Method.invoke(Method.java:569)
[2026-08-21T10:15:51.479+0000] {spark_submit.py:571} INFO - at com.amazonaws.http.conn.ClientConnectionManagerFactory$Handler.invoke(ClientConnectionManagerFactory.java:76)
[2026-08-21T10:15:51.479+0000] {spark_submit.py:571} INFO - at com.amazonaws.http.conn.$Proxy33.connect(Unknown Source)
[2026-08-21T10:15:51.479+0000] {spark_submit.py:571} INFO - at com.amazonaws.thirdparty.apache.http.impl.execchain.MainClientExec.establishRoute(MainClientExec.java:393)
[2026-08-21T10:15:51.479+0000] {spark_submit.py:571} INFO - at com.amazonaws.thirdparty.apache.http.impl.execchain.MainClientExec.execute(MainClientExec.java:236)
[2026-08-21T10:15:51.479+0000] {spark_submit.py:571} INFO - at com.amazonaws.thirdparty.apache.http.impl.execchain.ProtocolExec.execute(ProtocolExec.java:186)
[2026-08-21T10:15:51.480+0000] {spark_submit.py:571} INFO - at com.amazonaws.thirdparty.apache.http.impl.client.InternalHttpClient.doExecute(InternalHttpClient.java:185)
[2026-08-21T10:15:51.480+0000] {spark_submit.py:571} INFO - at com.amazonaws.thirdparty.apache.http.impl.client.CloseableHttpClient.execute(CloseableHttpClient.java:83)
[2026-08-21T10:15:51.480+0000] {spark_submit.py:571} INFO - at com.amazonaws.thirdparty.apache.http.impl.client.CloseableHttpClient.execute(CloseableHttpClient.java:56)
[2026-08-21T10:15:51.480+0000] {spark_submit.py:571} INFO - at com.amazonaws.http.apache.client.impl.SdkHttpClient.execute(SdkHttpClient.java:72)
[2026-08-21T10:15:51.480+0000] {spark_submit.py:571} INFO - at com.amazonaws.http.AmazonHttpClient$RequestExecutor.executeOneRequest(AmazonHttpClient.java:1346)
[2026-08-21T10:15:51.480+0000] {spark_submit.py:571} INFO - at com.amazonaws.http.AmazonHttpClient$RequestExecutor.executeHelper(AmazonHttpClient.java:1157)
[2026-08-21T10:15:51.480+0000] {spark_submit.py:571} INFO - ... 127 more
[2026-08-21T10:16:00.913+0000] {local_task_job_runner.py:310} WARNING - State of this instance has been externally set to restarting. Terminating instance.
[2026-08-21T10:16:00.913+0000] {local_task_job_runner.py:222} INFO - ::endgroup::
[2026-08-21T10:16:00.916+0000] {process_utils.py:132} INFO - Sending 15 to group 2697. PIDs of all processes in the group: [2698, 2757, 2697]
[2026-08-21T10:16:00.916+0000] {process_utils.py:87} INFO - Sending the signal 15 to group 2697
[2026-08-21T10:16:00.916+0000] {taskinstance.py:2611} ERROR - Received SIGTERM. Terminating subprocesses.
[2026-08-21T10:16:00.917+0000] {spark_submit.py:697} INFO - Sending kill signal to spark-submit
[2026-08-21T10:16:00.919+0000] {taskinstance.py:441} INFO - ::group::Post task execution logs
[2026-08-21T10:16:00.928+0000] {taskinstance.py:2905} ERROR - Task failed with exception
Traceback (most recent call last):
  File "/home/airflow/.local/lib/python3.10/site-packages/airflow/models/taskinstance.py", line 465, in _execute_task
    result = _execute_callable(context=context, **execute_callable_kwargs)
  File "/home/airflow/.local/lib/python3.10/site-packages/airflow/models/taskinstance.py", line 432, in _execute_callable
    return execute_callable(context=context, **execute_callable_kwargs)
  File "/home/airflow/.local/lib/python3.10/site-packages/airflow/models/baseoperator.py", line 400, in wrapper
    return func(self, *args, **kwargs)
  File "/home/airflow/.local/lib/python3.10/site-packages/airflow/providers/apache/spark/operators/spark_submit.py", line 174, in execute
    self._hook.submit(self.application)
  File "/home/airflow/.local/lib/python3.10/site-packages/airflow/providers/apache/spark/hooks/spark_submit.py", line 490, in submit
    self._process_spark_submit_log(iter(self._submit_sp.stdout))  # type: ignore
  File "/home/airflow/.local/lib/python3.10/site-packages/airflow/providers/apache/spark/hooks/spark_submit.py", line 539, in _process_spark_submit_log
    for line in itr:
  File "/home/airflow/.local/lib/python3.10/site-packages/airflow/models/taskinstance.py", line 2613, in signal_handler
    raise AirflowTaskTerminated("Task received SIGTERM signal")
airflow.exceptions.AirflowTaskTerminated: Task received SIGTERM signal
[2026-08-21T10:16:00.938+0000] {taskinstance.py:1206} INFO - Marking task as UP_FOR_RETRY. dag_id=cell_kpi_hourly_anomaly_pipeline, task_id=3_offline_train_baseline, run_id=scheduled__2025-05-31T17:00:00+00:00, execution_date=20250531T170000, start_date=20260821T095501, end_date=20260821T101600
[2026-08-21T10:16:00.968+0000] {process_utils.py:80} INFO - Process psutil.Process(pid=2698, status='terminated', started='09:55:01') (2698) terminated with exit code None
[2026-08-21T10:16:00.969+0000] {process_utils.py:80} INFO - Process psutil.Process(pid=2757, status='terminated', started='09:55:05') (2757) terminated with exit code None
[2026-08-21T10:16:00.969+0000] {process_utils.py:80} INFO - Process psutil.Process(pid=2697, status='terminated', exitcode=2, started='09:55:01') (2697) terminated with exit code 2
[2026-08-21T10:18:27.694+0000] {local_task_job_runner.py:120} INFO - ::group::Pre task execution logs
[2026-08-21T10:18:27.708+0000] {taskinstance.py:2076} INFO - Dependencies all met for dep_context=non-requeueable deps ti=<TaskInstance: cell_kpi_hourly_anomaly_pipeline.3_offline_train_baseline scheduled__2025-05-31T17:00:00+00:00 [queued]>
[2026-08-21T10:18:27.714+0000] {taskinstance.py:2076} INFO - Dependencies all met for dep_context=requeueable deps ti=<TaskInstance: cell_kpi_hourly_anomaly_pipeline.3_offline_train_baseline scheduled__2025-05-31T17:00:00+00:00 [queued]>
[2026-08-21T10:18:27.714+0000] {taskinstance.py:2306} INFO - Starting attempt 1 of 2
[2026-08-21T10:18:27.724+0000] {taskinstance.py:2330} INFO - Executing <Task(SparkSubmitOperator): 3_offline_train_baseline> on 2025-05-31 17:00:00+00:00
[2026-08-21T10:18:27.730+0000] {standard_task_runner.py:63} INFO - Started process 3962 to run task
[2026-08-21T10:18:27.732+0000] {standard_task_runner.py:90} INFO - Running: ['***', 'tasks', 'run', 'cell_kpi_hourly_anomaly_pipeline', '3_offline_train_baseline', 'scheduled__2025-05-31T17:00:00+00:00', '--job-id', '97', '--raw', '--subdir', 'DAGS_FOLDER/cell_kpi_hourly_anomaly.py', '--cfg-path', '/tmp/tmplpypjyfv']
[2026-08-21T10:18:27.734+0000] {standard_task_runner.py:91} INFO - Job 97: Subtask 3_offline_train_baseline
[2026-08-21T10:18:27.772+0000] {task_command.py:426} INFO - Running <TaskInstance: cell_kpi_hourly_anomaly_pipeline.3_offline_train_baseline scheduled__2025-05-31T17:00:00+00:00 [running]> on host 5d28507313c5
[2026-08-21T10:18:27.817+0000] {logging_mixin.py:188} WARNING - /home/***/.local/lib/python3.10/site-packages/***/utils/context.py:212 AirflowContextDeprecationWarning: Accessing 'execution_date' from the template is deprecated and will be removed in a future version. Please use 'data_interval_start' or 'logical_date' instead.
[2026-08-21T10:18:27.843+0000] {taskinstance.py:2648} INFO - Exporting env vars: AIRFLOW_CTX_DAG_OWNER='data_engineer_team' AIRFLOW_CTX_DAG_ID='cell_kpi_hourly_anomaly_pipeline' AIRFLOW_CTX_TASK_ID='3_offline_train_baseline' AIRFLOW_CTX_EXECUTION_DATE='2025-05-31T17:00:00+00:00' AIRFLOW_CTX_TRY_NUMBER='1' AIRFLOW_CTX_DAG_RUN_ID='scheduled__2025-05-31T17:00:00+00:00'
[2026-08-21T10:18:27.843+0000] {taskinstance.py:430} INFO - ::endgroup::
[2026-08-21T10:18:27.859+0000] {base.py:84} INFO - Using connection ID 'spark-master' for task execution.
[2026-08-21T10:18:27.859+0000] {spark_submit.py:401} INFO - Spark-Submit cmd: spark-submit --master spark://spark-master:7077 --name arrow-spark --deploy-mode client /opt/***/spark_scripts/3_offline_train.py --train_until_date 2025-06-01
[2026-08-21T10:18:27.941+0000] {spark_submit.py:571} INFO - /home/***/.local/lib/python3.10/site-packages/pyspark/bin/load-spark-env.sh: line 68: ps: command not found
[2026-08-21T10:18:30.276+0000] {spark_submit.py:571} INFO - 26/08/21 10:18:30 INFO SparkContext: Running Spark version 3.5.1
[2026-08-21T10:18:30.278+0000] {spark_submit.py:571} INFO - 26/08/21 10:18:30 INFO SparkContext: OS info Linux, 6.8.0-1052-azure, amd64
[2026-08-21T10:18:30.278+0000] {spark_submit.py:571} INFO - 26/08/21 10:18:30 INFO SparkContext: Java version 17.0.20
[2026-08-21T10:18:30.331+0000] {spark_submit.py:571} INFO - 26/08/21 10:18:30 WARN NativeCodeLoader: Unable to load native-hadoop library for your platform... using builtin-java classes where applicable
[2026-08-21T10:18:30.414+0000] {spark_submit.py:571} INFO - 26/08/21 10:18:30 INFO ResourceUtils: ==============================================================
[2026-08-21T10:18:30.414+0000] {spark_submit.py:571} INFO - 26/08/21 10:18:30 INFO ResourceUtils: No custom resources configured for spark.driver.
[2026-08-21T10:18:30.414+0000] {spark_submit.py:571} INFO - 26/08/21 10:18:30 INFO ResourceUtils: ==============================================================
[2026-08-21T10:18:30.415+0000] {spark_submit.py:571} INFO - 26/08/21 10:18:30 INFO SparkContext: Submitted application: Offline_Train_Baseline_until_2025-06-01
[2026-08-21T10:18:30.436+0000] {spark_submit.py:571} INFO - 26/08/21 10:18:30 INFO ResourceProfile: Default ResourceProfile created, executor resources: Map(memory -> name: memory, amount: 1024, script: , vendor: , offHeap -> name: offHeap, amount: 0, script: , vendor: ), task resources: Map(cpus -> name: cpus, amount: 1.0)
[2026-08-21T10:18:30.439+0000] {spark_submit.py:571} INFO - 26/08/21 10:18:30 INFO ResourceProfile: Limiting resource is cpu
[2026-08-21T10:18:30.440+0000] {spark_submit.py:571} INFO - 26/08/21 10:18:30 INFO ResourceProfileManager: Added ResourceProfile id: 0
[2026-08-21T10:18:30.478+0000] {spark_submit.py:571} INFO - 26/08/21 10:18:30 INFO SecurityManager: Changing view acls to: ***
[2026-08-21T10:18:30.478+0000] {spark_submit.py:571} INFO - 26/08/21 10:18:30 INFO SecurityManager: Changing modify acls to: ***
[2026-08-21T10:18:30.478+0000] {spark_submit.py:571} INFO - 26/08/21 10:18:30 INFO SecurityManager: Changing view acls groups to:
[2026-08-21T10:18:30.479+0000] {spark_submit.py:571} INFO - 26/08/21 10:18:30 INFO SecurityManager: Changing modify acls groups to:
[2026-08-21T10:18:30.479+0000] {spark_submit.py:571} INFO - 26/08/21 10:18:30 INFO SecurityManager: SecurityManager: authentication disabled; ui acls disabled; users with view permissions: ***; groups with view permissions: EMPTY; users with modify permissions: ***; groups with modify permissions: EMPTY
[2026-08-21T10:18:30.730+0000] {spark_submit.py:571} INFO - 26/08/21 10:18:30 INFO Utils: Successfully started service 'sparkDriver' on port 40507.
[2026-08-21T10:18:30.760+0000] {spark_submit.py:571} INFO - 26/08/21 10:18:30 INFO SparkEnv: Registering MapOutputTracker
[2026-08-21T10:18:30.794+0000] {spark_submit.py:571} INFO - 26/08/21 10:18:30 INFO SparkEnv: Registering BlockManagerMaster
[2026-08-21T10:18:30.812+0000] {spark_submit.py:571} INFO - 26/08/21 10:18:30 INFO BlockManagerMasterEndpoint: Using org.apache.spark.storage.DefaultTopologyMapper for getting topology information
[2026-08-21T10:18:30.813+0000] {spark_submit.py:571} INFO - 26/08/21 10:18:30 INFO BlockManagerMasterEndpoint: BlockManagerMasterEndpoint up
[2026-08-21T10:18:30.816+0000] {spark_submit.py:571} INFO - 26/08/21 10:18:30 INFO SparkEnv: Registering BlockManagerMasterHeartbeat
[2026-08-21T10:18:30.836+0000] {spark_submit.py:571} INFO - 26/08/21 10:18:30 INFO DiskBlockManager: Created local directory at /tmp/blockmgr-2f2da0a9-0be8-4e62-acf9-cf6ebbb60874
[2026-08-21T10:18:30.849+0000] {spark_submit.py:571} INFO - 26/08/21 10:18:30 INFO MemoryStore: MemoryStore started with capacity 434.4 MiB
[2026-08-21T10:18:30.864+0000] {spark_submit.py:571} INFO - 26/08/21 10:18:30 INFO SparkEnv: Registering OutputCommitCoordinator
[2026-08-21T10:18:30.955+0000] {spark_submit.py:571} INFO - 26/08/21 10:18:30 INFO JettyUtils: Start Jetty 0.0.0.0:4040 for SparkUI
[2026-08-21T10:18:31.001+0000] {spark_submit.py:571} INFO - 26/08/21 10:18:31 INFO Utils: Successfully started service 'SparkUI' on port 4040.
[2026-08-21T10:18:31.113+0000] {spark_submit.py:571} INFO - 26/08/21 10:18:31 INFO StandaloneAppClient$ClientEndpoint: Connecting to master spark://spark-master:7077...
[2026-08-21T10:18:31.164+0000] {spark_submit.py:571} INFO - 26/08/21 10:18:31 INFO TransportClientFactory: Successfully created connection to spark-master/172.18.0.7:7077 after 27 ms (0 ms spent in bootstraps)
[2026-08-21T10:18:31.241+0000] {spark_submit.py:571} INFO - 26/08/21 10:18:31 INFO StandaloneSchedulerBackend: Connected to Spark cluster with app ID app-20260821101831-0008
[2026-08-21T10:18:31.244+0000] {spark_submit.py:571} INFO - 26/08/21 10:18:31 INFO StandaloneAppClient$ClientEndpoint: Executor added: app-20260821101831-0008/0 on worker-20260821093253-172.18.0.8-35191 (172.18.0.8:35191) with 2 core(s)
[2026-08-21T10:18:31.245+0000] {spark_submit.py:571} INFO - 26/08/21 10:18:31 INFO StandaloneSchedulerBackend: Granted executor ID app-20260821101831-0008/0 on hostPort 172.18.0.8:35191 with 2 core(s), 1024.0 MiB RAM
[2026-08-21T10:18:31.245+0000] {spark_submit.py:571} INFO - 26/08/21 10:18:31 INFO StandaloneAppClient$ClientEndpoint: Executor added: app-20260821101831-0008/1 on worker-20260821093253-172.18.0.9-46549 (172.18.0.9:46549) with 2 core(s)
[2026-08-21T10:18:31.246+0000] {spark_submit.py:571} INFO - 26/08/21 10:18:31 INFO StandaloneSchedulerBackend: Granted executor ID app-20260821101831-0008/1 on hostPort 172.18.0.9:46549 with 2 core(s), 1024.0 MiB RAM
[2026-08-21T10:18:31.269+0000] {spark_submit.py:571} INFO - 26/08/21 10:18:31 INFO Utils: Successfully started service 'org.apache.spark.network.netty.NettyBlockTransferService' on port 35771.
[2026-08-21T10:18:31.269+0000] {spark_submit.py:571} INFO - 26/08/21 10:18:31 INFO NettyBlockTransferService: Server created on 5d28507313c5:35771
[2026-08-21T10:18:31.270+0000] {spark_submit.py:571} INFO - 26/08/21 10:18:31 INFO BlockManager: Using org.apache.spark.storage.RandomBlockReplicationPolicy for block replication policy
[2026-08-21T10:18:31.292+0000] {spark_submit.py:571} INFO - 26/08/21 10:18:31 INFO BlockManagerMaster: Registering BlockManager BlockManagerId(driver, 5d28507313c5, 35771, None)
[2026-08-21T10:18:31.306+0000] {spark_submit.py:571} INFO - 26/08/21 10:18:31 INFO BlockManagerMasterEndpoint: Registering block manager 5d28507313c5:35771 with 434.4 MiB RAM, BlockManagerId(driver, 5d28507313c5, 35771, None)
[2026-08-21T10:18:31.314+0000] {spark_submit.py:571} INFO - 26/08/21 10:18:31 INFO StandaloneAppClient$ClientEndpoint: Executor updated: app-20260821101831-0008/0 is now RUNNING
[2026-08-21T10:18:31.323+0000] {spark_submit.py:571} INFO - 26/08/21 10:18:31 INFO StandaloneAppClient$ClientEndpoint: Executor updated: app-20260821101831-0008/1 is now RUNNING
[2026-08-21T10:18:31.325+0000] {spark_submit.py:571} INFO - 26/08/21 10:18:31 INFO BlockManagerMaster: Registered BlockManager BlockManagerId(driver, 5d28507313c5, 35771, None)
[2026-08-21T10:18:31.325+0000] {spark_submit.py:571} INFO - 26/08/21 10:18:31 INFO BlockManager: Initialized BlockManager: BlockManagerId(driver, 5d28507313c5, 35771, None)
[2026-08-21T10:18:31.694+0000] {spark_submit.py:571} INFO - 26/08/21 10:18:31 INFO StandaloneSchedulerBackend: SchedulerBackend is ready for scheduling beginning after reached minRegisteredResourcesRatio: 0.0
[2026-08-21T10:18:32.140+0000] {spark_submit.py:571} INFO - Bắt đầu OFFLINE TRAINING dữ liệu từ đầu đến ngày 2025-06-01...
[2026-08-21T10:18:32.222+0000] {spark_submit.py:571} INFO - 26/08/21 10:18:32 INFO SharedState: Setting hive.metastore.warehouse.dir ('null') to the value of spark.sql.warehouse.dir.
[2026-08-21T10:18:32.251+0000] {spark_submit.py:571} INFO - 26/08/21 10:18:32 INFO SharedState: Warehouse path is 'file:/opt/***/spark-warehouse'.
[2026-08-21T10:18:34.295+0000] {spark_submit.py:571} INFO - 26/08/21 10:18:34 WARN MetricsConfig: Cannot locate configuration: tried hadoop-metrics2-s3a-file-system.properties,hadoop-metrics2.properties
[2026-08-21T10:18:34.321+0000] {spark_submit.py:571} INFO - 26/08/21 10:18:34 INFO MetricsSystemImpl: Scheduled Metric snapshot period at 10 second(s).
[2026-08-21T10:18:34.322+0000] {spark_submit.py:571} INFO - 26/08/21 10:18:34 INFO MetricsSystemImpl: s3a-file-system metrics system started
[2026-08-21T10:18:36.509+0000] {spark_submit.py:571} INFO - 26/08/21 10:18:36 INFO StandaloneSchedulerBackend$StandaloneDriverEndpoint: Registered executor NettyRpcEndpointRef(spark-client://Executor) (172.18.0.9:37882) with ID 1,  ResourceProfileId 0
[2026-08-21T10:18:36.724+0000] {spark_submit.py:571} INFO - 26/08/21 10:18:36 INFO BlockManagerMasterEndpoint: Registering block manager 172.18.0.9:33071 with 434.4 MiB RAM, BlockManagerId(1, 172.18.0.9, 33071, None)
[2026-08-21T10:18:36.816+0000] {spark_submit.py:571} INFO - 26/08/21 10:18:36 INFO StandaloneSchedulerBackend$StandaloneDriverEndpoint: Registered executor NettyRpcEndpointRef(spark-client://Executor) (172.18.0.8:47264) with ID 0,  ResourceProfileId 0
[2026-08-21T10:18:36.945+0000] {spark_submit.py:571} INFO - 26/08/21 10:18:36 INFO BlockManagerMasterEndpoint: Registering block manager 172.18.0.8:46339 with 434.4 MiB RAM, BlockManagerId(0, 172.18.0.8, 46339, None)
[2026-08-21T10:34:42.471+0000] {spark_submit.py:571} INFO - 26/08/21 10:34:42 INFO DelegatingLogStore: LogStore `LogStoreAdapter(io.delta.storage.S3SingleDriverLogStore)` is used for scheme `s3a`
[2026-08-21T10:36:17.810+0000] {spark_submit.py:571} INFO - 26/08/21 10:36:17 WARN DeltaLog: Failed to parse s3a://silver/cell_kpi_clean/_delta_log/_last_checkpoint. This may happen if there was an error during read operation, or a file appears to be partial. Sleeping and trying again.
[2026-08-21T10:36:17.811+0000] {spark_submit.py:571} INFO - org.apache.hadoop.fs.s3a.AWSClientIOException: getFileStatus on s3a://silver/cell_kpi_clean/_delta_log/_last_checkpoint: com.amazonaws.SdkClientException: Unable to execute HTTP request: silver.minio: Name or service not known: Unable to execute HTTP request: silver.minio: Name or service not known
[2026-08-21T10:36:17.811+0000] {spark_submit.py:571} INFO - at org.apache.hadoop.fs.s3a.S3AUtils.translateException(S3AUtils.java:214)
[2026-08-21T10:36:17.811+0000] {spark_submit.py:571} INFO - at org.apache.hadoop.fs.s3a.S3AUtils.translateException(S3AUtils.java:175)
[2026-08-21T10:36:17.811+0000] {spark_submit.py:571} INFO - at org.apache.hadoop.fs.s3a.S3AFileSystem.s3GetFileStatus(S3AFileSystem.java:3799)
[2026-08-21T10:36:17.811+0000] {spark_submit.py:571} INFO - at org.apache.hadoop.fs.s3a.S3AFileSystem.innerGetFileStatus(S3AFileSystem.java:3688)
[2026-08-21T10:36:17.811+0000] {spark_submit.py:571} INFO - at org.apache.hadoop.fs.s3a.S3AFileSystem.extractOrFetchSimpleFileStatus(S3AFileSystem.java:5401)
[2026-08-21T10:36:17.812+0000] {spark_submit.py:571} INFO - at org.apache.hadoop.fs.s3a.S3AFileSystem.open(S3AFileSystem.java:1465)
[2026-08-21T10:36:17.812+0000] {spark_submit.py:571} INFO - at org.apache.hadoop.fs.s3a.S3AFileSystem.open(S3AFileSystem.java:1441)
[2026-08-21T10:36:17.812+0000] {spark_submit.py:571} INFO - at org.apache.hadoop.fs.FileSystem.open(FileSystem.java:976)
[2026-08-21T10:36:17.812+0000] {spark_submit.py:571} INFO - at io.delta.storage.HadoopFileSystemLogStore.read(HadoopFileSystemLogStore.java:46)
[2026-08-21T10:36:17.812+0000] {spark_submit.py:571} INFO - at org.apache.spark.sql.delta.storage.LogStoreAdaptor.read(LogStore.scala:412)
[2026-08-21T10:36:17.812+0000] {spark_submit.py:571} INFO - at org.apache.spark.sql.delta.storage.DelegatingLogStore.read(DelegatingLogStore.scala:96)
[2026-08-21T10:36:17.813+0000] {spark_submit.py:571} INFO - at org.apache.spark.sql.delta.Checkpoints.$anonfun$loadMetadataFromFile$1(Checkpoints.scala:376)
[2026-08-21T10:36:17.813+0000] {spark_submit.py:571} INFO - at org.apache.spark.sql.delta.metering.DeltaLogging.recordFrameProfile(DeltaLogging.scala:168)
[2026-08-21T10:36:17.813+0000] {spark_submit.py:571} INFO - at org.apache.spark.sql.delta.metering.DeltaLogging.recordFrameProfile$(DeltaLogging.scala:166)
[2026-08-21T10:36:17.813+0000] {spark_submit.py:571} INFO - at org.apache.spark.sql.delta.DeltaLog.recordFrameProfile(DeltaLog.scala:74)
[2026-08-21T10:36:17.813+0000] {spark_submit.py:571} INFO - at org.apache.spark.sql.delta.metering.DeltaLogging.$anonfun$recordDeltaOperationInternal$1(DeltaLogging.scala:136)
[2026-08-21T10:36:17.813+0000] {spark_submit.py:571} INFO - at com.databricks.spark.util.DatabricksLogging.recordOperation(DatabricksLogging.scala:128)
[2026-08-21T10:36:17.813+0000] {spark_submit.py:571} INFO - at com.databricks.spark.util.DatabricksLogging.recordOperation$(DatabricksLogging.scala:117)
[2026-08-21T10:36:17.814+0000] {spark_submit.py:571} INFO - at org.apache.spark.sql.delta.DeltaLog.recordOperation(DeltaLog.scala:74)
[2026-08-21T10:36:17.814+0000] {spark_submit.py:571} INFO - at org.apache.spark.sql.delta.metering.DeltaLogging.recordDeltaOperationInternal(DeltaLogging.scala:135)
[2026-08-21T10:36:17.814+0000] {spark_submit.py:571} INFO - at org.apache.spark.sql.delta.metering.DeltaLogging.recordDeltaOperation(DeltaLogging.scala:125)
[2026-08-21T10:36:17.814+0000] {spark_submit.py:571} INFO - at org.apache.spark.sql.delta.metering.DeltaLogging.recordDeltaOperation$(DeltaLogging.scala:115)
[2026-08-21T10:36:17.814+0000] {spark_submit.py:571} INFO - at org.apache.spark.sql.delta.DeltaLog.recordDeltaOperation(DeltaLog.scala:74)
[2026-08-21T10:36:17.814+0000] {spark_submit.py:571} INFO - at org.apache.spark.sql.delta.Checkpoints.loadMetadataFromFile(Checkpoints.scala:375)
[2026-08-21T10:36:17.814+0000] {spark_submit.py:571} INFO - at org.apache.spark.sql.delta.Checkpoints.readLastCheckpointFile(Checkpoints.scala:369)
[2026-08-21T10:36:17.814+0000] {spark_submit.py:571} INFO - at org.apache.spark.sql.delta.Checkpoints.readLastCheckpointFile$(Checkpoints.scala:368)
[2026-08-21T10:36:17.815+0000] {spark_submit.py:571} INFO - at org.apache.spark.sql.delta.DeltaLog.readLastCheckpointFile(DeltaLog.scala:74)
[2026-08-21T10:36:17.815+0000] {spark_submit.py:571} INFO - at org.apache.spark.sql.delta.SnapshotManagement.$anonfun$getSnapshotAtInit$2(SnapshotManagement.scala:575)
[2026-08-21T10:36:17.815+0000] {spark_submit.py:571} INFO - at org.apache.spark.sql.delta.metering.DeltaLogging.recordFrameProfile(DeltaLogging.scala:168)
[2026-08-21T10:36:17.815+0000] {spark_submit.py:571} INFO - at org.apache.spark.sql.delta.metering.DeltaLogging.recordFrameProfile$(DeltaLogging.scala:166)
[2026-08-21T10:36:17.815+0000] {spark_submit.py:571} INFO - at org.apache.spark.sql.delta.DeltaLog.recordFrameProfile(DeltaLog.scala:74)
[2026-08-21T10:36:17.815+0000] {spark_submit.py:571} INFO - at org.apache.spark.sql.delta.SnapshotManagement.$anonfun$getSnapshotAtInit$1(SnapshotManagement.scala:573)
[2026-08-21T10:36:17.816+0000] {spark_submit.py:571} INFO - at org.apache.spark.sql.delta.SnapshotManagement.withSnapshotLockInterruptibly(SnapshotManagement.scala:78)
[2026-08-21T10:36:17.816+0000] {spark_submit.py:571} INFO - at org.apache.spark.sql.delta.SnapshotManagement.withSnapshotLockInterruptibly$(SnapshotManagement.scala:75)
[2026-08-21T10:36:17.816+0000] {spark_submit.py:571} INFO - at org.apache.spark.sql.delta.DeltaLog.withSnapshotLockInterruptibly(DeltaLog.scala:74)
[2026-08-21T10:36:17.816+0000] {spark_submit.py:571} INFO - at org.apache.spark.sql.delta.SnapshotManagement.getSnapshotAtInit(SnapshotManagement.scala:573)
[2026-08-21T10:36:17.816+0000] {spark_submit.py:571} INFO - at org.apache.spark.sql.delta.SnapshotManagement.getSnapshotAtInit$(SnapshotManagement.scala:572)
[2026-08-21T10:36:17.816+0000] {spark_submit.py:571} INFO - at org.apache.spark.sql.delta.DeltaLog.getSnapshotAtInit(DeltaLog.scala:74)
[2026-08-21T10:36:17.816+0000] {spark_submit.py:571} INFO - at org.apache.spark.sql.delta.SnapshotManagement.$init$(SnapshotManagement.scala:69)
[2026-08-21T10:36:17.816+0000] {spark_submit.py:571} INFO - at org.apache.spark.sql.delta.DeltaLog.<init>(DeltaLog.scala:80)
[2026-08-21T10:36:17.817+0000] {spark_submit.py:571} INFO - at org.apache.spark.sql.delta.DeltaLog$.$anonfun$apply$4(DeltaLog.scala:853)
[2026-08-21T10:36:17.817+0000] {spark_submit.py:571} INFO - at org.apache.spark.sql.catalyst.plans.logical.AnalysisHelper$.allowInvokingTransformsInAnalyzer(AnalysisHelper.scala:323)
[2026-08-21T10:36:17.817+0000] {spark_submit.py:571} INFO - at org.apache.spark.sql.delta.DeltaLog$.$anonfun$apply$3(DeltaLog.scala:848)
[2026-08-21T10:36:17.817+0000] {spark_submit.py:571} INFO - at org.apache.spark.sql.delta.metering.DeltaLogging.recordFrameProfile(DeltaLogging.scala:168)
[2026-08-21T10:36:17.817+0000] {spark_submit.py:571} INFO - at org.apache.spark.sql.delta.metering.DeltaLogging.recordFrameProfile$(DeltaLogging.scala:166)
[2026-08-21T10:36:17.817+0000] {spark_submit.py:571} INFO - at org.apache.spark.sql.delta.DeltaLog$.recordFrameProfile(DeltaLog.scala:651)
[2026-08-21T10:36:17.817+0000] {spark_submit.py:571} INFO - at org.apache.spark.sql.delta.metering.DeltaLogging.$anonfun$recordDeltaOperationInternal$1(DeltaLogging.scala:136)
[2026-08-21T10:36:17.818+0000] {spark_submit.py:571} INFO - at com.databricks.spark.util.DatabricksLogging.recordOperation(DatabricksLogging.scala:128)
[2026-08-21T10:36:17.818+0000] {spark_submit.py:571} INFO - at com.databricks.spark.util.DatabricksLogging.recordOperation$(DatabricksLogging.scala:117)
[2026-08-21T10:36:17.818+0000] {spark_submit.py:571} INFO - at org.apache.spark.sql.delta.DeltaLog$.recordOperation(DeltaLog.scala:651)
[2026-08-21T10:36:17.818+0000] {spark_submit.py:571} INFO - at org.apache.spark.sql.delta.metering.DeltaLogging.recordDeltaOperationInternal(DeltaLogging.scala:135)
[2026-08-21T10:36:17.818+0000] {spark_submit.py:571} INFO - at org.apache.spark.sql.delta.metering.DeltaLogging.recordDeltaOperation(DeltaLogging.scala:125)
[2026-08-21T10:36:17.818+0000] {spark_submit.py:571} INFO - at org.apache.spark.sql.delta.metering.DeltaLogging.recordDeltaOperation$(DeltaLogging.scala:115)
[2026-08-21T10:36:17.819+0000] {spark_submit.py:571} INFO - at org.apache.spark.sql.delta.DeltaLog$.recordDeltaOperation(DeltaLog.scala:651)
[2026-08-21T10:36:17.819+0000] {spark_submit.py:571} INFO - at org.apache.spark.sql.delta.DeltaLog$.createDeltaLog$1(DeltaLog.scala:847)
[2026-08-21T10:36:17.819+0000] {spark_submit.py:571} INFO - at org.apache.spark.sql.delta.DeltaLog$.$anonfun$apply$5(DeltaLog.scala:866)
[2026-08-21T10:36:17.819+0000] {spark_submit.py:571} INFO - at com.google.common.cache.LocalCache$LocalManualCache$1.load(LocalCache.java:4792)
[2026-08-21T10:36:17.819+0000] {spark_submit.py:571} INFO - at com.google.common.cache.LocalCache$LoadingValueReference.loadFuture(LocalCache.java:3599)
[2026-08-21T10:36:17.819+0000] {spark_submit.py:571} INFO - at com.google.common.cache.LocalCache$Segment.loadSync(LocalCache.java:2379)
[2026-08-21T10:36:17.819+0000] {spark_submit.py:571} INFO - at com.google.common.cache.LocalCache$Segment.lockedGetOrLoad(LocalCache.java:2342)
[2026-08-21T10:36:17.820+0000] {spark_submit.py:571} INFO - at com.google.common.cache.LocalCache$Segment.get(LocalCache.java:2257)
[2026-08-21T10:36:17.820+0000] {spark_submit.py:571} INFO - at com.google.common.cache.LocalCache.get(LocalCache.java:4000)
[2026-08-21T10:36:17.820+0000] {spark_submit.py:571} INFO - at com.google.common.cache.LocalCache$LocalManualCache.get(LocalCache.java:4789)
[2026-08-21T10:36:17.820+0000] {spark_submit.py:571} INFO - at org.apache.spark.sql.delta.DeltaLog$.getDeltaLogFromCache$1(DeltaLog.scala:865)
[2026-08-21T10:36:17.820+0000] {spark_submit.py:571} INFO - at org.apache.spark.sql.delta.DeltaLog$.apply(DeltaLog.scala:875)
[2026-08-21T10:36:17.820+0000] {spark_submit.py:571} INFO - at org.apache.spark.sql.delta.DeltaLog$.forTable(DeltaLog.scala:751)
[2026-08-21T10:36:17.820+0000] {spark_submit.py:571} INFO - at org.apache.spark.sql.delta.catalog.DeltaTableV2.$anonfun$deltaLog$1(DeltaTableV2.scala:92)
[2026-08-21T10:36:17.821+0000] {spark_submit.py:571} INFO - at org.apache.spark.sql.delta.catalog.DeltaTableV2$.withEnrichedUnsupportedTableException(DeltaTableV2.scala:367)
[2026-08-21T10:36:17.821+0000] {spark_submit.py:571} INFO - at org.apache.spark.sql.delta.catalog.DeltaTableV2.deltaLog$lzycompute(DeltaTableV2.scala:92)
[2026-08-21T10:36:17.821+0000] {spark_submit.py:571} INFO - at org.apache.spark.sql.delta.catalog.DeltaTableV2.deltaLog(DeltaTableV2.scala:90)
[2026-08-21T10:36:17.821+0000] {spark_submit.py:571} INFO - at org.apache.spark.sql.delta.catalog.DeltaTableV2.$anonfun$initialSnapshot$4(DeltaTableV2.scala:145)
[2026-08-21T10:36:17.821+0000] {spark_submit.py:571} INFO - at scala.Option.getOrElse(Option.scala:189)
[2026-08-21T10:36:17.821+0000] {spark_submit.py:571} INFO - at org.apache.spark.sql.delta.catalog.DeltaTableV2.$anonfun$initialSnapshot$1(DeltaTableV2.scala:145)
[2026-08-21T10:36:17.822+0000] {spark_submit.py:571} INFO - at org.apache.spark.sql.delta.catalog.DeltaTableV2$.withEnrichedUnsupportedTableException(DeltaTableV2.scala:367)
[2026-08-21T10:36:17.822+0000] {spark_submit.py:571} INFO - at org.apache.spark.sql.delta.catalog.DeltaTableV2.initialSnapshot$lzycompute(DeltaTableV2.scala:144)
[2026-08-21T10:36:17.822+0000] {spark_submit.py:571} INFO - at org.apache.spark.sql.delta.catalog.DeltaTableV2.initialSnapshot(DeltaTableV2.scala:124)
[2026-08-21T10:36:17.822+0000] {spark_submit.py:571} INFO - at org.apache.spark.sql.delta.catalog.DeltaTableV2.toBaseRelation$lzycompute(DeltaTableV2.scala:236)
[2026-08-21T10:36:17.822+0000] {spark_submit.py:571} INFO - at org.apache.spark.sql.delta.catalog.DeltaTableV2.toBaseRelation(DeltaTableV2.scala:234)
[2026-08-21T10:36:17.822+0000] {spark_submit.py:571} INFO - at org.apache.spark.sql.delta.sources.DeltaDataSource.$anonfun$createRelation$5(DeltaDataSource.scala:250)
[2026-08-21T10:36:17.822+0000] {spark_submit.py:571} INFO - at org.apache.spark.sql.delta.metering.DeltaLogging.recordFrameProfile(DeltaLogging.scala:168)
[2026-08-21T10:36:17.823+0000] {spark_submit.py:571} INFO - at org.apache.spark.sql.delta.metering.DeltaLogging.recordFrameProfile$(DeltaLogging.scala:166)
[2026-08-21T10:36:17.823+0000] {spark_submit.py:571} INFO - at org.apache.spark.sql.delta.sources.DeltaDataSource.recordFrameProfile(DeltaDataSource.scala:49)
[2026-08-21T10:36:17.823+0000] {spark_submit.py:571} INFO - at org.apache.spark.sql.delta.sources.DeltaDataSource.createRelation(DeltaDataSource.scala:209)
[2026-08-21T10:36:17.823+0000] {spark_submit.py:571} INFO - at org.apache.spark.sql.execution.datasources.DataSource.resolveRelation(DataSource.scala:346)
[2026-08-21T10:36:17.823+0000] {spark_submit.py:571} INFO - at org.apache.spark.sql.DataFrameReader.loadV1Source(DataFrameReader.scala:229)
[2026-08-21T10:36:17.823+0000] {spark_submit.py:571} INFO - at org.apache.spark.sql.DataFrameReader.$anonfun$load$2(DataFrameReader.scala:211)
[2026-08-21T10:36:17.823+0000] {spark_submit.py:571} INFO - at scala.Option.getOrElse(Option.scala:189)
[2026-08-21T10:36:17.824+0000] {spark_submit.py:571} INFO - at org.apache.spark.sql.DataFrameReader.load(DataFrameReader.scala:211)
[2026-08-21T10:36:17.824+0000] {spark_submit.py:571} INFO - at org.apache.spark.sql.DataFrameReader.load(DataFrameReader.scala:186)
[2026-08-21T10:36:17.824+0000] {spark_submit.py:571} INFO - at java.base/jdk.internal.reflect.NativeMethodAccessorImpl.invoke0(Native Method)
[2026-08-21T10:36:17.824+0000] {spark_submit.py:571} INFO - at java.base/jdk.internal.reflect.NativeMethodAccessorImpl.invoke(NativeMethodAccessorImpl.java:77)
[2026-08-21T10:36:17.824+0000] {spark_submit.py:571} INFO - at java.base/jdk.internal.reflect.DelegatingMethodAccessorImpl.invoke(DelegatingMethodAccessorImpl.java:43)
[2026-08-21T10:36:17.824+0000] {spark_submit.py:571} INFO - at java.base/java.lang.reflect.Method.invoke(Method.java:569)
[2026-08-21T10:36:17.824+0000] {spark_submit.py:571} INFO - at py4j.reflection.MethodInvoker.invoke(MethodInvoker.java:244)
[2026-08-21T10:36:17.825+0000] {spark_submit.py:571} INFO - at py4j.reflection.ReflectionEngine.invoke(ReflectionEngine.java:374)
[2026-08-21T10:36:17.825+0000] {spark_submit.py:571} INFO - at py4j.Gateway.invoke(Gateway.java:282)
[2026-08-21T10:36:17.825+0000] {spark_submit.py:571} INFO - at py4j.commands.AbstractCommand.invokeMethod(AbstractCommand.java:132)
[2026-08-21T10:36:17.825+0000] {spark_submit.py:571} INFO - at py4j.commands.CallCommand.execute(CallCommand.java:79)
[2026-08-21T10:36:17.825+0000] {spark_submit.py:571} INFO - at py4j.ClientServerConnection.waitForCommands(ClientServerConnection.java:182)
[2026-08-21T10:36:17.825+0000] {spark_submit.py:571} INFO - at py4j.ClientServerConnection.run(ClientServerConnection.java:106)
[2026-08-21T10:36:17.826+0000] {spark_submit.py:571} INFO - at java.base/java.lang.Thread.run(Thread.java:840)
[2026-08-21T10:36:17.826+0000] {spark_submit.py:571} INFO - Caused by: com.amazonaws.SdkClientException: Unable to execute HTTP request: silver.minio: Name or service not known
[2026-08-21T10:36:17.826+0000] {spark_submit.py:571} INFO - at com.amazonaws.http.AmazonHttpClient$RequestExecutor.handleRetryableException(AmazonHttpClient.java:1219)
[2026-08-21T10:36:17.826+0000] {spark_submit.py:571} INFO - at com.amazonaws.http.AmazonHttpClient$RequestExecutor.executeHelper(AmazonHttpClient.java:1165)
[2026-08-21T10:36:17.826+0000] {spark_submit.py:571} INFO - at com.amazonaws.http.AmazonHttpClient$RequestExecutor.doExecute(AmazonHttpClient.java:814)
[2026-08-21T10:36:17.826+0000] {spark_submit.py:571} INFO - at com.amazonaws.http.AmazonHttpClient$RequestExecutor.executeWithTimer(AmazonHttpClient.java:781)
[2026-08-21T10:36:17.826+0000] {spark_submit.py:571} INFO - at com.amazonaws.http.AmazonHttpClient$RequestExecutor.execute(AmazonHttpClient.java:755)
[2026-08-21T10:36:17.827+0000] {spark_submit.py:571} INFO - at com.amazonaws.http.AmazonHttpClient$RequestExecutor.access$500(AmazonHttpClient.java:715)
[2026-08-21T10:36:17.827+0000] {spark_submit.py:571} INFO - at com.amazonaws.http.AmazonHttpClient$RequestExecutionBuilderImpl.execute(AmazonHttpClient.java:697)
[2026-08-21T10:36:17.827+0000] {spark_submit.py:571} INFO - at com.amazonaws.http.AmazonHttpClient.execute(AmazonHttpClient.java:561)
[2026-08-21T10:36:17.827+0000] {spark_submit.py:571} INFO - at com.amazonaws.http.AmazonHttpClient.execute(AmazonHttpClient.java:541)
[2026-08-21T10:36:17.827+0000] {spark_submit.py:571} INFO - at com.amazonaws.services.s3.AmazonS3Client.invoke(AmazonS3Client.java:5456)
[2026-08-21T10:36:17.827+0000] {spark_submit.py:571} INFO - at com.amazonaws.services.s3.AmazonS3Client.invoke(AmazonS3Client.java:5403)
[2026-08-21T10:36:17.827+0000] {spark_submit.py:571} INFO - at com.amazonaws.services.s3.AmazonS3Client.getObjectMetadata(AmazonS3Client.java:1372)
[2026-08-21T10:36:17.828+0000] {spark_submit.py:571} INFO - at org.apache.hadoop.fs.s3a.S3AFileSystem.lambda$getObjectMetadata$10(S3AFileSystem.java:2545)
[2026-08-21T10:36:17.828+0000] {spark_submit.py:571} INFO - at org.apache.hadoop.fs.s3a.Invoker.retryUntranslated(Invoker.java:414)
[2026-08-21T10:36:17.828+0000] {spark_submit.py:571} INFO - at org.apache.hadoop.fs.s3a.Invoker.retryUntranslated(Invoker.java:377)
[2026-08-21T10:36:17.828+0000] {spark_submit.py:571} INFO - at org.apache.hadoop.fs.s3a.S3AFileSystem.getObjectMetadata(S3AFileSystem.java:2533)
[2026-08-21T10:36:17.828+0000] {spark_submit.py:571} INFO - at org.apache.hadoop.fs.s3a.S3AFileSystem.getObjectMetadata(S3AFileSystem.java:2513)
[2026-08-21T10:36:17.828+0000] {spark_submit.py:571} INFO - at org.apache.hadoop.fs.s3a.S3AFileSystem.s3GetFileStatus(S3AFileSystem.java:3776)
[2026-08-21T10:36:17.828+0000] {spark_submit.py:571} INFO - ... 98 more
[2026-08-21T10:36:17.829+0000] {spark_submit.py:571} INFO - Caused by: java.net.UnknownHostException: silver.minio: Name or service not known
[2026-08-21T10:36:17.829+0000] {spark_submit.py:571} INFO - at java.base/java.net.Inet6AddressImpl.lookupAllHostAddr(Native Method)
[2026-08-21T10:36:17.829+0000] {spark_submit.py:571} INFO - at java.base/java.net.InetAddress$PlatformNameService.lookupAllHostAddr(InetAddress.java:934)
[2026-08-21T10:36:17.829+0000] {spark_submit.py:571} INFO - at java.base/java.net.InetAddress.getAddressesFromNameService(InetAddress.java:1543)
[2026-08-21T10:36:17.829+0000] {spark_submit.py:571} INFO - at java.base/java.net.InetAddress$NameServiceAddresses.get(InetAddress.java:852)
[2026-08-21T10:36:17.829+0000] {spark_submit.py:571} INFO - at java.base/java.net.InetAddress.getAllByName0(InetAddress.java:1533)
[2026-08-21T10:36:17.829+0000] {spark_submit.py:571} INFO - at java.base/java.net.InetAddress.getAllByName(InetAddress.java:1385)
[2026-08-21T10:36:17.830+0000] {spark_submit.py:571} INFO - at java.base/java.net.InetAddress.getAllByName(InetAddress.java:1306)
[2026-08-21T10:36:17.830+0000] {spark_submit.py:571} INFO - at com.amazonaws.SystemDefaultDnsResolver.resolve(SystemDefaultDnsResolver.java:27)
[2026-08-21T10:36:17.830+0000] {spark_submit.py:571} INFO - at com.amazonaws.http.DelegatingDnsResolver.resolve(DelegatingDnsResolver.java:38)
[2026-08-21T10:36:17.830+0000] {spark_submit.py:571} INFO - at com.amazonaws.thirdparty.apache.http.impl.conn.DefaultHttpClientConnectionOperator.connect(DefaultHttpClientConnectionOperator.java:112)
[2026-08-21T10:36:17.830+0000] {spark_submit.py:571} INFO - at com.amazonaws.thirdparty.apache.http.impl.conn.PoolingHttpClientConnectionManager.connect(PoolingHttpClientConnectionManager.java:376)
[2026-08-21T10:36:17.830+0000] {spark_submit.py:571} INFO - at jdk.internal.reflect.GeneratedMethodAccessor23.invoke(Unknown Source)
[2026-08-21T10:36:17.831+0000] {spark_submit.py:571} INFO - at java.base/jdk.internal.reflect.DelegatingMethodAccessorImpl.invoke(DelegatingMethodAccessorImpl.java:43)
[2026-08-21T10:36:17.831+0000] {spark_submit.py:571} INFO - at java.base/java.lang.reflect.Method.invoke(Method.java:569)
[2026-08-21T10:36:17.831+0000] {spark_submit.py:571} INFO - at com.amazonaws.http.conn.ClientConnectionManagerFactory$Handler.invoke(ClientConnectionManagerFactory.java:76)
[2026-08-21T10:36:17.831+0000] {spark_submit.py:571} INFO - at com.amazonaws.http.conn.$Proxy33.connect(Unknown Source)
[2026-08-21T10:36:17.831+0000] {spark_submit.py:571} INFO - at com.amazonaws.thirdparty.apache.http.impl.execchain.MainClientExec.establishRoute(MainClientExec.java:393)
[2026-08-21T10:36:17.831+0000] {spark_submit.py:571} INFO - at com.amazonaws.thirdparty.apache.http.impl.execchain.MainClientExec.execute(MainClientExec.java:236)
[2026-08-21T10:36:17.831+0000] {spark_submit.py:571} INFO - at com.amazonaws.thirdparty.apache.http.impl.execchain.ProtocolExec.execute(ProtocolExec.java:186)
[2026-08-21T10:36:17.832+0000] {spark_submit.py:571} INFO - at com.amazonaws.thirdparty.apache.http.impl.client.InternalHttpClient.doExecute(InternalHttpClient.java:185)
[2026-08-21T10:36:17.832+0000] {spark_submit.py:571} INFO - at com.amazonaws.thirdparty.apache.http.impl.client.CloseableHttpClient.execute(CloseableHttpClient.java:83)
[2026-08-21T10:36:17.832+0000] {spark_submit.py:571} INFO - at com.amazonaws.thirdparty.apache.http.impl.client.CloseableHttpClient.execute(CloseableHttpClient.java:56)
[2026-08-21T10:36:17.832+0000] {spark_submit.py:571} INFO - at com.amazonaws.http.apache.client.impl.SdkHttpClient.execute(SdkHttpClient.java:72)
[2026-08-21T10:36:17.832+0000] {spark_submit.py:571} INFO - at com.amazonaws.http.AmazonHttpClient$RequestExecutor.executeOneRequest(AmazonHttpClient.java:1346)
[2026-08-21T10:36:17.832+0000] {spark_submit.py:571} INFO - at com.amazonaws.http.AmazonHttpClient$RequestExecutor.executeHelper(AmazonHttpClient.java:1157)
[2026-08-21T10:36:17.833+0000] {spark_submit.py:571} INFO - ... 114 more
[2026-08-21T10:37:58.926+0000] {spark_submit.py:571} INFO - 26/08/21 10:37:58 WARN DeltaLog: Failed to parse s3a://silver/cell_kpi_clean/_delta_log/_last_checkpoint. This may happen if there was an error during read operation, or a file appears to be partial. Sleeping and trying again.
[2026-08-21T10:37:58.926+0000] {spark_submit.py:571} INFO - org.apache.hadoop.fs.s3a.AWSClientIOException: getFileStatus on s3a://silver/cell_kpi_clean/_delta_log/_last_checkpoint: com.amazonaws.SdkClientException: Unable to execute HTTP request: silver.minio: Name or service not known: Unable to execute HTTP request: silver.minio: Name or service not known
[2026-08-21T10:37:58.926+0000] {spark_submit.py:571} INFO - at org.apache.hadoop.fs.s3a.S3AUtils.translateException(S3AUtils.java:214)
[2026-08-21T10:37:58.926+0000] {spark_submit.py:571} INFO - at org.apache.hadoop.fs.s3a.S3AUtils.translateException(S3AUtils.java:175)
[2026-08-21T10:37:58.926+0000] {spark_submit.py:571} INFO - at org.apache.hadoop.fs.s3a.S3AFileSystem.s3GetFileStatus(S3AFileSystem.java:3799)
[2026-08-21T10:37:58.927+0000] {spark_submit.py:571} INFO - at org.apache.hadoop.fs.s3a.S3AFileSystem.innerGetFileStatus(S3AFileSystem.java:3688)
[2026-08-21T10:37:58.927+0000] {spark_submit.py:571} INFO - at org.apache.hadoop.fs.s3a.S3AFileSystem.extractOrFetchSimpleFileStatus(S3AFileSystem.java:5401)
[2026-08-21T10:37:58.927+0000] {spark_submit.py:571} INFO - at org.apache.hadoop.fs.s3a.S3AFileSystem.open(S3AFileSystem.java:1465)
[2026-08-21T10:37:58.927+0000] {spark_submit.py:571} INFO - at org.apache.hadoop.fs.s3a.S3AFileSystem.open(S3AFileSystem.java:1441)
[2026-08-21T10:37:58.927+0000] {spark_submit.py:571} INFO - at org.apache.hadoop.fs.FileSystem.open(FileSystem.java:976)
[2026-08-21T10:37:58.927+0000] {spark_submit.py:571} INFO - at io.delta.storage.HadoopFileSystemLogStore.read(HadoopFileSystemLogStore.java:46)
[2026-08-21T10:37:58.928+0000] {spark_submit.py:571} INFO - at org.apache.spark.sql.delta.storage.LogStoreAdaptor.read(LogStore.scala:412)
[2026-08-21T10:37:58.928+0000] {spark_submit.py:571} INFO - at org.apache.spark.sql.delta.storage.DelegatingLogStore.read(DelegatingLogStore.scala:96)
[2026-08-21T10:37:58.928+0000] {spark_submit.py:571} INFO - at org.apache.spark.sql.delta.Checkpoints.$anonfun$loadMetadataFromFile$1(Checkpoints.scala:376)
[2026-08-21T10:37:58.928+0000] {spark_submit.py:571} INFO - at org.apache.spark.sql.delta.metering.DeltaLogging.recordFrameProfile(DeltaLogging.scala:168)
[2026-08-21T10:37:58.928+0000] {spark_submit.py:571} INFO - at org.apache.spark.sql.delta.metering.DeltaLogging.recordFrameProfile$(DeltaLogging.scala:166)
[2026-08-21T10:37:58.928+0000] {spark_submit.py:571} INFO - at org.apache.spark.sql.delta.DeltaLog.recordFrameProfile(DeltaLog.scala:74)
[2026-08-21T10:37:58.928+0000] {spark_submit.py:571} INFO - at org.apache.spark.sql.delta.metering.DeltaLogging.$anonfun$recordDeltaOperationInternal$1(DeltaLogging.scala:136)
[2026-08-21T10:37:58.929+0000] {spark_submit.py:571} INFO - at com.databricks.spark.util.DatabricksLogging.recordOperation(DatabricksLogging.scala:128)
[2026-08-21T10:37:58.929+0000] {spark_submit.py:571} INFO - at com.databricks.spark.util.DatabricksLogging.recordOperation$(DatabricksLogging.scala:117)
[2026-08-21T10:37:58.929+0000] {spark_submit.py:571} INFO - at org.apache.spark.sql.delta.DeltaLog.recordOperation(DeltaLog.scala:74)
[2026-08-21T10:37:58.929+0000] {spark_submit.py:571} INFO - at org.apache.spark.sql.delta.metering.DeltaLogging.recordDeltaOperationInternal(DeltaLogging.scala:135)
[2026-08-21T10:37:58.929+0000] {spark_submit.py:571} INFO - at org.apache.spark.sql.delta.metering.DeltaLogging.recordDeltaOperation(DeltaLogging.scala:125)
[2026-08-21T10:37:58.929+0000] {spark_submit.py:571} INFO - at org.apache.spark.sql.delta.metering.DeltaLogging.recordDeltaOperation$(DeltaLogging.scala:115)
[2026-08-21T10:37:58.929+0000] {spark_submit.py:571} INFO - at org.apache.spark.sql.delta.DeltaLog.recordDeltaOperation(DeltaLog.scala:74)
[2026-08-21T10:37:58.930+0000] {spark_submit.py:571} INFO - at org.apache.spark.sql.delta.Checkpoints.loadMetadataFromFile(Checkpoints.scala:375)
[2026-08-21T10:37:58.930+0000] {spark_submit.py:571} INFO - at org.apache.spark.sql.delta.Checkpoints.$anonfun$loadMetadataFromFile$1(Checkpoints.scala:386)
[2026-08-21T10:37:58.930+0000] {spark_submit.py:571} INFO - at org.apache.spark.sql.delta.metering.DeltaLogging.recordFrameProfile(DeltaLogging.scala:168)
[2026-08-21T10:37:58.930+0000] {spark_submit.py:571} INFO - at org.apache.spark.sql.delta.metering.DeltaLogging.recordFrameProfile$(DeltaLogging.scala:166)
[2026-08-21T10:37:58.930+0000] {spark_submit.py:571} INFO - at org.apache.spark.sql.delta.DeltaLog.recordFrameProfile(DeltaLog.scala:74)
[2026-08-21T10:37:58.930+0000] {spark_submit.py:571} INFO - at org.apache.spark.sql.delta.metering.DeltaLogging.$anonfun$recordDeltaOperationInternal$1(DeltaLogging.scala:136)
[2026-08-21T10:37:58.930+0000] {spark_submit.py:571} INFO - at com.databricks.spark.util.DatabricksLogging.recordOperation(DatabricksLogging.scala:128)
[2026-08-21T10:37:58.931+0000] {spark_submit.py:571} INFO - at com.databricks.spark.util.DatabricksLogging.recordOperation$(DatabricksLogging.scala:117)
[2026-08-21T10:37:58.931+0000] {spark_submit.py:571} INFO - at org.apache.spark.sql.delta.DeltaLog.recordOperation(DeltaLog.scala:74)
[2026-08-21T10:37:58.931+0000] {spark_submit.py:571} INFO - at org.apache.spark.sql.delta.metering.DeltaLogging.recordDeltaOperationInternal(DeltaLogging.scala:135)
[2026-08-21T10:37:58.931+0000] {spark_submit.py:571} INFO - at org.apache.spark.sql.delta.metering.DeltaLogging.recordDeltaOperation(DeltaLogging.scala:125)
[2026-08-21T10:37:58.931+0000] {spark_submit.py:571} INFO - at org.apache.spark.sql.delta.metering.DeltaLogging.recordDeltaOperation$(DeltaLogging.scala:115)
[2026-08-21T10:37:58.931+0000] {spark_submit.py:571} INFO - at org.apache.spark.sql.delta.DeltaLog.recordDeltaOperation(DeltaLog.scala:74)
[2026-08-21T10:37:58.931+0000] {spark_submit.py:571} INFO - at org.apache.spark.sql.delta.Checkpoints.loadMetadataFromFile(Checkpoints.scala:375)
[2026-08-21T10:37:58.932+0000] {spark_submit.py:571} INFO - at org.apache.spark.sql.delta.Checkpoints.readLastCheckpointFile(Checkpoints.scala:369)
[2026-08-21T10:37:58.932+0000] {spark_submit.py:571} INFO - at org.apache.spark.sql.delta.Checkpoints.readLastCheckpointFile$(Checkpoints.scala:368)
[2026-08-21T10:37:58.932+0000] {spark_submit.py:571} INFO - at org.apache.spark.sql.delta.DeltaLog.readLastCheckpointFile(DeltaLog.scala:74)
[2026-08-21T10:37:58.932+0000] {spark_submit.py:571} INFO - at org.apache.spark.sql.delta.SnapshotManagement.$anonfun$getSnapshotAtInit$2(SnapshotManagement.scala:575)
[2026-08-21T10:37:58.932+0000] {spark_submit.py:571} INFO - at org.apache.spark.sql.delta.metering.DeltaLogging.recordFrameProfile(DeltaLogging.scala:168)
[2026-08-21T10:37:58.932+0000] {spark_submit.py:571} INFO - at org.apache.spark.sql.delta.metering.DeltaLogging.recordFrameProfile$(DeltaLogging.scala:166)
[2026-08-21T10:37:58.932+0000] {spark_submit.py:571} INFO - at org.apache.spark.sql.delta.DeltaLog.recordFrameProfile(DeltaLog.scala:74)
[2026-08-21T10:37:58.933+0000] {spark_submit.py:571} INFO - at org.apache.spark.sql.delta.SnapshotManagement.$anonfun$getSnapshotAtInit$1(SnapshotManagement.scala:573)
[2026-08-21T10:37:58.933+0000] {spark_submit.py:571} INFO - at org.apache.spark.sql.delta.SnapshotManagement.withSnapshotLockInterruptibly(SnapshotManagement.scala:78)
[2026-08-21T10:37:58.933+0000] {spark_submit.py:571} INFO - at org.apache.spark.sql.delta.SnapshotManagement.withSnapshotLockInterruptibly$(SnapshotManagement.scala:75)
[2026-08-21T10:37:58.933+0000] {spark_submit.py:571} INFO - at org.apache.spark.sql.delta.DeltaLog.withSnapshotLockInterruptibly(DeltaLog.scala:74)
[2026-08-21T10:37:58.933+0000] {spark_submit.py:571} INFO - at org.apache.spark.sql.delta.SnapshotManagement.getSnapshotAtInit(SnapshotManagement.scala:573)
[2026-08-21T10:37:58.933+0000] {spark_submit.py:571} INFO - at org.apache.spark.sql.delta.SnapshotManagement.getSnapshotAtInit$(SnapshotManagement.scala:572)
[2026-08-21T10:37:58.933+0000] {spark_submit.py:571} INFO - at org.apache.spark.sql.delta.DeltaLog.getSnapshotAtInit(DeltaLog.scala:74)
[2026-08-21T10:37:58.934+0000] {spark_submit.py:571} INFO - at org.apache.spark.sql.delta.SnapshotManagement.$init$(SnapshotManagement.scala:69)
[2026-08-21T10:37:58.934+0000] {spark_submit.py:571} INFO - at org.apache.spark.sql.delta.DeltaLog.<init>(DeltaLog.scala:80)
[2026-08-21T10:37:58.934+0000] {spark_submit.py:571} INFO - at org.apache.spark.sql.delta.DeltaLog$.$anonfun$apply$4(DeltaLog.scala:853)
[2026-08-21T10:37:58.934+0000] {spark_submit.py:571} INFO - at org.apache.spark.sql.catalyst.plans.logical.AnalysisHelper$.allowInvokingTransformsInAnalyzer(AnalysisHelper.scala:323)
[2026-08-21T10:37:58.934+0000] {spark_submit.py:571} INFO - at org.apache.spark.sql.delta.DeltaLog$.$anonfun$apply$3(DeltaLog.scala:848)
[2026-08-21T10:37:58.934+0000] {spark_submit.py:571} INFO - at org.apache.spark.sql.delta.metering.DeltaLogging.recordFrameProfile(DeltaLogging.scala:168)
[2026-08-21T10:37:58.934+0000] {spark_submit.py:571} INFO - at org.apache.spark.sql.delta.metering.DeltaLogging.recordFrameProfile$(DeltaLogging.scala:166)
[2026-08-21T10:37:58.935+0000] {spark_submit.py:571} INFO - at org.apache.spark.sql.delta.DeltaLog$.recordFrameProfile(DeltaLog.scala:651)
[2026-08-21T10:37:58.935+0000] {spark_submit.py:571} INFO - at org.apache.spark.sql.delta.metering.DeltaLogging.$anonfun$recordDeltaOperationInternal$1(DeltaLogging.scala:136)
[2026-08-21T10:37:58.935+0000] {spark_submit.py:571} INFO - at com.databricks.spark.util.DatabricksLogging.recordOperation(DatabricksLogging.scala:128)
[2026-08-21T10:37:58.935+0000] {spark_submit.py:571} INFO - at com.databricks.spark.util.DatabricksLogging.recordOperation$(DatabricksLogging.scala:117)
[2026-08-21T10:37:58.935+0000] {spark_submit.py:571} INFO - at org.apache.spark.sql.delta.DeltaLog$.recordOperation(DeltaLog.scala:651)
[2026-08-21T10:37:58.935+0000] {spark_submit.py:571} INFO - at org.apache.spark.sql.delta.metering.DeltaLogging.recordDeltaOperationInternal(DeltaLogging.scala:135)
[2026-08-21T10:37:58.936+0000] {spark_submit.py:571} INFO - at org.apache.spark.sql.delta.metering.DeltaLogging.recordDeltaOperation(DeltaLogging.scala:125)
[2026-08-21T10:37:58.936+0000] {spark_submit.py:571} INFO - at org.apache.spark.sql.delta.metering.DeltaLogging.recordDeltaOperation$(DeltaLogging.scala:115)
[2026-08-21T10:37:58.936+0000] {spark_submit.py:571} INFO - at org.apache.spark.sql.delta.DeltaLog$.recordDeltaOperation(DeltaLog.scala:651)
[2026-08-21T10:37:58.936+0000] {spark_submit.py:571} INFO - at org.apache.spark.sql.delta.DeltaLog$.createDeltaLog$1(DeltaLog.scala:847)
[2026-08-21T10:37:58.936+0000] {spark_submit.py:571} INFO - at org.apache.spark.sql.delta.DeltaLog$.$anonfun$apply$5(DeltaLog.scala:866)
[2026-08-21T10:37:58.936+0000] {spark_submit.py:571} INFO - at com.google.common.cache.LocalCache$LocalManualCache$1.load(LocalCache.java:4792)
[2026-08-21T10:37:58.936+0000] {spark_submit.py:571} INFO - at com.google.common.cache.LocalCache$LoadingValueReference.loadFuture(LocalCache.java:3599)
[2026-08-21T10:37:58.937+0000] {spark_submit.py:571} INFO - at com.google.common.cache.LocalCache$Segment.loadSync(LocalCache.java:2379)
[2026-08-21T10:37:58.937+0000] {spark_submit.py:571} INFO - at com.google.common.cache.LocalCache$Segment.lockedGetOrLoad(LocalCache.java:2342)
[2026-08-21T10:37:58.937+0000] {spark_submit.py:571} INFO - at com.google.common.cache.LocalCache$Segment.get(LocalCache.java:2257)
[2026-08-21T10:37:58.937+0000] {spark_submit.py:571} INFO - at com.google.common.cache.LocalCache.get(LocalCache.java:4000)
[2026-08-21T10:37:58.937+0000] {spark_submit.py:571} INFO - at com.google.common.cache.LocalCache$LocalManualCache.get(LocalCache.java:4789)
[2026-08-21T10:37:58.937+0000] {spark_submit.py:571} INFO - at org.apache.spark.sql.delta.DeltaLog$.getDeltaLogFromCache$1(DeltaLog.scala:865)
[2026-08-21T10:37:58.937+0000] {spark_submit.py:571} INFO - at org.apache.spark.sql.delta.DeltaLog$.apply(DeltaLog.scala:875)
[2026-08-21T10:37:58.938+0000] {spark_submit.py:571} INFO - at org.apache.spark.sql.delta.DeltaLog$.forTable(DeltaLog.scala:751)
[2026-08-21T10:37:58.938+0000] {spark_submit.py:571} INFO - at org.apache.spark.sql.delta.catalog.DeltaTableV2.$anonfun$deltaLog$1(DeltaTableV2.scala:92)
[2026-08-21T10:37:58.938+0000] {spark_submit.py:571} INFO - at org.apache.spark.sql.delta.catalog.DeltaTableV2$.withEnrichedUnsupportedTableException(DeltaTableV2.scala:367)
[2026-08-21T10:37:58.938+0000] {spark_submit.py:571} INFO - at org.apache.spark.sql.delta.catalog.DeltaTableV2.deltaLog$lzycompute(DeltaTableV2.scala:92)
[2026-08-21T10:37:58.938+0000] {spark_submit.py:571} INFO - at org.apache.spark.sql.delta.catalog.DeltaTableV2.deltaLog(DeltaTableV2.scala:90)
[2026-08-21T10:37:58.938+0000] {spark_submit.py:571} INFO - at org.apache.spark.sql.delta.catalog.DeltaTableV2.$anonfun$initialSnapshot$4(DeltaTableV2.scala:145)
[2026-08-21T10:37:58.938+0000] {spark_submit.py:571} INFO - at scala.Option.getOrElse(Option.scala:189)
[2026-08-21T10:37:58.939+0000] {spark_submit.py:571} INFO - at org.apache.spark.sql.delta.catalog.DeltaTableV2.$anonfun$initialSnapshot$1(DeltaTableV2.scala:145)
[2026-08-21T10:37:58.939+0000] {spark_submit.py:571} INFO - at org.apache.spark.sql.delta.catalog.DeltaTableV2$.withEnrichedUnsupportedTableException(DeltaTableV2.scala:367)
[2026-08-21T10:37:58.939+0000] {spark_submit.py:571} INFO - at org.apache.spark.sql.delta.catalog.DeltaTableV2.initialSnapshot$lzycompute(DeltaTableV2.scala:144)
[2026-08-21T10:37:58.939+0000] {spark_submit.py:571} INFO - at org.apache.spark.sql.delta.catalog.DeltaTableV2.initialSnapshot(DeltaTableV2.scala:124)
[2026-08-21T10:37:58.939+0000] {spark_submit.py:571} INFO - at org.apache.spark.sql.delta.catalog.DeltaTableV2.toBaseRelation$lzycompute(DeltaTableV2.scala:236)
[2026-08-21T10:37:58.939+0000] {spark_submit.py:571} INFO - at org.apache.spark.sql.delta.catalog.DeltaTableV2.toBaseRelation(DeltaTableV2.scala:234)
[2026-08-21T10:37:58.940+0000] {spark_submit.py:571} INFO - at org.apache.spark.sql.delta.sources.DeltaDataSource.$anonfun$createRelation$5(DeltaDataSource.scala:250)
[2026-08-21T10:37:58.940+0000] {spark_submit.py:571} INFO - at org.apache.spark.sql.delta.metering.DeltaLogging.recordFrameProfile(DeltaLogging.scala:168)
[2026-08-21T10:37:58.940+0000] {spark_submit.py:571} INFO - at org.apache.spark.sql.delta.metering.DeltaLogging.recordFrameProfile$(DeltaLogging.scala:166)
[2026-08-21T10:37:58.940+0000] {spark_submit.py:571} INFO - at org.apache.spark.sql.delta.sources.DeltaDataSource.recordFrameProfile(DeltaDataSource.scala:49)
[2026-08-21T10:37:58.940+0000] {spark_submit.py:571} INFO - at org.apache.spark.sql.delta.sources.DeltaDataSource.createRelation(DeltaDataSource.scala:209)
[2026-08-21T10:37:58.940+0000] {spark_submit.py:571} INFO - at org.apache.spark.sql.execution.datasources.DataSource.resolveRelation(DataSource.scala:346)
[2026-08-21T10:37:58.940+0000] {spark_submit.py:571} INFO - at org.apache.spark.sql.DataFrameReader.loadV1Source(DataFrameReader.scala:229)
[2026-08-21T10:37:58.941+0000] {spark_submit.py:571} INFO - at org.apache.spark.sql.DataFrameReader.$anonfun$load$2(DataFrameReader.scala:211)
[2026-08-21T10:37:58.941+0000] {spark_submit.py:571} INFO - at scala.Option.getOrElse(Option.scala:189)
[2026-08-21T10:37:58.941+0000] {spark_submit.py:571} INFO - at org.apache.spark.sql.DataFrameReader.load(DataFrameReader.scala:211)
[2026-08-21T10:37:58.941+0000] {spark_submit.py:571} INFO - at org.apache.spark.sql.DataFrameReader.load(DataFrameReader.scala:186)
[2026-08-21T10:37:58.941+0000] {spark_submit.py:571} INFO - at java.base/jdk.internal.reflect.NativeMethodAccessorImpl.invoke0(Native Method)
[2026-08-21T10:37:58.941+0000] {spark_submit.py:571} INFO - at java.base/jdk.internal.reflect.NativeMethodAccessorImpl.invoke(NativeMethodAccessorImpl.java:77)
[2026-08-21T10:37:58.941+0000] {spark_submit.py:571} INFO - at java.base/jdk.internal.reflect.DelegatingMethodAccessorImpl.invoke(DelegatingMethodAccessorImpl.java:43)
[2026-08-21T10:37:58.942+0000] {spark_submit.py:571} INFO - at java.base/java.lang.reflect.Method.invoke(Method.java:569)
[2026-08-21T10:37:58.942+0000] {spark_submit.py:571} INFO - at py4j.reflection.MethodInvoker.invoke(MethodInvoker.java:244)
[2026-08-21T10:37:58.942+0000] {spark_submit.py:571} INFO - at py4j.reflection.ReflectionEngine.invoke(ReflectionEngine.java:374)
[2026-08-21T10:37:58.942+0000] {spark_submit.py:571} INFO - at py4j.Gateway.invoke(Gateway.java:282)
[2026-08-21T10:37:58.942+0000] {spark_submit.py:571} INFO - at py4j.commands.AbstractCommand.invokeMethod(AbstractCommand.java:132)
[2026-08-21T10:37:58.942+0000] {spark_submit.py:571} INFO - at py4j.commands.CallCommand.execute(CallCommand.java:79)
[2026-08-21T10:37:58.943+0000] {spark_submit.py:571} INFO - at py4j.ClientServerConnection.waitForCommands(ClientServerConnection.java:182)
[2026-08-21T10:37:58.943+0000] {spark_submit.py:571} INFO - at py4j.ClientServerConnection.run(ClientServerConnection.java:106)
[2026-08-21T10:37:58.943+0000] {spark_submit.py:571} INFO - at java.base/java.lang.Thread.run(Thread.java:840)
[2026-08-21T10:37:58.943+0000] {spark_submit.py:571} INFO - Caused by: com.amazonaws.SdkClientException: Unable to execute HTTP request: silver.minio: Name or service not known
[2026-08-21T10:37:58.943+0000] {spark_submit.py:571} INFO - at com.amazonaws.http.AmazonHttpClient$RequestExecutor.handleRetryableException(AmazonHttpClient.java:1219)
[2026-08-21T10:37:58.943+0000] {spark_submit.py:571} INFO - at com.amazonaws.http.AmazonHttpClient$RequestExecutor.executeHelper(AmazonHttpClient.java:1165)
[2026-08-21T10:37:58.943+0000] {spark_submit.py:571} INFO - at com.amazonaws.http.AmazonHttpClient$RequestExecutor.doExecute(AmazonHttpClient.java:814)
[2026-08-21T10:37:58.944+0000] {spark_submit.py:571} INFO - at com.amazonaws.http.AmazonHttpClient$RequestExecutor.executeWithTimer(AmazonHttpClient.java:781)
[2026-08-21T10:37:58.944+0000] {spark_submit.py:571} INFO - at com.amazonaws.http.AmazonHttpClient$RequestExecutor.execute(AmazonHttpClient.java:755)
[2026-08-21T10:37:58.944+0000] {spark_submit.py:571} INFO - at com.amazonaws.http.AmazonHttpClient$RequestExecutor.access$500(AmazonHttpClient.java:715)
[2026-08-21T10:37:58.944+0000] {spark_submit.py:571} INFO - at com.amazonaws.http.AmazonHttpClient$RequestExecutionBuilderImpl.execute(AmazonHttpClient.java:697)
[2026-08-21T10:37:58.944+0000] {spark_submit.py:571} INFO - at com.amazonaws.http.AmazonHttpClient.execute(AmazonHttpClient.java:561)
[2026-08-21T10:37:58.944+0000] {spark_submit.py:571} INFO - at com.amazonaws.http.AmazonHttpClient.execute(AmazonHttpClient.java:541)
[2026-08-21T10:37:58.944+0000] {spark_submit.py:571} INFO - at com.amazonaws.services.s3.AmazonS3Client.invoke(AmazonS3Client.java:5456)
[2026-08-21T10:37:58.945+0000] {spark_submit.py:571} INFO - at com.amazonaws.services.s3.AmazonS3Client.invoke(AmazonS3Client.java:5403)
[2026-08-21T10:37:58.945+0000] {spark_submit.py:571} INFO - at com.amazonaws.services.s3.AmazonS3Client.getObjectMetadata(AmazonS3Client.java:1372)
[2026-08-21T10:37:58.945+0000] {spark_submit.py:571} INFO - at org.apache.hadoop.fs.s3a.S3AFileSystem.lambda$getObjectMetadata$10(S3AFileSystem.java:2545)
[2026-08-21T10:37:58.945+0000] {spark_submit.py:571} INFO - at org.apache.hadoop.fs.s3a.Invoker.retryUntranslated(Invoker.java:414)
[2026-08-21T10:37:58.945+0000] {spark_submit.py:571} INFO - at org.apache.hadoop.fs.s3a.Invoker.retryUntranslated(Invoker.java:377)
[2026-08-21T10:37:58.945+0000] {spark_submit.py:571} INFO - at org.apache.hadoop.fs.s3a.S3AFileSystem.getObjectMetadata(S3AFileSystem.java:2533)
[2026-08-21T10:37:58.945+0000] {spark_submit.py:571} INFO - at org.apache.hadoop.fs.s3a.S3AFileSystem.getObjectMetadata(S3AFileSystem.java:2513)
[2026-08-21T10:37:58.946+0000] {spark_submit.py:571} INFO - at org.apache.hadoop.fs.s3a.S3AFileSystem.s3GetFileStatus(S3AFileSystem.java:3776)
[2026-08-21T10:37:58.946+0000] {spark_submit.py:571} INFO - ... 111 more
[2026-08-21T10:37:58.946+0000] {spark_submit.py:571} INFO - Caused by: java.net.UnknownHostException: silver.minio: Name or service not known
[2026-08-21T10:37:58.946+0000] {spark_submit.py:571} INFO - at java.base/java.net.Inet6AddressImpl.lookupAllHostAddr(Native Method)
[2026-08-21T10:37:58.946+0000] {spark_submit.py:571} INFO - at java.base/java.net.InetAddress$PlatformNameService.lookupAllHostAddr(InetAddress.java:934)
[2026-08-21T10:37:58.946+0000] {spark_submit.py:571} INFO - at java.base/java.net.InetAddress.getAddressesFromNameService(InetAddress.java:1543)
[2026-08-21T10:37:58.946+0000] {spark_submit.py:571} INFO - at java.base/java.net.InetAddress$NameServiceAddresses.get(InetAddress.java:852)
[2026-08-21T10:37:58.947+0000] {spark_submit.py:571} INFO - at java.base/java.net.InetAddress.getAllByName0(InetAddress.java:1533)
[2026-08-21T10:37:58.947+0000] {spark_submit.py:571} INFO - at java.base/java.net.InetAddress.getAllByName(InetAddress.java:1385)
[2026-08-21T10:37:58.947+0000] {spark_submit.py:571} INFO - at java.base/java.net.InetAddress.getAllByName(InetAddress.java:1306)
[2026-08-21T10:37:58.947+0000] {spark_submit.py:571} INFO - at com.amazonaws.SystemDefaultDnsResolver.resolve(SystemDefaultDnsResolver.java:27)
[2026-08-21T10:37:58.947+0000] {spark_submit.py:571} INFO - at com.amazonaws.http.DelegatingDnsResolver.resolve(DelegatingDnsResolver.java:38)
[2026-08-21T10:37:58.947+0000] {spark_submit.py:571} INFO - at com.amazonaws.thirdparty.apache.http.impl.conn.DefaultHttpClientConnectionOperator.connect(DefaultHttpClientConnectionOperator.java:112)
[2026-08-21T10:37:58.947+0000] {spark_submit.py:571} INFO - at com.amazonaws.thirdparty.apache.http.impl.conn.PoolingHttpClientConnectionManager.connect(PoolingHttpClientConnectionManager.java:376)
[2026-08-21T10:37:58.948+0000] {spark_submit.py:571} INFO - at jdk.internal.reflect.GeneratedMethodAccessor23.invoke(Unknown Source)
[2026-08-21T10:37:58.948+0000] {spark_submit.py:571} INFO - at java.base/jdk.internal.reflect.DelegatingMethodAccessorImpl.invoke(DelegatingMethodAccessorImpl.java:43)
[2026-08-21T10:37:58.948+0000] {spark_submit.py:571} INFO - at java.base/java.lang.reflect.Method.invoke(Method.java:569)
[2026-08-21T10:37:58.948+0000] {spark_submit.py:571} INFO - at com.amazonaws.http.conn.ClientConnectionManagerFactory$Handler.invoke(ClientConnectionManagerFactory.java:76)
[2026-08-21T10:37:58.948+0000] {spark_submit.py:571} INFO - at com.amazonaws.http.conn.$Proxy33.connect(Unknown Source)
[2026-08-21T10:37:58.948+0000] {spark_submit.py:571} INFO - at com.amazonaws.thirdparty.apache.http.impl.execchain.MainClientExec.establishRoute(MainClientExec.java:393)
[2026-08-21T10:37:58.948+0000] {spark_submit.py:571} INFO - at com.amazonaws.thirdparty.apache.http.impl.execchain.MainClientExec.execute(MainClientExec.java:236)
[2026-08-21T10:37:58.949+0000] {spark_submit.py:571} INFO - at com.amazonaws.thirdparty.apache.http.impl.execchain.ProtocolExec.execute(ProtocolExec.java:186)
[2026-08-21T10:37:58.949+0000] {spark_submit.py:571} INFO - at com.amazonaws.thirdparty.apache.http.impl.client.InternalHttpClient.doExecute(InternalHttpClient.java:185)
[2026-08-21T10:37:58.949+0000] {spark_submit.py:571} INFO - at com.amazonaws.thirdparty.apache.http.impl.client.CloseableHttpClient.execute(CloseableHttpClient.java:83)
[2026-08-21T10:37:58.949+0000] {spark_submit.py:571} INFO - at com.amazonaws.thirdparty.apache.http.impl.client.CloseableHttpClient.execute(CloseableHttpClient.java:56)
[2026-08-21T10:37:58.949+0000] {spark_submit.py:571} INFO - at com.amazonaws.http.apache.client.impl.SdkHttpClient.execute(SdkHttpClient.java:72)
[2026-08-21T10:37:58.949+0000] {spark_submit.py:571} INFO - at com.amazonaws.http.AmazonHttpClient$RequestExecutor.executeOneRequest(AmazonHttpClient.java:1346)
[2026-08-21T10:37:58.949+0000] {spark_submit.py:571} INFO - at com.amazonaws.http.AmazonHttpClient$RequestExecutor.executeHelper(AmazonHttpClient.java:1157)
[2026-08-21T10:37:58.950+0000] {spark_submit.py:571} INFO - ... 127 more
[2026-08-21T10:40:38.414+0000] {spark_submit.py:571} INFO - 26/08/21 10:40:38 WARN DeltaLog: Failed to parse s3a://silver/cell_kpi_clean/_delta_log/_last_checkpoint. This may happen if there was an error during read operation, or a file appears to be partial. Sleeping and trying again.
[2026-08-21T10:40:38.415+0000] {spark_submit.py:571} INFO - org.apache.hadoop.fs.s3a.AWSClientIOException: getFileStatus on s3a://silver/cell_kpi_clean/_delta_log/_last_checkpoint: com.amazonaws.SdkClientException: Unable to execute HTTP request: silver.minio: Name or service not known: Unable to execute HTTP request: silver.minio: Name or service not known
[2026-08-21T10:40:38.415+0000] {spark_submit.py:571} INFO - at org.apache.hadoop.fs.s3a.S3AUtils.translateException(S3AUtils.java:214)
[2026-08-21T10:40:38.415+0000] {spark_submit.py:571} INFO - at org.apache.hadoop.fs.s3a.S3AUtils.translateException(S3AUtils.java:175)
[2026-08-21T10:40:38.415+0000] {spark_submit.py:571} INFO - at org.apache.hadoop.fs.s3a.S3AFileSystem.s3GetFileStatus(S3AFileSystem.java:3799)
[2026-08-21T10:40:38.415+0000] {spark_submit.py:571} INFO - at org.apache.hadoop.fs.s3a.S3AFileSystem.innerGetFileStatus(S3AFileSystem.java:3688)
[2026-08-21T10:40:38.415+0000] {spark_submit.py:571} INFO - at org.apache.hadoop.fs.s3a.S3AFileSystem.extractOrFetchSimpleFileStatus(S3AFileSystem.java:5401)
[2026-08-21T10:40:38.416+0000] {spark_submit.py:571} INFO - at org.apache.hadoop.fs.s3a.S3AFileSystem.open(S3AFileSystem.java:1465)
[2026-08-21T10:40:38.416+0000] {spark_submit.py:571} INFO - at org.apache.hadoop.fs.s3a.S3AFileSystem.open(S3AFileSystem.java:1441)
[2026-08-21T10:40:38.416+0000] {spark_submit.py:571} INFO - at org.apache.hadoop.fs.FileSystem.open(FileSystem.java:976)
[2026-08-21T10:40:38.416+0000] {spark_submit.py:571} INFO - at io.delta.storage.HadoopFileSystemLogStore.read(HadoopFileSystemLogStore.java:46)
[2026-08-21T10:40:38.416+0000] {spark_submit.py:571} INFO - at org.apache.spark.sql.delta.storage.LogStoreAdaptor.read(LogStore.scala:412)
[2026-08-21T10:40:38.416+0000] {spark_submit.py:571} INFO - at org.apache.spark.sql.delta.storage.DelegatingLogStore.read(DelegatingLogStore.scala:96)
[2026-08-21T10:40:38.417+0000] {spark_submit.py:571} INFO - at org.apache.spark.sql.delta.Checkpoints.$anonfun$loadMetadataFromFile$1(Checkpoints.scala:376)
[2026-08-21T10:40:38.417+0000] {spark_submit.py:571} INFO - at org.apache.spark.sql.delta.metering.DeltaLogging.recordFrameProfile(DeltaLogging.scala:168)
[2026-08-21T10:40:38.417+0000] {spark_submit.py:571} INFO - at org.apache.spark.sql.delta.metering.DeltaLogging.recordFrameProfile$(DeltaLogging.scala:166)
[2026-08-21T10:40:38.417+0000] {spark_submit.py:571} INFO - at org.apache.spark.sql.delta.DeltaLog.recordFrameProfile(DeltaLog.scala:74)
[2026-08-21T10:40:38.417+0000] {spark_submit.py:571} INFO - at org.apache.spark.sql.delta.metering.DeltaLogging.$anonfun$recordDeltaOperationInternal$1(DeltaLogging.scala:136)
[2026-08-21T10:40:38.417+0000] {spark_submit.py:571} INFO - at com.databricks.spark.util.DatabricksLogging.recordOperation(DatabricksLogging.scala:128)
[2026-08-21T10:40:38.418+0000] {spark_submit.py:571} INFO - at com.databricks.spark.util.DatabricksLogging.recordOperation$(DatabricksLogging.scala:117)
[2026-08-21T10:40:38.418+0000] {spark_submit.py:571} INFO - at org.apache.spark.sql.delta.DeltaLog.recordOperation(DeltaLog.scala:74)
[2026-08-21T10:40:38.418+0000] {spark_submit.py:571} INFO - at org.apache.spark.sql.delta.metering.DeltaLogging.recordDeltaOperationInternal(DeltaLogging.scala:135)
[2026-08-21T10:40:38.418+0000] {spark_submit.py:571} INFO - at org.apache.spark.sql.delta.metering.DeltaLogging.recordDeltaOperation(DeltaLogging.scala:125)
[2026-08-21T10:40:38.418+0000] {spark_submit.py:571} INFO - at org.apache.spark.sql.delta.metering.DeltaLogging.recordDeltaOperation$(DeltaLogging.scala:115)
[2026-08-21T10:40:38.418+0000] {spark_submit.py:571} INFO - at org.apache.spark.sql.delta.DeltaLog.recordDeltaOperation(DeltaLog.scala:74)
[2026-08-21T10:40:38.418+0000] {spark_submit.py:571} INFO - at org.apache.spark.sql.delta.Checkpoints.loadMetadataFromFile(Checkpoints.scala:375)
[2026-08-21T10:40:38.419+0000] {spark_submit.py:571} INFO - at org.apache.spark.sql.delta.Checkpoints.$anonfun$loadMetadataFromFile$1(Checkpoints.scala:386)
[2026-08-21T10:40:38.419+0000] {spark_submit.py:571} INFO - at org.apache.spark.sql.delta.metering.DeltaLogging.recordFrameProfile(DeltaLogging.scala:168)
[2026-08-21T10:40:38.419+0000] {spark_submit.py:571} INFO - at org.apache.spark.sql.delta.metering.DeltaLogging.recordFrameProfile$(DeltaLogging.scala:166)
[2026-08-21T10:40:38.419+0000] {spark_submit.py:571} INFO - at org.apache.spark.sql.delta.DeltaLog.recordFrameProfile(DeltaLog.scala:74)
[2026-08-21T10:40:38.419+0000] {spark_submit.py:571} INFO - at org.apache.spark.sql.delta.metering.DeltaLogging.$anonfun$recordDeltaOperationInternal$1(DeltaLogging.scala:136)
[2026-08-21T10:40:38.419+0000] {spark_submit.py:571} INFO - at com.databricks.spark.util.DatabricksLogging.recordOperation(DatabricksLogging.scala:128)
[2026-08-21T10:40:38.419+0000] {spark_submit.py:571} INFO - at com.databricks.spark.util.DatabricksLogging.recordOperation$(DatabricksLogging.scala:117)
[2026-08-21T10:40:38.420+0000] {spark_submit.py:571} INFO - at org.apache.spark.sql.delta.DeltaLog.recordOperation(DeltaLog.scala:74)
[2026-08-21T10:40:38.420+0000] {spark_submit.py:571} INFO - at org.apache.spark.sql.delta.metering.DeltaLogging.recordDeltaOperationInternal(DeltaLogging.scala:135)
[2026-08-21T10:40:38.420+0000] {spark_submit.py:571} INFO - at org.apache.spark.sql.delta.metering.DeltaLogging.recordDeltaOperation(DeltaLogging.scala:125)
[2026-08-21T10:40:38.420+0000] {spark_submit.py:571} INFO - at org.apache.spark.sql.delta.metering.DeltaLogging.recordDeltaOperation$(DeltaLogging.scala:115)
[2026-08-21T10:40:38.420+0000] {spark_submit.py:571} INFO - at org.apache.spark.sql.delta.DeltaLog.recordDeltaOperation(DeltaLog.scala:74)
[2026-08-21T10:40:38.420+0000] {spark_submit.py:571} INFO - at org.apache.spark.sql.delta.Checkpoints.loadMetadataFromFile(Checkpoints.scala:375)
[2026-08-21T10:40:38.421+0000] {spark_submit.py:571} INFO - at org.apache.spark.sql.delta.Checkpoints.$anonfun$loadMetadataFromFile$1(Checkpoints.scala:386)
[2026-08-21T10:40:38.421+0000] {spark_submit.py:571} INFO - at org.apache.spark.sql.delta.metering.DeltaLogging.recordFrameProfile(DeltaLogging.scala:168)
[2026-08-21T10:40:38.421+0000] {spark_submit.py:571} INFO - at org.apache.spark.sql.delta.metering.DeltaLogging.recordFrameProfile$(DeltaLogging.scala:166)
[2026-08-21T10:40:38.421+0000] {spark_submit.py:571} INFO - at org.apache.spark.sql.delta.DeltaLog.recordFrameProfile(DeltaLog.scala:74)
[2026-08-21T10:40:38.421+0000] {spark_submit.py:571} INFO - at org.apache.spark.sql.delta.metering.DeltaLogging.$anonfun$recordDeltaOperationInternal$1(DeltaLogging.scala:136)
[2026-08-21T10:40:38.421+0000] {spark_submit.py:571} INFO - at com.databricks.spark.util.DatabricksLogging.recordOperation(DatabricksLogging.scala:128)
[2026-08-21T10:40:38.421+0000] {spark_submit.py:571} INFO - at com.databricks.spark.util.DatabricksLogging.recordOperation$(DatabricksLogging.scala:117)
[2026-08-21T10:40:38.422+0000] {spark_submit.py:571} INFO - at org.apache.spark.sql.delta.DeltaLog.recordOperation(DeltaLog.scala:74)
[2026-08-21T10:40:38.422+0000] {spark_submit.py:571} INFO - at org.apache.spark.sql.delta.metering.DeltaLogging.recordDeltaOperationInternal(DeltaLogging.scala:135)
[2026-08-21T10:40:38.422+0000] {spark_submit.py:571} INFO - at org.apache.spark.sql.delta.metering.DeltaLogging.recordDeltaOperation(DeltaLogging.scala:125)
[2026-08-21T10:40:38.422+0000] {spark_submit.py:571} INFO - at org.apache.spark.sql.delta.metering.DeltaLogging.recordDeltaOperation$(DeltaLogging.scala:115)
[2026-08-21T10:40:38.422+0000] {spark_submit.py:571} INFO - at org.apache.spark.sql.delta.DeltaLog.recordDeltaOperation(DeltaLog.scala:74)
[2026-08-21T10:40:38.422+0000] {spark_submit.py:571} INFO - at org.apache.spark.sql.delta.Checkpoints.loadMetadataFromFile(Checkpoints.scala:375)
[2026-08-21T10:40:38.423+0000] {spark_submit.py:571} INFO - at org.apache.spark.sql.delta.Checkpoints.readLastCheckpointFile(Checkpoints.scala:369)
[2026-08-21T10:40:38.423+0000] {spark_submit.py:571} INFO - at org.apache.spark.sql.delta.Checkpoints.readLastCheckpointFile$(Checkpoints.scala:368)
[2026-08-21T10:40:38.423+0000] {spark_submit.py:571} INFO - at org.apache.spark.sql.delta.DeltaLog.readLastCheckpointFile(DeltaLog.scala:74)
[2026-08-21T10:40:38.423+0000] {spark_submit.py:571} INFO - at org.apache.spark.sql.delta.SnapshotManagement.$anonfun$getSnapshotAtInit$2(SnapshotManagement.scala:575)
[2026-08-21T10:40:38.423+0000] {spark_submit.py:571} INFO - at org.apache.spark.sql.delta.metering.DeltaLogging.recordFrameProfile(DeltaLogging.scala:168)
[2026-08-21T10:40:38.423+0000] {spark_submit.py:571} INFO - at org.apache.spark.sql.delta.metering.DeltaLogging.recordFrameProfile$(DeltaLogging.scala:166)
[2026-08-21T10:40:38.423+0000] {spark_submit.py:571} INFO - at org.apache.spark.sql.delta.DeltaLog.recordFrameProfile(DeltaLog.scala:74)
[2026-08-21T10:40:38.424+0000] {spark_submit.py:571} INFO - at org.apache.spark.sql.delta.SnapshotManagement.$anonfun$getSnapshotAtInit$1(SnapshotManagement.scala:573)
[2026-08-21T10:40:38.424+0000] {spark_submit.py:571} INFO - at org.apache.spark.sql.delta.SnapshotManagement.withSnapshotLockInterruptibly(SnapshotManagement.scala:78)
[2026-08-21T10:40:38.424+0000] {spark_submit.py:571} INFO - at org.apache.spark.sql.delta.SnapshotManagement.withSnapshotLockInterruptibly$(SnapshotManagement.scala:75)
[2026-08-21T10:40:38.424+0000] {spark_submit.py:571} INFO - at org.apache.spark.sql.delta.DeltaLog.withSnapshotLockInterruptibly(DeltaLog.scala:74)
[2026-08-21T10:40:38.424+0000] {spark_submit.py:571} INFO - at org.apache.spark.sql.delta.SnapshotManagement.getSnapshotAtInit(SnapshotManagement.scala:573)
[2026-08-21T10:40:38.424+0000] {spark_submit.py:571} INFO - at org.apache.spark.sql.delta.SnapshotManagement.getSnapshotAtInit$(SnapshotManagement.scala:572)
[2026-08-21T10:40:38.424+0000] {spark_submit.py:571} INFO - at org.apache.spark.sql.delta.DeltaLog.getSnapshotAtInit(DeltaLog.scala:74)
[2026-08-21T10:40:38.425+0000] {spark_submit.py:571} INFO - at org.apache.spark.sql.delta.SnapshotManagement.$init$(SnapshotManagement.scala:69)
[2026-08-21T10:40:38.425+0000] {spark_submit.py:571} INFO - at org.apache.spark.sql.delta.DeltaLog.<init>(DeltaLog.scala:80)
[2026-08-21T10:40:38.425+0000] {spark_submit.py:571} INFO - at org.apache.spark.sql.delta.DeltaLog$.$anonfun$apply$4(DeltaLog.scala:853)
[2026-08-21T10:40:38.425+0000] {spark_submit.py:571} INFO - at org.apache.spark.sql.catalyst.plans.logical.AnalysisHelper$.allowInvokingTransformsInAnalyzer(AnalysisHelper.scala:323)
[2026-08-21T10:40:38.425+0000] {spark_submit.py:571} INFO - at org.apache.spark.sql.delta.DeltaLog$.$anonfun$apply$3(DeltaLog.scala:848)
[2026-08-21T10:40:38.425+0000] {spark_submit.py:571} INFO - at org.apache.spark.sql.delta.metering.DeltaLogging.recordFrameProfile(DeltaLogging.scala:168)
[2026-08-21T10:40:38.425+0000] {spark_submit.py:571} INFO - at org.apache.spark.sql.delta.metering.DeltaLogging.recordFrameProfile$(DeltaLogging.scala:166)
[2026-08-21T10:40:38.426+0000] {spark_submit.py:571} INFO - at org.apache.spark.sql.delta.DeltaLog$.recordFrameProfile(DeltaLog.scala:651)
[2026-08-21T10:40:38.426+0000] {spark_submit.py:571} INFO - at org.apache.spark.sql.delta.metering.DeltaLogging.$anonfun$recordDeltaOperationInternal$1(DeltaLogging.scala:136)
[2026-08-21T10:40:38.426+0000] {spark_submit.py:571} INFO - at com.databricks.spark.util.DatabricksLogging.recordOperation(DatabricksLogging.scala:128)
[2026-08-21T10:40:38.426+0000] {spark_submit.py:571} INFO - at com.databricks.spark.util.DatabricksLogging.recordOperation$(DatabricksLogging.scala:117)
[2026-08-21T10:40:38.426+0000] {spark_submit.py:571} INFO - at org.apache.spark.sql.delta.DeltaLog$.recordOperation(DeltaLog.scala:651)
[2026-08-21T10:40:38.426+0000] {spark_submit.py:571} INFO - at org.apache.spark.sql.delta.metering.DeltaLogging.recordDeltaOperationInternal(DeltaLogging.scala:135)
[2026-08-21T10:40:38.427+0000] {spark_submit.py:571} INFO - at org.apache.spark.sql.delta.metering.DeltaLogging.recordDeltaOperation(DeltaLogging.scala:125)
[2026-08-21T10:40:38.427+0000] {spark_submit.py:571} INFO - at org.apache.spark.sql.delta.metering.DeltaLogging.recordDeltaOperation$(DeltaLogging.scala:115)
[2026-08-21T10:40:38.427+0000] {spark_submit.py:571} INFO - at org.apache.spark.sql.delta.DeltaLog$.recordDeltaOperation(DeltaLog.scala:651)
[2026-08-21T10:40:38.427+0000] {spark_submit.py:571} INFO - at org.apache.spark.sql.delta.DeltaLog$.createDeltaLog$1(DeltaLog.scala:847)
[2026-08-21T10:40:38.427+0000] {spark_submit.py:571} INFO - at org.apache.spark.sql.delta.DeltaLog$.$anonfun$apply$5(DeltaLog.scala:866)
[2026-08-21T10:40:38.427+0000] {spark_submit.py:571} INFO - at com.google.common.cache.LocalCache$LocalManualCache$1.load(LocalCache.java:4792)
[2026-08-21T10:40:38.427+0000] {spark_submit.py:571} INFO - at com.google.common.cache.LocalCache$LoadingValueReference.loadFuture(LocalCache.java:3599)
[2026-08-21T10:40:38.428+0000] {spark_submit.py:571} INFO - at com.google.common.cache.LocalCache$Segment.loadSync(LocalCache.java:2379)
[2026-08-21T10:40:38.428+0000] {spark_submit.py:571} INFO - at com.google.common.cache.LocalCache$Segment.lockedGetOrLoad(LocalCache.java:2342)
[2026-08-21T10:40:38.428+0000] {spark_submit.py:571} INFO - at com.google.common.cache.LocalCache$Segment.get(LocalCache.java:2257)
[2026-08-21T10:40:38.428+0000] {spark_submit.py:571} INFO - at com.google.common.cache.LocalCache.get(LocalCache.java:4000)
[2026-08-21T10:40:38.428+0000] {spark_submit.py:571} INFO - at com.google.common.cache.LocalCache$LocalManualCache.get(LocalCache.java:4789)
[2026-08-21T10:40:38.428+0000] {spark_submit.py:571} INFO - at org.apache.spark.sql.delta.DeltaLog$.getDeltaLogFromCache$1(DeltaLog.scala:865)
[2026-08-21T10:40:38.428+0000] {spark_submit.py:571} INFO - at org.apache.spark.sql.delta.DeltaLog$.apply(DeltaLog.scala:875)
[2026-08-21T10:40:38.429+0000] {spark_submit.py:571} INFO - at org.apache.spark.sql.delta.DeltaLog$.forTable(DeltaLog.scala:751)
[2026-08-21T10:40:38.429+0000] {spark_submit.py:571} INFO - at org.apache.spark.sql.delta.catalog.DeltaTableV2.$anonfun$deltaLog$1(DeltaTableV2.scala:92)
[2026-08-21T10:40:38.429+0000] {spark_submit.py:571} INFO - at org.apache.spark.sql.delta.catalog.DeltaTableV2$.withEnrichedUnsupportedTableException(DeltaTableV2.scala:367)
[2026-08-21T10:40:38.429+0000] {spark_submit.py:571} INFO - at org.apache.spark.sql.delta.catalog.DeltaTableV2.deltaLog$lzycompute(DeltaTableV2.scala:92)
[2026-08-21T10:40:38.429+0000] {spark_submit.py:571} INFO - at org.apache.spark.sql.delta.catalog.DeltaTableV2.deltaLog(DeltaTableV2.scala:90)
[2026-08-21T10:40:38.429+0000] {spark_submit.py:571} INFO - at org.apache.spark.sql.delta.catalog.DeltaTableV2.$anonfun$initialSnapshot$4(DeltaTableV2.scala:145)
[2026-08-21T10:40:38.429+0000] {spark_submit.py:571} INFO - at scala.Option.getOrElse(Option.scala:189)
[2026-08-21T10:40:38.430+0000] {spark_submit.py:571} INFO - at org.apache.spark.sql.delta.catalog.DeltaTableV2.$anonfun$initialSnapshot$1(DeltaTableV2.scala:145)
[2026-08-21T10:40:38.430+0000] {spark_submit.py:571} INFO - at org.apache.spark.sql.delta.catalog.DeltaTableV2$.withEnrichedUnsupportedTableException(DeltaTableV2.scala:367)
[2026-08-21T10:40:38.430+0000] {spark_submit.py:571} INFO - at org.apache.spark.sql.delta.catalog.DeltaTableV2.initialSnapshot$lzycompute(DeltaTableV2.scala:144)
[2026-08-21T10:40:38.430+0000] {spark_submit.py:571} INFO - at org.apache.spark.sql.delta.catalog.DeltaTableV2.initialSnapshot(DeltaTableV2.scala:124)
[2026-08-21T10:40:38.430+0000] {spark_submit.py:571} INFO - at org.apache.spark.sql.delta.catalog.DeltaTableV2.toBaseRelation$lzycompute(DeltaTableV2.scala:236)
[2026-08-21T10:40:38.430+0000] {spark_submit.py:571} INFO - at org.apache.spark.sql.delta.catalog.DeltaTableV2.toBaseRelation(DeltaTableV2.scala:234)
[2026-08-21T10:40:38.431+0000] {spark_submit.py:571} INFO - at org.apache.spark.sql.delta.sources.DeltaDataSource.$anonfun$createRelation$5(DeltaDataSource.scala:250)
[2026-08-21T10:40:38.431+0000] {spark_submit.py:571} INFO - at org.apache.spark.sql.delta.metering.DeltaLogging.recordFrameProfile(DeltaLogging.scala:168)
[2026-08-21T10:40:38.431+0000] {spark_submit.py:571} INFO - at org.apache.spark.sql.delta.metering.DeltaLogging.recordFrameProfile$(DeltaLogging.scala:166)
[2026-08-21T10:40:38.431+0000] {spark_submit.py:571} INFO - at org.apache.spark.sql.delta.sources.DeltaDataSource.recordFrameProfile(DeltaDataSource.scala:49)
[2026-08-21T10:40:38.431+0000] {spark_submit.py:571} INFO - at org.apache.spark.sql.delta.sources.DeltaDataSource.createRelation(DeltaDataSource.scala:209)
[2026-08-21T10:40:38.431+0000] {spark_submit.py:571} INFO - at org.apache.spark.sql.execution.datasources.DataSource.resolveRelation(DataSource.scala:346)
[2026-08-21T10:40:38.431+0000] {spark_submit.py:571} INFO - at org.apache.spark.sql.DataFrameReader.loadV1Source(DataFrameReader.scala:229)
[2026-08-21T10:40:38.432+0000] {spark_submit.py:571} INFO - at org.apache.spark.sql.DataFrameReader.$anonfun$load$2(DataFrameReader.scala:211)
[2026-08-21T10:40:38.432+0000] {spark_submit.py:571} INFO - at scala.Option.getOrElse(Option.scala:189)
[2026-08-21T10:40:38.432+0000] {spark_submit.py:571} INFO - at org.apache.spark.sql.DataFrameReader.load(DataFrameReader.scala:211)
[2026-08-21T10:40:38.432+0000] {spark_submit.py:571} INFO - at org.apache.spark.sql.DataFrameReader.load(DataFrameReader.scala:186)
[2026-08-21T10:40:38.432+0000] {spark_submit.py:571} INFO - at java.base/jdk.internal.reflect.NativeMethodAccessorImpl.invoke0(Native Method)
[2026-08-21T10:40:38.432+0000] {spark_submit.py:571} INFO - at java.base/jdk.internal.reflect.NativeMethodAccessorImpl.invoke(NativeMethodAccessorImpl.java:77)
[2026-08-21T10:40:38.433+0000] {spark_submit.py:571} INFO - at java.base/jdk.internal.reflect.DelegatingMethodAccessorImpl.invoke(DelegatingMethodAccessorImpl.java:43)
[2026-08-21T10:40:38.433+0000] {spark_submit.py:571} INFO - at java.base/java.lang.reflect.Method.invoke(Method.java:569)
[2026-08-21T10:40:38.433+0000] {spark_submit.py:571} INFO - at py4j.reflection.MethodInvoker.invoke(MethodInvoker.java:244)
[2026-08-21T10:40:38.433+0000] {spark_submit.py:571} INFO - at py4j.reflection.ReflectionEngine.invoke(ReflectionEngine.java:374)
[2026-08-21T10:40:38.433+0000] {spark_submit.py:571} INFO - at py4j.Gateway.invoke(Gateway.java:282)
[2026-08-21T10:40:38.433+0000] {spark_submit.py:571} INFO - at py4j.commands.AbstractCommand.invokeMethod(AbstractCommand.java:132)
[2026-08-21T10:40:38.434+0000] {spark_submit.py:571} INFO - at py4j.commands.CallCommand.execute(CallCommand.java:79)
[2026-08-21T10:40:38.434+0000] {spark_submit.py:571} INFO - at py4j.ClientServerConnection.waitForCommands(ClientServerConnection.java:182)
[2026-08-21T10:40:38.434+0000] {spark_submit.py:571} INFO - at py4j.ClientServerConnection.run(ClientServerConnection.java:106)
[2026-08-21T10:40:38.434+0000] {spark_submit.py:571} INFO - at java.base/java.lang.Thread.run(Thread.java:840)
[2026-08-21T10:40:38.434+0000] {spark_submit.py:571} INFO - Caused by: com.amazonaws.SdkClientException: Unable to execute HTTP request: silver.minio: Name or service not known
[2026-08-21T10:40:38.434+0000] {spark_submit.py:571} INFO - at com.amazonaws.http.AmazonHttpClient$RequestExecutor.handleRetryableException(AmazonHttpClient.java:1219)
[2026-08-21T10:40:38.435+0000] {spark_submit.py:571} INFO - at com.amazonaws.http.AmazonHttpClient$RequestExecutor.executeHelper(AmazonHttpClient.java:1165)
[2026-08-21T10:40:38.435+0000] {spark_submit.py:571} INFO - at com.amazonaws.http.AmazonHttpClient$RequestExecutor.doExecute(AmazonHttpClient.java:814)
[2026-08-21T10:40:38.435+0000] {spark_submit.py:571} INFO - at com.amazonaws.http.AmazonHttpClient$RequestExecutor.executeWithTimer(AmazonHttpClient.java:781)
[2026-08-21T10:40:38.435+0000] {spark_submit.py:571} INFO - at com.amazonaws.http.AmazonHttpClient$RequestExecutor.execute(AmazonHttpClient.java:755)
[2026-08-21T10:40:38.435+0000] {spark_submit.py:571} INFO - at com.amazonaws.http.AmazonHttpClient$RequestExecutor.access$500(AmazonHttpClient.java:715)
[2026-08-21T10:40:38.436+0000] {spark_submit.py:571} INFO - at com.amazonaws.http.AmazonHttpClient$RequestExecutionBuilderImpl.execute(AmazonHttpClient.java:697)
[2026-08-21T10:40:38.436+0000] {spark_submit.py:571} INFO - at com.amazonaws.http.AmazonHttpClient.execute(AmazonHttpClient.java:561)
[2026-08-21T10:40:38.436+0000] {spark_submit.py:571} INFO - at com.amazonaws.http.AmazonHttpClient.execute(AmazonHttpClient.java:541)
[2026-08-21T10:40:38.436+0000] {spark_submit.py:571} INFO - at com.amazonaws.services.s3.AmazonS3Client.invoke(AmazonS3Client.java:5456)
[2026-08-21T10:40:38.436+0000] {spark_submit.py:571} INFO - at com.amazonaws.services.s3.AmazonS3Client.invoke(AmazonS3Client.java:5403)
[2026-08-21T10:40:38.436+0000] {spark_submit.py:571} INFO - at com.amazonaws.services.s3.AmazonS3Client.getObjectMetadata(AmazonS3Client.java:1372)
[2026-08-21T10:40:38.437+0000] {spark_submit.py:571} INFO - at org.apache.hadoop.fs.s3a.S3AFileSystem.lambda$getObjectMetadata$10(S3AFileSystem.java:2545)
[2026-08-21T10:40:38.437+0000] {spark_submit.py:571} INFO - at org.apache.hadoop.fs.s3a.Invoker.retryUntranslated(Invoker.java:414)
[2026-08-21T10:40:38.437+0000] {spark_submit.py:571} INFO - at org.apache.hadoop.fs.s3a.Invoker.retryUntranslated(Invoker.java:377)
[2026-08-21T10:40:38.437+0000] {spark_submit.py:571} INFO - at org.apache.hadoop.fs.s3a.S3AFileSystem.getObjectMetadata(S3AFileSystem.java:2533)
[2026-08-21T10:40:38.437+0000] {spark_submit.py:571} INFO - at org.apache.hadoop.fs.s3a.S3AFileSystem.getObjectMetadata(S3AFileSystem.java:2513)
[2026-08-21T10:40:38.437+0000] {spark_submit.py:571} INFO - at org.apache.hadoop.fs.s3a.S3AFileSystem.s3GetFileStatus(S3AFileSystem.java:3776)
[2026-08-21T10:40:38.438+0000] {spark_submit.py:571} INFO - ... 124 more
[2026-08-21T10:40:38.438+0000] {spark_submit.py:571} INFO - Caused by: java.net.UnknownHostException: silver.minio: Name or service not known
[2026-08-21T10:40:38.438+0000] {spark_submit.py:571} INFO - at java.base/java.net.Inet6AddressImpl.lookupAllHostAddr(Native Method)
[2026-08-21T10:40:38.438+0000] {spark_submit.py:571} INFO - at java.base/java.net.InetAddress$PlatformNameService.lookupAllHostAddr(InetAddress.java:934)
[2026-08-21T10:40:38.438+0000] {spark_submit.py:571} INFO - at java.base/java.net.InetAddress.getAddressesFromNameService(InetAddress.java:1543)
[2026-08-21T10:40:38.439+0000] {spark_submit.py:571} INFO - at java.base/java.net.InetAddress$NameServiceAddresses.get(InetAddress.java:852)
[2026-08-21T10:40:38.439+0000] {spark_submit.py:571} INFO - at java.base/java.net.InetAddress.getAllByName0(InetAddress.java:1533)
[2026-08-21T10:40:38.439+0000] {spark_submit.py:571} INFO - at java.base/java.net.InetAddress.getAllByName(InetAddress.java:1385)
[2026-08-21T10:40:38.439+0000] {spark_submit.py:571} INFO - at java.base/java.net.InetAddress.getAllByName(InetAddress.java:1306)
[2026-08-21T10:40:38.439+0000] {spark_submit.py:571} INFO - at com.amazonaws.SystemDefaultDnsResolver.resolve(SystemDefaultDnsResolver.java:27)
[2026-08-21T10:40:38.439+0000] {spark_submit.py:571} INFO - at com.amazonaws.http.DelegatingDnsResolver.resolve(DelegatingDnsResolver.java:38)
[2026-08-21T10:40:38.440+0000] {spark_submit.py:571} INFO - at com.amazonaws.thirdparty.apache.http.impl.conn.DefaultHttpClientConnectionOperator.connect(DefaultHttpClientConnectionOperator.java:112)
[2026-08-21T10:40:38.440+0000] {spark_submit.py:571} INFO - at com.amazonaws.thirdparty.apache.http.impl.conn.PoolingHttpClientConnectionManager.connect(PoolingHttpClientConnectionManager.java:376)
[2026-08-21T10:40:38.440+0000] {spark_submit.py:571} INFO - at jdk.internal.reflect.GeneratedMethodAccessor23.invoke(Unknown Source)
[2026-08-21T10:40:38.440+0000] {spark_submit.py:571} INFO - at java.base/jdk.internal.reflect.DelegatingMethodAccessorImpl.invoke(DelegatingMethodAccessorImpl.java:43)
[2026-08-21T10:40:38.440+0000] {spark_submit.py:571} INFO - at java.base/java.lang.reflect.Method.invoke(Method.java:569)
[2026-08-21T10:40:38.441+0000] {spark_submit.py:571} INFO - at com.amazonaws.http.conn.ClientConnectionManagerFactory$Handler.invoke(ClientConnectionManagerFactory.java:76)
[2026-08-21T10:40:38.441+0000] {spark_submit.py:571} INFO - at com.amazonaws.http.conn.$Proxy33.connect(Unknown Source)
[2026-08-21T10:40:38.441+0000] {spark_submit.py:571} INFO - at com.amazonaws.thirdparty.apache.http.impl.execchain.MainClientExec.establishRoute(MainClientExec.java:393)
[2026-08-21T10:40:38.441+0000] {spark_submit.py:571} INFO - at com.amazonaws.thirdparty.apache.http.impl.execchain.MainClientExec.execute(MainClientExec.java:236)
[2026-08-21T10:40:38.441+0000] {spark_submit.py:571} INFO - at com.amazonaws.thirdparty.apache.http.impl.execchain.ProtocolExec.execute(ProtocolExec.java:186)
[2026-08-21T10:40:38.441+0000] {spark_submit.py:571} INFO - at com.amazonaws.thirdparty.apache.http.impl.client.InternalHttpClient.doExecute(InternalHttpClient.java:185)
[2026-08-21T10:40:38.442+0000] {spark_submit.py:571} INFO - at com.amazonaws.thirdparty.apache.http.impl.client.CloseableHttpClient.execute(CloseableHttpClient.java:83)
[2026-08-21T10:40:38.442+0000] {spark_submit.py:571} INFO - at com.amazonaws.thirdparty.apache.http.impl.client.CloseableHttpClient.execute(CloseableHttpClient.java:56)
[2026-08-21T10:40:38.442+0000] {spark_submit.py:571} INFO - at com.amazonaws.http.apache.client.impl.SdkHttpClient.execute(SdkHttpClient.java:72)
[2026-08-21T10:40:38.442+0000] {spark_submit.py:571} INFO - at com.amazonaws.http.AmazonHttpClient$RequestExecutor.executeOneRequest(AmazonHttpClient.java:1346)
[2026-08-21T10:40:38.442+0000] {spark_submit.py:571} INFO - at com.amazonaws.http.AmazonHttpClient$RequestExecutor.executeHelper(AmazonHttpClient.java:1157)
[2026-08-21T10:40:38.443+0000] {spark_submit.py:571} INFO - ... 140 more
[2026-08-21T10:40:43.270+0000] {local_task_job_runner.py:310} WARNING - State of this instance has been externally set to restarting. Terminating instance.
[2026-08-21T10:40:43.271+0000] {local_task_job_runner.py:222} INFO - ::endgroup::
[2026-08-21T10:40:43.273+0000] {process_utils.py:132} INFO - Sending 15 to group 3962. PIDs of all processes in the group: [3963, 4017, 3962]
[2026-08-21T10:40:43.273+0000] {process_utils.py:87} INFO - Sending the signal 15 to group 3962
[2026-08-21T10:40:43.277+0000] {taskinstance.py:2611} ERROR - Received SIGTERM. Terminating subprocesses.
[2026-08-21T10:40:43.277+0000] {spark_submit.py:697} INFO - Sending kill signal to spark-submit
[2026-08-21T10:40:43.277+0000] {taskinstance.py:441} INFO - ::group::Post task execution logs
[2026-08-21T10:40:43.298+0000] {taskinstance.py:2905} ERROR - Task failed with exception
Traceback (most recent call last):
  File "/home/airflow/.local/lib/python3.10/site-packages/airflow/models/taskinstance.py", line 465, in _execute_task
    result = _execute_callable(context=context, **execute_callable_kwargs)
  File "/home/airflow/.local/lib/python3.10/site-packages/airflow/models/taskinstance.py", line 432, in _execute_callable
    return execute_callable(context=context, **execute_callable_kwargs)
  File "/home/airflow/.local/lib/python3.10/site-packages/airflow/models/baseoperator.py", line 400, in wrapper
    return func(self, *args, **kwargs)
  File "/home/airflow/.local/lib/python3.10/site-packages/airflow/providers/apache/spark/operators/spark_submit.py", line 174, in execute
    self._hook.submit(self.application)
  File "/home/airflow/.local/lib/python3.10/site-packages/airflow/providers/apache/spark/hooks/spark_submit.py", line 490, in submit
    self._process_spark_submit_log(iter(self._submit_sp.stdout))  # type: ignore
  File "/home/airflow/.local/lib/python3.10/site-packages/airflow/providers/apache/spark/hooks/spark_submit.py", line 539, in _process_spark_submit_log
    for line in itr:
  File "/home/airflow/.local/lib/python3.10/site-packages/airflow/models/taskinstance.py", line 2613, in signal_handler
    raise AirflowTaskTerminated("Task received SIGTERM signal")
airflow.exceptions.AirflowTaskTerminated: Task received SIGTERM signal
[2026-08-21T10:40:43.303+0000] {taskinstance.py:1206} INFO - Marking task as UP_FOR_RETRY. dag_id=cell_kpi_hourly_anomaly_pipeline, task_id=3_offline_train_baseline, run_id=scheduled__2025-05-31T17:00:00+00:00, execution_date=20250531T170000, start_date=20260821T101827, end_date=20260821T104043
[2026-08-21T10:40:43.368+0000] {process_utils.py:80} INFO - Process psutil.Process(pid=3963, status='terminated', started='10:18:27') (3963) terminated with exit code None
[2026-08-21T10:40:43.368+0000] {process_utils.py:80} INFO - Process psutil.Process(pid=4017, status='terminated', started='10:18:29') (4017) terminated with exit code None
[2026-08-21T10:40:43.369+0000] {process_utils.py:80} INFO - Process psutil.Process(pid=3962, status='terminated', exitcode=2, started='10:18:27') (3962) terminated with exit code 2
[2026-08-21T10:44:31.899+0000] {local_task_job_runner.py:120} INFO - ::group::Pre task execution logs
[2026-08-21T10:44:31.914+0000] {taskinstance.py:2076} INFO - Dependencies all met for dep_context=non-requeueable deps ti=<TaskInstance: cell_kpi_hourly_anomaly_pipeline.3_offline_train_baseline scheduled__2025-05-31T17:00:00+00:00 [queued]>
[2026-08-21T10:44:31.920+0000] {taskinstance.py:2076} INFO - Dependencies all met for dep_context=requeueable deps ti=<TaskInstance: cell_kpi_hourly_anomaly_pipeline.3_offline_train_baseline scheduled__2025-05-31T17:00:00+00:00 [queued]>
[2026-08-21T10:44:31.921+0000] {taskinstance.py:2306} INFO - Starting attempt 1 of 2
[2026-08-21T10:44:31.930+0000] {taskinstance.py:2330} INFO - Executing <Task(SparkSubmitOperator): 3_offline_train_baseline> on 2025-05-31 17:00:00+00:00
[2026-08-21T10:44:31.935+0000] {standard_task_runner.py:63} INFO - Started process 5287 to run task
[2026-08-21T10:44:31.939+0000] {standard_task_runner.py:90} INFO - Running: ['***', 'tasks', 'run', 'cell_kpi_hourly_anomaly_pipeline', '3_offline_train_baseline', 'scheduled__2025-05-31T17:00:00+00:00', '--job-id', '101', '--raw', '--subdir', 'DAGS_FOLDER/cell_kpi_hourly_anomaly.py', '--cfg-path', '/tmp/tmpgc4wltpj']
[2026-08-21T10:44:31.941+0000] {standard_task_runner.py:91} INFO - Job 101: Subtask 3_offline_train_baseline
[2026-08-21T10:44:31.980+0000] {task_command.py:426} INFO - Running <TaskInstance: cell_kpi_hourly_anomaly_pipeline.3_offline_train_baseline scheduled__2025-05-31T17:00:00+00:00 [running]> on host 5d28507313c5
[2026-08-21T10:44:32.026+0000] {logging_mixin.py:188} WARNING - /home/***/.local/lib/python3.10/site-packages/***/utils/context.py:212 AirflowContextDeprecationWarning: Accessing 'execution_date' from the template is deprecated and will be removed in a future version. Please use 'data_interval_start' or 'logical_date' instead.
[2026-08-21T10:44:32.053+0000] {taskinstance.py:2648} INFO - Exporting env vars: AIRFLOW_CTX_DAG_OWNER='data_engineer_team' AIRFLOW_CTX_DAG_ID='cell_kpi_hourly_anomaly_pipeline' AIRFLOW_CTX_TASK_ID='3_offline_train_baseline' AIRFLOW_CTX_EXECUTION_DATE='2025-05-31T17:00:00+00:00' AIRFLOW_CTX_TRY_NUMBER='1' AIRFLOW_CTX_DAG_RUN_ID='scheduled__2025-05-31T17:00:00+00:00'
[2026-08-21T10:44:32.053+0000] {taskinstance.py:430} INFO - ::endgroup::
[2026-08-21T10:44:32.069+0000] {base.py:84} INFO - Using connection ID 'spark-master' for task execution.
[2026-08-21T10:44:32.070+0000] {spark_submit.py:401} INFO - Spark-Submit cmd: spark-submit --master spark://spark-master:7077 --name arrow-spark --deploy-mode client /opt/***/spark_scripts/3_offline_train.py --train_until_date 2025-06-01
[2026-08-21T10:44:32.160+0000] {spark_submit.py:571} INFO - /home/***/.local/lib/python3.10/site-packages/pyspark/bin/load-spark-env.sh: line 68: ps: command not found
[2026-08-21T10:44:34.519+0000] {spark_submit.py:571} INFO - 26/08/21 10:44:34 INFO SparkContext: Running Spark version 3.5.1
[2026-08-21T10:44:34.521+0000] {spark_submit.py:571} INFO - 26/08/21 10:44:34 INFO SparkContext: OS info Linux, 6.8.0-1052-azure, amd64
[2026-08-21T10:44:34.522+0000] {spark_submit.py:571} INFO - 26/08/21 10:44:34 INFO SparkContext: Java version 17.0.20
[2026-08-21T10:44:34.577+0000] {spark_submit.py:571} INFO - 26/08/21 10:44:34 WARN NativeCodeLoader: Unable to load native-hadoop library for your platform... using builtin-java classes where applicable
[2026-08-21T10:44:34.675+0000] {spark_submit.py:571} INFO - 26/08/21 10:44:34 INFO ResourceUtils: ==============================================================
[2026-08-21T10:44:34.675+0000] {spark_submit.py:571} INFO - 26/08/21 10:44:34 INFO ResourceUtils: No custom resources configured for spark.driver.
[2026-08-21T10:44:34.675+0000] {spark_submit.py:571} INFO - 26/08/21 10:44:34 INFO ResourceUtils: ==============================================================
[2026-08-21T10:44:34.676+0000] {spark_submit.py:571} INFO - 26/08/21 10:44:34 INFO SparkContext: Submitted application: Offline_Train_Baseline_until_2025-06-01
[2026-08-21T10:44:34.692+0000] {spark_submit.py:571} INFO - 26/08/21 10:44:34 INFO ResourceProfile: Default ResourceProfile created, executor resources: Map(memory -> name: memory, amount: 1024, script: , vendor: , offHeap -> name: offHeap, amount: 0, script: , vendor: ), task resources: Map(cpus -> name: cpus, amount: 1.0)
[2026-08-21T10:44:34.699+0000] {spark_submit.py:571} INFO - 26/08/21 10:44:34 INFO ResourceProfile: Limiting resource is cpu
[2026-08-21T10:44:34.699+0000] {spark_submit.py:571} INFO - 26/08/21 10:44:34 INFO ResourceProfileManager: Added ResourceProfile id: 0
[2026-08-21T10:44:34.749+0000] {spark_submit.py:571} INFO - 26/08/21 10:44:34 INFO SecurityManager: Changing view acls to: ***
[2026-08-21T10:44:34.751+0000] {spark_submit.py:571} INFO - 26/08/21 10:44:34 INFO SecurityManager: Changing modify acls to: ***
[2026-08-21T10:44:34.751+0000] {spark_submit.py:571} INFO - 26/08/21 10:44:34 INFO SecurityManager: Changing view acls groups to:
[2026-08-21T10:44:34.751+0000] {spark_submit.py:571} INFO - 26/08/21 10:44:34 INFO SecurityManager: Changing modify acls groups to:
[2026-08-21T10:44:34.752+0000] {spark_submit.py:571} INFO - 26/08/21 10:44:34 INFO SecurityManager: SecurityManager: authentication disabled; ui acls disabled; users with view permissions: ***; groups with view permissions: EMPTY; users with modify permissions: ***; groups with modify permissions: EMPTY
[2026-08-21T10:44:34.949+0000] {spark_submit.py:571} INFO - 26/08/21 10:44:34 INFO Utils: Successfully started service 'sparkDriver' on port 38907.
[2026-08-21T10:44:34.972+0000] {spark_submit.py:571} INFO - 26/08/21 10:44:34 INFO SparkEnv: Registering MapOutputTracker
[2026-08-21T10:44:35.001+0000] {spark_submit.py:571} INFO - 26/08/21 10:44:35 INFO SparkEnv: Registering BlockManagerMaster
[2026-08-21T10:44:35.016+0000] {spark_submit.py:571} INFO - 26/08/21 10:44:35 INFO BlockManagerMasterEndpoint: Using org.apache.spark.storage.DefaultTopologyMapper for getting topology information
[2026-08-21T10:44:35.017+0000] {spark_submit.py:571} INFO - 26/08/21 10:44:35 INFO BlockManagerMasterEndpoint: BlockManagerMasterEndpoint up
[2026-08-21T10:44:35.020+0000] {spark_submit.py:571} INFO - 26/08/21 10:44:35 INFO SparkEnv: Registering BlockManagerMasterHeartbeat
[2026-08-21T10:44:35.037+0000] {spark_submit.py:571} INFO - 26/08/21 10:44:35 INFO DiskBlockManager: Created local directory at /tmp/blockmgr-220a1f9b-8c98-48bf-807b-a7dd83613358
[2026-08-21T10:44:35.049+0000] {spark_submit.py:571} INFO - 26/08/21 10:44:35 INFO MemoryStore: MemoryStore started with capacity 434.4 MiB
[2026-08-21T10:44:35.061+0000] {spark_submit.py:571} INFO - 26/08/21 10:44:35 INFO SparkEnv: Registering OutputCommitCoordinator
[2026-08-21T10:44:35.156+0000] {spark_submit.py:571} INFO - 26/08/21 10:44:35 INFO JettyUtils: Start Jetty 0.0.0.0:4040 for SparkUI
[2026-08-21T10:44:35.205+0000] {spark_submit.py:571} INFO - 26/08/21 10:44:35 INFO Utils: Successfully started service 'SparkUI' on port 4040.
[2026-08-21T10:44:35.313+0000] {spark_submit.py:571} INFO - 26/08/21 10:44:35 INFO StandaloneAppClient$ClientEndpoint: Connecting to master spark://spark-master:7077...
[2026-08-21T10:44:35.350+0000] {spark_submit.py:571} INFO - 26/08/21 10:44:35 INFO TransportClientFactory: Successfully created connection to spark-master/172.18.0.7:7077 after 20 ms (0 ms spent in bootstraps)
[2026-08-21T10:44:35.430+0000] {spark_submit.py:571} INFO - 26/08/21 10:44:35 INFO StandaloneSchedulerBackend: Connected to Spark cluster with app ID app-20260821104435-0011
[2026-08-21T10:44:35.431+0000] {spark_submit.py:571} INFO - 26/08/21 10:44:35 INFO StandaloneAppClient$ClientEndpoint: Executor added: app-20260821104435-0011/0 on worker-20260821093253-172.18.0.8-35191 (172.18.0.8:35191) with 2 core(s)
[2026-08-21T10:44:35.436+0000] {spark_submit.py:571} INFO - 26/08/21 10:44:35 INFO StandaloneSchedulerBackend: Granted executor ID app-20260821104435-0011/0 on hostPort 172.18.0.8:35191 with 2 core(s), 1024.0 MiB RAM
[2026-08-21T10:44:35.436+0000] {spark_submit.py:571} INFO - 26/08/21 10:44:35 INFO StandaloneAppClient$ClientEndpoint: Executor added: app-20260821104435-0011/1 on worker-20260821093253-172.18.0.9-46549 (172.18.0.9:46549) with 2 core(s)
[2026-08-21T10:44:35.439+0000] {spark_submit.py:571} INFO - 26/08/21 10:44:35 INFO StandaloneSchedulerBackend: Granted executor ID app-20260821104435-0011/1 on hostPort 172.18.0.9:46549 with 2 core(s), 1024.0 MiB RAM
[2026-08-21T10:44:35.453+0000] {spark_submit.py:571} INFO - 26/08/21 10:44:35 INFO Utils: Successfully started service 'org.apache.spark.network.netty.NettyBlockTransferService' on port 33943.
[2026-08-21T10:44:35.453+0000] {spark_submit.py:571} INFO - 26/08/21 10:44:35 INFO NettyBlockTransferService: Server created on 5d28507313c5:33943
[2026-08-21T10:44:35.454+0000] {spark_submit.py:571} INFO - 26/08/21 10:44:35 INFO BlockManager: Using org.apache.spark.storage.RandomBlockReplicationPolicy for block replication policy
[2026-08-21T10:44:35.496+0000] {spark_submit.py:571} INFO - 26/08/21 10:44:35 INFO StandaloneAppClient$ClientEndpoint: Executor updated: app-20260821104435-0011/1 is now RUNNING
[2026-08-21T10:44:35.503+0000] {spark_submit.py:571} INFO - 26/08/21 10:44:35 INFO BlockManagerMaster: Registering BlockManager BlockManagerId(driver, 5d28507313c5, 33943, None)
[2026-08-21T10:44:35.504+0000] {spark_submit.py:571} INFO - 26/08/21 10:44:35 INFO StandaloneAppClient$ClientEndpoint: Executor updated: app-20260821104435-0011/0 is now RUNNING
[2026-08-21T10:44:35.506+0000] {spark_submit.py:571} INFO - 26/08/21 10:44:35 INFO BlockManagerMasterEndpoint: Registering block manager 5d28507313c5:33943 with 434.4 MiB RAM, BlockManagerId(driver, 5d28507313c5, 33943, None)
[2026-08-21T10:44:35.513+0000] {spark_submit.py:571} INFO - 26/08/21 10:44:35 INFO BlockManagerMaster: Registered BlockManager BlockManagerId(driver, 5d28507313c5, 33943, None)
[2026-08-21T10:44:35.513+0000] {spark_submit.py:571} INFO - 26/08/21 10:44:35 INFO BlockManager: Initialized BlockManager: BlockManagerId(driver, 5d28507313c5, 33943, None)
[2026-08-21T10:44:35.909+0000] {spark_submit.py:571} INFO - 26/08/21 10:44:35 INFO StandaloneSchedulerBackend: SchedulerBackend is ready for scheduling beginning after reached minRegisteredResourcesRatio: 0.0
[2026-08-21T10:44:36.304+0000] {spark_submit.py:571} INFO - Bắt đầu OFFLINE TRAINING dữ liệu từ đầu đến ngày 2025-06-01...
[2026-08-21T10:44:36.400+0000] {spark_submit.py:571} INFO - 26/08/21 10:44:36 INFO SharedState: Setting hive.metastore.warehouse.dir ('null') to the value of spark.sql.warehouse.dir.
[2026-08-21T10:44:36.415+0000] {spark_submit.py:571} INFO - 26/08/21 10:44:36 INFO SharedState: Warehouse path is 'file:/opt/***/spark-warehouse'.
[2026-08-21T10:44:38.321+0000] {spark_submit.py:571} INFO - 26/08/21 10:44:38 WARN MetricsConfig: Cannot locate configuration: tried hadoop-metrics2-s3a-file-system.properties,hadoop-metrics2.properties
[2026-08-21T10:44:38.350+0000] {spark_submit.py:571} INFO - 26/08/21 10:44:38 INFO MetricsSystemImpl: Scheduled Metric snapshot period at 10 second(s).
[2026-08-21T10:44:38.352+0000] {spark_submit.py:571} INFO - 26/08/21 10:44:38 INFO MetricsSystemImpl: s3a-file-system metrics system started
[2026-08-21T10:44:40.364+0000] {spark_submit.py:571} INFO - 26/08/21 10:44:40 INFO DelegatingLogStore: LogStore `LogStoreAdapter(io.delta.storage.S3SingleDriverLogStore)` is used for scheme `s3a`
[2026-08-21T10:44:40.543+0000] {spark_submit.py:571} INFO - 26/08/21 10:44:40 INFO DeltaLog: Loading version 5.
[2026-08-21T10:44:41.702+0000] {spark_submit.py:571} INFO - 26/08/21 10:44:41 INFO StandaloneSchedulerBackend$StandaloneDriverEndpoint: Registered executor NettyRpcEndpointRef(spark-client://Executor) (172.18.0.9:34950) with ID 1,  ResourceProfileId 0
[2026-08-21T10:44:41.781+0000] {spark_submit.py:571} INFO - 26/08/21 10:44:41 INFO StandaloneSchedulerBackend$StandaloneDriverEndpoint: Registered executor NettyRpcEndpointRef(spark-client://Executor) (172.18.0.8:42496) with ID 0,  ResourceProfileId 0
[2026-08-21T10:44:41.947+0000] {spark_submit.py:571} INFO - 26/08/21 10:44:41 INFO BlockManagerMasterEndpoint: Registering block manager 172.18.0.9:41607 with 434.4 MiB RAM, BlockManagerId(1, 172.18.0.9, 41607, None)
[2026-08-21T10:44:41.966+0000] {spark_submit.py:571} INFO - 26/08/21 10:44:41 INFO BlockManagerMasterEndpoint: Registering block manager 172.18.0.8:36579 with 434.4 MiB RAM, BlockManagerId(0, 172.18.0.8, 36579, None)
[2026-08-21T10:44:43.069+0000] {spark_submit.py:571} INFO - 26/08/21 10:44:43 INFO DeltaLogFileIndex: Created DeltaLogFileIndex(JSON, numFilesInSegment: 6, totalFileSize: 28109)
[2026-08-21T10:44:43.878+0000] {spark_submit.py:571} INFO - 26/08/21 10:44:43 INFO DataSourceStrategy: Pruning directories with:
[2026-08-21T10:44:43.882+0000] {spark_submit.py:571} INFO - 26/08/21 10:44:43 INFO FileSourceStrategy: Pushed Filters:
[2026-08-21T10:44:43.884+0000] {spark_submit.py:571} INFO - 26/08/21 10:44:43 INFO FileSourceStrategy: Post-Scan Filters: ((isnotnull(protocol#11.minReaderVersion) OR isnotnull(metaData#10.id)) OR (isnotnull(commitInfo#12.inCommitTimestamp) AND (version#13L = 5)))
[2026-08-21T10:44:44.469+0000] {spark_submit.py:571} INFO - 26/08/21 10:44:44 INFO CodeGenerator: Code generated in 329.101434 ms
[2026-08-21T10:44:44.536+0000] {spark_submit.py:571} INFO - 26/08/21 10:44:44 INFO MemoryStore: Block broadcast_0 stored as values in memory (estimated size 202.0 KiB, free 434.2 MiB)
[2026-08-21T10:44:44.604+0000] {spark_submit.py:571} INFO - 26/08/21 10:44:44 INFO MemoryStore: Block broadcast_0_piece0 stored as bytes in memory (estimated size 35.0 KiB, free 434.2 MiB)
[2026-08-21T10:44:44.607+0000] {spark_submit.py:571} INFO - 26/08/21 10:44:44 INFO BlockManagerInfo: Added broadcast_0_piece0 in memory on 5d28507313c5:33943 (size: 35.0 KiB, free: 434.4 MiB)
[2026-08-21T10:44:44.611+0000] {spark_submit.py:571} INFO - 26/08/21 10:44:44 INFO SparkContext: Created broadcast 0 from $anonfun$recordDeltaOperationInternal$1 at DatabricksLogging.scala:128
[2026-08-21T10:44:44.637+0000] {spark_submit.py:571} INFO - 26/08/21 10:44:44 INFO FileSourceScanExec: Planning scan with bin packing, max size: 6298483 bytes, open cost is considered as scanning 4194304 bytes.
[2026-08-21T10:44:44.840+0000] {spark_submit.py:571} INFO - 26/08/21 10:44:44 INFO SparkContext: Starting job: $anonfun$recordDeltaOperationInternal$1 at DatabricksLogging.scala:128
[2026-08-21T10:44:44.855+0000] {spark_submit.py:571} INFO - 26/08/21 10:44:44 INFO DAGScheduler: Got job 0 ($anonfun$recordDeltaOperationInternal$1 at DatabricksLogging.scala:128) with 3 output partitions
[2026-08-21T10:44:44.856+0000] {spark_submit.py:571} INFO - 26/08/21 10:44:44 INFO DAGScheduler: Final stage: ResultStage 0 ($anonfun$recordDeltaOperationInternal$1 at DatabricksLogging.scala:128)
[2026-08-21T10:44:44.856+0000] {spark_submit.py:571} INFO - 26/08/21 10:44:44 INFO DAGScheduler: Parents of final stage: List()
[2026-08-21T10:44:44.858+0000] {spark_submit.py:571} INFO - 26/08/21 10:44:44 INFO DAGScheduler: Missing parents: List()
[2026-08-21T10:44:44.864+0000] {spark_submit.py:571} INFO - 26/08/21 10:44:44 INFO DAGScheduler: Submitting ResultStage 0 (MapPartitionsRDD[3] at $anonfun$recordDeltaOperationInternal$1 at DatabricksLogging.scala:128), which has no missing parents
[2026-08-21T10:44:44.877+0000] {spark_submit.py:571} INFO - 26/08/21 10:44:44 INFO MemoryStore: Block broadcast_1 stored as values in memory (estimated size 55.2 KiB, free 434.1 MiB)
[2026-08-21T10:44:44.889+0000] {spark_submit.py:571} INFO - 26/08/21 10:44:44 INFO MemoryStore: Block broadcast_1_piece0 stored as bytes in memory (estimated size 17.2 KiB, free 434.1 MiB)
[2026-08-21T10:44:44.891+0000] {spark_submit.py:571} INFO - 26/08/21 10:44:44 INFO BlockManagerInfo: Added broadcast_1_piece0 in memory on 5d28507313c5:33943 (size: 17.2 KiB, free: 434.3 MiB)
[2026-08-21T10:44:44.892+0000] {spark_submit.py:571} INFO - 26/08/21 10:44:44 INFO SparkContext: Created broadcast 1 from broadcast at DAGScheduler.scala:1585
[2026-08-21T10:44:44.907+0000] {spark_submit.py:571} INFO - 26/08/21 10:44:44 INFO DAGScheduler: Submitting 3 missing tasks from ResultStage 0 (MapPartitionsRDD[3] at $anonfun$recordDeltaOperationInternal$1 at DatabricksLogging.scala:128) (first 15 tasks are for partitions Vector(0, 1, 2))
[2026-08-21T10:44:44.908+0000] {spark_submit.py:571} INFO - 26/08/21 10:44:44 INFO TaskSchedulerImpl: Adding task set 0.0 with 3 tasks resource profile 0
[2026-08-21T10:44:44.936+0000] {spark_submit.py:571} INFO - 26/08/21 10:44:44 INFO TaskSetManager: Starting task 0.0 in stage 0.0 (TID 0) (172.18.0.9, executor 1, partition 0, PROCESS_LOCAL, 8443 bytes)
[2026-08-21T10:44:44.948+0000] {spark_submit.py:571} INFO - 26/08/21 10:44:44 INFO TaskSetManager: Starting task 1.0 in stage 0.0 (TID 1) (172.18.0.8, executor 0, partition 1, PROCESS_LOCAL, 8443 bytes)
[2026-08-21T10:44:44.948+0000] {spark_submit.py:571} INFO - 26/08/21 10:44:44 INFO TaskSetManager: Starting task 2.0 in stage 0.0 (TID 2) (172.18.0.9, executor 1, partition 2, PROCESS_LOCAL, 8443 bytes)
[2026-08-21T10:44:45.353+0000] {spark_submit.py:571} INFO - 26/08/21 10:44:45 INFO BlockManagerInfo: Added broadcast_1_piece0 in memory on 172.18.0.8:36579 (size: 17.2 KiB, free: 434.4 MiB)
[2026-08-21T10:44:45.417+0000] {spark_submit.py:571} INFO - 26/08/21 10:44:45 INFO BlockManagerInfo: Added broadcast_1_piece0 in memory on 172.18.0.9:41607 (size: 17.2 KiB, free: 434.4 MiB)
[2026-08-21T10:44:47.388+0000] {spark_submit.py:571} INFO - 26/08/21 10:44:47 INFO BlockManagerInfo: Added broadcast_0_piece0 in memory on 172.18.0.8:36579 (size: 35.0 KiB, free: 434.3 MiB)
[2026-08-21T10:44:47.732+0000] {spark_submit.py:571} INFO - 26/08/21 10:44:47 INFO BlockManagerInfo: Added broadcast_0_piece0 in memory on 172.18.0.9:41607 (size: 35.0 KiB, free: 434.3 MiB)
[2026-08-21T10:44:49.964+0000] {spark_submit.py:571} INFO - 26/08/21 10:44:49 INFO TaskSetManager: Finished task 1.0 in stage 0.0 (TID 1) in 5021 ms on 172.18.0.8 (executor 0) (1/3)
[2026-08-21T10:44:50.371+0000] {spark_submit.py:571} INFO - 26/08/21 10:44:50 INFO TaskSetManager: Finished task 2.0 in stage 0.0 (TID 2) in 5421 ms on 172.18.0.9 (executor 1) (2/3)
[2026-08-21T10:44:50.383+0000] {spark_submit.py:571} INFO - 26/08/21 10:44:50 INFO TaskSetManager: Finished task 0.0 in stage 0.0 (TID 0) in 5455 ms on 172.18.0.9 (executor 1) (3/3)
[2026-08-21T10:44:50.385+0000] {spark_submit.py:571} INFO - 26/08/21 10:44:50 INFO TaskSchedulerImpl: Removed TaskSet 0.0, whose tasks have all completed, from pool
[2026-08-21T10:44:50.390+0000] {spark_submit.py:571} INFO - 26/08/21 10:44:50 INFO DAGScheduler: ResultStage 0 ($anonfun$recordDeltaOperationInternal$1 at DatabricksLogging.scala:128) finished in 5.515 s
[2026-08-21T10:44:50.396+0000] {spark_submit.py:571} INFO - 26/08/21 10:44:50 INFO DAGScheduler: Job 0 is finished. Cancelling potential speculative or zombie tasks for this job
[2026-08-21T10:44:50.396+0000] {spark_submit.py:571} INFO - 26/08/21 10:44:50 INFO TaskSchedulerImpl: Killing all running tasks in stage 0: Stage finished
[2026-08-21T10:44:50.399+0000] {spark_submit.py:571} INFO - 26/08/21 10:44:50 INFO DAGScheduler: Job 0 finished: $anonfun$recordDeltaOperationInternal$1 at DatabricksLogging.scala:128, took 5.556425 s
[2026-08-21T10:44:50.507+0000] {spark_submit.py:571} INFO - 26/08/21 10:44:50 INFO CodeGenerator: Code generated in 72.171863 ms
[2026-08-21T10:44:50.582+0000] {spark_submit.py:571} INFO - 26/08/21 10:44:50 INFO Snapshot: [tableId=cd4343e6-b49b-4cff-bce8-1282d0aa5fcd] Created snapshot Snapshot(path=s3a://silver/cell_kpi_clean/_delta_log, version=5, metadata=Metadata(8fd6b178-1d15-4009-98af-a535a11b587e,null,null,Format(parquet,Map()),{"type":"struct","fields":[{"name":"enb_name","type":"string","nullable":true,"metadata":{}},{"name":"cell_name","type":"string","nullable":true,"metadata":{}},{"name":"date_hour","type":"string","nullable":true,"metadata":{}},{"name":"dl_traffic_gb","type":"double","nullable":true,"metadata":{}},{"name":"ul_traffic_gb","type":"double","nullable":true,"metadata":{}},{"name":"total_traffic_gb","type":"double","nullable":true,"metadata":{}},{"name":"max_rrc_connected_user","type":"integer","nullable":true,"metadata":{}},{"name":"ul_prb","type":"double","nullable":true,"metadata":{}},{"name":"ul_prb_used","type":"double","nullable":true,"metadata":{}},{"name":"ul_prb_available_total","type":"double","nullable":true,"metadata":{}},{"name":"dl_prb","type":"double","nullable":true,"metadata":{}},{"name":"dl_prb_used","type":"double","nullable":true,"metadata":{}},{"name":"dl_prb_available_total","type":"double","nullable":true,"metadata":{}},{"name":"sector","type":"string","nullable":true,"metadata":{}},{"name":"azimuth","type":"integer","nullable":true,"metadata":{}},{"name":"cell_type","type":"string","nullable":true,"metadata":{}},{"name":"x","type":"double","nullable":true,"metadata":{}},{"name":"y","type":"double","nullable":true,"metadata":{}},{"name":"date","type":"string","nullable":true,"metadata":{}},{"name":"hour","type":"string","nullable":true,"metadata":{}}]},List(date, hour),Map(),Some(1787286899856)), logSegment=LogSegment(s3a://silver/cell_kpi_clean/_delta_log,5,WrappedArray(S3AFileStatus{path=s3a://silver/cell_kpi_clean/_delta_log/00000000000000000000.json; isDirectory=false; length=5813; replication=1; blocksize=33554432; modification_time=1787286903581; access_time=0; owner=***; group=***; permission=rw-rw-rw-; isSymlink=false; hasAcl=false; isEncrypted=true; isErasureCoded=false} isEmptyDirectory=FALSE eTag=a61f93f542e7cbeb3c02c48bda3dd9d1 versionId=null, S3AFileStatus{path=s3a://silver/cell_kpi_clean/_delta_log/00000000000000000001.json; isDirectory=false; length=3967; replication=1; blocksize=33554432; modification_time=1787286948992; access_time=0; owner=***; group=***; permission=rw-rw-rw-; isSymlink=false; hasAcl=false; isEncrypted=true; isErasureCoded=false} isEmptyDirectory=FALSE eTag=c4cb9191abcb8706a1ca0c0a7ba56fe5 versionId=null, S3AFileStatus{path=s3a://silver/cell_kpi_clean/_delta_log/00000000000000000002.json; isDirectory=false; length=4559; replication=1; blocksize=33554432; modification_time=1787306055978; access_time=0; owner=***; group=***; permission=rw-rw-rw-; isSymlink=false; hasAcl=false; isEncrypted=true; isErasureCoded=false} isEmptyDirectory=FALSE eTag=a89535ce0cefbcc8d2ca77fd6220b50f versionId=null, S3AFileStatus{path=s3a://silver/cell_kpi_clean/_delta_log/00000000000000000003.json; isDirectory=false; length=4590; replication=1; blocksize=33554432; modification_time=1787306099012; access_time=0; owner=***; group=***; permission=rw-rw-rw-; isSymlink=false; hasAcl=false; isEncrypted=true; isErasureCoded=false} isEmptyDirectory=FALSE eTag=2540ccb72a37181b693d1c4b634b764f versionId=null, S3AFileStatus{path=s3a://silver/cell_kpi_clean/_delta_log/00000000000000000004.json; isDirectory=false; length=4590; replication=1; blocksize=33554432; modification_time=1787307505904; access_time=0; owner=***; group=***; permission=rw-rw-rw-; isSymlink=false; hasAcl=false; isEncrypted=true; isErasureCoded=false} isEmptyDirectory=FALSE eTag=28189dc4c521e4e82f504c9b784654cf versionId=null, S3AFileStatus{path=s3a://silver/cell_kpi_clean/_delta_log/00000000000000000005.json; isDirectory=false; length=4590; replication=1; blocksize=33554432; modification_time=1787309069934; access_time=0; owner=***; group=***; permission=rw-rw-rw-; isSymlink=false; hasAcl=false; isEncrypted=true; isErasureCoded=false} isEmptyDirectory=FALSE eTag=8c43324677a4cab1d26af486741e2302 versionId=null),org.apache.spark.sql.delta.EmptyCheckpointProvider$@4f9894c1,1787309069934), checksumOpt=None)
[2026-08-21T10:44:50.605+0000] {spark_submit.py:571} INFO - 26/08/21 10:44:50 INFO DeltaLog: Updated snapshot to Snapshot(path=s3a://silver/cell_kpi_clean/_delta_log, version=5, metadata=Metadata(8fd6b178-1d15-4009-98af-a535a11b587e,null,null,Format(parquet,Map()),{"type":"struct","fields":[{"name":"enb_name","type":"string","nullable":true,"metadata":{}},{"name":"cell_name","type":"string","nullable":true,"metadata":{}},{"name":"date_hour","type":"string","nullable":true,"metadata":{}},{"name":"dl_traffic_gb","type":"double","nullable":true,"metadata":{}},{"name":"ul_traffic_gb","type":"double","nullable":true,"metadata":{}},{"name":"total_traffic_gb","type":"double","nullable":true,"metadata":{}},{"name":"max_rrc_connected_user","type":"integer","nullable":true,"metadata":{}},{"name":"ul_prb","type":"double","nullable":true,"metadata":{}},{"name":"ul_prb_used","type":"double","nullable":true,"metadata":{}},{"name":"ul_prb_available_total","type":"double","nullable":true,"metadata":{}},{"name":"dl_prb","type":"double","nullable":true,"metadata":{}},{"name":"dl_prb_used","type":"double","nullable":true,"metadata":{}},{"name":"dl_prb_available_total","type":"double","nullable":true,"metadata":{}},{"name":"sector","type":"string","nullable":true,"metadata":{}},{"name":"azimuth","type":"integer","nullable":true,"metadata":{}},{"name":"cell_type","type":"string","nullable":true,"metadata":{}},{"name":"x","type":"double","nullable":true,"metadata":{}},{"name":"y","type":"double","nullable":true,"metadata":{}},{"name":"date","type":"string","nullable":true,"metadata":{}},{"name":"hour","type":"string","nullable":true,"metadata":{}}]},List(date, hour),Map(),Some(1787286899856)), logSegment=LogSegment(s3a://silver/cell_kpi_clean/_delta_log,5,WrappedArray(S3AFileStatus{path=s3a://silver/cell_kpi_clean/_delta_log/00000000000000000000.json; isDirectory=false; length=5813; replication=1; blocksize=33554432; modification_time=1787286903581; access_time=0; owner=***; group=***; permission=rw-rw-rw-; isSymlink=false; hasAcl=false; isEncrypted=true; isErasureCoded=false} isEmptyDirectory=FALSE eTag=a61f93f542e7cbeb3c02c48bda3dd9d1 versionId=null, S3AFileStatus{path=s3a://silver/cell_kpi_clean/_delta_log/00000000000000000001.json; isDirectory=false; length=3967; replication=1; blocksize=33554432; modification_time=1787286948992; access_time=0; owner=***; group=***; permission=rw-rw-rw-; isSymlink=false; hasAcl=false; isEncrypted=true; isErasureCoded=false} isEmptyDirectory=FALSE eTag=c4cb9191abcb8706a1ca0c0a7ba56fe5 versionId=null, S3AFileStatus{path=s3a://silver/cell_kpi_clean/_delta_log/00000000000000000002.json; isDirectory=false; length=4559; replication=1; blocksize=33554432; modification_time=1787306055978; access_time=0; owner=***; group=***; permission=rw-rw-rw-; isSymlink=false; hasAcl=false; isEncrypted=true; isErasureCoded=false} isEmptyDirectory=FALSE eTag=a89535ce0cefbcc8d2ca77fd6220b50f versionId=null, S3AFileStatus{path=s3a://silver/cell_kpi_clean/_delta_log/00000000000000000003.json; isDirectory=false; length=4590; replication=1; blocksize=33554432; modification_time=1787306099012; access_time=0; owner=***; group=***; permission=rw-rw-rw-; isSymlink=false; hasAcl=false; isEncrypted=true; isErasureCoded=false} isEmptyDirectory=FALSE eTag=2540ccb72a37181b693d1c4b634b764f versionId=null, S3AFileStatus{path=s3a://silver/cell_kpi_clean/_delta_log/00000000000000000004.json; isDirectory=false; length=4590; replication=1; blocksize=33554432; modification_time=1787307505904; access_time=0; owner=***; group=***; permission=rw-rw-rw-; isSymlink=false; hasAcl=false; isEncrypted=true; isErasureCoded=false} isEmptyDirectory=FALSE eTag=28189dc4c521e4e82f504c9b784654cf versionId=null, S3AFileStatus{path=s3a://silver/cell_kpi_clean/_delta_log/00000000000000000005.json; isDirectory=false; length=4590; replication=1; blocksize=33554432; modification_time=1787309069934; access_time=0; owner=***; group=***; permission=rw-rw-rw-; isSymlink=false; hasAcl=false; isEncrypted=true; isErasureCoded=false} isEmptyDirectory=FALSE eTag=8c43324677a4cab1d26af486741e2302 versionId=null),org.apache.spark.sql.delta.EmptyCheckpointProvider$@4f9894c1,1787309069934), checksumOpt=None)
[2026-08-21T10:44:50.795+0000] {spark_submit.py:571} INFO - 26/08/21 10:44:50 INFO PrepareDeltaScan: DELTA: Filtering files for query
[2026-08-21T10:44:50.812+0000] {spark_submit.py:571} INFO - 26/08/21 10:44:50 INFO MemoryStore: Block broadcast_2 stored as values in memory (estimated size 201.6 KiB, free 433.9 MiB)
[2026-08-21T10:44:50.836+0000] {spark_submit.py:571} INFO - 26/08/21 10:44:50 INFO MemoryStore: Block broadcast_2_piece0 stored as bytes in memory (estimated size 34.9 KiB, free 433.9 MiB)
[2026-08-21T10:44:50.850+0000] {spark_submit.py:571} INFO - 26/08/21 10:44:50 INFO BlockManagerInfo: Added broadcast_2_piece0 in memory on 5d28507313c5:33943 (size: 34.9 KiB, free: 434.3 MiB)
[2026-08-21T10:44:50.860+0000] {spark_submit.py:571} INFO - 26/08/21 10:44:50 INFO SparkContext: Created broadcast 2 from $anonfun$recordDeltaOperationInternal$1 at DatabricksLogging.scala:128
[2026-08-21T10:44:50.863+0000] {spark_submit.py:571} INFO - 26/08/21 10:44:50 INFO BlockManagerInfo: Removed broadcast_1_piece0 on 5d28507313c5:33943 in memory (size: 17.2 KiB, free: 434.3 MiB)
[2026-08-21T10:44:50.886+0000] {spark_submit.py:571} INFO - 26/08/21 10:44:50 INFO BlockManagerInfo: Removed broadcast_1_piece0 on 172.18.0.8:36579 in memory (size: 17.2 KiB, free: 434.4 MiB)
[2026-08-21T10:44:50.902+0000] {spark_submit.py:571} INFO - 26/08/21 10:44:50 INFO BlockManagerInfo: Removed broadcast_1_piece0 on 172.18.0.9:41607 in memory (size: 17.2 KiB, free: 434.4 MiB)
[2026-08-21T10:44:51.611+0000] {spark_submit.py:571} INFO - 26/08/21 10:44:51 INFO DataSourceStrategy: Pruning directories with:
[2026-08-21T10:44:51.611+0000] {spark_submit.py:571} INFO - 26/08/21 10:44:51 INFO FileSourceStrategy: Pushed Filters:
[2026-08-21T10:44:51.611+0000] {spark_submit.py:571} INFO - 26/08/21 10:44:51 INFO FileSourceStrategy: Post-Scan Filters:
[2026-08-21T10:44:51.657+0000] {spark_submit.py:571} INFO - 26/08/21 10:44:51 WARN SparkStringUtils: Truncated the string representation of a plan since it was too large. This behavior can be adjusted by setting 'spark.sql.debug.maxToStringFields'.
[2026-08-21T10:44:51.881+0000] {spark_submit.py:571} INFO - 26/08/21 10:44:51 INFO BlockManagerInfo: Removed broadcast_0_piece0 on 5d28507313c5:33943 in memory (size: 35.0 KiB, free: 434.4 MiB)
[2026-08-21T10:44:51.882+0000] {spark_submit.py:571} INFO - 26/08/21 10:44:51 INFO BlockManagerInfo: Removed broadcast_0_piece0 on 172.18.0.8:36579 in memory (size: 35.0 KiB, free: 434.4 MiB)
[2026-08-21T10:44:51.892+0000] {spark_submit.py:571} INFO - 26/08/21 10:44:51 INFO BlockManagerInfo: Removed broadcast_0_piece0 on 172.18.0.9:41607 in memory (size: 35.0 KiB, free: 434.4 MiB)
[2026-08-21T10:44:51.900+0000] {spark_submit.py:571} INFO - 26/08/21 10:44:51 INFO CodeGenerator: Code generated in 157.683615 ms
[2026-08-21T10:44:51.906+0000] {spark_submit.py:571} INFO - 26/08/21 10:44:51 INFO MemoryStore: Block broadcast_3 stored as values in memory (estimated size 202.0 KiB, free 434.0 MiB)
[2026-08-21T10:44:51.917+0000] {spark_submit.py:571} INFO - 26/08/21 10:44:51 INFO MemoryStore: Block broadcast_3_piece0 stored as bytes in memory (estimated size 35.0 KiB, free 433.9 MiB)
[2026-08-21T10:44:51.918+0000] {spark_submit.py:571} INFO - 26/08/21 10:44:51 INFO BlockManagerInfo: Added broadcast_3_piece0 in memory on 5d28507313c5:33943 (size: 35.0 KiB, free: 434.3 MiB)
[2026-08-21T10:44:51.921+0000] {spark_submit.py:571} INFO - 26/08/21 10:44:51 INFO SparkContext: Created broadcast 3 from $anonfun$recordDeltaOperationInternal$1 at DatabricksLogging.scala:128
[2026-08-21T10:44:51.923+0000] {spark_submit.py:571} INFO - 26/08/21 10:44:51 INFO FileSourceScanExec: Planning scan with bin packing, max size: 6298483 bytes, open cost is considered as scanning 4194304 bytes.
[2026-08-21T10:44:51.989+0000] {spark_submit.py:571} INFO - 26/08/21 10:44:51 INFO DAGScheduler: Registering RDD 7 ($anonfun$recordDeltaOperationInternal$1 at DatabricksLogging.scala:128) as input to shuffle 0
[2026-08-21T10:44:51.990+0000] {spark_submit.py:571} INFO - 26/08/21 10:44:51 INFO DAGScheduler: Got map stage job 1 ($anonfun$recordDeltaOperationInternal$1 at DatabricksLogging.scala:128) with 3 output partitions
[2026-08-21T10:44:51.991+0000] {spark_submit.py:571} INFO - 26/08/21 10:44:51 INFO DAGScheduler: Final stage: ShuffleMapStage 1 ($anonfun$recordDeltaOperationInternal$1 at DatabricksLogging.scala:128)
[2026-08-21T10:44:51.991+0000] {spark_submit.py:571} INFO - 26/08/21 10:44:51 INFO DAGScheduler: Parents of final stage: List()
[2026-08-21T10:44:51.992+0000] {spark_submit.py:571} INFO - 26/08/21 10:44:51 INFO DAGScheduler: Missing parents: List()
[2026-08-21T10:44:51.992+0000] {spark_submit.py:571} INFO - 26/08/21 10:44:51 INFO DAGScheduler: Submitting ShuffleMapStage 1 (MapPartitionsRDD[7] at $anonfun$recordDeltaOperationInternal$1 at DatabricksLogging.scala:128), which has no missing parents
[2026-08-21T10:44:52.006+0000] {spark_submit.py:571} INFO - 26/08/21 10:44:52 INFO MemoryStore: Block broadcast_4 stored as values in memory (estimated size 105.9 KiB, free 433.8 MiB)
[2026-08-21T10:44:52.009+0000] {spark_submit.py:571} INFO - 26/08/21 10:44:52 INFO MemoryStore: Block broadcast_4_piece0 stored as bytes in memory (estimated size 32.7 KiB, free 433.8 MiB)
[2026-08-21T10:44:52.009+0000] {spark_submit.py:571} INFO - 26/08/21 10:44:52 INFO BlockManagerInfo: Added broadcast_4_piece0 in memory on 5d28507313c5:33943 (size: 32.7 KiB, free: 434.3 MiB)
[2026-08-21T10:44:52.013+0000] {spark_submit.py:571} INFO - 26/08/21 10:44:52 INFO SparkContext: Created broadcast 4 from broadcast at DAGScheduler.scala:1585
[2026-08-21T10:44:52.016+0000] {spark_submit.py:571} INFO - 26/08/21 10:44:52 INFO DAGScheduler: Submitting 3 missing tasks from ShuffleMapStage 1 (MapPartitionsRDD[7] at $anonfun$recordDeltaOperationInternal$1 at DatabricksLogging.scala:128) (first 15 tasks are for partitions Vector(0, 1, 2))
[2026-08-21T10:44:52.016+0000] {spark_submit.py:571} INFO - 26/08/21 10:44:52 INFO TaskSchedulerImpl: Adding task set 1.0 with 3 tasks resource profile 0
[2026-08-21T10:44:52.018+0000] {spark_submit.py:571} INFO - 26/08/21 10:44:52 INFO TaskSetManager: Starting task 0.0 in stage 1.0 (TID 3) (172.18.0.9, executor 1, partition 0, PROCESS_LOCAL, 8432 bytes)
[2026-08-21T10:44:52.022+0000] {spark_submit.py:571} INFO - 26/08/21 10:44:52 INFO TaskSetManager: Starting task 1.0 in stage 1.0 (TID 4) (172.18.0.8, executor 0, partition 1, PROCESS_LOCAL, 8432 bytes)
[2026-08-21T10:44:52.022+0000] {spark_submit.py:571} INFO - 26/08/21 10:44:52 INFO TaskSetManager: Starting task 2.0 in stage 1.0 (TID 5) (172.18.0.9, executor 1, partition 2, PROCESS_LOCAL, 8432 bytes)
[2026-08-21T10:44:52.094+0000] {spark_submit.py:571} INFO - 26/08/21 10:44:52 INFO BlockManagerInfo: Added broadcast_4_piece0 in memory on 172.18.0.8:36579 (size: 32.7 KiB, free: 434.4 MiB)
[2026-08-21T10:44:52.132+0000] {spark_submit.py:571} INFO - 26/08/21 10:44:52 INFO BlockManagerInfo: Added broadcast_4_piece0 in memory on 172.18.0.9:41607 (size: 32.7 KiB, free: 434.4 MiB)
[2026-08-21T10:44:53.334+0000] {spark_submit.py:571} INFO - 26/08/21 10:44:53 INFO BlockManagerInfo: Added broadcast_3_piece0 in memory on 172.18.0.8:36579 (size: 35.0 KiB, free: 434.3 MiB)
[2026-08-21T10:44:53.409+0000] {spark_submit.py:571} INFO - 26/08/21 10:44:53 INFO BlockManagerInfo: Added broadcast_3_piece0 in memory on 172.18.0.9:41607 (size: 35.0 KiB, free: 434.3 MiB)
[2026-08-21T10:44:54.790+0000] {spark_submit.py:571} INFO - 26/08/21 10:44:54 INFO TaskSetManager: Finished task 1.0 in stage 1.0 (TID 4) in 2771 ms on 172.18.0.8 (executor 0) (1/3)
[2026-08-21T10:44:55.085+0000] {spark_submit.py:571} INFO - 26/08/21 10:44:55 INFO TaskSetManager: Finished task 0.0 in stage 1.0 (TID 3) in 3068 ms on 172.18.0.9 (executor 1) (2/3)
[2026-08-21T10:44:55.087+0000] {spark_submit.py:571} INFO - 26/08/21 10:44:55 INFO TaskSetManager: Finished task 2.0 in stage 1.0 (TID 5) in 3066 ms on 172.18.0.9 (executor 1) (3/3)
[2026-08-21T10:44:55.087+0000] {spark_submit.py:571} INFO - 26/08/21 10:44:55 INFO TaskSchedulerImpl: Removed TaskSet 1.0, whose tasks have all completed, from pool
[2026-08-21T10:44:55.092+0000] {spark_submit.py:571} INFO - 26/08/21 10:44:55 INFO DAGScheduler: ShuffleMapStage 1 ($anonfun$recordDeltaOperationInternal$1 at DatabricksLogging.scala:128) finished in 3.094 s
[2026-08-21T10:44:55.092+0000] {spark_submit.py:571} INFO - 26/08/21 10:44:55 INFO DAGScheduler: looking for newly runnable stages
[2026-08-21T10:44:55.092+0000] {spark_submit.py:571} INFO - 26/08/21 10:44:55 INFO DAGScheduler: running: Set()
[2026-08-21T10:44:55.092+0000] {spark_submit.py:571} INFO - 26/08/21 10:44:55 INFO DAGScheduler: waiting: Set()
[2026-08-21T10:44:55.093+0000] {spark_submit.py:571} INFO - 26/08/21 10:44:55 INFO DAGScheduler: failed: Set()
[2026-08-21T10:44:55.221+0000] {spark_submit.py:571} INFO - 26/08/21 10:44:55 INFO BlockManagerInfo: Removed broadcast_4_piece0 on 5d28507313c5:33943 in memory (size: 32.7 KiB, free: 434.3 MiB)
[2026-08-21T10:44:55.224+0000] {spark_submit.py:571} INFO - 26/08/21 10:44:55 INFO BlockManagerInfo: Removed broadcast_4_piece0 on 172.18.0.8:36579 in memory (size: 32.7 KiB, free: 434.4 MiB)
[2026-08-21T10:44:55.232+0000] {spark_submit.py:571} INFO - 26/08/21 10:44:55 INFO BlockManagerInfo: Removed broadcast_4_piece0 on 172.18.0.9:41607 in memory (size: 32.7 KiB, free: 434.4 MiB)
[2026-08-21T10:44:55.692+0000] {spark_submit.py:571} INFO - 26/08/21 10:44:55 INFO CodeGenerator: Generated method too long to be JIT compiled: org.apache.spark.sql.catalyst.expressions.GeneratedClass$GeneratedIteratorForCodegenStage3.serializefromobject_doConsume_0$ is 25072 bytes
[2026-08-21T10:44:55.693+0000] {spark_submit.py:571} INFO - 26/08/21 10:44:55 INFO CodeGenerator: Code generated in 366.982829 ms
[2026-08-21T10:44:55.798+0000] {spark_submit.py:571} INFO - 26/08/21 10:44:55 INFO CodeGenerator: Code generated in 80.930865 ms
[2026-08-21T10:44:56.339+0000] {spark_submit.py:571} INFO - 26/08/21 10:44:56 INFO CodeGenerator: Code generated in 139.988231 ms
[2026-08-21T10:44:56.383+0000] {spark_submit.py:571} INFO - 26/08/21 10:44:56 INFO SparkContext: Starting job: $anonfun$recordDeltaOperationInternal$1 at DatabricksLogging.scala:128
[2026-08-21T10:44:56.386+0000] {spark_submit.py:571} INFO - 26/08/21 10:44:56 INFO DAGScheduler: Got job 2 ($anonfun$recordDeltaOperationInternal$1 at DatabricksLogging.scala:128) with 50 output partitions
[2026-08-21T10:44:56.386+0000] {spark_submit.py:571} INFO - 26/08/21 10:44:56 INFO DAGScheduler: Final stage: ResultStage 3 ($anonfun$recordDeltaOperationInternal$1 at DatabricksLogging.scala:128)
[2026-08-21T10:44:56.386+0000] {spark_submit.py:571} INFO - 26/08/21 10:44:56 INFO DAGScheduler: Parents of final stage: List(ShuffleMapStage 2)
[2026-08-21T10:44:56.388+0000] {spark_submit.py:571} INFO - 26/08/21 10:44:56 INFO DAGScheduler: Missing parents: List()
[2026-08-21T10:44:56.393+0000] {spark_submit.py:571} INFO - 26/08/21 10:44:56 INFO DAGScheduler: Submitting ResultStage 3 (MapPartitionsRDD[16] at $anonfun$recordDeltaOperationInternal$1 at DatabricksLogging.scala:128), which has no missing parents
[2026-08-21T10:44:56.410+0000] {spark_submit.py:571} INFO - 26/08/21 10:44:56 INFO MemoryStore: Block broadcast_5 stored as values in memory (estimated size 688.0 KiB, free 433.3 MiB)
[2026-08-21T10:44:56.414+0000] {spark_submit.py:571} INFO - 26/08/21 10:44:56 INFO MemoryStore: Block broadcast_5_piece0 stored as bytes in memory (estimated size 155.5 KiB, free 433.1 MiB)
[2026-08-21T10:44:56.415+0000] {spark_submit.py:571} INFO - 26/08/21 10:44:56 INFO BlockManagerInfo: Added broadcast_5_piece0 in memory on 5d28507313c5:33943 (size: 155.5 KiB, free: 434.2 MiB)
[2026-08-21T10:44:56.416+0000] {spark_submit.py:571} INFO - 26/08/21 10:44:56 INFO SparkContext: Created broadcast 5 from broadcast at DAGScheduler.scala:1585
[2026-08-21T10:44:56.417+0000] {spark_submit.py:571} INFO - 26/08/21 10:44:56 INFO DAGScheduler: Submitting 50 missing tasks from ResultStage 3 (MapPartitionsRDD[16] at $anonfun$recordDeltaOperationInternal$1 at DatabricksLogging.scala:128) (first 15 tasks are for partitions Vector(0, 1, 2, 3, 4, 5, 6, 7, 8, 9, 10, 11, 12, 13, 14))
[2026-08-21T10:44:56.418+0000] {spark_submit.py:571} INFO - 26/08/21 10:44:56 INFO TaskSchedulerImpl: Adding task set 3.0 with 50 tasks resource profile 0
[2026-08-21T10:44:56.422+0000] {spark_submit.py:571} INFO - 26/08/21 10:44:56 INFO TaskSetManager: Starting task 0.0 in stage 3.0 (TID 6) (172.18.0.9, executor 1, partition 0, NODE_LOCAL, 7619 bytes)
[2026-08-21T10:44:56.423+0000] {spark_submit.py:571} INFO - 26/08/21 10:44:56 INFO TaskSetManager: Starting task 5.0 in stage 3.0 (TID 7) (172.18.0.8, executor 0, partition 5, NODE_LOCAL, 7619 bytes)
[2026-08-21T10:44:56.424+0000] {spark_submit.py:571} INFO - 26/08/21 10:44:56 INFO TaskSetManager: Starting task 2.0 in stage 3.0 (TID 8) (172.18.0.9, executor 1, partition 2, NODE_LOCAL, 7619 bytes)
[2026-08-21T10:44:56.424+0000] {spark_submit.py:571} INFO - 26/08/21 10:44:56 INFO TaskSetManager: Starting task 13.0 in stage 3.0 (TID 9) (172.18.0.8, executor 0, partition 13, NODE_LOCAL, 7619 bytes)
[2026-08-21T10:44:56.484+0000] {spark_submit.py:571} INFO - 26/08/21 10:44:56 INFO BlockManagerInfo: Added broadcast_5_piece0 in memory on 172.18.0.9:41607 (size: 155.5 KiB, free: 434.2 MiB)
[2026-08-21T10:44:56.485+0000] {spark_submit.py:571} INFO - 26/08/21 10:44:56 INFO BlockManagerInfo: Added broadcast_5_piece0 in memory on 172.18.0.8:36579 (size: 155.5 KiB, free: 434.2 MiB)
[2026-08-21T10:44:57.234+0000] {spark_submit.py:571} INFO - 26/08/21 10:44:57 INFO MapOutputTrackerMasterEndpoint: Asked to send map output locations for shuffle 0 to 172.18.0.9:34950
[2026-08-21T10:44:57.240+0000] {spark_submit.py:571} INFO - 26/08/21 10:44:57 INFO MapOutputTrackerMasterEndpoint: Asked to send map output locations for shuffle 0 to 172.18.0.8:42496
[2026-08-21T10:44:58.891+0000] {spark_submit.py:571} INFO - 26/08/21 10:44:58 INFO BlockManagerInfo: Added rdd_14_2 in memory on 172.18.0.9:41607 (size: 410.0 B, free: 434.2 MiB)
[2026-08-21T10:44:58.893+0000] {spark_submit.py:571} INFO - 26/08/21 10:44:58 INFO BlockManagerInfo: Added rdd_14_0 in memory on 172.18.0.9:41607 (size: 1156.0 B, free: 434.2 MiB)
[2026-08-21T10:44:58.913+0000] {spark_submit.py:571} INFO - 26/08/21 10:44:58 INFO BlockManagerInfo: Added rdd_14_5 in memory on 172.18.0.8:36579 (size: 414.0 B, free: 434.2 MiB)
[2026-08-21T10:44:58.915+0000] {spark_submit.py:571} INFO - 26/08/21 10:44:58 INFO BlockManagerInfo: Added rdd_14_13 in memory on 172.18.0.8:36579 (size: 414.0 B, free: 434.2 MiB)
[2026-08-21T10:44:59.148+0000] {spark_submit.py:571} INFO - 26/08/21 10:44:59 INFO TaskSetManager: Starting task 4.0 in stage 3.0 (TID 10) (172.18.0.9, executor 1, partition 4, NODE_LOCAL, 7619 bytes)
[2026-08-21T10:44:59.149+0000] {spark_submit.py:571} INFO - 26/08/21 10:44:59 INFO TaskSetManager: Starting task 22.0 in stage 3.0 (TID 11) (172.18.0.9, executor 1, partition 22, NODE_LOCAL, 7619 bytes)
[2026-08-21T10:44:59.158+0000] {spark_submit.py:571} INFO - 26/08/21 10:44:59 INFO TaskSetManager: Finished task 0.0 in stage 3.0 (TID 6) in 2730 ms on 172.18.0.9 (executor 1) (1/50)
[2026-08-21T10:44:59.158+0000] {spark_submit.py:571} INFO - 26/08/21 10:44:59 INFO TaskSetManager: Finished task 2.0 in stage 3.0 (TID 8) in 2729 ms on 172.18.0.9 (executor 1) (2/50)
[2026-08-21T10:44:59.338+0000] {spark_submit.py:571} INFO - 26/08/21 10:44:59 INFO TaskSetManager: Starting task 26.0 in stage 3.0 (TID 12) (172.18.0.8, executor 0, partition 26, NODE_LOCAL, 7619 bytes)
[2026-08-21T10:44:59.340+0000] {spark_submit.py:571} INFO - 26/08/21 10:44:59 INFO TaskSetManager: Starting task 42.0 in stage 3.0 (TID 13) (172.18.0.8, executor 0, partition 42, NODE_LOCAL, 7619 bytes)
[2026-08-21T10:44:59.346+0000] {spark_submit.py:571} INFO - 26/08/21 10:44:59 INFO TaskSetManager: Finished task 13.0 in stage 3.0 (TID 9) in 2919 ms on 172.18.0.8 (executor 0) (3/50)
[2026-08-21T10:44:59.347+0000] {spark_submit.py:571} INFO - 26/08/21 10:44:59 INFO TaskSetManager: Finished task 5.0 in stage 3.0 (TID 7) in 2921 ms on 172.18.0.8 (executor 0) (4/50)
[2026-08-21T10:44:59.434+0000] {spark_submit.py:571} INFO - 26/08/21 10:44:59 INFO BlockManagerInfo: Added rdd_14_4 in memory on 172.18.0.9:41607 (size: 1184.0 B, free: 434.2 MiB)
[2026-08-21T10:44:59.452+0000] {spark_submit.py:571} INFO - 26/08/21 10:44:59 INFO TaskSetManager: Starting task 24.0 in stage 3.0 (TID 14) (172.18.0.9, executor 1, partition 24, NODE_LOCAL, 7619 bytes)
[2026-08-21T10:44:59.456+0000] {spark_submit.py:571} INFO - 26/08/21 10:44:59 INFO TaskSetManager: Finished task 4.0 in stage 3.0 (TID 10) in 306 ms on 172.18.0.9 (executor 1) (5/50)
[2026-08-21T10:44:59.493+0000] {spark_submit.py:571} INFO - 26/08/21 10:44:59 INFO BlockManagerInfo: Added rdd_14_22 in memory on 172.18.0.9:41607 (size: 414.0 B, free: 434.2 MiB)
[2026-08-21T10:44:59.512+0000] {spark_submit.py:571} INFO - 26/08/21 10:44:59 INFO TaskSetManager: Starting task 35.0 in stage 3.0 (TID 15) (172.18.0.9, executor 1, partition 35, NODE_LOCAL, 7619 bytes)
[2026-08-21T10:44:59.518+0000] {spark_submit.py:571} INFO - 26/08/21 10:44:59 INFO TaskSetManager: Finished task 22.0 in stage 3.0 (TID 11) in 367 ms on 172.18.0.9 (executor 1) (6/50)
[2026-08-21T10:44:59.568+0000] {spark_submit.py:571} INFO - 26/08/21 10:44:59 INFO BlockManagerInfo: Added rdd_14_26 in memory on 172.18.0.8:36579 (size: 414.0 B, free: 434.2 MiB)
[2026-08-21T10:44:59.599+0000] {spark_submit.py:571} INFO - 26/08/21 10:44:59 INFO TaskSetManager: Starting task 46.0 in stage 3.0 (TID 16) (172.18.0.8, executor 0, partition 46, NODE_LOCAL, 7619 bytes)
[2026-08-21T10:44:59.611+0000] {spark_submit.py:571} INFO - 26/08/21 10:44:59 INFO TaskSetManager: Finished task 26.0 in stage 3.0 (TID 12) in 269 ms on 172.18.0.8 (executor 0) (7/50)
[2026-08-21T10:44:59.725+0000] {spark_submit.py:571} INFO - 26/08/21 10:44:59 INFO BlockManagerInfo: Added rdd_14_24 in memory on 172.18.0.9:41607 (size: 1161.0 B, free: 434.2 MiB)
[2026-08-21T10:44:59.729+0000] {spark_submit.py:571} INFO - 26/08/21 10:44:59 INFO BlockManagerInfo: Added rdd_14_35 in memory on 172.18.0.9:41607 (size: 1171.0 B, free: 434.2 MiB)
[2026-08-21T10:44:59.749+0000] {spark_submit.py:571} INFO - 26/08/21 10:44:59 INFO TaskSetManager: Starting task 38.0 in stage 3.0 (TID 17) (172.18.0.9, executor 1, partition 38, NODE_LOCAL, 7619 bytes)
[2026-08-21T10:44:59.753+0000] {spark_submit.py:571} INFO - 26/08/21 10:44:59 INFO TaskSetManager: Finished task 24.0 in stage 3.0 (TID 14) in 304 ms on 172.18.0.9 (executor 1) (8/50)
[2026-08-21T10:44:59.768+0000] {spark_submit.py:571} INFO - 26/08/21 10:44:59 INFO TaskSetManager: Starting task 47.0 in stage 3.0 (TID 18) (172.18.0.9, executor 1, partition 47, NODE_LOCAL, 7619 bytes)
[2026-08-21T10:44:59.770+0000] {spark_submit.py:571} INFO - 26/08/21 10:44:59 INFO TaskSetManager: Finished task 35.0 in stage 3.0 (TID 15) in 264 ms on 172.18.0.9 (executor 1) (9/50)
[2026-08-21T10:44:59.947+0000] {spark_submit.py:571} INFO - 26/08/21 10:44:59 INFO BlockManagerInfo: Added rdd_14_46 in memory on 172.18.0.8:36579 (size: 414.0 B, free: 434.2 MiB)
[2026-08-21T10:44:59.977+0000] {spark_submit.py:571} INFO - 26/08/21 10:44:59 INFO TaskSetManager: Starting task 1.0 in stage 3.0 (TID 19) (172.18.0.8, executor 0, partition 1, PROCESS_LOCAL, 7619 bytes)
[2026-08-21T10:44:59.978+0000] {spark_submit.py:571} INFO - 26/08/21 10:44:59 INFO TaskSetManager: Finished task 46.0 in stage 3.0 (TID 16) in 380 ms on 172.18.0.8 (executor 0) (10/50)
[2026-08-21T10:45:00.002+0000] {spark_submit.py:571} INFO - 26/08/21 10:44:59 INFO BlockManagerInfo: Added rdd_14_47 in memory on 172.18.0.9:41607 (size: 414.0 B, free: 434.2 MiB)
[2026-08-21T10:45:00.003+0000] {spark_submit.py:571} INFO - 26/08/21 10:44:59 INFO BlockManagerInfo: Added rdd_14_38 in memory on 172.18.0.9:41607 (size: 410.0 B, free: 434.2 MiB)
[2026-08-21T10:45:00.032+0000] {spark_submit.py:571} INFO - 26/08/21 10:45:00 INFO TaskSetManager: Starting task 3.0 in stage 3.0 (TID 20) (172.18.0.9, executor 1, partition 3, PROCESS_LOCAL, 7619 bytes)
[2026-08-21T10:45:00.035+0000] {spark_submit.py:571} INFO - 26/08/21 10:45:00 INFO TaskSetManager: Starting task 6.0 in stage 3.0 (TID 21) (172.18.0.9, executor 1, partition 6, PROCESS_LOCAL, 7619 bytes)
[2026-08-21T10:45:00.037+0000] {spark_submit.py:571} INFO - 26/08/21 10:45:00 INFO TaskSetManager: Finished task 38.0 in stage 3.0 (TID 17) in 288 ms on 172.18.0.9 (executor 1) (11/50)
[2026-08-21T10:45:00.038+0000] {spark_submit.py:571} INFO - 26/08/21 10:45:00 INFO TaskSetManager: Finished task 47.0 in stage 3.0 (TID 18) in 277 ms on 172.18.0.9 (executor 1) (12/50)
[2026-08-21T10:45:00.450+0000] {spark_submit.py:571} INFO - 26/08/21 10:45:00 INFO BlockManagerInfo: Added rdd_14_1 in memory on 172.18.0.8:36579 (size: 46.0 B, free: 434.2 MiB)
[2026-08-21T10:45:00.465+0000] {spark_submit.py:571} INFO - 26/08/21 10:45:00 INFO BlockManagerInfo: Added rdd_14_3 in memory on 172.18.0.9:41607 (size: 46.0 B, free: 434.2 MiB)
[2026-08-21T10:45:00.469+0000] {spark_submit.py:571} INFO - 26/08/21 10:45:00 INFO BlockManagerInfo: Added rdd_14_6 in memory on 172.18.0.9:41607 (size: 46.0 B, free: 434.2 MiB)
[2026-08-21T10:45:00.472+0000] {spark_submit.py:571} INFO - 26/08/21 10:45:00 INFO TaskSetManager: Starting task 7.0 in stage 3.0 (TID 22) (172.18.0.8, executor 0, partition 7, PROCESS_LOCAL, 7619 bytes)
[2026-08-21T10:45:00.473+0000] {spark_submit.py:571} INFO - 26/08/21 10:45:00 INFO TaskSetManager: Finished task 1.0 in stage 3.0 (TID 19) in 498 ms on 172.18.0.8 (executor 0) (13/50)
[2026-08-21T10:45:00.499+0000] {spark_submit.py:571} INFO - 26/08/21 10:45:00 INFO TaskSetManager: Starting task 8.0 in stage 3.0 (TID 23) (172.18.0.9, executor 1, partition 8, PROCESS_LOCAL, 7619 bytes)
[2026-08-21T10:45:00.504+0000] {spark_submit.py:571} INFO - 26/08/21 10:45:00 INFO TaskSetManager: Finished task 3.0 in stage 3.0 (TID 20) in 473 ms on 172.18.0.9 (executor 1) (14/50)
[2026-08-21T10:45:00.506+0000] {spark_submit.py:571} INFO - 26/08/21 10:45:00 INFO TaskSetManager: Starting task 9.0 in stage 3.0 (TID 24) (172.18.0.9, executor 1, partition 9, PROCESS_LOCAL, 7619 bytes)
[2026-08-21T10:45:00.508+0000] {spark_submit.py:571} INFO - 26/08/21 10:45:00 INFO TaskSetManager: Finished task 6.0 in stage 3.0 (TID 21) in 478 ms on 172.18.0.9 (executor 1) (15/50)
[2026-08-21T10:45:00.671+0000] {spark_submit.py:571} INFO - 26/08/21 10:45:00 INFO BlockManagerInfo: Added rdd_14_8 in memory on 172.18.0.9:41607 (size: 46.0 B, free: 434.2 MiB)
[2026-08-21T10:45:00.677+0000] {spark_submit.py:571} INFO - 26/08/21 10:45:00 INFO BlockManagerInfo: Added rdd_14_9 in memory on 172.18.0.9:41607 (size: 46.0 B, free: 434.2 MiB)
[2026-08-21T10:45:00.678+0000] {spark_submit.py:571} INFO - 26/08/21 10:45:00 INFO BlockManagerInfo: Added rdd_14_7 in memory on 172.18.0.8:36579 (size: 46.0 B, free: 434.2 MiB)
[2026-08-21T10:45:00.699+0000] {spark_submit.py:571} INFO - 26/08/21 10:45:00 INFO TaskSetManager: Starting task 10.0 in stage 3.0 (TID 25) (172.18.0.9, executor 1, partition 10, PROCESS_LOCAL, 7619 bytes)
[2026-08-21T10:45:00.700+0000] {spark_submit.py:571} INFO - 26/08/21 10:45:00 INFO TaskSetManager: Finished task 8.0 in stage 3.0 (TID 23) in 205 ms on 172.18.0.9 (executor 1) (16/50)
[2026-08-21T10:45:00.712+0000] {spark_submit.py:571} INFO - 26/08/21 10:45:00 INFO TaskSetManager: Starting task 11.0 in stage 3.0 (TID 26) (172.18.0.8, executor 0, partition 11, PROCESS_LOCAL, 7619 bytes)
[2026-08-21T10:45:00.714+0000] {spark_submit.py:571} INFO - 26/08/21 10:45:00 INFO TaskSetManager: Starting task 12.0 in stage 3.0 (TID 27) (172.18.0.9, executor 1, partition 12, PROCESS_LOCAL, 7619 bytes)
[2026-08-21T10:45:00.720+0000] {spark_submit.py:571} INFO - 26/08/21 10:45:00 INFO TaskSetManager: Finished task 7.0 in stage 3.0 (TID 22) in 243 ms on 172.18.0.8 (executor 0) (17/50)
[2026-08-21T10:45:00.722+0000] {spark_submit.py:571} INFO - 26/08/21 10:45:00 INFO TaskSetManager: Finished task 9.0 in stage 3.0 (TID 24) in 212 ms on 172.18.0.9 (executor 1) (18/50)
[2026-08-21T10:45:00.963+0000] {spark_submit.py:571} INFO - 26/08/21 10:45:00 INFO BlockManagerInfo: Added rdd_14_42 in memory on 172.18.0.8:36579 (size: 699.0 B, free: 434.2 MiB)
[2026-08-21T10:45:00.994+0000] {spark_submit.py:571} INFO - 26/08/21 10:45:00 INFO TaskSetManager: Starting task 14.0 in stage 3.0 (TID 28) (172.18.0.8, executor 0, partition 14, PROCESS_LOCAL, 7619 bytes)
[2026-08-21T10:45:00.996+0000] {spark_submit.py:571} INFO - 26/08/21 10:45:00 INFO TaskSetManager: Finished task 42.0 in stage 3.0 (TID 13) in 1655 ms on 172.18.0.8 (executor 0) (19/50)
[2026-08-21T10:45:01.000+0000] {spark_submit.py:571} INFO - 26/08/21 10:45:00 INFO BlockManagerInfo: Added rdd_14_11 in memory on 172.18.0.8:36579 (size: 46.0 B, free: 434.2 MiB)
[2026-08-21T10:45:01.009+0000] {spark_submit.py:571} INFO - 26/08/21 10:45:01 INFO BlockManagerInfo: Added rdd_14_10 in memory on 172.18.0.9:41607 (size: 46.0 B, free: 434.2 MiB)
[2026-08-21T10:45:01.026+0000] {spark_submit.py:571} INFO - 26/08/21 10:45:01 INFO TaskSetManager: Starting task 15.0 in stage 3.0 (TID 29) (172.18.0.8, executor 0, partition 15, PROCESS_LOCAL, 7619 bytes)
[2026-08-21T10:45:01.029+0000] {spark_submit.py:571} INFO - 26/08/21 10:45:01 INFO TaskSetManager: Finished task 11.0 in stage 3.0 (TID 26) in 318 ms on 172.18.0.8 (executor 0) (20/50)
[2026-08-21T10:45:01.037+0000] {spark_submit.py:571} INFO - 26/08/21 10:45:01 INFO BlockManagerInfo: Added rdd_14_12 in memory on 172.18.0.9:41607 (size: 46.0 B, free: 434.2 MiB)
[2026-08-21T10:45:01.052+0000] {spark_submit.py:571} INFO - 26/08/21 10:45:01 INFO TaskSetManager: Starting task 16.0 in stage 3.0 (TID 30) (172.18.0.9, executor 1, partition 16, PROCESS_LOCAL, 7619 bytes)
[2026-08-21T10:45:01.052+0000] {spark_submit.py:571} INFO - 26/08/21 10:45:01 INFO TaskSetManager: Finished task 10.0 in stage 3.0 (TID 25) in 353 ms on 172.18.0.9 (executor 1) (21/50)
[2026-08-21T10:45:01.056+0000] {spark_submit.py:571} INFO - 26/08/21 10:45:01 INFO TaskSetManager: Finished task 12.0 in stage 3.0 (TID 27) in 342 ms on 172.18.0.9 (executor 1) (22/50)
[2026-08-21T10:45:01.063+0000] {spark_submit.py:571} INFO - 26/08/21 10:45:01 INFO TaskSetManager: Starting task 17.0 in stage 3.0 (TID 31) (172.18.0.9, executor 1, partition 17, PROCESS_LOCAL, 7619 bytes)
[2026-08-21T10:45:01.212+0000] {spark_submit.py:571} INFO - 26/08/21 10:45:01 INFO BlockManagerInfo: Added rdd_14_16 in memory on 172.18.0.9:41607 (size: 46.0 B, free: 434.2 MiB)
[2026-08-21T10:45:01.228+0000] {spark_submit.py:571} INFO - 26/08/21 10:45:01 INFO BlockManagerInfo: Added rdd_14_15 in memory on 172.18.0.8:36579 (size: 46.0 B, free: 434.2 MiB)
[2026-08-21T10:45:01.241+0000] {spark_submit.py:571} INFO - 26/08/21 10:45:01 INFO TaskSetManager: Starting task 18.0 in stage 3.0 (TID 32) (172.18.0.8, executor 0, partition 18, PROCESS_LOCAL, 7619 bytes)
[2026-08-21T10:45:01.248+0000] {spark_submit.py:571} INFO - 26/08/21 10:45:01 INFO TaskSetManager: Finished task 15.0 in stage 3.0 (TID 29) in 218 ms on 172.18.0.8 (executor 0) (23/50)
[2026-08-21T10:45:01.260+0000] {spark_submit.py:571} INFO - 26/08/21 10:45:01 INFO BlockManagerInfo: Added rdd_14_14 in memory on 172.18.0.8:36579 (size: 46.0 B, free: 434.2 MiB)
[2026-08-21T10:45:01.271+0000] {spark_submit.py:571} INFO - 26/08/21 10:45:01 INFO TaskSetManager: Starting task 19.0 in stage 3.0 (TID 33) (172.18.0.9, executor 1, partition 19, PROCESS_LOCAL, 7619 bytes)
[2026-08-21T10:45:01.276+0000] {spark_submit.py:571} INFO - 26/08/21 10:45:01 INFO TaskSetManager: Finished task 16.0 in stage 3.0 (TID 30) in 230 ms on 172.18.0.9 (executor 1) (24/50)
[2026-08-21T10:45:01.291+0000] {spark_submit.py:571} INFO - 26/08/21 10:45:01 INFO BlockManagerInfo: Added rdd_14_17 in memory on 172.18.0.9:41607 (size: 46.0 B, free: 434.2 MiB)
[2026-08-21T10:45:01.302+0000] {spark_submit.py:571} INFO - 26/08/21 10:45:01 INFO TaskSetManager: Starting task 20.0 in stage 3.0 (TID 34) (172.18.0.8, executor 0, partition 20, PROCESS_LOCAL, 7619 bytes)
[2026-08-21T10:45:01.304+0000] {spark_submit.py:571} INFO - 26/08/21 10:45:01 INFO TaskSetManager: Finished task 14.0 in stage 3.0 (TID 28) in 309 ms on 172.18.0.8 (executor 0) (25/50)
[2026-08-21T10:45:01.345+0000] {spark_submit.py:571} INFO - 26/08/21 10:45:01 INFO TaskSetManager: Starting task 21.0 in stage 3.0 (TID 35) (172.18.0.9, executor 1, partition 21, PROCESS_LOCAL, 7619 bytes)
[2026-08-21T10:45:01.347+0000] {spark_submit.py:571} INFO - 26/08/21 10:45:01 INFO TaskSetManager: Finished task 17.0 in stage 3.0 (TID 31) in 288 ms on 172.18.0.9 (executor 1) (26/50)
[2026-08-21T10:45:01.448+0000] {spark_submit.py:571} INFO - 26/08/21 10:45:01 INFO BlockManagerInfo: Added rdd_14_20 in memory on 172.18.0.8:36579 (size: 46.0 B, free: 434.2 MiB)
[2026-08-21T10:45:01.464+0000] {spark_submit.py:571} INFO - 26/08/21 10:45:01 INFO TaskSetManager: Starting task 23.0 in stage 3.0 (TID 36) (172.18.0.8, executor 0, partition 23, PROCESS_LOCAL, 7619 bytes)
[2026-08-21T10:45:01.465+0000] {spark_submit.py:571} INFO - 26/08/21 10:45:01 INFO TaskSetManager: Finished task 20.0 in stage 3.0 (TID 34) in 166 ms on 172.18.0.8 (executor 0) (27/50)
[2026-08-21T10:45:01.514+0000] {spark_submit.py:571} INFO - 26/08/21 10:45:01 INFO BlockManagerInfo: Added rdd_14_18 in memory on 172.18.0.8:36579 (size: 46.0 B, free: 434.2 MiB)
[2026-08-21T10:45:01.536+0000] {spark_submit.py:571} INFO - 26/08/21 10:45:01 INFO TaskSetManager: Starting task 25.0 in stage 3.0 (TID 37) (172.18.0.8, executor 0, partition 25, PROCESS_LOCAL, 7619 bytes)
[2026-08-21T10:45:01.540+0000] {spark_submit.py:571} INFO - 26/08/21 10:45:01 INFO TaskSetManager: Finished task 18.0 in stage 3.0 (TID 32) in 300 ms on 172.18.0.8 (executor 0) (28/50)
[2026-08-21T10:45:01.588+0000] {spark_submit.py:571} INFO - 26/08/21 10:45:01 INFO BlockManagerInfo: Added rdd_14_23 in memory on 172.18.0.8:36579 (size: 46.0 B, free: 434.2 MiB)
[2026-08-21T10:45:01.601+0000] {spark_submit.py:571} INFO - 26/08/21 10:45:01 INFO BlockManagerInfo: Added rdd_14_19 in memory on 172.18.0.9:41607 (size: 46.0 B, free: 434.2 MiB)
[2026-08-21T10:45:01.602+0000] {spark_submit.py:571} INFO - 26/08/21 10:45:01 INFO TaskSetManager: Starting task 27.0 in stage 3.0 (TID 38) (172.18.0.8, executor 0, partition 27, PROCESS_LOCAL, 7619 bytes)
[2026-08-21T10:45:01.604+0000] {spark_submit.py:571} INFO - 26/08/21 10:45:01 INFO TaskSetManager: Finished task 23.0 in stage 3.0 (TID 36) in 142 ms on 172.18.0.8 (executor 0) (29/50)
[2026-08-21T10:45:01.626+0000] {spark_submit.py:571} INFO - 26/08/21 10:45:01 INFO TaskSetManager: Starting task 28.0 in stage 3.0 (TID 39) (172.18.0.9, executor 1, partition 28, PROCESS_LOCAL, 7619 bytes)
[2026-08-21T10:45:01.632+0000] {spark_submit.py:571} INFO - 26/08/21 10:45:01 INFO TaskSetManager: Finished task 19.0 in stage 3.0 (TID 33) in 363 ms on 172.18.0.9 (executor 1) (30/50)
[2026-08-21T10:45:01.694+0000] {spark_submit.py:571} INFO - 26/08/21 10:45:01 INFO BlockManagerInfo: Added rdd_14_21 in memory on 172.18.0.9:41607 (size: 46.0 B, free: 434.2 MiB)
[2026-08-21T10:45:01.733+0000] {spark_submit.py:571} INFO - 26/08/21 10:45:01 INFO TaskSetManager: Starting task 29.0 in stage 3.0 (TID 40) (172.18.0.9, executor 1, partition 29, PROCESS_LOCAL, 7619 bytes)
[2026-08-21T10:45:01.733+0000] {spark_submit.py:571} INFO - 26/08/21 10:45:01 INFO TaskSetManager: Finished task 21.0 in stage 3.0 (TID 35) in 385 ms on 172.18.0.9 (executor 1) (31/50)
[2026-08-21T10:45:01.782+0000] {spark_submit.py:571} INFO - 26/08/21 10:45:01 INFO BlockManagerInfo: Added rdd_14_27 in memory on 172.18.0.8:36579 (size: 46.0 B, free: 434.2 MiB)
[2026-08-21T10:45:01.816+0000] {spark_submit.py:571} INFO - 26/08/21 10:45:01 INFO TaskSetManager: Starting task 30.0 in stage 3.0 (TID 41) (172.18.0.8, executor 0, partition 30, PROCESS_LOCAL, 7619 bytes)
[2026-08-21T10:45:01.823+0000] {spark_submit.py:571} INFO - 26/08/21 10:45:01 INFO TaskSetManager: Finished task 27.0 in stage 3.0 (TID 38) in 221 ms on 172.18.0.8 (executor 0) (32/50)
[2026-08-21T10:45:01.852+0000] {spark_submit.py:571} INFO - 26/08/21 10:45:01 INFO BlockManagerInfo: Added rdd_14_25 in memory on 172.18.0.8:36579 (size: 46.0 B, free: 434.2 MiB)
[2026-08-21T10:45:01.880+0000] {spark_submit.py:571} INFO - 26/08/21 10:45:01 INFO TaskSetManager: Starting task 31.0 in stage 3.0 (TID 42) (172.18.0.8, executor 0, partition 31, PROCESS_LOCAL, 7619 bytes)
[2026-08-21T10:45:01.889+0000] {spark_submit.py:571} INFO - 26/08/21 10:45:01 INFO TaskSetManager: Finished task 25.0 in stage 3.0 (TID 37) in 349 ms on 172.18.0.8 (executor 0) (33/50)
[2026-08-21T10:45:01.891+0000] {spark_submit.py:571} INFO - 26/08/21 10:45:01 INFO BlockManagerInfo: Added rdd_14_28 in memory on 172.18.0.9:41607 (size: 46.0 B, free: 434.2 MiB)
[2026-08-21T10:45:01.984+0000] {spark_submit.py:571} INFO - 26/08/21 10:45:01 INFO TaskSetManager: Starting task 32.0 in stage 3.0 (TID 43) (172.18.0.9, executor 1, partition 32, PROCESS_LOCAL, 7619 bytes)
[2026-08-21T10:45:01.985+0000] {spark_submit.py:571} INFO - 26/08/21 10:45:01 INFO TaskSetManager: Finished task 28.0 in stage 3.0 (TID 39) in 360 ms on 172.18.0.9 (executor 1) (34/50)
[2026-08-21T10:45:02.006+0000] {spark_submit.py:571} INFO - 26/08/21 10:45:02 INFO BlockManagerInfo: Added rdd_14_29 in memory on 172.18.0.9:41607 (size: 46.0 B, free: 434.2 MiB)
[2026-08-21T10:45:02.039+0000] {spark_submit.py:571} INFO - 26/08/21 10:45:02 INFO TaskSetManager: Starting task 33.0 in stage 3.0 (TID 44) (172.18.0.9, executor 1, partition 33, PROCESS_LOCAL, 7619 bytes)
[2026-08-21T10:45:02.042+0000] {spark_submit.py:571} INFO - 26/08/21 10:45:02 INFO TaskSetManager: Finished task 29.0 in stage 3.0 (TID 40) in 315 ms on 172.18.0.9 (executor 1) (35/50)
[2026-08-21T10:45:02.074+0000] {spark_submit.py:571} INFO - 26/08/21 10:45:02 INFO BlockManagerInfo: Added rdd_14_30 in memory on 172.18.0.8:36579 (size: 46.0 B, free: 434.2 MiB)
[2026-08-21T10:45:02.150+0000] {spark_submit.py:571} INFO - 26/08/21 10:45:02 INFO TaskSetManager: Starting task 34.0 in stage 3.0 (TID 45) (172.18.0.8, executor 0, partition 34, PROCESS_LOCAL, 7619 bytes)
[2026-08-21T10:45:02.154+0000] {spark_submit.py:571} INFO - 26/08/21 10:45:02 INFO TaskSetManager: Finished task 30.0 in stage 3.0 (TID 41) in 339 ms on 172.18.0.8 (executor 0) (36/50)
[2026-08-21T10:45:02.163+0000] {spark_submit.py:571} INFO - 26/08/21 10:45:02 INFO BlockManagerInfo: Added rdd_14_32 in memory on 172.18.0.9:41607 (size: 46.0 B, free: 434.2 MiB)
[2026-08-21T10:45:02.240+0000] {spark_submit.py:571} INFO - 26/08/21 10:45:02 INFO BlockManagerInfo: Added rdd_14_31 in memory on 172.18.0.8:36579 (size: 46.0 B, free: 434.2 MiB)
[2026-08-21T10:45:02.260+0000] {spark_submit.py:571} INFO - 26/08/21 10:45:02 INFO TaskSetManager: Starting task 36.0 in stage 3.0 (TID 46) (172.18.0.9, executor 1, partition 36, PROCESS_LOCAL, 7619 bytes)
[2026-08-21T10:45:02.265+0000] {spark_submit.py:571} INFO - 26/08/21 10:45:02 INFO TaskSetManager: Finished task 32.0 in stage 3.0 (TID 43) in 279 ms on 172.18.0.9 (executor 1) (37/50)
[2026-08-21T10:45:02.278+0000] {spark_submit.py:571} INFO - 26/08/21 10:45:02 INFO TaskSetManager: Starting task 37.0 in stage 3.0 (TID 47) (172.18.0.8, executor 0, partition 37, PROCESS_LOCAL, 7619 bytes)
[2026-08-21T10:45:02.282+0000] {spark_submit.py:571} INFO - 26/08/21 10:45:02 INFO TaskSetManager: Finished task 31.0 in stage 3.0 (TID 42) in 403 ms on 172.18.0.8 (executor 0) (38/50)
[2026-08-21T10:45:02.307+0000] {spark_submit.py:571} INFO - 26/08/21 10:45:02 INFO BlockManagerInfo: Added rdd_14_33 in memory on 172.18.0.9:41607 (size: 46.0 B, free: 434.2 MiB)
[2026-08-21T10:45:02.338+0000] {spark_submit.py:571} INFO - 26/08/21 10:45:02 INFO TaskSetManager: Starting task 39.0 in stage 3.0 (TID 48) (172.18.0.9, executor 1, partition 39, PROCESS_LOCAL, 7619 bytes)
[2026-08-21T10:45:02.340+0000] {spark_submit.py:571} INFO - 26/08/21 10:45:02 INFO TaskSetManager: Finished task 33.0 in stage 3.0 (TID 44) in 296 ms on 172.18.0.9 (executor 1) (39/50)
[2026-08-21T10:45:02.406+0000] {spark_submit.py:571} INFO - 26/08/21 10:45:02 INFO BlockManagerInfo: Added rdd_14_34 in memory on 172.18.0.8:36579 (size: 46.0 B, free: 434.2 MiB)
[2026-08-21T10:45:02.466+0000] {spark_submit.py:571} INFO - 26/08/21 10:45:02 INFO BlockManagerInfo: Added rdd_14_36 in memory on 172.18.0.9:41607 (size: 46.0 B, free: 434.2 MiB)
[2026-08-21T10:45:02.480+0000] {spark_submit.py:571} INFO - 26/08/21 10:45:02 INFO TaskSetManager: Starting task 40.0 in stage 3.0 (TID 49) (172.18.0.9, executor 1, partition 40, PROCESS_LOCAL, 7619 bytes)
[2026-08-21T10:45:02.480+0000] {spark_submit.py:571} INFO - 26/08/21 10:45:02 INFO TaskSetManager: Finished task 36.0 in stage 3.0 (TID 46) in 226 ms on 172.18.0.9 (executor 1) (40/50)
[2026-08-21T10:45:02.494+0000] {spark_submit.py:571} INFO - 26/08/21 10:45:02 INFO TaskSetManager: Starting task 41.0 in stage 3.0 (TID 50) (172.18.0.8, executor 0, partition 41, PROCESS_LOCAL, 7619 bytes)
[2026-08-21T10:45:02.496+0000] {spark_submit.py:571} INFO - 26/08/21 10:45:02 INFO TaskSetManager: Finished task 34.0 in stage 3.0 (TID 45) in 345 ms on 172.18.0.8 (executor 0) (41/50)
[2026-08-21T10:45:02.515+0000] {spark_submit.py:571} INFO - 26/08/21 10:45:02 INFO BlockManagerInfo: Added rdd_14_39 in memory on 172.18.0.9:41607 (size: 46.0 B, free: 434.2 MiB)
[2026-08-21T10:45:02.526+0000] {spark_submit.py:571} INFO - 26/08/21 10:45:02 INFO BlockManagerInfo: Added rdd_14_37 in memory on 172.18.0.8:36579 (size: 46.0 B, free: 434.2 MiB)
[2026-08-21T10:45:02.550+0000] {spark_submit.py:571} INFO - 26/08/21 10:45:02 INFO TaskSetManager: Starting task 43.0 in stage 3.0 (TID 51) (172.18.0.9, executor 1, partition 43, PROCESS_LOCAL, 7619 bytes)
[2026-08-21T10:45:02.551+0000] {spark_submit.py:571} INFO - 26/08/21 10:45:02 INFO TaskSetManager: Finished task 39.0 in stage 3.0 (TID 48) in 215 ms on 172.18.0.9 (executor 1) (42/50)
[2026-08-21T10:45:02.556+0000] {spark_submit.py:571} INFO - 26/08/21 10:45:02 INFO TaskSetManager: Starting task 44.0 in stage 3.0 (TID 52) (172.18.0.8, executor 0, partition 44, PROCESS_LOCAL, 7619 bytes)
[2026-08-21T10:45:02.558+0000] {spark_submit.py:571} INFO - 26/08/21 10:45:02 INFO TaskSetManager: Finished task 37.0 in stage 3.0 (TID 47) in 281 ms on 172.18.0.8 (executor 0) (43/50)
[2026-08-21T10:45:02.660+0000] {spark_submit.py:571} INFO - 26/08/21 10:45:02 INFO BlockManagerInfo: Added rdd_14_40 in memory on 172.18.0.9:41607 (size: 46.0 B, free: 434.2 MiB)
[2026-08-21T10:45:02.675+0000] {spark_submit.py:571} INFO - 26/08/21 10:45:02 INFO TaskSetManager: Starting task 45.0 in stage 3.0 (TID 53) (172.18.0.9, executor 1, partition 45, PROCESS_LOCAL, 7619 bytes)
[2026-08-21T10:45:02.675+0000] {spark_submit.py:571} INFO - 26/08/21 10:45:02 INFO TaskSetManager: Finished task 40.0 in stage 3.0 (TID 49) in 194 ms on 172.18.0.9 (executor 1) (44/50)
[2026-08-21T10:45:02.733+0000] {spark_submit.py:571} INFO - 26/08/21 10:45:02 INFO BlockManagerInfo: Added rdd_14_43 in memory on 172.18.0.9:41607 (size: 46.0 B, free: 434.2 MiB)
[2026-08-21T10:45:02.752+0000] {spark_submit.py:571} INFO - 26/08/21 10:45:02 INFO BlockManagerInfo: Added rdd_14_41 in memory on 172.18.0.8:36579 (size: 46.0 B, free: 434.2 MiB)
[2026-08-21T10:45:02.753+0000] {spark_submit.py:571} INFO - 26/08/21 10:45:02 INFO BlockManagerInfo: Added rdd_14_44 in memory on 172.18.0.8:36579 (size: 46.0 B, free: 434.2 MiB)
[2026-08-21T10:45:02.758+0000] {spark_submit.py:571} INFO - 26/08/21 10:45:02 INFO TaskSetManager: Starting task 48.0 in stage 3.0 (TID 54) (172.18.0.9, executor 1, partition 48, PROCESS_LOCAL, 7619 bytes)
[2026-08-21T10:45:02.761+0000] {spark_submit.py:571} INFO - 26/08/21 10:45:02 INFO TaskSetManager: Finished task 43.0 in stage 3.0 (TID 51) in 212 ms on 172.18.0.9 (executor 1) (45/50)
[2026-08-21T10:45:02.770+0000] {spark_submit.py:571} INFO - 26/08/21 10:45:02 INFO TaskSetManager: Starting task 49.0 in stage 3.0 (TID 55) (172.18.0.8, executor 0, partition 49, PROCESS_LOCAL, 7619 bytes)
[2026-08-21T10:45:02.771+0000] {spark_submit.py:571} INFO - 26/08/21 10:45:02 INFO TaskSetManager: Finished task 41.0 in stage 3.0 (TID 50) in 278 ms on 172.18.0.8 (executor 0) (46/50)
[2026-08-21T10:45:02.779+0000] {spark_submit.py:571} INFO - 26/08/21 10:45:02 INFO TaskSetManager: Finished task 44.0 in stage 3.0 (TID 52) in 223 ms on 172.18.0.8 (executor 0) (47/50)
[2026-08-21T10:45:02.841+0000] {spark_submit.py:571} INFO - 26/08/21 10:45:02 INFO BlockManagerInfo: Added rdd_14_49 in memory on 172.18.0.8:36579 (size: 46.0 B, free: 434.2 MiB)
[2026-08-21T10:45:02.845+0000] {spark_submit.py:571} INFO - 26/08/21 10:45:02 INFO BlockManagerInfo: Added rdd_14_45 in memory on 172.18.0.9:41607 (size: 46.0 B, free: 434.2 MiB)
[2026-08-21T10:45:02.853+0000] {spark_submit.py:571} INFO - 26/08/21 10:45:02 INFO TaskSetManager: Finished task 49.0 in stage 3.0 (TID 55) in 84 ms on 172.18.0.8 (executor 0) (48/50)
[2026-08-21T10:45:02.859+0000] {spark_submit.py:571} INFO - 26/08/21 10:45:02 INFO TaskSetManager: Finished task 45.0 in stage 3.0 (TID 53) in 187 ms on 172.18.0.9 (executor 1) (49/50)
[2026-08-21T10:45:02.917+0000] {spark_submit.py:571} INFO - 26/08/21 10:45:02 INFO BlockManagerInfo: Added rdd_14_48 in memory on 172.18.0.9:41607 (size: 46.0 B, free: 434.2 MiB)
[2026-08-21T10:45:02.944+0000] {spark_submit.py:571} INFO - 26/08/21 10:45:02 INFO TaskSetManager: Finished task 48.0 in stage 3.0 (TID 54) in 186 ms on 172.18.0.9 (executor 1) (50/50)
[2026-08-21T10:45:02.945+0000] {spark_submit.py:571} INFO - 26/08/21 10:45:02 INFO TaskSchedulerImpl: Removed TaskSet 3.0, whose tasks have all completed, from pool
[2026-08-21T10:45:02.946+0000] {spark_submit.py:571} INFO - 26/08/21 10:45:02 INFO DAGScheduler: ResultStage 3 ($anonfun$recordDeltaOperationInternal$1 at DatabricksLogging.scala:128) finished in 6.543 s
[2026-08-21T10:45:02.947+0000] {spark_submit.py:571} INFO - 26/08/21 10:45:02 INFO DAGScheduler: Job 2 is finished. Cancelling potential speculative or zombie tasks for this job
[2026-08-21T10:45:02.950+0000] {spark_submit.py:571} INFO - 26/08/21 10:45:02 INFO TaskSchedulerImpl: Killing all running tasks in stage 3: Stage finished
[2026-08-21T10:45:02.959+0000] {spark_submit.py:571} INFO - 26/08/21 10:45:02 INFO DAGScheduler: Job 2 finished: $anonfun$recordDeltaOperationInternal$1 at DatabricksLogging.scala:128, took 6.575993 s
[2026-08-21T10:45:03.029+0000] {spark_submit.py:571} INFO - 26/08/21 10:45:03 INFO CodeGenerator: Code generated in 44.706407 ms
[2026-08-21T10:45:03.031+0000] {spark_submit.py:571} INFO - 26/08/21 10:45:03 INFO Snapshot: [tableId=8fd6b178-1d15-4009-98af-a535a11b587e] DELTA: Compute snapshot for version: 5
[2026-08-21T10:45:03.341+0000] {spark_submit.py:571} INFO - 26/08/21 10:45:03 INFO CodeGenerator: Code generated in 87.207768 ms
[2026-08-21T10:45:03.351+0000] {spark_submit.py:571} INFO - 26/08/21 10:45:03 INFO DAGScheduler: Registering RDD 19 ($anonfun$recordDeltaOperationInternal$1 at DatabricksLogging.scala:128) as input to shuffle 1
[2026-08-21T10:45:03.352+0000] {spark_submit.py:571} INFO - 26/08/21 10:45:03 INFO DAGScheduler: Got map stage job 3 ($anonfun$recordDeltaOperationInternal$1 at DatabricksLogging.scala:128) with 50 output partitions
[2026-08-21T10:45:03.353+0000] {spark_submit.py:571} INFO - 26/08/21 10:45:03 INFO DAGScheduler: Final stage: ShuffleMapStage 5 ($anonfun$recordDeltaOperationInternal$1 at DatabricksLogging.scala:128)
[2026-08-21T10:45:03.353+0000] {spark_submit.py:571} INFO - 26/08/21 10:45:03 INFO DAGScheduler: Parents of final stage: List(ShuffleMapStage 4)
[2026-08-21T10:45:03.355+0000] {spark_submit.py:571} INFO - 26/08/21 10:45:03 INFO DAGScheduler: Missing parents: List()
[2026-08-21T10:45:03.357+0000] {spark_submit.py:571} INFO - 26/08/21 10:45:03 INFO DAGScheduler: Submitting ShuffleMapStage 5 (MapPartitionsRDD[19] at $anonfun$recordDeltaOperationInternal$1 at DatabricksLogging.scala:128), which has no missing parents
[2026-08-21T10:45:03.374+0000] {spark_submit.py:571} INFO - 26/08/21 10:45:03 INFO MemoryStore: Block broadcast_6 stored as values in memory (estimated size 602.4 KiB, free 432.5 MiB)
[2026-08-21T10:45:03.378+0000] {spark_submit.py:571} INFO - 26/08/21 10:45:03 INFO MemoryStore: Block broadcast_6_piece0 stored as bytes in memory (estimated size 137.8 KiB, free 432.4 MiB)
[2026-08-21T10:45:03.379+0000] {spark_submit.py:571} INFO - 26/08/21 10:45:03 INFO BlockManagerInfo: Added broadcast_6_piece0 in memory on 5d28507313c5:33943 (size: 137.8 KiB, free: 434.0 MiB)
[2026-08-21T10:45:03.380+0000] {spark_submit.py:571} INFO - 26/08/21 10:45:03 INFO SparkContext: Created broadcast 6 from broadcast at DAGScheduler.scala:1585
[2026-08-21T10:45:03.381+0000] {spark_submit.py:571} INFO - 26/08/21 10:45:03 INFO DAGScheduler: Submitting 50 missing tasks from ShuffleMapStage 5 (MapPartitionsRDD[19] at $anonfun$recordDeltaOperationInternal$1 at DatabricksLogging.scala:128) (first 15 tasks are for partitions Vector(0, 1, 2, 3, 4, 5, 6, 7, 8, 9, 10, 11, 12, 13, 14))
[2026-08-21T10:45:03.382+0000] {spark_submit.py:571} INFO - 26/08/21 10:45:03 INFO TaskSchedulerImpl: Adding task set 5.0 with 50 tasks resource profile 0
[2026-08-21T10:45:03.384+0000] {spark_submit.py:571} INFO - 26/08/21 10:45:03 INFO TaskSetManager: Starting task 1.0 in stage 5.0 (TID 56) (172.18.0.8, executor 0, partition 1, PROCESS_LOCAL, 7608 bytes)
[2026-08-21T10:45:03.384+0000] {spark_submit.py:571} INFO - 26/08/21 10:45:03 INFO TaskSetManager: Starting task 0.0 in stage 5.0 (TID 57) (172.18.0.9, executor 1, partition 0, PROCESS_LOCAL, 7608 bytes)
[2026-08-21T10:45:03.385+0000] {spark_submit.py:571} INFO - 26/08/21 10:45:03 INFO TaskSetManager: Starting task 5.0 in stage 5.0 (TID 58) (172.18.0.8, executor 0, partition 5, PROCESS_LOCAL, 7608 bytes)
[2026-08-21T10:45:03.387+0000] {spark_submit.py:571} INFO - 26/08/21 10:45:03 INFO TaskSetManager: Starting task 2.0 in stage 5.0 (TID 59) (172.18.0.9, executor 1, partition 2, PROCESS_LOCAL, 7608 bytes)
[2026-08-21T10:45:03.403+0000] {spark_submit.py:571} INFO - 26/08/21 10:45:03 INFO BlockManagerInfo: Added broadcast_6_piece0 in memory on 172.18.0.8:36579 (size: 137.8 KiB, free: 434.1 MiB)
[2026-08-21T10:45:03.435+0000] {spark_submit.py:571} INFO - 26/08/21 10:45:03 INFO BlockManagerInfo: Added broadcast_6_piece0 in memory on 172.18.0.9:41607 (size: 137.8 KiB, free: 434.1 MiB)
[2026-08-21T10:45:04.758+0000] {spark_submit.py:571} INFO - 26/08/21 10:45:04 INFO TaskSetManager: Finished task 1.0 in stage 5.0 (TID 56) in 1374 ms on 172.18.0.8 (executor 0) (1/50)
[2026-08-21T10:45:04.762+0000] {spark_submit.py:571} INFO - 26/08/21 10:45:04 INFO TaskSetManager: Starting task 7.0 in stage 5.0 (TID 60) (172.18.0.8, executor 0, partition 7, PROCESS_LOCAL, 7608 bytes)
[2026-08-21T10:45:04.764+0000] {spark_submit.py:571} INFO - 26/08/21 10:45:04 INFO TaskSetManager: Starting task 11.0 in stage 5.0 (TID 61) (172.18.0.8, executor 0, partition 11, PROCESS_LOCAL, 7608 bytes)
[2026-08-21T10:45:04.770+0000] {spark_submit.py:571} INFO - 26/08/21 10:45:04 INFO TaskSetManager: Finished task 5.0 in stage 5.0 (TID 58) in 1385 ms on 172.18.0.8 (executor 0) (2/50)
[2026-08-21T10:45:04.820+0000] {spark_submit.py:571} INFO - 26/08/21 10:45:04 INFO TaskSetManager: Starting task 3.0 in stage 5.0 (TID 62) (172.18.0.9, executor 1, partition 3, PROCESS_LOCAL, 7608 bytes)
[2026-08-21T10:45:04.823+0000] {spark_submit.py:571} INFO - 26/08/21 10:45:04 INFO TaskSetManager: Finished task 2.0 in stage 5.0 (TID 59) in 1437 ms on 172.18.0.9 (executor 1) (3/50)
[2026-08-21T10:45:04.824+0000] {spark_submit.py:571} INFO - 26/08/21 10:45:04 INFO TaskSetManager: Starting task 4.0 in stage 5.0 (TID 63) (172.18.0.9, executor 1, partition 4, PROCESS_LOCAL, 7608 bytes)
[2026-08-21T10:45:04.825+0000] {spark_submit.py:571} INFO - 26/08/21 10:45:04 INFO TaskSetManager: Finished task 0.0 in stage 5.0 (TID 57) in 1440 ms on 172.18.0.9 (executor 1) (4/50)
[2026-08-21T10:45:04.844+0000] {spark_submit.py:571} INFO - 26/08/21 10:45:04 INFO TaskSetManager: Starting task 13.0 in stage 5.0 (TID 64) (172.18.0.8, executor 0, partition 13, PROCESS_LOCAL, 7608 bytes)
[2026-08-21T10:45:04.845+0000] {spark_submit.py:571} INFO - 26/08/21 10:45:04 INFO TaskSetManager: Finished task 11.0 in stage 5.0 (TID 61) in 80 ms on 172.18.0.8 (executor 0) (5/50)
[2026-08-21T10:45:04.890+0000] {spark_submit.py:571} INFO - 26/08/21 10:45:04 INFO TaskSetManager: Starting task 14.0 in stage 5.0 (TID 65) (172.18.0.8, executor 0, partition 14, PROCESS_LOCAL, 7608 bytes)
[2026-08-21T10:45:04.892+0000] {spark_submit.py:571} INFO - 26/08/21 10:45:04 INFO TaskSetManager: Finished task 13.0 in stage 5.0 (TID 64) in 51 ms on 172.18.0.8 (executor 0) (6/50)
[2026-08-21T10:45:04.921+0000] {spark_submit.py:571} INFO - 26/08/21 10:45:04 INFO TaskSetManager: Starting task 15.0 in stage 5.0 (TID 66) (172.18.0.8, executor 0, partition 15, PROCESS_LOCAL, 7608 bytes)
[2026-08-21T10:45:04.924+0000] {spark_submit.py:571} INFO - 26/08/21 10:45:04 INFO TaskSetManager: Finished task 7.0 in stage 5.0 (TID 60) in 162 ms on 172.18.0.8 (executor 0) (7/50)
[2026-08-21T10:45:04.974+0000] {spark_submit.py:571} INFO - 26/08/21 10:45:04 INFO TaskSetManager: Starting task 18.0 in stage 5.0 (TID 67) (172.18.0.8, executor 0, partition 18, PROCESS_LOCAL, 7608 bytes)
[2026-08-21T10:45:04.978+0000] {spark_submit.py:571} INFO - 26/08/21 10:45:04 INFO TaskSetManager: Finished task 14.0 in stage 5.0 (TID 65) in 87 ms on 172.18.0.8 (executor 0) (8/50)
[2026-08-21T10:45:04.983+0000] {spark_submit.py:571} INFO - 26/08/21 10:45:04 INFO TaskSetManager: Starting task 6.0 in stage 5.0 (TID 68) (172.18.0.9, executor 1, partition 6, PROCESS_LOCAL, 7608 bytes)
[2026-08-21T10:45:04.986+0000] {spark_submit.py:571} INFO - 26/08/21 10:45:04 INFO TaskSetManager: Starting task 8.0 in stage 5.0 (TID 69) (172.18.0.9, executor 1, partition 8, PROCESS_LOCAL, 7608 bytes)
[2026-08-21T10:45:05.004+0000] {spark_submit.py:571} INFO - 26/08/21 10:45:05 INFO TaskSetManager: Finished task 4.0 in stage 5.0 (TID 63) in 180 ms on 172.18.0.9 (executor 1) (9/50)
[2026-08-21T10:45:05.005+0000] {spark_submit.py:571} INFO - 26/08/21 10:45:05 INFO TaskSetManager: Finished task 3.0 in stage 5.0 (TID 62) in 187 ms on 172.18.0.9 (executor 1) (10/50)
[2026-08-21T10:45:05.070+0000] {spark_submit.py:571} INFO - 26/08/21 10:45:05 INFO TaskSetManager: Starting task 20.0 in stage 5.0 (TID 70) (172.18.0.8, executor 0, partition 20, PROCESS_LOCAL, 7608 bytes)
[2026-08-21T10:45:05.073+0000] {spark_submit.py:571} INFO - 26/08/21 10:45:05 INFO TaskSetManager: Finished task 18.0 in stage 5.0 (TID 67) in 101 ms on 172.18.0.8 (executor 0) (11/50)
[2026-08-21T10:45:05.144+0000] {spark_submit.py:571} INFO - 26/08/21 10:45:05 INFO TaskSetManager: Starting task 23.0 in stage 5.0 (TID 71) (172.18.0.8, executor 0, partition 23, PROCESS_LOCAL, 7608 bytes)
[2026-08-21T10:45:05.148+0000] {spark_submit.py:571} INFO - 26/08/21 10:45:05 INFO TaskSetManager: Finished task 15.0 in stage 5.0 (TID 66) in 225 ms on 172.18.0.8 (executor 0) (12/50)
[2026-08-21T10:45:05.189+0000] {spark_submit.py:571} INFO - 26/08/21 10:45:05 INFO TaskSetManager: Starting task 9.0 in stage 5.0 (TID 72) (172.18.0.9, executor 1, partition 9, PROCESS_LOCAL, 7608 bytes)
[2026-08-21T10:45:05.193+0000] {spark_submit.py:571} INFO - 26/08/21 10:45:05 INFO TaskSetManager: Starting task 25.0 in stage 5.0 (TID 73) (172.18.0.8, executor 0, partition 25, PROCESS_LOCAL, 7608 bytes)
[2026-08-21T10:45:05.198+0000] {spark_submit.py:571} INFO - 26/08/21 10:45:05 INFO TaskSetManager: Finished task 6.0 in stage 5.0 (TID 68) in 210 ms on 172.18.0.9 (executor 1) (13/50)
[2026-08-21T10:45:05.204+0000] {spark_submit.py:571} INFO - 26/08/21 10:45:05 INFO TaskSetManager: Finished task 20.0 in stage 5.0 (TID 70) in 128 ms on 172.18.0.8 (executor 0) (14/50)
[2026-08-21T10:45:05.231+0000] {spark_submit.py:571} INFO - 26/08/21 10:45:05 INFO TaskSetManager: Starting task 10.0 in stage 5.0 (TID 74) (172.18.0.9, executor 1, partition 10, PROCESS_LOCAL, 7608 bytes)
[2026-08-21T10:45:05.236+0000] {spark_submit.py:571} INFO - 26/08/21 10:45:05 INFO TaskSetManager: Finished task 8.0 in stage 5.0 (TID 69) in 245 ms on 172.18.0.9 (executor 1) (15/50)
[2026-08-21T10:45:05.390+0000] {spark_submit.py:571} INFO - 26/08/21 10:45:05 INFO TaskSetManager: Starting task 26.0 in stage 5.0 (TID 75) (172.18.0.8, executor 0, partition 26, PROCESS_LOCAL, 7608 bytes)
[2026-08-21T10:45:05.391+0000] {spark_submit.py:571} INFO - 26/08/21 10:45:05 INFO TaskSetManager: Starting task 27.0 in stage 5.0 (TID 76) (172.18.0.8, executor 0, partition 27, PROCESS_LOCAL, 7608 bytes)
[2026-08-21T10:45:05.401+0000] {spark_submit.py:571} INFO - 26/08/21 10:45:05 INFO TaskSetManager: Finished task 23.0 in stage 5.0 (TID 71) in 258 ms on 172.18.0.8 (executor 0) (16/50)
[2026-08-21T10:45:05.403+0000] {spark_submit.py:571} INFO - 26/08/21 10:45:05 INFO TaskSetManager: Starting task 12.0 in stage 5.0 (TID 77) (172.18.0.9, executor 1, partition 12, PROCESS_LOCAL, 7608 bytes)
[2026-08-21T10:45:05.408+0000] {spark_submit.py:571} INFO - 26/08/21 10:45:05 INFO TaskSetManager: Finished task 9.0 in stage 5.0 (TID 72) in 213 ms on 172.18.0.9 (executor 1) (17/50)
[2026-08-21T10:45:05.409+0000] {spark_submit.py:571} INFO - 26/08/21 10:45:05 INFO TaskSetManager: Finished task 25.0 in stage 5.0 (TID 73) in 214 ms on 172.18.0.8 (executor 0) (18/50)
[2026-08-21T10:45:05.501+0000] {spark_submit.py:571} INFO - 26/08/21 10:45:05 INFO TaskSetManager: Starting task 16.0 in stage 5.0 (TID 78) (172.18.0.9, executor 1, partition 16, PROCESS_LOCAL, 7608 bytes)
[2026-08-21T10:45:05.504+0000] {spark_submit.py:571} INFO - 26/08/21 10:45:05 INFO TaskSetManager: Finished task 10.0 in stage 5.0 (TID 74) in 278 ms on 172.18.0.9 (executor 1) (19/50)
[2026-08-21T10:45:05.557+0000] {spark_submit.py:571} INFO - 26/08/21 10:45:05 INFO TaskSetManager: Starting task 30.0 in stage 5.0 (TID 79) (172.18.0.8, executor 0, partition 30, PROCESS_LOCAL, 7608 bytes)
[2026-08-21T10:45:05.557+0000] {spark_submit.py:571} INFO - 26/08/21 10:45:05 INFO TaskSetManager: Finished task 26.0 in stage 5.0 (TID 75) in 166 ms on 172.18.0.8 (executor 0) (20/50)
[2026-08-21T10:45:05.564+0000] {spark_submit.py:571} INFO - 26/08/21 10:45:05 INFO TaskSetManager: Starting task 31.0 in stage 5.0 (TID 80) (172.18.0.8, executor 0, partition 31, PROCESS_LOCAL, 7608 bytes)
[2026-08-21T10:45:05.567+0000] {spark_submit.py:571} INFO - 26/08/21 10:45:05 INFO TaskSetManager: Finished task 27.0 in stage 5.0 (TID 76) in 178 ms on 172.18.0.8 (executor 0) (21/50)
[2026-08-21T10:45:05.577+0000] {spark_submit.py:571} INFO - 26/08/21 10:45:05 INFO TaskSetManager: Starting task 17.0 in stage 5.0 (TID 81) (172.18.0.9, executor 1, partition 17, PROCESS_LOCAL, 7608 bytes)
[2026-08-21T10:45:05.583+0000] {spark_submit.py:571} INFO - 26/08/21 10:45:05 INFO TaskSetManager: Finished task 12.0 in stage 5.0 (TID 77) in 184 ms on 172.18.0.9 (executor 1) (22/50)
[2026-08-21T10:45:05.638+0000] {spark_submit.py:571} INFO - 26/08/21 10:45:05 INFO TaskSetManager: Starting task 19.0 in stage 5.0 (TID 82) (172.18.0.9, executor 1, partition 19, PROCESS_LOCAL, 7608 bytes)
[2026-08-21T10:45:05.640+0000] {spark_submit.py:571} INFO - 26/08/21 10:45:05 INFO TaskSetManager: Finished task 16.0 in stage 5.0 (TID 78) in 140 ms on 172.18.0.9 (executor 1) (23/50)
[2026-08-21T10:45:05.690+0000] {spark_submit.py:571} INFO - 26/08/21 10:45:05 INFO TaskSetManager: Starting task 34.0 in stage 5.0 (TID 83) (172.18.0.8, executor 0, partition 34, PROCESS_LOCAL, 7608 bytes)
[2026-08-21T10:45:05.693+0000] {spark_submit.py:571} INFO - 26/08/21 10:45:05 INFO TaskSetManager: Finished task 30.0 in stage 5.0 (TID 79) in 138 ms on 172.18.0.8 (executor 0) (24/50)
[2026-08-21T10:45:05.697+0000] {spark_submit.py:571} INFO - 26/08/21 10:45:05 INFO TaskSetManager: Starting task 21.0 in stage 5.0 (TID 84) (172.18.0.9, executor 1, partition 21, PROCESS_LOCAL, 7608 bytes)
[2026-08-21T10:45:05.700+0000] {spark_submit.py:571} INFO - 26/08/21 10:45:05 INFO TaskSetManager: Finished task 19.0 in stage 5.0 (TID 82) in 61 ms on 172.18.0.9 (executor 1) (25/50)
[2026-08-21T10:45:05.707+0000] {spark_submit.py:571} INFO - 26/08/21 10:45:05 INFO TaskSetManager: Starting task 22.0 in stage 5.0 (TID 85) (172.18.0.9, executor 1, partition 22, PROCESS_LOCAL, 7608 bytes)
[2026-08-21T10:45:05.708+0000] {spark_submit.py:571} INFO - 26/08/21 10:45:05 INFO TaskSetManager: Finished task 17.0 in stage 5.0 (TID 81) in 133 ms on 172.18.0.9 (executor 1) (26/50)
[2026-08-21T10:45:05.718+0000] {spark_submit.py:571} INFO - 26/08/21 10:45:05 INFO TaskSetManager: Starting task 37.0 in stage 5.0 (TID 86) (172.18.0.8, executor 0, partition 37, PROCESS_LOCAL, 7608 bytes)
[2026-08-21T10:45:05.720+0000] {spark_submit.py:571} INFO - 26/08/21 10:45:05 INFO TaskSetManager: Finished task 31.0 in stage 5.0 (TID 80) in 156 ms on 172.18.0.8 (executor 0) (27/50)
[2026-08-21T10:45:05.749+0000] {spark_submit.py:571} INFO - 26/08/21 10:45:05 INFO TaskSetManager: Starting task 24.0 in stage 5.0 (TID 87) (172.18.0.9, executor 1, partition 24, PROCESS_LOCAL, 7608 bytes)
[2026-08-21T10:45:05.752+0000] {spark_submit.py:571} INFO - 26/08/21 10:45:05 INFO TaskSetManager: Finished task 21.0 in stage 5.0 (TID 84) in 54 ms on 172.18.0.9 (executor 1) (28/50)
[2026-08-21T10:45:05.784+0000] {spark_submit.py:571} INFO - 26/08/21 10:45:05 INFO TaskSetManager: Starting task 28.0 in stage 5.0 (TID 88) (172.18.0.9, executor 1, partition 28, PROCESS_LOCAL, 7608 bytes)
[2026-08-21T10:45:05.789+0000] {spark_submit.py:571} INFO - 26/08/21 10:45:05 INFO TaskSetManager: Finished task 22.0 in stage 5.0 (TID 85) in 85 ms on 172.18.0.9 (executor 1) (29/50)
[2026-08-21T10:45:05.815+0000] {spark_submit.py:571} INFO - 26/08/21 10:45:05 INFO TaskSetManager: Starting task 41.0 in stage 5.0 (TID 89) (172.18.0.8, executor 0, partition 41, PROCESS_LOCAL, 7608 bytes)
[2026-08-21T10:45:05.817+0000] {spark_submit.py:571} INFO - 26/08/21 10:45:05 INFO TaskSetManager: Finished task 34.0 in stage 5.0 (TID 83) in 124 ms on 172.18.0.8 (executor 0) (30/50)
[2026-08-21T10:45:05.831+0000] {spark_submit.py:571} INFO - 26/08/21 10:45:05 INFO TaskSetManager: Starting task 42.0 in stage 5.0 (TID 90) (172.18.0.8, executor 0, partition 42, PROCESS_LOCAL, 7608 bytes)
[2026-08-21T10:45:05.835+0000] {spark_submit.py:571} INFO - 26/08/21 10:45:05 INFO TaskSetManager: Finished task 37.0 in stage 5.0 (TID 86) in 117 ms on 172.18.0.8 (executor 0) (31/50)
[2026-08-21T10:45:05.836+0000] {spark_submit.py:571} INFO - 26/08/21 10:45:05 INFO TaskSetManager: Starting task 29.0 in stage 5.0 (TID 91) (172.18.0.9, executor 1, partition 29, PROCESS_LOCAL, 7608 bytes)
[2026-08-21T10:45:05.842+0000] {spark_submit.py:571} INFO - 26/08/21 10:45:05 INFO TaskSetManager: Finished task 24.0 in stage 5.0 (TID 87) in 91 ms on 172.18.0.9 (executor 1) (32/50)
[2026-08-21T10:45:05.897+0000] {spark_submit.py:571} INFO - 26/08/21 10:45:05 INFO TaskSetManager: Starting task 32.0 in stage 5.0 (TID 92) (172.18.0.9, executor 1, partition 32, PROCESS_LOCAL, 7608 bytes)
[2026-08-21T10:45:05.904+0000] {spark_submit.py:571} INFO - 26/08/21 10:45:05 INFO TaskSetManager: Finished task 28.0 in stage 5.0 (TID 88) in 115 ms on 172.18.0.9 (executor 1) (33/50)
[2026-08-21T10:45:05.932+0000] {spark_submit.py:571} INFO - 26/08/21 10:45:05 INFO TaskSetManager: Starting task 33.0 in stage 5.0 (TID 93) (172.18.0.9, executor 1, partition 33, PROCESS_LOCAL, 7608 bytes)
[2026-08-21T10:45:05.941+0000] {spark_submit.py:571} INFO - 26/08/21 10:45:05 INFO TaskSetManager: Starting task 44.0 in stage 5.0 (TID 94) (172.18.0.8, executor 0, partition 44, PROCESS_LOCAL, 7608 bytes)
[2026-08-21T10:45:05.941+0000] {spark_submit.py:571} INFO - 26/08/21 10:45:05 INFO TaskSetManager: Finished task 29.0 in stage 5.0 (TID 91) in 104 ms on 172.18.0.9 (executor 1) (34/50)
[2026-08-21T10:45:05.942+0000] {spark_submit.py:571} INFO - 26/08/21 10:45:05 INFO TaskSetManager: Finished task 41.0 in stage 5.0 (TID 89) in 129 ms on 172.18.0.8 (executor 0) (35/50)
[2026-08-21T10:45:05.986+0000] {spark_submit.py:571} INFO - 26/08/21 10:45:05 INFO TaskSetManager: Starting task 46.0 in stage 5.0 (TID 95) (172.18.0.8, executor 0, partition 46, PROCESS_LOCAL, 7608 bytes)
[2026-08-21T10:45:05.989+0000] {spark_submit.py:571} INFO - 26/08/21 10:45:05 INFO TaskSetManager: Finished task 42.0 in stage 5.0 (TID 90) in 158 ms on 172.18.0.8 (executor 0) (36/50)
[2026-08-21T10:45:06.051+0000] {spark_submit.py:571} INFO - 26/08/21 10:45:06 INFO TaskSetManager: Starting task 35.0 in stage 5.0 (TID 96) (172.18.0.9, executor 1, partition 35, PROCESS_LOCAL, 7608 bytes)
[2026-08-21T10:45:06.065+0000] {spark_submit.py:571} INFO - 26/08/21 10:45:06 INFO TaskSetManager: Finished task 32.0 in stage 5.0 (TID 92) in 167 ms on 172.18.0.9 (executor 1) (37/50)
[2026-08-21T10:45:06.097+0000] {spark_submit.py:571} INFO - 26/08/21 10:45:06 INFO TaskSetManager: Starting task 49.0 in stage 5.0 (TID 97) (172.18.0.8, executor 0, partition 49, PROCESS_LOCAL, 7608 bytes)
[2026-08-21T10:45:06.097+0000] {spark_submit.py:571} INFO - 26/08/21 10:45:06 INFO TaskSetManager: Finished task 46.0 in stage 5.0 (TID 95) in 112 ms on 172.18.0.8 (executor 0) (38/50)
[2026-08-21T10:45:06.109+0000] {spark_submit.py:571} INFO - 26/08/21 10:45:06 INFO TaskSetManager: Starting task 36.0 in stage 5.0 (TID 98) (172.18.0.9, executor 1, partition 36, PROCESS_LOCAL, 7608 bytes)
[2026-08-21T10:45:06.114+0000] {spark_submit.py:571} INFO - 26/08/21 10:45:06 INFO TaskSetManager: Finished task 44.0 in stage 5.0 (TID 94) in 172 ms on 172.18.0.8 (executor 0) (39/50)
[2026-08-21T10:45:06.115+0000] {spark_submit.py:571} INFO - 26/08/21 10:45:06 INFO TaskSetManager: Finished task 33.0 in stage 5.0 (TID 93) in 180 ms on 172.18.0.9 (executor 1) (40/50)
[2026-08-21T10:45:06.178+0000] {spark_submit.py:571} INFO - 26/08/21 10:45:06 INFO TaskSetManager: Starting task 38.0 in stage 5.0 (TID 99) (172.18.0.9, executor 1, partition 38, PROCESS_LOCAL, 7608 bytes)
[2026-08-21T10:45:06.179+0000] {spark_submit.py:571} INFO - 26/08/21 10:45:06 INFO TaskSetManager: Finished task 35.0 in stage 5.0 (TID 96) in 129 ms on 172.18.0.9 (executor 1) (41/50)
[2026-08-21T10:45:06.233+0000] {spark_submit.py:571} INFO - 26/08/21 10:45:06 INFO TaskSetManager: Starting task 39.0 in stage 5.0 (TID 100) (172.18.0.9, executor 1, partition 39, PROCESS_LOCAL, 7608 bytes)
[2026-08-21T10:45:06.233+0000] {spark_submit.py:571} INFO - 26/08/21 10:45:06 INFO TaskSetManager: Finished task 36.0 in stage 5.0 (TID 98) in 123 ms on 172.18.0.9 (executor 1) (42/50)
[2026-08-21T10:45:06.260+0000] {spark_submit.py:571} INFO - 26/08/21 10:45:06 INFO TaskSetManager: Finished task 49.0 in stage 5.0 (TID 97) in 167 ms on 172.18.0.8 (executor 0) (43/50)
[2026-08-21T10:45:06.280+0000] {spark_submit.py:571} INFO - 26/08/21 10:45:06 INFO TaskSetManager: Starting task 40.0 in stage 5.0 (TID 101) (172.18.0.9, executor 1, partition 40, PROCESS_LOCAL, 7608 bytes)
[2026-08-21T10:45:06.282+0000] {spark_submit.py:571} INFO - 26/08/21 10:45:06 INFO TaskSetManager: Finished task 38.0 in stage 5.0 (TID 99) in 103 ms on 172.18.0.9 (executor 1) (44/50)
[2026-08-21T10:45:06.317+0000] {spark_submit.py:571} INFO - 26/08/21 10:45:06 INFO TaskSetManager: Starting task 43.0 in stage 5.0 (TID 102) (172.18.0.9, executor 1, partition 43, PROCESS_LOCAL, 7608 bytes)
[2026-08-21T10:45:06.321+0000] {spark_submit.py:571} INFO - 26/08/21 10:45:06 INFO TaskSetManager: Finished task 39.0 in stage 5.0 (TID 100) in 87 ms on 172.18.0.9 (executor 1) (45/50)
[2026-08-21T10:45:06.355+0000] {spark_submit.py:571} INFO - 26/08/21 10:45:06 INFO TaskSetManager: Starting task 45.0 in stage 5.0 (TID 103) (172.18.0.9, executor 1, partition 45, PROCESS_LOCAL, 7608 bytes)
[2026-08-21T10:45:06.357+0000] {spark_submit.py:571} INFO - 26/08/21 10:45:06 INFO TaskSetManager: Finished task 43.0 in stage 5.0 (TID 102) in 39 ms on 172.18.0.9 (executor 1) (46/50)
[2026-08-21T10:45:06.370+0000] {spark_submit.py:571} INFO - 26/08/21 10:45:06 INFO TaskSetManager: Starting task 47.0 in stage 5.0 (TID 104) (172.18.0.9, executor 1, partition 47, PROCESS_LOCAL, 7608 bytes)
[2026-08-21T10:45:06.371+0000] {spark_submit.py:571} INFO - 26/08/21 10:45:06 INFO TaskSetManager: Finished task 40.0 in stage 5.0 (TID 101) in 88 ms on 172.18.0.9 (executor 1) (47/50)
[2026-08-21T10:45:06.484+0000] {spark_submit.py:571} INFO - 26/08/21 10:45:06 INFO TaskSetManager: Starting task 48.0 in stage 5.0 (TID 105) (172.18.0.9, executor 1, partition 48, PROCESS_LOCAL, 7608 bytes)
[2026-08-21T10:45:06.487+0000] {spark_submit.py:571} INFO - 26/08/21 10:45:06 INFO TaskSetManager: Finished task 45.0 in stage 5.0 (TID 103) in 130 ms on 172.18.0.9 (executor 1) (48/50)
[2026-08-21T10:45:06.487+0000] {spark_submit.py:571} INFO - 26/08/21 10:45:06 INFO TaskSetManager: Finished task 47.0 in stage 5.0 (TID 104) in 121 ms on 172.18.0.9 (executor 1) (49/50)
[2026-08-21T10:45:06.525+0000] {spark_submit.py:571} INFO - 26/08/21 10:45:06 INFO TaskSetManager: Finished task 48.0 in stage 5.0 (TID 105) in 42 ms on 172.18.0.9 (executor 1) (50/50)
[2026-08-21T10:45:06.526+0000] {spark_submit.py:571} INFO - 26/08/21 10:45:06 INFO TaskSchedulerImpl: Removed TaskSet 5.0, whose tasks have all completed, from pool
[2026-08-21T10:45:06.527+0000] {spark_submit.py:571} INFO - 26/08/21 10:45:06 INFO DAGScheduler: ShuffleMapStage 5 ($anonfun$recordDeltaOperationInternal$1 at DatabricksLogging.scala:128) finished in 3.169 s
[2026-08-21T10:45:06.528+0000] {spark_submit.py:571} INFO - 26/08/21 10:45:06 INFO DAGScheduler: looking for newly runnable stages
[2026-08-21T10:45:06.528+0000] {spark_submit.py:571} INFO - 26/08/21 10:45:06 INFO DAGScheduler: running: Set()
[2026-08-21T10:45:06.529+0000] {spark_submit.py:571} INFO - 26/08/21 10:45:06 INFO DAGScheduler: waiting: Set()
[2026-08-21T10:45:06.529+0000] {spark_submit.py:571} INFO - 26/08/21 10:45:06 INFO DAGScheduler: failed: Set()
[2026-08-21T10:45:06.564+0000] {spark_submit.py:571} INFO - 26/08/21 10:45:06 INFO SparkContext: Starting job: $anonfun$recordDeltaOperationInternal$1 at DatabricksLogging.scala:128
[2026-08-21T10:45:06.566+0000] {spark_submit.py:571} INFO - 26/08/21 10:45:06 INFO DAGScheduler: Got job 4 ($anonfun$recordDeltaOperationInternal$1 at DatabricksLogging.scala:128) with 1 output partitions
[2026-08-21T10:45:06.566+0000] {spark_submit.py:571} INFO - 26/08/21 10:45:06 INFO DAGScheduler: Final stage: ResultStage 8 ($anonfun$recordDeltaOperationInternal$1 at DatabricksLogging.scala:128)
[2026-08-21T10:45:06.566+0000] {spark_submit.py:571} INFO - 26/08/21 10:45:06 INFO DAGScheduler: Parents of final stage: List(ShuffleMapStage 7)
[2026-08-21T10:45:06.566+0000] {spark_submit.py:571} INFO - 26/08/21 10:45:06 INFO DAGScheduler: Missing parents: List()
[2026-08-21T10:45:06.566+0000] {spark_submit.py:571} INFO - 26/08/21 10:45:06 INFO DAGScheduler: Submitting ResultStage 8 (MapPartitionsRDD[22] at $anonfun$recordDeltaOperationInternal$1 at DatabricksLogging.scala:128), which has no missing parents
[2026-08-21T10:45:06.576+0000] {spark_submit.py:571} INFO - 26/08/21 10:45:06 INFO MemoryStore: Block broadcast_7 stored as values in memory (estimated size 533.4 KiB, free 431.9 MiB)
[2026-08-21T10:45:06.577+0000] {spark_submit.py:571} INFO - 26/08/21 10:45:06 INFO MemoryStore: Block broadcast_7_piece0 stored as bytes in memory (estimated size 124.5 KiB, free 431.7 MiB)
[2026-08-21T10:45:06.577+0000] {spark_submit.py:571} INFO - 26/08/21 10:45:06 INFO BlockManagerInfo: Added broadcast_7_piece0 in memory on 5d28507313c5:33943 (size: 124.5 KiB, free: 433.9 MiB)
[2026-08-21T10:45:06.578+0000] {spark_submit.py:571} INFO - 26/08/21 10:45:06 INFO SparkContext: Created broadcast 7 from broadcast at DAGScheduler.scala:1585
[2026-08-21T10:45:06.579+0000] {spark_submit.py:571} INFO - 26/08/21 10:45:06 INFO DAGScheduler: Submitting 1 missing tasks from ResultStage 8 (MapPartitionsRDD[22] at $anonfun$recordDeltaOperationInternal$1 at DatabricksLogging.scala:128) (first 15 tasks are for partitions Vector(0))
[2026-08-21T10:45:06.580+0000] {spark_submit.py:571} INFO - 26/08/21 10:45:06 INFO TaskSchedulerImpl: Adding task set 8.0 with 1 tasks resource profile 0
[2026-08-21T10:45:06.582+0000] {spark_submit.py:571} INFO - 26/08/21 10:45:06 INFO TaskSetManager: Starting task 0.0 in stage 8.0 (TID 106) (172.18.0.9, executor 1, partition 0, NODE_LOCAL, 7619 bytes)
[2026-08-21T10:45:06.594+0000] {spark_submit.py:571} INFO - 26/08/21 10:45:06 INFO BlockManagerInfo: Added broadcast_7_piece0 in memory on 172.18.0.9:41607 (size: 124.5 KiB, free: 434.0 MiB)
[2026-08-21T10:45:06.606+0000] {spark_submit.py:571} INFO - 26/08/21 10:45:06 INFO MapOutputTrackerMasterEndpoint: Asked to send map output locations for shuffle 1 to 172.18.0.9:34950
[2026-08-21T10:45:06.700+0000] {spark_submit.py:571} INFO - 26/08/21 10:45:06 INFO TaskSetManager: Finished task 0.0 in stage 8.0 (TID 106) in 117 ms on 172.18.0.9 (executor 1) (1/1)
[2026-08-21T10:45:06.701+0000] {spark_submit.py:571} INFO - 26/08/21 10:45:06 INFO TaskSchedulerImpl: Removed TaskSet 8.0, whose tasks have all completed, from pool
[2026-08-21T10:45:06.701+0000] {spark_submit.py:571} INFO - 26/08/21 10:45:06 INFO DAGScheduler: ResultStage 8 ($anonfun$recordDeltaOperationInternal$1 at DatabricksLogging.scala:128) finished in 0.134 s
[2026-08-21T10:45:06.702+0000] {spark_submit.py:571} INFO - 26/08/21 10:45:06 INFO DAGScheduler: Job 4 is finished. Cancelling potential speculative or zombie tasks for this job
[2026-08-21T10:45:06.703+0000] {spark_submit.py:571} INFO - 26/08/21 10:45:06 INFO TaskSchedulerImpl: Killing all running tasks in stage 8: Stage finished
[2026-08-21T10:45:06.705+0000] {spark_submit.py:571} INFO - 26/08/21 10:45:06 INFO DAGScheduler: Job 4 finished: $anonfun$recordDeltaOperationInternal$1 at DatabricksLogging.scala:128, took 0.139556 s
[2026-08-21T10:45:06.788+0000] {spark_submit.py:571} INFO - 26/08/21 10:45:06 INFO CodeGenerator: Code generated in 68.786396 ms
[2026-08-21T10:45:06.790+0000] {spark_submit.py:571} INFO - 26/08/21 10:45:06 INFO Snapshot: [tableId=8fd6b178-1d15-4009-98af-a535a11b587e] DELTA: Done
[2026-08-21T10:45:06.794+0000] {spark_submit.py:571} INFO - 26/08/21 10:45:06 INFO PrepareDeltaScan: DELTA: Done
[2026-08-21T10:45:06.808+0000] {spark_submit.py:571} INFO - 26/08/21 10:45:06 INFO DataSourceStrategy: Pruning directories with: isnotnull(date#66),(date#66 <= 2025-06-01)
[2026-08-21T10:45:06.809+0000] {spark_submit.py:571} INFO - 26/08/21 10:45:06 INFO FileSourceStrategy: Pushed Filters:
[2026-08-21T10:45:06.809+0000] {spark_submit.py:571} INFO - 26/08/21 10:45:06 INFO FileSourceStrategy: Post-Scan Filters:
[2026-08-21T10:45:06.946+0000] {spark_submit.py:571} INFO - 26/08/21 10:45:06 INFO CodeGenerator: Code generated in 61.290352 ms
[2026-08-21T10:45:06.973+0000] {spark_submit.py:571} INFO - 26/08/21 10:45:06 INFO MemoryStore: Block broadcast_8 stored as values in memory (estimated size 203.0 KiB, free 431.6 MiB)
[2026-08-21T10:45:06.998+0000] {spark_submit.py:571} INFO - 26/08/21 10:45:06 INFO MemoryStore: Block broadcast_8_piece0 stored as bytes in memory (estimated size 35.5 KiB, free 431.5 MiB)
[2026-08-21T10:45:06.999+0000] {spark_submit.py:571} INFO - 26/08/21 10:45:06 INFO BlockManagerInfo: Added broadcast_8_piece0 in memory on 5d28507313c5:33943 (size: 35.5 KiB, free: 433.9 MiB)
[2026-08-21T10:45:07.004+0000] {spark_submit.py:571} INFO - 26/08/21 10:45:07 INFO SparkContext: Created broadcast 8 from count at NativeMethodAccessorImpl.java:0
[2026-08-21T10:45:07.015+0000] {spark_submit.py:571} INFO - 26/08/21 10:45:07 INFO FileSourceScanExec: Planning scan with bin packing, max size: 4524324 bytes, open cost is considered as scanning 4194304 bytes.
[2026-08-21T10:45:07.040+0000] {spark_submit.py:571} INFO - 26/08/21 10:45:07 INFO DAGScheduler: Registering RDD 26 (count at NativeMethodAccessorImpl.java:0) as input to shuffle 2
[2026-08-21T10:45:07.042+0000] {spark_submit.py:571} INFO - 26/08/21 10:45:07 INFO DAGScheduler: Got map stage job 5 (count at NativeMethodAccessorImpl.java:0) with 4 output partitions
[2026-08-21T10:45:07.043+0000] {spark_submit.py:571} INFO - 26/08/21 10:45:07 INFO DAGScheduler: Final stage: ShuffleMapStage 9 (count at NativeMethodAccessorImpl.java:0)
[2026-08-21T10:45:07.043+0000] {spark_submit.py:571} INFO - 26/08/21 10:45:07 INFO DAGScheduler: Parents of final stage: List()
[2026-08-21T10:45:07.044+0000] {spark_submit.py:571} INFO - 26/08/21 10:45:07 INFO DAGScheduler: Missing parents: List()
[2026-08-21T10:45:07.044+0000] {spark_submit.py:571} INFO - 26/08/21 10:45:07 INFO DAGScheduler: Submitting ShuffleMapStage 9 (MapPartitionsRDD[26] at count at NativeMethodAccessorImpl.java:0), which has no missing parents
[2026-08-21T10:45:07.049+0000] {spark_submit.py:571} INFO - 26/08/21 10:45:07 INFO MemoryStore: Block broadcast_9 stored as values in memory (estimated size 42.5 KiB, free 431.5 MiB)
[2026-08-21T10:45:07.053+0000] {spark_submit.py:571} INFO - 26/08/21 10:45:07 INFO MemoryStore: Block broadcast_9_piece0 stored as bytes in memory (estimated size 18.8 KiB, free 431.5 MiB)
[2026-08-21T10:45:07.054+0000] {spark_submit.py:571} INFO - 26/08/21 10:45:07 INFO BlockManagerInfo: Added broadcast_9_piece0 in memory on 5d28507313c5:33943 (size: 18.8 KiB, free: 433.9 MiB)
[2026-08-21T10:45:07.057+0000] {spark_submit.py:571} INFO - 26/08/21 10:45:07 INFO SparkContext: Created broadcast 9 from broadcast at DAGScheduler.scala:1585
[2026-08-21T10:45:07.059+0000] {spark_submit.py:571} INFO - 26/08/21 10:45:07 INFO DAGScheduler: Submitting 4 missing tasks from ShuffleMapStage 9 (MapPartitionsRDD[26] at count at NativeMethodAccessorImpl.java:0) (first 15 tasks are for partitions Vector(0, 1, 2, 3))
[2026-08-21T10:45:07.060+0000] {spark_submit.py:571} INFO - 26/08/21 10:45:07 INFO TaskSchedulerImpl: Adding task set 9.0 with 4 tasks resource profile 0
[2026-08-21T10:45:07.061+0000] {spark_submit.py:571} INFO - 26/08/21 10:45:07 INFO TaskSetManager: Starting task 0.0 in stage 9.0 (TID 107) (172.18.0.9, executor 1, partition 0, PROCESS_LOCAL, 8379 bytes)
[2026-08-21T10:45:07.065+0000] {spark_submit.py:571} INFO - 26/08/21 10:45:07 INFO TaskSetManager: Starting task 1.0 in stage 9.0 (TID 108) (172.18.0.8, executor 0, partition 1, PROCESS_LOCAL, 8379 bytes)
[2026-08-21T10:45:07.065+0000] {spark_submit.py:571} INFO - 26/08/21 10:45:07 INFO TaskSetManager: Starting task 2.0 in stage 9.0 (TID 109) (172.18.0.9, executor 1, partition 2, PROCESS_LOCAL, 8379 bytes)
[2026-08-21T10:45:07.066+0000] {spark_submit.py:571} INFO - 26/08/21 10:45:07 INFO TaskSetManager: Starting task 3.0 in stage 9.0 (TID 110) (172.18.0.8, executor 0, partition 3, PROCESS_LOCAL, 8379 bytes)
[2026-08-21T10:45:07.124+0000] {spark_submit.py:571} INFO - 26/08/21 10:45:07 INFO BlockManagerInfo: Added broadcast_9_piece0 in memory on 172.18.0.9:41607 (size: 18.8 KiB, free: 433.9 MiB)
[2026-08-21T10:45:07.128+0000] {spark_submit.py:571} INFO - 26/08/21 10:45:07 INFO BlockManagerInfo: Added broadcast_9_piece0 in memory on 172.18.0.8:36579 (size: 18.8 KiB, free: 434.1 MiB)
[2026-08-21T10:45:07.541+0000] {spark_submit.py:571} INFO - 26/08/21 10:45:07 INFO BlockManagerInfo: Added broadcast_8_piece0 in memory on 172.18.0.8:36579 (size: 35.5 KiB, free: 434.0 MiB)
[2026-08-21T10:45:07.673+0000] {spark_submit.py:571} INFO - 26/08/21 10:45:07 INFO BlockManagerInfo: Added broadcast_8_piece0 in memory on 172.18.0.9:41607 (size: 35.5 KiB, free: 433.9 MiB)
[2026-08-21T10:45:08.369+0000] {spark_submit.py:571} INFO - 26/08/21 10:45:08 INFO TaskSetManager: Finished task 1.0 in stage 9.0 (TID 108) in 1305 ms on 172.18.0.8 (executor 0) (1/4)
[2026-08-21T10:45:08.371+0000] {spark_submit.py:571} INFO - 26/08/21 10:45:08 INFO TaskSetManager: Finished task 3.0 in stage 9.0 (TID 110) in 1308 ms on 172.18.0.8 (executor 0) (2/4)
[2026-08-21T10:45:08.501+0000] {spark_submit.py:571} INFO - 26/08/21 10:45:08 INFO TaskSetManager: Finished task 0.0 in stage 9.0 (TID 107) in 1440 ms on 172.18.0.9 (executor 1) (3/4)
[2026-08-21T10:45:08.502+0000] {spark_submit.py:571} INFO - 26/08/21 10:45:08 INFO TaskSetManager: Finished task 2.0 in stage 9.0 (TID 109) in 1439 ms on 172.18.0.9 (executor 1) (4/4)
[2026-08-21T10:45:08.503+0000] {spark_submit.py:571} INFO - 26/08/21 10:45:08 INFO TaskSchedulerImpl: Removed TaskSet 9.0, whose tasks have all completed, from pool
[2026-08-21T10:45:08.504+0000] {spark_submit.py:571} INFO - 26/08/21 10:45:08 INFO DAGScheduler: ShuffleMapStage 9 (count at NativeMethodAccessorImpl.java:0) finished in 1.459 s
[2026-08-21T10:45:08.505+0000] {spark_submit.py:571} INFO - 26/08/21 10:45:08 INFO DAGScheduler: looking for newly runnable stages
[2026-08-21T10:45:08.505+0000] {spark_submit.py:571} INFO - 26/08/21 10:45:08 INFO DAGScheduler: running: Set()
[2026-08-21T10:45:08.506+0000] {spark_submit.py:571} INFO - 26/08/21 10:45:08 INFO DAGScheduler: waiting: Set()
[2026-08-21T10:45:08.506+0000] {spark_submit.py:571} INFO - 26/08/21 10:45:08 INFO DAGScheduler: failed: Set()
[2026-08-21T10:45:08.518+0000] {spark_submit.py:571} INFO - 26/08/21 10:45:08 INFO ShufflePartitionsUtil: For shuffle(2), advisory target size: 67108864, actual target size 1048576, minimum partition size: 1048576
[2026-08-21T10:45:08.577+0000] {spark_submit.py:571} INFO - 26/08/21 10:45:08 INFO CodeGenerator: Code generated in 21.262247 ms
[2026-08-21T10:45:08.591+0000] {spark_submit.py:571} INFO - 26/08/21 10:45:08 INFO DAGScheduler: Registering RDD 29 (count at NativeMethodAccessorImpl.java:0) as input to shuffle 3
[2026-08-21T10:45:08.594+0000] {spark_submit.py:571} INFO - 26/08/21 10:45:08 INFO DAGScheduler: Got map stage job 6 (count at NativeMethodAccessorImpl.java:0) with 1 output partitions
[2026-08-21T10:45:08.594+0000] {spark_submit.py:571} INFO - 26/08/21 10:45:08 INFO DAGScheduler: Final stage: ShuffleMapStage 11 (count at NativeMethodAccessorImpl.java:0)
[2026-08-21T10:45:08.594+0000] {spark_submit.py:571} INFO - 26/08/21 10:45:08 INFO DAGScheduler: Parents of final stage: List(ShuffleMapStage 10)
[2026-08-21T10:45:08.595+0000] {spark_submit.py:571} INFO - 26/08/21 10:45:08 INFO DAGScheduler: Missing parents: List()
[2026-08-21T10:45:08.595+0000] {spark_submit.py:571} INFO - 26/08/21 10:45:08 INFO DAGScheduler: Submitting ShuffleMapStage 11 (MapPartitionsRDD[29] at count at NativeMethodAccessorImpl.java:0), which has no missing parents
[2026-08-21T10:45:08.600+0000] {spark_submit.py:571} INFO - 26/08/21 10:45:08 INFO MemoryStore: Block broadcast_10 stored as values in memory (estimated size 50.4 KiB, free 431.4 MiB)
[2026-08-21T10:45:08.602+0000] {spark_submit.py:571} INFO - 26/08/21 10:45:08 INFO MemoryStore: Block broadcast_10_piece0 stored as bytes in memory (estimated size 22.4 KiB, free 431.4 MiB)
[2026-08-21T10:45:08.603+0000] {spark_submit.py:571} INFO - 26/08/21 10:45:08 INFO BlockManagerInfo: Added broadcast_10_piece0 in memory on 5d28507313c5:33943 (size: 22.4 KiB, free: 433.8 MiB)
[2026-08-21T10:45:08.605+0000] {spark_submit.py:571} INFO - 26/08/21 10:45:08 INFO SparkContext: Created broadcast 10 from broadcast at DAGScheduler.scala:1585
[2026-08-21T10:45:08.605+0000] {spark_submit.py:571} INFO - 26/08/21 10:45:08 INFO DAGScheduler: Submitting 1 missing tasks from ShuffleMapStage 11 (MapPartitionsRDD[29] at count at NativeMethodAccessorImpl.java:0) (first 15 tasks are for partitions Vector(0))
[2026-08-21T10:45:08.605+0000] {spark_submit.py:571} INFO - 26/08/21 10:45:08 INFO TaskSchedulerImpl: Adding task set 11.0 with 1 tasks resource profile 0
[2026-08-21T10:45:08.606+0000] {spark_submit.py:571} INFO - 26/08/21 10:45:08 INFO TaskSetManager: Starting task 0.0 in stage 11.0 (TID 111) (172.18.0.9, executor 1, partition 0, NODE_LOCAL, 7608 bytes)
[2026-08-21T10:45:08.622+0000] {spark_submit.py:571} INFO - 26/08/21 10:45:08 INFO BlockManagerInfo: Added broadcast_10_piece0 in memory on 172.18.0.9:41607 (size: 22.4 KiB, free: 433.9 MiB)
[2026-08-21T10:45:08.639+0000] {spark_submit.py:571} INFO - 26/08/21 10:45:08 INFO MapOutputTrackerMasterEndpoint: Asked to send map output locations for shuffle 2 to 172.18.0.9:34950
[2026-08-21T10:45:08.679+0000] {spark_submit.py:571} INFO - 26/08/21 10:45:08 INFO TaskSetManager: Finished task 0.0 in stage 11.0 (TID 111) in 73 ms on 172.18.0.9 (executor 1) (1/1)
[2026-08-21T10:45:08.680+0000] {spark_submit.py:571} INFO - 26/08/21 10:45:08 INFO TaskSchedulerImpl: Removed TaskSet 11.0, whose tasks have all completed, from pool
[2026-08-21T10:45:08.682+0000] {spark_submit.py:571} INFO - 26/08/21 10:45:08 INFO DAGScheduler: ShuffleMapStage 11 (count at NativeMethodAccessorImpl.java:0) finished in 0.082 s
[2026-08-21T10:45:08.683+0000] {spark_submit.py:571} INFO - 26/08/21 10:45:08 INFO DAGScheduler: looking for newly runnable stages
[2026-08-21T10:45:08.684+0000] {spark_submit.py:571} INFO - 26/08/21 10:45:08 INFO DAGScheduler: running: Set()
[2026-08-21T10:45:08.686+0000] {spark_submit.py:571} INFO - 26/08/21 10:45:08 INFO DAGScheduler: waiting: Set()
[2026-08-21T10:45:08.687+0000] {spark_submit.py:571} INFO - 26/08/21 10:45:08 INFO DAGScheduler: failed: Set()
[2026-08-21T10:45:08.706+0000] {spark_submit.py:571} INFO - 26/08/21 10:45:08 INFO CodeGenerator: Code generated in 6.997523 ms
[2026-08-21T10:45:08.718+0000] {spark_submit.py:571} INFO - 26/08/21 10:45:08 INFO SparkContext: Starting job: count at NativeMethodAccessorImpl.java:0
[2026-08-21T10:45:08.723+0000] {spark_submit.py:571} INFO - 26/08/21 10:45:08 INFO DAGScheduler: Got job 7 (count at NativeMethodAccessorImpl.java:0) with 1 output partitions
[2026-08-21T10:45:08.723+0000] {spark_submit.py:571} INFO - 26/08/21 10:45:08 INFO DAGScheduler: Final stage: ResultStage 14 (count at NativeMethodAccessorImpl.java:0)
[2026-08-21T10:45:08.723+0000] {spark_submit.py:571} INFO - 26/08/21 10:45:08 INFO DAGScheduler: Parents of final stage: List(ShuffleMapStage 13)
[2026-08-21T10:45:08.724+0000] {spark_submit.py:571} INFO - 26/08/21 10:45:08 INFO DAGScheduler: Missing parents: List()
[2026-08-21T10:45:08.724+0000] {spark_submit.py:571} INFO - 26/08/21 10:45:08 INFO DAGScheduler: Submitting ResultStage 14 (MapPartitionsRDD[32] at count at NativeMethodAccessorImpl.java:0), which has no missing parents
[2026-08-21T10:45:08.725+0000] {spark_submit.py:571} INFO - 26/08/21 10:45:08 INFO MemoryStore: Block broadcast_11 stored as values in memory (estimated size 12.5 KiB, free 431.4 MiB)
[2026-08-21T10:45:08.727+0000] {spark_submit.py:571} INFO - 26/08/21 10:45:08 INFO MemoryStore: Block broadcast_11_piece0 stored as bytes in memory (estimated size 6.0 KiB, free 431.4 MiB)
[2026-08-21T10:45:08.727+0000] {spark_submit.py:571} INFO - 26/08/21 10:45:08 INFO BlockManagerInfo: Added broadcast_11_piece0 in memory on 5d28507313c5:33943 (size: 6.0 KiB, free: 433.8 MiB)
[2026-08-21T10:45:08.728+0000] {spark_submit.py:571} INFO - 26/08/21 10:45:08 INFO SparkContext: Created broadcast 11 from broadcast at DAGScheduler.scala:1585
[2026-08-21T10:45:08.728+0000] {spark_submit.py:571} INFO - 26/08/21 10:45:08 INFO DAGScheduler: Submitting 1 missing tasks from ResultStage 14 (MapPartitionsRDD[32] at count at NativeMethodAccessorImpl.java:0) (first 15 tasks are for partitions Vector(0))
[2026-08-21T10:45:08.728+0000] {spark_submit.py:571} INFO - 26/08/21 10:45:08 INFO TaskSchedulerImpl: Adding task set 14.0 with 1 tasks resource profile 0
[2026-08-21T10:45:08.728+0000] {spark_submit.py:571} INFO - 26/08/21 10:45:08 INFO TaskSetManager: Starting task 0.0 in stage 14.0 (TID 112) (172.18.0.9, executor 1, partition 0, NODE_LOCAL, 7619 bytes)
[2026-08-21T10:45:08.747+0000] {spark_submit.py:571} INFO - 26/08/21 10:45:08 INFO BlockManagerInfo: Added broadcast_11_piece0 in memory on 172.18.0.9:41607 (size: 6.0 KiB, free: 433.9 MiB)
[2026-08-21T10:45:08.754+0000] {spark_submit.py:571} INFO - 26/08/21 10:45:08 INFO MapOutputTrackerMasterEndpoint: Asked to send map output locations for shuffle 3 to 172.18.0.9:34950
[2026-08-21T10:45:08.767+0000] {spark_submit.py:571} INFO - 26/08/21 10:45:08 INFO TaskSetManager: Finished task 0.0 in stage 14.0 (TID 112) in 39 ms on 172.18.0.9 (executor 1) (1/1)
[2026-08-21T10:45:08.768+0000] {spark_submit.py:571} INFO - 26/08/21 10:45:08 INFO TaskSchedulerImpl: Removed TaskSet 14.0, whose tasks have all completed, from pool
[2026-08-21T10:45:08.768+0000] {spark_submit.py:571} INFO - 26/08/21 10:45:08 INFO DAGScheduler: ResultStage 14 (count at NativeMethodAccessorImpl.java:0) finished in 0.047 s
[2026-08-21T10:45:08.768+0000] {spark_submit.py:571} INFO - 26/08/21 10:45:08 INFO DAGScheduler: Job 7 is finished. Cancelling potential speculative or zombie tasks for this job
[2026-08-21T10:45:08.768+0000] {spark_submit.py:571} INFO - 26/08/21 10:45:08 INFO TaskSchedulerImpl: Killing all running tasks in stage 14: Stage finished
[2026-08-21T10:45:08.769+0000] {spark_submit.py:571} INFO - 26/08/21 10:45:08 INFO DAGScheduler: Job 7 finished: count at NativeMethodAccessorImpl.java:0, took 0.049642 s
[2026-08-21T10:45:08.771+0000] {spark_submit.py:571} INFO - Dữ liệu mới có 1 ngày. Chưa đủ số mẫu (N>=2) để tính Độ lệch chuẩn (StdDev).
[2026-08-21T10:45:08.773+0000] {spark_submit.py:571} INFO - Bỏ qua Offline Training, thông luồng chạy tiếp!
[2026-08-21T10:45:08.843+0000] {spark_submit.py:571} INFO - 26/08/21 10:45:08 INFO SparkContext: Invoking stop() from shutdown hook
[2026-08-21T10:45:08.843+0000] {spark_submit.py:571} INFO - 26/08/21 10:45:08 INFO SparkContext: SparkContext is stopping with exitCode 0.
[2026-08-21T10:45:08.852+0000] {spark_submit.py:571} INFO - 26/08/21 10:45:08 INFO SparkUI: Stopped Spark web UI at http://5d28507313c5:4040
[2026-08-21T10:45:08.855+0000] {spark_submit.py:571} INFO - 26/08/21 10:45:08 INFO StandaloneSchedulerBackend: Shutting down all executors
[2026-08-21T10:45:08.856+0000] {spark_submit.py:571} INFO - 26/08/21 10:45:08 INFO StandaloneSchedulerBackend$StandaloneDriverEndpoint: Asking each executor to shut down
[2026-08-21T10:45:08.883+0000] {spark_submit.py:571} INFO - 26/08/21 10:45:08 INFO MapOutputTrackerMasterEndpoint: MapOutputTrackerMasterEndpoint stopped!
[2026-08-21T10:45:08.921+0000] {spark_submit.py:571} INFO - 26/08/21 10:45:08 INFO MemoryStore: MemoryStore cleared
[2026-08-21T10:45:08.922+0000] {spark_submit.py:571} INFO - 26/08/21 10:45:08 INFO BlockManager: BlockManager stopped
[2026-08-21T10:45:08.933+0000] {spark_submit.py:571} INFO - 26/08/21 10:45:08 INFO BlockManagerMaster: BlockManagerMaster stopped
[2026-08-21T10:45:08.938+0000] {spark_submit.py:571} INFO - 26/08/21 10:45:08 INFO OutputCommitCoordinator$OutputCommitCoordinatorEndpoint: OutputCommitCoordinator stopped!
[2026-08-21T10:45:08.968+0000] {spark_submit.py:571} INFO - 26/08/21 10:45:08 INFO SparkContext: Successfully stopped SparkContext
[2026-08-21T10:45:08.968+0000] {spark_submit.py:571} INFO - 26/08/21 10:45:08 INFO ShutdownHookManager: Shutdown hook called
[2026-08-21T10:45:08.969+0000] {spark_submit.py:571} INFO - 26/08/21 10:45:08 INFO ShutdownHookManager: Deleting directory /tmp/spark-8a0a480d-a8f6-467e-ab2b-917870c5d712
[2026-08-21T10:45:08.977+0000] {spark_submit.py:571} INFO - 26/08/21 10:45:08 INFO ShutdownHookManager: Deleting directory /tmp/spark-3fa9d7bf-38d8-4f0d-bc75-cb542ba72cde/pyspark-fbaafb0f-b6ea-46c8-bfbd-f02189735c82
[2026-08-21T10:45:08.983+0000] {spark_submit.py:571} INFO - 26/08/21 10:45:08 INFO ShutdownHookManager: Deleting directory /tmp/spark-3fa9d7bf-38d8-4f0d-bc75-cb542ba72cde
[2026-08-21T10:45:08.993+0000] {spark_submit.py:571} INFO - 26/08/21 10:45:08 INFO MetricsSystemImpl: Stopping s3a-file-system metrics system...
[2026-08-21T10:45:08.993+0000] {spark_submit.py:571} INFO - 26/08/21 10:45:08 INFO MetricsSystemImpl: s3a-file-system metrics system stopped.
[2026-08-21T10:45:08.995+0000] {spark_submit.py:571} INFO - 26/08/21 10:45:08 INFO MetricsSystemImpl: s3a-file-system metrics system shutdown complete.
[2026-08-21T10:45:09.088+0000] {taskinstance.py:441} INFO - ::group::Post task execution logs
[2026-08-21T10:45:09.097+0000] {taskinstance.py:1206} INFO - Marking task as SUCCESS. dag_id=cell_kpi_hourly_anomaly_pipeline, task_id=3_offline_train_baseline, run_id=scheduled__2025-05-31T17:00:00+00:00, execution_date=20250531T170000, start_date=20260821T104431, end_date=20260821T104509
[2026-08-21T10:45:09.154+0000] {local_task_job_runner.py:240} INFO - Task exited with return code 0
[2026-08-21T10:45:09.173+0000] {taskinstance.py:3498} INFO - 1 downstream tasks scheduled from follow-on schedule check
[2026-08-21T10:45:09.174+0000] {local_task_job_runner.py:222} INFO - ::endgroup::
