[2026-08-21T03:19:14.408+0000] {processor.py:161} INFO - Started process (PID=969) to work on /opt/airflow/dags/cell_kpi_hourly_anomaly.py
[2026-08-21T03:19:14.409+0000] {processor.py:830} INFO - Processing file /opt/airflow/dags/cell_kpi_hourly_anomaly.py for tasks to queue
[2026-08-21T03:19:14.411+0000] {logging_mixin.py:188} INFO - [2026-08-21T03:19:14.411+0000] {dagbag.py:545} INFO - Filling up the DagBag from /opt/airflow/dags/cell_kpi_hourly_anomaly.py
[2026-08-21T03:19:14.437+0000] {processor.py:840} INFO - DAG(s) 'cell_kpi_hourly_anomaly_pipeline' retrieved from /opt/airflow/dags/cell_kpi_hourly_anomaly.py
[2026-08-21T03:19:14.543+0000] {logging_mixin.py:188} INFO - [2026-08-21T03:19:14.543+0000] {override.py:1829} INFO - Created Permission View: can read on DAG:cell_kpi_hourly_anomaly_pipeline
[2026-08-21T03:19:14.551+0000] {logging_mixin.py:188} INFO - [2026-08-21T03:19:14.550+0000] {override.py:1829} INFO - Created Permission View: can delete on DAG:cell_kpi_hourly_anomaly_pipeline
[2026-08-21T03:19:14.555+0000] {logging_mixin.py:188} INFO - [2026-08-21T03:19:14.555+0000] {override.py:1829} INFO - Created Permission View: can edit on DAG:cell_kpi_hourly_anomaly_pipeline
[2026-08-21T03:19:14.556+0000] {logging_mixin.py:188} INFO - [2026-08-21T03:19:14.556+0000] {dag.py:3096} INFO - Sync 1 DAGs
[2026-08-21T03:19:14.564+0000] {logging_mixin.py:188} INFO - [2026-08-21T03:19:14.564+0000] {dag.py:3118} INFO - Creating ORM DAG for cell_kpi_hourly_anomaly_pipeline
[2026-08-21T03:19:14.573+0000] {logging_mixin.py:188} INFO - [2026-08-21T03:19:14.573+0000] {dag.py:3954} INFO - Setting next_dagrun for cell_kpi_hourly_anomaly_pipeline to 2025-05-31 17:00:00+00:00, run_after=2025-05-31 18:00:00+00:00
[2026-08-21T03:19:14.588+0000] {processor.py:183} INFO - Processing /opt/airflow/dags/cell_kpi_hourly_anomaly.py took 0.188 seconds
[2026-08-21T03:19:45.529+0000] {processor.py:161} INFO - Started process (PID=979) to work on /opt/airflow/dags/cell_kpi_hourly_anomaly.py
[2026-08-21T03:19:45.530+0000] {processor.py:830} INFO - Processing file /opt/airflow/dags/cell_kpi_hourly_anomaly.py for tasks to queue
[2026-08-21T03:19:45.531+0000] {logging_mixin.py:188} INFO - [2026-08-21T03:19:45.531+0000] {dagbag.py:545} INFO - Filling up the DagBag from /opt/airflow/dags/cell_kpi_hourly_anomaly.py
[2026-08-21T03:19:45.554+0000] {processor.py:840} INFO - DAG(s) 'cell_kpi_hourly_anomaly_pipeline' retrieved from /opt/airflow/dags/cell_kpi_hourly_anomaly.py
[2026-08-21T03:19:45.567+0000] {logging_mixin.py:188} INFO - [2026-08-21T03:19:45.567+0000] {dag.py:3096} INFO - Sync 1 DAGs
[2026-08-21T03:19:45.585+0000] {logging_mixin.py:188} INFO - [2026-08-21T03:19:45.585+0000] {dag.py:3954} INFO - Setting next_dagrun for cell_kpi_hourly_anomaly_pipeline to 2025-05-31 17:00:00+00:00, run_after=2025-05-31 18:00:00+00:00
[2026-08-21T03:19:45.599+0000] {processor.py:183} INFO - Processing /opt/airflow/dags/cell_kpi_hourly_anomaly.py took 0.075 seconds
[2026-08-21T03:20:15.737+0000] {processor.py:161} INFO - Started process (PID=989) to work on /opt/airflow/dags/cell_kpi_hourly_anomaly.py
[2026-08-21T03:20:15.738+0000] {processor.py:830} INFO - Processing file /opt/airflow/dags/cell_kpi_hourly_anomaly.py for tasks to queue
[2026-08-21T03:20:15.740+0000] {logging_mixin.py:188} INFO - [2026-08-21T03:20:15.739+0000] {dagbag.py:545} INFO - Filling up the DagBag from /opt/airflow/dags/cell_kpi_hourly_anomaly.py
[2026-08-21T03:20:15.762+0000] {processor.py:840} INFO - DAG(s) 'cell_kpi_hourly_anomaly_pipeline' retrieved from /opt/airflow/dags/cell_kpi_hourly_anomaly.py
[2026-08-21T03:20:15.774+0000] {logging_mixin.py:188} INFO - [2026-08-21T03:20:15.774+0000] {dag.py:3096} INFO - Sync 1 DAGs
[2026-08-21T03:20:15.791+0000] {logging_mixin.py:188} INFO - [2026-08-21T03:20:15.791+0000] {dag.py:3954} INFO - Setting next_dagrun for cell_kpi_hourly_anomaly_pipeline to 2025-05-31 17:00:00+00:00, run_after=2025-05-31 18:00:00+00:00
[2026-08-21T03:20:15.804+0000] {processor.py:183} INFO - Processing /opt/airflow/dags/cell_kpi_hourly_anomaly.py took 0.074 seconds
[2026-08-21T03:20:45.931+0000] {processor.py:161} INFO - Started process (PID=999) to work on /opt/airflow/dags/cell_kpi_hourly_anomaly.py
[2026-08-21T03:20:45.932+0000] {processor.py:830} INFO - Processing file /opt/airflow/dags/cell_kpi_hourly_anomaly.py for tasks to queue
[2026-08-21T03:20:45.933+0000] {logging_mixin.py:188} INFO - [2026-08-21T03:20:45.933+0000] {dagbag.py:545} INFO - Filling up the DagBag from /opt/airflow/dags/cell_kpi_hourly_anomaly.py
[2026-08-21T03:20:45.955+0000] {processor.py:840} INFO - DAG(s) 'cell_kpi_hourly_anomaly_pipeline' retrieved from /opt/airflow/dags/cell_kpi_hourly_anomaly.py
[2026-08-21T03:20:45.968+0000] {logging_mixin.py:188} INFO - [2026-08-21T03:20:45.967+0000] {dag.py:3096} INFO - Sync 1 DAGs
[2026-08-21T03:20:45.985+0000] {logging_mixin.py:188} INFO - [2026-08-21T03:20:45.985+0000] {dag.py:3954} INFO - Setting next_dagrun for cell_kpi_hourly_anomaly_pipeline to 2025-05-31 17:00:00+00:00, run_after=2025-05-31 18:00:00+00:00
[2026-08-21T03:20:45.998+0000] {processor.py:183} INFO - Processing /opt/airflow/dags/cell_kpi_hourly_anomaly.py took 0.073 seconds
[2026-08-21T03:21:16.129+0000] {processor.py:161} INFO - Started process (PID=1009) to work on /opt/airflow/dags/cell_kpi_hourly_anomaly.py
[2026-08-21T03:21:16.130+0000] {processor.py:830} INFO - Processing file /opt/airflow/dags/cell_kpi_hourly_anomaly.py for tasks to queue
[2026-08-21T03:21:16.131+0000] {logging_mixin.py:188} INFO - [2026-08-21T03:21:16.131+0000] {dagbag.py:545} INFO - Filling up the DagBag from /opt/airflow/dags/cell_kpi_hourly_anomaly.py
[2026-08-21T03:21:16.153+0000] {processor.py:840} INFO - DAG(s) 'cell_kpi_hourly_anomaly_pipeline' retrieved from /opt/airflow/dags/cell_kpi_hourly_anomaly.py
[2026-08-21T03:21:16.165+0000] {logging_mixin.py:188} INFO - [2026-08-21T03:21:16.165+0000] {dag.py:3096} INFO - Sync 1 DAGs
[2026-08-21T03:21:16.183+0000] {logging_mixin.py:188} INFO - [2026-08-21T03:21:16.182+0000] {dag.py:3954} INFO - Setting next_dagrun for cell_kpi_hourly_anomaly_pipeline to 2025-05-31 17:00:00+00:00, run_after=2025-05-31 18:00:00+00:00
[2026-08-21T03:21:16.197+0000] {processor.py:183} INFO - Processing /opt/airflow/dags/cell_kpi_hourly_anomaly.py took 0.073 seconds
[2026-08-21T03:21:46.332+0000] {processor.py:161} INFO - Started process (PID=1019) to work on /opt/airflow/dags/cell_kpi_hourly_anomaly.py
[2026-08-21T03:21:46.333+0000] {processor.py:830} INFO - Processing file /opt/airflow/dags/cell_kpi_hourly_anomaly.py for tasks to queue
[2026-08-21T03:21:46.334+0000] {logging_mixin.py:188} INFO - [2026-08-21T03:21:46.334+0000] {dagbag.py:545} INFO - Filling up the DagBag from /opt/airflow/dags/cell_kpi_hourly_anomaly.py
[2026-08-21T03:21:46.354+0000] {processor.py:840} INFO - DAG(s) 'cell_kpi_hourly_anomaly_pipeline' retrieved from /opt/airflow/dags/cell_kpi_hourly_anomaly.py
[2026-08-21T03:21:46.369+0000] {logging_mixin.py:188} INFO - [2026-08-21T03:21:46.369+0000] {dag.py:3096} INFO - Sync 1 DAGs
[2026-08-21T03:21:46.388+0000] {logging_mixin.py:188} INFO - [2026-08-21T03:21:46.388+0000] {dag.py:3954} INFO - Setting next_dagrun for cell_kpi_hourly_anomaly_pipeline to 2025-05-31 17:00:00+00:00, run_after=2025-05-31 18:00:00+00:00
[2026-08-21T03:21:46.401+0000] {processor.py:183} INFO - Processing /opt/airflow/dags/cell_kpi_hourly_anomaly.py took 0.074 seconds
[2026-08-21T03:22:16.536+0000] {processor.py:161} INFO - Started process (PID=1029) to work on /opt/airflow/dags/cell_kpi_hourly_anomaly.py
[2026-08-21T03:22:16.537+0000] {processor.py:830} INFO - Processing file /opt/airflow/dags/cell_kpi_hourly_anomaly.py for tasks to queue
[2026-08-21T03:22:16.538+0000] {logging_mixin.py:188} INFO - [2026-08-21T03:22:16.538+0000] {dagbag.py:545} INFO - Filling up the DagBag from /opt/airflow/dags/cell_kpi_hourly_anomaly.py
[2026-08-21T03:22:16.558+0000] {processor.py:840} INFO - DAG(s) 'cell_kpi_hourly_anomaly_pipeline' retrieved from /opt/airflow/dags/cell_kpi_hourly_anomaly.py
[2026-08-21T03:22:16.571+0000] {logging_mixin.py:188} INFO - [2026-08-21T03:22:16.571+0000] {dag.py:3096} INFO - Sync 1 DAGs
[2026-08-21T03:22:16.588+0000] {logging_mixin.py:188} INFO - [2026-08-21T03:22:16.588+0000] {dag.py:3954} INFO - Setting next_dagrun for cell_kpi_hourly_anomaly_pipeline to 2025-05-31 17:00:00+00:00, run_after=2025-05-31 18:00:00+00:00
[2026-08-21T03:22:16.601+0000] {processor.py:183} INFO - Processing /opt/airflow/dags/cell_kpi_hourly_anomaly.py took 0.071 seconds
[2026-08-21T03:22:46.740+0000] {processor.py:161} INFO - Started process (PID=1039) to work on /opt/airflow/dags/cell_kpi_hourly_anomaly.py
[2026-08-21T03:22:46.741+0000] {processor.py:830} INFO - Processing file /opt/airflow/dags/cell_kpi_hourly_anomaly.py for tasks to queue
[2026-08-21T03:22:46.742+0000] {logging_mixin.py:188} INFO - [2026-08-21T03:22:46.742+0000] {dagbag.py:545} INFO - Filling up the DagBag from /opt/airflow/dags/cell_kpi_hourly_anomaly.py
[2026-08-21T03:22:46.767+0000] {processor.py:840} INFO - DAG(s) 'cell_kpi_hourly_anomaly_pipeline' retrieved from /opt/airflow/dags/cell_kpi_hourly_anomaly.py
[2026-08-21T03:22:46.784+0000] {logging_mixin.py:188} INFO - [2026-08-21T03:22:46.784+0000] {dag.py:3096} INFO - Sync 1 DAGs
[2026-08-21T03:22:46.805+0000] {logging_mixin.py:188} INFO - [2026-08-21T03:22:46.805+0000] {dag.py:3954} INFO - Setting next_dagrun for cell_kpi_hourly_anomaly_pipeline to 2025-05-31 17:00:00+00:00, run_after=2025-05-31 18:00:00+00:00
[2026-08-21T03:22:46.821+0000] {processor.py:183} INFO - Processing /opt/airflow/dags/cell_kpi_hourly_anomaly.py took 0.087 seconds
[2026-08-21T03:23:16.959+0000] {processor.py:161} INFO - Started process (PID=1049) to work on /opt/airflow/dags/cell_kpi_hourly_anomaly.py
[2026-08-21T03:23:16.960+0000] {processor.py:830} INFO - Processing file /opt/airflow/dags/cell_kpi_hourly_anomaly.py for tasks to queue
[2026-08-21T03:23:16.962+0000] {logging_mixin.py:188} INFO - [2026-08-21T03:23:16.961+0000] {dagbag.py:545} INFO - Filling up the DagBag from /opt/airflow/dags/cell_kpi_hourly_anomaly.py
[2026-08-21T03:23:16.991+0000] {processor.py:840} INFO - DAG(s) 'cell_kpi_hourly_anomaly_pipeline' retrieved from /opt/airflow/dags/cell_kpi_hourly_anomaly.py
[2026-08-21T03:23:17.004+0000] {logging_mixin.py:188} INFO - [2026-08-21T03:23:17.004+0000] {dag.py:3096} INFO - Sync 1 DAGs
[2026-08-21T03:23:17.021+0000] {logging_mixin.py:188} INFO - [2026-08-21T03:23:17.021+0000] {dag.py:3954} INFO - Setting next_dagrun for cell_kpi_hourly_anomaly_pipeline to 2025-05-31 17:00:00+00:00, run_after=2025-05-31 18:00:00+00:00
[2026-08-21T03:23:17.035+0000] {processor.py:183} INFO - Processing /opt/airflow/dags/cell_kpi_hourly_anomaly.py took 0.084 seconds
[2026-08-21T03:23:47.168+0000] {processor.py:161} INFO - Started process (PID=1059) to work on /opt/airflow/dags/cell_kpi_hourly_anomaly.py
[2026-08-21T03:23:47.169+0000] {processor.py:830} INFO - Processing file /opt/airflow/dags/cell_kpi_hourly_anomaly.py for tasks to queue
[2026-08-21T03:23:47.171+0000] {logging_mixin.py:188} INFO - [2026-08-21T03:23:47.171+0000] {dagbag.py:545} INFO - Filling up the DagBag from /opt/airflow/dags/cell_kpi_hourly_anomaly.py
[2026-08-21T03:23:47.197+0000] {processor.py:840} INFO - DAG(s) 'cell_kpi_hourly_anomaly_pipeline' retrieved from /opt/airflow/dags/cell_kpi_hourly_anomaly.py
[2026-08-21T03:23:47.210+0000] {logging_mixin.py:188} INFO - [2026-08-21T03:23:47.210+0000] {dag.py:3096} INFO - Sync 1 DAGs
[2026-08-21T03:23:47.229+0000] {logging_mixin.py:188} INFO - [2026-08-21T03:23:47.229+0000] {dag.py:3954} INFO - Setting next_dagrun for cell_kpi_hourly_anomaly_pipeline to 2025-05-31 17:00:00+00:00, run_after=2025-05-31 18:00:00+00:00
[2026-08-21T03:23:47.243+0000] {processor.py:183} INFO - Processing /opt/airflow/dags/cell_kpi_hourly_anomaly.py took 0.082 seconds
[2026-08-21T03:24:17.381+0000] {processor.py:161} INFO - Started process (PID=1069) to work on /opt/airflow/dags/cell_kpi_hourly_anomaly.py
[2026-08-21T03:24:17.382+0000] {processor.py:830} INFO - Processing file /opt/airflow/dags/cell_kpi_hourly_anomaly.py for tasks to queue
[2026-08-21T03:24:17.383+0000] {logging_mixin.py:188} INFO - [2026-08-21T03:24:17.383+0000] {dagbag.py:545} INFO - Filling up the DagBag from /opt/airflow/dags/cell_kpi_hourly_anomaly.py
[2026-08-21T03:24:17.403+0000] {processor.py:840} INFO - DAG(s) 'cell_kpi_hourly_anomaly_pipeline' retrieved from /opt/airflow/dags/cell_kpi_hourly_anomaly.py
[2026-08-21T03:24:17.415+0000] {logging_mixin.py:188} INFO - [2026-08-21T03:24:17.415+0000] {dag.py:3096} INFO - Sync 1 DAGs
[2026-08-21T03:24:17.432+0000] {logging_mixin.py:188} INFO - [2026-08-21T03:24:17.431+0000] {dag.py:3954} INFO - Setting next_dagrun for cell_kpi_hourly_anomaly_pipeline to 2025-05-31 17:00:00+00:00, run_after=2025-05-31 18:00:00+00:00
[2026-08-21T03:24:17.445+0000] {processor.py:183} INFO - Processing /opt/airflow/dags/cell_kpi_hourly_anomaly.py took 0.069 seconds
[2026-08-21T03:24:31.523+0000] {processor.py:161} INFO - Started process (PID=1079) to work on /opt/airflow/dags/cell_kpi_hourly_anomaly.py
[2026-08-21T03:24:31.524+0000] {processor.py:830} INFO - Processing file /opt/airflow/dags/cell_kpi_hourly_anomaly.py for tasks to queue
[2026-08-21T03:24:31.525+0000] {logging_mixin.py:188} INFO - [2026-08-21T03:24:31.525+0000] {dagbag.py:545} INFO - Filling up the DagBag from /opt/airflow/dags/cell_kpi_hourly_anomaly.py
[2026-08-21T03:24:31.546+0000] {processor.py:840} INFO - DAG(s) 'cell_kpi_hourly_anomaly_pipeline' retrieved from /opt/airflow/dags/cell_kpi_hourly_anomaly.py
[2026-08-21T03:24:31.558+0000] {logging_mixin.py:188} INFO - [2026-08-21T03:24:31.557+0000] {dag.py:3096} INFO - Sync 1 DAGs
[2026-08-21T03:24:31.575+0000] {logging_mixin.py:188} INFO - [2026-08-21T03:24:31.575+0000] {dag.py:3954} INFO - Setting next_dagrun for cell_kpi_hourly_anomaly_pipeline to 2025-05-31 17:00:00+00:00, run_after=2025-05-31 18:00:00+00:00
[2026-08-21T03:24:31.589+0000] {processor.py:183} INFO - Processing /opt/airflow/dags/cell_kpi_hourly_anomaly.py took 0.072 seconds
[2026-08-21T03:24:40.578+0000] {processor.py:161} INFO - Started process (PID=1084) to work on /opt/airflow/dags/cell_kpi_hourly_anomaly.py
[2026-08-21T03:24:40.579+0000] {processor.py:830} INFO - Processing file /opt/airflow/dags/cell_kpi_hourly_anomaly.py for tasks to queue
[2026-08-21T03:24:40.580+0000] {logging_mixin.py:188} INFO - [2026-08-21T03:24:40.580+0000] {dagbag.py:545} INFO - Filling up the DagBag from /opt/airflow/dags/cell_kpi_hourly_anomaly.py
[2026-08-21T03:24:40.601+0000] {logging_mixin.py:188} INFO - [2026-08-21T03:24:40.599+0000] {dagbag.py:355} ERROR - Failed to import: /opt/airflow/dags/cell_kpi_hourly_anomaly.py
Traceback (most recent call last):
  File "/home/airflow/.local/lib/python3.10/site-packages/airflow/models/dagbag.py", line 351, in parse
    loader.exec_module(new_module)
  File "<frozen importlib._bootstrap_external>", line 883, in exec_module
  File "<frozen importlib._bootstrap>", line 241, in _call_with_frames_removed
  File "/opt/airflow/dags/cell_kpi_hourly_anomaly.py", line 72, in <module>
    task_check_file >> task_ingest_hourly >> task_qc_silver >> task_anomaly_detect
NameError: name 'task_anomaly_detect' is not defined
[2026-08-21T03:24:40.601+0000] {processor.py:842} WARNING - No viable dags retrieved from /opt/airflow/dags/cell_kpi_hourly_anomaly.py
[2026-08-21T03:24:40.610+0000] {processor.py:183} INFO - Processing /opt/airflow/dags/cell_kpi_hourly_anomaly.py took 0.037 seconds
[2026-08-21T03:24:41.588+0000] {processor.py:161} INFO - Started process (PID=1089) to work on /opt/airflow/dags/cell_kpi_hourly_anomaly.py
[2026-08-21T03:24:41.588+0000] {processor.py:830} INFO - Processing file /opt/airflow/dags/cell_kpi_hourly_anomaly.py for tasks to queue
[2026-08-21T03:24:41.590+0000] {logging_mixin.py:188} INFO - [2026-08-21T03:24:41.589+0000] {dagbag.py:545} INFO - Filling up the DagBag from /opt/airflow/dags/cell_kpi_hourly_anomaly.py
[2026-08-21T03:24:41.608+0000] {logging_mixin.py:188} INFO - [2026-08-21T03:24:41.607+0000] {dagbag.py:355} ERROR - Failed to import: /opt/airflow/dags/cell_kpi_hourly_anomaly.py
Traceback (most recent call last):
  File "/home/airflow/.local/lib/python3.10/site-packages/airflow/models/dagbag.py", line 351, in parse
    loader.exec_module(new_module)
  File "<frozen importlib._bootstrap_external>", line 883, in exec_module
  File "<frozen importlib._bootstrap>", line 241, in _call_with_frames_removed
  File "/opt/airflow/dags/cell_kpi_hourly_anomaly.py", line 71, in <module>
    task_check_file >> task_ingest_hourly >> task_qc_silver >> task_anomaly_detect
NameError: name 'task_anomaly_detect' is not defined
[2026-08-21T03:24:41.608+0000] {processor.py:842} WARNING - No viable dags retrieved from /opt/airflow/dags/cell_kpi_hourly_anomaly.py
[2026-08-21T03:24:41.615+0000] {processor.py:183} INFO - Processing /opt/airflow/dags/cell_kpi_hourly_anomaly.py took 0.033 seconds
[2026-08-21T03:25:11.759+0000] {processor.py:161} INFO - Started process (PID=1099) to work on /opt/airflow/dags/cell_kpi_hourly_anomaly.py
[2026-08-21T03:25:11.760+0000] {processor.py:830} INFO - Processing file /opt/airflow/dags/cell_kpi_hourly_anomaly.py for tasks to queue
[2026-08-21T03:25:11.761+0000] {logging_mixin.py:188} INFO - [2026-08-21T03:25:11.761+0000] {dagbag.py:545} INFO - Filling up the DagBag from /opt/airflow/dags/cell_kpi_hourly_anomaly.py
[2026-08-21T03:25:11.779+0000] {logging_mixin.py:188} INFO - [2026-08-21T03:25:11.778+0000] {dagbag.py:355} ERROR - Failed to import: /opt/airflow/dags/cell_kpi_hourly_anomaly.py
Traceback (most recent call last):
  File "/home/airflow/.local/lib/python3.10/site-packages/airflow/models/dagbag.py", line 351, in parse
    loader.exec_module(new_module)
  File "<frozen importlib._bootstrap_external>", line 883, in exec_module
  File "<frozen importlib._bootstrap>", line 241, in _call_with_frames_removed
  File "/opt/airflow/dags/cell_kpi_hourly_anomaly.py", line 71, in <module>
    task_check_file >> task_ingest_hourly >> task_qc_silver >> task_anomaly_detect
NameError: name 'task_anomaly_detect' is not defined
[2026-08-21T03:25:11.779+0000] {processor.py:842} WARNING - No viable dags retrieved from /opt/airflow/dags/cell_kpi_hourly_anomaly.py
[2026-08-21T03:25:11.786+0000] {processor.py:183} INFO - Processing /opt/airflow/dags/cell_kpi_hourly_anomaly.py took 0.033 seconds
[2026-08-21T03:25:41.910+0000] {processor.py:161} INFO - Started process (PID=1109) to work on /opt/airflow/dags/cell_kpi_hourly_anomaly.py
[2026-08-21T03:25:41.911+0000] {processor.py:830} INFO - Processing file /opt/airflow/dags/cell_kpi_hourly_anomaly.py for tasks to queue
[2026-08-21T03:25:41.912+0000] {logging_mixin.py:188} INFO - [2026-08-21T03:25:41.912+0000] {dagbag.py:545} INFO - Filling up the DagBag from /opt/airflow/dags/cell_kpi_hourly_anomaly.py
[2026-08-21T03:25:41.929+0000] {logging_mixin.py:188} INFO - [2026-08-21T03:25:41.928+0000] {dagbag.py:355} ERROR - Failed to import: /opt/airflow/dags/cell_kpi_hourly_anomaly.py
Traceback (most recent call last):
  File "/home/airflow/.local/lib/python3.10/site-packages/airflow/models/dagbag.py", line 351, in parse
    loader.exec_module(new_module)
  File "<frozen importlib._bootstrap_external>", line 883, in exec_module
  File "<frozen importlib._bootstrap>", line 241, in _call_with_frames_removed
  File "/opt/airflow/dags/cell_kpi_hourly_anomaly.py", line 71, in <module>
    task_check_file >> task_ingest_hourly >> task_qc_silver >> task_anomaly_detect
NameError: name 'task_anomaly_detect' is not defined
[2026-08-21T03:25:41.929+0000] {processor.py:842} WARNING - No viable dags retrieved from /opt/airflow/dags/cell_kpi_hourly_anomaly.py
[2026-08-21T03:25:41.936+0000] {processor.py:183} INFO - Processing /opt/airflow/dags/cell_kpi_hourly_anomaly.py took 0.031 seconds
[2026-08-21T03:25:49.992+0000] {processor.py:161} INFO - Started process (PID=1119) to work on /opt/airflow/dags/cell_kpi_hourly_anomaly.py
[2026-08-21T03:25:49.992+0000] {processor.py:830} INFO - Processing file /opt/airflow/dags/cell_kpi_hourly_anomaly.py for tasks to queue
[2026-08-21T03:25:49.994+0000] {logging_mixin.py:188} INFO - [2026-08-21T03:25:49.994+0000] {dagbag.py:545} INFO - Filling up the DagBag from /opt/airflow/dags/cell_kpi_hourly_anomaly.py
[2026-08-21T03:25:50.014+0000] {logging_mixin.py:188} INFO - [2026-08-21T03:25:50.013+0000] {dagbag.py:355} ERROR - Failed to import: /opt/airflow/dags/cell_kpi_hourly_anomaly.py
Traceback (most recent call last):
  File "/home/airflow/.local/lib/python3.10/site-packages/airflow/models/dagbag.py", line 351, in parse
    loader.exec_module(new_module)
  File "<frozen importlib._bootstrap_external>", line 883, in exec_module
  File "<frozen importlib._bootstrap>", line 241, in _call_with_frames_removed
  File "/opt/airflow/dags/cell_kpi_hourly_anomaly.py", line 71, in <module>
    task_check_file >> task_ingest_hourly >> task_qc_silver >> task_anomaly_detect
NameError: name 'task_anomaly_detect' is not defined
[2026-08-21T03:25:50.014+0000] {processor.py:842} WARNING - No viable dags retrieved from /opt/airflow/dags/cell_kpi_hourly_anomaly.py
[2026-08-21T03:25:50.021+0000] {processor.py:183} INFO - Processing /opt/airflow/dags/cell_kpi_hourly_anomaly.py took 0.035 seconds
[2026-08-21T03:25:57.023+0000] {processor.py:161} INFO - Started process (PID=1124) to work on /opt/airflow/dags/cell_kpi_hourly_anomaly.py
[2026-08-21T03:25:57.024+0000] {processor.py:830} INFO - Processing file /opt/airflow/dags/cell_kpi_hourly_anomaly.py for tasks to queue
[2026-08-21T03:25:57.025+0000] {logging_mixin.py:188} INFO - [2026-08-21T03:25:57.025+0000] {dagbag.py:545} INFO - Filling up the DagBag from /opt/airflow/dags/cell_kpi_hourly_anomaly.py
[2026-08-21T03:25:57.047+0000] {processor.py:840} INFO - DAG(s) 'cell_kpi_hourly_anomaly_pipeline' retrieved from /opt/airflow/dags/cell_kpi_hourly_anomaly.py
[2026-08-21T03:25:57.133+0000] {logging_mixin.py:188} INFO - [2026-08-21T03:25:57.132+0000] {dag.py:3096} INFO - Sync 1 DAGs
[2026-08-21T03:25:57.152+0000] {logging_mixin.py:188} INFO - [2026-08-21T03:25:57.152+0000] {dag.py:3954} INFO - Setting next_dagrun for cell_kpi_hourly_anomaly_pipeline to 2025-05-31 17:00:00+00:00, run_after=2025-05-31 18:00:00+00:00
[2026-08-21T03:25:57.169+0000] {processor.py:183} INFO - Processing /opt/airflow/dags/cell_kpi_hourly_anomaly.py took 0.151 seconds
[2026-08-21T03:26:27.279+0000] {processor.py:161} INFO - Started process (PID=1134) to work on /opt/airflow/dags/cell_kpi_hourly_anomaly.py
[2026-08-21T03:26:27.280+0000] {processor.py:830} INFO - Processing file /opt/airflow/dags/cell_kpi_hourly_anomaly.py for tasks to queue
[2026-08-21T03:26:27.281+0000] {logging_mixin.py:188} INFO - [2026-08-21T03:26:27.281+0000] {dagbag.py:545} INFO - Filling up the DagBag from /opt/airflow/dags/cell_kpi_hourly_anomaly.py
[2026-08-21T03:26:27.302+0000] {processor.py:840} INFO - DAG(s) 'cell_kpi_hourly_anomaly_pipeline' retrieved from /opt/airflow/dags/cell_kpi_hourly_anomaly.py
[2026-08-21T03:26:27.313+0000] {logging_mixin.py:188} INFO - [2026-08-21T03:26:27.313+0000] {dag.py:3096} INFO - Sync 1 DAGs
[2026-08-21T03:26:27.334+0000] {logging_mixin.py:188} INFO - [2026-08-21T03:26:27.334+0000] {dag.py:3954} INFO - Setting next_dagrun for cell_kpi_hourly_anomaly_pipeline to 2025-05-31 17:00:00+00:00, run_after=2025-05-31 18:00:00+00:00
[2026-08-21T03:26:27.348+0000] {processor.py:183} INFO - Processing /opt/airflow/dags/cell_kpi_hourly_anomaly.py took 0.075 seconds
[2026-08-21T03:26:57.468+0000] {processor.py:161} INFO - Started process (PID=1144) to work on /opt/airflow/dags/cell_kpi_hourly_anomaly.py
[2026-08-21T03:26:57.468+0000] {processor.py:830} INFO - Processing file /opt/airflow/dags/cell_kpi_hourly_anomaly.py for tasks to queue
[2026-08-21T03:26:57.470+0000] {logging_mixin.py:188} INFO - [2026-08-21T03:26:57.470+0000] {dagbag.py:545} INFO - Filling up the DagBag from /opt/airflow/dags/cell_kpi_hourly_anomaly.py
[2026-08-21T03:26:57.493+0000] {processor.py:840} INFO - DAG(s) 'cell_kpi_hourly_anomaly_pipeline' retrieved from /opt/airflow/dags/cell_kpi_hourly_anomaly.py
[2026-08-21T03:26:57.505+0000] {logging_mixin.py:188} INFO - [2026-08-21T03:26:57.505+0000] {dag.py:3096} INFO - Sync 1 DAGs
[2026-08-21T03:26:57.521+0000] {logging_mixin.py:188} INFO - [2026-08-21T03:26:57.521+0000] {dag.py:3954} INFO - Setting next_dagrun for cell_kpi_hourly_anomaly_pipeline to 2025-05-31 17:00:00+00:00, run_after=2025-05-31 18:00:00+00:00
[2026-08-21T03:26:57.535+0000] {processor.py:183} INFO - Processing /opt/airflow/dags/cell_kpi_hourly_anomaly.py took 0.075 seconds
[2026-08-21T03:27:27.636+0000] {processor.py:161} INFO - Started process (PID=1154) to work on /opt/airflow/dags/cell_kpi_hourly_anomaly.py
[2026-08-21T03:27:27.636+0000] {processor.py:830} INFO - Processing file /opt/airflow/dags/cell_kpi_hourly_anomaly.py for tasks to queue
[2026-08-21T03:27:27.637+0000] {logging_mixin.py:188} INFO - [2026-08-21T03:27:27.637+0000] {dagbag.py:545} INFO - Filling up the DagBag from /opt/airflow/dags/cell_kpi_hourly_anomaly.py
[2026-08-21T03:27:27.658+0000] {processor.py:840} INFO - DAG(s) 'cell_kpi_hourly_anomaly_pipeline' retrieved from /opt/airflow/dags/cell_kpi_hourly_anomaly.py
[2026-08-21T03:27:27.673+0000] {logging_mixin.py:188} INFO - [2026-08-21T03:27:27.673+0000] {dag.py:3096} INFO - Sync 1 DAGs
[2026-08-21T03:27:27.691+0000] {logging_mixin.py:188} INFO - [2026-08-21T03:27:27.691+0000] {dag.py:3954} INFO - Setting next_dagrun for cell_kpi_hourly_anomaly_pipeline to 2025-05-31 17:00:00+00:00, run_after=2025-05-31 18:00:00+00:00
[2026-08-21T03:27:27.704+0000] {processor.py:183} INFO - Processing /opt/airflow/dags/cell_kpi_hourly_anomaly.py took 0.074 seconds
[2026-08-21T03:27:57.879+0000] {processor.py:161} INFO - Started process (PID=1275) to work on /opt/airflow/dags/cell_kpi_hourly_anomaly.py
[2026-08-21T03:27:57.884+0000] {processor.py:830} INFO - Processing file /opt/airflow/dags/cell_kpi_hourly_anomaly.py for tasks to queue
[2026-08-21T03:27:57.890+0000] {logging_mixin.py:188} INFO - [2026-08-21T03:27:57.887+0000] {dagbag.py:545} INFO - Filling up the DagBag from /opt/airflow/dags/cell_kpi_hourly_anomaly.py
[2026-08-21T03:27:57.932+0000] {processor.py:840} INFO - DAG(s) 'cell_kpi_hourly_anomaly_pipeline' retrieved from /opt/airflow/dags/cell_kpi_hourly_anomaly.py
[2026-08-21T03:27:57.951+0000] {logging_mixin.py:188} INFO - [2026-08-21T03:27:57.951+0000] {dag.py:3096} INFO - Sync 1 DAGs
[2026-08-21T03:27:58.000+0000] {processor.py:183} INFO - Processing /opt/airflow/dags/cell_kpi_hourly_anomaly.py took 0.138 seconds
[2026-08-21T03:28:28.111+0000] {processor.py:161} INFO - Started process (PID=1301) to work on /opt/airflow/dags/cell_kpi_hourly_anomaly.py
[2026-08-21T03:28:28.112+0000] {processor.py:830} INFO - Processing file /opt/airflow/dags/cell_kpi_hourly_anomaly.py for tasks to queue
[2026-08-21T03:28:28.113+0000] {logging_mixin.py:188} INFO - [2026-08-21T03:28:28.113+0000] {dagbag.py:545} INFO - Filling up the DagBag from /opt/airflow/dags/cell_kpi_hourly_anomaly.py
[2026-08-21T03:28:28.134+0000] {processor.py:840} INFO - DAG(s) 'cell_kpi_hourly_anomaly_pipeline' retrieved from /opt/airflow/dags/cell_kpi_hourly_anomaly.py
[2026-08-21T03:28:28.145+0000] {logging_mixin.py:188} INFO - [2026-08-21T03:28:28.145+0000] {dag.py:3096} INFO - Sync 1 DAGs
[2026-08-21T03:28:28.180+0000] {processor.py:183} INFO - Processing /opt/airflow/dags/cell_kpi_hourly_anomaly.py took 0.074 seconds
[2026-08-21T03:28:58.290+0000] {processor.py:161} INFO - Started process (PID=1311) to work on /opt/airflow/dags/cell_kpi_hourly_anomaly.py
[2026-08-21T03:28:58.291+0000] {processor.py:830} INFO - Processing file /opt/airflow/dags/cell_kpi_hourly_anomaly.py for tasks to queue
[2026-08-21T03:28:58.293+0000] {logging_mixin.py:188} INFO - [2026-08-21T03:28:58.292+0000] {dagbag.py:545} INFO - Filling up the DagBag from /opt/airflow/dags/cell_kpi_hourly_anomaly.py
[2026-08-21T03:28:58.313+0000] {processor.py:840} INFO - DAG(s) 'cell_kpi_hourly_anomaly_pipeline' retrieved from /opt/airflow/dags/cell_kpi_hourly_anomaly.py
[2026-08-21T03:28:58.324+0000] {logging_mixin.py:188} INFO - [2026-08-21T03:28:58.324+0000] {dag.py:3096} INFO - Sync 1 DAGs
[2026-08-21T03:28:58.352+0000] {processor.py:183} INFO - Processing /opt/airflow/dags/cell_kpi_hourly_anomaly.py took 0.067 seconds
[2026-08-21T03:29:28.472+0000] {processor.py:161} INFO - Started process (PID=1321) to work on /opt/airflow/dags/cell_kpi_hourly_anomaly.py
[2026-08-21T03:29:28.473+0000] {processor.py:830} INFO - Processing file /opt/airflow/dags/cell_kpi_hourly_anomaly.py for tasks to queue
[2026-08-21T03:29:28.474+0000] {logging_mixin.py:188} INFO - [2026-08-21T03:29:28.474+0000] {dagbag.py:545} INFO - Filling up the DagBag from /opt/airflow/dags/cell_kpi_hourly_anomaly.py
[2026-08-21T03:29:28.495+0000] {processor.py:840} INFO - DAG(s) 'cell_kpi_hourly_anomaly_pipeline' retrieved from /opt/airflow/dags/cell_kpi_hourly_anomaly.py
[2026-08-21T03:29:28.507+0000] {logging_mixin.py:188} INFO - [2026-08-21T03:29:28.507+0000] {dag.py:3096} INFO - Sync 1 DAGs
[2026-08-21T03:29:28.535+0000] {processor.py:183} INFO - Processing /opt/airflow/dags/cell_kpi_hourly_anomaly.py took 0.070 seconds
[2026-08-21T03:29:58.638+0000] {processor.py:161} INFO - Started process (PID=1331) to work on /opt/airflow/dags/cell_kpi_hourly_anomaly.py
[2026-08-21T03:29:58.639+0000] {processor.py:830} INFO - Processing file /opt/airflow/dags/cell_kpi_hourly_anomaly.py for tasks to queue
[2026-08-21T03:29:58.640+0000] {logging_mixin.py:188} INFO - [2026-08-21T03:29:58.640+0000] {dagbag.py:545} INFO - Filling up the DagBag from /opt/airflow/dags/cell_kpi_hourly_anomaly.py
[2026-08-21T03:29:58.662+0000] {processor.py:840} INFO - DAG(s) 'cell_kpi_hourly_anomaly_pipeline' retrieved from /opt/airflow/dags/cell_kpi_hourly_anomaly.py
[2026-08-21T03:29:58.677+0000] {logging_mixin.py:188} INFO - [2026-08-21T03:29:58.677+0000] {dag.py:3096} INFO - Sync 1 DAGs
[2026-08-21T03:29:58.705+0000] {processor.py:183} INFO - Processing /opt/airflow/dags/cell_kpi_hourly_anomaly.py took 0.072 seconds
[2026-08-21T03:30:28.813+0000] {processor.py:161} INFO - Started process (PID=1341) to work on /opt/airflow/dags/cell_kpi_hourly_anomaly.py
[2026-08-21T03:30:28.813+0000] {processor.py:830} INFO - Processing file /opt/airflow/dags/cell_kpi_hourly_anomaly.py for tasks to queue
[2026-08-21T03:30:28.815+0000] {logging_mixin.py:188} INFO - [2026-08-21T03:30:28.814+0000] {dagbag.py:545} INFO - Filling up the DagBag from /opt/airflow/dags/cell_kpi_hourly_anomaly.py
[2026-08-21T03:30:28.835+0000] {processor.py:840} INFO - DAG(s) 'cell_kpi_hourly_anomaly_pipeline' retrieved from /opt/airflow/dags/cell_kpi_hourly_anomaly.py
[2026-08-21T03:30:28.846+0000] {logging_mixin.py:188} INFO - [2026-08-21T03:30:28.846+0000] {dag.py:3096} INFO - Sync 1 DAGs
[2026-08-21T03:30:28.877+0000] {processor.py:183} INFO - Processing /opt/airflow/dags/cell_kpi_hourly_anomaly.py took 0.070 seconds
[2026-08-21T03:30:58.987+0000] {processor.py:161} INFO - Started process (PID=1351) to work on /opt/airflow/dags/cell_kpi_hourly_anomaly.py
[2026-08-21T03:30:58.988+0000] {processor.py:830} INFO - Processing file /opt/airflow/dags/cell_kpi_hourly_anomaly.py for tasks to queue
[2026-08-21T03:30:58.989+0000] {logging_mixin.py:188} INFO - [2026-08-21T03:30:58.989+0000] {dagbag.py:545} INFO - Filling up the DagBag from /opt/airflow/dags/cell_kpi_hourly_anomaly.py
[2026-08-21T03:30:59.009+0000] {processor.py:840} INFO - DAG(s) 'cell_kpi_hourly_anomaly_pipeline' retrieved from /opt/airflow/dags/cell_kpi_hourly_anomaly.py
[2026-08-21T03:30:59.021+0000] {logging_mixin.py:188} INFO - [2026-08-21T03:30:59.021+0000] {dag.py:3096} INFO - Sync 1 DAGs
[2026-08-21T03:30:59.055+0000] {processor.py:183} INFO - Processing /opt/airflow/dags/cell_kpi_hourly_anomaly.py took 0.074 seconds
[2026-08-21T03:31:29.178+0000] {processor.py:161} INFO - Started process (PID=1361) to work on /opt/airflow/dags/cell_kpi_hourly_anomaly.py
[2026-08-21T03:31:29.179+0000] {processor.py:830} INFO - Processing file /opt/airflow/dags/cell_kpi_hourly_anomaly.py for tasks to queue
[2026-08-21T03:31:29.180+0000] {logging_mixin.py:188} INFO - [2026-08-21T03:31:29.180+0000] {dagbag.py:545} INFO - Filling up the DagBag from /opt/airflow/dags/cell_kpi_hourly_anomaly.py
[2026-08-21T03:31:29.200+0000] {processor.py:840} INFO - DAG(s) 'cell_kpi_hourly_anomaly_pipeline' retrieved from /opt/airflow/dags/cell_kpi_hourly_anomaly.py
[2026-08-21T03:31:29.213+0000] {logging_mixin.py:188} INFO - [2026-08-21T03:31:29.213+0000] {dag.py:3096} INFO - Sync 1 DAGs
[2026-08-21T03:31:29.242+0000] {processor.py:183} INFO - Processing /opt/airflow/dags/cell_kpi_hourly_anomaly.py took 0.070 seconds
[2026-08-21T03:31:59.351+0000] {processor.py:161} INFO - Started process (PID=1371) to work on /opt/airflow/dags/cell_kpi_hourly_anomaly.py
[2026-08-21T03:31:59.351+0000] {processor.py:830} INFO - Processing file /opt/airflow/dags/cell_kpi_hourly_anomaly.py for tasks to queue
[2026-08-21T03:31:59.353+0000] {logging_mixin.py:188} INFO - [2026-08-21T03:31:59.352+0000] {dagbag.py:545} INFO - Filling up the DagBag from /opt/airflow/dags/cell_kpi_hourly_anomaly.py
[2026-08-21T03:31:59.376+0000] {processor.py:840} INFO - DAG(s) 'cell_kpi_hourly_anomaly_pipeline' retrieved from /opt/airflow/dags/cell_kpi_hourly_anomaly.py
[2026-08-21T03:31:59.388+0000] {logging_mixin.py:188} INFO - [2026-08-21T03:31:59.388+0000] {dag.py:3096} INFO - Sync 1 DAGs
[2026-08-21T03:31:59.418+0000] {processor.py:183} INFO - Processing /opt/airflow/dags/cell_kpi_hourly_anomaly.py took 0.072 seconds
[2026-08-21T03:32:29.530+0000] {processor.py:161} INFO - Started process (PID=1381) to work on /opt/airflow/dags/cell_kpi_hourly_anomaly.py
[2026-08-21T03:32:29.531+0000] {processor.py:830} INFO - Processing file /opt/airflow/dags/cell_kpi_hourly_anomaly.py for tasks to queue
[2026-08-21T03:32:29.532+0000] {logging_mixin.py:188} INFO - [2026-08-21T03:32:29.532+0000] {dagbag.py:545} INFO - Filling up the DagBag from /opt/airflow/dags/cell_kpi_hourly_anomaly.py
[2026-08-21T03:32:29.556+0000] {processor.py:840} INFO - DAG(s) 'cell_kpi_hourly_anomaly_pipeline' retrieved from /opt/airflow/dags/cell_kpi_hourly_anomaly.py
[2026-08-21T03:32:29.568+0000] {logging_mixin.py:188} INFO - [2026-08-21T03:32:29.567+0000] {dag.py:3096} INFO - Sync 1 DAGs
[2026-08-21T03:32:29.596+0000] {processor.py:183} INFO - Processing /opt/airflow/dags/cell_kpi_hourly_anomaly.py took 0.072 seconds
[2026-08-21T03:32:59.708+0000] {processor.py:161} INFO - Started process (PID=1391) to work on /opt/airflow/dags/cell_kpi_hourly_anomaly.py
[2026-08-21T03:32:59.708+0000] {processor.py:830} INFO - Processing file /opt/airflow/dags/cell_kpi_hourly_anomaly.py for tasks to queue
[2026-08-21T03:32:59.710+0000] {logging_mixin.py:188} INFO - [2026-08-21T03:32:59.709+0000] {dagbag.py:545} INFO - Filling up the DagBag from /opt/airflow/dags/cell_kpi_hourly_anomaly.py
[2026-08-21T03:32:59.734+0000] {processor.py:840} INFO - DAG(s) 'cell_kpi_hourly_anomaly_pipeline' retrieved from /opt/airflow/dags/cell_kpi_hourly_anomaly.py
[2026-08-21T03:32:59.747+0000] {logging_mixin.py:188} INFO - [2026-08-21T03:32:59.747+0000] {dag.py:3096} INFO - Sync 1 DAGs
[2026-08-21T03:32:59.777+0000] {processor.py:183} INFO - Processing /opt/airflow/dags/cell_kpi_hourly_anomaly.py took 0.074 seconds
[2026-08-21T03:33:29.883+0000] {processor.py:161} INFO - Started process (PID=1401) to work on /opt/airflow/dags/cell_kpi_hourly_anomaly.py
[2026-08-21T03:33:29.884+0000] {processor.py:830} INFO - Processing file /opt/airflow/dags/cell_kpi_hourly_anomaly.py for tasks to queue
[2026-08-21T03:33:29.885+0000] {logging_mixin.py:188} INFO - [2026-08-21T03:33:29.885+0000] {dagbag.py:545} INFO - Filling up the DagBag from /opt/airflow/dags/cell_kpi_hourly_anomaly.py
[2026-08-21T03:33:29.908+0000] {processor.py:840} INFO - DAG(s) 'cell_kpi_hourly_anomaly_pipeline' retrieved from /opt/airflow/dags/cell_kpi_hourly_anomaly.py
[2026-08-21T03:33:29.920+0000] {logging_mixin.py:188} INFO - [2026-08-21T03:33:29.920+0000] {dag.py:3096} INFO - Sync 1 DAGs
[2026-08-21T03:33:29.959+0000] {processor.py:183} INFO - Processing /opt/airflow/dags/cell_kpi_hourly_anomaly.py took 0.081 seconds
[2026-08-21T03:34:00.088+0000] {processor.py:161} INFO - Started process (PID=1411) to work on /opt/airflow/dags/cell_kpi_hourly_anomaly.py
[2026-08-21T03:34:00.089+0000] {processor.py:830} INFO - Processing file /opt/airflow/dags/cell_kpi_hourly_anomaly.py for tasks to queue
[2026-08-21T03:34:00.090+0000] {logging_mixin.py:188} INFO - [2026-08-21T03:34:00.090+0000] {dagbag.py:545} INFO - Filling up the DagBag from /opt/airflow/dags/cell_kpi_hourly_anomaly.py
[2026-08-21T03:34:00.111+0000] {processor.py:840} INFO - DAG(s) 'cell_kpi_hourly_anomaly_pipeline' retrieved from /opt/airflow/dags/cell_kpi_hourly_anomaly.py
[2026-08-21T03:34:00.122+0000] {logging_mixin.py:188} INFO - [2026-08-21T03:34:00.122+0000] {dag.py:3096} INFO - Sync 1 DAGs
[2026-08-21T03:34:00.143+0000] {logging_mixin.py:188} INFO - [2026-08-21T03:34:00.142+0000] {dag.py:3954} INFO - Setting next_dagrun for cell_kpi_hourly_anomaly_pipeline to 2025-05-31 17:00:00+00:00, run_after=2025-05-31 18:00:00+00:00
[2026-08-21T03:34:00.157+0000] {processor.py:183} INFO - Processing /opt/airflow/dags/cell_kpi_hourly_anomaly.py took 0.074 seconds
[2026-08-21T03:34:30.270+0000] {processor.py:161} INFO - Started process (PID=1421) to work on /opt/airflow/dags/cell_kpi_hourly_anomaly.py
[2026-08-21T03:34:30.271+0000] {processor.py:830} INFO - Processing file /opt/airflow/dags/cell_kpi_hourly_anomaly.py for tasks to queue
[2026-08-21T03:34:30.273+0000] {logging_mixin.py:188} INFO - [2026-08-21T03:34:30.272+0000] {dagbag.py:545} INFO - Filling up the DagBag from /opt/airflow/dags/cell_kpi_hourly_anomaly.py
[2026-08-21T03:34:30.294+0000] {processor.py:840} INFO - DAG(s) 'cell_kpi_hourly_anomaly_pipeline' retrieved from /opt/airflow/dags/cell_kpi_hourly_anomaly.py
[2026-08-21T03:34:30.306+0000] {logging_mixin.py:188} INFO - [2026-08-21T03:34:30.306+0000] {dag.py:3096} INFO - Sync 1 DAGs
[2026-08-21T03:34:30.322+0000] {logging_mixin.py:188} INFO - [2026-08-21T03:34:30.322+0000] {dag.py:3954} INFO - Setting next_dagrun for cell_kpi_hourly_anomaly_pipeline to 2025-05-31 17:00:00+00:00, run_after=2025-05-31 18:00:00+00:00
[2026-08-21T03:34:30.336+0000] {processor.py:183} INFO - Processing /opt/airflow/dags/cell_kpi_hourly_anomaly.py took 0.074 seconds
[2026-08-21T03:35:00.453+0000] {processor.py:161} INFO - Started process (PID=1431) to work on /opt/airflow/dags/cell_kpi_hourly_anomaly.py
[2026-08-21T03:35:00.454+0000] {processor.py:830} INFO - Processing file /opt/airflow/dags/cell_kpi_hourly_anomaly.py for tasks to queue
[2026-08-21T03:35:00.455+0000] {logging_mixin.py:188} INFO - [2026-08-21T03:35:00.455+0000] {dagbag.py:545} INFO - Filling up the DagBag from /opt/airflow/dags/cell_kpi_hourly_anomaly.py
[2026-08-21T03:35:00.477+0000] {processor.py:840} INFO - DAG(s) 'cell_kpi_hourly_anomaly_pipeline' retrieved from /opt/airflow/dags/cell_kpi_hourly_anomaly.py
[2026-08-21T03:35:00.488+0000] {logging_mixin.py:188} INFO - [2026-08-21T03:35:00.488+0000] {dag.py:3096} INFO - Sync 1 DAGs
[2026-08-21T03:35:00.504+0000] {logging_mixin.py:188} INFO - [2026-08-21T03:35:00.504+0000] {dag.py:3954} INFO - Setting next_dagrun for cell_kpi_hourly_anomaly_pipeline to 2025-05-31 17:00:00+00:00, run_after=2025-05-31 18:00:00+00:00
[2026-08-21T03:35:00.518+0000] {processor.py:183} INFO - Processing /opt/airflow/dags/cell_kpi_hourly_anomaly.py took 0.070 seconds
[2026-08-21T03:35:30.625+0000] {processor.py:161} INFO - Started process (PID=1441) to work on /opt/airflow/dags/cell_kpi_hourly_anomaly.py
[2026-08-21T03:35:30.626+0000] {processor.py:830} INFO - Processing file /opt/airflow/dags/cell_kpi_hourly_anomaly.py for tasks to queue
[2026-08-21T03:35:30.627+0000] {logging_mixin.py:188} INFO - [2026-08-21T03:35:30.627+0000] {dagbag.py:545} INFO - Filling up the DagBag from /opt/airflow/dags/cell_kpi_hourly_anomaly.py
[2026-08-21T03:35:30.647+0000] {processor.py:840} INFO - DAG(s) 'cell_kpi_hourly_anomaly_pipeline' retrieved from /opt/airflow/dags/cell_kpi_hourly_anomaly.py
[2026-08-21T03:35:30.659+0000] {logging_mixin.py:188} INFO - [2026-08-21T03:35:30.659+0000] {dag.py:3096} INFO - Sync 1 DAGs
[2026-08-21T03:35:30.679+0000] {logging_mixin.py:188} INFO - [2026-08-21T03:35:30.678+0000] {dag.py:3954} INFO - Setting next_dagrun for cell_kpi_hourly_anomaly_pipeline to 2025-05-31 17:00:00+00:00, run_after=2025-05-31 18:00:00+00:00
[2026-08-21T03:35:30.693+0000] {processor.py:183} INFO - Processing /opt/airflow/dags/cell_kpi_hourly_anomaly.py took 0.073 seconds
[2026-08-21T03:36:00.827+0000] {processor.py:161} INFO - Started process (PID=1575) to work on /opt/airflow/dags/cell_kpi_hourly_anomaly.py
[2026-08-21T03:36:00.828+0000] {processor.py:830} INFO - Processing file /opt/airflow/dags/cell_kpi_hourly_anomaly.py for tasks to queue
[2026-08-21T03:36:00.830+0000] {logging_mixin.py:188} INFO - [2026-08-21T03:36:00.829+0000] {dagbag.py:545} INFO - Filling up the DagBag from /opt/airflow/dags/cell_kpi_hourly_anomaly.py
[2026-08-21T03:36:00.851+0000] {processor.py:840} INFO - DAG(s) 'cell_kpi_hourly_anomaly_pipeline' retrieved from /opt/airflow/dags/cell_kpi_hourly_anomaly.py
[2026-08-21T03:36:00.865+0000] {logging_mixin.py:188} INFO - [2026-08-21T03:36:00.864+0000] {dag.py:3096} INFO - Sync 1 DAGs
[2026-08-21T03:36:00.897+0000] {processor.py:183} INFO - Processing /opt/airflow/dags/cell_kpi_hourly_anomaly.py took 0.075 seconds
[2026-08-21T03:36:31.021+0000] {processor.py:161} INFO - Started process (PID=1585) to work on /opt/airflow/dags/cell_kpi_hourly_anomaly.py
[2026-08-21T03:36:31.022+0000] {processor.py:830} INFO - Processing file /opt/airflow/dags/cell_kpi_hourly_anomaly.py for tasks to queue
[2026-08-21T03:36:31.023+0000] {logging_mixin.py:188} INFO - [2026-08-21T03:36:31.023+0000] {dagbag.py:545} INFO - Filling up the DagBag from /opt/airflow/dags/cell_kpi_hourly_anomaly.py
[2026-08-21T03:36:31.043+0000] {processor.py:840} INFO - DAG(s) 'cell_kpi_hourly_anomaly_pipeline' retrieved from /opt/airflow/dags/cell_kpi_hourly_anomaly.py
[2026-08-21T03:36:31.054+0000] {logging_mixin.py:188} INFO - [2026-08-21T03:36:31.054+0000] {dag.py:3096} INFO - Sync 1 DAGs
[2026-08-21T03:36:31.086+0000] {processor.py:183} INFO - Processing /opt/airflow/dags/cell_kpi_hourly_anomaly.py took 0.070 seconds
[2026-08-21T03:37:01.196+0000] {processor.py:161} INFO - Started process (PID=1595) to work on /opt/airflow/dags/cell_kpi_hourly_anomaly.py
[2026-08-21T03:37:01.196+0000] {processor.py:830} INFO - Processing file /opt/airflow/dags/cell_kpi_hourly_anomaly.py for tasks to queue
[2026-08-21T03:37:01.198+0000] {logging_mixin.py:188} INFO - [2026-08-21T03:37:01.197+0000] {dagbag.py:545} INFO - Filling up the DagBag from /opt/airflow/dags/cell_kpi_hourly_anomaly.py
[2026-08-21T03:37:01.221+0000] {processor.py:840} INFO - DAG(s) 'cell_kpi_hourly_anomaly_pipeline' retrieved from /opt/airflow/dags/cell_kpi_hourly_anomaly.py
[2026-08-21T03:37:01.234+0000] {logging_mixin.py:188} INFO - [2026-08-21T03:37:01.233+0000] {dag.py:3096} INFO - Sync 1 DAGs
[2026-08-21T03:37:01.271+0000] {processor.py:183} INFO - Processing /opt/airflow/dags/cell_kpi_hourly_anomaly.py took 0.080 seconds
[2026-08-21T03:37:31.391+0000] {processor.py:161} INFO - Started process (PID=1605) to work on /opt/airflow/dags/cell_kpi_hourly_anomaly.py
[2026-08-21T03:37:31.392+0000] {processor.py:830} INFO - Processing file /opt/airflow/dags/cell_kpi_hourly_anomaly.py for tasks to queue
[2026-08-21T03:37:31.393+0000] {logging_mixin.py:188} INFO - [2026-08-21T03:37:31.393+0000] {dagbag.py:545} INFO - Filling up the DagBag from /opt/airflow/dags/cell_kpi_hourly_anomaly.py
[2026-08-21T03:37:31.413+0000] {processor.py:840} INFO - DAG(s) 'cell_kpi_hourly_anomaly_pipeline' retrieved from /opt/airflow/dags/cell_kpi_hourly_anomaly.py
[2026-08-21T03:37:31.425+0000] {logging_mixin.py:188} INFO - [2026-08-21T03:37:31.425+0000] {dag.py:3096} INFO - Sync 1 DAGs
[2026-08-21T03:37:31.454+0000] {processor.py:183} INFO - Processing /opt/airflow/dags/cell_kpi_hourly_anomaly.py took 0.068 seconds
[2026-08-21T03:38:01.579+0000] {processor.py:161} INFO - Started process (PID=1615) to work on /opt/airflow/dags/cell_kpi_hourly_anomaly.py
[2026-08-21T03:38:01.579+0000] {processor.py:830} INFO - Processing file /opt/airflow/dags/cell_kpi_hourly_anomaly.py for tasks to queue
[2026-08-21T03:38:01.581+0000] {logging_mixin.py:188} INFO - [2026-08-21T03:38:01.581+0000] {dagbag.py:545} INFO - Filling up the DagBag from /opt/airflow/dags/cell_kpi_hourly_anomaly.py
[2026-08-21T03:38:01.603+0000] {processor.py:840} INFO - DAG(s) 'cell_kpi_hourly_anomaly_pipeline' retrieved from /opt/airflow/dags/cell_kpi_hourly_anomaly.py
[2026-08-21T03:38:01.616+0000] {logging_mixin.py:188} INFO - [2026-08-21T03:38:01.615+0000] {dag.py:3096} INFO - Sync 1 DAGs
[2026-08-21T03:38:01.644+0000] {processor.py:183} INFO - Processing /opt/airflow/dags/cell_kpi_hourly_anomaly.py took 0.070 seconds
[2026-08-21T03:38:31.755+0000] {processor.py:161} INFO - Started process (PID=1625) to work on /opt/airflow/dags/cell_kpi_hourly_anomaly.py
[2026-08-21T03:38:31.756+0000] {processor.py:830} INFO - Processing file /opt/airflow/dags/cell_kpi_hourly_anomaly.py for tasks to queue
[2026-08-21T03:38:31.757+0000] {logging_mixin.py:188} INFO - [2026-08-21T03:38:31.757+0000] {dagbag.py:545} INFO - Filling up the DagBag from /opt/airflow/dags/cell_kpi_hourly_anomaly.py
[2026-08-21T03:38:31.780+0000] {processor.py:840} INFO - DAG(s) 'cell_kpi_hourly_anomaly_pipeline' retrieved from /opt/airflow/dags/cell_kpi_hourly_anomaly.py
[2026-08-21T03:38:31.791+0000] {logging_mixin.py:188} INFO - [2026-08-21T03:38:31.791+0000] {dag.py:3096} INFO - Sync 1 DAGs
[2026-08-21T03:38:31.820+0000] {processor.py:183} INFO - Processing /opt/airflow/dags/cell_kpi_hourly_anomaly.py took 0.071 seconds
[2026-08-21T03:39:01.926+0000] {processor.py:161} INFO - Started process (PID=1635) to work on /opt/airflow/dags/cell_kpi_hourly_anomaly.py
[2026-08-21T03:39:01.927+0000] {processor.py:830} INFO - Processing file /opt/airflow/dags/cell_kpi_hourly_anomaly.py for tasks to queue
[2026-08-21T03:39:01.928+0000] {logging_mixin.py:188} INFO - [2026-08-21T03:39:01.928+0000] {dagbag.py:545} INFO - Filling up the DagBag from /opt/airflow/dags/cell_kpi_hourly_anomaly.py
[2026-08-21T03:39:01.949+0000] {processor.py:840} INFO - DAG(s) 'cell_kpi_hourly_anomaly_pipeline' retrieved from /opt/airflow/dags/cell_kpi_hourly_anomaly.py
[2026-08-21T03:39:01.960+0000] {logging_mixin.py:188} INFO - [2026-08-21T03:39:01.960+0000] {dag.py:3096} INFO - Sync 1 DAGs
[2026-08-21T03:39:01.989+0000] {processor.py:183} INFO - Processing /opt/airflow/dags/cell_kpi_hourly_anomaly.py took 0.069 seconds
[2026-08-21T03:39:32.108+0000] {processor.py:161} INFO - Started process (PID=1645) to work on /opt/airflow/dags/cell_kpi_hourly_anomaly.py
[2026-08-21T03:39:32.108+0000] {processor.py:830} INFO - Processing file /opt/airflow/dags/cell_kpi_hourly_anomaly.py for tasks to queue
[2026-08-21T03:39:32.110+0000] {logging_mixin.py:188} INFO - [2026-08-21T03:39:32.109+0000] {dagbag.py:545} INFO - Filling up the DagBag from /opt/airflow/dags/cell_kpi_hourly_anomaly.py
[2026-08-21T03:39:32.131+0000] {processor.py:840} INFO - DAG(s) 'cell_kpi_hourly_anomaly_pipeline' retrieved from /opt/airflow/dags/cell_kpi_hourly_anomaly.py
[2026-08-21T03:39:32.145+0000] {logging_mixin.py:188} INFO - [2026-08-21T03:39:32.144+0000] {dag.py:3096} INFO - Sync 1 DAGs
[2026-08-21T03:39:32.177+0000] {processor.py:183} INFO - Processing /opt/airflow/dags/cell_kpi_hourly_anomaly.py took 0.075 seconds
[2026-08-21T03:40:02.281+0000] {processor.py:161} INFO - Started process (PID=1655) to work on /opt/airflow/dags/cell_kpi_hourly_anomaly.py
[2026-08-21T03:40:02.282+0000] {processor.py:830} INFO - Processing file /opt/airflow/dags/cell_kpi_hourly_anomaly.py for tasks to queue
[2026-08-21T03:40:02.283+0000] {logging_mixin.py:188} INFO - [2026-08-21T03:40:02.283+0000] {dagbag.py:545} INFO - Filling up the DagBag from /opt/airflow/dags/cell_kpi_hourly_anomaly.py
[2026-08-21T03:40:02.306+0000] {processor.py:840} INFO - DAG(s) 'cell_kpi_hourly_anomaly_pipeline' retrieved from /opt/airflow/dags/cell_kpi_hourly_anomaly.py
[2026-08-21T03:40:02.318+0000] {logging_mixin.py:188} INFO - [2026-08-21T03:40:02.318+0000] {dag.py:3096} INFO - Sync 1 DAGs
[2026-08-21T03:40:02.347+0000] {processor.py:183} INFO - Processing /opt/airflow/dags/cell_kpi_hourly_anomaly.py took 0.072 seconds
[2026-08-21T03:40:32.477+0000] {processor.py:161} INFO - Started process (PID=1665) to work on /opt/airflow/dags/cell_kpi_hourly_anomaly.py
[2026-08-21T03:40:32.478+0000] {processor.py:830} INFO - Processing file /opt/airflow/dags/cell_kpi_hourly_anomaly.py for tasks to queue
[2026-08-21T03:40:32.479+0000] {logging_mixin.py:188} INFO - [2026-08-21T03:40:32.479+0000] {dagbag.py:545} INFO - Filling up the DagBag from /opt/airflow/dags/cell_kpi_hourly_anomaly.py
[2026-08-21T03:40:32.500+0000] {processor.py:840} INFO - DAG(s) 'cell_kpi_hourly_anomaly_pipeline' retrieved from /opt/airflow/dags/cell_kpi_hourly_anomaly.py
[2026-08-21T03:40:32.512+0000] {logging_mixin.py:188} INFO - [2026-08-21T03:40:32.511+0000] {dag.py:3096} INFO - Sync 1 DAGs
[2026-08-21T03:40:32.540+0000] {processor.py:183} INFO - Processing /opt/airflow/dags/cell_kpi_hourly_anomaly.py took 0.068 seconds
[2026-08-21T03:41:02.655+0000] {processor.py:161} INFO - Started process (PID=1675) to work on /opt/airflow/dags/cell_kpi_hourly_anomaly.py
[2026-08-21T03:41:02.656+0000] {processor.py:830} INFO - Processing file /opt/airflow/dags/cell_kpi_hourly_anomaly.py for tasks to queue
[2026-08-21T03:41:02.657+0000] {logging_mixin.py:188} INFO - [2026-08-21T03:41:02.657+0000] {dagbag.py:545} INFO - Filling up the DagBag from /opt/airflow/dags/cell_kpi_hourly_anomaly.py
[2026-08-21T03:41:02.680+0000] {processor.py:840} INFO - DAG(s) 'cell_kpi_hourly_anomaly_pipeline' retrieved from /opt/airflow/dags/cell_kpi_hourly_anomaly.py
[2026-08-21T03:41:02.691+0000] {logging_mixin.py:188} INFO - [2026-08-21T03:41:02.691+0000] {dag.py:3096} INFO - Sync 1 DAGs
[2026-08-21T03:41:02.719+0000] {processor.py:183} INFO - Processing /opt/airflow/dags/cell_kpi_hourly_anomaly.py took 0.069 seconds
[2026-08-21T03:41:32.818+0000] {processor.py:161} INFO - Started process (PID=1685) to work on /opt/airflow/dags/cell_kpi_hourly_anomaly.py
[2026-08-21T03:41:32.819+0000] {processor.py:830} INFO - Processing file /opt/airflow/dags/cell_kpi_hourly_anomaly.py for tasks to queue
[2026-08-21T03:41:32.821+0000] {logging_mixin.py:188} INFO - [2026-08-21T03:41:32.820+0000] {dagbag.py:545} INFO - Filling up the DagBag from /opt/airflow/dags/cell_kpi_hourly_anomaly.py
[2026-08-21T03:41:32.841+0000] {processor.py:840} INFO - DAG(s) 'cell_kpi_hourly_anomaly_pipeline' retrieved from /opt/airflow/dags/cell_kpi_hourly_anomaly.py
[2026-08-21T03:41:32.852+0000] {logging_mixin.py:188} INFO - [2026-08-21T03:41:32.852+0000] {dag.py:3096} INFO - Sync 1 DAGs
[2026-08-21T03:41:32.882+0000] {processor.py:183} INFO - Processing /opt/airflow/dags/cell_kpi_hourly_anomaly.py took 0.069 seconds
[2026-08-21T03:42:02.997+0000] {processor.py:161} INFO - Started process (PID=1695) to work on /opt/airflow/dags/cell_kpi_hourly_anomaly.py
[2026-08-21T03:42:02.997+0000] {processor.py:830} INFO - Processing file /opt/airflow/dags/cell_kpi_hourly_anomaly.py for tasks to queue
[2026-08-21T03:42:02.999+0000] {logging_mixin.py:188} INFO - [2026-08-21T03:42:02.998+0000] {dagbag.py:545} INFO - Filling up the DagBag from /opt/airflow/dags/cell_kpi_hourly_anomaly.py
[2026-08-21T03:42:03.020+0000] {processor.py:840} INFO - DAG(s) 'cell_kpi_hourly_anomaly_pipeline' retrieved from /opt/airflow/dags/cell_kpi_hourly_anomaly.py
[2026-08-21T03:42:03.031+0000] {logging_mixin.py:188} INFO - [2026-08-21T03:42:03.031+0000] {dag.py:3096} INFO - Sync 1 DAGs
[2026-08-21T03:42:03.060+0000] {processor.py:183} INFO - Processing /opt/airflow/dags/cell_kpi_hourly_anomaly.py took 0.069 seconds
[2026-08-21T03:42:33.203+0000] {processor.py:161} INFO - Started process (PID=1705) to work on /opt/airflow/dags/cell_kpi_hourly_anomaly.py
[2026-08-21T03:42:33.205+0000] {processor.py:830} INFO - Processing file /opt/airflow/dags/cell_kpi_hourly_anomaly.py for tasks to queue
[2026-08-21T03:42:33.211+0000] {logging_mixin.py:188} INFO - [2026-08-21T03:42:33.210+0000] {dagbag.py:545} INFO - Filling up the DagBag from /opt/airflow/dags/cell_kpi_hourly_anomaly.py
[2026-08-21T03:42:33.254+0000] {processor.py:840} INFO - DAG(s) 'cell_kpi_hourly_anomaly_pipeline' retrieved from /opt/airflow/dags/cell_kpi_hourly_anomaly.py
[2026-08-21T03:42:33.274+0000] {logging_mixin.py:188} INFO - [2026-08-21T03:42:33.274+0000] {dag.py:3096} INFO - Sync 1 DAGs
[2026-08-21T03:42:33.293+0000] {logging_mixin.py:188} INFO - [2026-08-21T03:42:33.293+0000] {dag.py:3954} INFO - Setting next_dagrun for cell_kpi_hourly_anomaly_pipeline to 2025-05-31 17:00:00+00:00, run_after=2025-05-31 18:00:00+00:00
[2026-08-21T03:42:33.306+0000] {processor.py:183} INFO - Processing /opt/airflow/dags/cell_kpi_hourly_anomaly.py took 0.122 seconds
[2026-08-21T03:43:03.657+0000] {processor.py:161} INFO - Started process (PID=1987) to work on /opt/airflow/dags/cell_kpi_hourly_anomaly.py
[2026-08-21T03:43:03.661+0000] {processor.py:830} INFO - Processing file /opt/airflow/dags/cell_kpi_hourly_anomaly.py for tasks to queue
[2026-08-21T03:43:03.669+0000] {logging_mixin.py:188} INFO - [2026-08-21T03:43:03.663+0000] {dagbag.py:545} INFO - Filling up the DagBag from /opt/airflow/dags/cell_kpi_hourly_anomaly.py
[2026-08-21T03:43:03.722+0000] {processor.py:840} INFO - DAG(s) 'cell_kpi_hourly_anomaly_pipeline' retrieved from /opt/airflow/dags/cell_kpi_hourly_anomaly.py
[2026-08-21T03:43:03.743+0000] {logging_mixin.py:188} INFO - [2026-08-21T03:43:03.743+0000] {dag.py:3096} INFO - Sync 1 DAGs
[2026-08-21T03:43:03.804+0000] {processor.py:183} INFO - Processing /opt/airflow/dags/cell_kpi_hourly_anomaly.py took 0.161 seconds
[2026-08-21T03:43:33.975+0000] {processor.py:161} INFO - Started process (PID=2055) to work on /opt/airflow/dags/cell_kpi_hourly_anomaly.py
[2026-08-21T03:43:33.976+0000] {processor.py:830} INFO - Processing file /opt/airflow/dags/cell_kpi_hourly_anomaly.py for tasks to queue
[2026-08-21T03:43:33.977+0000] {logging_mixin.py:188} INFO - [2026-08-21T03:43:33.977+0000] {dagbag.py:545} INFO - Filling up the DagBag from /opt/airflow/dags/cell_kpi_hourly_anomaly.py
[2026-08-21T03:43:33.997+0000] {processor.py:840} INFO - DAG(s) 'cell_kpi_hourly_anomaly_pipeline' retrieved from /opt/airflow/dags/cell_kpi_hourly_anomaly.py
[2026-08-21T03:43:34.009+0000] {logging_mixin.py:188} INFO - [2026-08-21T03:43:34.009+0000] {dag.py:3096} INFO - Sync 1 DAGs
[2026-08-21T03:43:34.038+0000] {processor.py:183} INFO - Processing /opt/airflow/dags/cell_kpi_hourly_anomaly.py took 0.070 seconds
[2026-08-21T03:44:04.149+0000] {processor.py:161} INFO - Started process (PID=2065) to work on /opt/airflow/dags/cell_kpi_hourly_anomaly.py
[2026-08-21T03:44:04.150+0000] {processor.py:830} INFO - Processing file /opt/airflow/dags/cell_kpi_hourly_anomaly.py for tasks to queue
[2026-08-21T03:44:04.151+0000] {logging_mixin.py:188} INFO - [2026-08-21T03:44:04.151+0000] {dagbag.py:545} INFO - Filling up the DagBag from /opt/airflow/dags/cell_kpi_hourly_anomaly.py
[2026-08-21T03:44:04.174+0000] {processor.py:840} INFO - DAG(s) 'cell_kpi_hourly_anomaly_pipeline' retrieved from /opt/airflow/dags/cell_kpi_hourly_anomaly.py
[2026-08-21T03:44:04.186+0000] {logging_mixin.py:188} INFO - [2026-08-21T03:44:04.186+0000] {dag.py:3096} INFO - Sync 1 DAGs
[2026-08-21T03:44:04.215+0000] {processor.py:183} INFO - Processing /opt/airflow/dags/cell_kpi_hourly_anomaly.py took 0.071 seconds
[2026-08-21T03:44:34.326+0000] {processor.py:161} INFO - Started process (PID=2075) to work on /opt/airflow/dags/cell_kpi_hourly_anomaly.py
[2026-08-21T03:44:34.327+0000] {processor.py:830} INFO - Processing file /opt/airflow/dags/cell_kpi_hourly_anomaly.py for tasks to queue
[2026-08-21T03:44:34.328+0000] {logging_mixin.py:188} INFO - [2026-08-21T03:44:34.328+0000] {dagbag.py:545} INFO - Filling up the DagBag from /opt/airflow/dags/cell_kpi_hourly_anomaly.py
[2026-08-21T03:44:34.349+0000] {processor.py:840} INFO - DAG(s) 'cell_kpi_hourly_anomaly_pipeline' retrieved from /opt/airflow/dags/cell_kpi_hourly_anomaly.py
[2026-08-21T03:44:34.361+0000] {logging_mixin.py:188} INFO - [2026-08-21T03:44:34.360+0000] {dag.py:3096} INFO - Sync 1 DAGs
[2026-08-21T03:44:34.391+0000] {processor.py:183} INFO - Processing /opt/airflow/dags/cell_kpi_hourly_anomaly.py took 0.070 seconds
[2026-08-21T03:45:04.503+0000] {processor.py:161} INFO - Started process (PID=2085) to work on /opt/airflow/dags/cell_kpi_hourly_anomaly.py
[2026-08-21T03:45:04.504+0000] {processor.py:830} INFO - Processing file /opt/airflow/dags/cell_kpi_hourly_anomaly.py for tasks to queue
[2026-08-21T03:45:04.506+0000] {logging_mixin.py:188} INFO - [2026-08-21T03:45:04.506+0000] {dagbag.py:545} INFO - Filling up the DagBag from /opt/airflow/dags/cell_kpi_hourly_anomaly.py
[2026-08-21T03:45:04.528+0000] {processor.py:840} INFO - DAG(s) 'cell_kpi_hourly_anomaly_pipeline' retrieved from /opt/airflow/dags/cell_kpi_hourly_anomaly.py
[2026-08-21T03:45:04.540+0000] {logging_mixin.py:188} INFO - [2026-08-21T03:45:04.540+0000] {dag.py:3096} INFO - Sync 1 DAGs
[2026-08-21T03:45:04.572+0000] {processor.py:183} INFO - Processing /opt/airflow/dags/cell_kpi_hourly_anomaly.py took 0.075 seconds
[2026-08-21T03:45:34.682+0000] {processor.py:161} INFO - Started process (PID=2095) to work on /opt/airflow/dags/cell_kpi_hourly_anomaly.py
[2026-08-21T03:45:34.683+0000] {processor.py:830} INFO - Processing file /opt/airflow/dags/cell_kpi_hourly_anomaly.py for tasks to queue
[2026-08-21T03:45:34.684+0000] {logging_mixin.py:188} INFO - [2026-08-21T03:45:34.684+0000] {dagbag.py:545} INFO - Filling up the DagBag from /opt/airflow/dags/cell_kpi_hourly_anomaly.py
[2026-08-21T03:45:34.704+0000] {processor.py:840} INFO - DAG(s) 'cell_kpi_hourly_anomaly_pipeline' retrieved from /opt/airflow/dags/cell_kpi_hourly_anomaly.py
[2026-08-21T03:45:34.716+0000] {logging_mixin.py:188} INFO - [2026-08-21T03:45:34.716+0000] {dag.py:3096} INFO - Sync 1 DAGs
[2026-08-21T03:45:34.745+0000] {processor.py:183} INFO - Processing /opt/airflow/dags/cell_kpi_hourly_anomaly.py took 0.068 seconds
[2026-08-21T03:46:04.854+0000] {processor.py:161} INFO - Started process (PID=2105) to work on /opt/airflow/dags/cell_kpi_hourly_anomaly.py
[2026-08-21T03:46:04.855+0000] {processor.py:830} INFO - Processing file /opt/airflow/dags/cell_kpi_hourly_anomaly.py for tasks to queue
[2026-08-21T03:46:04.857+0000] {logging_mixin.py:188} INFO - [2026-08-21T03:46:04.856+0000] {dagbag.py:545} INFO - Filling up the DagBag from /opt/airflow/dags/cell_kpi_hourly_anomaly.py
[2026-08-21T03:46:04.877+0000] {processor.py:840} INFO - DAG(s) 'cell_kpi_hourly_anomaly_pipeline' retrieved from /opt/airflow/dags/cell_kpi_hourly_anomaly.py
[2026-08-21T03:46:04.890+0000] {logging_mixin.py:188} INFO - [2026-08-21T03:46:04.889+0000] {dag.py:3096} INFO - Sync 1 DAGs
[2026-08-21T03:46:04.919+0000] {processor.py:183} INFO - Processing /opt/airflow/dags/cell_kpi_hourly_anomaly.py took 0.070 seconds
[2026-08-21T03:46:35.022+0000] {processor.py:161} INFO - Started process (PID=2115) to work on /opt/airflow/dags/cell_kpi_hourly_anomaly.py
[2026-08-21T03:46:35.023+0000] {processor.py:830} INFO - Processing file /opt/airflow/dags/cell_kpi_hourly_anomaly.py for tasks to queue
[2026-08-21T03:46:35.024+0000] {logging_mixin.py:188} INFO - [2026-08-21T03:46:35.024+0000] {dagbag.py:545} INFO - Filling up the DagBag from /opt/airflow/dags/cell_kpi_hourly_anomaly.py
[2026-08-21T03:46:35.046+0000] {processor.py:840} INFO - DAG(s) 'cell_kpi_hourly_anomaly_pipeline' retrieved from /opt/airflow/dags/cell_kpi_hourly_anomaly.py
[2026-08-21T03:46:35.060+0000] {logging_mixin.py:188} INFO - [2026-08-21T03:46:35.060+0000] {dag.py:3096} INFO - Sync 1 DAGs
[2026-08-21T03:46:35.095+0000] {processor.py:183} INFO - Processing /opt/airflow/dags/cell_kpi_hourly_anomaly.py took 0.078 seconds
[2026-08-21T03:47:05.234+0000] {processor.py:161} INFO - Started process (PID=2125) to work on /opt/airflow/dags/cell_kpi_hourly_anomaly.py
[2026-08-21T03:47:05.235+0000] {processor.py:830} INFO - Processing file /opt/airflow/dags/cell_kpi_hourly_anomaly.py for tasks to queue
[2026-08-21T03:47:05.236+0000] {logging_mixin.py:188} INFO - [2026-08-21T03:47:05.236+0000] {dagbag.py:545} INFO - Filling up the DagBag from /opt/airflow/dags/cell_kpi_hourly_anomaly.py
[2026-08-21T03:47:05.257+0000] {processor.py:840} INFO - DAG(s) 'cell_kpi_hourly_anomaly_pipeline' retrieved from /opt/airflow/dags/cell_kpi_hourly_anomaly.py
[2026-08-21T03:47:05.269+0000] {logging_mixin.py:188} INFO - [2026-08-21T03:47:05.269+0000] {dag.py:3096} INFO - Sync 1 DAGs
[2026-08-21T03:47:05.298+0000] {processor.py:183} INFO - Processing /opt/airflow/dags/cell_kpi_hourly_anomaly.py took 0.070 seconds
[2026-08-21T03:47:35.411+0000] {processor.py:161} INFO - Started process (PID=2135) to work on /opt/airflow/dags/cell_kpi_hourly_anomaly.py
[2026-08-21T03:47:35.412+0000] {processor.py:830} INFO - Processing file /opt/airflow/dags/cell_kpi_hourly_anomaly.py for tasks to queue
[2026-08-21T03:47:35.414+0000] {logging_mixin.py:188} INFO - [2026-08-21T03:47:35.413+0000] {dagbag.py:545} INFO - Filling up the DagBag from /opt/airflow/dags/cell_kpi_hourly_anomaly.py
[2026-08-21T03:47:35.435+0000] {processor.py:840} INFO - DAG(s) 'cell_kpi_hourly_anomaly_pipeline' retrieved from /opt/airflow/dags/cell_kpi_hourly_anomaly.py
[2026-08-21T03:47:35.446+0000] {logging_mixin.py:188} INFO - [2026-08-21T03:47:35.446+0000] {dag.py:3096} INFO - Sync 1 DAGs
[2026-08-21T03:47:35.480+0000] {processor.py:183} INFO - Processing /opt/airflow/dags/cell_kpi_hourly_anomaly.py took 0.075 seconds
[2026-08-21T03:48:05.593+0000] {processor.py:161} INFO - Started process (PID=2145) to work on /opt/airflow/dags/cell_kpi_hourly_anomaly.py
[2026-08-21T03:48:05.593+0000] {processor.py:830} INFO - Processing file /opt/airflow/dags/cell_kpi_hourly_anomaly.py for tasks to queue
[2026-08-21T03:48:05.595+0000] {logging_mixin.py:188} INFO - [2026-08-21T03:48:05.595+0000] {dagbag.py:545} INFO - Filling up the DagBag from /opt/airflow/dags/cell_kpi_hourly_anomaly.py
[2026-08-21T03:48:05.615+0000] {processor.py:840} INFO - DAG(s) 'cell_kpi_hourly_anomaly_pipeline' retrieved from /opt/airflow/dags/cell_kpi_hourly_anomaly.py
[2026-08-21T03:48:05.627+0000] {logging_mixin.py:188} INFO - [2026-08-21T03:48:05.627+0000] {dag.py:3096} INFO - Sync 1 DAGs
[2026-08-21T03:48:05.656+0000] {processor.py:183} INFO - Processing /opt/airflow/dags/cell_kpi_hourly_anomaly.py took 0.068 seconds
[2026-08-21T03:48:35.770+0000] {processor.py:161} INFO - Started process (PID=2155) to work on /opt/airflow/dags/cell_kpi_hourly_anomaly.py
[2026-08-21T03:48:35.771+0000] {processor.py:830} INFO - Processing file /opt/airflow/dags/cell_kpi_hourly_anomaly.py for tasks to queue
[2026-08-21T03:48:35.772+0000] {logging_mixin.py:188} INFO - [2026-08-21T03:48:35.772+0000] {dagbag.py:545} INFO - Filling up the DagBag from /opt/airflow/dags/cell_kpi_hourly_anomaly.py
[2026-08-21T03:48:35.794+0000] {processor.py:840} INFO - DAG(s) 'cell_kpi_hourly_anomaly_pipeline' retrieved from /opt/airflow/dags/cell_kpi_hourly_anomaly.py
[2026-08-21T03:48:35.806+0000] {logging_mixin.py:188} INFO - [2026-08-21T03:48:35.806+0000] {dag.py:3096} INFO - Sync 1 DAGs
[2026-08-21T03:48:35.834+0000] {processor.py:183} INFO - Processing /opt/airflow/dags/cell_kpi_hourly_anomaly.py took 0.069 seconds
[2026-08-21T03:49:05.938+0000] {processor.py:161} INFO - Started process (PID=2165) to work on /opt/airflow/dags/cell_kpi_hourly_anomaly.py
[2026-08-21T03:49:05.939+0000] {processor.py:830} INFO - Processing file /opt/airflow/dags/cell_kpi_hourly_anomaly.py for tasks to queue
[2026-08-21T03:49:05.940+0000] {logging_mixin.py:188} INFO - [2026-08-21T03:49:05.940+0000] {dagbag.py:545} INFO - Filling up the DagBag from /opt/airflow/dags/cell_kpi_hourly_anomaly.py
[2026-08-21T03:49:05.961+0000] {processor.py:840} INFO - DAG(s) 'cell_kpi_hourly_anomaly_pipeline' retrieved from /opt/airflow/dags/cell_kpi_hourly_anomaly.py
[2026-08-21T03:49:05.973+0000] {logging_mixin.py:188} INFO - [2026-08-21T03:49:05.973+0000] {dag.py:3096} INFO - Sync 1 DAGs
[2026-08-21T03:49:06.003+0000] {processor.py:183} INFO - Processing /opt/airflow/dags/cell_kpi_hourly_anomaly.py took 0.070 seconds
[2026-08-21T03:49:36.114+0000] {processor.py:161} INFO - Started process (PID=2175) to work on /opt/airflow/dags/cell_kpi_hourly_anomaly.py
[2026-08-21T03:49:36.115+0000] {processor.py:830} INFO - Processing file /opt/airflow/dags/cell_kpi_hourly_anomaly.py for tasks to queue
[2026-08-21T03:49:36.116+0000] {logging_mixin.py:188} INFO - [2026-08-21T03:49:36.116+0000] {dagbag.py:545} INFO - Filling up the DagBag from /opt/airflow/dags/cell_kpi_hourly_anomaly.py
[2026-08-21T03:49:36.137+0000] {processor.py:840} INFO - DAG(s) 'cell_kpi_hourly_anomaly_pipeline' retrieved from /opt/airflow/dags/cell_kpi_hourly_anomaly.py
[2026-08-21T03:49:36.148+0000] {logging_mixin.py:188} INFO - [2026-08-21T03:49:36.148+0000] {dag.py:3096} INFO - Sync 1 DAGs
[2026-08-21T03:49:36.166+0000] {logging_mixin.py:188} INFO - [2026-08-21T03:49:36.166+0000] {dag.py:3954} INFO - Setting next_dagrun for cell_kpi_hourly_anomaly_pipeline to 2025-05-31 17:00:00+00:00, run_after=2025-05-31 18:00:00+00:00
[2026-08-21T03:49:36.182+0000] {processor.py:183} INFO - Processing /opt/airflow/dags/cell_kpi_hourly_anomaly.py took 0.074 seconds
[2026-08-21T03:50:06.410+0000] {processor.py:161} INFO - Started process (PID=2434) to work on /opt/airflow/dags/cell_kpi_hourly_anomaly.py
[2026-08-21T03:50:06.413+0000] {processor.py:830} INFO - Processing file /opt/airflow/dags/cell_kpi_hourly_anomaly.py for tasks to queue
[2026-08-21T03:50:06.415+0000] {logging_mixin.py:188} INFO - [2026-08-21T03:50:06.415+0000] {dagbag.py:545} INFO - Filling up the DagBag from /opt/airflow/dags/cell_kpi_hourly_anomaly.py
[2026-08-21T03:50:06.455+0000] {processor.py:840} INFO - DAG(s) 'cell_kpi_hourly_anomaly_pipeline' retrieved from /opt/airflow/dags/cell_kpi_hourly_anomaly.py
[2026-08-21T03:50:06.473+0000] {logging_mixin.py:188} INFO - [2026-08-21T03:50:06.472+0000] {dag.py:3096} INFO - Sync 1 DAGs
[2026-08-21T03:50:06.532+0000] {processor.py:183} INFO - Processing /opt/airflow/dags/cell_kpi_hourly_anomaly.py took 0.131 seconds
[2026-08-21T03:50:36.753+0000] {processor.py:161} INFO - Started process (PID=2533) to work on /opt/airflow/dags/cell_kpi_hourly_anomaly.py
[2026-08-21T03:50:36.754+0000] {processor.py:830} INFO - Processing file /opt/airflow/dags/cell_kpi_hourly_anomaly.py for tasks to queue
[2026-08-21T03:50:36.755+0000] {logging_mixin.py:188} INFO - [2026-08-21T03:50:36.755+0000] {dagbag.py:545} INFO - Filling up the DagBag from /opt/airflow/dags/cell_kpi_hourly_anomaly.py
[2026-08-21T03:50:36.777+0000] {processor.py:840} INFO - DAG(s) 'cell_kpi_hourly_anomaly_pipeline' retrieved from /opt/airflow/dags/cell_kpi_hourly_anomaly.py
[2026-08-21T03:50:36.789+0000] {logging_mixin.py:188} INFO - [2026-08-21T03:50:36.789+0000] {dag.py:3096} INFO - Sync 1 DAGs
[2026-08-21T03:50:36.818+0000] {processor.py:183} INFO - Processing /opt/airflow/dags/cell_kpi_hourly_anomaly.py took 0.070 seconds
[2026-08-21T03:51:06.933+0000] {processor.py:161} INFO - Started process (PID=2543) to work on /opt/airflow/dags/cell_kpi_hourly_anomaly.py
[2026-08-21T03:51:06.933+0000] {processor.py:830} INFO - Processing file /opt/airflow/dags/cell_kpi_hourly_anomaly.py for tasks to queue
[2026-08-21T03:51:06.935+0000] {logging_mixin.py:188} INFO - [2026-08-21T03:51:06.934+0000] {dagbag.py:545} INFO - Filling up the DagBag from /opt/airflow/dags/cell_kpi_hourly_anomaly.py
[2026-08-21T03:51:06.955+0000] {processor.py:840} INFO - DAG(s) 'cell_kpi_hourly_anomaly_pipeline' retrieved from /opt/airflow/dags/cell_kpi_hourly_anomaly.py
[2026-08-21T03:51:06.968+0000] {logging_mixin.py:188} INFO - [2026-08-21T03:51:06.968+0000] {dag.py:3096} INFO - Sync 1 DAGs
[2026-08-21T03:51:06.999+0000] {processor.py:183} INFO - Processing /opt/airflow/dags/cell_kpi_hourly_anomaly.py took 0.072 seconds
[2026-08-21T03:51:37.102+0000] {processor.py:161} INFO - Started process (PID=2553) to work on /opt/airflow/dags/cell_kpi_hourly_anomaly.py
[2026-08-21T03:51:37.103+0000] {processor.py:830} INFO - Processing file /opt/airflow/dags/cell_kpi_hourly_anomaly.py for tasks to queue
[2026-08-21T03:51:37.104+0000] {logging_mixin.py:188} INFO - [2026-08-21T03:51:37.104+0000] {dagbag.py:545} INFO - Filling up the DagBag from /opt/airflow/dags/cell_kpi_hourly_anomaly.py
[2026-08-21T03:51:37.125+0000] {processor.py:840} INFO - DAG(s) 'cell_kpi_hourly_anomaly_pipeline' retrieved from /opt/airflow/dags/cell_kpi_hourly_anomaly.py
[2026-08-21T03:51:37.137+0000] {logging_mixin.py:188} INFO - [2026-08-21T03:51:37.137+0000] {dag.py:3096} INFO - Sync 1 DAGs
[2026-08-21T03:51:37.167+0000] {processor.py:183} INFO - Processing /opt/airflow/dags/cell_kpi_hourly_anomaly.py took 0.070 seconds
[2026-08-21T03:52:07.274+0000] {processor.py:161} INFO - Started process (PID=2563) to work on /opt/airflow/dags/cell_kpi_hourly_anomaly.py
[2026-08-21T03:52:07.274+0000] {processor.py:830} INFO - Processing file /opt/airflow/dags/cell_kpi_hourly_anomaly.py for tasks to queue
[2026-08-21T03:52:07.276+0000] {logging_mixin.py:188} INFO - [2026-08-21T03:52:07.276+0000] {dagbag.py:545} INFO - Filling up the DagBag from /opt/airflow/dags/cell_kpi_hourly_anomaly.py
[2026-08-21T03:52:07.297+0000] {processor.py:840} INFO - DAG(s) 'cell_kpi_hourly_anomaly_pipeline' retrieved from /opt/airflow/dags/cell_kpi_hourly_anomaly.py
[2026-08-21T03:52:07.309+0000] {logging_mixin.py:188} INFO - [2026-08-21T03:52:07.308+0000] {dag.py:3096} INFO - Sync 1 DAGs
[2026-08-21T03:52:07.338+0000] {processor.py:183} INFO - Processing /opt/airflow/dags/cell_kpi_hourly_anomaly.py took 0.070 seconds
[2026-08-21T03:52:37.440+0000] {processor.py:161} INFO - Started process (PID=2573) to work on /opt/airflow/dags/cell_kpi_hourly_anomaly.py
[2026-08-21T03:52:37.441+0000] {processor.py:830} INFO - Processing file /opt/airflow/dags/cell_kpi_hourly_anomaly.py for tasks to queue
[2026-08-21T03:52:37.442+0000] {logging_mixin.py:188} INFO - [2026-08-21T03:52:37.442+0000] {dagbag.py:545} INFO - Filling up the DagBag from /opt/airflow/dags/cell_kpi_hourly_anomaly.py
[2026-08-21T03:52:37.464+0000] {processor.py:840} INFO - DAG(s) 'cell_kpi_hourly_anomaly_pipeline' retrieved from /opt/airflow/dags/cell_kpi_hourly_anomaly.py
[2026-08-21T03:52:37.476+0000] {logging_mixin.py:188} INFO - [2026-08-21T03:52:37.476+0000] {dag.py:3096} INFO - Sync 1 DAGs
[2026-08-21T03:52:37.505+0000] {processor.py:183} INFO - Processing /opt/airflow/dags/cell_kpi_hourly_anomaly.py took 0.070 seconds
[2026-08-21T03:53:07.607+0000] {processor.py:161} INFO - Started process (PID=2583) to work on /opt/airflow/dags/cell_kpi_hourly_anomaly.py
[2026-08-21T03:53:07.608+0000] {processor.py:830} INFO - Processing file /opt/airflow/dags/cell_kpi_hourly_anomaly.py for tasks to queue
[2026-08-21T03:53:07.609+0000] {logging_mixin.py:188} INFO - [2026-08-21T03:53:07.609+0000] {dagbag.py:545} INFO - Filling up the DagBag from /opt/airflow/dags/cell_kpi_hourly_anomaly.py
[2026-08-21T03:53:07.635+0000] {processor.py:840} INFO - DAG(s) 'cell_kpi_hourly_anomaly_pipeline' retrieved from /opt/airflow/dags/cell_kpi_hourly_anomaly.py
[2026-08-21T03:53:07.647+0000] {logging_mixin.py:188} INFO - [2026-08-21T03:53:07.647+0000] {dag.py:3096} INFO - Sync 1 DAGs
[2026-08-21T03:53:07.678+0000] {processor.py:183} INFO - Processing /opt/airflow/dags/cell_kpi_hourly_anomaly.py took 0.077 seconds
[2026-08-21T03:53:37.785+0000] {processor.py:161} INFO - Started process (PID=2593) to work on /opt/airflow/dags/cell_kpi_hourly_anomaly.py
[2026-08-21T03:53:37.786+0000] {processor.py:830} INFO - Processing file /opt/airflow/dags/cell_kpi_hourly_anomaly.py for tasks to queue
[2026-08-21T03:53:37.787+0000] {logging_mixin.py:188} INFO - [2026-08-21T03:53:37.787+0000] {dagbag.py:545} INFO - Filling up the DagBag from /opt/airflow/dags/cell_kpi_hourly_anomaly.py
[2026-08-21T03:53:37.808+0000] {processor.py:840} INFO - DAG(s) 'cell_kpi_hourly_anomaly_pipeline' retrieved from /opt/airflow/dags/cell_kpi_hourly_anomaly.py
[2026-08-21T03:53:37.819+0000] {logging_mixin.py:188} INFO - [2026-08-21T03:53:37.819+0000] {dag.py:3096} INFO - Sync 1 DAGs
[2026-08-21T03:53:37.848+0000] {processor.py:183} INFO - Processing /opt/airflow/dags/cell_kpi_hourly_anomaly.py took 0.068 seconds
[2026-08-21T03:54:07.957+0000] {processor.py:161} INFO - Started process (PID=2603) to work on /opt/airflow/dags/cell_kpi_hourly_anomaly.py
[2026-08-21T03:54:07.958+0000] {processor.py:830} INFO - Processing file /opt/airflow/dags/cell_kpi_hourly_anomaly.py for tasks to queue
[2026-08-21T03:54:07.959+0000] {logging_mixin.py:188} INFO - [2026-08-21T03:54:07.959+0000] {dagbag.py:545} INFO - Filling up the DagBag from /opt/airflow/dags/cell_kpi_hourly_anomaly.py
[2026-08-21T03:54:07.983+0000] {processor.py:840} INFO - DAG(s) 'cell_kpi_hourly_anomaly_pipeline' retrieved from /opt/airflow/dags/cell_kpi_hourly_anomaly.py
[2026-08-21T03:54:07.995+0000] {logging_mixin.py:188} INFO - [2026-08-21T03:54:07.995+0000] {dag.py:3096} INFO - Sync 1 DAGs
[2026-08-21T03:54:08.024+0000] {processor.py:183} INFO - Processing /opt/airflow/dags/cell_kpi_hourly_anomaly.py took 0.073 seconds
[2026-08-21T03:54:38.161+0000] {processor.py:161} INFO - Started process (PID=2613) to work on /opt/airflow/dags/cell_kpi_hourly_anomaly.py
[2026-08-21T03:54:38.161+0000] {processor.py:830} INFO - Processing file /opt/airflow/dags/cell_kpi_hourly_anomaly.py for tasks to queue
[2026-08-21T03:54:38.163+0000] {logging_mixin.py:188} INFO - [2026-08-21T03:54:38.162+0000] {dagbag.py:545} INFO - Filling up the DagBag from /opt/airflow/dags/cell_kpi_hourly_anomaly.py
[2026-08-21T03:54:38.185+0000] {processor.py:840} INFO - DAG(s) 'cell_kpi_hourly_anomaly_pipeline' retrieved from /opt/airflow/dags/cell_kpi_hourly_anomaly.py
[2026-08-21T03:54:38.197+0000] {logging_mixin.py:188} INFO - [2026-08-21T03:54:38.197+0000] {dag.py:3096} INFO - Sync 1 DAGs
[2026-08-21T03:54:38.225+0000] {processor.py:183} INFO - Processing /opt/airflow/dags/cell_kpi_hourly_anomaly.py took 0.070 seconds
[2026-08-21T03:55:08.339+0000] {processor.py:161} INFO - Started process (PID=2623) to work on /opt/airflow/dags/cell_kpi_hourly_anomaly.py
[2026-08-21T03:55:08.339+0000] {processor.py:830} INFO - Processing file /opt/airflow/dags/cell_kpi_hourly_anomaly.py for tasks to queue
[2026-08-21T03:55:08.341+0000] {logging_mixin.py:188} INFO - [2026-08-21T03:55:08.340+0000] {dagbag.py:545} INFO - Filling up the DagBag from /opt/airflow/dags/cell_kpi_hourly_anomaly.py
[2026-08-21T03:55:08.363+0000] {processor.py:840} INFO - DAG(s) 'cell_kpi_hourly_anomaly_pipeline' retrieved from /opt/airflow/dags/cell_kpi_hourly_anomaly.py
[2026-08-21T03:55:08.378+0000] {logging_mixin.py:188} INFO - [2026-08-21T03:55:08.378+0000] {dag.py:3096} INFO - Sync 1 DAGs
[2026-08-21T03:55:08.405+0000] {processor.py:183} INFO - Processing /opt/airflow/dags/cell_kpi_hourly_anomaly.py took 0.072 seconds
[2026-08-21T03:55:38.649+0000] {processor.py:161} INFO - Started process (PID=2816) to work on /opt/airflow/dags/cell_kpi_hourly_anomaly.py
[2026-08-21T03:55:38.650+0000] {processor.py:830} INFO - Processing file /opt/airflow/dags/cell_kpi_hourly_anomaly.py for tasks to queue
[2026-08-21T03:55:38.652+0000] {logging_mixin.py:188} INFO - [2026-08-21T03:55:38.652+0000] {dagbag.py:545} INFO - Filling up the DagBag from /opt/airflow/dags/cell_kpi_hourly_anomaly.py
[2026-08-21T03:55:38.733+0000] {processor.py:840} INFO - DAG(s) 'cell_kpi_hourly_anomaly_pipeline' retrieved from /opt/airflow/dags/cell_kpi_hourly_anomaly.py
[2026-08-21T03:55:38.821+0000] {logging_mixin.py:188} INFO - [2026-08-21T03:55:38.820+0000] {dag.py:3096} INFO - Sync 1 DAGs
[2026-08-21T03:55:39.047+0000] {processor.py:183} INFO - Processing /opt/airflow/dags/cell_kpi_hourly_anomaly.py took 0.406 seconds
[2026-08-21T03:56:09.522+0000] {processor.py:161} INFO - Started process (PID=3070) to work on /opt/airflow/dags/cell_kpi_hourly_anomaly.py
[2026-08-21T03:56:09.532+0000] {processor.py:830} INFO - Processing file /opt/airflow/dags/cell_kpi_hourly_anomaly.py for tasks to queue
[2026-08-21T03:56:09.543+0000] {logging_mixin.py:188} INFO - [2026-08-21T03:56:09.543+0000] {dagbag.py:545} INFO - Filling up the DagBag from /opt/airflow/dags/cell_kpi_hourly_anomaly.py
[2026-08-21T03:56:09.600+0000] {processor.py:840} INFO - DAG(s) 'cell_kpi_hourly_anomaly_pipeline' retrieved from /opt/airflow/dags/cell_kpi_hourly_anomaly.py
[2026-08-21T03:56:09.644+0000] {logging_mixin.py:188} INFO - [2026-08-21T03:56:09.644+0000] {dag.py:3096} INFO - Sync 1 DAGs
[2026-08-21T03:56:09.707+0000] {processor.py:183} INFO - Processing /opt/airflow/dags/cell_kpi_hourly_anomaly.py took 0.201 seconds
[2026-08-21T03:56:40.074+0000] {processor.py:161} INFO - Started process (PID=3277) to work on /opt/airflow/dags/cell_kpi_hourly_anomaly.py
[2026-08-21T03:56:40.075+0000] {processor.py:830} INFO - Processing file /opt/airflow/dags/cell_kpi_hourly_anomaly.py for tasks to queue
[2026-08-21T03:56:40.077+0000] {logging_mixin.py:188} INFO - [2026-08-21T03:56:40.077+0000] {dagbag.py:545} INFO - Filling up the DagBag from /opt/airflow/dags/cell_kpi_hourly_anomaly.py
[2026-08-21T03:56:40.107+0000] {processor.py:840} INFO - DAG(s) 'cell_kpi_hourly_anomaly_pipeline' retrieved from /opt/airflow/dags/cell_kpi_hourly_anomaly.py
[2026-08-21T03:56:40.125+0000] {logging_mixin.py:188} INFO - [2026-08-21T03:56:40.125+0000] {dag.py:3096} INFO - Sync 1 DAGs
[2026-08-21T03:56:40.167+0000] {processor.py:183} INFO - Processing /opt/airflow/dags/cell_kpi_hourly_anomaly.py took 0.102 seconds
[2026-08-21T03:57:10.301+0000] {processor.py:161} INFO - Started process (PID=3316) to work on /opt/airflow/dags/cell_kpi_hourly_anomaly.py
[2026-08-21T03:57:10.301+0000] {processor.py:830} INFO - Processing file /opt/airflow/dags/cell_kpi_hourly_anomaly.py for tasks to queue
[2026-08-21T03:57:10.303+0000] {logging_mixin.py:188} INFO - [2026-08-21T03:57:10.302+0000] {dagbag.py:545} INFO - Filling up the DagBag from /opt/airflow/dags/cell_kpi_hourly_anomaly.py
[2026-08-21T03:57:10.324+0000] {processor.py:840} INFO - DAG(s) 'cell_kpi_hourly_anomaly_pipeline' retrieved from /opt/airflow/dags/cell_kpi_hourly_anomaly.py
[2026-08-21T03:57:10.336+0000] {logging_mixin.py:188} INFO - [2026-08-21T03:57:10.335+0000] {dag.py:3096} INFO - Sync 1 DAGs
[2026-08-21T03:57:10.365+0000] {processor.py:183} INFO - Processing /opt/airflow/dags/cell_kpi_hourly_anomaly.py took 0.070 seconds
[2026-08-21T03:57:40.479+0000] {processor.py:161} INFO - Started process (PID=3326) to work on /opt/airflow/dags/cell_kpi_hourly_anomaly.py
[2026-08-21T03:57:40.479+0000] {processor.py:830} INFO - Processing file /opt/airflow/dags/cell_kpi_hourly_anomaly.py for tasks to queue
[2026-08-21T03:57:40.481+0000] {logging_mixin.py:188} INFO - [2026-08-21T03:57:40.480+0000] {dagbag.py:545} INFO - Filling up the DagBag from /opt/airflow/dags/cell_kpi_hourly_anomaly.py
[2026-08-21T03:57:40.502+0000] {processor.py:840} INFO - DAG(s) 'cell_kpi_hourly_anomaly_pipeline' retrieved from /opt/airflow/dags/cell_kpi_hourly_anomaly.py
[2026-08-21T03:57:40.514+0000] {logging_mixin.py:188} INFO - [2026-08-21T03:57:40.514+0000] {dag.py:3096} INFO - Sync 1 DAGs
[2026-08-21T03:57:40.544+0000] {processor.py:183} INFO - Processing /opt/airflow/dags/cell_kpi_hourly_anomaly.py took 0.072 seconds
[2026-08-21T03:58:10.646+0000] {processor.py:161} INFO - Started process (PID=3336) to work on /opt/airflow/dags/cell_kpi_hourly_anomaly.py
[2026-08-21T03:58:10.647+0000] {processor.py:830} INFO - Processing file /opt/airflow/dags/cell_kpi_hourly_anomaly.py for tasks to queue
[2026-08-21T03:58:10.648+0000] {logging_mixin.py:188} INFO - [2026-08-21T03:58:10.648+0000] {dagbag.py:545} INFO - Filling up the DagBag from /opt/airflow/dags/cell_kpi_hourly_anomaly.py
[2026-08-21T03:58:10.671+0000] {processor.py:840} INFO - DAG(s) 'cell_kpi_hourly_anomaly_pipeline' retrieved from /opt/airflow/dags/cell_kpi_hourly_anomaly.py
[2026-08-21T03:58:10.682+0000] {logging_mixin.py:188} INFO - [2026-08-21T03:58:10.682+0000] {dag.py:3096} INFO - Sync 1 DAGs
[2026-08-21T03:58:10.711+0000] {processor.py:183} INFO - Processing /opt/airflow/dags/cell_kpi_hourly_anomaly.py took 0.070 seconds
[2026-08-21T03:58:40.817+0000] {processor.py:161} INFO - Started process (PID=3346) to work on /opt/airflow/dags/cell_kpi_hourly_anomaly.py
[2026-08-21T03:58:40.818+0000] {processor.py:830} INFO - Processing file /opt/airflow/dags/cell_kpi_hourly_anomaly.py for tasks to queue
[2026-08-21T03:58:40.819+0000] {logging_mixin.py:188} INFO - [2026-08-21T03:58:40.819+0000] {dagbag.py:545} INFO - Filling up the DagBag from /opt/airflow/dags/cell_kpi_hourly_anomaly.py
[2026-08-21T03:58:40.841+0000] {processor.py:840} INFO - DAG(s) 'cell_kpi_hourly_anomaly_pipeline' retrieved from /opt/airflow/dags/cell_kpi_hourly_anomaly.py
[2026-08-21T03:58:40.855+0000] {logging_mixin.py:188} INFO - [2026-08-21T03:58:40.855+0000] {dag.py:3096} INFO - Sync 1 DAGs
[2026-08-21T03:58:40.893+0000] {processor.py:183} INFO - Processing /opt/airflow/dags/cell_kpi_hourly_anomaly.py took 0.081 seconds
[2026-08-21T03:59:10.995+0000] {processor.py:161} INFO - Started process (PID=3356) to work on /opt/airflow/dags/cell_kpi_hourly_anomaly.py
[2026-08-21T03:59:10.996+0000] {processor.py:830} INFO - Processing file /opt/airflow/dags/cell_kpi_hourly_anomaly.py for tasks to queue
[2026-08-21T03:59:10.997+0000] {logging_mixin.py:188} INFO - [2026-08-21T03:59:10.997+0000] {dagbag.py:545} INFO - Filling up the DagBag from /opt/airflow/dags/cell_kpi_hourly_anomaly.py
[2026-08-21T03:59:11.018+0000] {processor.py:840} INFO - DAG(s) 'cell_kpi_hourly_anomaly_pipeline' retrieved from /opt/airflow/dags/cell_kpi_hourly_anomaly.py
[2026-08-21T03:59:11.030+0000] {logging_mixin.py:188} INFO - [2026-08-21T03:59:11.030+0000] {dag.py:3096} INFO - Sync 1 DAGs
[2026-08-21T03:59:11.058+0000] {processor.py:183} INFO - Processing /opt/airflow/dags/cell_kpi_hourly_anomaly.py took 0.068 seconds
[2026-08-21T03:59:41.171+0000] {processor.py:161} INFO - Started process (PID=3366) to work on /opt/airflow/dags/cell_kpi_hourly_anomaly.py
[2026-08-21T03:59:41.172+0000] {processor.py:830} INFO - Processing file /opt/airflow/dags/cell_kpi_hourly_anomaly.py for tasks to queue
[2026-08-21T03:59:41.173+0000] {logging_mixin.py:188} INFO - [2026-08-21T03:59:41.173+0000] {dagbag.py:545} INFO - Filling up the DagBag from /opt/airflow/dags/cell_kpi_hourly_anomaly.py
[2026-08-21T03:59:41.195+0000] {processor.py:840} INFO - DAG(s) 'cell_kpi_hourly_anomaly_pipeline' retrieved from /opt/airflow/dags/cell_kpi_hourly_anomaly.py
[2026-08-21T03:59:41.207+0000] {logging_mixin.py:188} INFO - [2026-08-21T03:59:41.206+0000] {dag.py:3096} INFO - Sync 1 DAGs
[2026-08-21T03:59:41.236+0000] {processor.py:183} INFO - Processing /opt/airflow/dags/cell_kpi_hourly_anomaly.py took 0.073 seconds
[2026-08-21T04:00:11.346+0000] {processor.py:161} INFO - Started process (PID=3376) to work on /opt/airflow/dags/cell_kpi_hourly_anomaly.py
[2026-08-21T04:00:11.347+0000] {processor.py:830} INFO - Processing file /opt/airflow/dags/cell_kpi_hourly_anomaly.py for tasks to queue
[2026-08-21T04:00:11.348+0000] {logging_mixin.py:188} INFO - [2026-08-21T04:00:11.348+0000] {dagbag.py:545} INFO - Filling up the DagBag from /opt/airflow/dags/cell_kpi_hourly_anomaly.py
[2026-08-21T04:00:11.369+0000] {processor.py:840} INFO - DAG(s) 'cell_kpi_hourly_anomaly_pipeline' retrieved from /opt/airflow/dags/cell_kpi_hourly_anomaly.py
[2026-08-21T04:00:11.381+0000] {logging_mixin.py:188} INFO - [2026-08-21T04:00:11.380+0000] {dag.py:3096} INFO - Sync 1 DAGs
[2026-08-21T04:00:11.410+0000] {processor.py:183} INFO - Processing /opt/airflow/dags/cell_kpi_hourly_anomaly.py took 0.069 seconds
[2026-08-21T04:00:41.520+0000] {processor.py:161} INFO - Started process (PID=3386) to work on /opt/airflow/dags/cell_kpi_hourly_anomaly.py
[2026-08-21T04:00:41.521+0000] {processor.py:830} INFO - Processing file /opt/airflow/dags/cell_kpi_hourly_anomaly.py for tasks to queue
[2026-08-21T04:00:41.522+0000] {logging_mixin.py:188} INFO - [2026-08-21T04:00:41.522+0000] {dagbag.py:545} INFO - Filling up the DagBag from /opt/airflow/dags/cell_kpi_hourly_anomaly.py
[2026-08-21T04:00:41.544+0000] {processor.py:840} INFO - DAG(s) 'cell_kpi_hourly_anomaly_pipeline' retrieved from /opt/airflow/dags/cell_kpi_hourly_anomaly.py
[2026-08-21T04:00:41.556+0000] {logging_mixin.py:188} INFO - [2026-08-21T04:00:41.555+0000] {dag.py:3096} INFO - Sync 1 DAGs
[2026-08-21T04:00:41.586+0000] {processor.py:183} INFO - Processing /opt/airflow/dags/cell_kpi_hourly_anomaly.py took 0.071 seconds
[2026-08-21T04:01:11.692+0000] {processor.py:161} INFO - Started process (PID=3396) to work on /opt/airflow/dags/cell_kpi_hourly_anomaly.py
[2026-08-21T04:01:11.693+0000] {processor.py:830} INFO - Processing file /opt/airflow/dags/cell_kpi_hourly_anomaly.py for tasks to queue
[2026-08-21T04:01:11.694+0000] {logging_mixin.py:188} INFO - [2026-08-21T04:01:11.694+0000] {dagbag.py:545} INFO - Filling up the DagBag from /opt/airflow/dags/cell_kpi_hourly_anomaly.py
[2026-08-21T04:01:11.715+0000] {processor.py:840} INFO - DAG(s) 'cell_kpi_hourly_anomaly_pipeline' retrieved from /opt/airflow/dags/cell_kpi_hourly_anomaly.py
[2026-08-21T04:01:11.726+0000] {logging_mixin.py:188} INFO - [2026-08-21T04:01:11.726+0000] {dag.py:3096} INFO - Sync 1 DAGs
[2026-08-21T04:01:11.754+0000] {processor.py:183} INFO - Processing /opt/airflow/dags/cell_kpi_hourly_anomaly.py took 0.067 seconds
[2026-08-21T04:01:42.015+0000] {processor.py:161} INFO - Started process (PID=3523) to work on /opt/airflow/dags/cell_kpi_hourly_anomaly.py
[2026-08-21T04:01:42.020+0000] {processor.py:830} INFO - Processing file /opt/airflow/dags/cell_kpi_hourly_anomaly.py for tasks to queue
[2026-08-21T04:01:42.024+0000] {logging_mixin.py:188} INFO - [2026-08-21T04:01:42.024+0000] {dagbag.py:545} INFO - Filling up the DagBag from /opt/airflow/dags/cell_kpi_hourly_anomaly.py
[2026-08-21T04:01:42.141+0000] {processor.py:840} INFO - DAG(s) 'cell_kpi_hourly_anomaly_pipeline' retrieved from /opt/airflow/dags/cell_kpi_hourly_anomaly.py
[2026-08-21T04:01:42.259+0000] {logging_mixin.py:188} INFO - [2026-08-21T04:01:42.259+0000] {dag.py:3096} INFO - Sync 1 DAGs
[2026-08-21T04:01:42.420+0000] {processor.py:183} INFO - Processing /opt/airflow/dags/cell_kpi_hourly_anomaly.py took 0.431 seconds
[2026-08-21T04:02:12.537+0000] {processor.py:161} INFO - Started process (PID=3828) to work on /opt/airflow/dags/cell_kpi_hourly_anomaly.py
[2026-08-21T04:02:12.538+0000] {processor.py:830} INFO - Processing file /opt/airflow/dags/cell_kpi_hourly_anomaly.py for tasks to queue
[2026-08-21T04:02:12.540+0000] {logging_mixin.py:188} INFO - [2026-08-21T04:02:12.539+0000] {dagbag.py:545} INFO - Filling up the DagBag from /opt/airflow/dags/cell_kpi_hourly_anomaly.py
[2026-08-21T04:02:12.581+0000] {processor.py:840} INFO - DAG(s) 'cell_kpi_hourly_anomaly_pipeline' retrieved from /opt/airflow/dags/cell_kpi_hourly_anomaly.py
[2026-08-21T04:02:12.606+0000] {logging_mixin.py:188} INFO - [2026-08-21T04:02:12.606+0000] {dag.py:3096} INFO - Sync 1 DAGs
[2026-08-21T04:02:12.665+0000] {processor.py:183} INFO - Processing /opt/airflow/dags/cell_kpi_hourly_anomaly.py took 0.137 seconds
[2026-08-21T04:02:43.069+0000] {processor.py:161} INFO - Started process (PID=4045) to work on /opt/airflow/dags/cell_kpi_hourly_anomaly.py
[2026-08-21T04:02:43.072+0000] {processor.py:830} INFO - Processing file /opt/airflow/dags/cell_kpi_hourly_anomaly.py for tasks to queue
[2026-08-21T04:02:43.077+0000] {logging_mixin.py:188} INFO - [2026-08-21T04:02:43.077+0000] {dagbag.py:545} INFO - Filling up the DagBag from /opt/airflow/dags/cell_kpi_hourly_anomaly.py
[2026-08-21T04:02:43.141+0000] {processor.py:840} INFO - DAG(s) 'cell_kpi_hourly_anomaly_pipeline' retrieved from /opt/airflow/dags/cell_kpi_hourly_anomaly.py
[2026-08-21T04:02:43.191+0000] {logging_mixin.py:188} INFO - [2026-08-21T04:02:43.190+0000] {dag.py:3096} INFO - Sync 1 DAGs
[2026-08-21T04:02:43.408+0000] {processor.py:183} INFO - Processing /opt/airflow/dags/cell_kpi_hourly_anomaly.py took 0.391 seconds
[2026-08-21T04:03:13.610+0000] {processor.py:161} INFO - Started process (PID=4123) to work on /opt/airflow/dags/cell_kpi_hourly_anomaly.py
[2026-08-21T04:03:13.611+0000] {processor.py:830} INFO - Processing file /opt/airflow/dags/cell_kpi_hourly_anomaly.py for tasks to queue
[2026-08-21T04:03:13.612+0000] {logging_mixin.py:188} INFO - [2026-08-21T04:03:13.612+0000] {dagbag.py:545} INFO - Filling up the DagBag from /opt/airflow/dags/cell_kpi_hourly_anomaly.py
[2026-08-21T04:03:13.632+0000] {processor.py:840} INFO - DAG(s) 'cell_kpi_hourly_anomaly_pipeline' retrieved from /opt/airflow/dags/cell_kpi_hourly_anomaly.py
[2026-08-21T04:03:13.644+0000] {logging_mixin.py:188} INFO - [2026-08-21T04:03:13.643+0000] {dag.py:3096} INFO - Sync 1 DAGs
[2026-08-21T04:03:13.672+0000] {processor.py:183} INFO - Processing /opt/airflow/dags/cell_kpi_hourly_anomaly.py took 0.068 seconds
[2026-08-21T04:03:43.783+0000] {processor.py:161} INFO - Started process (PID=4133) to work on /opt/airflow/dags/cell_kpi_hourly_anomaly.py
[2026-08-21T04:03:43.784+0000] {processor.py:830} INFO - Processing file /opt/airflow/dags/cell_kpi_hourly_anomaly.py for tasks to queue
[2026-08-21T04:03:43.785+0000] {logging_mixin.py:188} INFO - [2026-08-21T04:03:43.785+0000] {dagbag.py:545} INFO - Filling up the DagBag from /opt/airflow/dags/cell_kpi_hourly_anomaly.py
[2026-08-21T04:03:43.807+0000] {processor.py:840} INFO - DAG(s) 'cell_kpi_hourly_anomaly_pipeline' retrieved from /opt/airflow/dags/cell_kpi_hourly_anomaly.py
[2026-08-21T04:03:43.818+0000] {logging_mixin.py:188} INFO - [2026-08-21T04:03:43.818+0000] {dag.py:3096} INFO - Sync 1 DAGs
[2026-08-21T04:03:43.847+0000] {processor.py:183} INFO - Processing /opt/airflow/dags/cell_kpi_hourly_anomaly.py took 0.070 seconds
[2026-08-21T04:04:13.968+0000] {processor.py:161} INFO - Started process (PID=4143) to work on /opt/airflow/dags/cell_kpi_hourly_anomaly.py
[2026-08-21T04:04:13.969+0000] {processor.py:830} INFO - Processing file /opt/airflow/dags/cell_kpi_hourly_anomaly.py for tasks to queue
[2026-08-21T04:04:13.970+0000] {logging_mixin.py:188} INFO - [2026-08-21T04:04:13.970+0000] {dagbag.py:545} INFO - Filling up the DagBag from /opt/airflow/dags/cell_kpi_hourly_anomaly.py
[2026-08-21T04:04:13.993+0000] {processor.py:840} INFO - DAG(s) 'cell_kpi_hourly_anomaly_pipeline' retrieved from /opt/airflow/dags/cell_kpi_hourly_anomaly.py
[2026-08-21T04:04:14.005+0000] {logging_mixin.py:188} INFO - [2026-08-21T04:04:14.005+0000] {dag.py:3096} INFO - Sync 1 DAGs
[2026-08-21T04:04:14.034+0000] {processor.py:183} INFO - Processing /opt/airflow/dags/cell_kpi_hourly_anomaly.py took 0.074 seconds
[2026-08-21T04:04:44.145+0000] {processor.py:161} INFO - Started process (PID=4153) to work on /opt/airflow/dags/cell_kpi_hourly_anomaly.py
[2026-08-21T04:04:44.145+0000] {processor.py:830} INFO - Processing file /opt/airflow/dags/cell_kpi_hourly_anomaly.py for tasks to queue
[2026-08-21T04:04:44.147+0000] {logging_mixin.py:188} INFO - [2026-08-21T04:04:44.146+0000] {dagbag.py:545} INFO - Filling up the DagBag from /opt/airflow/dags/cell_kpi_hourly_anomaly.py
[2026-08-21T04:04:44.167+0000] {processor.py:840} INFO - DAG(s) 'cell_kpi_hourly_anomaly_pipeline' retrieved from /opt/airflow/dags/cell_kpi_hourly_anomaly.py
[2026-08-21T04:04:44.179+0000] {logging_mixin.py:188} INFO - [2026-08-21T04:04:44.179+0000] {dag.py:3096} INFO - Sync 1 DAGs
[2026-08-21T04:04:44.207+0000] {processor.py:183} INFO - Processing /opt/airflow/dags/cell_kpi_hourly_anomaly.py took 0.068 seconds
[2026-08-21T04:05:14.314+0000] {processor.py:161} INFO - Started process (PID=4163) to work on /opt/airflow/dags/cell_kpi_hourly_anomaly.py
[2026-08-21T04:05:14.315+0000] {processor.py:830} INFO - Processing file /opt/airflow/dags/cell_kpi_hourly_anomaly.py for tasks to queue
[2026-08-21T04:05:14.317+0000] {logging_mixin.py:188} INFO - [2026-08-21T04:05:14.317+0000] {dagbag.py:545} INFO - Filling up the DagBag from /opt/airflow/dags/cell_kpi_hourly_anomaly.py
[2026-08-21T04:05:14.338+0000] {processor.py:840} INFO - DAG(s) 'cell_kpi_hourly_anomaly_pipeline' retrieved from /opt/airflow/dags/cell_kpi_hourly_anomaly.py
[2026-08-21T04:05:14.349+0000] {logging_mixin.py:188} INFO - [2026-08-21T04:05:14.349+0000] {dag.py:3096} INFO - Sync 1 DAGs
[2026-08-21T04:05:14.379+0000] {processor.py:183} INFO - Processing /opt/airflow/dags/cell_kpi_hourly_anomaly.py took 0.071 seconds
[2026-08-21T04:05:44.481+0000] {processor.py:161} INFO - Started process (PID=4173) to work on /opt/airflow/dags/cell_kpi_hourly_anomaly.py
[2026-08-21T04:05:44.482+0000] {processor.py:830} INFO - Processing file /opt/airflow/dags/cell_kpi_hourly_anomaly.py for tasks to queue
[2026-08-21T04:05:44.483+0000] {logging_mixin.py:188} INFO - [2026-08-21T04:05:44.483+0000] {dagbag.py:545} INFO - Filling up the DagBag from /opt/airflow/dags/cell_kpi_hourly_anomaly.py
[2026-08-21T04:05:44.505+0000] {processor.py:840} INFO - DAG(s) 'cell_kpi_hourly_anomaly_pipeline' retrieved from /opt/airflow/dags/cell_kpi_hourly_anomaly.py
[2026-08-21T04:05:44.519+0000] {logging_mixin.py:188} INFO - [2026-08-21T04:05:44.518+0000] {dag.py:3096} INFO - Sync 1 DAGs
[2026-08-21T04:05:44.550+0000] {processor.py:183} INFO - Processing /opt/airflow/dags/cell_kpi_hourly_anomaly.py took 0.075 seconds
[2026-08-21T04:06:14.661+0000] {processor.py:161} INFO - Started process (PID=4183) to work on /opt/airflow/dags/cell_kpi_hourly_anomaly.py
[2026-08-21T04:06:14.662+0000] {processor.py:830} INFO - Processing file /opt/airflow/dags/cell_kpi_hourly_anomaly.py for tasks to queue
[2026-08-21T04:06:14.664+0000] {logging_mixin.py:188} INFO - [2026-08-21T04:06:14.664+0000] {dagbag.py:545} INFO - Filling up the DagBag from /opt/airflow/dags/cell_kpi_hourly_anomaly.py
[2026-08-21T04:06:14.690+0000] {processor.py:840} INFO - DAG(s) 'cell_kpi_hourly_anomaly_pipeline' retrieved from /opt/airflow/dags/cell_kpi_hourly_anomaly.py
[2026-08-21T04:06:14.704+0000] {logging_mixin.py:188} INFO - [2026-08-21T04:06:14.703+0000] {dag.py:3096} INFO - Sync 1 DAGs
[2026-08-21T04:06:14.733+0000] {processor.py:183} INFO - Processing /opt/airflow/dags/cell_kpi_hourly_anomaly.py took 0.079 seconds
[2026-08-21T04:06:44.839+0000] {processor.py:161} INFO - Started process (PID=4193) to work on /opt/airflow/dags/cell_kpi_hourly_anomaly.py
[2026-08-21T04:06:44.840+0000] {processor.py:830} INFO - Processing file /opt/airflow/dags/cell_kpi_hourly_anomaly.py for tasks to queue
[2026-08-21T04:06:44.841+0000] {logging_mixin.py:188} INFO - [2026-08-21T04:06:44.841+0000] {dagbag.py:545} INFO - Filling up the DagBag from /opt/airflow/dags/cell_kpi_hourly_anomaly.py
[2026-08-21T04:06:44.863+0000] {processor.py:840} INFO - DAG(s) 'cell_kpi_hourly_anomaly_pipeline' retrieved from /opt/airflow/dags/cell_kpi_hourly_anomaly.py
[2026-08-21T04:06:44.878+0000] {logging_mixin.py:188} INFO - [2026-08-21T04:06:44.878+0000] {dag.py:3096} INFO - Sync 1 DAGs
[2026-08-21T04:06:44.908+0000] {processor.py:183} INFO - Processing /opt/airflow/dags/cell_kpi_hourly_anomaly.py took 0.074 seconds
[2026-08-21T04:07:15.012+0000] {processor.py:161} INFO - Started process (PID=4203) to work on /opt/airflow/dags/cell_kpi_hourly_anomaly.py
[2026-08-21T04:07:15.012+0000] {processor.py:830} INFO - Processing file /opt/airflow/dags/cell_kpi_hourly_anomaly.py for tasks to queue
[2026-08-21T04:07:15.014+0000] {logging_mixin.py:188} INFO - [2026-08-21T04:07:15.013+0000] {dagbag.py:545} INFO - Filling up the DagBag from /opt/airflow/dags/cell_kpi_hourly_anomaly.py
[2026-08-21T04:07:15.034+0000] {processor.py:840} INFO - DAG(s) 'cell_kpi_hourly_anomaly_pipeline' retrieved from /opt/airflow/dags/cell_kpi_hourly_anomaly.py
[2026-08-21T04:07:15.045+0000] {logging_mixin.py:188} INFO - [2026-08-21T04:07:15.045+0000] {dag.py:3096} INFO - Sync 1 DAGs
[2026-08-21T04:07:15.075+0000] {processor.py:183} INFO - Processing /opt/airflow/dags/cell_kpi_hourly_anomaly.py took 0.068 seconds
[2026-08-21T04:07:45.127+0000] {processor.py:161} INFO - Started process (PID=4208) to work on /opt/airflow/dags/cell_kpi_hourly_anomaly.py
[2026-08-21T04:07:45.128+0000] {processor.py:830} INFO - Processing file /opt/airflow/dags/cell_kpi_hourly_anomaly.py for tasks to queue
[2026-08-21T04:07:45.129+0000] {logging_mixin.py:188} INFO - [2026-08-21T04:07:45.129+0000] {dagbag.py:545} INFO - Filling up the DagBag from /opt/airflow/dags/cell_kpi_hourly_anomaly.py
[2026-08-21T04:07:45.155+0000] {processor.py:840} INFO - DAG(s) 'cell_kpi_hourly_anomaly_pipeline' retrieved from /opt/airflow/dags/cell_kpi_hourly_anomaly.py
[2026-08-21T04:07:45.172+0000] {logging_mixin.py:188} INFO - [2026-08-21T04:07:45.172+0000] {dag.py:3096} INFO - Sync 1 DAGs
[2026-08-21T04:07:45.206+0000] {processor.py:183} INFO - Processing /opt/airflow/dags/cell_kpi_hourly_anomaly.py took 0.084 seconds
[2026-08-21T04:08:15.340+0000] {processor.py:161} INFO - Started process (PID=4218) to work on /opt/airflow/dags/cell_kpi_hourly_anomaly.py
[2026-08-21T04:08:15.341+0000] {processor.py:830} INFO - Processing file /opt/airflow/dags/cell_kpi_hourly_anomaly.py for tasks to queue
[2026-08-21T04:08:15.342+0000] {logging_mixin.py:188} INFO - [2026-08-21T04:08:15.342+0000] {dagbag.py:545} INFO - Filling up the DagBag from /opt/airflow/dags/cell_kpi_hourly_anomaly.py
[2026-08-21T04:08:15.372+0000] {processor.py:840} INFO - DAG(s) 'cell_kpi_hourly_anomaly_pipeline' retrieved from /opt/airflow/dags/cell_kpi_hourly_anomaly.py
[2026-08-21T04:08:15.386+0000] {logging_mixin.py:188} INFO - [2026-08-21T04:08:15.385+0000] {dag.py:3096} INFO - Sync 1 DAGs
[2026-08-21T04:08:15.617+0000] {processor.py:183} INFO - Processing /opt/airflow/dags/cell_kpi_hourly_anomaly.py took 0.285 seconds
[2026-08-21T04:08:45.770+0000] {processor.py:161} INFO - Started process (PID=4228) to work on /opt/airflow/dags/cell_kpi_hourly_anomaly.py
[2026-08-21T04:08:45.771+0000] {processor.py:830} INFO - Processing file /opt/airflow/dags/cell_kpi_hourly_anomaly.py for tasks to queue
[2026-08-21T04:08:45.773+0000] {logging_mixin.py:188} INFO - [2026-08-21T04:08:45.772+0000] {dagbag.py:545} INFO - Filling up the DagBag from /opt/airflow/dags/cell_kpi_hourly_anomaly.py
[2026-08-21T04:08:45.796+0000] {processor.py:840} INFO - DAG(s) 'cell_kpi_hourly_anomaly_pipeline' retrieved from /opt/airflow/dags/cell_kpi_hourly_anomaly.py
[2026-08-21T04:08:45.808+0000] {logging_mixin.py:188} INFO - [2026-08-21T04:08:45.808+0000] {dag.py:3096} INFO - Sync 1 DAGs
[2026-08-21T04:08:45.838+0000] {processor.py:183} INFO - Processing /opt/airflow/dags/cell_kpi_hourly_anomaly.py took 0.075 seconds
[2026-08-21T04:09:15.971+0000] {processor.py:161} INFO - Started process (PID=4238) to work on /opt/airflow/dags/cell_kpi_hourly_anomaly.py
[2026-08-21T04:09:15.972+0000] {processor.py:830} INFO - Processing file /opt/airflow/dags/cell_kpi_hourly_anomaly.py for tasks to queue
[2026-08-21T04:09:15.974+0000] {logging_mixin.py:188} INFO - [2026-08-21T04:09:15.973+0000] {dagbag.py:545} INFO - Filling up the DagBag from /opt/airflow/dags/cell_kpi_hourly_anomaly.py
[2026-08-21T04:09:15.996+0000] {processor.py:840} INFO - DAG(s) 'cell_kpi_hourly_anomaly_pipeline' retrieved from /opt/airflow/dags/cell_kpi_hourly_anomaly.py
[2026-08-21T04:09:16.007+0000] {logging_mixin.py:188} INFO - [2026-08-21T04:09:16.007+0000] {dag.py:3096} INFO - Sync 1 DAGs
[2026-08-21T04:09:16.024+0000] {logging_mixin.py:188} INFO - [2026-08-21T04:09:16.024+0000] {dag.py:3954} INFO - Setting next_dagrun for cell_kpi_hourly_anomaly_pipeline to 2025-05-31 17:00:00+00:00, run_after=2025-05-31 18:00:00+00:00
[2026-08-21T04:09:16.037+0000] {processor.py:183} INFO - Processing /opt/airflow/dags/cell_kpi_hourly_anomaly.py took 0.073 seconds
[2026-08-21T04:09:46.175+0000] {processor.py:161} INFO - Started process (PID=4248) to work on /opt/airflow/dags/cell_kpi_hourly_anomaly.py
[2026-08-21T04:09:46.176+0000] {processor.py:830} INFO - Processing file /opt/airflow/dags/cell_kpi_hourly_anomaly.py for tasks to queue
[2026-08-21T04:09:46.177+0000] {logging_mixin.py:188} INFO - [2026-08-21T04:09:46.177+0000] {dagbag.py:545} INFO - Filling up the DagBag from /opt/airflow/dags/cell_kpi_hourly_anomaly.py
[2026-08-21T04:09:46.198+0000] {processor.py:840} INFO - DAG(s) 'cell_kpi_hourly_anomaly_pipeline' retrieved from /opt/airflow/dags/cell_kpi_hourly_anomaly.py
[2026-08-21T04:09:46.210+0000] {logging_mixin.py:188} INFO - [2026-08-21T04:09:46.210+0000] {dag.py:3096} INFO - Sync 1 DAGs
[2026-08-21T04:09:46.227+0000] {logging_mixin.py:188} INFO - [2026-08-21T04:09:46.227+0000] {dag.py:3954} INFO - Setting next_dagrun for cell_kpi_hourly_anomaly_pipeline to 2025-05-31 17:00:00+00:00, run_after=2025-05-31 18:00:00+00:00
[2026-08-21T04:09:46.241+0000] {processor.py:183} INFO - Processing /opt/airflow/dags/cell_kpi_hourly_anomaly.py took 0.071 seconds
[2026-08-21T04:10:16.491+0000] {processor.py:161} INFO - Started process (PID=4501) to work on /opt/airflow/dags/cell_kpi_hourly_anomaly.py
[2026-08-21T04:10:16.492+0000] {processor.py:830} INFO - Processing file /opt/airflow/dags/cell_kpi_hourly_anomaly.py for tasks to queue
[2026-08-21T04:10:16.494+0000] {logging_mixin.py:188} INFO - [2026-08-21T04:10:16.494+0000] {dagbag.py:545} INFO - Filling up the DagBag from /opt/airflow/dags/cell_kpi_hourly_anomaly.py
[2026-08-21T04:10:16.517+0000] {processor.py:840} INFO - DAG(s) 'cell_kpi_hourly_anomaly_pipeline' retrieved from /opt/airflow/dags/cell_kpi_hourly_anomaly.py
[2026-08-21T04:10:16.529+0000] {logging_mixin.py:188} INFO - [2026-08-21T04:10:16.529+0000] {dag.py:3096} INFO - Sync 1 DAGs
[2026-08-21T04:10:16.666+0000] {processor.py:183} INFO - Processing /opt/airflow/dags/cell_kpi_hourly_anomaly.py took 0.183 seconds
[2026-08-21T04:10:46.792+0000] {processor.py:161} INFO - Started process (PID=4519) to work on /opt/airflow/dags/cell_kpi_hourly_anomaly.py
[2026-08-21T04:10:46.793+0000] {processor.py:830} INFO - Processing file /opt/airflow/dags/cell_kpi_hourly_anomaly.py for tasks to queue
[2026-08-21T04:10:46.794+0000] {logging_mixin.py:188} INFO - [2026-08-21T04:10:46.794+0000] {dagbag.py:545} INFO - Filling up the DagBag from /opt/airflow/dags/cell_kpi_hourly_anomaly.py
[2026-08-21T04:10:46.815+0000] {processor.py:840} INFO - DAG(s) 'cell_kpi_hourly_anomaly_pipeline' retrieved from /opt/airflow/dags/cell_kpi_hourly_anomaly.py
[2026-08-21T04:10:46.827+0000] {logging_mixin.py:188} INFO - [2026-08-21T04:10:46.827+0000] {dag.py:3096} INFO - Sync 1 DAGs
[2026-08-21T04:10:46.856+0000] {processor.py:183} INFO - Processing /opt/airflow/dags/cell_kpi_hourly_anomaly.py took 0.069 seconds
[2026-08-21T04:11:16.984+0000] {processor.py:161} INFO - Started process (PID=4529) to work on /opt/airflow/dags/cell_kpi_hourly_anomaly.py
[2026-08-21T04:11:16.985+0000] {processor.py:830} INFO - Processing file /opt/airflow/dags/cell_kpi_hourly_anomaly.py for tasks to queue
[2026-08-21T04:11:16.986+0000] {logging_mixin.py:188} INFO - [2026-08-21T04:11:16.986+0000] {dagbag.py:545} INFO - Filling up the DagBag from /opt/airflow/dags/cell_kpi_hourly_anomaly.py
[2026-08-21T04:11:17.007+0000] {processor.py:840} INFO - DAG(s) 'cell_kpi_hourly_anomaly_pipeline' retrieved from /opt/airflow/dags/cell_kpi_hourly_anomaly.py
[2026-08-21T04:11:17.018+0000] {logging_mixin.py:188} INFO - [2026-08-21T04:11:17.018+0000] {dag.py:3096} INFO - Sync 1 DAGs
[2026-08-21T04:11:17.046+0000] {processor.py:183} INFO - Processing /opt/airflow/dags/cell_kpi_hourly_anomaly.py took 0.067 seconds
[2026-08-21T04:11:47.171+0000] {processor.py:161} INFO - Started process (PID=4539) to work on /opt/airflow/dags/cell_kpi_hourly_anomaly.py
[2026-08-21T04:11:47.172+0000] {processor.py:830} INFO - Processing file /opt/airflow/dags/cell_kpi_hourly_anomaly.py for tasks to queue
[2026-08-21T04:11:47.173+0000] {logging_mixin.py:188} INFO - [2026-08-21T04:11:47.173+0000] {dagbag.py:545} INFO - Filling up the DagBag from /opt/airflow/dags/cell_kpi_hourly_anomaly.py
[2026-08-21T04:11:47.196+0000] {processor.py:840} INFO - DAG(s) 'cell_kpi_hourly_anomaly_pipeline' retrieved from /opt/airflow/dags/cell_kpi_hourly_anomaly.py
[2026-08-21T04:11:47.212+0000] {logging_mixin.py:188} INFO - [2026-08-21T04:11:47.211+0000] {dag.py:3096} INFO - Sync 1 DAGs
[2026-08-21T04:11:47.250+0000] {processor.py:183} INFO - Processing /opt/airflow/dags/cell_kpi_hourly_anomaly.py took 0.084 seconds
[2026-08-21T04:12:17.381+0000] {processor.py:161} INFO - Started process (PID=4549) to work on /opt/airflow/dags/cell_kpi_hourly_anomaly.py
[2026-08-21T04:12:17.382+0000] {processor.py:830} INFO - Processing file /opt/airflow/dags/cell_kpi_hourly_anomaly.py for tasks to queue
[2026-08-21T04:12:17.383+0000] {logging_mixin.py:188} INFO - [2026-08-21T04:12:17.383+0000] {dagbag.py:545} INFO - Filling up the DagBag from /opt/airflow/dags/cell_kpi_hourly_anomaly.py
[2026-08-21T04:12:17.403+0000] {processor.py:840} INFO - DAG(s) 'cell_kpi_hourly_anomaly_pipeline' retrieved from /opt/airflow/dags/cell_kpi_hourly_anomaly.py
[2026-08-21T04:12:17.415+0000] {logging_mixin.py:188} INFO - [2026-08-21T04:12:17.415+0000] {dag.py:3096} INFO - Sync 1 DAGs
[2026-08-21T04:12:17.554+0000] {processor.py:183} INFO - Processing /opt/airflow/dags/cell_kpi_hourly_anomaly.py took 0.179 seconds
[2026-08-21T04:12:47.692+0000] {processor.py:161} INFO - Started process (PID=4608) to work on /opt/airflow/dags/cell_kpi_hourly_anomaly.py
[2026-08-21T04:12:47.693+0000] {processor.py:830} INFO - Processing file /opt/airflow/dags/cell_kpi_hourly_anomaly.py for tasks to queue
[2026-08-21T04:12:47.694+0000] {logging_mixin.py:188} INFO - [2026-08-21T04:12:47.694+0000] {dagbag.py:545} INFO - Filling up the DagBag from /opt/airflow/dags/cell_kpi_hourly_anomaly.py
[2026-08-21T04:12:47.715+0000] {processor.py:840} INFO - DAG(s) 'cell_kpi_hourly_anomaly_pipeline' retrieved from /opt/airflow/dags/cell_kpi_hourly_anomaly.py
[2026-08-21T04:12:47.727+0000] {logging_mixin.py:188} INFO - [2026-08-21T04:12:47.727+0000] {dag.py:3096} INFO - Sync 1 DAGs
[2026-08-21T04:12:47.755+0000] {processor.py:183} INFO - Processing /opt/airflow/dags/cell_kpi_hourly_anomaly.py took 0.068 seconds
[2026-08-21T04:13:17.887+0000] {processor.py:161} INFO - Started process (PID=4618) to work on /opt/airflow/dags/cell_kpi_hourly_anomaly.py
[2026-08-21T04:13:17.887+0000] {processor.py:830} INFO - Processing file /opt/airflow/dags/cell_kpi_hourly_anomaly.py for tasks to queue
[2026-08-21T04:13:17.889+0000] {logging_mixin.py:188} INFO - [2026-08-21T04:13:17.889+0000] {dagbag.py:545} INFO - Filling up the DagBag from /opt/airflow/dags/cell_kpi_hourly_anomaly.py
[2026-08-21T04:13:17.917+0000] {processor.py:840} INFO - DAG(s) 'cell_kpi_hourly_anomaly_pipeline' retrieved from /opt/airflow/dags/cell_kpi_hourly_anomaly.py
[2026-08-21T04:13:17.931+0000] {logging_mixin.py:188} INFO - [2026-08-21T04:13:17.931+0000] {dag.py:3096} INFO - Sync 1 DAGs
[2026-08-21T04:13:17.960+0000] {processor.py:183} INFO - Processing /opt/airflow/dags/cell_kpi_hourly_anomaly.py took 0.081 seconds
[2026-08-21T04:13:48.086+0000] {processor.py:161} INFO - Started process (PID=4628) to work on /opt/airflow/dags/cell_kpi_hourly_anomaly.py
[2026-08-21T04:13:48.087+0000] {processor.py:830} INFO - Processing file /opt/airflow/dags/cell_kpi_hourly_anomaly.py for tasks to queue
[2026-08-21T04:13:48.088+0000] {logging_mixin.py:188} INFO - [2026-08-21T04:13:48.088+0000] {dagbag.py:545} INFO - Filling up the DagBag from /opt/airflow/dags/cell_kpi_hourly_anomaly.py
[2026-08-21T04:13:48.109+0000] {processor.py:840} INFO - DAG(s) 'cell_kpi_hourly_anomaly_pipeline' retrieved from /opt/airflow/dags/cell_kpi_hourly_anomaly.py
[2026-08-21T04:13:48.120+0000] {logging_mixin.py:188} INFO - [2026-08-21T04:13:48.120+0000] {dag.py:3096} INFO - Sync 1 DAGs
[2026-08-21T04:13:48.136+0000] {logging_mixin.py:188} INFO - [2026-08-21T04:13:48.136+0000] {dag.py:3954} INFO - Setting next_dagrun for cell_kpi_hourly_anomaly_pipeline to 2025-05-31 17:00:00+00:00, run_after=2025-05-31 18:00:00+00:00
[2026-08-21T04:13:48.150+0000] {processor.py:183} INFO - Processing /opt/airflow/dags/cell_kpi_hourly_anomaly.py took 0.069 seconds
[2026-08-21T04:14:18.285+0000] {processor.py:161} INFO - Started process (PID=4638) to work on /opt/airflow/dags/cell_kpi_hourly_anomaly.py
[2026-08-21T04:14:18.286+0000] {processor.py:830} INFO - Processing file /opt/airflow/dags/cell_kpi_hourly_anomaly.py for tasks to queue
[2026-08-21T04:14:18.288+0000] {logging_mixin.py:188} INFO - [2026-08-21T04:14:18.287+0000] {dagbag.py:545} INFO - Filling up the DagBag from /opt/airflow/dags/cell_kpi_hourly_anomaly.py
[2026-08-21T04:14:18.309+0000] {processor.py:840} INFO - DAG(s) 'cell_kpi_hourly_anomaly_pipeline' retrieved from /opt/airflow/dags/cell_kpi_hourly_anomaly.py
[2026-08-21T04:14:18.321+0000] {logging_mixin.py:188} INFO - [2026-08-21T04:14:18.321+0000] {dag.py:3096} INFO - Sync 1 DAGs
[2026-08-21T04:14:18.338+0000] {logging_mixin.py:188} INFO - [2026-08-21T04:14:18.338+0000] {dag.py:3954} INFO - Setting next_dagrun for cell_kpi_hourly_anomaly_pipeline to 2025-05-31 17:00:00+00:00, run_after=2025-05-31 18:00:00+00:00
[2026-08-21T04:14:18.472+0000] {processor.py:183} INFO - Processing /opt/airflow/dags/cell_kpi_hourly_anomaly.py took 0.194 seconds
[2026-08-21T04:14:48.605+0000] {processor.py:161} INFO - Started process (PID=4648) to work on /opt/airflow/dags/cell_kpi_hourly_anomaly.py
[2026-08-21T04:14:48.606+0000] {processor.py:830} INFO - Processing file /opt/airflow/dags/cell_kpi_hourly_anomaly.py for tasks to queue
[2026-08-21T04:14:48.607+0000] {logging_mixin.py:188} INFO - [2026-08-21T04:14:48.607+0000] {dagbag.py:545} INFO - Filling up the DagBag from /opt/airflow/dags/cell_kpi_hourly_anomaly.py
[2026-08-21T04:14:48.631+0000] {processor.py:840} INFO - DAG(s) 'cell_kpi_hourly_anomaly_pipeline' retrieved from /opt/airflow/dags/cell_kpi_hourly_anomaly.py
[2026-08-21T04:14:48.647+0000] {logging_mixin.py:188} INFO - [2026-08-21T04:14:48.647+0000] {dag.py:3096} INFO - Sync 1 DAGs
[2026-08-21T04:14:48.781+0000] {logging_mixin.py:188} INFO - [2026-08-21T04:14:48.780+0000] {dag.py:3954} INFO - Setting next_dagrun for cell_kpi_hourly_anomaly_pipeline to 2025-05-31 17:00:00+00:00, run_after=2025-05-31 18:00:00+00:00
[2026-08-21T04:14:48.795+0000] {processor.py:183} INFO - Processing /opt/airflow/dags/cell_kpi_hourly_anomaly.py took 0.195 seconds
[2026-08-21T04:15:18.935+0000] {processor.py:161} INFO - Started process (PID=4658) to work on /opt/airflow/dags/cell_kpi_hourly_anomaly.py
[2026-08-21T04:15:18.935+0000] {processor.py:830} INFO - Processing file /opt/airflow/dags/cell_kpi_hourly_anomaly.py for tasks to queue
[2026-08-21T04:15:18.937+0000] {logging_mixin.py:188} INFO - [2026-08-21T04:15:18.936+0000] {dagbag.py:545} INFO - Filling up the DagBag from /opt/airflow/dags/cell_kpi_hourly_anomaly.py
[2026-08-21T04:15:18.958+0000] {processor.py:840} INFO - DAG(s) 'cell_kpi_hourly_anomaly_pipeline' retrieved from /opt/airflow/dags/cell_kpi_hourly_anomaly.py
[2026-08-21T04:15:18.974+0000] {logging_mixin.py:188} INFO - [2026-08-21T04:15:18.973+0000] {dag.py:3096} INFO - Sync 1 DAGs
[2026-08-21T04:15:18.991+0000] {logging_mixin.py:188} INFO - [2026-08-21T04:15:18.991+0000] {dag.py:3954} INFO - Setting next_dagrun for cell_kpi_hourly_anomaly_pipeline to 2025-05-31 17:00:00+00:00, run_after=2025-05-31 18:00:00+00:00
[2026-08-21T04:15:19.006+0000] {processor.py:183} INFO - Processing /opt/airflow/dags/cell_kpi_hourly_anomaly.py took 0.076 seconds
[2026-08-21T04:15:49.301+0000] {processor.py:161} INFO - Started process (PID=4894) to work on /opt/airflow/dags/cell_kpi_hourly_anomaly.py
[2026-08-21T04:15:49.306+0000] {processor.py:830} INFO - Processing file /opt/airflow/dags/cell_kpi_hourly_anomaly.py for tasks to queue
[2026-08-21T04:15:49.311+0000] {logging_mixin.py:188} INFO - [2026-08-21T04:15:49.311+0000] {dagbag.py:545} INFO - Filling up the DagBag from /opt/airflow/dags/cell_kpi_hourly_anomaly.py
[2026-08-21T04:15:49.404+0000] {processor.py:840} INFO - DAG(s) 'cell_kpi_hourly_anomaly_pipeline' retrieved from /opt/airflow/dags/cell_kpi_hourly_anomaly.py
[2026-08-21T04:15:49.465+0000] {logging_mixin.py:188} INFO - [2026-08-21T04:15:49.465+0000] {dag.py:3096} INFO - Sync 1 DAGs
[2026-08-21T04:15:49.596+0000] {processor.py:183} INFO - Processing /opt/airflow/dags/cell_kpi_hourly_anomaly.py took 0.314 seconds
[2026-08-21T04:16:19.888+0000] {processor.py:161} INFO - Started process (PID=5004) to work on /opt/airflow/dags/cell_kpi_hourly_anomaly.py
[2026-08-21T04:16:19.891+0000] {processor.py:830} INFO - Processing file /opt/airflow/dags/cell_kpi_hourly_anomaly.py for tasks to queue
[2026-08-21T04:16:19.893+0000] {logging_mixin.py:188} INFO - [2026-08-21T04:16:19.893+0000] {dagbag.py:545} INFO - Filling up the DagBag from /opt/airflow/dags/cell_kpi_hourly_anomaly.py
[2026-08-21T04:16:19.937+0000] {processor.py:840} INFO - DAG(s) 'cell_kpi_hourly_anomaly_pipeline' retrieved from /opt/airflow/dags/cell_kpi_hourly_anomaly.py
[2026-08-21T04:16:19.962+0000] {logging_mixin.py:188} INFO - [2026-08-21T04:16:19.961+0000] {dag.py:3096} INFO - Sync 1 DAGs
[2026-08-21T04:16:20.211+0000] {processor.py:183} INFO - Processing /opt/airflow/dags/cell_kpi_hourly_anomaly.py took 0.337 seconds
[2026-08-21T04:16:50.503+0000] {processor.py:161} INFO - Started process (PID=5196) to work on /opt/airflow/dags/cell_kpi_hourly_anomaly.py
[2026-08-21T04:16:50.505+0000] {processor.py:830} INFO - Processing file /opt/airflow/dags/cell_kpi_hourly_anomaly.py for tasks to queue
[2026-08-21T04:16:50.508+0000] {logging_mixin.py:188} INFO - [2026-08-21T04:16:50.508+0000] {dagbag.py:545} INFO - Filling up the DagBag from /opt/airflow/dags/cell_kpi_hourly_anomaly.py
[2026-08-21T04:16:50.557+0000] {processor.py:840} INFO - DAG(s) 'cell_kpi_hourly_anomaly_pipeline' retrieved from /opt/airflow/dags/cell_kpi_hourly_anomaly.py
[2026-08-21T04:16:50.586+0000] {logging_mixin.py:188} INFO - [2026-08-21T04:16:50.586+0000] {dag.py:3096} INFO - Sync 1 DAGs
[2026-08-21T04:16:50.826+0000] {processor.py:183} INFO - Processing /opt/airflow/dags/cell_kpi_hourly_anomaly.py took 0.341 seconds
[2026-08-21T04:17:21.099+0000] {processor.py:161} INFO - Started process (PID=5338) to work on /opt/airflow/dags/cell_kpi_hourly_anomaly.py
[2026-08-21T04:17:21.103+0000] {processor.py:830} INFO - Processing file /opt/airflow/dags/cell_kpi_hourly_anomaly.py for tasks to queue
[2026-08-21T04:17:21.105+0000] {logging_mixin.py:188} INFO - [2026-08-21T04:17:21.105+0000] {dagbag.py:545} INFO - Filling up the DagBag from /opt/airflow/dags/cell_kpi_hourly_anomaly.py
[2026-08-21T04:17:21.182+0000] {processor.py:840} INFO - DAG(s) 'cell_kpi_hourly_anomaly_pipeline' retrieved from /opt/airflow/dags/cell_kpi_hourly_anomaly.py
[2026-08-21T04:17:21.237+0000] {logging_mixin.py:188} INFO - [2026-08-21T04:17:21.237+0000] {dag.py:3096} INFO - Sync 1 DAGs
[2026-08-21T04:17:21.381+0000] {processor.py:183} INFO - Processing /opt/airflow/dags/cell_kpi_hourly_anomaly.py took 0.296 seconds
[2026-08-21T04:17:51.595+0000] {processor.py:161} INFO - Started process (PID=5408) to work on /opt/airflow/dags/cell_kpi_hourly_anomaly.py
[2026-08-21T04:17:51.596+0000] {processor.py:830} INFO - Processing file /opt/airflow/dags/cell_kpi_hourly_anomaly.py for tasks to queue
[2026-08-21T04:17:51.598+0000] {logging_mixin.py:188} INFO - [2026-08-21T04:17:51.597+0000] {dagbag.py:545} INFO - Filling up the DagBag from /opt/airflow/dags/cell_kpi_hourly_anomaly.py
[2026-08-21T04:17:51.620+0000] {processor.py:840} INFO - DAG(s) 'cell_kpi_hourly_anomaly_pipeline' retrieved from /opt/airflow/dags/cell_kpi_hourly_anomaly.py
[2026-08-21T04:17:51.632+0000] {logging_mixin.py:188} INFO - [2026-08-21T04:17:51.632+0000] {dag.py:3096} INFO - Sync 1 DAGs
[2026-08-21T04:17:51.661+0000] {processor.py:183} INFO - Processing /opt/airflow/dags/cell_kpi_hourly_anomaly.py took 0.072 seconds
[2026-08-21T04:18:21.789+0000] {processor.py:161} INFO - Started process (PID=5418) to work on /opt/airflow/dags/cell_kpi_hourly_anomaly.py
[2026-08-21T04:18:21.790+0000] {processor.py:830} INFO - Processing file /opt/airflow/dags/cell_kpi_hourly_anomaly.py for tasks to queue
[2026-08-21T04:18:21.791+0000] {logging_mixin.py:188} INFO - [2026-08-21T04:18:21.791+0000] {dagbag.py:545} INFO - Filling up the DagBag from /opt/airflow/dags/cell_kpi_hourly_anomaly.py
[2026-08-21T04:18:21.814+0000] {processor.py:840} INFO - DAG(s) 'cell_kpi_hourly_anomaly_pipeline' retrieved from /opt/airflow/dags/cell_kpi_hourly_anomaly.py
[2026-08-21T04:18:21.826+0000] {logging_mixin.py:188} INFO - [2026-08-21T04:18:21.826+0000] {dag.py:3096} INFO - Sync 1 DAGs
[2026-08-21T04:18:21.971+0000] {processor.py:183} INFO - Processing /opt/airflow/dags/cell_kpi_hourly_anomaly.py took 0.189 seconds
[2026-08-21T04:18:52.102+0000] {processor.py:161} INFO - Started process (PID=5428) to work on /opt/airflow/dags/cell_kpi_hourly_anomaly.py
[2026-08-21T04:18:52.103+0000] {processor.py:830} INFO - Processing file /opt/airflow/dags/cell_kpi_hourly_anomaly.py for tasks to queue
[2026-08-21T04:18:52.104+0000] {logging_mixin.py:188} INFO - [2026-08-21T04:18:52.104+0000] {dagbag.py:545} INFO - Filling up the DagBag from /opt/airflow/dags/cell_kpi_hourly_anomaly.py
[2026-08-21T04:18:52.126+0000] {processor.py:840} INFO - DAG(s) 'cell_kpi_hourly_anomaly_pipeline' retrieved from /opt/airflow/dags/cell_kpi_hourly_anomaly.py
[2026-08-21T04:18:52.138+0000] {logging_mixin.py:188} INFO - [2026-08-21T04:18:52.138+0000] {dag.py:3096} INFO - Sync 1 DAGs
[2026-08-21T04:18:52.285+0000] {processor.py:183} INFO - Processing /opt/airflow/dags/cell_kpi_hourly_anomaly.py took 0.188 seconds
[2026-08-21T04:19:22.421+0000] {processor.py:161} INFO - Started process (PID=5438) to work on /opt/airflow/dags/cell_kpi_hourly_anomaly.py
[2026-08-21T04:19:22.422+0000] {processor.py:830} INFO - Processing file /opt/airflow/dags/cell_kpi_hourly_anomaly.py for tasks to queue
[2026-08-21T04:19:22.424+0000] {logging_mixin.py:188} INFO - [2026-08-21T04:19:22.423+0000] {dagbag.py:545} INFO - Filling up the DagBag from /opt/airflow/dags/cell_kpi_hourly_anomaly.py
[2026-08-21T04:19:22.571+0000] {processor.py:840} INFO - DAG(s) 'cell_kpi_hourly_anomaly_pipeline' retrieved from /opt/airflow/dags/cell_kpi_hourly_anomaly.py
[2026-08-21T04:19:22.582+0000] {logging_mixin.py:188} INFO - [2026-08-21T04:19:22.582+0000] {dag.py:3096} INFO - Sync 1 DAGs
[2026-08-21T04:19:22.608+0000] {processor.py:183} INFO - Processing /opt/airflow/dags/cell_kpi_hourly_anomaly.py took 0.193 seconds
[2026-08-21T04:19:52.731+0000] {processor.py:161} INFO - Started process (PID=5448) to work on /opt/airflow/dags/cell_kpi_hourly_anomaly.py
[2026-08-21T04:19:52.731+0000] {processor.py:830} INFO - Processing file /opt/airflow/dags/cell_kpi_hourly_anomaly.py for tasks to queue
[2026-08-21T04:19:52.733+0000] {logging_mixin.py:188} INFO - [2026-08-21T04:19:52.733+0000] {dagbag.py:545} INFO - Filling up the DagBag from /opt/airflow/dags/cell_kpi_hourly_anomaly.py
[2026-08-21T04:19:52.754+0000] {processor.py:840} INFO - DAG(s) 'cell_kpi_hourly_anomaly_pipeline' retrieved from /opt/airflow/dags/cell_kpi_hourly_anomaly.py
[2026-08-21T04:19:52.767+0000] {logging_mixin.py:188} INFO - [2026-08-21T04:19:52.767+0000] {dag.py:3096} INFO - Sync 1 DAGs
[2026-08-21T04:19:52.797+0000] {processor.py:183} INFO - Processing /opt/airflow/dags/cell_kpi_hourly_anomaly.py took 0.071 seconds
[2026-08-21T04:20:22.919+0000] {processor.py:161} INFO - Started process (PID=5458) to work on /opt/airflow/dags/cell_kpi_hourly_anomaly.py
[2026-08-21T04:20:22.920+0000] {processor.py:830} INFO - Processing file /opt/airflow/dags/cell_kpi_hourly_anomaly.py for tasks to queue
[2026-08-21T04:20:22.921+0000] {logging_mixin.py:188} INFO - [2026-08-21T04:20:22.921+0000] {dagbag.py:545} INFO - Filling up the DagBag from /opt/airflow/dags/cell_kpi_hourly_anomaly.py
[2026-08-21T04:20:22.942+0000] {processor.py:840} INFO - DAG(s) 'cell_kpi_hourly_anomaly_pipeline' retrieved from /opt/airflow/dags/cell_kpi_hourly_anomaly.py
[2026-08-21T04:20:22.955+0000] {logging_mixin.py:188} INFO - [2026-08-21T04:20:22.955+0000] {dag.py:3096} INFO - Sync 1 DAGs
[2026-08-21T04:20:23.105+0000] {processor.py:183} INFO - Processing /opt/airflow/dags/cell_kpi_hourly_anomaly.py took 0.191 seconds
[2026-08-21T04:20:53.230+0000] {processor.py:161} INFO - Started process (PID=5468) to work on /opt/airflow/dags/cell_kpi_hourly_anomaly.py
[2026-08-21T04:20:53.230+0000] {processor.py:830} INFO - Processing file /opt/airflow/dags/cell_kpi_hourly_anomaly.py for tasks to queue
[2026-08-21T04:20:53.232+0000] {logging_mixin.py:188} INFO - [2026-08-21T04:20:53.231+0000] {dagbag.py:545} INFO - Filling up the DagBag from /opt/airflow/dags/cell_kpi_hourly_anomaly.py
[2026-08-21T04:20:53.252+0000] {processor.py:840} INFO - DAG(s) 'cell_kpi_hourly_anomaly_pipeline' retrieved from /opt/airflow/dags/cell_kpi_hourly_anomaly.py
[2026-08-21T04:20:53.266+0000] {logging_mixin.py:188} INFO - [2026-08-21T04:20:53.266+0000] {dag.py:3096} INFO - Sync 1 DAGs
[2026-08-21T04:20:53.417+0000] {processor.py:183} INFO - Processing /opt/airflow/dags/cell_kpi_hourly_anomaly.py took 0.193 seconds
[2026-08-21T04:21:23.536+0000] {processor.py:161} INFO - Started process (PID=5478) to work on /opt/airflow/dags/cell_kpi_hourly_anomaly.py
[2026-08-21T04:21:23.537+0000] {processor.py:830} INFO - Processing file /opt/airflow/dags/cell_kpi_hourly_anomaly.py for tasks to queue
[2026-08-21T04:21:23.538+0000] {logging_mixin.py:188} INFO - [2026-08-21T04:21:23.538+0000] {dagbag.py:545} INFO - Filling up the DagBag from /opt/airflow/dags/cell_kpi_hourly_anomaly.py
[2026-08-21T04:21:23.682+0000] {processor.py:840} INFO - DAG(s) 'cell_kpi_hourly_anomaly_pipeline' retrieved from /opt/airflow/dags/cell_kpi_hourly_anomaly.py
[2026-08-21T04:21:23.693+0000] {logging_mixin.py:188} INFO - [2026-08-21T04:21:23.693+0000] {dag.py:3096} INFO - Sync 1 DAGs
[2026-08-21T04:21:23.723+0000] {processor.py:183} INFO - Processing /opt/airflow/dags/cell_kpi_hourly_anomaly.py took 0.192 seconds
[2026-08-21T04:21:53.980+0000] {processor.py:161} INFO - Started process (PID=5488) to work on /opt/airflow/dags/cell_kpi_hourly_anomaly.py
[2026-08-21T04:21:53.981+0000] {processor.py:830} INFO - Processing file /opt/airflow/dags/cell_kpi_hourly_anomaly.py for tasks to queue
[2026-08-21T04:21:53.982+0000] {logging_mixin.py:188} INFO - [2026-08-21T04:21:53.982+0000] {dagbag.py:545} INFO - Filling up the DagBag from /opt/airflow/dags/cell_kpi_hourly_anomaly.py
[2026-08-21T04:21:54.008+0000] {processor.py:840} INFO - DAG(s) 'cell_kpi_hourly_anomaly_pipeline' retrieved from /opt/airflow/dags/cell_kpi_hourly_anomaly.py
[2026-08-21T04:21:54.024+0000] {logging_mixin.py:188} INFO - [2026-08-21T04:21:54.024+0000] {dag.py:3096} INFO - Sync 1 DAGs
[2026-08-21T04:21:54.054+0000] {processor.py:183} INFO - Processing /opt/airflow/dags/cell_kpi_hourly_anomaly.py took 0.080 seconds
[2026-08-21T04:22:24.185+0000] {processor.py:161} INFO - Started process (PID=5498) to work on /opt/airflow/dags/cell_kpi_hourly_anomaly.py
[2026-08-21T04:22:24.186+0000] {processor.py:830} INFO - Processing file /opt/airflow/dags/cell_kpi_hourly_anomaly.py for tasks to queue
[2026-08-21T04:22:24.187+0000] {logging_mixin.py:188} INFO - [2026-08-21T04:22:24.187+0000] {dagbag.py:545} INFO - Filling up the DagBag from /opt/airflow/dags/cell_kpi_hourly_anomaly.py
[2026-08-21T04:22:24.208+0000] {processor.py:840} INFO - DAG(s) 'cell_kpi_hourly_anomaly_pipeline' retrieved from /opt/airflow/dags/cell_kpi_hourly_anomaly.py
[2026-08-21T04:22:24.220+0000] {logging_mixin.py:188} INFO - [2026-08-21T04:22:24.220+0000] {dag.py:3096} INFO - Sync 1 DAGs
[2026-08-21T04:22:24.237+0000] {logging_mixin.py:188} INFO - [2026-08-21T04:22:24.237+0000] {dag.py:3954} INFO - Setting next_dagrun for cell_kpi_hourly_anomaly_pipeline to 2025-05-31 17:00:00+00:00, run_after=2025-05-31 18:00:00+00:00
[2026-08-21T04:22:24.251+0000] {processor.py:183} INFO - Processing /opt/airflow/dags/cell_kpi_hourly_anomaly.py took 0.072 seconds
[2026-08-21T04:22:54.402+0000] {processor.py:161} INFO - Started process (PID=5508) to work on /opt/airflow/dags/cell_kpi_hourly_anomaly.py
[2026-08-21T04:22:54.403+0000] {processor.py:830} INFO - Processing file /opt/airflow/dags/cell_kpi_hourly_anomaly.py for tasks to queue
[2026-08-21T04:22:54.405+0000] {logging_mixin.py:188} INFO - [2026-08-21T04:22:54.405+0000] {dagbag.py:545} INFO - Filling up the DagBag from /opt/airflow/dags/cell_kpi_hourly_anomaly.py
[2026-08-21T04:22:54.428+0000] {processor.py:840} INFO - DAG(s) 'cell_kpi_hourly_anomaly_pipeline' retrieved from /opt/airflow/dags/cell_kpi_hourly_anomaly.py
[2026-08-21T04:22:54.440+0000] {logging_mixin.py:188} INFO - [2026-08-21T04:22:54.440+0000] {dag.py:3096} INFO - Sync 1 DAGs
[2026-08-21T04:22:54.456+0000] {logging_mixin.py:188} INFO - [2026-08-21T04:22:54.456+0000] {dag.py:3954} INFO - Setting next_dagrun for cell_kpi_hourly_anomaly_pipeline to 2025-05-31 17:00:00+00:00, run_after=2025-05-31 18:00:00+00:00
[2026-08-21T04:22:54.472+0000] {processor.py:183} INFO - Processing /opt/airflow/dags/cell_kpi_hourly_anomaly.py took 0.077 seconds
[2026-08-21T04:23:24.601+0000] {processor.py:161} INFO - Started process (PID=5518) to work on /opt/airflow/dags/cell_kpi_hourly_anomaly.py
[2026-08-21T04:23:24.602+0000] {processor.py:830} INFO - Processing file /opt/airflow/dags/cell_kpi_hourly_anomaly.py for tasks to queue
[2026-08-21T04:23:24.603+0000] {logging_mixin.py:188} INFO - [2026-08-21T04:23:24.603+0000] {dagbag.py:545} INFO - Filling up the DagBag from /opt/airflow/dags/cell_kpi_hourly_anomaly.py
[2026-08-21T04:23:24.624+0000] {processor.py:840} INFO - DAG(s) 'cell_kpi_hourly_anomaly_pipeline' retrieved from /opt/airflow/dags/cell_kpi_hourly_anomaly.py
[2026-08-21T04:23:24.636+0000] {logging_mixin.py:188} INFO - [2026-08-21T04:23:24.635+0000] {dag.py:3096} INFO - Sync 1 DAGs
[2026-08-21T04:23:24.652+0000] {logging_mixin.py:188} INFO - [2026-08-21T04:23:24.652+0000] {dag.py:3954} INFO - Setting next_dagrun for cell_kpi_hourly_anomaly_pipeline to 2025-05-31 17:00:00+00:00, run_after=2025-05-31 18:00:00+00:00
[2026-08-21T04:23:24.666+0000] {processor.py:183} INFO - Processing /opt/airflow/dags/cell_kpi_hourly_anomaly.py took 0.070 seconds
[2026-08-21T04:23:54.800+0000] {processor.py:161} INFO - Started process (PID=5528) to work on /opt/airflow/dags/cell_kpi_hourly_anomaly.py
[2026-08-21T04:23:54.800+0000] {processor.py:830} INFO - Processing file /opt/airflow/dags/cell_kpi_hourly_anomaly.py for tasks to queue
[2026-08-21T04:23:54.802+0000] {logging_mixin.py:188} INFO - [2026-08-21T04:23:54.801+0000] {dagbag.py:545} INFO - Filling up the DagBag from /opt/airflow/dags/cell_kpi_hourly_anomaly.py
[2026-08-21T04:23:54.826+0000] {processor.py:840} INFO - DAG(s) 'cell_kpi_hourly_anomaly_pipeline' retrieved from /opt/airflow/dags/cell_kpi_hourly_anomaly.py
[2026-08-21T04:23:54.838+0000] {logging_mixin.py:188} INFO - [2026-08-21T04:23:54.838+0000] {dag.py:3096} INFO - Sync 1 DAGs
[2026-08-21T04:23:54.855+0000] {logging_mixin.py:188} INFO - [2026-08-21T04:23:54.855+0000] {dag.py:3954} INFO - Setting next_dagrun for cell_kpi_hourly_anomaly_pipeline to 2025-05-31 17:00:00+00:00, run_after=2025-05-31 18:00:00+00:00
[2026-08-21T04:23:54.873+0000] {processor.py:183} INFO - Processing /opt/airflow/dags/cell_kpi_hourly_anomaly.py took 0.080 seconds
[2026-08-21T04:24:25.008+0000] {processor.py:161} INFO - Started process (PID=5538) to work on /opt/airflow/dags/cell_kpi_hourly_anomaly.py
[2026-08-21T04:24:25.008+0000] {processor.py:830} INFO - Processing file /opt/airflow/dags/cell_kpi_hourly_anomaly.py for tasks to queue
[2026-08-21T04:24:25.010+0000] {logging_mixin.py:188} INFO - [2026-08-21T04:24:25.010+0000] {dagbag.py:545} INFO - Filling up the DagBag from /opt/airflow/dags/cell_kpi_hourly_anomaly.py
[2026-08-21T04:24:25.034+0000] {processor.py:840} INFO - DAG(s) 'cell_kpi_hourly_anomaly_pipeline' retrieved from /opt/airflow/dags/cell_kpi_hourly_anomaly.py
[2026-08-21T04:24:25.049+0000] {logging_mixin.py:188} INFO - [2026-08-21T04:24:25.049+0000] {dag.py:3096} INFO - Sync 1 DAGs
[2026-08-21T04:24:25.076+0000] {logging_mixin.py:188} INFO - [2026-08-21T04:24:25.076+0000] {dag.py:3954} INFO - Setting next_dagrun for cell_kpi_hourly_anomaly_pipeline to 2025-05-31 17:00:00+00:00, run_after=2025-05-31 18:00:00+00:00
[2026-08-21T04:24:25.093+0000] {processor.py:183} INFO - Processing /opt/airflow/dags/cell_kpi_hourly_anomaly.py took 0.092 seconds
[2026-08-21T04:24:55.222+0000] {processor.py:161} INFO - Started process (PID=5548) to work on /opt/airflow/dags/cell_kpi_hourly_anomaly.py
[2026-08-21T04:24:55.223+0000] {processor.py:830} INFO - Processing file /opt/airflow/dags/cell_kpi_hourly_anomaly.py for tasks to queue
[2026-08-21T04:24:55.224+0000] {logging_mixin.py:188} INFO - [2026-08-21T04:24:55.224+0000] {dagbag.py:545} INFO - Filling up the DagBag from /opt/airflow/dags/cell_kpi_hourly_anomaly.py
[2026-08-21T04:24:55.244+0000] {processor.py:840} INFO - DAG(s) 'cell_kpi_hourly_anomaly_pipeline' retrieved from /opt/airflow/dags/cell_kpi_hourly_anomaly.py
[2026-08-21T04:24:55.256+0000] {logging_mixin.py:188} INFO - [2026-08-21T04:24:55.256+0000] {dag.py:3096} INFO - Sync 1 DAGs
[2026-08-21T04:24:55.274+0000] {logging_mixin.py:188} INFO - [2026-08-21T04:24:55.273+0000] {dag.py:3954} INFO - Setting next_dagrun for cell_kpi_hourly_anomaly_pipeline to 2025-05-31 17:00:00+00:00, run_after=2025-05-31 18:00:00+00:00
[2026-08-21T04:24:55.287+0000] {processor.py:183} INFO - Processing /opt/airflow/dags/cell_kpi_hourly_anomaly.py took 0.070 seconds
[2026-08-21T04:25:25.411+0000] {processor.py:161} INFO - Started process (PID=5558) to work on /opt/airflow/dags/cell_kpi_hourly_anomaly.py
[2026-08-21T04:25:25.412+0000] {processor.py:830} INFO - Processing file /opt/airflow/dags/cell_kpi_hourly_anomaly.py for tasks to queue
[2026-08-21T04:25:25.414+0000] {logging_mixin.py:188} INFO - [2026-08-21T04:25:25.413+0000] {dagbag.py:545} INFO - Filling up the DagBag from /opt/airflow/dags/cell_kpi_hourly_anomaly.py
[2026-08-21T04:25:25.435+0000] {processor.py:840} INFO - DAG(s) 'cell_kpi_hourly_anomaly_pipeline' retrieved from /opt/airflow/dags/cell_kpi_hourly_anomaly.py
[2026-08-21T04:25:25.448+0000] {logging_mixin.py:188} INFO - [2026-08-21T04:25:25.448+0000] {dag.py:3096} INFO - Sync 1 DAGs
[2026-08-21T04:25:25.465+0000] {logging_mixin.py:188} INFO - [2026-08-21T04:25:25.465+0000] {dag.py:3954} INFO - Setting next_dagrun for cell_kpi_hourly_anomaly_pipeline to 2025-05-31 17:00:00+00:00, run_after=2025-05-31 18:00:00+00:00
[2026-08-21T04:25:25.478+0000] {processor.py:183} INFO - Processing /opt/airflow/dags/cell_kpi_hourly_anomaly.py took 0.073 seconds
[2026-08-21T04:25:55.608+0000] {processor.py:161} INFO - Started process (PID=5568) to work on /opt/airflow/dags/cell_kpi_hourly_anomaly.py
[2026-08-21T04:25:55.609+0000] {processor.py:830} INFO - Processing file /opt/airflow/dags/cell_kpi_hourly_anomaly.py for tasks to queue
[2026-08-21T04:25:55.610+0000] {logging_mixin.py:188} INFO - [2026-08-21T04:25:55.610+0000] {dagbag.py:545} INFO - Filling up the DagBag from /opt/airflow/dags/cell_kpi_hourly_anomaly.py
[2026-08-21T04:25:55.630+0000] {processor.py:840} INFO - DAG(s) 'cell_kpi_hourly_anomaly_pipeline' retrieved from /opt/airflow/dags/cell_kpi_hourly_anomaly.py
[2026-08-21T04:25:55.642+0000] {logging_mixin.py:188} INFO - [2026-08-21T04:25:55.642+0000] {dag.py:3096} INFO - Sync 1 DAGs
[2026-08-21T04:25:55.658+0000] {logging_mixin.py:188} INFO - [2026-08-21T04:25:55.658+0000] {dag.py:3954} INFO - Setting next_dagrun for cell_kpi_hourly_anomaly_pipeline to 2025-05-31 17:00:00+00:00, run_after=2025-05-31 18:00:00+00:00
[2026-08-21T04:25:55.673+0000] {processor.py:183} INFO - Processing /opt/airflow/dags/cell_kpi_hourly_anomaly.py took 0.071 seconds
[2026-08-21T04:26:25.991+0000] {processor.py:161} INFO - Started process (PID=5804) to work on /opt/airflow/dags/cell_kpi_hourly_anomaly.py
[2026-08-21T04:26:25.998+0000] {processor.py:830} INFO - Processing file /opt/airflow/dags/cell_kpi_hourly_anomaly.py for tasks to queue
[2026-08-21T04:26:26.001+0000] {logging_mixin.py:188} INFO - [2026-08-21T04:26:26.000+0000] {dagbag.py:545} INFO - Filling up the DagBag from /opt/airflow/dags/cell_kpi_hourly_anomaly.py
[2026-08-21T04:26:26.061+0000] {processor.py:840} INFO - DAG(s) 'cell_kpi_hourly_anomaly_pipeline' retrieved from /opt/airflow/dags/cell_kpi_hourly_anomaly.py
[2026-08-21T04:26:26.079+0000] {logging_mixin.py:188} INFO - [2026-08-21T04:26:26.079+0000] {dag.py:3096} INFO - Sync 1 DAGs
[2026-08-21T04:26:26.168+0000] {processor.py:183} INFO - Processing /opt/airflow/dags/cell_kpi_hourly_anomaly.py took 0.211 seconds
[2026-08-21T04:26:56.418+0000] {processor.py:161} INFO - Started process (PID=5881) to work on /opt/airflow/dags/cell_kpi_hourly_anomaly.py
[2026-08-21T04:26:56.420+0000] {processor.py:830} INFO - Processing file /opt/airflow/dags/cell_kpi_hourly_anomaly.py for tasks to queue
[2026-08-21T04:26:56.422+0000] {logging_mixin.py:188} INFO - [2026-08-21T04:26:56.422+0000] {dagbag.py:545} INFO - Filling up the DagBag from /opt/airflow/dags/cell_kpi_hourly_anomaly.py
[2026-08-21T04:26:56.456+0000] {processor.py:840} INFO - DAG(s) 'cell_kpi_hourly_anomaly_pipeline' retrieved from /opt/airflow/dags/cell_kpi_hourly_anomaly.py
[2026-08-21T04:26:56.478+0000] {logging_mixin.py:188} INFO - [2026-08-21T04:26:56.478+0000] {dag.py:3096} INFO - Sync 1 DAGs
[2026-08-21T04:26:56.542+0000] {processor.py:183} INFO - Processing /opt/airflow/dags/cell_kpi_hourly_anomaly.py took 0.132 seconds
[2026-08-21T04:27:26.779+0000] {processor.py:161} INFO - Started process (PID=6086) to work on /opt/airflow/dags/cell_kpi_hourly_anomaly.py
[2026-08-21T04:27:26.780+0000] {processor.py:830} INFO - Processing file /opt/airflow/dags/cell_kpi_hourly_anomaly.py for tasks to queue
[2026-08-21T04:27:26.782+0000] {logging_mixin.py:188} INFO - [2026-08-21T04:27:26.781+0000] {dagbag.py:545} INFO - Filling up the DagBag from /opt/airflow/dags/cell_kpi_hourly_anomaly.py
[2026-08-21T04:27:26.813+0000] {processor.py:840} INFO - DAG(s) 'cell_kpi_hourly_anomaly_pipeline' retrieved from /opt/airflow/dags/cell_kpi_hourly_anomaly.py
[2026-08-21T04:27:26.831+0000] {logging_mixin.py:188} INFO - [2026-08-21T04:27:26.831+0000] {dag.py:3096} INFO - Sync 1 DAGs
[2026-08-21T04:27:26.879+0000] {processor.py:183} INFO - Processing /opt/airflow/dags/cell_kpi_hourly_anomaly.py took 0.109 seconds
[2026-08-21T04:27:57.203+0000] {processor.py:161} INFO - Started process (PID=6238) to work on /opt/airflow/dags/cell_kpi_hourly_anomaly.py
[2026-08-21T04:27:57.209+0000] {processor.py:830} INFO - Processing file /opt/airflow/dags/cell_kpi_hourly_anomaly.py for tasks to queue
[2026-08-21T04:27:57.212+0000] {logging_mixin.py:188} INFO - [2026-08-21T04:27:57.211+0000] {dagbag.py:545} INFO - Filling up the DagBag from /opt/airflow/dags/cell_kpi_hourly_anomaly.py
[2026-08-21T04:27:57.276+0000] {processor.py:840} INFO - DAG(s) 'cell_kpi_hourly_anomaly_pipeline' retrieved from /opt/airflow/dags/cell_kpi_hourly_anomaly.py
[2026-08-21T04:27:57.310+0000] {logging_mixin.py:188} INFO - [2026-08-21T04:27:57.310+0000] {dag.py:3096} INFO - Sync 1 DAGs
[2026-08-21T04:27:57.419+0000] {processor.py:183} INFO - Processing /opt/airflow/dags/cell_kpi_hourly_anomaly.py took 0.240 seconds
[2026-08-21T04:28:27.613+0000] {processor.py:161} INFO - Started process (PID=6361) to work on /opt/airflow/dags/cell_kpi_hourly_anomaly.py
[2026-08-21T04:28:27.614+0000] {processor.py:830} INFO - Processing file /opt/airflow/dags/cell_kpi_hourly_anomaly.py for tasks to queue
[2026-08-21T04:28:27.615+0000] {logging_mixin.py:188} INFO - [2026-08-21T04:28:27.615+0000] {dagbag.py:545} INFO - Filling up the DagBag from /opt/airflow/dags/cell_kpi_hourly_anomaly.py
[2026-08-21T04:28:27.635+0000] {processor.py:840} INFO - DAG(s) 'cell_kpi_hourly_anomaly_pipeline' retrieved from /opt/airflow/dags/cell_kpi_hourly_anomaly.py
[2026-08-21T04:28:27.647+0000] {logging_mixin.py:188} INFO - [2026-08-21T04:28:27.646+0000] {dag.py:3096} INFO - Sync 1 DAGs
[2026-08-21T04:28:27.676+0000] {processor.py:183} INFO - Processing /opt/airflow/dags/cell_kpi_hourly_anomaly.py took 0.069 seconds
[2026-08-21T04:28:57.814+0000] {processor.py:161} INFO - Started process (PID=6371) to work on /opt/airflow/dags/cell_kpi_hourly_anomaly.py
[2026-08-21T04:28:57.815+0000] {processor.py:830} INFO - Processing file /opt/airflow/dags/cell_kpi_hourly_anomaly.py for tasks to queue
[2026-08-21T04:28:57.816+0000] {logging_mixin.py:188} INFO - [2026-08-21T04:28:57.816+0000] {dagbag.py:545} INFO - Filling up the DagBag from /opt/airflow/dags/cell_kpi_hourly_anomaly.py
[2026-08-21T04:28:57.840+0000] {processor.py:840} INFO - DAG(s) 'cell_kpi_hourly_anomaly_pipeline' retrieved from /opt/airflow/dags/cell_kpi_hourly_anomaly.py
[2026-08-21T04:28:57.855+0000] {logging_mixin.py:188} INFO - [2026-08-21T04:28:57.855+0000] {dag.py:3096} INFO - Sync 1 DAGs
[2026-08-21T04:28:57.889+0000] {processor.py:183} INFO - Processing /opt/airflow/dags/cell_kpi_hourly_anomaly.py took 0.081 seconds
[2026-08-21T04:29:28.023+0000] {processor.py:161} INFO - Started process (PID=6381) to work on /opt/airflow/dags/cell_kpi_hourly_anomaly.py
[2026-08-21T04:29:28.024+0000] {processor.py:830} INFO - Processing file /opt/airflow/dags/cell_kpi_hourly_anomaly.py for tasks to queue
[2026-08-21T04:29:28.025+0000] {logging_mixin.py:188} INFO - [2026-08-21T04:29:28.025+0000] {dagbag.py:545} INFO - Filling up the DagBag from /opt/airflow/dags/cell_kpi_hourly_anomaly.py
[2026-08-21T04:29:28.047+0000] {processor.py:840} INFO - DAG(s) 'cell_kpi_hourly_anomaly_pipeline' retrieved from /opt/airflow/dags/cell_kpi_hourly_anomaly.py
[2026-08-21T04:29:28.059+0000] {logging_mixin.py:188} INFO - [2026-08-21T04:29:28.058+0000] {dag.py:3096} INFO - Sync 1 DAGs
[2026-08-21T04:29:28.093+0000] {processor.py:183} INFO - Processing /opt/airflow/dags/cell_kpi_hourly_anomaly.py took 0.075 seconds
[2026-08-21T04:29:39.153+0000] {processor.py:161} INFO - Started process (PID=6391) to work on /opt/airflow/dags/cell_kpi_hourly_anomaly.py
[2026-08-21T04:29:39.153+0000] {processor.py:830} INFO - Processing file /opt/airflow/dags/cell_kpi_hourly_anomaly.py for tasks to queue
[2026-08-21T04:29:39.155+0000] {logging_mixin.py:188} INFO - [2026-08-21T04:29:39.155+0000] {dagbag.py:545} INFO - Filling up the DagBag from /opt/airflow/dags/cell_kpi_hourly_anomaly.py
[2026-08-21T04:29:39.178+0000] {processor.py:840} INFO - DAG(s) 'cell_kpi_hourly_anomaly_pipeline' retrieved from /opt/airflow/dags/cell_kpi_hourly_anomaly.py
[2026-08-21T04:29:39.345+0000] {logging_mixin.py:188} INFO - [2026-08-21T04:29:39.345+0000] {dag.py:3096} INFO - Sync 1 DAGs
[2026-08-21T04:29:39.378+0000] {processor.py:183} INFO - Processing /opt/airflow/dags/cell_kpi_hourly_anomaly.py took 0.231 seconds
[2026-08-21T04:29:40.262+0000] {processor.py:161} INFO - Started process (PID=6396) to work on /opt/airflow/dags/cell_kpi_hourly_anomaly.py
[2026-08-21T04:29:40.263+0000] {processor.py:830} INFO - Processing file /opt/airflow/dags/cell_kpi_hourly_anomaly.py for tasks to queue
[2026-08-21T04:29:40.264+0000] {logging_mixin.py:188} INFO - [2026-08-21T04:29:40.264+0000] {dagbag.py:545} INFO - Filling up the DagBag from /opt/airflow/dags/cell_kpi_hourly_anomaly.py
[2026-08-21T04:29:40.270+0000] {logging_mixin.py:188} INFO - [2026-08-21T04:29:40.268+0000] {dagbag.py:355} ERROR - Failed to import: /opt/airflow/dags/cell_kpi_hourly_anomaly.py
Traceback (most recent call last):
  File "/home/airflow/.local/lib/python3.10/site-packages/airflow/models/dagbag.py", line 351, in parse
    loader.exec_module(new_module)
  File "<frozen importlib._bootstrap_external>", line 879, in exec_module
  File "<frozen importlib._bootstrap_external>", line 1017, in get_code
  File "<frozen importlib._bootstrap_external>", line 947, in source_to_code
  File "<frozen importlib._bootstrap>", line 241, in _call_with_frames_removed
  File "/opt/airflow/dags/cell_kpi_hourly_anomaly.py", line 65
    application='/opt/spark_scripts/2_qc_hourly_silver.py'
                
SyntaxError: invalid syntax. Perhaps you forgot a comma?
[2026-08-21T04:29:40.270+0000] {processor.py:842} WARNING - No viable dags retrieved from /opt/airflow/dags/cell_kpi_hourly_anomaly.py
[2026-08-21T04:29:40.290+0000] {processor.py:183} INFO - Processing /opt/airflow/dags/cell_kpi_hourly_anomaly.py took 0.035 seconds
[2026-08-21T04:29:42.277+0000] {processor.py:161} INFO - Started process (PID=6401) to work on /opt/airflow/dags/cell_kpi_hourly_anomaly.py
[2026-08-21T04:29:42.278+0000] {processor.py:830} INFO - Processing file /opt/airflow/dags/cell_kpi_hourly_anomaly.py for tasks to queue
[2026-08-21T04:29:42.279+0000] {logging_mixin.py:188} INFO - [2026-08-21T04:29:42.279+0000] {dagbag.py:545} INFO - Filling up the DagBag from /opt/airflow/dags/cell_kpi_hourly_anomaly.py
[2026-08-21T04:29:42.301+0000] {processor.py:840} INFO - DAG(s) 'cell_kpi_hourly_anomaly_pipeline' retrieved from /opt/airflow/dags/cell_kpi_hourly_anomaly.py
[2026-08-21T04:29:42.303+0000] {logging_mixin.py:188} INFO - [2026-08-21T04:29:42.303+0000] {dag.py:3096} INFO - Sync 1 DAGs
[2026-08-21T04:29:42.333+0000] {processor.py:183} INFO - Processing /opt/airflow/dags/cell_kpi_hourly_anomaly.py took 0.063 seconds
[2026-08-21T04:29:44.335+0000] {processor.py:161} INFO - Started process (PID=6406) to work on /opt/airflow/dags/cell_kpi_hourly_anomaly.py
[2026-08-21T04:29:44.336+0000] {processor.py:830} INFO - Processing file /opt/airflow/dags/cell_kpi_hourly_anomaly.py for tasks to queue
[2026-08-21T04:29:44.337+0000] {logging_mixin.py:188} INFO - [2026-08-21T04:29:44.337+0000] {dagbag.py:545} INFO - Filling up the DagBag from /opt/airflow/dags/cell_kpi_hourly_anomaly.py
[2026-08-21T04:29:44.361+0000] {processor.py:840} INFO - DAG(s) 'cell_kpi_hourly_anomaly_pipeline' retrieved from /opt/airflow/dags/cell_kpi_hourly_anomaly.py
[2026-08-21T04:29:44.364+0000] {logging_mixin.py:188} INFO - [2026-08-21T04:29:44.364+0000] {dag.py:3096} INFO - Sync 1 DAGs
[2026-08-21T04:29:44.394+0000] {processor.py:183} INFO - Processing /opt/airflow/dags/cell_kpi_hourly_anomaly.py took 0.065 seconds
[2026-08-21T04:30:14.500+0000] {processor.py:161} INFO - Started process (PID=6416) to work on /opt/airflow/dags/cell_kpi_hourly_anomaly.py
[2026-08-21T04:30:14.501+0000] {processor.py:830} INFO - Processing file /opt/airflow/dags/cell_kpi_hourly_anomaly.py for tasks to queue
[2026-08-21T04:30:14.502+0000] {logging_mixin.py:188} INFO - [2026-08-21T04:30:14.502+0000] {dagbag.py:545} INFO - Filling up the DagBag from /opt/airflow/dags/cell_kpi_hourly_anomaly.py
[2026-08-21T04:30:14.525+0000] {processor.py:840} INFO - DAG(s) 'cell_kpi_hourly_anomaly_pipeline' retrieved from /opt/airflow/dags/cell_kpi_hourly_anomaly.py
[2026-08-21T04:30:14.601+0000] {logging_mixin.py:188} INFO - [2026-08-21T04:30:14.601+0000] {dag.py:3096} INFO - Sync 1 DAGs
[2026-08-21T04:30:14.630+0000] {processor.py:183} INFO - Processing /opt/airflow/dags/cell_kpi_hourly_anomaly.py took 0.135 seconds
[2026-08-21T04:30:44.743+0000] {processor.py:161} INFO - Started process (PID=6426) to work on /opt/airflow/dags/cell_kpi_hourly_anomaly.py
[2026-08-21T04:30:44.744+0000] {processor.py:830} INFO - Processing file /opt/airflow/dags/cell_kpi_hourly_anomaly.py for tasks to queue
[2026-08-21T04:30:44.745+0000] {logging_mixin.py:188} INFO - [2026-08-21T04:30:44.745+0000] {dagbag.py:545} INFO - Filling up the DagBag from /opt/airflow/dags/cell_kpi_hourly_anomaly.py
[2026-08-21T04:30:44.766+0000] {processor.py:840} INFO - DAG(s) 'cell_kpi_hourly_anomaly_pipeline' retrieved from /opt/airflow/dags/cell_kpi_hourly_anomaly.py
[2026-08-21T04:30:44.777+0000] {logging_mixin.py:188} INFO - [2026-08-21T04:30:44.777+0000] {dag.py:3096} INFO - Sync 1 DAGs
[2026-08-21T04:30:44.805+0000] {processor.py:183} INFO - Processing /opt/airflow/dags/cell_kpi_hourly_anomaly.py took 0.068 seconds
[2026-08-21T04:31:14.912+0000] {processor.py:161} INFO - Started process (PID=6436) to work on /opt/airflow/dags/cell_kpi_hourly_anomaly.py
[2026-08-21T04:31:14.913+0000] {processor.py:830} INFO - Processing file /opt/airflow/dags/cell_kpi_hourly_anomaly.py for tasks to queue
[2026-08-21T04:31:14.914+0000] {logging_mixin.py:188} INFO - [2026-08-21T04:31:14.914+0000] {dagbag.py:545} INFO - Filling up the DagBag from /opt/airflow/dags/cell_kpi_hourly_anomaly.py
[2026-08-21T04:31:14.935+0000] {processor.py:840} INFO - DAG(s) 'cell_kpi_hourly_anomaly_pipeline' retrieved from /opt/airflow/dags/cell_kpi_hourly_anomaly.py
[2026-08-21T04:31:14.947+0000] {logging_mixin.py:188} INFO - [2026-08-21T04:31:14.946+0000] {dag.py:3096} INFO - Sync 1 DAGs
[2026-08-21T04:31:14.965+0000] {logging_mixin.py:188} INFO - [2026-08-21T04:31:14.965+0000] {dag.py:3954} INFO - Setting next_dagrun for cell_kpi_hourly_anomaly_pipeline to 2025-05-31 17:00:00+00:00, run_after=2025-05-31 18:00:00+00:00
[2026-08-21T04:31:14.980+0000] {processor.py:183} INFO - Processing /opt/airflow/dags/cell_kpi_hourly_anomaly.py took 0.073 seconds
[2026-08-21T04:31:45.095+0000] {processor.py:161} INFO - Started process (PID=6446) to work on /opt/airflow/dags/cell_kpi_hourly_anomaly.py
[2026-08-21T04:31:45.096+0000] {processor.py:830} INFO - Processing file /opt/airflow/dags/cell_kpi_hourly_anomaly.py for tasks to queue
[2026-08-21T04:31:45.097+0000] {logging_mixin.py:188} INFO - [2026-08-21T04:31:45.097+0000] {dagbag.py:545} INFO - Filling up the DagBag from /opt/airflow/dags/cell_kpi_hourly_anomaly.py
[2026-08-21T04:31:45.120+0000] {processor.py:840} INFO - DAG(s) 'cell_kpi_hourly_anomaly_pipeline' retrieved from /opt/airflow/dags/cell_kpi_hourly_anomaly.py
[2026-08-21T04:31:45.132+0000] {logging_mixin.py:188} INFO - [2026-08-21T04:31:45.131+0000] {dag.py:3096} INFO - Sync 1 DAGs
[2026-08-21T04:31:45.148+0000] {logging_mixin.py:188} INFO - [2026-08-21T04:31:45.148+0000] {dag.py:3954} INFO - Setting next_dagrun for cell_kpi_hourly_anomaly_pipeline to 2025-05-31 17:00:00+00:00, run_after=2025-05-31 18:00:00+00:00
[2026-08-21T04:31:45.162+0000] {processor.py:183} INFO - Processing /opt/airflow/dags/cell_kpi_hourly_anomaly.py took 0.073 seconds
[2026-08-21T04:32:15.278+0000] {processor.py:161} INFO - Started process (PID=6456) to work on /opt/airflow/dags/cell_kpi_hourly_anomaly.py
[2026-08-21T04:32:15.279+0000] {processor.py:830} INFO - Processing file /opt/airflow/dags/cell_kpi_hourly_anomaly.py for tasks to queue
[2026-08-21T04:32:15.281+0000] {logging_mixin.py:188} INFO - [2026-08-21T04:32:15.281+0000] {dagbag.py:545} INFO - Filling up the DagBag from /opt/airflow/dags/cell_kpi_hourly_anomaly.py
[2026-08-21T04:32:15.335+0000] {processor.py:840} INFO - DAG(s) 'cell_kpi_hourly_anomaly_pipeline' retrieved from /opt/airflow/dags/cell_kpi_hourly_anomaly.py
[2026-08-21T04:32:15.358+0000] {logging_mixin.py:188} INFO - [2026-08-21T04:32:15.357+0000] {dag.py:3096} INFO - Sync 1 DAGs
[2026-08-21T04:32:15.390+0000] {logging_mixin.py:188} INFO - [2026-08-21T04:32:15.389+0000] {dag.py:3954} INFO - Setting next_dagrun for cell_kpi_hourly_anomaly_pipeline to 2025-05-31 17:00:00+00:00, run_after=2025-05-31 18:00:00+00:00
[2026-08-21T04:32:15.411+0000] {processor.py:183} INFO - Processing /opt/airflow/dags/cell_kpi_hourly_anomaly.py took 0.141 seconds
[2026-08-21T04:32:45.680+0000] {processor.py:161} INFO - Started process (PID=6748) to work on /opt/airflow/dags/cell_kpi_hourly_anomaly.py
[2026-08-21T04:32:45.683+0000] {processor.py:830} INFO - Processing file /opt/airflow/dags/cell_kpi_hourly_anomaly.py for tasks to queue
[2026-08-21T04:32:45.687+0000] {logging_mixin.py:188} INFO - [2026-08-21T04:32:45.687+0000] {dagbag.py:545} INFO - Filling up the DagBag from /opt/airflow/dags/cell_kpi_hourly_anomaly.py
[2026-08-21T04:32:45.747+0000] {processor.py:840} INFO - DAG(s) 'cell_kpi_hourly_anomaly_pipeline' retrieved from /opt/airflow/dags/cell_kpi_hourly_anomaly.py
[2026-08-21T04:32:45.771+0000] {logging_mixin.py:188} INFO - [2026-08-21T04:32:45.771+0000] {dag.py:3096} INFO - Sync 1 DAGs
[2026-08-21T04:32:45.840+0000] {processor.py:183} INFO - Processing /opt/airflow/dags/cell_kpi_hourly_anomaly.py took 0.176 seconds
[2026-08-21T04:33:16.034+0000] {processor.py:161} INFO - Started process (PID=6854) to work on /opt/airflow/dags/cell_kpi_hourly_anomaly.py
[2026-08-21T04:33:16.035+0000] {processor.py:830} INFO - Processing file /opt/airflow/dags/cell_kpi_hourly_anomaly.py for tasks to queue
[2026-08-21T04:33:16.039+0000] {logging_mixin.py:188} INFO - [2026-08-21T04:33:16.038+0000] {dagbag.py:545} INFO - Filling up the DagBag from /opt/airflow/dags/cell_kpi_hourly_anomaly.py
[2026-08-21T04:33:16.068+0000] {processor.py:840} INFO - DAG(s) 'cell_kpi_hourly_anomaly_pipeline' retrieved from /opt/airflow/dags/cell_kpi_hourly_anomaly.py
[2026-08-21T04:33:16.085+0000] {logging_mixin.py:188} INFO - [2026-08-21T04:33:16.085+0000] {dag.py:3096} INFO - Sync 1 DAGs
[2026-08-21T04:33:16.129+0000] {processor.py:183} INFO - Processing /opt/airflow/dags/cell_kpi_hourly_anomaly.py took 0.102 seconds
[2026-08-21T04:33:46.501+0000] {processor.py:161} INFO - Started process (PID=7037) to work on /opt/airflow/dags/cell_kpi_hourly_anomaly.py
[2026-08-21T04:33:46.502+0000] {processor.py:830} INFO - Processing file /opt/airflow/dags/cell_kpi_hourly_anomaly.py for tasks to queue
[2026-08-21T04:33:46.504+0000] {logging_mixin.py:188} INFO - [2026-08-21T04:33:46.504+0000] {dagbag.py:545} INFO - Filling up the DagBag from /opt/airflow/dags/cell_kpi_hourly_anomaly.py
[2026-08-21T04:33:46.528+0000] {processor.py:840} INFO - DAG(s) 'cell_kpi_hourly_anomaly_pipeline' retrieved from /opt/airflow/dags/cell_kpi_hourly_anomaly.py
[2026-08-21T04:33:46.540+0000] {logging_mixin.py:188} INFO - [2026-08-21T04:33:46.540+0000] {dag.py:3096} INFO - Sync 1 DAGs
[2026-08-21T04:33:46.570+0000] {processor.py:183} INFO - Processing /opt/airflow/dags/cell_kpi_hourly_anomaly.py took 0.077 seconds
[2026-08-21T04:34:16.819+0000] {processor.py:161} INFO - Started process (PID=7185) to work on /opt/airflow/dags/cell_kpi_hourly_anomaly.py
[2026-08-21T04:34:16.820+0000] {processor.py:830} INFO - Processing file /opt/airflow/dags/cell_kpi_hourly_anomaly.py for tasks to queue
[2026-08-21T04:34:16.824+0000] {logging_mixin.py:188} INFO - [2026-08-21T04:34:16.824+0000] {dagbag.py:545} INFO - Filling up the DagBag from /opt/airflow/dags/cell_kpi_hourly_anomaly.py
[2026-08-21T04:34:16.861+0000] {processor.py:840} INFO - DAG(s) 'cell_kpi_hourly_anomaly_pipeline' retrieved from /opt/airflow/dags/cell_kpi_hourly_anomaly.py
[2026-08-21T04:34:16.880+0000] {logging_mixin.py:188} INFO - [2026-08-21T04:34:16.880+0000] {dag.py:3096} INFO - Sync 1 DAGs
[2026-08-21T04:34:16.939+0000] {processor.py:183} INFO - Processing /opt/airflow/dags/cell_kpi_hourly_anomaly.py took 0.156 seconds
[2026-08-21T04:34:47.252+0000] {processor.py:161} INFO - Started process (PID=7437) to work on /opt/airflow/dags/cell_kpi_hourly_anomaly.py
[2026-08-21T04:34:47.256+0000] {processor.py:830} INFO - Processing file /opt/airflow/dags/cell_kpi_hourly_anomaly.py for tasks to queue
[2026-08-21T04:34:47.258+0000] {logging_mixin.py:188} INFO - [2026-08-21T04:34:47.257+0000] {dagbag.py:545} INFO - Filling up the DagBag from /opt/airflow/dags/cell_kpi_hourly_anomaly.py
[2026-08-21T04:34:47.308+0000] {processor.py:840} INFO - DAG(s) 'cell_kpi_hourly_anomaly_pipeline' retrieved from /opt/airflow/dags/cell_kpi_hourly_anomaly.py
[2026-08-21T04:34:47.341+0000] {logging_mixin.py:188} INFO - [2026-08-21T04:34:47.341+0000] {dag.py:3096} INFO - Sync 1 DAGs
[2026-08-21T04:34:47.417+0000] {processor.py:183} INFO - Processing /opt/airflow/dags/cell_kpi_hourly_anomaly.py took 0.179 seconds
[2026-08-21T04:35:17.761+0000] {processor.py:161} INFO - Started process (PID=7731) to work on /opt/airflow/dags/cell_kpi_hourly_anomaly.py
[2026-08-21T04:35:17.767+0000] {processor.py:830} INFO - Processing file /opt/airflow/dags/cell_kpi_hourly_anomaly.py for tasks to queue
[2026-08-21T04:35:17.769+0000] {logging_mixin.py:188} INFO - [2026-08-21T04:35:17.769+0000] {dagbag.py:545} INFO - Filling up the DagBag from /opt/airflow/dags/cell_kpi_hourly_anomaly.py
[2026-08-21T04:35:17.842+0000] {processor.py:840} INFO - DAG(s) 'cell_kpi_hourly_anomaly_pipeline' retrieved from /opt/airflow/dags/cell_kpi_hourly_anomaly.py
[2026-08-21T04:35:17.871+0000] {logging_mixin.py:188} INFO - [2026-08-21T04:35:17.871+0000] {dag.py:3096} INFO - Sync 1 DAGs
[2026-08-21T04:35:17.951+0000] {processor.py:183} INFO - Processing /opt/airflow/dags/cell_kpi_hourly_anomaly.py took 0.210 seconds
[2026-08-21T04:35:48.326+0000] {processor.py:161} INFO - Started process (PID=7937) to work on /opt/airflow/dags/cell_kpi_hourly_anomaly.py
[2026-08-21T04:35:48.327+0000] {processor.py:830} INFO - Processing file /opt/airflow/dags/cell_kpi_hourly_anomaly.py for tasks to queue
[2026-08-21T04:35:48.329+0000] {logging_mixin.py:188} INFO - [2026-08-21T04:35:48.329+0000] {dagbag.py:545} INFO - Filling up the DagBag from /opt/airflow/dags/cell_kpi_hourly_anomaly.py
[2026-08-21T04:35:48.364+0000] {processor.py:840} INFO - DAG(s) 'cell_kpi_hourly_anomaly_pipeline' retrieved from /opt/airflow/dags/cell_kpi_hourly_anomaly.py
[2026-08-21T04:35:48.390+0000] {logging_mixin.py:188} INFO - [2026-08-21T04:35:48.389+0000] {dag.py:3096} INFO - Sync 1 DAGs
[2026-08-21T04:35:48.455+0000] {processor.py:183} INFO - Processing /opt/airflow/dags/cell_kpi_hourly_anomaly.py took 0.136 seconds
[2026-08-21T04:36:18.788+0000] {processor.py:161} INFO - Started process (PID=8146) to work on /opt/airflow/dags/cell_kpi_hourly_anomaly.py
[2026-08-21T04:36:18.792+0000] {processor.py:830} INFO - Processing file /opt/airflow/dags/cell_kpi_hourly_anomaly.py for tasks to queue
[2026-08-21T04:36:18.796+0000] {logging_mixin.py:188} INFO - [2026-08-21T04:36:18.794+0000] {dagbag.py:545} INFO - Filling up the DagBag from /opt/airflow/dags/cell_kpi_hourly_anomaly.py
[2026-08-21T04:36:18.840+0000] {processor.py:840} INFO - DAG(s) 'cell_kpi_hourly_anomaly_pipeline' retrieved from /opt/airflow/dags/cell_kpi_hourly_anomaly.py
[2026-08-21T04:36:18.868+0000] {logging_mixin.py:188} INFO - [2026-08-21T04:36:18.867+0000] {dag.py:3096} INFO - Sync 1 DAGs
[2026-08-21T04:36:18.924+0000] {processor.py:183} INFO - Processing /opt/airflow/dags/cell_kpi_hourly_anomaly.py took 0.152 seconds
[2026-08-21T04:36:49.134+0000] {processor.py:161} INFO - Started process (PID=8292) to work on /opt/airflow/dags/cell_kpi_hourly_anomaly.py
[2026-08-21T04:36:49.135+0000] {processor.py:830} INFO - Processing file /opt/airflow/dags/cell_kpi_hourly_anomaly.py for tasks to queue
[2026-08-21T04:36:49.136+0000] {logging_mixin.py:188} INFO - [2026-08-21T04:36:49.136+0000] {dagbag.py:545} INFO - Filling up the DagBag from /opt/airflow/dags/cell_kpi_hourly_anomaly.py
[2026-08-21T04:36:49.166+0000] {processor.py:840} INFO - DAG(s) 'cell_kpi_hourly_anomaly_pipeline' retrieved from /opt/airflow/dags/cell_kpi_hourly_anomaly.py
[2026-08-21T04:36:49.184+0000] {logging_mixin.py:188} INFO - [2026-08-21T04:36:49.183+0000] {dag.py:3096} INFO - Sync 1 DAGs
[2026-08-21T04:36:49.234+0000] {processor.py:183} INFO - Processing /opt/airflow/dags/cell_kpi_hourly_anomaly.py took 0.108 seconds
[2026-08-21T04:37:19.467+0000] {processor.py:161} INFO - Started process (PID=8391) to work on /opt/airflow/dags/cell_kpi_hourly_anomaly.py
[2026-08-21T04:37:19.470+0000] {processor.py:830} INFO - Processing file /opt/airflow/dags/cell_kpi_hourly_anomaly.py for tasks to queue
[2026-08-21T04:37:19.476+0000] {logging_mixin.py:188} INFO - [2026-08-21T04:37:19.473+0000] {dagbag.py:545} INFO - Filling up the DagBag from /opt/airflow/dags/cell_kpi_hourly_anomaly.py
[2026-08-21T04:37:19.527+0000] {processor.py:840} INFO - DAG(s) 'cell_kpi_hourly_anomaly_pipeline' retrieved from /opt/airflow/dags/cell_kpi_hourly_anomaly.py
[2026-08-21T04:37:19.577+0000] {logging_mixin.py:188} INFO - [2026-08-21T04:37:19.577+0000] {dag.py:3096} INFO - Sync 1 DAGs
[2026-08-21T04:37:19.697+0000] {processor.py:183} INFO - Processing /opt/airflow/dags/cell_kpi_hourly_anomaly.py took 0.245 seconds
[2026-08-21T04:37:49.934+0000] {processor.py:161} INFO - Started process (PID=8547) to work on /opt/airflow/dags/cell_kpi_hourly_anomaly.py
[2026-08-21T04:37:49.934+0000] {processor.py:830} INFO - Processing file /opt/airflow/dags/cell_kpi_hourly_anomaly.py for tasks to queue
[2026-08-21T04:37:49.936+0000] {logging_mixin.py:188} INFO - [2026-08-21T04:37:49.935+0000] {dagbag.py:545} INFO - Filling up the DagBag from /opt/airflow/dags/cell_kpi_hourly_anomaly.py
[2026-08-21T04:37:49.958+0000] {processor.py:840} INFO - DAG(s) 'cell_kpi_hourly_anomaly_pipeline' retrieved from /opt/airflow/dags/cell_kpi_hourly_anomaly.py
[2026-08-21T04:37:49.970+0000] {logging_mixin.py:188} INFO - [2026-08-21T04:37:49.970+0000] {dag.py:3096} INFO - Sync 1 DAGs
[2026-08-21T04:37:49.998+0000] {processor.py:183} INFO - Processing /opt/airflow/dags/cell_kpi_hourly_anomaly.py took 0.071 seconds
[2026-08-21T04:38:20.110+0000] {processor.py:161} INFO - Started process (PID=8557) to work on /opt/airflow/dags/cell_kpi_hourly_anomaly.py
[2026-08-21T04:38:20.111+0000] {processor.py:830} INFO - Processing file /opt/airflow/dags/cell_kpi_hourly_anomaly.py for tasks to queue
[2026-08-21T04:38:20.114+0000] {logging_mixin.py:188} INFO - [2026-08-21T04:38:20.113+0000] {dagbag.py:545} INFO - Filling up the DagBag from /opt/airflow/dags/cell_kpi_hourly_anomaly.py
[2026-08-21T04:38:20.137+0000] {processor.py:840} INFO - DAG(s) 'cell_kpi_hourly_anomaly_pipeline' retrieved from /opt/airflow/dags/cell_kpi_hourly_anomaly.py
[2026-08-21T04:38:20.150+0000] {logging_mixin.py:188} INFO - [2026-08-21T04:38:20.150+0000] {dag.py:3096} INFO - Sync 1 DAGs
[2026-08-21T04:38:20.189+0000] {processor.py:183} INFO - Processing /opt/airflow/dags/cell_kpi_hourly_anomaly.py took 0.086 seconds
[2026-08-21T04:38:50.298+0000] {processor.py:161} INFO - Started process (PID=8567) to work on /opt/airflow/dags/cell_kpi_hourly_anomaly.py
[2026-08-21T04:38:50.299+0000] {processor.py:830} INFO - Processing file /opt/airflow/dags/cell_kpi_hourly_anomaly.py for tasks to queue
[2026-08-21T04:38:50.301+0000] {logging_mixin.py:188} INFO - [2026-08-21T04:38:50.301+0000] {dagbag.py:545} INFO - Filling up the DagBag from /opt/airflow/dags/cell_kpi_hourly_anomaly.py
[2026-08-21T04:38:50.321+0000] {processor.py:840} INFO - DAG(s) 'cell_kpi_hourly_anomaly_pipeline' retrieved from /opt/airflow/dags/cell_kpi_hourly_anomaly.py
[2026-08-21T04:38:50.332+0000] {logging_mixin.py:188} INFO - [2026-08-21T04:38:50.332+0000] {dag.py:3096} INFO - Sync 1 DAGs
[2026-08-21T04:38:50.370+0000] {processor.py:183} INFO - Processing /opt/airflow/dags/cell_kpi_hourly_anomaly.py took 0.077 seconds
[2026-08-21T04:39:20.489+0000] {processor.py:161} INFO - Started process (PID=8577) to work on /opt/airflow/dags/cell_kpi_hourly_anomaly.py
[2026-08-21T04:39:20.490+0000] {processor.py:830} INFO - Processing file /opt/airflow/dags/cell_kpi_hourly_anomaly.py for tasks to queue
[2026-08-21T04:39:20.491+0000] {logging_mixin.py:188} INFO - [2026-08-21T04:39:20.491+0000] {dagbag.py:545} INFO - Filling up the DagBag from /opt/airflow/dags/cell_kpi_hourly_anomaly.py
[2026-08-21T04:39:20.514+0000] {processor.py:840} INFO - DAG(s) 'cell_kpi_hourly_anomaly_pipeline' retrieved from /opt/airflow/dags/cell_kpi_hourly_anomaly.py
[2026-08-21T04:39:20.525+0000] {logging_mixin.py:188} INFO - [2026-08-21T04:39:20.525+0000] {dag.py:3096} INFO - Sync 1 DAGs
[2026-08-21T04:39:20.553+0000] {processor.py:183} INFO - Processing /opt/airflow/dags/cell_kpi_hourly_anomaly.py took 0.070 seconds
[2026-08-21T04:39:50.655+0000] {processor.py:161} INFO - Started process (PID=8587) to work on /opt/airflow/dags/cell_kpi_hourly_anomaly.py
[2026-08-21T04:39:50.656+0000] {processor.py:830} INFO - Processing file /opt/airflow/dags/cell_kpi_hourly_anomaly.py for tasks to queue
[2026-08-21T04:39:50.658+0000] {logging_mixin.py:188} INFO - [2026-08-21T04:39:50.657+0000] {dagbag.py:545} INFO - Filling up the DagBag from /opt/airflow/dags/cell_kpi_hourly_anomaly.py
[2026-08-21T04:39:50.679+0000] {processor.py:840} INFO - DAG(s) 'cell_kpi_hourly_anomaly_pipeline' retrieved from /opt/airflow/dags/cell_kpi_hourly_anomaly.py
[2026-08-21T04:39:50.691+0000] {logging_mixin.py:188} INFO - [2026-08-21T04:39:50.690+0000] {dag.py:3096} INFO - Sync 1 DAGs
[2026-08-21T04:39:50.719+0000] {processor.py:183} INFO - Processing /opt/airflow/dags/cell_kpi_hourly_anomaly.py took 0.069 seconds
[2026-08-21T04:40:20.826+0000] {processor.py:161} INFO - Started process (PID=8597) to work on /opt/airflow/dags/cell_kpi_hourly_anomaly.py
[2026-08-21T04:40:20.826+0000] {processor.py:830} INFO - Processing file /opt/airflow/dags/cell_kpi_hourly_anomaly.py for tasks to queue
[2026-08-21T04:40:20.828+0000] {logging_mixin.py:188} INFO - [2026-08-21T04:40:20.828+0000] {dagbag.py:545} INFO - Filling up the DagBag from /opt/airflow/dags/cell_kpi_hourly_anomaly.py
[2026-08-21T04:40:20.848+0000] {processor.py:840} INFO - DAG(s) 'cell_kpi_hourly_anomaly_pipeline' retrieved from /opt/airflow/dags/cell_kpi_hourly_anomaly.py
[2026-08-21T04:40:20.861+0000] {logging_mixin.py:188} INFO - [2026-08-21T04:40:20.861+0000] {dag.py:3096} INFO - Sync 1 DAGs
[2026-08-21T04:40:20.889+0000] {processor.py:183} INFO - Processing /opt/airflow/dags/cell_kpi_hourly_anomaly.py took 0.069 seconds
[2026-08-21T04:40:50.995+0000] {processor.py:161} INFO - Started process (PID=8607) to work on /opt/airflow/dags/cell_kpi_hourly_anomaly.py
[2026-08-21T04:40:50.996+0000] {processor.py:830} INFO - Processing file /opt/airflow/dags/cell_kpi_hourly_anomaly.py for tasks to queue
[2026-08-21T04:40:50.998+0000] {logging_mixin.py:188} INFO - [2026-08-21T04:40:50.997+0000] {dagbag.py:545} INFO - Filling up the DagBag from /opt/airflow/dags/cell_kpi_hourly_anomaly.py
[2026-08-21T04:40:51.018+0000] {processor.py:840} INFO - DAG(s) 'cell_kpi_hourly_anomaly_pipeline' retrieved from /opt/airflow/dags/cell_kpi_hourly_anomaly.py
[2026-08-21T04:40:51.029+0000] {logging_mixin.py:188} INFO - [2026-08-21T04:40:51.029+0000] {dag.py:3096} INFO - Sync 1 DAGs
[2026-08-21T04:40:51.058+0000] {processor.py:183} INFO - Processing /opt/airflow/dags/cell_kpi_hourly_anomaly.py took 0.069 seconds
[2026-08-21T04:41:21.165+0000] {processor.py:161} INFO - Started process (PID=8617) to work on /opt/airflow/dags/cell_kpi_hourly_anomaly.py
[2026-08-21T04:41:21.166+0000] {processor.py:830} INFO - Processing file /opt/airflow/dags/cell_kpi_hourly_anomaly.py for tasks to queue
[2026-08-21T04:41:21.167+0000] {logging_mixin.py:188} INFO - [2026-08-21T04:41:21.167+0000] {dagbag.py:545} INFO - Filling up the DagBag from /opt/airflow/dags/cell_kpi_hourly_anomaly.py
[2026-08-21T04:41:21.188+0000] {processor.py:840} INFO - DAG(s) 'cell_kpi_hourly_anomaly_pipeline' retrieved from /opt/airflow/dags/cell_kpi_hourly_anomaly.py
[2026-08-21T04:41:21.201+0000] {logging_mixin.py:188} INFO - [2026-08-21T04:41:21.201+0000] {dag.py:3096} INFO - Sync 1 DAGs
[2026-08-21T04:41:21.231+0000] {processor.py:183} INFO - Processing /opt/airflow/dags/cell_kpi_hourly_anomaly.py took 0.072 seconds
[2026-08-21T04:41:51.331+0000] {processor.py:161} INFO - Started process (PID=8627) to work on /opt/airflow/dags/cell_kpi_hourly_anomaly.py
[2026-08-21T04:41:51.331+0000] {processor.py:830} INFO - Processing file /opt/airflow/dags/cell_kpi_hourly_anomaly.py for tasks to queue
[2026-08-21T04:41:51.333+0000] {logging_mixin.py:188} INFO - [2026-08-21T04:41:51.332+0000] {dagbag.py:545} INFO - Filling up the DagBag from /opt/airflow/dags/cell_kpi_hourly_anomaly.py
[2026-08-21T04:41:51.354+0000] {processor.py:840} INFO - DAG(s) 'cell_kpi_hourly_anomaly_pipeline' retrieved from /opt/airflow/dags/cell_kpi_hourly_anomaly.py
[2026-08-21T04:41:51.365+0000] {logging_mixin.py:188} INFO - [2026-08-21T04:41:51.365+0000] {dag.py:3096} INFO - Sync 1 DAGs
[2026-08-21T04:41:51.398+0000] {processor.py:183} INFO - Processing /opt/airflow/dags/cell_kpi_hourly_anomaly.py took 0.073 seconds
[2026-08-21T04:42:21.507+0000] {processor.py:161} INFO - Started process (PID=8637) to work on /opt/airflow/dags/cell_kpi_hourly_anomaly.py
[2026-08-21T04:42:21.508+0000] {processor.py:830} INFO - Processing file /opt/airflow/dags/cell_kpi_hourly_anomaly.py for tasks to queue
[2026-08-21T04:42:21.509+0000] {logging_mixin.py:188} INFO - [2026-08-21T04:42:21.509+0000] {dagbag.py:545} INFO - Filling up the DagBag from /opt/airflow/dags/cell_kpi_hourly_anomaly.py
[2026-08-21T04:42:21.530+0000] {processor.py:840} INFO - DAG(s) 'cell_kpi_hourly_anomaly_pipeline' retrieved from /opt/airflow/dags/cell_kpi_hourly_anomaly.py
[2026-08-21T04:42:21.542+0000] {logging_mixin.py:188} INFO - [2026-08-21T04:42:21.541+0000] {dag.py:3096} INFO - Sync 1 DAGs
[2026-08-21T04:42:21.575+0000] {processor.py:183} INFO - Processing /opt/airflow/dags/cell_kpi_hourly_anomaly.py took 0.073 seconds
[2026-08-21T04:42:51.673+0000] {processor.py:161} INFO - Started process (PID=8647) to work on /opt/airflow/dags/cell_kpi_hourly_anomaly.py
[2026-08-21T04:42:51.674+0000] {processor.py:830} INFO - Processing file /opt/airflow/dags/cell_kpi_hourly_anomaly.py for tasks to queue
[2026-08-21T04:42:51.676+0000] {logging_mixin.py:188} INFO - [2026-08-21T04:42:51.676+0000] {dagbag.py:545} INFO - Filling up the DagBag from /opt/airflow/dags/cell_kpi_hourly_anomaly.py
[2026-08-21T04:42:51.696+0000] {processor.py:840} INFO - DAG(s) 'cell_kpi_hourly_anomaly_pipeline' retrieved from /opt/airflow/dags/cell_kpi_hourly_anomaly.py
[2026-08-21T04:42:51.708+0000] {logging_mixin.py:188} INFO - [2026-08-21T04:42:51.708+0000] {dag.py:3096} INFO - Sync 1 DAGs
[2026-08-21T04:42:51.737+0000] {processor.py:183} INFO - Processing /opt/airflow/dags/cell_kpi_hourly_anomaly.py took 0.069 seconds
[2026-08-21T04:43:21.870+0000] {processor.py:161} INFO - Started process (PID=8657) to work on /opt/airflow/dags/cell_kpi_hourly_anomaly.py
[2026-08-21T04:43:21.870+0000] {processor.py:830} INFO - Processing file /opt/airflow/dags/cell_kpi_hourly_anomaly.py for tasks to queue
[2026-08-21T04:43:21.872+0000] {logging_mixin.py:188} INFO - [2026-08-21T04:43:21.872+0000] {dagbag.py:545} INFO - Filling up the DagBag from /opt/airflow/dags/cell_kpi_hourly_anomaly.py
[2026-08-21T04:43:21.892+0000] {processor.py:840} INFO - DAG(s) 'cell_kpi_hourly_anomaly_pipeline' retrieved from /opt/airflow/dags/cell_kpi_hourly_anomaly.py
[2026-08-21T04:43:21.904+0000] {logging_mixin.py:188} INFO - [2026-08-21T04:43:21.904+0000] {dag.py:3096} INFO - Sync 1 DAGs
[2026-08-21T04:43:21.933+0000] {processor.py:183} INFO - Processing /opt/airflow/dags/cell_kpi_hourly_anomaly.py took 0.069 seconds
[2026-08-21T04:43:52.042+0000] {processor.py:161} INFO - Started process (PID=8667) to work on /opt/airflow/dags/cell_kpi_hourly_anomaly.py
[2026-08-21T04:43:52.043+0000] {processor.py:830} INFO - Processing file /opt/airflow/dags/cell_kpi_hourly_anomaly.py for tasks to queue
[2026-08-21T04:43:52.044+0000] {logging_mixin.py:188} INFO - [2026-08-21T04:43:52.044+0000] {dagbag.py:545} INFO - Filling up the DagBag from /opt/airflow/dags/cell_kpi_hourly_anomaly.py
[2026-08-21T04:43:52.065+0000] {processor.py:840} INFO - DAG(s) 'cell_kpi_hourly_anomaly_pipeline' retrieved from /opt/airflow/dags/cell_kpi_hourly_anomaly.py
[2026-08-21T04:43:52.076+0000] {logging_mixin.py:188} INFO - [2026-08-21T04:43:52.076+0000] {dag.py:3096} INFO - Sync 1 DAGs
[2026-08-21T04:43:52.103+0000] {processor.py:183} INFO - Processing /opt/airflow/dags/cell_kpi_hourly_anomaly.py took 0.067 seconds
[2026-08-21T04:44:22.225+0000] {processor.py:161} INFO - Started process (PID=8677) to work on /opt/airflow/dags/cell_kpi_hourly_anomaly.py
[2026-08-21T04:44:22.225+0000] {processor.py:830} INFO - Processing file /opt/airflow/dags/cell_kpi_hourly_anomaly.py for tasks to queue
[2026-08-21T04:44:22.227+0000] {logging_mixin.py:188} INFO - [2026-08-21T04:44:22.226+0000] {dagbag.py:545} INFO - Filling up the DagBag from /opt/airflow/dags/cell_kpi_hourly_anomaly.py
[2026-08-21T04:44:22.249+0000] {processor.py:840} INFO - DAG(s) 'cell_kpi_hourly_anomaly_pipeline' retrieved from /opt/airflow/dags/cell_kpi_hourly_anomaly.py
[2026-08-21T04:44:22.261+0000] {logging_mixin.py:188} INFO - [2026-08-21T04:44:22.261+0000] {dag.py:3096} INFO - Sync 1 DAGs
[2026-08-21T04:44:22.291+0000] {processor.py:183} INFO - Processing /opt/airflow/dags/cell_kpi_hourly_anomaly.py took 0.071 seconds
[2026-08-21T04:44:52.419+0000] {processor.py:161} INFO - Started process (PID=8687) to work on /opt/airflow/dags/cell_kpi_hourly_anomaly.py
[2026-08-21T04:44:52.420+0000] {processor.py:830} INFO - Processing file /opt/airflow/dags/cell_kpi_hourly_anomaly.py for tasks to queue
[2026-08-21T04:44:52.422+0000] {logging_mixin.py:188} INFO - [2026-08-21T04:44:52.421+0000] {dagbag.py:545} INFO - Filling up the DagBag from /opt/airflow/dags/cell_kpi_hourly_anomaly.py
[2026-08-21T04:44:52.442+0000] {processor.py:840} INFO - DAG(s) 'cell_kpi_hourly_anomaly_pipeline' retrieved from /opt/airflow/dags/cell_kpi_hourly_anomaly.py
[2026-08-21T04:44:52.454+0000] {logging_mixin.py:188} INFO - [2026-08-21T04:44:52.454+0000] {dag.py:3096} INFO - Sync 1 DAGs
[2026-08-21T04:44:52.483+0000] {processor.py:183} INFO - Processing /opt/airflow/dags/cell_kpi_hourly_anomaly.py took 0.070 seconds
[2026-08-21T04:45:22.596+0000] {processor.py:161} INFO - Started process (PID=8697) to work on /opt/airflow/dags/cell_kpi_hourly_anomaly.py
[2026-08-21T04:45:22.596+0000] {processor.py:830} INFO - Processing file /opt/airflow/dags/cell_kpi_hourly_anomaly.py for tasks to queue
[2026-08-21T04:45:22.598+0000] {logging_mixin.py:188} INFO - [2026-08-21T04:45:22.598+0000] {dagbag.py:545} INFO - Filling up the DagBag from /opt/airflow/dags/cell_kpi_hourly_anomaly.py
[2026-08-21T04:45:22.618+0000] {processor.py:840} INFO - DAG(s) 'cell_kpi_hourly_anomaly_pipeline' retrieved from /opt/airflow/dags/cell_kpi_hourly_anomaly.py
[2026-08-21T04:45:22.630+0000] {logging_mixin.py:188} INFO - [2026-08-21T04:45:22.630+0000] {dag.py:3096} INFO - Sync 1 DAGs
[2026-08-21T04:45:22.657+0000] {processor.py:183} INFO - Processing /opt/airflow/dags/cell_kpi_hourly_anomaly.py took 0.067 seconds
[2026-08-21T04:45:52.760+0000] {processor.py:161} INFO - Started process (PID=8707) to work on /opt/airflow/dags/cell_kpi_hourly_anomaly.py
[2026-08-21T04:45:52.762+0000] {processor.py:830} INFO - Processing file /opt/airflow/dags/cell_kpi_hourly_anomaly.py for tasks to queue
[2026-08-21T04:45:52.763+0000] {logging_mixin.py:188} INFO - [2026-08-21T04:45:52.763+0000] {dagbag.py:545} INFO - Filling up the DagBag from /opt/airflow/dags/cell_kpi_hourly_anomaly.py
[2026-08-21T04:45:52.785+0000] {processor.py:840} INFO - DAG(s) 'cell_kpi_hourly_anomaly_pipeline' retrieved from /opt/airflow/dags/cell_kpi_hourly_anomaly.py
[2026-08-21T04:45:52.797+0000] {logging_mixin.py:188} INFO - [2026-08-21T04:45:52.797+0000] {dag.py:3096} INFO - Sync 1 DAGs
[2026-08-21T04:45:52.831+0000] {processor.py:183} INFO - Processing /opt/airflow/dags/cell_kpi_hourly_anomaly.py took 0.076 seconds
[2026-08-21T04:46:22.936+0000] {processor.py:161} INFO - Started process (PID=8717) to work on /opt/airflow/dags/cell_kpi_hourly_anomaly.py
[2026-08-21T04:46:22.937+0000] {processor.py:830} INFO - Processing file /opt/airflow/dags/cell_kpi_hourly_anomaly.py for tasks to queue
[2026-08-21T04:46:22.938+0000] {logging_mixin.py:188} INFO - [2026-08-21T04:46:22.938+0000] {dagbag.py:545} INFO - Filling up the DagBag from /opt/airflow/dags/cell_kpi_hourly_anomaly.py
[2026-08-21T04:46:22.959+0000] {processor.py:840} INFO - DAG(s) 'cell_kpi_hourly_anomaly_pipeline' retrieved from /opt/airflow/dags/cell_kpi_hourly_anomaly.py
[2026-08-21T04:46:22.971+0000] {logging_mixin.py:188} INFO - [2026-08-21T04:46:22.970+0000] {dag.py:3096} INFO - Sync 1 DAGs
[2026-08-21T04:46:23.000+0000] {processor.py:183} INFO - Processing /opt/airflow/dags/cell_kpi_hourly_anomaly.py took 0.069 seconds
[2026-08-21T04:46:53.101+0000] {processor.py:161} INFO - Started process (PID=8727) to work on /opt/airflow/dags/cell_kpi_hourly_anomaly.py
[2026-08-21T04:46:53.102+0000] {processor.py:830} INFO - Processing file /opt/airflow/dags/cell_kpi_hourly_anomaly.py for tasks to queue
[2026-08-21T04:46:53.104+0000] {logging_mixin.py:188} INFO - [2026-08-21T04:46:53.104+0000] {dagbag.py:545} INFO - Filling up the DagBag from /opt/airflow/dags/cell_kpi_hourly_anomaly.py
[2026-08-21T04:46:53.124+0000] {processor.py:840} INFO - DAG(s) 'cell_kpi_hourly_anomaly_pipeline' retrieved from /opt/airflow/dags/cell_kpi_hourly_anomaly.py
[2026-08-21T04:46:53.135+0000] {logging_mixin.py:188} INFO - [2026-08-21T04:46:53.135+0000] {dag.py:3096} INFO - Sync 1 DAGs
[2026-08-21T04:46:53.168+0000] {processor.py:183} INFO - Processing /opt/airflow/dags/cell_kpi_hourly_anomaly.py took 0.072 seconds
[2026-08-21T04:47:23.278+0000] {processor.py:161} INFO - Started process (PID=8737) to work on /opt/airflow/dags/cell_kpi_hourly_anomaly.py
[2026-08-21T04:47:23.279+0000] {processor.py:830} INFO - Processing file /opt/airflow/dags/cell_kpi_hourly_anomaly.py for tasks to queue
[2026-08-21T04:47:23.281+0000] {logging_mixin.py:188} INFO - [2026-08-21T04:47:23.280+0000] {dagbag.py:545} INFO - Filling up the DagBag from /opt/airflow/dags/cell_kpi_hourly_anomaly.py
[2026-08-21T04:47:23.301+0000] {processor.py:840} INFO - DAG(s) 'cell_kpi_hourly_anomaly_pipeline' retrieved from /opt/airflow/dags/cell_kpi_hourly_anomaly.py
[2026-08-21T04:47:23.313+0000] {logging_mixin.py:188} INFO - [2026-08-21T04:47:23.313+0000] {dag.py:3096} INFO - Sync 1 DAGs
[2026-08-21T04:47:23.341+0000] {processor.py:183} INFO - Processing /opt/airflow/dags/cell_kpi_hourly_anomaly.py took 0.069 seconds
[2026-08-21T04:47:53.451+0000] {processor.py:161} INFO - Started process (PID=8747) to work on /opt/airflow/dags/cell_kpi_hourly_anomaly.py
[2026-08-21T04:47:53.451+0000] {processor.py:830} INFO - Processing file /opt/airflow/dags/cell_kpi_hourly_anomaly.py for tasks to queue
[2026-08-21T04:47:53.453+0000] {logging_mixin.py:188} INFO - [2026-08-21T04:47:53.452+0000] {dagbag.py:545} INFO - Filling up the DagBag from /opt/airflow/dags/cell_kpi_hourly_anomaly.py
[2026-08-21T04:47:53.473+0000] {processor.py:840} INFO - DAG(s) 'cell_kpi_hourly_anomaly_pipeline' retrieved from /opt/airflow/dags/cell_kpi_hourly_anomaly.py
[2026-08-21T04:47:53.485+0000] {logging_mixin.py:188} INFO - [2026-08-21T04:47:53.485+0000] {dag.py:3096} INFO - Sync 1 DAGs
[2026-08-21T04:47:53.514+0000] {processor.py:183} INFO - Processing /opt/airflow/dags/cell_kpi_hourly_anomaly.py took 0.069 seconds
[2026-08-21T04:48:23.620+0000] {processor.py:161} INFO - Started process (PID=8757) to work on /opt/airflow/dags/cell_kpi_hourly_anomaly.py
[2026-08-21T04:48:23.621+0000] {processor.py:830} INFO - Processing file /opt/airflow/dags/cell_kpi_hourly_anomaly.py for tasks to queue
[2026-08-21T04:48:23.622+0000] {logging_mixin.py:188} INFO - [2026-08-21T04:48:23.622+0000] {dagbag.py:545} INFO - Filling up the DagBag from /opt/airflow/dags/cell_kpi_hourly_anomaly.py
[2026-08-21T04:48:23.642+0000] {processor.py:840} INFO - DAG(s) 'cell_kpi_hourly_anomaly_pipeline' retrieved from /opt/airflow/dags/cell_kpi_hourly_anomaly.py
[2026-08-21T04:48:23.654+0000] {logging_mixin.py:188} INFO - [2026-08-21T04:48:23.654+0000] {dag.py:3096} INFO - Sync 1 DAGs
[2026-08-21T04:48:23.683+0000] {processor.py:183} INFO - Processing /opt/airflow/dags/cell_kpi_hourly_anomaly.py took 0.068 seconds
[2026-08-21T04:48:53.788+0000] {processor.py:161} INFO - Started process (PID=8767) to work on /opt/airflow/dags/cell_kpi_hourly_anomaly.py
[2026-08-21T04:48:53.789+0000] {processor.py:830} INFO - Processing file /opt/airflow/dags/cell_kpi_hourly_anomaly.py for tasks to queue
[2026-08-21T04:48:53.791+0000] {logging_mixin.py:188} INFO - [2026-08-21T04:48:53.790+0000] {dagbag.py:545} INFO - Filling up the DagBag from /opt/airflow/dags/cell_kpi_hourly_anomaly.py
[2026-08-21T04:48:53.810+0000] {processor.py:840} INFO - DAG(s) 'cell_kpi_hourly_anomaly_pipeline' retrieved from /opt/airflow/dags/cell_kpi_hourly_anomaly.py
[2026-08-21T04:48:53.822+0000] {logging_mixin.py:188} INFO - [2026-08-21T04:48:53.822+0000] {dag.py:3096} INFO - Sync 1 DAGs
[2026-08-21T04:48:53.850+0000] {processor.py:183} INFO - Processing /opt/airflow/dags/cell_kpi_hourly_anomaly.py took 0.067 seconds
[2026-08-21T04:49:23.965+0000] {processor.py:161} INFO - Started process (PID=8777) to work on /opt/airflow/dags/cell_kpi_hourly_anomaly.py
[2026-08-21T04:49:23.966+0000] {processor.py:830} INFO - Processing file /opt/airflow/dags/cell_kpi_hourly_anomaly.py for tasks to queue
[2026-08-21T04:49:23.967+0000] {logging_mixin.py:188} INFO - [2026-08-21T04:49:23.967+0000] {dagbag.py:545} INFO - Filling up the DagBag from /opt/airflow/dags/cell_kpi_hourly_anomaly.py
[2026-08-21T04:49:23.988+0000] {processor.py:840} INFO - DAG(s) 'cell_kpi_hourly_anomaly_pipeline' retrieved from /opt/airflow/dags/cell_kpi_hourly_anomaly.py
[2026-08-21T04:49:23.999+0000] {logging_mixin.py:188} INFO - [2026-08-21T04:49:23.999+0000] {dag.py:3096} INFO - Sync 1 DAGs
[2026-08-21T04:49:24.027+0000] {processor.py:183} INFO - Processing /opt/airflow/dags/cell_kpi_hourly_anomaly.py took 0.067 seconds
[2026-08-21T04:49:54.128+0000] {processor.py:161} INFO - Started process (PID=8787) to work on /opt/airflow/dags/cell_kpi_hourly_anomaly.py
[2026-08-21T04:49:54.128+0000] {processor.py:830} INFO - Processing file /opt/airflow/dags/cell_kpi_hourly_anomaly.py for tasks to queue
[2026-08-21T04:49:54.130+0000] {logging_mixin.py:188} INFO - [2026-08-21T04:49:54.129+0000] {dagbag.py:545} INFO - Filling up the DagBag from /opt/airflow/dags/cell_kpi_hourly_anomaly.py
[2026-08-21T04:49:54.150+0000] {processor.py:840} INFO - DAG(s) 'cell_kpi_hourly_anomaly_pipeline' retrieved from /opt/airflow/dags/cell_kpi_hourly_anomaly.py
[2026-08-21T04:49:54.162+0000] {logging_mixin.py:188} INFO - [2026-08-21T04:49:54.162+0000] {dag.py:3096} INFO - Sync 1 DAGs
[2026-08-21T04:49:54.190+0000] {processor.py:183} INFO - Processing /opt/airflow/dags/cell_kpi_hourly_anomaly.py took 0.068 seconds
[2026-08-21T04:50:24.300+0000] {processor.py:161} INFO - Started process (PID=8797) to work on /opt/airflow/dags/cell_kpi_hourly_anomaly.py
[2026-08-21T04:50:24.301+0000] {processor.py:830} INFO - Processing file /opt/airflow/dags/cell_kpi_hourly_anomaly.py for tasks to queue
[2026-08-21T04:50:24.303+0000] {logging_mixin.py:188} INFO - [2026-08-21T04:50:24.303+0000] {dagbag.py:545} INFO - Filling up the DagBag from /opt/airflow/dags/cell_kpi_hourly_anomaly.py
[2026-08-21T04:50:24.325+0000] {processor.py:840} INFO - DAG(s) 'cell_kpi_hourly_anomaly_pipeline' retrieved from /opt/airflow/dags/cell_kpi_hourly_anomaly.py
[2026-08-21T04:50:24.336+0000] {logging_mixin.py:188} INFO - [2026-08-21T04:50:24.336+0000] {dag.py:3096} INFO - Sync 1 DAGs
[2026-08-21T04:50:24.365+0000] {processor.py:183} INFO - Processing /opt/airflow/dags/cell_kpi_hourly_anomaly.py took 0.070 seconds
[2026-08-21T04:50:54.468+0000] {processor.py:161} INFO - Started process (PID=8807) to work on /opt/airflow/dags/cell_kpi_hourly_anomaly.py
[2026-08-21T04:50:54.469+0000] {processor.py:830} INFO - Processing file /opt/airflow/dags/cell_kpi_hourly_anomaly.py for tasks to queue
[2026-08-21T04:50:54.471+0000] {logging_mixin.py:188} INFO - [2026-08-21T04:50:54.470+0000] {dagbag.py:545} INFO - Filling up the DagBag from /opt/airflow/dags/cell_kpi_hourly_anomaly.py
[2026-08-21T04:50:54.491+0000] {processor.py:840} INFO - DAG(s) 'cell_kpi_hourly_anomaly_pipeline' retrieved from /opt/airflow/dags/cell_kpi_hourly_anomaly.py
[2026-08-21T04:50:54.502+0000] {logging_mixin.py:188} INFO - [2026-08-21T04:50:54.502+0000] {dag.py:3096} INFO - Sync 1 DAGs
[2026-08-21T04:50:54.531+0000] {processor.py:183} INFO - Processing /opt/airflow/dags/cell_kpi_hourly_anomaly.py took 0.069 seconds
[2026-08-21T04:51:24.657+0000] {processor.py:161} INFO - Started process (PID=8817) to work on /opt/airflow/dags/cell_kpi_hourly_anomaly.py
[2026-08-21T04:51:24.657+0000] {processor.py:830} INFO - Processing file /opt/airflow/dags/cell_kpi_hourly_anomaly.py for tasks to queue
[2026-08-21T04:51:24.659+0000] {logging_mixin.py:188} INFO - [2026-08-21T04:51:24.659+0000] {dagbag.py:545} INFO - Filling up the DagBag from /opt/airflow/dags/cell_kpi_hourly_anomaly.py
[2026-08-21T04:51:24.680+0000] {processor.py:840} INFO - DAG(s) 'cell_kpi_hourly_anomaly_pipeline' retrieved from /opt/airflow/dags/cell_kpi_hourly_anomaly.py
[2026-08-21T04:51:24.692+0000] {logging_mixin.py:188} INFO - [2026-08-21T04:51:24.692+0000] {dag.py:3096} INFO - Sync 1 DAGs
[2026-08-21T04:51:24.721+0000] {processor.py:183} INFO - Processing /opt/airflow/dags/cell_kpi_hourly_anomaly.py took 0.070 seconds
[2026-08-21T04:51:54.830+0000] {processor.py:161} INFO - Started process (PID=8827) to work on /opt/airflow/dags/cell_kpi_hourly_anomaly.py
[2026-08-21T04:51:54.831+0000] {processor.py:830} INFO - Processing file /opt/airflow/dags/cell_kpi_hourly_anomaly.py for tasks to queue
[2026-08-21T04:51:54.832+0000] {logging_mixin.py:188} INFO - [2026-08-21T04:51:54.832+0000] {dagbag.py:545} INFO - Filling up the DagBag from /opt/airflow/dags/cell_kpi_hourly_anomaly.py
[2026-08-21T04:51:54.854+0000] {processor.py:840} INFO - DAG(s) 'cell_kpi_hourly_anomaly_pipeline' retrieved from /opt/airflow/dags/cell_kpi_hourly_anomaly.py
[2026-08-21T04:51:54.866+0000] {logging_mixin.py:188} INFO - [2026-08-21T04:51:54.866+0000] {dag.py:3096} INFO - Sync 1 DAGs
[2026-08-21T04:51:54.895+0000] {processor.py:183} INFO - Processing /opt/airflow/dags/cell_kpi_hourly_anomaly.py took 0.071 seconds
[2026-08-21T04:52:24.996+0000] {processor.py:161} INFO - Started process (PID=8837) to work on /opt/airflow/dags/cell_kpi_hourly_anomaly.py
[2026-08-21T04:52:24.997+0000] {processor.py:830} INFO - Processing file /opt/airflow/dags/cell_kpi_hourly_anomaly.py for tasks to queue
[2026-08-21T04:52:24.998+0000] {logging_mixin.py:188} INFO - [2026-08-21T04:52:24.998+0000] {dagbag.py:545} INFO - Filling up the DagBag from /opt/airflow/dags/cell_kpi_hourly_anomaly.py
[2026-08-21T04:52:25.018+0000] {processor.py:840} INFO - DAG(s) 'cell_kpi_hourly_anomaly_pipeline' retrieved from /opt/airflow/dags/cell_kpi_hourly_anomaly.py
[2026-08-21T04:52:25.030+0000] {logging_mixin.py:188} INFO - [2026-08-21T04:52:25.029+0000] {dag.py:3096} INFO - Sync 1 DAGs
[2026-08-21T04:52:25.058+0000] {processor.py:183} INFO - Processing /opt/airflow/dags/cell_kpi_hourly_anomaly.py took 0.067 seconds
[2026-08-21T04:52:55.156+0000] {processor.py:161} INFO - Started process (PID=8847) to work on /opt/airflow/dags/cell_kpi_hourly_anomaly.py
[2026-08-21T04:52:55.156+0000] {processor.py:830} INFO - Processing file /opt/airflow/dags/cell_kpi_hourly_anomaly.py for tasks to queue
[2026-08-21T04:52:55.158+0000] {logging_mixin.py:188} INFO - [2026-08-21T04:52:55.158+0000] {dagbag.py:545} INFO - Filling up the DagBag from /opt/airflow/dags/cell_kpi_hourly_anomaly.py
[2026-08-21T04:52:55.178+0000] {processor.py:840} INFO - DAG(s) 'cell_kpi_hourly_anomaly_pipeline' retrieved from /opt/airflow/dags/cell_kpi_hourly_anomaly.py
[2026-08-21T04:52:55.190+0000] {logging_mixin.py:188} INFO - [2026-08-21T04:52:55.190+0000] {dag.py:3096} INFO - Sync 1 DAGs
[2026-08-21T04:52:55.219+0000] {processor.py:183} INFO - Processing /opt/airflow/dags/cell_kpi_hourly_anomaly.py took 0.069 seconds
[2026-08-21T04:53:25.334+0000] {processor.py:161} INFO - Started process (PID=8857) to work on /opt/airflow/dags/cell_kpi_hourly_anomaly.py
[2026-08-21T04:53:25.335+0000] {processor.py:830} INFO - Processing file /opt/airflow/dags/cell_kpi_hourly_anomaly.py for tasks to queue
[2026-08-21T04:53:25.337+0000] {logging_mixin.py:188} INFO - [2026-08-21T04:53:25.336+0000] {dagbag.py:545} INFO - Filling up the DagBag from /opt/airflow/dags/cell_kpi_hourly_anomaly.py
[2026-08-21T04:53:25.356+0000] {processor.py:840} INFO - DAG(s) 'cell_kpi_hourly_anomaly_pipeline' retrieved from /opt/airflow/dags/cell_kpi_hourly_anomaly.py
[2026-08-21T04:53:25.368+0000] {logging_mixin.py:188} INFO - [2026-08-21T04:53:25.368+0000] {dag.py:3096} INFO - Sync 1 DAGs
[2026-08-21T04:53:25.396+0000] {processor.py:183} INFO - Processing /opt/airflow/dags/cell_kpi_hourly_anomaly.py took 0.067 seconds
[2026-08-21T04:53:55.500+0000] {processor.py:161} INFO - Started process (PID=8867) to work on /opt/airflow/dags/cell_kpi_hourly_anomaly.py
[2026-08-21T04:53:55.501+0000] {processor.py:830} INFO - Processing file /opt/airflow/dags/cell_kpi_hourly_anomaly.py for tasks to queue
[2026-08-21T04:53:55.502+0000] {logging_mixin.py:188} INFO - [2026-08-21T04:53:55.502+0000] {dagbag.py:545} INFO - Filling up the DagBag from /opt/airflow/dags/cell_kpi_hourly_anomaly.py
[2026-08-21T04:53:55.531+0000] {processor.py:840} INFO - DAG(s) 'cell_kpi_hourly_anomaly_pipeline' retrieved from /opt/airflow/dags/cell_kpi_hourly_anomaly.py
[2026-08-21T04:53:55.550+0000] {logging_mixin.py:188} INFO - [2026-08-21T04:53:55.550+0000] {dag.py:3096} INFO - Sync 1 DAGs
[2026-08-21T04:53:55.580+0000] {processor.py:183} INFO - Processing /opt/airflow/dags/cell_kpi_hourly_anomaly.py took 0.086 seconds
[2026-08-21T04:54:25.688+0000] {processor.py:161} INFO - Started process (PID=8877) to work on /opt/airflow/dags/cell_kpi_hourly_anomaly.py
[2026-08-21T04:54:25.689+0000] {processor.py:830} INFO - Processing file /opt/airflow/dags/cell_kpi_hourly_anomaly.py for tasks to queue
[2026-08-21T04:54:25.691+0000] {logging_mixin.py:188} INFO - [2026-08-21T04:54:25.691+0000] {dagbag.py:545} INFO - Filling up the DagBag from /opt/airflow/dags/cell_kpi_hourly_anomaly.py
[2026-08-21T04:54:25.713+0000] {processor.py:840} INFO - DAG(s) 'cell_kpi_hourly_anomaly_pipeline' retrieved from /opt/airflow/dags/cell_kpi_hourly_anomaly.py
[2026-08-21T04:54:25.727+0000] {logging_mixin.py:188} INFO - [2026-08-21T04:54:25.727+0000] {dag.py:3096} INFO - Sync 1 DAGs
[2026-08-21T04:54:25.762+0000] {processor.py:183} INFO - Processing /opt/airflow/dags/cell_kpi_hourly_anomaly.py took 0.079 seconds
[2026-08-21T04:54:55.888+0000] {processor.py:161} INFO - Started process (PID=8887) to work on /opt/airflow/dags/cell_kpi_hourly_anomaly.py
[2026-08-21T04:54:55.889+0000] {processor.py:830} INFO - Processing file /opt/airflow/dags/cell_kpi_hourly_anomaly.py for tasks to queue
[2026-08-21T04:54:55.891+0000] {logging_mixin.py:188} INFO - [2026-08-21T04:54:55.890+0000] {dagbag.py:545} INFO - Filling up the DagBag from /opt/airflow/dags/cell_kpi_hourly_anomaly.py
[2026-08-21T04:54:55.912+0000] {processor.py:840} INFO - DAG(s) 'cell_kpi_hourly_anomaly_pipeline' retrieved from /opt/airflow/dags/cell_kpi_hourly_anomaly.py
[2026-08-21T04:54:55.923+0000] {logging_mixin.py:188} INFO - [2026-08-21T04:54:55.923+0000] {dag.py:3096} INFO - Sync 1 DAGs
[2026-08-21T04:54:55.951+0000] {processor.py:183} INFO - Processing /opt/airflow/dags/cell_kpi_hourly_anomaly.py took 0.068 seconds
[2026-08-21T04:55:26.053+0000] {processor.py:161} INFO - Started process (PID=8897) to work on /opt/airflow/dags/cell_kpi_hourly_anomaly.py
[2026-08-21T04:55:26.054+0000] {processor.py:830} INFO - Processing file /opt/airflow/dags/cell_kpi_hourly_anomaly.py for tasks to queue
[2026-08-21T04:55:26.057+0000] {logging_mixin.py:188} INFO - [2026-08-21T04:55:26.056+0000] {dagbag.py:545} INFO - Filling up the DagBag from /opt/airflow/dags/cell_kpi_hourly_anomaly.py
[2026-08-21T04:55:26.077+0000] {processor.py:840} INFO - DAG(s) 'cell_kpi_hourly_anomaly_pipeline' retrieved from /opt/airflow/dags/cell_kpi_hourly_anomaly.py
[2026-08-21T04:55:26.089+0000] {logging_mixin.py:188} INFO - [2026-08-21T04:55:26.088+0000] {dag.py:3096} INFO - Sync 1 DAGs
[2026-08-21T04:55:26.117+0000] {processor.py:183} INFO - Processing /opt/airflow/dags/cell_kpi_hourly_anomaly.py took 0.069 seconds
[2026-08-21T04:55:56.223+0000] {processor.py:161} INFO - Started process (PID=8907) to work on /opt/airflow/dags/cell_kpi_hourly_anomaly.py
[2026-08-21T04:55:56.224+0000] {processor.py:830} INFO - Processing file /opt/airflow/dags/cell_kpi_hourly_anomaly.py for tasks to queue
[2026-08-21T04:55:56.225+0000] {logging_mixin.py:188} INFO - [2026-08-21T04:55:56.225+0000] {dagbag.py:545} INFO - Filling up the DagBag from /opt/airflow/dags/cell_kpi_hourly_anomaly.py
[2026-08-21T04:55:56.246+0000] {processor.py:840} INFO - DAG(s) 'cell_kpi_hourly_anomaly_pipeline' retrieved from /opt/airflow/dags/cell_kpi_hourly_anomaly.py
[2026-08-21T04:55:56.257+0000] {logging_mixin.py:188} INFO - [2026-08-21T04:55:56.257+0000] {dag.py:3096} INFO - Sync 1 DAGs
[2026-08-21T04:55:56.285+0000] {processor.py:183} INFO - Processing /opt/airflow/dags/cell_kpi_hourly_anomaly.py took 0.067 seconds
[2026-08-21T04:56:26.390+0000] {processor.py:161} INFO - Started process (PID=8917) to work on /opt/airflow/dags/cell_kpi_hourly_anomaly.py
[2026-08-21T04:56:26.391+0000] {processor.py:830} INFO - Processing file /opt/airflow/dags/cell_kpi_hourly_anomaly.py for tasks to queue
[2026-08-21T04:56:26.392+0000] {logging_mixin.py:188} INFO - [2026-08-21T04:56:26.392+0000] {dagbag.py:545} INFO - Filling up the DagBag from /opt/airflow/dags/cell_kpi_hourly_anomaly.py
[2026-08-21T04:56:26.413+0000] {processor.py:840} INFO - DAG(s) 'cell_kpi_hourly_anomaly_pipeline' retrieved from /opt/airflow/dags/cell_kpi_hourly_anomaly.py
[2026-08-21T04:56:26.425+0000] {logging_mixin.py:188} INFO - [2026-08-21T04:56:26.425+0000] {dag.py:3096} INFO - Sync 1 DAGs
[2026-08-21T04:56:26.453+0000] {processor.py:183} INFO - Processing /opt/airflow/dags/cell_kpi_hourly_anomaly.py took 0.069 seconds
[2026-08-21T04:56:56.564+0000] {processor.py:161} INFO - Started process (PID=8927) to work on /opt/airflow/dags/cell_kpi_hourly_anomaly.py
[2026-08-21T04:56:56.565+0000] {processor.py:830} INFO - Processing file /opt/airflow/dags/cell_kpi_hourly_anomaly.py for tasks to queue
[2026-08-21T04:56:56.566+0000] {logging_mixin.py:188} INFO - [2026-08-21T04:56:56.566+0000] {dagbag.py:545} INFO - Filling up the DagBag from /opt/airflow/dags/cell_kpi_hourly_anomaly.py
[2026-08-21T04:56:56.586+0000] {processor.py:840} INFO - DAG(s) 'cell_kpi_hourly_anomaly_pipeline' retrieved from /opt/airflow/dags/cell_kpi_hourly_anomaly.py
[2026-08-21T04:56:56.598+0000] {logging_mixin.py:188} INFO - [2026-08-21T04:56:56.598+0000] {dag.py:3096} INFO - Sync 1 DAGs
[2026-08-21T04:56:56.627+0000] {processor.py:183} INFO - Processing /opt/airflow/dags/cell_kpi_hourly_anomaly.py took 0.069 seconds
[2026-08-21T04:57:26.736+0000] {processor.py:161} INFO - Started process (PID=8937) to work on /opt/airflow/dags/cell_kpi_hourly_anomaly.py
[2026-08-21T04:57:26.737+0000] {processor.py:830} INFO - Processing file /opt/airflow/dags/cell_kpi_hourly_anomaly.py for tasks to queue
[2026-08-21T04:57:26.739+0000] {logging_mixin.py:188} INFO - [2026-08-21T04:57:26.739+0000] {dagbag.py:545} INFO - Filling up the DagBag from /opt/airflow/dags/cell_kpi_hourly_anomaly.py
[2026-08-21T04:57:26.764+0000] {processor.py:840} INFO - DAG(s) 'cell_kpi_hourly_anomaly_pipeline' retrieved from /opt/airflow/dags/cell_kpi_hourly_anomaly.py
[2026-08-21T04:57:26.781+0000] {logging_mixin.py:188} INFO - [2026-08-21T04:57:26.781+0000] {dag.py:3096} INFO - Sync 1 DAGs
[2026-08-21T04:57:26.815+0000] {processor.py:183} INFO - Processing /opt/airflow/dags/cell_kpi_hourly_anomaly.py took 0.085 seconds
[2026-08-21T04:57:56.911+0000] {processor.py:161} INFO - Started process (PID=8947) to work on /opt/airflow/dags/cell_kpi_hourly_anomaly.py
[2026-08-21T04:57:56.912+0000] {processor.py:830} INFO - Processing file /opt/airflow/dags/cell_kpi_hourly_anomaly.py for tasks to queue
[2026-08-21T04:57:56.914+0000] {logging_mixin.py:188} INFO - [2026-08-21T04:57:56.913+0000] {dagbag.py:545} INFO - Filling up the DagBag from /opt/airflow/dags/cell_kpi_hourly_anomaly.py
[2026-08-21T04:57:56.934+0000] {processor.py:840} INFO - DAG(s) 'cell_kpi_hourly_anomaly_pipeline' retrieved from /opt/airflow/dags/cell_kpi_hourly_anomaly.py
[2026-08-21T04:57:56.945+0000] {logging_mixin.py:188} INFO - [2026-08-21T04:57:56.945+0000] {dag.py:3096} INFO - Sync 1 DAGs
[2026-08-21T04:57:56.974+0000] {processor.py:183} INFO - Processing /opt/airflow/dags/cell_kpi_hourly_anomaly.py took 0.068 seconds
[2026-08-21T04:58:27.078+0000] {processor.py:161} INFO - Started process (PID=8957) to work on /opt/airflow/dags/cell_kpi_hourly_anomaly.py
[2026-08-21T04:58:27.079+0000] {processor.py:830} INFO - Processing file /opt/airflow/dags/cell_kpi_hourly_anomaly.py for tasks to queue
[2026-08-21T04:58:27.080+0000] {logging_mixin.py:188} INFO - [2026-08-21T04:58:27.080+0000] {dagbag.py:545} INFO - Filling up the DagBag from /opt/airflow/dags/cell_kpi_hourly_anomaly.py
[2026-08-21T04:58:27.100+0000] {processor.py:840} INFO - DAG(s) 'cell_kpi_hourly_anomaly_pipeline' retrieved from /opt/airflow/dags/cell_kpi_hourly_anomaly.py
[2026-08-21T04:58:27.111+0000] {logging_mixin.py:188} INFO - [2026-08-21T04:58:27.111+0000] {dag.py:3096} INFO - Sync 1 DAGs
[2026-08-21T04:58:27.140+0000] {processor.py:183} INFO - Processing /opt/airflow/dags/cell_kpi_hourly_anomaly.py took 0.067 seconds
[2026-08-21T04:58:57.252+0000] {processor.py:161} INFO - Started process (PID=8967) to work on /opt/airflow/dags/cell_kpi_hourly_anomaly.py
[2026-08-21T04:58:57.252+0000] {processor.py:830} INFO - Processing file /opt/airflow/dags/cell_kpi_hourly_anomaly.py for tasks to queue
[2026-08-21T04:58:57.254+0000] {logging_mixin.py:188} INFO - [2026-08-21T04:58:57.254+0000] {dagbag.py:545} INFO - Filling up the DagBag from /opt/airflow/dags/cell_kpi_hourly_anomaly.py
[2026-08-21T04:58:57.274+0000] {processor.py:840} INFO - DAG(s) 'cell_kpi_hourly_anomaly_pipeline' retrieved from /opt/airflow/dags/cell_kpi_hourly_anomaly.py
[2026-08-21T04:58:57.286+0000] {logging_mixin.py:188} INFO - [2026-08-21T04:58:57.286+0000] {dag.py:3096} INFO - Sync 1 DAGs
[2026-08-21T04:58:57.314+0000] {processor.py:183} INFO - Processing /opt/airflow/dags/cell_kpi_hourly_anomaly.py took 0.068 seconds
[2026-08-21T04:59:27.429+0000] {processor.py:161} INFO - Started process (PID=8977) to work on /opt/airflow/dags/cell_kpi_hourly_anomaly.py
[2026-08-21T04:59:27.430+0000] {processor.py:830} INFO - Processing file /opt/airflow/dags/cell_kpi_hourly_anomaly.py for tasks to queue
[2026-08-21T04:59:27.431+0000] {logging_mixin.py:188} INFO - [2026-08-21T04:59:27.431+0000] {dagbag.py:545} INFO - Filling up the DagBag from /opt/airflow/dags/cell_kpi_hourly_anomaly.py
[2026-08-21T04:59:27.452+0000] {processor.py:840} INFO - DAG(s) 'cell_kpi_hourly_anomaly_pipeline' retrieved from /opt/airflow/dags/cell_kpi_hourly_anomaly.py
[2026-08-21T04:59:27.464+0000] {logging_mixin.py:188} INFO - [2026-08-21T04:59:27.464+0000] {dag.py:3096} INFO - Sync 1 DAGs
[2026-08-21T04:59:27.495+0000] {processor.py:183} INFO - Processing /opt/airflow/dags/cell_kpi_hourly_anomaly.py took 0.071 seconds
[2026-08-21T04:59:57.597+0000] {processor.py:161} INFO - Started process (PID=8987) to work on /opt/airflow/dags/cell_kpi_hourly_anomaly.py
[2026-08-21T04:59:57.598+0000] {processor.py:830} INFO - Processing file /opt/airflow/dags/cell_kpi_hourly_anomaly.py for tasks to queue
[2026-08-21T04:59:57.599+0000] {logging_mixin.py:188} INFO - [2026-08-21T04:59:57.599+0000] {dagbag.py:545} INFO - Filling up the DagBag from /opt/airflow/dags/cell_kpi_hourly_anomaly.py
[2026-08-21T04:59:57.621+0000] {processor.py:840} INFO - DAG(s) 'cell_kpi_hourly_anomaly_pipeline' retrieved from /opt/airflow/dags/cell_kpi_hourly_anomaly.py
[2026-08-21T04:59:57.632+0000] {logging_mixin.py:188} INFO - [2026-08-21T04:59:57.632+0000] {dag.py:3096} INFO - Sync 1 DAGs
[2026-08-21T04:59:57.660+0000] {processor.py:183} INFO - Processing /opt/airflow/dags/cell_kpi_hourly_anomaly.py took 0.069 seconds
[2026-08-21T05:00:27.772+0000] {processor.py:161} INFO - Started process (PID=8997) to work on /opt/airflow/dags/cell_kpi_hourly_anomaly.py
[2026-08-21T05:00:27.773+0000] {processor.py:830} INFO - Processing file /opt/airflow/dags/cell_kpi_hourly_anomaly.py for tasks to queue
[2026-08-21T05:00:27.774+0000] {logging_mixin.py:188} INFO - [2026-08-21T05:00:27.774+0000] {dagbag.py:545} INFO - Filling up the DagBag from /opt/airflow/dags/cell_kpi_hourly_anomaly.py
[2026-08-21T05:00:27.794+0000] {processor.py:840} INFO - DAG(s) 'cell_kpi_hourly_anomaly_pipeline' retrieved from /opt/airflow/dags/cell_kpi_hourly_anomaly.py
[2026-08-21T05:00:27.806+0000] {logging_mixin.py:188} INFO - [2026-08-21T05:00:27.805+0000] {dag.py:3096} INFO - Sync 1 DAGs
[2026-08-21T05:00:27.834+0000] {processor.py:183} INFO - Processing /opt/airflow/dags/cell_kpi_hourly_anomaly.py took 0.067 seconds
[2026-08-21T05:00:57.941+0000] {processor.py:161} INFO - Started process (PID=9007) to work on /opt/airflow/dags/cell_kpi_hourly_anomaly.py
[2026-08-21T05:00:57.942+0000] {processor.py:830} INFO - Processing file /opt/airflow/dags/cell_kpi_hourly_anomaly.py for tasks to queue
[2026-08-21T05:00:57.943+0000] {logging_mixin.py:188} INFO - [2026-08-21T05:00:57.943+0000] {dagbag.py:545} INFO - Filling up the DagBag from /opt/airflow/dags/cell_kpi_hourly_anomaly.py
[2026-08-21T05:00:57.963+0000] {processor.py:840} INFO - DAG(s) 'cell_kpi_hourly_anomaly_pipeline' retrieved from /opt/airflow/dags/cell_kpi_hourly_anomaly.py
[2026-08-21T05:00:57.975+0000] {logging_mixin.py:188} INFO - [2026-08-21T05:00:57.975+0000] {dag.py:3096} INFO - Sync 1 DAGs
[2026-08-21T05:00:58.003+0000] {processor.py:183} INFO - Processing /opt/airflow/dags/cell_kpi_hourly_anomaly.py took 0.068 seconds
[2026-08-21T05:01:28.112+0000] {processor.py:161} INFO - Started process (PID=9017) to work on /opt/airflow/dags/cell_kpi_hourly_anomaly.py
[2026-08-21T05:01:28.113+0000] {processor.py:830} INFO - Processing file /opt/airflow/dags/cell_kpi_hourly_anomaly.py for tasks to queue
[2026-08-21T05:01:28.115+0000] {logging_mixin.py:188} INFO - [2026-08-21T05:01:28.115+0000] {dagbag.py:545} INFO - Filling up the DagBag from /opt/airflow/dags/cell_kpi_hourly_anomaly.py
[2026-08-21T05:01:28.135+0000] {processor.py:840} INFO - DAG(s) 'cell_kpi_hourly_anomaly_pipeline' retrieved from /opt/airflow/dags/cell_kpi_hourly_anomaly.py
[2026-08-21T05:01:28.147+0000] {logging_mixin.py:188} INFO - [2026-08-21T05:01:28.147+0000] {dag.py:3096} INFO - Sync 1 DAGs
[2026-08-21T05:01:28.176+0000] {processor.py:183} INFO - Processing /opt/airflow/dags/cell_kpi_hourly_anomaly.py took 0.068 seconds
[2026-08-21T05:01:58.279+0000] {processor.py:161} INFO - Started process (PID=9027) to work on /opt/airflow/dags/cell_kpi_hourly_anomaly.py
[2026-08-21T05:01:58.280+0000] {processor.py:830} INFO - Processing file /opt/airflow/dags/cell_kpi_hourly_anomaly.py for tasks to queue
[2026-08-21T05:01:58.281+0000] {logging_mixin.py:188} INFO - [2026-08-21T05:01:58.281+0000] {dagbag.py:545} INFO - Filling up the DagBag from /opt/airflow/dags/cell_kpi_hourly_anomaly.py
[2026-08-21T05:01:58.302+0000] {processor.py:840} INFO - DAG(s) 'cell_kpi_hourly_anomaly_pipeline' retrieved from /opt/airflow/dags/cell_kpi_hourly_anomaly.py
[2026-08-21T05:01:58.314+0000] {logging_mixin.py:188} INFO - [2026-08-21T05:01:58.313+0000] {dag.py:3096} INFO - Sync 1 DAGs
[2026-08-21T05:01:58.341+0000] {processor.py:183} INFO - Processing /opt/airflow/dags/cell_kpi_hourly_anomaly.py took 0.068 seconds
[2026-08-21T05:02:28.450+0000] {processor.py:161} INFO - Started process (PID=9037) to work on /opt/airflow/dags/cell_kpi_hourly_anomaly.py
[2026-08-21T05:02:28.451+0000] {processor.py:830} INFO - Processing file /opt/airflow/dags/cell_kpi_hourly_anomaly.py for tasks to queue
[2026-08-21T05:02:28.452+0000] {logging_mixin.py:188} INFO - [2026-08-21T05:02:28.452+0000] {dagbag.py:545} INFO - Filling up the DagBag from /opt/airflow/dags/cell_kpi_hourly_anomaly.py
[2026-08-21T05:02:28.473+0000] {processor.py:840} INFO - DAG(s) 'cell_kpi_hourly_anomaly_pipeline' retrieved from /opt/airflow/dags/cell_kpi_hourly_anomaly.py
[2026-08-21T05:02:28.486+0000] {logging_mixin.py:188} INFO - [2026-08-21T05:02:28.486+0000] {dag.py:3096} INFO - Sync 1 DAGs
[2026-08-21T05:02:28.515+0000] {processor.py:183} INFO - Processing /opt/airflow/dags/cell_kpi_hourly_anomaly.py took 0.071 seconds
[2026-08-21T05:02:58.625+0000] {processor.py:161} INFO - Started process (PID=9047) to work on /opt/airflow/dags/cell_kpi_hourly_anomaly.py
[2026-08-21T05:02:58.626+0000] {processor.py:830} INFO - Processing file /opt/airflow/dags/cell_kpi_hourly_anomaly.py for tasks to queue
[2026-08-21T05:02:58.627+0000] {logging_mixin.py:188} INFO - [2026-08-21T05:02:58.627+0000] {dagbag.py:545} INFO - Filling up the DagBag from /opt/airflow/dags/cell_kpi_hourly_anomaly.py
[2026-08-21T05:02:58.647+0000] {processor.py:840} INFO - DAG(s) 'cell_kpi_hourly_anomaly_pipeline' retrieved from /opt/airflow/dags/cell_kpi_hourly_anomaly.py
[2026-08-21T05:02:58.659+0000] {logging_mixin.py:188} INFO - [2026-08-21T05:02:58.659+0000] {dag.py:3096} INFO - Sync 1 DAGs
[2026-08-21T05:02:58.687+0000] {processor.py:183} INFO - Processing /opt/airflow/dags/cell_kpi_hourly_anomaly.py took 0.068 seconds
[2026-08-21T05:03:28.792+0000] {processor.py:161} INFO - Started process (PID=9057) to work on /opt/airflow/dags/cell_kpi_hourly_anomaly.py
[2026-08-21T05:03:28.793+0000] {processor.py:830} INFO - Processing file /opt/airflow/dags/cell_kpi_hourly_anomaly.py for tasks to queue
[2026-08-21T05:03:28.795+0000] {logging_mixin.py:188} INFO - [2026-08-21T05:03:28.794+0000] {dagbag.py:545} INFO - Filling up the DagBag from /opt/airflow/dags/cell_kpi_hourly_anomaly.py
[2026-08-21T05:03:28.814+0000] {processor.py:840} INFO - DAG(s) 'cell_kpi_hourly_anomaly_pipeline' retrieved from /opt/airflow/dags/cell_kpi_hourly_anomaly.py
[2026-08-21T05:03:28.827+0000] {logging_mixin.py:188} INFO - [2026-08-21T05:03:28.826+0000] {dag.py:3096} INFO - Sync 1 DAGs
[2026-08-21T05:03:28.855+0000] {processor.py:183} INFO - Processing /opt/airflow/dags/cell_kpi_hourly_anomaly.py took 0.068 seconds
[2026-08-21T05:03:58.959+0000] {processor.py:161} INFO - Started process (PID=9067) to work on /opt/airflow/dags/cell_kpi_hourly_anomaly.py
[2026-08-21T05:03:58.960+0000] {processor.py:830} INFO - Processing file /opt/airflow/dags/cell_kpi_hourly_anomaly.py for tasks to queue
[2026-08-21T05:03:58.961+0000] {logging_mixin.py:188} INFO - [2026-08-21T05:03:58.961+0000] {dagbag.py:545} INFO - Filling up the DagBag from /opt/airflow/dags/cell_kpi_hourly_anomaly.py
[2026-08-21T05:03:58.982+0000] {processor.py:840} INFO - DAG(s) 'cell_kpi_hourly_anomaly_pipeline' retrieved from /opt/airflow/dags/cell_kpi_hourly_anomaly.py
[2026-08-21T05:03:58.994+0000] {logging_mixin.py:188} INFO - [2026-08-21T05:03:58.993+0000] {dag.py:3096} INFO - Sync 1 DAGs
[2026-08-21T05:03:59.021+0000] {processor.py:183} INFO - Processing /opt/airflow/dags/cell_kpi_hourly_anomaly.py took 0.068 seconds
[2026-08-21T05:04:29.130+0000] {processor.py:161} INFO - Started process (PID=9077) to work on /opt/airflow/dags/cell_kpi_hourly_anomaly.py
[2026-08-21T05:04:29.131+0000] {processor.py:830} INFO - Processing file /opt/airflow/dags/cell_kpi_hourly_anomaly.py for tasks to queue
[2026-08-21T05:04:29.133+0000] {logging_mixin.py:188} INFO - [2026-08-21T05:04:29.132+0000] {dagbag.py:545} INFO - Filling up the DagBag from /opt/airflow/dags/cell_kpi_hourly_anomaly.py
[2026-08-21T05:04:29.154+0000] {processor.py:840} INFO - DAG(s) 'cell_kpi_hourly_anomaly_pipeline' retrieved from /opt/airflow/dags/cell_kpi_hourly_anomaly.py
[2026-08-21T05:04:29.167+0000] {logging_mixin.py:188} INFO - [2026-08-21T05:04:29.166+0000] {dag.py:3096} INFO - Sync 1 DAGs
[2026-08-21T05:04:29.196+0000] {processor.py:183} INFO - Processing /opt/airflow/dags/cell_kpi_hourly_anomaly.py took 0.071 seconds
[2026-08-21T05:04:59.295+0000] {processor.py:161} INFO - Started process (PID=9087) to work on /opt/airflow/dags/cell_kpi_hourly_anomaly.py
[2026-08-21T05:04:59.295+0000] {processor.py:830} INFO - Processing file /opt/airflow/dags/cell_kpi_hourly_anomaly.py for tasks to queue
[2026-08-21T05:04:59.297+0000] {logging_mixin.py:188} INFO - [2026-08-21T05:04:59.296+0000] {dagbag.py:545} INFO - Filling up the DagBag from /opt/airflow/dags/cell_kpi_hourly_anomaly.py
[2026-08-21T05:04:59.317+0000] {processor.py:840} INFO - DAG(s) 'cell_kpi_hourly_anomaly_pipeline' retrieved from /opt/airflow/dags/cell_kpi_hourly_anomaly.py
[2026-08-21T05:04:59.329+0000] {logging_mixin.py:188} INFO - [2026-08-21T05:04:59.329+0000] {dag.py:3096} INFO - Sync 1 DAGs
[2026-08-21T05:04:59.357+0000] {processor.py:183} INFO - Processing /opt/airflow/dags/cell_kpi_hourly_anomaly.py took 0.067 seconds
[2026-08-21T05:05:29.461+0000] {processor.py:161} INFO - Started process (PID=9097) to work on /opt/airflow/dags/cell_kpi_hourly_anomaly.py
[2026-08-21T05:05:29.462+0000] {processor.py:830} INFO - Processing file /opt/airflow/dags/cell_kpi_hourly_anomaly.py for tasks to queue
[2026-08-21T05:05:29.464+0000] {logging_mixin.py:188} INFO - [2026-08-21T05:05:29.464+0000] {dagbag.py:545} INFO - Filling up the DagBag from /opt/airflow/dags/cell_kpi_hourly_anomaly.py
[2026-08-21T05:05:29.484+0000] {processor.py:840} INFO - DAG(s) 'cell_kpi_hourly_anomaly_pipeline' retrieved from /opt/airflow/dags/cell_kpi_hourly_anomaly.py
[2026-08-21T05:05:29.496+0000] {logging_mixin.py:188} INFO - [2026-08-21T05:05:29.496+0000] {dag.py:3096} INFO - Sync 1 DAGs
[2026-08-21T05:05:29.527+0000] {processor.py:183} INFO - Processing /opt/airflow/dags/cell_kpi_hourly_anomaly.py took 0.071 seconds
[2026-08-21T05:05:59.635+0000] {processor.py:161} INFO - Started process (PID=9107) to work on /opt/airflow/dags/cell_kpi_hourly_anomaly.py
[2026-08-21T05:05:59.636+0000] {processor.py:830} INFO - Processing file /opt/airflow/dags/cell_kpi_hourly_anomaly.py for tasks to queue
[2026-08-21T05:05:59.637+0000] {logging_mixin.py:188} INFO - [2026-08-21T05:05:59.637+0000] {dagbag.py:545} INFO - Filling up the DagBag from /opt/airflow/dags/cell_kpi_hourly_anomaly.py
[2026-08-21T05:05:59.658+0000] {processor.py:840} INFO - DAG(s) 'cell_kpi_hourly_anomaly_pipeline' retrieved from /opt/airflow/dags/cell_kpi_hourly_anomaly.py
[2026-08-21T05:05:59.670+0000] {logging_mixin.py:188} INFO - [2026-08-21T05:05:59.670+0000] {dag.py:3096} INFO - Sync 1 DAGs
[2026-08-21T05:05:59.710+0000] {processor.py:183} INFO - Processing /opt/airflow/dags/cell_kpi_hourly_anomaly.py took 0.081 seconds
[2026-08-21T05:06:29.850+0000] {processor.py:161} INFO - Started process (PID=9117) to work on /opt/airflow/dags/cell_kpi_hourly_anomaly.py
[2026-08-21T05:06:29.850+0000] {processor.py:830} INFO - Processing file /opt/airflow/dags/cell_kpi_hourly_anomaly.py for tasks to queue
[2026-08-21T05:06:29.852+0000] {logging_mixin.py:188} INFO - [2026-08-21T05:06:29.851+0000] {dagbag.py:545} INFO - Filling up the DagBag from /opt/airflow/dags/cell_kpi_hourly_anomaly.py
[2026-08-21T05:06:29.873+0000] {processor.py:840} INFO - DAG(s) 'cell_kpi_hourly_anomaly_pipeline' retrieved from /opt/airflow/dags/cell_kpi_hourly_anomaly.py
[2026-08-21T05:06:29.888+0000] {logging_mixin.py:188} INFO - [2026-08-21T05:06:29.887+0000] {dag.py:3096} INFO - Sync 1 DAGs
[2026-08-21T05:06:29.922+0000] {processor.py:183} INFO - Processing /opt/airflow/dags/cell_kpi_hourly_anomaly.py took 0.078 seconds
[2026-08-21T05:07:00.056+0000] {processor.py:161} INFO - Started process (PID=9127) to work on /opt/airflow/dags/cell_kpi_hourly_anomaly.py
[2026-08-21T05:07:00.057+0000] {processor.py:830} INFO - Processing file /opt/airflow/dags/cell_kpi_hourly_anomaly.py for tasks to queue
[2026-08-21T05:07:00.059+0000] {logging_mixin.py:188} INFO - [2026-08-21T05:07:00.058+0000] {dagbag.py:545} INFO - Filling up the DagBag from /opt/airflow/dags/cell_kpi_hourly_anomaly.py
[2026-08-21T05:07:00.082+0000] {processor.py:840} INFO - DAG(s) 'cell_kpi_hourly_anomaly_pipeline' retrieved from /opt/airflow/dags/cell_kpi_hourly_anomaly.py
[2026-08-21T05:07:00.099+0000] {logging_mixin.py:188} INFO - [2026-08-21T05:07:00.098+0000] {dag.py:3096} INFO - Sync 1 DAGs
[2026-08-21T05:07:00.131+0000] {processor.py:183} INFO - Processing /opt/airflow/dags/cell_kpi_hourly_anomaly.py took 0.081 seconds
[2026-08-21T05:07:30.264+0000] {processor.py:161} INFO - Started process (PID=9137) to work on /opt/airflow/dags/cell_kpi_hourly_anomaly.py
[2026-08-21T05:07:30.265+0000] {processor.py:830} INFO - Processing file /opt/airflow/dags/cell_kpi_hourly_anomaly.py for tasks to queue
[2026-08-21T05:07:30.267+0000] {logging_mixin.py:188} INFO - [2026-08-21T05:07:30.267+0000] {dagbag.py:545} INFO - Filling up the DagBag from /opt/airflow/dags/cell_kpi_hourly_anomaly.py
[2026-08-21T05:07:30.287+0000] {processor.py:840} INFO - DAG(s) 'cell_kpi_hourly_anomaly_pipeline' retrieved from /opt/airflow/dags/cell_kpi_hourly_anomaly.py
[2026-08-21T05:07:30.299+0000] {logging_mixin.py:188} INFO - [2026-08-21T05:07:30.299+0000] {dag.py:3096} INFO - Sync 1 DAGs
[2026-08-21T05:07:30.328+0000] {processor.py:183} INFO - Processing /opt/airflow/dags/cell_kpi_hourly_anomaly.py took 0.070 seconds
[2026-08-21T05:08:00.432+0000] {processor.py:161} INFO - Started process (PID=9147) to work on /opt/airflow/dags/cell_kpi_hourly_anomaly.py
[2026-08-21T05:08:00.433+0000] {processor.py:830} INFO - Processing file /opt/airflow/dags/cell_kpi_hourly_anomaly.py for tasks to queue
[2026-08-21T05:08:00.434+0000] {logging_mixin.py:188} INFO - [2026-08-21T05:08:00.434+0000] {dagbag.py:545} INFO - Filling up the DagBag from /opt/airflow/dags/cell_kpi_hourly_anomaly.py
[2026-08-21T05:08:00.457+0000] {processor.py:840} INFO - DAG(s) 'cell_kpi_hourly_anomaly_pipeline' retrieved from /opt/airflow/dags/cell_kpi_hourly_anomaly.py
[2026-08-21T05:08:00.476+0000] {logging_mixin.py:188} INFO - [2026-08-21T05:08:00.475+0000] {dag.py:3096} INFO - Sync 1 DAGs
[2026-08-21T05:08:00.510+0000] {processor.py:183} INFO - Processing /opt/airflow/dags/cell_kpi_hourly_anomaly.py took 0.083 seconds
[2026-08-21T05:08:30.608+0000] {processor.py:161} INFO - Started process (PID=9157) to work on /opt/airflow/dags/cell_kpi_hourly_anomaly.py
[2026-08-21T05:08:30.609+0000] {processor.py:830} INFO - Processing file /opt/airflow/dags/cell_kpi_hourly_anomaly.py for tasks to queue
[2026-08-21T05:08:30.610+0000] {logging_mixin.py:188} INFO - [2026-08-21T05:08:30.610+0000] {dagbag.py:545} INFO - Filling up the DagBag from /opt/airflow/dags/cell_kpi_hourly_anomaly.py
[2026-08-21T05:08:30.631+0000] {processor.py:840} INFO - DAG(s) 'cell_kpi_hourly_anomaly_pipeline' retrieved from /opt/airflow/dags/cell_kpi_hourly_anomaly.py
[2026-08-21T05:08:30.642+0000] {logging_mixin.py:188} INFO - [2026-08-21T05:08:30.642+0000] {dag.py:3096} INFO - Sync 1 DAGs
[2026-08-21T05:08:30.675+0000] {processor.py:183} INFO - Processing /opt/airflow/dags/cell_kpi_hourly_anomaly.py took 0.072 seconds
[2026-08-21T05:09:00.813+0000] {processor.py:161} INFO - Started process (PID=9167) to work on /opt/airflow/dags/cell_kpi_hourly_anomaly.py
[2026-08-21T05:09:00.813+0000] {processor.py:830} INFO - Processing file /opt/airflow/dags/cell_kpi_hourly_anomaly.py for tasks to queue
[2026-08-21T05:09:00.815+0000] {logging_mixin.py:188} INFO - [2026-08-21T05:09:00.815+0000] {dagbag.py:545} INFO - Filling up the DagBag from /opt/airflow/dags/cell_kpi_hourly_anomaly.py
[2026-08-21T05:09:00.836+0000] {processor.py:840} INFO - DAG(s) 'cell_kpi_hourly_anomaly_pipeline' retrieved from /opt/airflow/dags/cell_kpi_hourly_anomaly.py
[2026-08-21T05:09:00.849+0000] {logging_mixin.py:188} INFO - [2026-08-21T05:09:00.848+0000] {dag.py:3096} INFO - Sync 1 DAGs
[2026-08-21T05:09:00.878+0000] {processor.py:183} INFO - Processing /opt/airflow/dags/cell_kpi_hourly_anomaly.py took 0.072 seconds
[2026-08-21T05:09:31.030+0000] {processor.py:161} INFO - Started process (PID=9177) to work on /opt/airflow/dags/cell_kpi_hourly_anomaly.py
[2026-08-21T05:09:31.031+0000] {processor.py:830} INFO - Processing file /opt/airflow/dags/cell_kpi_hourly_anomaly.py for tasks to queue
[2026-08-21T05:09:31.032+0000] {logging_mixin.py:188} INFO - [2026-08-21T05:09:31.032+0000] {dagbag.py:545} INFO - Filling up the DagBag from /opt/airflow/dags/cell_kpi_hourly_anomaly.py
[2026-08-21T05:09:31.052+0000] {processor.py:840} INFO - DAG(s) 'cell_kpi_hourly_anomaly_pipeline' retrieved from /opt/airflow/dags/cell_kpi_hourly_anomaly.py
[2026-08-21T05:09:31.063+0000] {logging_mixin.py:188} INFO - [2026-08-21T05:09:31.063+0000] {dag.py:3096} INFO - Sync 1 DAGs
[2026-08-21T05:09:31.091+0000] {processor.py:183} INFO - Processing /opt/airflow/dags/cell_kpi_hourly_anomaly.py took 0.067 seconds
[2026-08-21T05:10:01.226+0000] {processor.py:161} INFO - Started process (PID=9187) to work on /opt/airflow/dags/cell_kpi_hourly_anomaly.py
[2026-08-21T05:10:01.227+0000] {processor.py:830} INFO - Processing file /opt/airflow/dags/cell_kpi_hourly_anomaly.py for tasks to queue
[2026-08-21T05:10:01.228+0000] {logging_mixin.py:188} INFO - [2026-08-21T05:10:01.228+0000] {dagbag.py:545} INFO - Filling up the DagBag from /opt/airflow/dags/cell_kpi_hourly_anomaly.py
[2026-08-21T05:10:01.249+0000] {processor.py:840} INFO - DAG(s) 'cell_kpi_hourly_anomaly_pipeline' retrieved from /opt/airflow/dags/cell_kpi_hourly_anomaly.py
[2026-08-21T05:10:01.262+0000] {logging_mixin.py:188} INFO - [2026-08-21T05:10:01.262+0000] {dag.py:3096} INFO - Sync 1 DAGs
[2026-08-21T05:10:01.292+0000] {processor.py:183} INFO - Processing /opt/airflow/dags/cell_kpi_hourly_anomaly.py took 0.071 seconds
[2026-08-21T05:10:31.393+0000] {processor.py:161} INFO - Started process (PID=9197) to work on /opt/airflow/dags/cell_kpi_hourly_anomaly.py
[2026-08-21T05:10:31.394+0000] {processor.py:830} INFO - Processing file /opt/airflow/dags/cell_kpi_hourly_anomaly.py for tasks to queue
[2026-08-21T05:10:31.395+0000] {logging_mixin.py:188} INFO - [2026-08-21T05:10:31.395+0000] {dagbag.py:545} INFO - Filling up the DagBag from /opt/airflow/dags/cell_kpi_hourly_anomaly.py
[2026-08-21T05:10:31.416+0000] {processor.py:840} INFO - DAG(s) 'cell_kpi_hourly_anomaly_pipeline' retrieved from /opt/airflow/dags/cell_kpi_hourly_anomaly.py
[2026-08-21T05:10:31.427+0000] {logging_mixin.py:188} INFO - [2026-08-21T05:10:31.427+0000] {dag.py:3096} INFO - Sync 1 DAGs
[2026-08-21T05:10:31.456+0000] {processor.py:183} INFO - Processing /opt/airflow/dags/cell_kpi_hourly_anomaly.py took 0.069 seconds
[2026-08-21T05:11:01.564+0000] {processor.py:161} INFO - Started process (PID=9207) to work on /opt/airflow/dags/cell_kpi_hourly_anomaly.py
[2026-08-21T05:11:01.565+0000] {processor.py:830} INFO - Processing file /opt/airflow/dags/cell_kpi_hourly_anomaly.py for tasks to queue
[2026-08-21T05:11:01.567+0000] {logging_mixin.py:188} INFO - [2026-08-21T05:11:01.566+0000] {dagbag.py:545} INFO - Filling up the DagBag from /opt/airflow/dags/cell_kpi_hourly_anomaly.py
[2026-08-21T05:11:01.588+0000] {processor.py:840} INFO - DAG(s) 'cell_kpi_hourly_anomaly_pipeline' retrieved from /opt/airflow/dags/cell_kpi_hourly_anomaly.py
[2026-08-21T05:11:01.600+0000] {logging_mixin.py:188} INFO - [2026-08-21T05:11:01.599+0000] {dag.py:3096} INFO - Sync 1 DAGs
[2026-08-21T05:11:01.629+0000] {processor.py:183} INFO - Processing /opt/airflow/dags/cell_kpi_hourly_anomaly.py took 0.070 seconds
[2026-08-21T05:11:31.736+0000] {processor.py:161} INFO - Started process (PID=9217) to work on /opt/airflow/dags/cell_kpi_hourly_anomaly.py
[2026-08-21T05:11:31.737+0000] {processor.py:830} INFO - Processing file /opt/airflow/dags/cell_kpi_hourly_anomaly.py for tasks to queue
[2026-08-21T05:11:31.739+0000] {logging_mixin.py:188} INFO - [2026-08-21T05:11:31.739+0000] {dagbag.py:545} INFO - Filling up the DagBag from /opt/airflow/dags/cell_kpi_hourly_anomaly.py
[2026-08-21T05:11:31.759+0000] {processor.py:840} INFO - DAG(s) 'cell_kpi_hourly_anomaly_pipeline' retrieved from /opt/airflow/dags/cell_kpi_hourly_anomaly.py
[2026-08-21T05:11:31.770+0000] {logging_mixin.py:188} INFO - [2026-08-21T05:11:31.770+0000] {dag.py:3096} INFO - Sync 1 DAGs
[2026-08-21T05:11:31.798+0000] {processor.py:183} INFO - Processing /opt/airflow/dags/cell_kpi_hourly_anomaly.py took 0.067 seconds
[2026-08-21T05:12:01.904+0000] {processor.py:161} INFO - Started process (PID=9227) to work on /opt/airflow/dags/cell_kpi_hourly_anomaly.py
[2026-08-21T05:12:01.905+0000] {processor.py:830} INFO - Processing file /opt/airflow/dags/cell_kpi_hourly_anomaly.py for tasks to queue
[2026-08-21T05:12:01.907+0000] {logging_mixin.py:188} INFO - [2026-08-21T05:12:01.906+0000] {dagbag.py:545} INFO - Filling up the DagBag from /opt/airflow/dags/cell_kpi_hourly_anomaly.py
[2026-08-21T05:12:01.929+0000] {processor.py:840} INFO - DAG(s) 'cell_kpi_hourly_anomaly_pipeline' retrieved from /opt/airflow/dags/cell_kpi_hourly_anomaly.py
[2026-08-21T05:12:01.944+0000] {logging_mixin.py:188} INFO - [2026-08-21T05:12:01.944+0000] {dag.py:3096} INFO - Sync 1 DAGs
[2026-08-21T05:12:01.979+0000] {processor.py:183} INFO - Processing /opt/airflow/dags/cell_kpi_hourly_anomaly.py took 0.082 seconds
[2026-08-21T05:12:32.110+0000] {processor.py:161} INFO - Started process (PID=9237) to work on /opt/airflow/dags/cell_kpi_hourly_anomaly.py
[2026-08-21T05:12:32.111+0000] {processor.py:830} INFO - Processing file /opt/airflow/dags/cell_kpi_hourly_anomaly.py for tasks to queue
[2026-08-21T05:12:32.112+0000] {logging_mixin.py:188} INFO - [2026-08-21T05:12:32.112+0000] {dagbag.py:545} INFO - Filling up the DagBag from /opt/airflow/dags/cell_kpi_hourly_anomaly.py
[2026-08-21T05:12:32.133+0000] {processor.py:840} INFO - DAG(s) 'cell_kpi_hourly_anomaly_pipeline' retrieved from /opt/airflow/dags/cell_kpi_hourly_anomaly.py
[2026-08-21T05:12:32.144+0000] {logging_mixin.py:188} INFO - [2026-08-21T05:12:32.144+0000] {dag.py:3096} INFO - Sync 1 DAGs
[2026-08-21T05:12:32.172+0000] {processor.py:183} INFO - Processing /opt/airflow/dags/cell_kpi_hourly_anomaly.py took 0.067 seconds
[2026-08-21T05:13:02.279+0000] {processor.py:161} INFO - Started process (PID=9247) to work on /opt/airflow/dags/cell_kpi_hourly_anomaly.py
[2026-08-21T05:13:02.280+0000] {processor.py:830} INFO - Processing file /opt/airflow/dags/cell_kpi_hourly_anomaly.py for tasks to queue
[2026-08-21T05:13:02.282+0000] {logging_mixin.py:188} INFO - [2026-08-21T05:13:02.282+0000] {dagbag.py:545} INFO - Filling up the DagBag from /opt/airflow/dags/cell_kpi_hourly_anomaly.py
[2026-08-21T05:13:02.304+0000] {processor.py:840} INFO - DAG(s) 'cell_kpi_hourly_anomaly_pipeline' retrieved from /opt/airflow/dags/cell_kpi_hourly_anomaly.py
[2026-08-21T05:13:02.321+0000] {logging_mixin.py:188} INFO - [2026-08-21T05:13:02.321+0000] {dag.py:3096} INFO - Sync 1 DAGs
[2026-08-21T05:13:02.353+0000] {processor.py:183} INFO - Processing /opt/airflow/dags/cell_kpi_hourly_anomaly.py took 0.079 seconds
[2026-08-21T05:13:32.459+0000] {processor.py:161} INFO - Started process (PID=9257) to work on /opt/airflow/dags/cell_kpi_hourly_anomaly.py
[2026-08-21T05:13:32.459+0000] {processor.py:830} INFO - Processing file /opt/airflow/dags/cell_kpi_hourly_anomaly.py for tasks to queue
[2026-08-21T05:13:32.461+0000] {logging_mixin.py:188} INFO - [2026-08-21T05:13:32.461+0000] {dagbag.py:545} INFO - Filling up the DagBag from /opt/airflow/dags/cell_kpi_hourly_anomaly.py
[2026-08-21T05:13:32.482+0000] {processor.py:840} INFO - DAG(s) 'cell_kpi_hourly_anomaly_pipeline' retrieved from /opt/airflow/dags/cell_kpi_hourly_anomaly.py
[2026-08-21T05:13:32.494+0000] {logging_mixin.py:188} INFO - [2026-08-21T05:13:32.493+0000] {dag.py:3096} INFO - Sync 1 DAGs
[2026-08-21T05:13:32.521+0000] {processor.py:183} INFO - Processing /opt/airflow/dags/cell_kpi_hourly_anomaly.py took 0.068 seconds
[2026-08-21T05:14:02.655+0000] {processor.py:161} INFO - Started process (PID=9267) to work on /opt/airflow/dags/cell_kpi_hourly_anomaly.py
[2026-08-21T05:14:02.655+0000] {processor.py:830} INFO - Processing file /opt/airflow/dags/cell_kpi_hourly_anomaly.py for tasks to queue
[2026-08-21T05:14:02.657+0000] {logging_mixin.py:188} INFO - [2026-08-21T05:14:02.656+0000] {dagbag.py:545} INFO - Filling up the DagBag from /opt/airflow/dags/cell_kpi_hourly_anomaly.py
[2026-08-21T05:14:02.677+0000] {processor.py:840} INFO - DAG(s) 'cell_kpi_hourly_anomaly_pipeline' retrieved from /opt/airflow/dags/cell_kpi_hourly_anomaly.py
[2026-08-21T05:14:02.688+0000] {logging_mixin.py:188} INFO - [2026-08-21T05:14:02.688+0000] {dag.py:3096} INFO - Sync 1 DAGs
[2026-08-21T05:14:02.717+0000] {processor.py:183} INFO - Processing /opt/airflow/dags/cell_kpi_hourly_anomaly.py took 0.067 seconds
[2026-08-21T05:14:32.820+0000] {processor.py:161} INFO - Started process (PID=9277) to work on /opt/airflow/dags/cell_kpi_hourly_anomaly.py
[2026-08-21T05:14:32.821+0000] {processor.py:830} INFO - Processing file /opt/airflow/dags/cell_kpi_hourly_anomaly.py for tasks to queue
[2026-08-21T05:14:32.822+0000] {logging_mixin.py:188} INFO - [2026-08-21T05:14:32.822+0000] {dagbag.py:545} INFO - Filling up the DagBag from /opt/airflow/dags/cell_kpi_hourly_anomaly.py
[2026-08-21T05:14:32.844+0000] {processor.py:840} INFO - DAG(s) 'cell_kpi_hourly_anomaly_pipeline' retrieved from /opt/airflow/dags/cell_kpi_hourly_anomaly.py
[2026-08-21T05:14:32.856+0000] {logging_mixin.py:188} INFO - [2026-08-21T05:14:32.856+0000] {dag.py:3096} INFO - Sync 1 DAGs
[2026-08-21T05:14:32.887+0000] {processor.py:183} INFO - Processing /opt/airflow/dags/cell_kpi_hourly_anomaly.py took 0.072 seconds
[2026-08-21T05:15:03.005+0000] {processor.py:161} INFO - Started process (PID=9287) to work on /opt/airflow/dags/cell_kpi_hourly_anomaly.py
[2026-08-21T05:15:03.006+0000] {processor.py:830} INFO - Processing file /opt/airflow/dags/cell_kpi_hourly_anomaly.py for tasks to queue
[2026-08-21T05:15:03.007+0000] {logging_mixin.py:188} INFO - [2026-08-21T05:15:03.007+0000] {dagbag.py:545} INFO - Filling up the DagBag from /opt/airflow/dags/cell_kpi_hourly_anomaly.py
[2026-08-21T05:15:03.028+0000] {processor.py:840} INFO - DAG(s) 'cell_kpi_hourly_anomaly_pipeline' retrieved from /opt/airflow/dags/cell_kpi_hourly_anomaly.py
[2026-08-21T05:15:03.041+0000] {logging_mixin.py:188} INFO - [2026-08-21T05:15:03.040+0000] {dag.py:3096} INFO - Sync 1 DAGs
[2026-08-21T05:15:03.069+0000] {processor.py:183} INFO - Processing /opt/airflow/dags/cell_kpi_hourly_anomaly.py took 0.070 seconds
[2026-08-21T05:15:33.175+0000] {processor.py:161} INFO - Started process (PID=9297) to work on /opt/airflow/dags/cell_kpi_hourly_anomaly.py
[2026-08-21T05:15:33.176+0000] {processor.py:830} INFO - Processing file /opt/airflow/dags/cell_kpi_hourly_anomaly.py for tasks to queue
[2026-08-21T05:15:33.177+0000] {logging_mixin.py:188} INFO - [2026-08-21T05:15:33.177+0000] {dagbag.py:545} INFO - Filling up the DagBag from /opt/airflow/dags/cell_kpi_hourly_anomaly.py
[2026-08-21T05:15:33.197+0000] {processor.py:840} INFO - DAG(s) 'cell_kpi_hourly_anomaly_pipeline' retrieved from /opt/airflow/dags/cell_kpi_hourly_anomaly.py
[2026-08-21T05:15:33.209+0000] {logging_mixin.py:188} INFO - [2026-08-21T05:15:33.209+0000] {dag.py:3096} INFO - Sync 1 DAGs
[2026-08-21T05:15:33.237+0000] {processor.py:183} INFO - Processing /opt/airflow/dags/cell_kpi_hourly_anomaly.py took 0.068 seconds
[2026-08-21T05:16:03.356+0000] {processor.py:161} INFO - Started process (PID=9307) to work on /opt/airflow/dags/cell_kpi_hourly_anomaly.py
[2026-08-21T05:16:03.357+0000] {processor.py:830} INFO - Processing file /opt/airflow/dags/cell_kpi_hourly_anomaly.py for tasks to queue
[2026-08-21T05:16:03.358+0000] {logging_mixin.py:188} INFO - [2026-08-21T05:16:03.358+0000] {dagbag.py:545} INFO - Filling up the DagBag from /opt/airflow/dags/cell_kpi_hourly_anomaly.py
[2026-08-21T05:16:03.379+0000] {processor.py:840} INFO - DAG(s) 'cell_kpi_hourly_anomaly_pipeline' retrieved from /opt/airflow/dags/cell_kpi_hourly_anomaly.py
[2026-08-21T05:16:03.391+0000] {logging_mixin.py:188} INFO - [2026-08-21T05:16:03.391+0000] {dag.py:3096} INFO - Sync 1 DAGs
[2026-08-21T05:16:03.419+0000] {processor.py:183} INFO - Processing /opt/airflow/dags/cell_kpi_hourly_anomaly.py took 0.069 seconds
[2026-08-21T05:16:33.526+0000] {processor.py:161} INFO - Started process (PID=9317) to work on /opt/airflow/dags/cell_kpi_hourly_anomaly.py
[2026-08-21T05:16:33.527+0000] {processor.py:830} INFO - Processing file /opt/airflow/dags/cell_kpi_hourly_anomaly.py for tasks to queue
[2026-08-21T05:16:33.528+0000] {logging_mixin.py:188} INFO - [2026-08-21T05:16:33.528+0000] {dagbag.py:545} INFO - Filling up the DagBag from /opt/airflow/dags/cell_kpi_hourly_anomaly.py
[2026-08-21T05:16:33.555+0000] {processor.py:840} INFO - DAG(s) 'cell_kpi_hourly_anomaly_pipeline' retrieved from /opt/airflow/dags/cell_kpi_hourly_anomaly.py
[2026-08-21T05:16:33.570+0000] {logging_mixin.py:188} INFO - [2026-08-21T05:16:33.570+0000] {dag.py:3096} INFO - Sync 1 DAGs
[2026-08-21T05:16:33.608+0000] {processor.py:183} INFO - Processing /opt/airflow/dags/cell_kpi_hourly_anomaly.py took 0.089 seconds
[2026-08-21T05:17:03.716+0000] {processor.py:161} INFO - Started process (PID=9327) to work on /opt/airflow/dags/cell_kpi_hourly_anomaly.py
[2026-08-21T05:17:03.717+0000] {processor.py:830} INFO - Processing file /opt/airflow/dags/cell_kpi_hourly_anomaly.py for tasks to queue
[2026-08-21T05:17:03.720+0000] {logging_mixin.py:188} INFO - [2026-08-21T05:17:03.719+0000] {dagbag.py:545} INFO - Filling up the DagBag from /opt/airflow/dags/cell_kpi_hourly_anomaly.py
[2026-08-21T05:17:03.747+0000] {processor.py:840} INFO - DAG(s) 'cell_kpi_hourly_anomaly_pipeline' retrieved from /opt/airflow/dags/cell_kpi_hourly_anomaly.py
[2026-08-21T05:17:03.763+0000] {logging_mixin.py:188} INFO - [2026-08-21T05:17:03.763+0000] {dag.py:3096} INFO - Sync 1 DAGs
[2026-08-21T05:17:03.800+0000] {processor.py:183} INFO - Processing /opt/airflow/dags/cell_kpi_hourly_anomaly.py took 0.091 seconds
[2026-08-21T05:17:33.920+0000] {processor.py:161} INFO - Started process (PID=9337) to work on /opt/airflow/dags/cell_kpi_hourly_anomaly.py
[2026-08-21T05:17:33.921+0000] {processor.py:830} INFO - Processing file /opt/airflow/dags/cell_kpi_hourly_anomaly.py for tasks to queue
[2026-08-21T05:17:33.922+0000] {logging_mixin.py:188} INFO - [2026-08-21T05:17:33.922+0000] {dagbag.py:545} INFO - Filling up the DagBag from /opt/airflow/dags/cell_kpi_hourly_anomaly.py
[2026-08-21T05:17:33.942+0000] {processor.py:840} INFO - DAG(s) 'cell_kpi_hourly_anomaly_pipeline' retrieved from /opt/airflow/dags/cell_kpi_hourly_anomaly.py
[2026-08-21T05:17:33.954+0000] {logging_mixin.py:188} INFO - [2026-08-21T05:17:33.954+0000] {dag.py:3096} INFO - Sync 1 DAGs
[2026-08-21T05:17:33.981+0000] {processor.py:183} INFO - Processing /opt/airflow/dags/cell_kpi_hourly_anomaly.py took 0.067 seconds
[2026-08-21T05:18:04.090+0000] {processor.py:161} INFO - Started process (PID=9347) to work on /opt/airflow/dags/cell_kpi_hourly_anomaly.py
[2026-08-21T05:18:04.091+0000] {processor.py:830} INFO - Processing file /opt/airflow/dags/cell_kpi_hourly_anomaly.py for tasks to queue
[2026-08-21T05:18:04.092+0000] {logging_mixin.py:188} INFO - [2026-08-21T05:18:04.092+0000] {dagbag.py:545} INFO - Filling up the DagBag from /opt/airflow/dags/cell_kpi_hourly_anomaly.py
[2026-08-21T05:18:04.113+0000] {processor.py:840} INFO - DAG(s) 'cell_kpi_hourly_anomaly_pipeline' retrieved from /opt/airflow/dags/cell_kpi_hourly_anomaly.py
[2026-08-21T05:18:04.126+0000] {logging_mixin.py:188} INFO - [2026-08-21T05:18:04.126+0000] {dag.py:3096} INFO - Sync 1 DAGs
[2026-08-21T05:18:04.159+0000] {processor.py:183} INFO - Processing /opt/airflow/dags/cell_kpi_hourly_anomaly.py took 0.074 seconds
[2026-08-21T05:18:34.263+0000] {processor.py:161} INFO - Started process (PID=9357) to work on /opt/airflow/dags/cell_kpi_hourly_anomaly.py
[2026-08-21T05:18:34.264+0000] {processor.py:830} INFO - Processing file /opt/airflow/dags/cell_kpi_hourly_anomaly.py for tasks to queue
[2026-08-21T05:18:34.265+0000] {logging_mixin.py:188} INFO - [2026-08-21T05:18:34.265+0000] {dagbag.py:545} INFO - Filling up the DagBag from /opt/airflow/dags/cell_kpi_hourly_anomaly.py
[2026-08-21T05:18:34.285+0000] {processor.py:840} INFO - DAG(s) 'cell_kpi_hourly_anomaly_pipeline' retrieved from /opt/airflow/dags/cell_kpi_hourly_anomaly.py
[2026-08-21T05:18:34.297+0000] {logging_mixin.py:188} INFO - [2026-08-21T05:18:34.297+0000] {dag.py:3096} INFO - Sync 1 DAGs
[2026-08-21T05:18:34.328+0000] {processor.py:183} INFO - Processing /opt/airflow/dags/cell_kpi_hourly_anomaly.py took 0.071 seconds
[2026-08-21T05:19:04.460+0000] {processor.py:161} INFO - Started process (PID=9367) to work on /opt/airflow/dags/cell_kpi_hourly_anomaly.py
[2026-08-21T05:19:04.461+0000] {processor.py:830} INFO - Processing file /opt/airflow/dags/cell_kpi_hourly_anomaly.py for tasks to queue
[2026-08-21T05:19:04.463+0000] {logging_mixin.py:188} INFO - [2026-08-21T05:19:04.462+0000] {dagbag.py:545} INFO - Filling up the DagBag from /opt/airflow/dags/cell_kpi_hourly_anomaly.py
[2026-08-21T05:19:04.482+0000] {processor.py:840} INFO - DAG(s) 'cell_kpi_hourly_anomaly_pipeline' retrieved from /opt/airflow/dags/cell_kpi_hourly_anomaly.py
[2026-08-21T05:19:04.494+0000] {logging_mixin.py:188} INFO - [2026-08-21T05:19:04.494+0000] {dag.py:3096} INFO - Sync 1 DAGs
[2026-08-21T05:19:04.522+0000] {processor.py:183} INFO - Processing /opt/airflow/dags/cell_kpi_hourly_anomaly.py took 0.067 seconds
[2026-08-21T05:19:34.624+0000] {processor.py:161} INFO - Started process (PID=9377) to work on /opt/airflow/dags/cell_kpi_hourly_anomaly.py
[2026-08-21T05:19:34.625+0000] {processor.py:830} INFO - Processing file /opt/airflow/dags/cell_kpi_hourly_anomaly.py for tasks to queue
[2026-08-21T05:19:34.627+0000] {logging_mixin.py:188} INFO - [2026-08-21T05:19:34.626+0000] {dagbag.py:545} INFO - Filling up the DagBag from /opt/airflow/dags/cell_kpi_hourly_anomaly.py
[2026-08-21T05:19:34.647+0000] {processor.py:840} INFO - DAG(s) 'cell_kpi_hourly_anomaly_pipeline' retrieved from /opt/airflow/dags/cell_kpi_hourly_anomaly.py
[2026-08-21T05:19:34.658+0000] {logging_mixin.py:188} INFO - [2026-08-21T05:19:34.658+0000] {dag.py:3096} INFO - Sync 1 DAGs
[2026-08-21T05:19:34.687+0000] {processor.py:183} INFO - Processing /opt/airflow/dags/cell_kpi_hourly_anomaly.py took 0.068 seconds
[2026-08-21T05:20:04.806+0000] {processor.py:161} INFO - Started process (PID=9387) to work on /opt/airflow/dags/cell_kpi_hourly_anomaly.py
[2026-08-21T05:20:04.807+0000] {processor.py:830} INFO - Processing file /opt/airflow/dags/cell_kpi_hourly_anomaly.py for tasks to queue
[2026-08-21T05:20:04.809+0000] {logging_mixin.py:188} INFO - [2026-08-21T05:20:04.809+0000] {dagbag.py:545} INFO - Filling up the DagBag from /opt/airflow/dags/cell_kpi_hourly_anomaly.py
[2026-08-21T05:20:04.832+0000] {processor.py:840} INFO - DAG(s) 'cell_kpi_hourly_anomaly_pipeline' retrieved from /opt/airflow/dags/cell_kpi_hourly_anomaly.py
[2026-08-21T05:20:04.843+0000] {logging_mixin.py:188} INFO - [2026-08-21T05:20:04.843+0000] {dag.py:3096} INFO - Sync 1 DAGs
[2026-08-21T05:20:04.871+0000] {processor.py:183} INFO - Processing /opt/airflow/dags/cell_kpi_hourly_anomaly.py took 0.073 seconds
[2026-08-21T05:20:34.978+0000] {processor.py:161} INFO - Started process (PID=9397) to work on /opt/airflow/dags/cell_kpi_hourly_anomaly.py
[2026-08-21T05:20:34.978+0000] {processor.py:830} INFO - Processing file /opt/airflow/dags/cell_kpi_hourly_anomaly.py for tasks to queue
[2026-08-21T05:20:34.980+0000] {logging_mixin.py:188} INFO - [2026-08-21T05:20:34.979+0000] {dagbag.py:545} INFO - Filling up the DagBag from /opt/airflow/dags/cell_kpi_hourly_anomaly.py
[2026-08-21T05:20:35.001+0000] {processor.py:840} INFO - DAG(s) 'cell_kpi_hourly_anomaly_pipeline' retrieved from /opt/airflow/dags/cell_kpi_hourly_anomaly.py
[2026-08-21T05:20:35.013+0000] {logging_mixin.py:188} INFO - [2026-08-21T05:20:35.013+0000] {dag.py:3096} INFO - Sync 1 DAGs
[2026-08-21T05:20:35.041+0000] {processor.py:183} INFO - Processing /opt/airflow/dags/cell_kpi_hourly_anomaly.py took 0.069 seconds
[2026-08-21T05:21:05.145+0000] {processor.py:161} INFO - Started process (PID=9407) to work on /opt/airflow/dags/cell_kpi_hourly_anomaly.py
[2026-08-21T05:21:05.146+0000] {processor.py:830} INFO - Processing file /opt/airflow/dags/cell_kpi_hourly_anomaly.py for tasks to queue
[2026-08-21T05:21:05.148+0000] {logging_mixin.py:188} INFO - [2026-08-21T05:21:05.148+0000] {dagbag.py:545} INFO - Filling up the DagBag from /opt/airflow/dags/cell_kpi_hourly_anomaly.py
[2026-08-21T05:21:05.168+0000] {processor.py:840} INFO - DAG(s) 'cell_kpi_hourly_anomaly_pipeline' retrieved from /opt/airflow/dags/cell_kpi_hourly_anomaly.py
[2026-08-21T05:21:05.179+0000] {logging_mixin.py:188} INFO - [2026-08-21T05:21:05.179+0000] {dag.py:3096} INFO - Sync 1 DAGs
[2026-08-21T05:21:05.208+0000] {processor.py:183} INFO - Processing /opt/airflow/dags/cell_kpi_hourly_anomaly.py took 0.068 seconds
[2026-08-21T05:21:35.311+0000] {processor.py:161} INFO - Started process (PID=9417) to work on /opt/airflow/dags/cell_kpi_hourly_anomaly.py
[2026-08-21T05:21:35.311+0000] {processor.py:830} INFO - Processing file /opt/airflow/dags/cell_kpi_hourly_anomaly.py for tasks to queue
[2026-08-21T05:21:35.313+0000] {logging_mixin.py:188} INFO - [2026-08-21T05:21:35.313+0000] {dagbag.py:545} INFO - Filling up the DagBag from /opt/airflow/dags/cell_kpi_hourly_anomaly.py
[2026-08-21T05:21:35.333+0000] {processor.py:840} INFO - DAG(s) 'cell_kpi_hourly_anomaly_pipeline' retrieved from /opt/airflow/dags/cell_kpi_hourly_anomaly.py
[2026-08-21T05:21:35.345+0000] {logging_mixin.py:188} INFO - [2026-08-21T05:21:35.345+0000] {dag.py:3096} INFO - Sync 1 DAGs
[2026-08-21T05:21:35.373+0000] {processor.py:183} INFO - Processing /opt/airflow/dags/cell_kpi_hourly_anomaly.py took 0.068 seconds
[2026-08-21T05:22:05.494+0000] {processor.py:161} INFO - Started process (PID=9427) to work on /opt/airflow/dags/cell_kpi_hourly_anomaly.py
[2026-08-21T05:22:05.495+0000] {processor.py:830} INFO - Processing file /opt/airflow/dags/cell_kpi_hourly_anomaly.py for tasks to queue
[2026-08-21T05:22:05.496+0000] {logging_mixin.py:188} INFO - [2026-08-21T05:22:05.496+0000] {dagbag.py:545} INFO - Filling up the DagBag from /opt/airflow/dags/cell_kpi_hourly_anomaly.py
[2026-08-21T05:22:05.517+0000] {processor.py:840} INFO - DAG(s) 'cell_kpi_hourly_anomaly_pipeline' retrieved from /opt/airflow/dags/cell_kpi_hourly_anomaly.py
[2026-08-21T05:22:05.528+0000] {logging_mixin.py:188} INFO - [2026-08-21T05:22:05.528+0000] {dag.py:3096} INFO - Sync 1 DAGs
[2026-08-21T05:22:05.556+0000] {processor.py:183} INFO - Processing /opt/airflow/dags/cell_kpi_hourly_anomaly.py took 0.067 seconds
[2026-08-21T05:22:35.665+0000] {processor.py:161} INFO - Started process (PID=9437) to work on /opt/airflow/dags/cell_kpi_hourly_anomaly.py
[2026-08-21T05:22:35.665+0000] {processor.py:830} INFO - Processing file /opt/airflow/dags/cell_kpi_hourly_anomaly.py for tasks to queue
[2026-08-21T05:22:35.667+0000] {logging_mixin.py:188} INFO - [2026-08-21T05:22:35.666+0000] {dagbag.py:545} INFO - Filling up the DagBag from /opt/airflow/dags/cell_kpi_hourly_anomaly.py
[2026-08-21T05:22:35.687+0000] {processor.py:840} INFO - DAG(s) 'cell_kpi_hourly_anomaly_pipeline' retrieved from /opt/airflow/dags/cell_kpi_hourly_anomaly.py
[2026-08-21T05:22:35.698+0000] {logging_mixin.py:188} INFO - [2026-08-21T05:22:35.698+0000] {dag.py:3096} INFO - Sync 1 DAGs
[2026-08-21T05:22:35.727+0000] {processor.py:183} INFO - Processing /opt/airflow/dags/cell_kpi_hourly_anomaly.py took 0.068 seconds
[2026-08-21T05:23:05.832+0000] {processor.py:161} INFO - Started process (PID=9447) to work on /opt/airflow/dags/cell_kpi_hourly_anomaly.py
[2026-08-21T05:23:05.833+0000] {processor.py:830} INFO - Processing file /opt/airflow/dags/cell_kpi_hourly_anomaly.py for tasks to queue
[2026-08-21T05:23:05.834+0000] {logging_mixin.py:188} INFO - [2026-08-21T05:23:05.834+0000] {dagbag.py:545} INFO - Filling up the DagBag from /opt/airflow/dags/cell_kpi_hourly_anomaly.py
[2026-08-21T05:23:05.854+0000] {processor.py:840} INFO - DAG(s) 'cell_kpi_hourly_anomaly_pipeline' retrieved from /opt/airflow/dags/cell_kpi_hourly_anomaly.py
[2026-08-21T05:23:05.866+0000] {logging_mixin.py:188} INFO - [2026-08-21T05:23:05.865+0000] {dag.py:3096} INFO - Sync 1 DAGs
[2026-08-21T05:23:05.894+0000] {processor.py:183} INFO - Processing /opt/airflow/dags/cell_kpi_hourly_anomaly.py took 0.067 seconds
[2026-08-21T05:23:36.005+0000] {processor.py:161} INFO - Started process (PID=9457) to work on /opt/airflow/dags/cell_kpi_hourly_anomaly.py
[2026-08-21T05:23:36.006+0000] {processor.py:830} INFO - Processing file /opt/airflow/dags/cell_kpi_hourly_anomaly.py for tasks to queue
[2026-08-21T05:23:36.008+0000] {logging_mixin.py:188} INFO - [2026-08-21T05:23:36.007+0000] {dagbag.py:545} INFO - Filling up the DagBag from /opt/airflow/dags/cell_kpi_hourly_anomaly.py
[2026-08-21T05:23:36.028+0000] {processor.py:840} INFO - DAG(s) 'cell_kpi_hourly_anomaly_pipeline' retrieved from /opt/airflow/dags/cell_kpi_hourly_anomaly.py
[2026-08-21T05:23:36.041+0000] {logging_mixin.py:188} INFO - [2026-08-21T05:23:36.041+0000] {dag.py:3096} INFO - Sync 1 DAGs
[2026-08-21T05:23:36.069+0000] {processor.py:183} INFO - Processing /opt/airflow/dags/cell_kpi_hourly_anomaly.py took 0.071 seconds
[2026-08-21T05:24:06.169+0000] {processor.py:161} INFO - Started process (PID=9467) to work on /opt/airflow/dags/cell_kpi_hourly_anomaly.py
[2026-08-21T05:24:06.170+0000] {processor.py:830} INFO - Processing file /opt/airflow/dags/cell_kpi_hourly_anomaly.py for tasks to queue
[2026-08-21T05:24:06.171+0000] {logging_mixin.py:188} INFO - [2026-08-21T05:24:06.171+0000] {dagbag.py:545} INFO - Filling up the DagBag from /opt/airflow/dags/cell_kpi_hourly_anomaly.py
[2026-08-21T05:24:06.192+0000] {processor.py:840} INFO - DAG(s) 'cell_kpi_hourly_anomaly_pipeline' retrieved from /opt/airflow/dags/cell_kpi_hourly_anomaly.py
[2026-08-21T05:24:06.204+0000] {logging_mixin.py:188} INFO - [2026-08-21T05:24:06.204+0000] {dag.py:3096} INFO - Sync 1 DAGs
[2026-08-21T05:24:06.232+0000] {processor.py:183} INFO - Processing /opt/airflow/dags/cell_kpi_hourly_anomaly.py took 0.069 seconds
[2026-08-21T05:24:36.341+0000] {processor.py:161} INFO - Started process (PID=9477) to work on /opt/airflow/dags/cell_kpi_hourly_anomaly.py
[2026-08-21T05:24:36.342+0000] {processor.py:830} INFO - Processing file /opt/airflow/dags/cell_kpi_hourly_anomaly.py for tasks to queue
[2026-08-21T05:24:36.343+0000] {logging_mixin.py:188} INFO - [2026-08-21T05:24:36.343+0000] {dagbag.py:545} INFO - Filling up the DagBag from /opt/airflow/dags/cell_kpi_hourly_anomaly.py
[2026-08-21T05:24:36.363+0000] {processor.py:840} INFO - DAG(s) 'cell_kpi_hourly_anomaly_pipeline' retrieved from /opt/airflow/dags/cell_kpi_hourly_anomaly.py
[2026-08-21T05:24:36.374+0000] {logging_mixin.py:188} INFO - [2026-08-21T05:24:36.374+0000] {dag.py:3096} INFO - Sync 1 DAGs
[2026-08-21T05:24:36.405+0000] {processor.py:183} INFO - Processing /opt/airflow/dags/cell_kpi_hourly_anomaly.py took 0.070 seconds
[2026-08-21T05:25:06.516+0000] {processor.py:161} INFO - Started process (PID=9487) to work on /opt/airflow/dags/cell_kpi_hourly_anomaly.py
[2026-08-21T05:25:06.517+0000] {processor.py:830} INFO - Processing file /opt/airflow/dags/cell_kpi_hourly_anomaly.py for tasks to queue
[2026-08-21T05:25:06.519+0000] {logging_mixin.py:188} INFO - [2026-08-21T05:25:06.519+0000] {dagbag.py:545} INFO - Filling up the DagBag from /opt/airflow/dags/cell_kpi_hourly_anomaly.py
[2026-08-21T05:25:06.539+0000] {processor.py:840} INFO - DAG(s) 'cell_kpi_hourly_anomaly_pipeline' retrieved from /opt/airflow/dags/cell_kpi_hourly_anomaly.py
[2026-08-21T05:25:06.550+0000] {logging_mixin.py:188} INFO - [2026-08-21T05:25:06.550+0000] {dag.py:3096} INFO - Sync 1 DAGs
[2026-08-21T05:25:06.578+0000] {processor.py:183} INFO - Processing /opt/airflow/dags/cell_kpi_hourly_anomaly.py took 0.068 seconds
[2026-08-21T05:25:36.683+0000] {processor.py:161} INFO - Started process (PID=9497) to work on /opt/airflow/dags/cell_kpi_hourly_anomaly.py
[2026-08-21T05:25:36.684+0000] {processor.py:830} INFO - Processing file /opt/airflow/dags/cell_kpi_hourly_anomaly.py for tasks to queue
[2026-08-21T05:25:36.686+0000] {logging_mixin.py:188} INFO - [2026-08-21T05:25:36.686+0000] {dagbag.py:545} INFO - Filling up the DagBag from /opt/airflow/dags/cell_kpi_hourly_anomaly.py
[2026-08-21T05:25:36.706+0000] {processor.py:840} INFO - DAG(s) 'cell_kpi_hourly_anomaly_pipeline' retrieved from /opt/airflow/dags/cell_kpi_hourly_anomaly.py
[2026-08-21T05:25:36.717+0000] {logging_mixin.py:188} INFO - [2026-08-21T05:25:36.717+0000] {dag.py:3096} INFO - Sync 1 DAGs
[2026-08-21T05:25:36.746+0000] {processor.py:183} INFO - Processing /opt/airflow/dags/cell_kpi_hourly_anomaly.py took 0.068 seconds
[2026-08-21T05:26:06.851+0000] {processor.py:161} INFO - Started process (PID=9507) to work on /opt/airflow/dags/cell_kpi_hourly_anomaly.py
[2026-08-21T05:26:06.851+0000] {processor.py:830} INFO - Processing file /opt/airflow/dags/cell_kpi_hourly_anomaly.py for tasks to queue
[2026-08-21T05:26:06.853+0000] {logging_mixin.py:188} INFO - [2026-08-21T05:26:06.852+0000] {dagbag.py:545} INFO - Filling up the DagBag from /opt/airflow/dags/cell_kpi_hourly_anomaly.py
[2026-08-21T05:26:06.874+0000] {processor.py:840} INFO - DAG(s) 'cell_kpi_hourly_anomaly_pipeline' retrieved from /opt/airflow/dags/cell_kpi_hourly_anomaly.py
[2026-08-21T05:26:06.885+0000] {logging_mixin.py:188} INFO - [2026-08-21T05:26:06.885+0000] {dag.py:3096} INFO - Sync 1 DAGs
[2026-08-21T05:26:06.913+0000] {processor.py:183} INFO - Processing /opt/airflow/dags/cell_kpi_hourly_anomaly.py took 0.068 seconds
[2026-08-21T05:26:37.018+0000] {processor.py:161} INFO - Started process (PID=9517) to work on /opt/airflow/dags/cell_kpi_hourly_anomaly.py
[2026-08-21T05:26:37.019+0000] {processor.py:830} INFO - Processing file /opt/airflow/dags/cell_kpi_hourly_anomaly.py for tasks to queue
[2026-08-21T05:26:37.020+0000] {logging_mixin.py:188} INFO - [2026-08-21T05:26:37.020+0000] {dagbag.py:545} INFO - Filling up the DagBag from /opt/airflow/dags/cell_kpi_hourly_anomaly.py
[2026-08-21T05:26:37.040+0000] {processor.py:840} INFO - DAG(s) 'cell_kpi_hourly_anomaly_pipeline' retrieved from /opt/airflow/dags/cell_kpi_hourly_anomaly.py
[2026-08-21T05:26:37.051+0000] {logging_mixin.py:188} INFO - [2026-08-21T05:26:37.051+0000] {dag.py:3096} INFO - Sync 1 DAGs
[2026-08-21T05:26:37.079+0000] {processor.py:183} INFO - Processing /opt/airflow/dags/cell_kpi_hourly_anomaly.py took 0.067 seconds
[2026-08-21T05:27:07.196+0000] {processor.py:161} INFO - Started process (PID=9527) to work on /opt/airflow/dags/cell_kpi_hourly_anomaly.py
[2026-08-21T05:27:07.197+0000] {processor.py:830} INFO - Processing file /opt/airflow/dags/cell_kpi_hourly_anomaly.py for tasks to queue
[2026-08-21T05:27:07.199+0000] {logging_mixin.py:188} INFO - [2026-08-21T05:27:07.198+0000] {dagbag.py:545} INFO - Filling up the DagBag from /opt/airflow/dags/cell_kpi_hourly_anomaly.py
[2026-08-21T05:27:07.219+0000] {processor.py:840} INFO - DAG(s) 'cell_kpi_hourly_anomaly_pipeline' retrieved from /opt/airflow/dags/cell_kpi_hourly_anomaly.py
[2026-08-21T05:27:07.230+0000] {logging_mixin.py:188} INFO - [2026-08-21T05:27:07.230+0000] {dag.py:3096} INFO - Sync 1 DAGs
[2026-08-21T05:27:07.258+0000] {processor.py:183} INFO - Processing /opt/airflow/dags/cell_kpi_hourly_anomaly.py took 0.069 seconds
[2026-08-21T05:27:37.365+0000] {processor.py:161} INFO - Started process (PID=9537) to work on /opt/airflow/dags/cell_kpi_hourly_anomaly.py
[2026-08-21T05:27:37.366+0000] {processor.py:830} INFO - Processing file /opt/airflow/dags/cell_kpi_hourly_anomaly.py for tasks to queue
[2026-08-21T05:27:37.368+0000] {logging_mixin.py:188} INFO - [2026-08-21T05:27:37.367+0000] {dagbag.py:545} INFO - Filling up the DagBag from /opt/airflow/dags/cell_kpi_hourly_anomaly.py
[2026-08-21T05:27:37.387+0000] {processor.py:840} INFO - DAG(s) 'cell_kpi_hourly_anomaly_pipeline' retrieved from /opt/airflow/dags/cell_kpi_hourly_anomaly.py
[2026-08-21T05:27:37.399+0000] {logging_mixin.py:188} INFO - [2026-08-21T05:27:37.399+0000] {dag.py:3096} INFO - Sync 1 DAGs
[2026-08-21T05:27:37.428+0000] {processor.py:183} INFO - Processing /opt/airflow/dags/cell_kpi_hourly_anomaly.py took 0.069 seconds
[2026-08-21T05:28:07.537+0000] {processor.py:161} INFO - Started process (PID=9547) to work on /opt/airflow/dags/cell_kpi_hourly_anomaly.py
[2026-08-21T05:28:07.537+0000] {processor.py:830} INFO - Processing file /opt/airflow/dags/cell_kpi_hourly_anomaly.py for tasks to queue
[2026-08-21T05:28:07.539+0000] {logging_mixin.py:188} INFO - [2026-08-21T05:28:07.538+0000] {dagbag.py:545} INFO - Filling up the DagBag from /opt/airflow/dags/cell_kpi_hourly_anomaly.py
[2026-08-21T05:28:07.560+0000] {processor.py:840} INFO - DAG(s) 'cell_kpi_hourly_anomaly_pipeline' retrieved from /opt/airflow/dags/cell_kpi_hourly_anomaly.py
[2026-08-21T05:28:07.571+0000] {logging_mixin.py:188} INFO - [2026-08-21T05:28:07.571+0000] {dag.py:3096} INFO - Sync 1 DAGs
[2026-08-21T05:28:07.600+0000] {processor.py:183} INFO - Processing /opt/airflow/dags/cell_kpi_hourly_anomaly.py took 0.069 seconds
[2026-08-21T05:28:37.702+0000] {processor.py:161} INFO - Started process (PID=9557) to work on /opt/airflow/dags/cell_kpi_hourly_anomaly.py
[2026-08-21T05:28:37.703+0000] {processor.py:830} INFO - Processing file /opt/airflow/dags/cell_kpi_hourly_anomaly.py for tasks to queue
[2026-08-21T05:28:37.704+0000] {logging_mixin.py:188} INFO - [2026-08-21T05:28:37.704+0000] {dagbag.py:545} INFO - Filling up the DagBag from /opt/airflow/dags/cell_kpi_hourly_anomaly.py
[2026-08-21T05:28:37.724+0000] {processor.py:840} INFO - DAG(s) 'cell_kpi_hourly_anomaly_pipeline' retrieved from /opt/airflow/dags/cell_kpi_hourly_anomaly.py
[2026-08-21T05:28:37.736+0000] {logging_mixin.py:188} INFO - [2026-08-21T05:28:37.736+0000] {dag.py:3096} INFO - Sync 1 DAGs
[2026-08-21T05:28:37.771+0000] {processor.py:183} INFO - Processing /opt/airflow/dags/cell_kpi_hourly_anomaly.py took 0.074 seconds
[2026-08-21T05:29:07.871+0000] {processor.py:161} INFO - Started process (PID=9567) to work on /opt/airflow/dags/cell_kpi_hourly_anomaly.py
[2026-08-21T05:29:07.872+0000] {processor.py:830} INFO - Processing file /opt/airflow/dags/cell_kpi_hourly_anomaly.py for tasks to queue
[2026-08-21T05:29:07.874+0000] {logging_mixin.py:188} INFO - [2026-08-21T05:29:07.874+0000] {dagbag.py:545} INFO - Filling up the DagBag from /opt/airflow/dags/cell_kpi_hourly_anomaly.py
[2026-08-21T05:29:07.895+0000] {processor.py:840} INFO - DAG(s) 'cell_kpi_hourly_anomaly_pipeline' retrieved from /opt/airflow/dags/cell_kpi_hourly_anomaly.py
[2026-08-21T05:29:07.909+0000] {logging_mixin.py:188} INFO - [2026-08-21T05:29:07.909+0000] {dag.py:3096} INFO - Sync 1 DAGs
[2026-08-21T05:29:07.945+0000] {processor.py:183} INFO - Processing /opt/airflow/dags/cell_kpi_hourly_anomaly.py took 0.079 seconds
[2026-08-21T05:29:38.093+0000] {processor.py:161} INFO - Started process (PID=9577) to work on /opt/airflow/dags/cell_kpi_hourly_anomaly.py
[2026-08-21T05:29:38.094+0000] {processor.py:830} INFO - Processing file /opt/airflow/dags/cell_kpi_hourly_anomaly.py for tasks to queue
[2026-08-21T05:29:38.095+0000] {logging_mixin.py:188} INFO - [2026-08-21T05:29:38.095+0000] {dagbag.py:545} INFO - Filling up the DagBag from /opt/airflow/dags/cell_kpi_hourly_anomaly.py
[2026-08-21T05:29:38.115+0000] {processor.py:840} INFO - DAG(s) 'cell_kpi_hourly_anomaly_pipeline' retrieved from /opt/airflow/dags/cell_kpi_hourly_anomaly.py
[2026-08-21T05:29:38.127+0000] {logging_mixin.py:188} INFO - [2026-08-21T05:29:38.126+0000] {dag.py:3096} INFO - Sync 1 DAGs
[2026-08-21T05:29:38.154+0000] {processor.py:183} INFO - Processing /opt/airflow/dags/cell_kpi_hourly_anomaly.py took 0.066 seconds
[2026-08-21T05:30:08.259+0000] {processor.py:161} INFO - Started process (PID=9587) to work on /opt/airflow/dags/cell_kpi_hourly_anomaly.py
[2026-08-21T05:30:08.260+0000] {processor.py:830} INFO - Processing file /opt/airflow/dags/cell_kpi_hourly_anomaly.py for tasks to queue
[2026-08-21T05:30:08.262+0000] {logging_mixin.py:188} INFO - [2026-08-21T05:30:08.261+0000] {dagbag.py:545} INFO - Filling up the DagBag from /opt/airflow/dags/cell_kpi_hourly_anomaly.py
[2026-08-21T05:30:08.286+0000] {processor.py:840} INFO - DAG(s) 'cell_kpi_hourly_anomaly_pipeline' retrieved from /opt/airflow/dags/cell_kpi_hourly_anomaly.py
[2026-08-21T05:30:08.299+0000] {logging_mixin.py:188} INFO - [2026-08-21T05:30:08.299+0000] {dag.py:3096} INFO - Sync 1 DAGs
[2026-08-21T05:30:08.327+0000] {processor.py:183} INFO - Processing /opt/airflow/dags/cell_kpi_hourly_anomaly.py took 0.075 seconds
[2026-08-21T06:43:26.909+0000] {processor.py:161} INFO - Started process (PID=160) to work on /opt/airflow/dags/cell_kpi_hourly_anomaly.py
[2026-08-21T06:43:26.945+0000] {processor.py:830} INFO - Processing file /opt/airflow/dags/cell_kpi_hourly_anomaly.py for tasks to queue
[2026-08-21T06:43:26.947+0000] {logging_mixin.py:188} INFO - [2026-08-21T06:43:26.947+0000] {dagbag.py:545} INFO - Filling up the DagBag from /opt/airflow/dags/cell_kpi_hourly_anomaly.py
[2026-08-21T06:43:27.021+0000] {processor.py:840} INFO - DAG(s) 'cell_kpi_hourly_anomaly_pipeline' retrieved from /opt/airflow/dags/cell_kpi_hourly_anomaly.py
[2026-08-21T06:43:27.032+0000] {logging_mixin.py:188} INFO - [2026-08-21T06:43:27.032+0000] {dag.py:3096} INFO - Sync 1 DAGs
[2026-08-21T06:43:27.098+0000] {processor.py:183} INFO - Processing /opt/airflow/dags/cell_kpi_hourly_anomaly.py took 0.195 seconds
[2026-08-21T06:43:57.250+0000] {processor.py:161} INFO - Started process (PID=170) to work on /opt/airflow/dags/cell_kpi_hourly_anomaly.py
[2026-08-21T06:43:57.251+0000] {processor.py:830} INFO - Processing file /opt/airflow/dags/cell_kpi_hourly_anomaly.py for tasks to queue
[2026-08-21T06:43:57.252+0000] {logging_mixin.py:188} INFO - [2026-08-21T06:43:57.252+0000] {dagbag.py:545} INFO - Filling up the DagBag from /opt/airflow/dags/cell_kpi_hourly_anomaly.py
[2026-08-21T06:43:57.275+0000] {processor.py:840} INFO - DAG(s) 'cell_kpi_hourly_anomaly_pipeline' retrieved from /opt/airflow/dags/cell_kpi_hourly_anomaly.py
[2026-08-21T06:43:57.574+0000] {logging_mixin.py:188} INFO - [2026-08-21T06:43:57.573+0000] {dag.py:3096} INFO - Sync 1 DAGs
[2026-08-21T06:43:57.619+0000] {processor.py:183} INFO - Processing /opt/airflow/dags/cell_kpi_hourly_anomaly.py took 0.374 seconds
[2026-08-21T06:44:27.760+0000] {processor.py:161} INFO - Started process (PID=180) to work on /opt/airflow/dags/cell_kpi_hourly_anomaly.py
[2026-08-21T06:44:27.761+0000] {processor.py:830} INFO - Processing file /opt/airflow/dags/cell_kpi_hourly_anomaly.py for tasks to queue
[2026-08-21T06:44:27.763+0000] {logging_mixin.py:188} INFO - [2026-08-21T06:44:27.763+0000] {dagbag.py:545} INFO - Filling up the DagBag from /opt/airflow/dags/cell_kpi_hourly_anomaly.py
[2026-08-21T06:44:27.789+0000] {processor.py:840} INFO - DAG(s) 'cell_kpi_hourly_anomaly_pipeline' retrieved from /opt/airflow/dags/cell_kpi_hourly_anomaly.py
[2026-08-21T06:44:27.805+0000] {logging_mixin.py:188} INFO - [2026-08-21T06:44:27.805+0000] {dag.py:3096} INFO - Sync 1 DAGs
[2026-08-21T06:44:27.846+0000] {processor.py:183} INFO - Processing /opt/airflow/dags/cell_kpi_hourly_anomaly.py took 0.092 seconds
[2026-08-21T06:44:57.987+0000] {processor.py:161} INFO - Started process (PID=190) to work on /opt/airflow/dags/cell_kpi_hourly_anomaly.py
[2026-08-21T06:44:57.988+0000] {processor.py:830} INFO - Processing file /opt/airflow/dags/cell_kpi_hourly_anomaly.py for tasks to queue
[2026-08-21T06:44:57.990+0000] {logging_mixin.py:188} INFO - [2026-08-21T06:44:57.990+0000] {dagbag.py:545} INFO - Filling up the DagBag from /opt/airflow/dags/cell_kpi_hourly_anomaly.py
[2026-08-21T06:44:58.019+0000] {processor.py:840} INFO - DAG(s) 'cell_kpi_hourly_anomaly_pipeline' retrieved from /opt/airflow/dags/cell_kpi_hourly_anomaly.py
[2026-08-21T06:44:58.034+0000] {logging_mixin.py:188} INFO - [2026-08-21T06:44:58.033+0000] {dag.py:3096} INFO - Sync 1 DAGs
[2026-08-21T06:44:58.075+0000] {processor.py:183} INFO - Processing /opt/airflow/dags/cell_kpi_hourly_anomaly.py took 0.094 seconds
[2026-08-21T06:45:28.216+0000] {processor.py:161} INFO - Started process (PID=200) to work on /opt/airflow/dags/cell_kpi_hourly_anomaly.py
[2026-08-21T06:45:28.217+0000] {processor.py:830} INFO - Processing file /opt/airflow/dags/cell_kpi_hourly_anomaly.py for tasks to queue
[2026-08-21T06:45:28.219+0000] {logging_mixin.py:188} INFO - [2026-08-21T06:45:28.218+0000] {dagbag.py:545} INFO - Filling up the DagBag from /opt/airflow/dags/cell_kpi_hourly_anomaly.py
[2026-08-21T06:45:28.242+0000] {processor.py:840} INFO - DAG(s) 'cell_kpi_hourly_anomaly_pipeline' retrieved from /opt/airflow/dags/cell_kpi_hourly_anomaly.py
[2026-08-21T06:45:28.257+0000] {logging_mixin.py:188} INFO - [2026-08-21T06:45:28.257+0000] {dag.py:3096} INFO - Sync 1 DAGs
[2026-08-21T06:45:28.293+0000] {processor.py:183} INFO - Processing /opt/airflow/dags/cell_kpi_hourly_anomaly.py took 0.083 seconds
[2026-08-21T06:45:58.430+0000] {processor.py:161} INFO - Started process (PID=210) to work on /opt/airflow/dags/cell_kpi_hourly_anomaly.py
[2026-08-21T06:45:58.431+0000] {processor.py:830} INFO - Processing file /opt/airflow/dags/cell_kpi_hourly_anomaly.py for tasks to queue
[2026-08-21T06:45:58.432+0000] {logging_mixin.py:188} INFO - [2026-08-21T06:45:58.432+0000] {dagbag.py:545} INFO - Filling up the DagBag from /opt/airflow/dags/cell_kpi_hourly_anomaly.py
[2026-08-21T06:45:58.456+0000] {processor.py:840} INFO - DAG(s) 'cell_kpi_hourly_anomaly_pipeline' retrieved from /opt/airflow/dags/cell_kpi_hourly_anomaly.py
[2026-08-21T06:45:58.471+0000] {logging_mixin.py:188} INFO - [2026-08-21T06:45:58.470+0000] {dag.py:3096} INFO - Sync 1 DAGs
[2026-08-21T06:45:58.501+0000] {processor.py:183} INFO - Processing /opt/airflow/dags/cell_kpi_hourly_anomaly.py took 0.078 seconds
[2026-08-21T06:46:28.639+0000] {processor.py:161} INFO - Started process (PID=220) to work on /opt/airflow/dags/cell_kpi_hourly_anomaly.py
[2026-08-21T06:46:28.640+0000] {processor.py:830} INFO - Processing file /opt/airflow/dags/cell_kpi_hourly_anomaly.py for tasks to queue
[2026-08-21T06:46:28.642+0000] {logging_mixin.py:188} INFO - [2026-08-21T06:46:28.642+0000] {dagbag.py:545} INFO - Filling up the DagBag from /opt/airflow/dags/cell_kpi_hourly_anomaly.py
[2026-08-21T06:46:28.666+0000] {processor.py:840} INFO - DAG(s) 'cell_kpi_hourly_anomaly_pipeline' retrieved from /opt/airflow/dags/cell_kpi_hourly_anomaly.py
[2026-08-21T06:46:28.679+0000] {logging_mixin.py:188} INFO - [2026-08-21T06:46:28.679+0000] {dag.py:3096} INFO - Sync 1 DAGs
[2026-08-21T06:46:28.714+0000] {processor.py:183} INFO - Processing /opt/airflow/dags/cell_kpi_hourly_anomaly.py took 0.081 seconds
[2026-08-21T06:46:58.854+0000] {processor.py:161} INFO - Started process (PID=230) to work on /opt/airflow/dags/cell_kpi_hourly_anomaly.py
[2026-08-21T06:46:58.855+0000] {processor.py:830} INFO - Processing file /opt/airflow/dags/cell_kpi_hourly_anomaly.py for tasks to queue
[2026-08-21T06:46:58.857+0000] {logging_mixin.py:188} INFO - [2026-08-21T06:46:58.857+0000] {dagbag.py:545} INFO - Filling up the DagBag from /opt/airflow/dags/cell_kpi_hourly_anomaly.py
[2026-08-21T06:46:58.880+0000] {processor.py:840} INFO - DAG(s) 'cell_kpi_hourly_anomaly_pipeline' retrieved from /opt/airflow/dags/cell_kpi_hourly_anomaly.py
[2026-08-21T06:46:58.896+0000] {logging_mixin.py:188} INFO - [2026-08-21T06:46:58.895+0000] {dag.py:3096} INFO - Sync 1 DAGs
[2026-08-21T06:46:58.928+0000] {processor.py:183} INFO - Processing /opt/airflow/dags/cell_kpi_hourly_anomaly.py took 0.081 seconds
[2026-08-21T06:47:29.068+0000] {processor.py:161} INFO - Started process (PID=240) to work on /opt/airflow/dags/cell_kpi_hourly_anomaly.py
[2026-08-21T06:47:29.069+0000] {processor.py:830} INFO - Processing file /opt/airflow/dags/cell_kpi_hourly_anomaly.py for tasks to queue
[2026-08-21T06:47:29.071+0000] {logging_mixin.py:188} INFO - [2026-08-21T06:47:29.070+0000] {dagbag.py:545} INFO - Filling up the DagBag from /opt/airflow/dags/cell_kpi_hourly_anomaly.py
[2026-08-21T06:47:29.098+0000] {processor.py:840} INFO - DAG(s) 'cell_kpi_hourly_anomaly_pipeline' retrieved from /opt/airflow/dags/cell_kpi_hourly_anomaly.py
[2026-08-21T06:47:29.111+0000] {logging_mixin.py:188} INFO - [2026-08-21T06:47:29.111+0000] {dag.py:3096} INFO - Sync 1 DAGs
[2026-08-21T06:47:29.144+0000] {processor.py:183} INFO - Processing /opt/airflow/dags/cell_kpi_hourly_anomaly.py took 0.082 seconds
[2026-08-21T06:47:59.290+0000] {processor.py:161} INFO - Started process (PID=250) to work on /opt/airflow/dags/cell_kpi_hourly_anomaly.py
[2026-08-21T06:47:59.292+0000] {processor.py:830} INFO - Processing file /opt/airflow/dags/cell_kpi_hourly_anomaly.py for tasks to queue
[2026-08-21T06:47:59.295+0000] {logging_mixin.py:188} INFO - [2026-08-21T06:47:59.294+0000] {dagbag.py:545} INFO - Filling up the DagBag from /opt/airflow/dags/cell_kpi_hourly_anomaly.py
[2026-08-21T06:47:59.324+0000] {processor.py:840} INFO - DAG(s) 'cell_kpi_hourly_anomaly_pipeline' retrieved from /opt/airflow/dags/cell_kpi_hourly_anomaly.py
[2026-08-21T06:47:59.337+0000] {logging_mixin.py:188} INFO - [2026-08-21T06:47:59.337+0000] {dag.py:3096} INFO - Sync 1 DAGs
[2026-08-21T06:47:59.373+0000] {processor.py:183} INFO - Processing /opt/airflow/dags/cell_kpi_hourly_anomaly.py took 0.090 seconds
[2026-08-21T06:48:29.527+0000] {processor.py:161} INFO - Started process (PID=260) to work on /opt/airflow/dags/cell_kpi_hourly_anomaly.py
[2026-08-21T06:48:29.528+0000] {processor.py:830} INFO - Processing file /opt/airflow/dags/cell_kpi_hourly_anomaly.py for tasks to queue
[2026-08-21T06:48:29.529+0000] {logging_mixin.py:188} INFO - [2026-08-21T06:48:29.529+0000] {dagbag.py:545} INFO - Filling up the DagBag from /opt/airflow/dags/cell_kpi_hourly_anomaly.py
[2026-08-21T06:48:29.554+0000] {processor.py:840} INFO - DAG(s) 'cell_kpi_hourly_anomaly_pipeline' retrieved from /opt/airflow/dags/cell_kpi_hourly_anomaly.py
[2026-08-21T06:48:29.567+0000] {logging_mixin.py:188} INFO - [2026-08-21T06:48:29.567+0000] {dag.py:3096} INFO - Sync 1 DAGs
[2026-08-21T06:48:29.605+0000] {processor.py:183} INFO - Processing /opt/airflow/dags/cell_kpi_hourly_anomaly.py took 0.084 seconds
[2026-08-21T06:48:59.745+0000] {processor.py:161} INFO - Started process (PID=270) to work on /opt/airflow/dags/cell_kpi_hourly_anomaly.py
[2026-08-21T06:48:59.746+0000] {processor.py:830} INFO - Processing file /opt/airflow/dags/cell_kpi_hourly_anomaly.py for tasks to queue
[2026-08-21T06:48:59.747+0000] {logging_mixin.py:188} INFO - [2026-08-21T06:48:59.747+0000] {dagbag.py:545} INFO - Filling up the DagBag from /opt/airflow/dags/cell_kpi_hourly_anomaly.py
[2026-08-21T06:48:59.770+0000] {processor.py:840} INFO - DAG(s) 'cell_kpi_hourly_anomaly_pipeline' retrieved from /opt/airflow/dags/cell_kpi_hourly_anomaly.py
[2026-08-21T06:48:59.783+0000] {logging_mixin.py:188} INFO - [2026-08-21T06:48:59.783+0000] {dag.py:3096} INFO - Sync 1 DAGs
[2026-08-21T06:48:59.820+0000] {processor.py:183} INFO - Processing /opt/airflow/dags/cell_kpi_hourly_anomaly.py took 0.081 seconds
[2026-08-21T06:49:29.962+0000] {processor.py:161} INFO - Started process (PID=280) to work on /opt/airflow/dags/cell_kpi_hourly_anomaly.py
[2026-08-21T06:49:29.963+0000] {processor.py:830} INFO - Processing file /opt/airflow/dags/cell_kpi_hourly_anomaly.py for tasks to queue
[2026-08-21T06:49:29.964+0000] {logging_mixin.py:188} INFO - [2026-08-21T06:49:29.964+0000] {dagbag.py:545} INFO - Filling up the DagBag from /opt/airflow/dags/cell_kpi_hourly_anomaly.py
[2026-08-21T06:49:29.990+0000] {processor.py:840} INFO - DAG(s) 'cell_kpi_hourly_anomaly_pipeline' retrieved from /opt/airflow/dags/cell_kpi_hourly_anomaly.py
[2026-08-21T06:49:30.007+0000] {logging_mixin.py:188} INFO - [2026-08-21T06:49:30.006+0000] {dag.py:3096} INFO - Sync 1 DAGs
[2026-08-21T06:49:30.043+0000] {processor.py:183} INFO - Processing /opt/airflow/dags/cell_kpi_hourly_anomaly.py took 0.088 seconds
[2026-08-21T06:50:00.179+0000] {processor.py:161} INFO - Started process (PID=290) to work on /opt/airflow/dags/cell_kpi_hourly_anomaly.py
[2026-08-21T06:50:00.180+0000] {processor.py:830} INFO - Processing file /opt/airflow/dags/cell_kpi_hourly_anomaly.py for tasks to queue
[2026-08-21T06:50:00.182+0000] {logging_mixin.py:188} INFO - [2026-08-21T06:50:00.182+0000] {dagbag.py:545} INFO - Filling up the DagBag from /opt/airflow/dags/cell_kpi_hourly_anomaly.py
[2026-08-21T06:50:00.208+0000] {processor.py:840} INFO - DAG(s) 'cell_kpi_hourly_anomaly_pipeline' retrieved from /opt/airflow/dags/cell_kpi_hourly_anomaly.py
[2026-08-21T06:50:00.222+0000] {logging_mixin.py:188} INFO - [2026-08-21T06:50:00.221+0000] {dag.py:3096} INFO - Sync 1 DAGs
[2026-08-21T06:50:00.252+0000] {processor.py:183} INFO - Processing /opt/airflow/dags/cell_kpi_hourly_anomaly.py took 0.080 seconds
[2026-08-21T06:50:30.394+0000] {processor.py:161} INFO - Started process (PID=300) to work on /opt/airflow/dags/cell_kpi_hourly_anomaly.py
[2026-08-21T06:50:30.395+0000] {processor.py:830} INFO - Processing file /opt/airflow/dags/cell_kpi_hourly_anomaly.py for tasks to queue
[2026-08-21T06:50:30.397+0000] {logging_mixin.py:188} INFO - [2026-08-21T06:50:30.397+0000] {dagbag.py:545} INFO - Filling up the DagBag from /opt/airflow/dags/cell_kpi_hourly_anomaly.py
[2026-08-21T06:50:30.422+0000] {processor.py:840} INFO - DAG(s) 'cell_kpi_hourly_anomaly_pipeline' retrieved from /opt/airflow/dags/cell_kpi_hourly_anomaly.py
[2026-08-21T06:50:30.436+0000] {logging_mixin.py:188} INFO - [2026-08-21T06:50:30.435+0000] {dag.py:3096} INFO - Sync 1 DAGs
[2026-08-21T06:50:30.471+0000] {processor.py:183} INFO - Processing /opt/airflow/dags/cell_kpi_hourly_anomaly.py took 0.083 seconds
[2026-08-21T06:51:00.610+0000] {processor.py:161} INFO - Started process (PID=310) to work on /opt/airflow/dags/cell_kpi_hourly_anomaly.py
[2026-08-21T06:51:00.611+0000] {processor.py:830} INFO - Processing file /opt/airflow/dags/cell_kpi_hourly_anomaly.py for tasks to queue
[2026-08-21T06:51:00.613+0000] {logging_mixin.py:188} INFO - [2026-08-21T06:51:00.612+0000] {dagbag.py:545} INFO - Filling up the DagBag from /opt/airflow/dags/cell_kpi_hourly_anomaly.py
[2026-08-21T06:51:00.638+0000] {processor.py:840} INFO - DAG(s) 'cell_kpi_hourly_anomaly_pipeline' retrieved from /opt/airflow/dags/cell_kpi_hourly_anomaly.py
[2026-08-21T06:51:00.651+0000] {logging_mixin.py:188} INFO - [2026-08-21T06:51:00.651+0000] {dag.py:3096} INFO - Sync 1 DAGs
[2026-08-21T06:51:00.682+0000] {processor.py:183} INFO - Processing /opt/airflow/dags/cell_kpi_hourly_anomaly.py took 0.078 seconds
[2026-08-21T06:51:30.818+0000] {processor.py:161} INFO - Started process (PID=320) to work on /opt/airflow/dags/cell_kpi_hourly_anomaly.py
[2026-08-21T06:51:30.819+0000] {processor.py:830} INFO - Processing file /opt/airflow/dags/cell_kpi_hourly_anomaly.py for tasks to queue
[2026-08-21T06:51:30.821+0000] {logging_mixin.py:188} INFO - [2026-08-21T06:51:30.821+0000] {dagbag.py:545} INFO - Filling up the DagBag from /opt/airflow/dags/cell_kpi_hourly_anomaly.py
[2026-08-21T06:51:30.843+0000] {processor.py:840} INFO - DAG(s) 'cell_kpi_hourly_anomaly_pipeline' retrieved from /opt/airflow/dags/cell_kpi_hourly_anomaly.py
[2026-08-21T06:51:30.856+0000] {logging_mixin.py:188} INFO - [2026-08-21T06:51:30.856+0000] {dag.py:3096} INFO - Sync 1 DAGs
[2026-08-21T06:51:30.887+0000] {processor.py:183} INFO - Processing /opt/airflow/dags/cell_kpi_hourly_anomaly.py took 0.076 seconds
[2026-08-21T06:52:01.021+0000] {processor.py:161} INFO - Started process (PID=330) to work on /opt/airflow/dags/cell_kpi_hourly_anomaly.py
[2026-08-21T06:52:01.023+0000] {processor.py:830} INFO - Processing file /opt/airflow/dags/cell_kpi_hourly_anomaly.py for tasks to queue
[2026-08-21T06:52:01.025+0000] {logging_mixin.py:188} INFO - [2026-08-21T06:52:01.025+0000] {dagbag.py:545} INFO - Filling up the DagBag from /opt/airflow/dags/cell_kpi_hourly_anomaly.py
[2026-08-21T06:52:01.051+0000] {processor.py:840} INFO - DAG(s) 'cell_kpi_hourly_anomaly_pipeline' retrieved from /opt/airflow/dags/cell_kpi_hourly_anomaly.py
[2026-08-21T06:52:01.066+0000] {logging_mixin.py:188} INFO - [2026-08-21T06:52:01.066+0000] {dag.py:3096} INFO - Sync 1 DAGs
[2026-08-21T06:52:01.106+0000] {processor.py:183} INFO - Processing /opt/airflow/dags/cell_kpi_hourly_anomaly.py took 0.091 seconds
[2026-08-21T06:52:31.249+0000] {processor.py:161} INFO - Started process (PID=340) to work on /opt/airflow/dags/cell_kpi_hourly_anomaly.py
[2026-08-21T06:52:31.250+0000] {processor.py:830} INFO - Processing file /opt/airflow/dags/cell_kpi_hourly_anomaly.py for tasks to queue
[2026-08-21T06:52:31.251+0000] {logging_mixin.py:188} INFO - [2026-08-21T06:52:31.251+0000] {dagbag.py:545} INFO - Filling up the DagBag from /opt/airflow/dags/cell_kpi_hourly_anomaly.py
[2026-08-21T06:52:31.276+0000] {processor.py:840} INFO - DAG(s) 'cell_kpi_hourly_anomaly_pipeline' retrieved from /opt/airflow/dags/cell_kpi_hourly_anomaly.py
[2026-08-21T06:52:31.288+0000] {logging_mixin.py:188} INFO - [2026-08-21T06:52:31.288+0000] {dag.py:3096} INFO - Sync 1 DAGs
[2026-08-21T06:52:31.328+0000] {processor.py:183} INFO - Processing /opt/airflow/dags/cell_kpi_hourly_anomaly.py took 0.086 seconds
[2026-08-21T06:53:01.474+0000] {processor.py:161} INFO - Started process (PID=350) to work on /opt/airflow/dags/cell_kpi_hourly_anomaly.py
[2026-08-21T06:53:01.475+0000] {processor.py:830} INFO - Processing file /opt/airflow/dags/cell_kpi_hourly_anomaly.py for tasks to queue
[2026-08-21T06:53:01.477+0000] {logging_mixin.py:188} INFO - [2026-08-21T06:53:01.477+0000] {dagbag.py:545} INFO - Filling up the DagBag from /opt/airflow/dags/cell_kpi_hourly_anomaly.py
[2026-08-21T06:53:01.502+0000] {processor.py:840} INFO - DAG(s) 'cell_kpi_hourly_anomaly_pipeline' retrieved from /opt/airflow/dags/cell_kpi_hourly_anomaly.py
[2026-08-21T06:53:01.515+0000] {logging_mixin.py:188} INFO - [2026-08-21T06:53:01.514+0000] {dag.py:3096} INFO - Sync 1 DAGs
[2026-08-21T06:53:01.549+0000] {processor.py:183} INFO - Processing /opt/airflow/dags/cell_kpi_hourly_anomaly.py took 0.082 seconds
[2026-08-21T06:53:31.701+0000] {processor.py:161} INFO - Started process (PID=360) to work on /opt/airflow/dags/cell_kpi_hourly_anomaly.py
[2026-08-21T06:53:31.702+0000] {processor.py:830} INFO - Processing file /opt/airflow/dags/cell_kpi_hourly_anomaly.py for tasks to queue
[2026-08-21T06:53:31.704+0000] {logging_mixin.py:188} INFO - [2026-08-21T06:53:31.703+0000] {dagbag.py:545} INFO - Filling up the DagBag from /opt/airflow/dags/cell_kpi_hourly_anomaly.py
[2026-08-21T06:53:31.733+0000] {processor.py:840} INFO - DAG(s) 'cell_kpi_hourly_anomaly_pipeline' retrieved from /opt/airflow/dags/cell_kpi_hourly_anomaly.py
[2026-08-21T06:53:31.751+0000] {logging_mixin.py:188} INFO - [2026-08-21T06:53:31.751+0000] {dag.py:3096} INFO - Sync 1 DAGs
[2026-08-21T06:53:31.794+0000] {processor.py:183} INFO - Processing /opt/airflow/dags/cell_kpi_hourly_anomaly.py took 0.100 seconds
[2026-08-21T06:54:01.935+0000] {processor.py:161} INFO - Started process (PID=370) to work on /opt/airflow/dags/cell_kpi_hourly_anomaly.py
[2026-08-21T06:54:01.936+0000] {processor.py:830} INFO - Processing file /opt/airflow/dags/cell_kpi_hourly_anomaly.py for tasks to queue
[2026-08-21T06:54:01.938+0000] {logging_mixin.py:188} INFO - [2026-08-21T06:54:01.937+0000] {dagbag.py:545} INFO - Filling up the DagBag from /opt/airflow/dags/cell_kpi_hourly_anomaly.py
[2026-08-21T06:54:01.964+0000] {processor.py:840} INFO - DAG(s) 'cell_kpi_hourly_anomaly_pipeline' retrieved from /opt/airflow/dags/cell_kpi_hourly_anomaly.py
[2026-08-21T06:54:01.976+0000] {logging_mixin.py:188} INFO - [2026-08-21T06:54:01.976+0000] {dag.py:3096} INFO - Sync 1 DAGs
[2026-08-21T06:54:02.016+0000] {processor.py:183} INFO - Processing /opt/airflow/dags/cell_kpi_hourly_anomaly.py took 0.087 seconds
[2026-08-21T06:54:32.154+0000] {processor.py:161} INFO - Started process (PID=380) to work on /opt/airflow/dags/cell_kpi_hourly_anomaly.py
[2026-08-21T06:54:32.155+0000] {processor.py:830} INFO - Processing file /opt/airflow/dags/cell_kpi_hourly_anomaly.py for tasks to queue
[2026-08-21T06:54:32.157+0000] {logging_mixin.py:188} INFO - [2026-08-21T06:54:32.156+0000] {dagbag.py:545} INFO - Filling up the DagBag from /opt/airflow/dags/cell_kpi_hourly_anomaly.py
[2026-08-21T06:54:32.183+0000] {processor.py:840} INFO - DAG(s) 'cell_kpi_hourly_anomaly_pipeline' retrieved from /opt/airflow/dags/cell_kpi_hourly_anomaly.py
[2026-08-21T06:54:32.197+0000] {logging_mixin.py:188} INFO - [2026-08-21T06:54:32.197+0000] {dag.py:3096} INFO - Sync 1 DAGs
[2026-08-21T06:54:32.232+0000] {processor.py:183} INFO - Processing /opt/airflow/dags/cell_kpi_hourly_anomaly.py took 0.083 seconds
[2026-08-21T06:55:02.370+0000] {processor.py:161} INFO - Started process (PID=390) to work on /opt/airflow/dags/cell_kpi_hourly_anomaly.py
[2026-08-21T06:55:02.371+0000] {processor.py:830} INFO - Processing file /opt/airflow/dags/cell_kpi_hourly_anomaly.py for tasks to queue
[2026-08-21T06:55:02.373+0000] {logging_mixin.py:188} INFO - [2026-08-21T06:55:02.372+0000] {dagbag.py:545} INFO - Filling up the DagBag from /opt/airflow/dags/cell_kpi_hourly_anomaly.py
[2026-08-21T06:55:02.396+0000] {processor.py:840} INFO - DAG(s) 'cell_kpi_hourly_anomaly_pipeline' retrieved from /opt/airflow/dags/cell_kpi_hourly_anomaly.py
[2026-08-21T06:55:02.413+0000] {logging_mixin.py:188} INFO - [2026-08-21T06:55:02.412+0000] {dag.py:3096} INFO - Sync 1 DAGs
[2026-08-21T06:55:02.456+0000] {processor.py:183} INFO - Processing /opt/airflow/dags/cell_kpi_hourly_anomaly.py took 0.093 seconds
[2026-08-21T06:55:32.601+0000] {processor.py:161} INFO - Started process (PID=400) to work on /opt/airflow/dags/cell_kpi_hourly_anomaly.py
[2026-08-21T06:55:32.603+0000] {processor.py:830} INFO - Processing file /opt/airflow/dags/cell_kpi_hourly_anomaly.py for tasks to queue
[2026-08-21T06:55:32.605+0000] {logging_mixin.py:188} INFO - [2026-08-21T06:55:32.604+0000] {dagbag.py:545} INFO - Filling up the DagBag from /opt/airflow/dags/cell_kpi_hourly_anomaly.py
[2026-08-21T06:55:32.627+0000] {processor.py:840} INFO - DAG(s) 'cell_kpi_hourly_anomaly_pipeline' retrieved from /opt/airflow/dags/cell_kpi_hourly_anomaly.py
[2026-08-21T06:55:32.640+0000] {logging_mixin.py:188} INFO - [2026-08-21T06:55:32.640+0000] {dag.py:3096} INFO - Sync 1 DAGs
[2026-08-21T06:55:32.672+0000] {processor.py:183} INFO - Processing /opt/airflow/dags/cell_kpi_hourly_anomaly.py took 0.079 seconds
[2026-08-21T06:56:02.806+0000] {processor.py:161} INFO - Started process (PID=410) to work on /opt/airflow/dags/cell_kpi_hourly_anomaly.py
[2026-08-21T06:56:02.807+0000] {processor.py:830} INFO - Processing file /opt/airflow/dags/cell_kpi_hourly_anomaly.py for tasks to queue
[2026-08-21T06:56:02.809+0000] {logging_mixin.py:188} INFO - [2026-08-21T06:56:02.808+0000] {dagbag.py:545} INFO - Filling up the DagBag from /opt/airflow/dags/cell_kpi_hourly_anomaly.py
[2026-08-21T06:56:02.839+0000] {processor.py:840} INFO - DAG(s) 'cell_kpi_hourly_anomaly_pipeline' retrieved from /opt/airflow/dags/cell_kpi_hourly_anomaly.py
[2026-08-21T06:56:02.856+0000] {logging_mixin.py:188} INFO - [2026-08-21T06:56:02.856+0000] {dag.py:3096} INFO - Sync 1 DAGs
[2026-08-21T06:56:02.898+0000] {processor.py:183} INFO - Processing /opt/airflow/dags/cell_kpi_hourly_anomaly.py took 0.098 seconds
[2026-08-21T06:56:33.036+0000] {processor.py:161} INFO - Started process (PID=420) to work on /opt/airflow/dags/cell_kpi_hourly_anomaly.py
[2026-08-21T06:56:33.037+0000] {processor.py:830} INFO - Processing file /opt/airflow/dags/cell_kpi_hourly_anomaly.py for tasks to queue
[2026-08-21T06:56:33.039+0000] {logging_mixin.py:188} INFO - [2026-08-21T06:56:33.039+0000] {dagbag.py:545} INFO - Filling up the DagBag from /opt/airflow/dags/cell_kpi_hourly_anomaly.py
[2026-08-21T06:56:33.064+0000] {processor.py:840} INFO - DAG(s) 'cell_kpi_hourly_anomaly_pipeline' retrieved from /opt/airflow/dags/cell_kpi_hourly_anomaly.py
[2026-08-21T06:56:33.080+0000] {logging_mixin.py:188} INFO - [2026-08-21T06:56:33.080+0000] {dag.py:3096} INFO - Sync 1 DAGs
[2026-08-21T06:56:33.121+0000] {processor.py:183} INFO - Processing /opt/airflow/dags/cell_kpi_hourly_anomaly.py took 0.090 seconds
[2026-08-21T06:57:03.262+0000] {processor.py:161} INFO - Started process (PID=430) to work on /opt/airflow/dags/cell_kpi_hourly_anomaly.py
[2026-08-21T06:57:03.263+0000] {processor.py:830} INFO - Processing file /opt/airflow/dags/cell_kpi_hourly_anomaly.py for tasks to queue
[2026-08-21T06:57:03.265+0000] {logging_mixin.py:188} INFO - [2026-08-21T06:57:03.264+0000] {dagbag.py:545} INFO - Filling up the DagBag from /opt/airflow/dags/cell_kpi_hourly_anomaly.py
[2026-08-21T06:57:03.287+0000] {processor.py:840} INFO - DAG(s) 'cell_kpi_hourly_anomaly_pipeline' retrieved from /opt/airflow/dags/cell_kpi_hourly_anomaly.py
[2026-08-21T06:57:03.298+0000] {logging_mixin.py:188} INFO - [2026-08-21T06:57:03.298+0000] {dag.py:3096} INFO - Sync 1 DAGs
[2026-08-21T06:57:03.334+0000] {processor.py:183} INFO - Processing /opt/airflow/dags/cell_kpi_hourly_anomaly.py took 0.079 seconds
[2026-08-21T06:57:33.467+0000] {processor.py:161} INFO - Started process (PID=440) to work on /opt/airflow/dags/cell_kpi_hourly_anomaly.py
[2026-08-21T06:57:33.468+0000] {processor.py:830} INFO - Processing file /opt/airflow/dags/cell_kpi_hourly_anomaly.py for tasks to queue
[2026-08-21T06:57:33.469+0000] {logging_mixin.py:188} INFO - [2026-08-21T06:57:33.469+0000] {dagbag.py:545} INFO - Filling up the DagBag from /opt/airflow/dags/cell_kpi_hourly_anomaly.py
[2026-08-21T06:57:33.494+0000] {processor.py:840} INFO - DAG(s) 'cell_kpi_hourly_anomaly_pipeline' retrieved from /opt/airflow/dags/cell_kpi_hourly_anomaly.py
[2026-08-21T06:57:33.511+0000] {logging_mixin.py:188} INFO - [2026-08-21T06:57:33.511+0000] {dag.py:3096} INFO - Sync 1 DAGs
[2026-08-21T06:57:33.548+0000] {processor.py:183} INFO - Processing /opt/airflow/dags/cell_kpi_hourly_anomaly.py took 0.087 seconds
[2026-08-21T06:58:03.682+0000] {processor.py:161} INFO - Started process (PID=450) to work on /opt/airflow/dags/cell_kpi_hourly_anomaly.py
[2026-08-21T06:58:03.683+0000] {processor.py:830} INFO - Processing file /opt/airflow/dags/cell_kpi_hourly_anomaly.py for tasks to queue
[2026-08-21T06:58:03.685+0000] {logging_mixin.py:188} INFO - [2026-08-21T06:58:03.685+0000] {dagbag.py:545} INFO - Filling up the DagBag from /opt/airflow/dags/cell_kpi_hourly_anomaly.py
[2026-08-21T06:58:03.707+0000] {processor.py:840} INFO - DAG(s) 'cell_kpi_hourly_anomaly_pipeline' retrieved from /opt/airflow/dags/cell_kpi_hourly_anomaly.py
[2026-08-21T06:58:03.719+0000] {logging_mixin.py:188} INFO - [2026-08-21T06:58:03.718+0000] {dag.py:3096} INFO - Sync 1 DAGs
[2026-08-21T06:58:03.753+0000] {processor.py:183} INFO - Processing /opt/airflow/dags/cell_kpi_hourly_anomaly.py took 0.077 seconds
[2026-08-21T06:58:33.903+0000] {processor.py:161} INFO - Started process (PID=460) to work on /opt/airflow/dags/cell_kpi_hourly_anomaly.py
[2026-08-21T06:58:33.904+0000] {processor.py:830} INFO - Processing file /opt/airflow/dags/cell_kpi_hourly_anomaly.py for tasks to queue
[2026-08-21T06:58:33.905+0000] {logging_mixin.py:188} INFO - [2026-08-21T06:58:33.905+0000] {dagbag.py:545} INFO - Filling up the DagBag from /opt/airflow/dags/cell_kpi_hourly_anomaly.py
[2026-08-21T06:58:33.932+0000] {processor.py:840} INFO - DAG(s) 'cell_kpi_hourly_anomaly_pipeline' retrieved from /opt/airflow/dags/cell_kpi_hourly_anomaly.py
[2026-08-21T06:58:33.944+0000] {logging_mixin.py:188} INFO - [2026-08-21T06:58:33.944+0000] {dag.py:3096} INFO - Sync 1 DAGs
[2026-08-21T06:58:33.977+0000] {processor.py:183} INFO - Processing /opt/airflow/dags/cell_kpi_hourly_anomaly.py took 0.079 seconds
[2026-08-21T06:59:04.109+0000] {processor.py:161} INFO - Started process (PID=470) to work on /opt/airflow/dags/cell_kpi_hourly_anomaly.py
[2026-08-21T06:59:04.110+0000] {processor.py:830} INFO - Processing file /opt/airflow/dags/cell_kpi_hourly_anomaly.py for tasks to queue
[2026-08-21T06:59:04.111+0000] {logging_mixin.py:188} INFO - [2026-08-21T06:59:04.111+0000] {dagbag.py:545} INFO - Filling up the DagBag from /opt/airflow/dags/cell_kpi_hourly_anomaly.py
[2026-08-21T06:59:04.136+0000] {processor.py:840} INFO - DAG(s) 'cell_kpi_hourly_anomaly_pipeline' retrieved from /opt/airflow/dags/cell_kpi_hourly_anomaly.py
[2026-08-21T06:59:04.152+0000] {logging_mixin.py:188} INFO - [2026-08-21T06:59:04.152+0000] {dag.py:3096} INFO - Sync 1 DAGs
[2026-08-21T06:59:04.183+0000] {processor.py:183} INFO - Processing /opt/airflow/dags/cell_kpi_hourly_anomaly.py took 0.080 seconds
[2026-08-21T06:59:34.318+0000] {processor.py:161} INFO - Started process (PID=480) to work on /opt/airflow/dags/cell_kpi_hourly_anomaly.py
[2026-08-21T06:59:34.319+0000] {processor.py:830} INFO - Processing file /opt/airflow/dags/cell_kpi_hourly_anomaly.py for tasks to queue
[2026-08-21T06:59:34.321+0000] {logging_mixin.py:188} INFO - [2026-08-21T06:59:34.321+0000] {dagbag.py:545} INFO - Filling up the DagBag from /opt/airflow/dags/cell_kpi_hourly_anomaly.py
[2026-08-21T06:59:34.346+0000] {processor.py:840} INFO - DAG(s) 'cell_kpi_hourly_anomaly_pipeline' retrieved from /opt/airflow/dags/cell_kpi_hourly_anomaly.py
[2026-08-21T06:59:34.363+0000] {logging_mixin.py:188} INFO - [2026-08-21T06:59:34.363+0000] {dag.py:3096} INFO - Sync 1 DAGs
[2026-08-21T06:59:34.402+0000] {processor.py:183} INFO - Processing /opt/airflow/dags/cell_kpi_hourly_anomaly.py took 0.090 seconds
[2026-08-21T07:00:04.535+0000] {processor.py:161} INFO - Started process (PID=490) to work on /opt/airflow/dags/cell_kpi_hourly_anomaly.py
[2026-08-21T07:00:04.536+0000] {processor.py:830} INFO - Processing file /opt/airflow/dags/cell_kpi_hourly_anomaly.py for tasks to queue
[2026-08-21T07:00:04.538+0000] {logging_mixin.py:188} INFO - [2026-08-21T07:00:04.537+0000] {dagbag.py:545} INFO - Filling up the DagBag from /opt/airflow/dags/cell_kpi_hourly_anomaly.py
[2026-08-21T07:00:04.561+0000] {processor.py:840} INFO - DAG(s) 'cell_kpi_hourly_anomaly_pipeline' retrieved from /opt/airflow/dags/cell_kpi_hourly_anomaly.py
[2026-08-21T07:00:04.575+0000] {logging_mixin.py:188} INFO - [2026-08-21T07:00:04.574+0000] {dag.py:3096} INFO - Sync 1 DAGs
[2026-08-21T07:00:04.608+0000] {processor.py:183} INFO - Processing /opt/airflow/dags/cell_kpi_hourly_anomaly.py took 0.079 seconds
[2026-08-21T07:00:34.744+0000] {processor.py:161} INFO - Started process (PID=500) to work on /opt/airflow/dags/cell_kpi_hourly_anomaly.py
[2026-08-21T07:00:34.745+0000] {processor.py:830} INFO - Processing file /opt/airflow/dags/cell_kpi_hourly_anomaly.py for tasks to queue
[2026-08-21T07:00:34.747+0000] {logging_mixin.py:188} INFO - [2026-08-21T07:00:34.747+0000] {dagbag.py:545} INFO - Filling up the DagBag from /opt/airflow/dags/cell_kpi_hourly_anomaly.py
[2026-08-21T07:00:34.773+0000] {processor.py:840} INFO - DAG(s) 'cell_kpi_hourly_anomaly_pipeline' retrieved from /opt/airflow/dags/cell_kpi_hourly_anomaly.py
[2026-08-21T07:00:34.785+0000] {logging_mixin.py:188} INFO - [2026-08-21T07:00:34.785+0000] {dag.py:3096} INFO - Sync 1 DAGs
[2026-08-21T07:00:34.818+0000] {processor.py:183} INFO - Processing /opt/airflow/dags/cell_kpi_hourly_anomaly.py took 0.079 seconds
[2026-08-21T07:01:04.957+0000] {processor.py:161} INFO - Started process (PID=510) to work on /opt/airflow/dags/cell_kpi_hourly_anomaly.py
[2026-08-21T07:01:04.958+0000] {processor.py:830} INFO - Processing file /opt/airflow/dags/cell_kpi_hourly_anomaly.py for tasks to queue
[2026-08-21T07:01:04.960+0000] {logging_mixin.py:188} INFO - [2026-08-21T07:01:04.960+0000] {dagbag.py:545} INFO - Filling up the DagBag from /opt/airflow/dags/cell_kpi_hourly_anomaly.py
[2026-08-21T07:01:04.986+0000] {processor.py:840} INFO - DAG(s) 'cell_kpi_hourly_anomaly_pipeline' retrieved from /opt/airflow/dags/cell_kpi_hourly_anomaly.py
[2026-08-21T07:01:04.999+0000] {logging_mixin.py:188} INFO - [2026-08-21T07:01:04.999+0000] {dag.py:3096} INFO - Sync 1 DAGs
[2026-08-21T07:01:05.036+0000] {processor.py:183} INFO - Processing /opt/airflow/dags/cell_kpi_hourly_anomaly.py took 0.085 seconds
[2026-08-21T07:01:35.171+0000] {processor.py:161} INFO - Started process (PID=520) to work on /opt/airflow/dags/cell_kpi_hourly_anomaly.py
[2026-08-21T07:01:35.172+0000] {processor.py:830} INFO - Processing file /opt/airflow/dags/cell_kpi_hourly_anomaly.py for tasks to queue
[2026-08-21T07:01:35.173+0000] {logging_mixin.py:188} INFO - [2026-08-21T07:01:35.173+0000] {dagbag.py:545} INFO - Filling up the DagBag from /opt/airflow/dags/cell_kpi_hourly_anomaly.py
[2026-08-21T07:01:35.197+0000] {processor.py:840} INFO - DAG(s) 'cell_kpi_hourly_anomaly_pipeline' retrieved from /opt/airflow/dags/cell_kpi_hourly_anomaly.py
[2026-08-21T07:01:35.210+0000] {logging_mixin.py:188} INFO - [2026-08-21T07:01:35.210+0000] {dag.py:3096} INFO - Sync 1 DAGs
[2026-08-21T07:01:35.241+0000] {processor.py:183} INFO - Processing /opt/airflow/dags/cell_kpi_hourly_anomaly.py took 0.077 seconds
[2026-08-21T07:02:05.376+0000] {processor.py:161} INFO - Started process (PID=530) to work on /opt/airflow/dags/cell_kpi_hourly_anomaly.py
[2026-08-21T07:02:05.377+0000] {processor.py:830} INFO - Processing file /opt/airflow/dags/cell_kpi_hourly_anomaly.py for tasks to queue
[2026-08-21T07:02:05.378+0000] {logging_mixin.py:188} INFO - [2026-08-21T07:02:05.378+0000] {dagbag.py:545} INFO - Filling up the DagBag from /opt/airflow/dags/cell_kpi_hourly_anomaly.py
[2026-08-21T07:02:05.400+0000] {processor.py:840} INFO - DAG(s) 'cell_kpi_hourly_anomaly_pipeline' retrieved from /opt/airflow/dags/cell_kpi_hourly_anomaly.py
[2026-08-21T07:02:05.412+0000] {logging_mixin.py:188} INFO - [2026-08-21T07:02:05.412+0000] {dag.py:3096} INFO - Sync 1 DAGs
[2026-08-21T07:02:05.443+0000] {processor.py:183} INFO - Processing /opt/airflow/dags/cell_kpi_hourly_anomaly.py took 0.073 seconds
[2026-08-21T07:02:35.590+0000] {processor.py:161} INFO - Started process (PID=540) to work on /opt/airflow/dags/cell_kpi_hourly_anomaly.py
[2026-08-21T07:02:35.591+0000] {processor.py:830} INFO - Processing file /opt/airflow/dags/cell_kpi_hourly_anomaly.py for tasks to queue
[2026-08-21T07:02:35.594+0000] {logging_mixin.py:188} INFO - [2026-08-21T07:02:35.593+0000] {dagbag.py:545} INFO - Filling up the DagBag from /opt/airflow/dags/cell_kpi_hourly_anomaly.py
[2026-08-21T07:02:35.624+0000] {processor.py:840} INFO - DAG(s) 'cell_kpi_hourly_anomaly_pipeline' retrieved from /opt/airflow/dags/cell_kpi_hourly_anomaly.py
[2026-08-21T07:02:35.638+0000] {logging_mixin.py:188} INFO - [2026-08-21T07:02:35.638+0000] {dag.py:3096} INFO - Sync 1 DAGs
[2026-08-21T07:02:35.675+0000] {processor.py:183} INFO - Processing /opt/airflow/dags/cell_kpi_hourly_anomaly.py took 0.093 seconds
[2026-08-21T07:03:05.814+0000] {processor.py:161} INFO - Started process (PID=550) to work on /opt/airflow/dags/cell_kpi_hourly_anomaly.py
[2026-08-21T07:03:05.815+0000] {processor.py:830} INFO - Processing file /opt/airflow/dags/cell_kpi_hourly_anomaly.py for tasks to queue
[2026-08-21T07:03:05.816+0000] {logging_mixin.py:188} INFO - [2026-08-21T07:03:05.816+0000] {dagbag.py:545} INFO - Filling up the DagBag from /opt/airflow/dags/cell_kpi_hourly_anomaly.py
[2026-08-21T07:03:05.842+0000] {processor.py:840} INFO - DAG(s) 'cell_kpi_hourly_anomaly_pipeline' retrieved from /opt/airflow/dags/cell_kpi_hourly_anomaly.py
[2026-08-21T07:03:05.859+0000] {logging_mixin.py:188} INFO - [2026-08-21T07:03:05.858+0000] {dag.py:3096} INFO - Sync 1 DAGs
[2026-08-21T07:03:05.898+0000] {processor.py:183} INFO - Processing /opt/airflow/dags/cell_kpi_hourly_anomaly.py took 0.090 seconds
[2026-08-21T07:03:36.047+0000] {processor.py:161} INFO - Started process (PID=560) to work on /opt/airflow/dags/cell_kpi_hourly_anomaly.py
[2026-08-21T07:03:36.048+0000] {processor.py:830} INFO - Processing file /opt/airflow/dags/cell_kpi_hourly_anomaly.py for tasks to queue
[2026-08-21T07:03:36.049+0000] {logging_mixin.py:188} INFO - [2026-08-21T07:03:36.049+0000] {dagbag.py:545} INFO - Filling up the DagBag from /opt/airflow/dags/cell_kpi_hourly_anomaly.py
[2026-08-21T07:03:36.072+0000] {processor.py:840} INFO - DAG(s) 'cell_kpi_hourly_anomaly_pipeline' retrieved from /opt/airflow/dags/cell_kpi_hourly_anomaly.py
[2026-08-21T07:03:36.085+0000] {logging_mixin.py:188} INFO - [2026-08-21T07:03:36.084+0000] {dag.py:3096} INFO - Sync 1 DAGs
[2026-08-21T07:03:36.122+0000] {processor.py:183} INFO - Processing /opt/airflow/dags/cell_kpi_hourly_anomaly.py took 0.082 seconds
[2026-08-21T07:04:06.258+0000] {processor.py:161} INFO - Started process (PID=570) to work on /opt/airflow/dags/cell_kpi_hourly_anomaly.py
[2026-08-21T07:04:06.259+0000] {processor.py:830} INFO - Processing file /opt/airflow/dags/cell_kpi_hourly_anomaly.py for tasks to queue
[2026-08-21T07:04:06.261+0000] {logging_mixin.py:188} INFO - [2026-08-21T07:04:06.260+0000] {dagbag.py:545} INFO - Filling up the DagBag from /opt/airflow/dags/cell_kpi_hourly_anomaly.py
[2026-08-21T07:04:06.285+0000] {processor.py:840} INFO - DAG(s) 'cell_kpi_hourly_anomaly_pipeline' retrieved from /opt/airflow/dags/cell_kpi_hourly_anomaly.py
[2026-08-21T07:04:06.298+0000] {logging_mixin.py:188} INFO - [2026-08-21T07:04:06.298+0000] {dag.py:3096} INFO - Sync 1 DAGs
[2026-08-21T07:04:06.334+0000] {processor.py:183} INFO - Processing /opt/airflow/dags/cell_kpi_hourly_anomaly.py took 0.082 seconds
[2026-08-21T07:04:36.471+0000] {processor.py:161} INFO - Started process (PID=580) to work on /opt/airflow/dags/cell_kpi_hourly_anomaly.py
[2026-08-21T07:04:36.472+0000] {processor.py:830} INFO - Processing file /opt/airflow/dags/cell_kpi_hourly_anomaly.py for tasks to queue
[2026-08-21T07:04:36.474+0000] {logging_mixin.py:188} INFO - [2026-08-21T07:04:36.473+0000] {dagbag.py:545} INFO - Filling up the DagBag from /opt/airflow/dags/cell_kpi_hourly_anomaly.py
[2026-08-21T07:04:36.499+0000] {processor.py:840} INFO - DAG(s) 'cell_kpi_hourly_anomaly_pipeline' retrieved from /opt/airflow/dags/cell_kpi_hourly_anomaly.py
[2026-08-21T07:04:36.513+0000] {logging_mixin.py:188} INFO - [2026-08-21T07:04:36.513+0000] {dag.py:3096} INFO - Sync 1 DAGs
[2026-08-21T07:04:36.545+0000] {processor.py:183} INFO - Processing /opt/airflow/dags/cell_kpi_hourly_anomaly.py took 0.081 seconds
[2026-08-21T07:05:06.680+0000] {processor.py:161} INFO - Started process (PID=590) to work on /opt/airflow/dags/cell_kpi_hourly_anomaly.py
[2026-08-21T07:05:06.681+0000] {processor.py:830} INFO - Processing file /opt/airflow/dags/cell_kpi_hourly_anomaly.py for tasks to queue
[2026-08-21T07:05:06.683+0000] {logging_mixin.py:188} INFO - [2026-08-21T07:05:06.683+0000] {dagbag.py:545} INFO - Filling up the DagBag from /opt/airflow/dags/cell_kpi_hourly_anomaly.py
[2026-08-21T07:05:06.708+0000] {processor.py:840} INFO - DAG(s) 'cell_kpi_hourly_anomaly_pipeline' retrieved from /opt/airflow/dags/cell_kpi_hourly_anomaly.py
[2026-08-21T07:05:06.724+0000] {logging_mixin.py:188} INFO - [2026-08-21T07:05:06.724+0000] {dag.py:3096} INFO - Sync 1 DAGs
[2026-08-21T07:05:06.761+0000] {processor.py:183} INFO - Processing /opt/airflow/dags/cell_kpi_hourly_anomaly.py took 0.088 seconds
[2026-08-21T07:05:36.894+0000] {processor.py:161} INFO - Started process (PID=600) to work on /opt/airflow/dags/cell_kpi_hourly_anomaly.py
[2026-08-21T07:05:36.895+0000] {processor.py:830} INFO - Processing file /opt/airflow/dags/cell_kpi_hourly_anomaly.py for tasks to queue
[2026-08-21T07:05:36.897+0000] {logging_mixin.py:188} INFO - [2026-08-21T07:05:36.896+0000] {dagbag.py:545} INFO - Filling up the DagBag from /opt/airflow/dags/cell_kpi_hourly_anomaly.py
[2026-08-21T07:05:36.919+0000] {processor.py:840} INFO - DAG(s) 'cell_kpi_hourly_anomaly_pipeline' retrieved from /opt/airflow/dags/cell_kpi_hourly_anomaly.py
[2026-08-21T07:05:36.934+0000] {logging_mixin.py:188} INFO - [2026-08-21T07:05:36.934+0000] {dag.py:3096} INFO - Sync 1 DAGs
[2026-08-21T07:05:36.970+0000] {processor.py:183} INFO - Processing /opt/airflow/dags/cell_kpi_hourly_anomaly.py took 0.082 seconds
[2026-08-21T07:06:07.110+0000] {processor.py:161} INFO - Started process (PID=610) to work on /opt/airflow/dags/cell_kpi_hourly_anomaly.py
[2026-08-21T07:06:07.111+0000] {processor.py:830} INFO - Processing file /opt/airflow/dags/cell_kpi_hourly_anomaly.py for tasks to queue
[2026-08-21T07:06:07.113+0000] {logging_mixin.py:188} INFO - [2026-08-21T07:06:07.112+0000] {dagbag.py:545} INFO - Filling up the DagBag from /opt/airflow/dags/cell_kpi_hourly_anomaly.py
[2026-08-21T07:06:07.138+0000] {processor.py:840} INFO - DAG(s) 'cell_kpi_hourly_anomaly_pipeline' retrieved from /opt/airflow/dags/cell_kpi_hourly_anomaly.py
[2026-08-21T07:06:07.151+0000] {logging_mixin.py:188} INFO - [2026-08-21T07:06:07.151+0000] {dag.py:3096} INFO - Sync 1 DAGs
[2026-08-21T07:06:07.188+0000] {processor.py:183} INFO - Processing /opt/airflow/dags/cell_kpi_hourly_anomaly.py took 0.086 seconds
[2026-08-21T07:06:37.327+0000] {processor.py:161} INFO - Started process (PID=620) to work on /opt/airflow/dags/cell_kpi_hourly_anomaly.py
[2026-08-21T07:06:37.328+0000] {processor.py:830} INFO - Processing file /opt/airflow/dags/cell_kpi_hourly_anomaly.py for tasks to queue
[2026-08-21T07:06:37.332+0000] {logging_mixin.py:188} INFO - [2026-08-21T07:06:37.329+0000] {dagbag.py:545} INFO - Filling up the DagBag from /opt/airflow/dags/cell_kpi_hourly_anomaly.py
[2026-08-21T07:06:37.360+0000] {processor.py:840} INFO - DAG(s) 'cell_kpi_hourly_anomaly_pipeline' retrieved from /opt/airflow/dags/cell_kpi_hourly_anomaly.py
[2026-08-21T07:06:37.376+0000] {logging_mixin.py:188} INFO - [2026-08-21T07:06:37.376+0000] {dag.py:3096} INFO - Sync 1 DAGs
[2026-08-21T07:06:37.416+0000] {processor.py:183} INFO - Processing /opt/airflow/dags/cell_kpi_hourly_anomaly.py took 0.095 seconds
[2026-08-21T07:07:07.549+0000] {processor.py:161} INFO - Started process (PID=630) to work on /opt/airflow/dags/cell_kpi_hourly_anomaly.py
[2026-08-21T07:07:07.550+0000] {processor.py:830} INFO - Processing file /opt/airflow/dags/cell_kpi_hourly_anomaly.py for tasks to queue
[2026-08-21T07:07:07.552+0000] {logging_mixin.py:188} INFO - [2026-08-21T07:07:07.551+0000] {dagbag.py:545} INFO - Filling up the DagBag from /opt/airflow/dags/cell_kpi_hourly_anomaly.py
[2026-08-21T07:07:07.577+0000] {processor.py:840} INFO - DAG(s) 'cell_kpi_hourly_anomaly_pipeline' retrieved from /opt/airflow/dags/cell_kpi_hourly_anomaly.py
[2026-08-21T07:07:07.589+0000] {logging_mixin.py:188} INFO - [2026-08-21T07:07:07.589+0000] {dag.py:3096} INFO - Sync 1 DAGs
[2026-08-21T07:07:07.626+0000] {processor.py:183} INFO - Processing /opt/airflow/dags/cell_kpi_hourly_anomaly.py took 0.084 seconds
[2026-08-21T07:07:37.765+0000] {processor.py:161} INFO - Started process (PID=640) to work on /opt/airflow/dags/cell_kpi_hourly_anomaly.py
[2026-08-21T07:07:37.766+0000] {processor.py:830} INFO - Processing file /opt/airflow/dags/cell_kpi_hourly_anomaly.py for tasks to queue
[2026-08-21T07:07:37.768+0000] {logging_mixin.py:188} INFO - [2026-08-21T07:07:37.767+0000] {dagbag.py:545} INFO - Filling up the DagBag from /opt/airflow/dags/cell_kpi_hourly_anomaly.py
[2026-08-21T07:07:37.789+0000] {processor.py:840} INFO - DAG(s) 'cell_kpi_hourly_anomaly_pipeline' retrieved from /opt/airflow/dags/cell_kpi_hourly_anomaly.py
[2026-08-21T07:07:37.801+0000] {logging_mixin.py:188} INFO - [2026-08-21T07:07:37.801+0000] {dag.py:3096} INFO - Sync 1 DAGs
[2026-08-21T07:07:37.837+0000] {processor.py:183} INFO - Processing /opt/airflow/dags/cell_kpi_hourly_anomaly.py took 0.079 seconds
[2026-08-21T07:08:07.975+0000] {processor.py:161} INFO - Started process (PID=650) to work on /opt/airflow/dags/cell_kpi_hourly_anomaly.py
[2026-08-21T07:08:07.976+0000] {processor.py:830} INFO - Processing file /opt/airflow/dags/cell_kpi_hourly_anomaly.py for tasks to queue
[2026-08-21T07:08:07.978+0000] {logging_mixin.py:188} INFO - [2026-08-21T07:08:07.978+0000] {dagbag.py:545} INFO - Filling up the DagBag from /opt/airflow/dags/cell_kpi_hourly_anomaly.py
[2026-08-21T07:08:08.005+0000] {processor.py:840} INFO - DAG(s) 'cell_kpi_hourly_anomaly_pipeline' retrieved from /opt/airflow/dags/cell_kpi_hourly_anomaly.py
[2026-08-21T07:08:08.021+0000] {logging_mixin.py:188} INFO - [2026-08-21T07:08:08.021+0000] {dag.py:3096} INFO - Sync 1 DAGs
[2026-08-21T07:08:08.059+0000] {processor.py:183} INFO - Processing /opt/airflow/dags/cell_kpi_hourly_anomaly.py took 0.090 seconds
[2026-08-21T07:08:38.203+0000] {processor.py:161} INFO - Started process (PID=660) to work on /opt/airflow/dags/cell_kpi_hourly_anomaly.py
[2026-08-21T07:08:38.204+0000] {processor.py:830} INFO - Processing file /opt/airflow/dags/cell_kpi_hourly_anomaly.py for tasks to queue
[2026-08-21T07:08:38.206+0000] {logging_mixin.py:188} INFO - [2026-08-21T07:08:38.206+0000] {dagbag.py:545} INFO - Filling up the DagBag from /opt/airflow/dags/cell_kpi_hourly_anomaly.py
[2026-08-21T07:08:38.232+0000] {processor.py:840} INFO - DAG(s) 'cell_kpi_hourly_anomaly_pipeline' retrieved from /opt/airflow/dags/cell_kpi_hourly_anomaly.py
[2026-08-21T07:08:38.247+0000] {logging_mixin.py:188} INFO - [2026-08-21T07:08:38.247+0000] {dag.py:3096} INFO - Sync 1 DAGs
[2026-08-21T07:08:38.280+0000] {processor.py:183} INFO - Processing /opt/airflow/dags/cell_kpi_hourly_anomaly.py took 0.081 seconds
[2026-08-21T07:09:08.413+0000] {processor.py:161} INFO - Started process (PID=670) to work on /opt/airflow/dags/cell_kpi_hourly_anomaly.py
[2026-08-21T07:09:08.414+0000] {processor.py:830} INFO - Processing file /opt/airflow/dags/cell_kpi_hourly_anomaly.py for tasks to queue
[2026-08-21T07:09:08.415+0000] {logging_mixin.py:188} INFO - [2026-08-21T07:09:08.415+0000] {dagbag.py:545} INFO - Filling up the DagBag from /opt/airflow/dags/cell_kpi_hourly_anomaly.py
[2026-08-21T07:09:08.440+0000] {processor.py:840} INFO - DAG(s) 'cell_kpi_hourly_anomaly_pipeline' retrieved from /opt/airflow/dags/cell_kpi_hourly_anomaly.py
[2026-08-21T07:09:08.457+0000] {logging_mixin.py:188} INFO - [2026-08-21T07:09:08.457+0000] {dag.py:3096} INFO - Sync 1 DAGs
[2026-08-21T07:09:08.496+0000] {processor.py:183} INFO - Processing /opt/airflow/dags/cell_kpi_hourly_anomaly.py took 0.090 seconds
[2026-08-21T07:09:38.633+0000] {processor.py:161} INFO - Started process (PID=680) to work on /opt/airflow/dags/cell_kpi_hourly_anomaly.py
[2026-08-21T07:09:38.634+0000] {processor.py:830} INFO - Processing file /opt/airflow/dags/cell_kpi_hourly_anomaly.py for tasks to queue
[2026-08-21T07:09:38.636+0000] {logging_mixin.py:188} INFO - [2026-08-21T07:09:38.636+0000] {dagbag.py:545} INFO - Filling up the DagBag from /opt/airflow/dags/cell_kpi_hourly_anomaly.py
[2026-08-21T07:09:38.661+0000] {processor.py:840} INFO - DAG(s) 'cell_kpi_hourly_anomaly_pipeline' retrieved from /opt/airflow/dags/cell_kpi_hourly_anomaly.py
[2026-08-21T07:09:38.677+0000] {logging_mixin.py:188} INFO - [2026-08-21T07:09:38.677+0000] {dag.py:3096} INFO - Sync 1 DAGs
[2026-08-21T07:09:38.719+0000] {processor.py:183} INFO - Processing /opt/airflow/dags/cell_kpi_hourly_anomaly.py took 0.092 seconds
[2026-08-21T07:10:08.858+0000] {processor.py:161} INFO - Started process (PID=690) to work on /opt/airflow/dags/cell_kpi_hourly_anomaly.py
[2026-08-21T07:10:08.859+0000] {processor.py:830} INFO - Processing file /opt/airflow/dags/cell_kpi_hourly_anomaly.py for tasks to queue
[2026-08-21T07:10:08.861+0000] {logging_mixin.py:188} INFO - [2026-08-21T07:10:08.861+0000] {dagbag.py:545} INFO - Filling up the DagBag from /opt/airflow/dags/cell_kpi_hourly_anomaly.py
[2026-08-21T07:10:08.885+0000] {processor.py:840} INFO - DAG(s) 'cell_kpi_hourly_anomaly_pipeline' retrieved from /opt/airflow/dags/cell_kpi_hourly_anomaly.py
[2026-08-21T07:10:08.898+0000] {logging_mixin.py:188} INFO - [2026-08-21T07:10:08.897+0000] {dag.py:3096} INFO - Sync 1 DAGs
[2026-08-21T07:10:08.932+0000] {processor.py:183} INFO - Processing /opt/airflow/dags/cell_kpi_hourly_anomaly.py took 0.078 seconds
[2026-08-21T07:10:39.066+0000] {processor.py:161} INFO - Started process (PID=700) to work on /opt/airflow/dags/cell_kpi_hourly_anomaly.py
[2026-08-21T07:10:39.067+0000] {processor.py:830} INFO - Processing file /opt/airflow/dags/cell_kpi_hourly_anomaly.py for tasks to queue
[2026-08-21T07:10:39.069+0000] {logging_mixin.py:188} INFO - [2026-08-21T07:10:39.069+0000] {dagbag.py:545} INFO - Filling up the DagBag from /opt/airflow/dags/cell_kpi_hourly_anomaly.py
[2026-08-21T07:10:39.094+0000] {processor.py:840} INFO - DAG(s) 'cell_kpi_hourly_anomaly_pipeline' retrieved from /opt/airflow/dags/cell_kpi_hourly_anomaly.py
[2026-08-21T07:10:39.108+0000] {logging_mixin.py:188} INFO - [2026-08-21T07:10:39.108+0000] {dag.py:3096} INFO - Sync 1 DAGs
[2026-08-21T07:10:39.141+0000] {processor.py:183} INFO - Processing /opt/airflow/dags/cell_kpi_hourly_anomaly.py took 0.080 seconds
[2026-08-21T07:11:09.275+0000] {processor.py:161} INFO - Started process (PID=710) to work on /opt/airflow/dags/cell_kpi_hourly_anomaly.py
[2026-08-21T07:11:09.276+0000] {processor.py:830} INFO - Processing file /opt/airflow/dags/cell_kpi_hourly_anomaly.py for tasks to queue
[2026-08-21T07:11:09.277+0000] {logging_mixin.py:188} INFO - [2026-08-21T07:11:09.277+0000] {dagbag.py:545} INFO - Filling up the DagBag from /opt/airflow/dags/cell_kpi_hourly_anomaly.py
[2026-08-21T07:11:09.301+0000] {processor.py:840} INFO - DAG(s) 'cell_kpi_hourly_anomaly_pipeline' retrieved from /opt/airflow/dags/cell_kpi_hourly_anomaly.py
[2026-08-21T07:11:09.313+0000] {logging_mixin.py:188} INFO - [2026-08-21T07:11:09.313+0000] {dag.py:3096} INFO - Sync 1 DAGs
[2026-08-21T07:11:09.347+0000] {processor.py:183} INFO - Processing /opt/airflow/dags/cell_kpi_hourly_anomaly.py took 0.077 seconds
[2026-08-21T07:11:39.492+0000] {processor.py:161} INFO - Started process (PID=720) to work on /opt/airflow/dags/cell_kpi_hourly_anomaly.py
[2026-08-21T07:11:39.493+0000] {processor.py:830} INFO - Processing file /opt/airflow/dags/cell_kpi_hourly_anomaly.py for tasks to queue
[2026-08-21T07:11:39.494+0000] {logging_mixin.py:188} INFO - [2026-08-21T07:11:39.494+0000] {dagbag.py:545} INFO - Filling up the DagBag from /opt/airflow/dags/cell_kpi_hourly_anomaly.py
[2026-08-21T07:11:39.519+0000] {processor.py:840} INFO - DAG(s) 'cell_kpi_hourly_anomaly_pipeline' retrieved from /opt/airflow/dags/cell_kpi_hourly_anomaly.py
[2026-08-21T07:11:39.531+0000] {logging_mixin.py:188} INFO - [2026-08-21T07:11:39.531+0000] {dag.py:3096} INFO - Sync 1 DAGs
[2026-08-21T07:11:39.563+0000] {processor.py:183} INFO - Processing /opt/airflow/dags/cell_kpi_hourly_anomaly.py took 0.078 seconds
[2026-08-21T07:12:09.709+0000] {processor.py:161} INFO - Started process (PID=730) to work on /opt/airflow/dags/cell_kpi_hourly_anomaly.py
[2026-08-21T07:12:09.710+0000] {processor.py:830} INFO - Processing file /opt/airflow/dags/cell_kpi_hourly_anomaly.py for tasks to queue
[2026-08-21T07:12:09.712+0000] {logging_mixin.py:188} INFO - [2026-08-21T07:12:09.712+0000] {dagbag.py:545} INFO - Filling up the DagBag from /opt/airflow/dags/cell_kpi_hourly_anomaly.py
[2026-08-21T07:12:09.739+0000] {processor.py:840} INFO - DAG(s) 'cell_kpi_hourly_anomaly_pipeline' retrieved from /opt/airflow/dags/cell_kpi_hourly_anomaly.py
[2026-08-21T07:12:09.751+0000] {logging_mixin.py:188} INFO - [2026-08-21T07:12:09.751+0000] {dag.py:3096} INFO - Sync 1 DAGs
[2026-08-21T07:12:09.785+0000] {processor.py:183} INFO - Processing /opt/airflow/dags/cell_kpi_hourly_anomaly.py took 0.085 seconds
[2026-08-21T07:12:39.920+0000] {processor.py:161} INFO - Started process (PID=740) to work on /opt/airflow/dags/cell_kpi_hourly_anomaly.py
[2026-08-21T07:12:39.921+0000] {processor.py:830} INFO - Processing file /opt/airflow/dags/cell_kpi_hourly_anomaly.py for tasks to queue
[2026-08-21T07:12:39.923+0000] {logging_mixin.py:188} INFO - [2026-08-21T07:12:39.922+0000] {dagbag.py:545} INFO - Filling up the DagBag from /opt/airflow/dags/cell_kpi_hourly_anomaly.py
[2026-08-21T07:12:39.947+0000] {processor.py:840} INFO - DAG(s) 'cell_kpi_hourly_anomaly_pipeline' retrieved from /opt/airflow/dags/cell_kpi_hourly_anomaly.py
[2026-08-21T07:12:39.960+0000] {logging_mixin.py:188} INFO - [2026-08-21T07:12:39.960+0000] {dag.py:3096} INFO - Sync 1 DAGs
[2026-08-21T07:12:39.995+0000] {processor.py:183} INFO - Processing /opt/airflow/dags/cell_kpi_hourly_anomaly.py took 0.080 seconds
[2026-08-21T07:13:10.131+0000] {processor.py:161} INFO - Started process (PID=750) to work on /opt/airflow/dags/cell_kpi_hourly_anomaly.py
[2026-08-21T07:13:10.132+0000] {processor.py:830} INFO - Processing file /opt/airflow/dags/cell_kpi_hourly_anomaly.py for tasks to queue
[2026-08-21T07:13:10.134+0000] {logging_mixin.py:188} INFO - [2026-08-21T07:13:10.133+0000] {dagbag.py:545} INFO - Filling up the DagBag from /opt/airflow/dags/cell_kpi_hourly_anomaly.py
[2026-08-21T07:13:10.158+0000] {processor.py:840} INFO - DAG(s) 'cell_kpi_hourly_anomaly_pipeline' retrieved from /opt/airflow/dags/cell_kpi_hourly_anomaly.py
[2026-08-21T07:13:10.175+0000] {logging_mixin.py:188} INFO - [2026-08-21T07:13:10.174+0000] {dag.py:3096} INFO - Sync 1 DAGs
[2026-08-21T07:13:10.212+0000] {processor.py:183} INFO - Processing /opt/airflow/dags/cell_kpi_hourly_anomaly.py took 0.088 seconds
[2026-08-21T07:13:40.360+0000] {processor.py:161} INFO - Started process (PID=760) to work on /opt/airflow/dags/cell_kpi_hourly_anomaly.py
[2026-08-21T07:13:40.361+0000] {processor.py:830} INFO - Processing file /opt/airflow/dags/cell_kpi_hourly_anomaly.py for tasks to queue
[2026-08-21T07:13:40.363+0000] {logging_mixin.py:188} INFO - [2026-08-21T07:13:40.362+0000] {dagbag.py:545} INFO - Filling up the DagBag from /opt/airflow/dags/cell_kpi_hourly_anomaly.py
[2026-08-21T07:13:40.393+0000] {processor.py:840} INFO - DAG(s) 'cell_kpi_hourly_anomaly_pipeline' retrieved from /opt/airflow/dags/cell_kpi_hourly_anomaly.py
[2026-08-21T07:13:40.407+0000] {logging_mixin.py:188} INFO - [2026-08-21T07:13:40.407+0000] {dag.py:3096} INFO - Sync 1 DAGs
[2026-08-21T07:13:40.438+0000] {processor.py:183} INFO - Processing /opt/airflow/dags/cell_kpi_hourly_anomaly.py took 0.084 seconds
[2026-08-21T07:14:10.574+0000] {processor.py:161} INFO - Started process (PID=770) to work on /opt/airflow/dags/cell_kpi_hourly_anomaly.py
[2026-08-21T07:14:10.575+0000] {processor.py:830} INFO - Processing file /opt/airflow/dags/cell_kpi_hourly_anomaly.py for tasks to queue
[2026-08-21T07:14:10.577+0000] {logging_mixin.py:188} INFO - [2026-08-21T07:14:10.576+0000] {dagbag.py:545} INFO - Filling up the DagBag from /opt/airflow/dags/cell_kpi_hourly_anomaly.py
[2026-08-21T07:14:10.603+0000] {processor.py:840} INFO - DAG(s) 'cell_kpi_hourly_anomaly_pipeline' retrieved from /opt/airflow/dags/cell_kpi_hourly_anomaly.py
[2026-08-21T07:14:10.616+0000] {logging_mixin.py:188} INFO - [2026-08-21T07:14:10.616+0000] {dag.py:3096} INFO - Sync 1 DAGs
[2026-08-21T07:14:10.650+0000] {processor.py:183} INFO - Processing /opt/airflow/dags/cell_kpi_hourly_anomaly.py took 0.082 seconds
[2026-08-21T07:14:40.790+0000] {processor.py:161} INFO - Started process (PID=780) to work on /opt/airflow/dags/cell_kpi_hourly_anomaly.py
[2026-08-21T07:14:40.791+0000] {processor.py:830} INFO - Processing file /opt/airflow/dags/cell_kpi_hourly_anomaly.py for tasks to queue
[2026-08-21T07:14:40.792+0000] {logging_mixin.py:188} INFO - [2026-08-21T07:14:40.792+0000] {dagbag.py:545} INFO - Filling up the DagBag from /opt/airflow/dags/cell_kpi_hourly_anomaly.py
[2026-08-21T07:14:40.815+0000] {processor.py:840} INFO - DAG(s) 'cell_kpi_hourly_anomaly_pipeline' retrieved from /opt/airflow/dags/cell_kpi_hourly_anomaly.py
[2026-08-21T07:14:40.828+0000] {logging_mixin.py:188} INFO - [2026-08-21T07:14:40.828+0000] {dag.py:3096} INFO - Sync 1 DAGs
[2026-08-21T07:14:40.864+0000] {processor.py:183} INFO - Processing /opt/airflow/dags/cell_kpi_hourly_anomaly.py took 0.081 seconds
[2026-08-21T07:15:10.997+0000] {processor.py:161} INFO - Started process (PID=790) to work on /opt/airflow/dags/cell_kpi_hourly_anomaly.py
[2026-08-21T07:15:10.998+0000] {processor.py:830} INFO - Processing file /opt/airflow/dags/cell_kpi_hourly_anomaly.py for tasks to queue
[2026-08-21T07:15:11.000+0000] {logging_mixin.py:188} INFO - [2026-08-21T07:15:11.000+0000] {dagbag.py:545} INFO - Filling up the DagBag from /opt/airflow/dags/cell_kpi_hourly_anomaly.py
[2026-08-21T07:15:11.028+0000] {processor.py:840} INFO - DAG(s) 'cell_kpi_hourly_anomaly_pipeline' retrieved from /opt/airflow/dags/cell_kpi_hourly_anomaly.py
[2026-08-21T07:15:11.045+0000] {logging_mixin.py:188} INFO - [2026-08-21T07:15:11.045+0000] {dag.py:3096} INFO - Sync 1 DAGs
[2026-08-21T07:15:11.088+0000] {processor.py:183} INFO - Processing /opt/airflow/dags/cell_kpi_hourly_anomaly.py took 0.096 seconds
[2026-08-21T07:15:41.224+0000] {processor.py:161} INFO - Started process (PID=800) to work on /opt/airflow/dags/cell_kpi_hourly_anomaly.py
[2026-08-21T07:15:41.225+0000] {processor.py:830} INFO - Processing file /opt/airflow/dags/cell_kpi_hourly_anomaly.py for tasks to queue
[2026-08-21T07:15:41.227+0000] {logging_mixin.py:188} INFO - [2026-08-21T07:15:41.226+0000] {dagbag.py:545} INFO - Filling up the DagBag from /opt/airflow/dags/cell_kpi_hourly_anomaly.py
[2026-08-21T07:15:41.252+0000] {processor.py:840} INFO - DAG(s) 'cell_kpi_hourly_anomaly_pipeline' retrieved from /opt/airflow/dags/cell_kpi_hourly_anomaly.py
[2026-08-21T07:15:41.267+0000] {logging_mixin.py:188} INFO - [2026-08-21T07:15:41.267+0000] {dag.py:3096} INFO - Sync 1 DAGs
[2026-08-21T07:15:41.303+0000] {processor.py:183} INFO - Processing /opt/airflow/dags/cell_kpi_hourly_anomaly.py took 0.085 seconds
[2026-08-21T07:16:11.444+0000] {processor.py:161} INFO - Started process (PID=810) to work on /opt/airflow/dags/cell_kpi_hourly_anomaly.py
[2026-08-21T07:16:11.445+0000] {processor.py:830} INFO - Processing file /opt/airflow/dags/cell_kpi_hourly_anomaly.py for tasks to queue
[2026-08-21T07:16:11.447+0000] {logging_mixin.py:188} INFO - [2026-08-21T07:16:11.447+0000] {dagbag.py:545} INFO - Filling up the DagBag from /opt/airflow/dags/cell_kpi_hourly_anomaly.py
[2026-08-21T07:16:11.471+0000] {processor.py:840} INFO - DAG(s) 'cell_kpi_hourly_anomaly_pipeline' retrieved from /opt/airflow/dags/cell_kpi_hourly_anomaly.py
[2026-08-21T07:16:11.486+0000] {logging_mixin.py:188} INFO - [2026-08-21T07:16:11.486+0000] {dag.py:3096} INFO - Sync 1 DAGs
[2026-08-21T07:16:11.523+0000] {processor.py:183} INFO - Processing /opt/airflow/dags/cell_kpi_hourly_anomaly.py took 0.085 seconds
[2026-08-21T07:16:41.667+0000] {processor.py:161} INFO - Started process (PID=820) to work on /opt/airflow/dags/cell_kpi_hourly_anomaly.py
[2026-08-21T07:16:41.668+0000] {processor.py:830} INFO - Processing file /opt/airflow/dags/cell_kpi_hourly_anomaly.py for tasks to queue
[2026-08-21T07:16:41.670+0000] {logging_mixin.py:188} INFO - [2026-08-21T07:16:41.670+0000] {dagbag.py:545} INFO - Filling up the DagBag from /opt/airflow/dags/cell_kpi_hourly_anomaly.py
[2026-08-21T07:16:41.701+0000] {processor.py:840} INFO - DAG(s) 'cell_kpi_hourly_anomaly_pipeline' retrieved from /opt/airflow/dags/cell_kpi_hourly_anomaly.py
[2026-08-21T07:16:41.714+0000] {logging_mixin.py:188} INFO - [2026-08-21T07:16:41.714+0000] {dag.py:3096} INFO - Sync 1 DAGs
[2026-08-21T07:16:41.750+0000] {processor.py:183} INFO - Processing /opt/airflow/dags/cell_kpi_hourly_anomaly.py took 0.089 seconds
[2026-08-21T07:17:11.899+0000] {processor.py:161} INFO - Started process (PID=830) to work on /opt/airflow/dags/cell_kpi_hourly_anomaly.py
[2026-08-21T07:17:11.900+0000] {processor.py:830} INFO - Processing file /opt/airflow/dags/cell_kpi_hourly_anomaly.py for tasks to queue
[2026-08-21T07:17:11.902+0000] {logging_mixin.py:188} INFO - [2026-08-21T07:17:11.901+0000] {dagbag.py:545} INFO - Filling up the DagBag from /opt/airflow/dags/cell_kpi_hourly_anomaly.py
[2026-08-21T07:17:11.928+0000] {processor.py:840} INFO - DAG(s) 'cell_kpi_hourly_anomaly_pipeline' retrieved from /opt/airflow/dags/cell_kpi_hourly_anomaly.py
[2026-08-21T07:17:11.945+0000] {logging_mixin.py:188} INFO - [2026-08-21T07:17:11.945+0000] {dag.py:3096} INFO - Sync 1 DAGs
[2026-08-21T07:17:11.977+0000] {processor.py:183} INFO - Processing /opt/airflow/dags/cell_kpi_hourly_anomaly.py took 0.085 seconds
[2026-08-21T07:17:42.114+0000] {processor.py:161} INFO - Started process (PID=840) to work on /opt/airflow/dags/cell_kpi_hourly_anomaly.py
[2026-08-21T07:17:42.115+0000] {processor.py:830} INFO - Processing file /opt/airflow/dags/cell_kpi_hourly_anomaly.py for tasks to queue
[2026-08-21T07:17:42.117+0000] {logging_mixin.py:188} INFO - [2026-08-21T07:17:42.116+0000] {dagbag.py:545} INFO - Filling up the DagBag from /opt/airflow/dags/cell_kpi_hourly_anomaly.py
[2026-08-21T07:17:42.141+0000] {processor.py:840} INFO - DAG(s) 'cell_kpi_hourly_anomaly_pipeline' retrieved from /opt/airflow/dags/cell_kpi_hourly_anomaly.py
[2026-08-21T07:17:42.153+0000] {logging_mixin.py:188} INFO - [2026-08-21T07:17:42.153+0000] {dag.py:3096} INFO - Sync 1 DAGs
[2026-08-21T07:17:42.195+0000] {processor.py:183} INFO - Processing /opt/airflow/dags/cell_kpi_hourly_anomaly.py took 0.086 seconds
[2026-08-21T07:18:12.329+0000] {processor.py:161} INFO - Started process (PID=850) to work on /opt/airflow/dags/cell_kpi_hourly_anomaly.py
[2026-08-21T07:18:12.330+0000] {processor.py:830} INFO - Processing file /opt/airflow/dags/cell_kpi_hourly_anomaly.py for tasks to queue
[2026-08-21T07:18:12.332+0000] {logging_mixin.py:188} INFO - [2026-08-21T07:18:12.331+0000] {dagbag.py:545} INFO - Filling up the DagBag from /opt/airflow/dags/cell_kpi_hourly_anomaly.py
[2026-08-21T07:18:12.358+0000] {processor.py:840} INFO - DAG(s) 'cell_kpi_hourly_anomaly_pipeline' retrieved from /opt/airflow/dags/cell_kpi_hourly_anomaly.py
[2026-08-21T07:18:12.374+0000] {logging_mixin.py:188} INFO - [2026-08-21T07:18:12.374+0000] {dag.py:3096} INFO - Sync 1 DAGs
[2026-08-21T07:18:12.410+0000] {processor.py:183} INFO - Processing /opt/airflow/dags/cell_kpi_hourly_anomaly.py took 0.088 seconds
[2026-08-21T07:18:42.555+0000] {processor.py:161} INFO - Started process (PID=860) to work on /opt/airflow/dags/cell_kpi_hourly_anomaly.py
[2026-08-21T07:18:42.556+0000] {processor.py:830} INFO - Processing file /opt/airflow/dags/cell_kpi_hourly_anomaly.py for tasks to queue
[2026-08-21T07:18:42.557+0000] {logging_mixin.py:188} INFO - [2026-08-21T07:18:42.557+0000] {dagbag.py:545} INFO - Filling up the DagBag from /opt/airflow/dags/cell_kpi_hourly_anomaly.py
[2026-08-21T07:18:42.580+0000] {processor.py:840} INFO - DAG(s) 'cell_kpi_hourly_anomaly_pipeline' retrieved from /opt/airflow/dags/cell_kpi_hourly_anomaly.py
[2026-08-21T07:18:42.593+0000] {logging_mixin.py:188} INFO - [2026-08-21T07:18:42.593+0000] {dag.py:3096} INFO - Sync 1 DAGs
[2026-08-21T07:18:42.627+0000] {processor.py:183} INFO - Processing /opt/airflow/dags/cell_kpi_hourly_anomaly.py took 0.079 seconds
[2026-08-21T07:19:12.760+0000] {processor.py:161} INFO - Started process (PID=870) to work on /opt/airflow/dags/cell_kpi_hourly_anomaly.py
[2026-08-21T07:19:12.761+0000] {processor.py:830} INFO - Processing file /opt/airflow/dags/cell_kpi_hourly_anomaly.py for tasks to queue
[2026-08-21T07:19:12.763+0000] {logging_mixin.py:188} INFO - [2026-08-21T07:19:12.763+0000] {dagbag.py:545} INFO - Filling up the DagBag from /opt/airflow/dags/cell_kpi_hourly_anomaly.py
[2026-08-21T07:19:12.791+0000] {processor.py:840} INFO - DAG(s) 'cell_kpi_hourly_anomaly_pipeline' retrieved from /opt/airflow/dags/cell_kpi_hourly_anomaly.py
[2026-08-21T07:19:12.807+0000] {logging_mixin.py:188} INFO - [2026-08-21T07:19:12.807+0000] {dag.py:3096} INFO - Sync 1 DAGs
[2026-08-21T07:19:12.844+0000] {processor.py:183} INFO - Processing /opt/airflow/dags/cell_kpi_hourly_anomaly.py took 0.091 seconds
[2026-08-21T07:19:42.975+0000] {processor.py:161} INFO - Started process (PID=880) to work on /opt/airflow/dags/cell_kpi_hourly_anomaly.py
[2026-08-21T07:19:42.976+0000] {processor.py:830} INFO - Processing file /opt/airflow/dags/cell_kpi_hourly_anomaly.py for tasks to queue
[2026-08-21T07:19:42.977+0000] {logging_mixin.py:188} INFO - [2026-08-21T07:19:42.977+0000] {dagbag.py:545} INFO - Filling up the DagBag from /opt/airflow/dags/cell_kpi_hourly_anomaly.py
[2026-08-21T07:19:43.001+0000] {processor.py:840} INFO - DAG(s) 'cell_kpi_hourly_anomaly_pipeline' retrieved from /opt/airflow/dags/cell_kpi_hourly_anomaly.py
[2026-08-21T07:19:43.017+0000] {logging_mixin.py:188} INFO - [2026-08-21T07:19:43.017+0000] {dag.py:3096} INFO - Sync 1 DAGs
[2026-08-21T07:19:43.051+0000] {processor.py:183} INFO - Processing /opt/airflow/dags/cell_kpi_hourly_anomaly.py took 0.081 seconds
[2026-08-21T07:20:13.180+0000] {processor.py:161} INFO - Started process (PID=890) to work on /opt/airflow/dags/cell_kpi_hourly_anomaly.py
[2026-08-21T07:20:13.181+0000] {processor.py:830} INFO - Processing file /opt/airflow/dags/cell_kpi_hourly_anomaly.py for tasks to queue
[2026-08-21T07:20:13.183+0000] {logging_mixin.py:188} INFO - [2026-08-21T07:20:13.183+0000] {dagbag.py:545} INFO - Filling up the DagBag from /opt/airflow/dags/cell_kpi_hourly_anomaly.py
[2026-08-21T07:20:13.209+0000] {processor.py:840} INFO - DAG(s) 'cell_kpi_hourly_anomaly_pipeline' retrieved from /opt/airflow/dags/cell_kpi_hourly_anomaly.py
[2026-08-21T07:20:13.223+0000] {logging_mixin.py:188} INFO - [2026-08-21T07:20:13.223+0000] {dag.py:3096} INFO - Sync 1 DAGs
[2026-08-21T07:20:13.254+0000] {processor.py:183} INFO - Processing /opt/airflow/dags/cell_kpi_hourly_anomaly.py took 0.079 seconds
[2026-08-21T07:20:43.392+0000] {processor.py:161} INFO - Started process (PID=900) to work on /opt/airflow/dags/cell_kpi_hourly_anomaly.py
[2026-08-21T07:20:43.393+0000] {processor.py:830} INFO - Processing file /opt/airflow/dags/cell_kpi_hourly_anomaly.py for tasks to queue
[2026-08-21T07:20:43.395+0000] {logging_mixin.py:188} INFO - [2026-08-21T07:20:43.395+0000] {dagbag.py:545} INFO - Filling up the DagBag from /opt/airflow/dags/cell_kpi_hourly_anomaly.py
[2026-08-21T07:20:43.423+0000] {processor.py:840} INFO - DAG(s) 'cell_kpi_hourly_anomaly_pipeline' retrieved from /opt/airflow/dags/cell_kpi_hourly_anomaly.py
[2026-08-21T07:20:43.439+0000] {logging_mixin.py:188} INFO - [2026-08-21T07:20:43.439+0000] {dag.py:3096} INFO - Sync 1 DAGs
[2026-08-21T07:20:43.477+0000] {processor.py:183} INFO - Processing /opt/airflow/dags/cell_kpi_hourly_anomaly.py took 0.090 seconds
[2026-08-21T07:20:47.538+0000] {processor.py:161} INFO - Started process (PID=910) to work on /opt/airflow/dags/cell_kpi_hourly_anomaly.py
[2026-08-21T07:20:47.539+0000] {processor.py:830} INFO - Processing file /opt/airflow/dags/cell_kpi_hourly_anomaly.py for tasks to queue
[2026-08-21T07:20:47.541+0000] {logging_mixin.py:188} INFO - [2026-08-21T07:20:47.540+0000] {dagbag.py:545} INFO - Filling up the DagBag from /opt/airflow/dags/cell_kpi_hourly_anomaly.py
[2026-08-21T07:20:47.562+0000] {processor.py:840} INFO - DAG(s) 'cell_kpi_hourly_anomaly_pipeline' retrieved from /opt/airflow/dags/cell_kpi_hourly_anomaly.py
[2026-08-21T07:20:47.644+0000] {logging_mixin.py:188} INFO - [2026-08-21T07:20:47.644+0000] {dag.py:3096} INFO - Sync 1 DAGs
[2026-08-21T07:20:47.677+0000] {processor.py:183} INFO - Processing /opt/airflow/dags/cell_kpi_hourly_anomaly.py took 0.145 seconds
[2026-08-21T07:21:17.782+0000] {processor.py:161} INFO - Started process (PID=920) to work on /opt/airflow/dags/cell_kpi_hourly_anomaly.py
[2026-08-21T07:21:17.783+0000] {processor.py:830} INFO - Processing file /opt/airflow/dags/cell_kpi_hourly_anomaly.py for tasks to queue
[2026-08-21T07:21:17.784+0000] {logging_mixin.py:188} INFO - [2026-08-21T07:21:17.784+0000] {dagbag.py:545} INFO - Filling up the DagBag from /opt/airflow/dags/cell_kpi_hourly_anomaly.py
[2026-08-21T07:21:17.811+0000] {processor.py:840} INFO - DAG(s) 'cell_kpi_hourly_anomaly_pipeline' retrieved from /opt/airflow/dags/cell_kpi_hourly_anomaly.py
[2026-08-21T07:21:17.825+0000] {logging_mixin.py:188} INFO - [2026-08-21T07:21:17.825+0000] {dag.py:3096} INFO - Sync 1 DAGs
[2026-08-21T07:21:17.868+0000] {processor.py:183} INFO - Processing /opt/airflow/dags/cell_kpi_hourly_anomaly.py took 0.094 seconds
[2026-08-21T07:21:47.972+0000] {processor.py:161} INFO - Started process (PID=930) to work on /opt/airflow/dags/cell_kpi_hourly_anomaly.py
[2026-08-21T07:21:47.973+0000] {processor.py:830} INFO - Processing file /opt/airflow/dags/cell_kpi_hourly_anomaly.py for tasks to queue
[2026-08-21T07:21:47.974+0000] {logging_mixin.py:188} INFO - [2026-08-21T07:21:47.974+0000] {dagbag.py:545} INFO - Filling up the DagBag from /opt/airflow/dags/cell_kpi_hourly_anomaly.py
[2026-08-21T07:21:47.997+0000] {processor.py:840} INFO - DAG(s) 'cell_kpi_hourly_anomaly_pipeline' retrieved from /opt/airflow/dags/cell_kpi_hourly_anomaly.py
[2026-08-21T07:21:48.010+0000] {logging_mixin.py:188} INFO - [2026-08-21T07:21:48.009+0000] {dag.py:3096} INFO - Sync 1 DAGs
[2026-08-21T07:21:48.038+0000] {processor.py:183} INFO - Processing /opt/airflow/dags/cell_kpi_hourly_anomaly.py took 0.071 seconds
[2026-08-21T07:22:18.134+0000] {processor.py:161} INFO - Started process (PID=940) to work on /opt/airflow/dags/cell_kpi_hourly_anomaly.py
[2026-08-21T07:22:18.135+0000] {processor.py:830} INFO - Processing file /opt/airflow/dags/cell_kpi_hourly_anomaly.py for tasks to queue
[2026-08-21T07:22:18.137+0000] {logging_mixin.py:188} INFO - [2026-08-21T07:22:18.136+0000] {dagbag.py:545} INFO - Filling up the DagBag from /opt/airflow/dags/cell_kpi_hourly_anomaly.py
[2026-08-21T07:22:18.160+0000] {processor.py:840} INFO - DAG(s) 'cell_kpi_hourly_anomaly_pipeline' retrieved from /opt/airflow/dags/cell_kpi_hourly_anomaly.py
[2026-08-21T07:22:18.178+0000] {logging_mixin.py:188} INFO - [2026-08-21T07:22:18.178+0000] {dag.py:3096} INFO - Sync 1 DAGs
[2026-08-21T07:22:18.212+0000] {processor.py:183} INFO - Processing /opt/airflow/dags/cell_kpi_hourly_anomaly.py took 0.083 seconds
[2026-08-21T07:22:48.351+0000] {processor.py:161} INFO - Started process (PID=950) to work on /opt/airflow/dags/cell_kpi_hourly_anomaly.py
[2026-08-21T07:22:48.352+0000] {processor.py:830} INFO - Processing file /opt/airflow/dags/cell_kpi_hourly_anomaly.py for tasks to queue
[2026-08-21T07:22:48.353+0000] {logging_mixin.py:188} INFO - [2026-08-21T07:22:48.353+0000] {dagbag.py:545} INFO - Filling up the DagBag from /opt/airflow/dags/cell_kpi_hourly_anomaly.py
[2026-08-21T07:22:48.375+0000] {processor.py:840} INFO - DAG(s) 'cell_kpi_hourly_anomaly_pipeline' retrieved from /opt/airflow/dags/cell_kpi_hourly_anomaly.py
[2026-08-21T07:22:48.388+0000] {logging_mixin.py:188} INFO - [2026-08-21T07:22:48.388+0000] {dag.py:3096} INFO - Sync 1 DAGs
[2026-08-21T07:22:48.407+0000] {logging_mixin.py:188} INFO - [2026-08-21T07:22:48.407+0000] {dag.py:3954} INFO - Setting next_dagrun for cell_kpi_hourly_anomaly_pipeline to 2025-05-31 19:00:00+00:00, run_after=2025-05-31 20:00:00+00:00
[2026-08-21T07:22:48.421+0000] {processor.py:183} INFO - Processing /opt/airflow/dags/cell_kpi_hourly_anomaly.py took 0.075 seconds
[2026-08-21T07:23:18.525+0000] {processor.py:161} INFO - Started process (PID=960) to work on /opt/airflow/dags/cell_kpi_hourly_anomaly.py
[2026-08-21T07:23:18.526+0000] {processor.py:830} INFO - Processing file /opt/airflow/dags/cell_kpi_hourly_anomaly.py for tasks to queue
[2026-08-21T07:23:18.527+0000] {logging_mixin.py:188} INFO - [2026-08-21T07:23:18.527+0000] {dagbag.py:545} INFO - Filling up the DagBag from /opt/airflow/dags/cell_kpi_hourly_anomaly.py
[2026-08-21T07:23:18.555+0000] {processor.py:840} INFO - DAG(s) 'cell_kpi_hourly_anomaly_pipeline' retrieved from /opt/airflow/dags/cell_kpi_hourly_anomaly.py
[2026-08-21T07:23:18.570+0000] {logging_mixin.py:188} INFO - [2026-08-21T07:23:18.569+0000] {dag.py:3096} INFO - Sync 1 DAGs
[2026-08-21T07:23:18.588+0000] {logging_mixin.py:188} INFO - [2026-08-21T07:23:18.587+0000] {dag.py:3954} INFO - Setting next_dagrun for cell_kpi_hourly_anomaly_pipeline to 2025-05-31 17:00:00+00:00, run_after=2025-05-31 18:00:00+00:00
[2026-08-21T07:23:18.602+0000] {processor.py:183} INFO - Processing /opt/airflow/dags/cell_kpi_hourly_anomaly.py took 0.082 seconds
[2026-08-21T07:23:48.720+0000] {processor.py:161} INFO - Started process (PID=970) to work on /opt/airflow/dags/cell_kpi_hourly_anomaly.py
[2026-08-21T07:23:48.721+0000] {processor.py:830} INFO - Processing file /opt/airflow/dags/cell_kpi_hourly_anomaly.py for tasks to queue
[2026-08-21T07:23:48.722+0000] {logging_mixin.py:188} INFO - [2026-08-21T07:23:48.722+0000] {dagbag.py:545} INFO - Filling up the DagBag from /opt/airflow/dags/cell_kpi_hourly_anomaly.py
[2026-08-21T07:23:48.745+0000] {processor.py:840} INFO - DAG(s) 'cell_kpi_hourly_anomaly_pipeline' retrieved from /opt/airflow/dags/cell_kpi_hourly_anomaly.py
[2026-08-21T07:23:48.760+0000] {logging_mixin.py:188} INFO - [2026-08-21T07:23:48.759+0000] {dag.py:3096} INFO - Sync 1 DAGs
[2026-08-21T07:23:48.777+0000] {logging_mixin.py:188} INFO - [2026-08-21T07:23:48.776+0000] {dag.py:3954} INFO - Setting next_dagrun for cell_kpi_hourly_anomaly_pipeline to 2025-05-31 17:00:00+00:00, run_after=2025-05-31 18:00:00+00:00
[2026-08-21T07:23:48.790+0000] {processor.py:183} INFO - Processing /opt/airflow/dags/cell_kpi_hourly_anomaly.py took 0.076 seconds
[2026-08-21T07:24:18.890+0000] {processor.py:161} INFO - Started process (PID=980) to work on /opt/airflow/dags/cell_kpi_hourly_anomaly.py
[2026-08-21T07:24:18.890+0000] {processor.py:830} INFO - Processing file /opt/airflow/dags/cell_kpi_hourly_anomaly.py for tasks to queue
[2026-08-21T07:24:18.892+0000] {logging_mixin.py:188} INFO - [2026-08-21T07:24:18.892+0000] {dagbag.py:545} INFO - Filling up the DagBag from /opt/airflow/dags/cell_kpi_hourly_anomaly.py
[2026-08-21T07:24:18.914+0000] {processor.py:840} INFO - DAG(s) 'cell_kpi_hourly_anomaly_pipeline' retrieved from /opt/airflow/dags/cell_kpi_hourly_anomaly.py
[2026-08-21T07:24:18.927+0000] {logging_mixin.py:188} INFO - [2026-08-21T07:24:18.927+0000] {dag.py:3096} INFO - Sync 1 DAGs
[2026-08-21T07:24:18.946+0000] {logging_mixin.py:188} INFO - [2026-08-21T07:24:18.946+0000] {dag.py:3954} INFO - Setting next_dagrun for cell_kpi_hourly_anomaly_pipeline to 2025-05-31 17:00:00+00:00, run_after=2025-05-31 18:00:00+00:00
[2026-08-21T07:24:18.959+0000] {processor.py:183} INFO - Processing /opt/airflow/dags/cell_kpi_hourly_anomaly.py took 0.076 seconds
[2026-08-21T07:24:49.074+0000] {processor.py:161} INFO - Started process (PID=990) to work on /opt/airflow/dags/cell_kpi_hourly_anomaly.py
[2026-08-21T07:24:49.075+0000] {processor.py:830} INFO - Processing file /opt/airflow/dags/cell_kpi_hourly_anomaly.py for tasks to queue
[2026-08-21T07:24:49.077+0000] {logging_mixin.py:188} INFO - [2026-08-21T07:24:49.077+0000] {dagbag.py:545} INFO - Filling up the DagBag from /opt/airflow/dags/cell_kpi_hourly_anomaly.py
[2026-08-21T07:24:49.102+0000] {processor.py:840} INFO - DAG(s) 'cell_kpi_hourly_anomaly_pipeline' retrieved from /opt/airflow/dags/cell_kpi_hourly_anomaly.py
[2026-08-21T07:24:49.120+0000] {logging_mixin.py:188} INFO - [2026-08-21T07:24:49.119+0000] {dag.py:3096} INFO - Sync 1 DAGs
[2026-08-21T07:24:49.143+0000] {logging_mixin.py:188} INFO - [2026-08-21T07:24:49.143+0000] {dag.py:3954} INFO - Setting next_dagrun for cell_kpi_hourly_anomaly_pipeline to 2025-05-31 17:00:00+00:00, run_after=2025-05-31 18:00:00+00:00
[2026-08-21T07:24:49.159+0000] {processor.py:183} INFO - Processing /opt/airflow/dags/cell_kpi_hourly_anomaly.py took 0.091 seconds
[2026-08-21T07:25:19.297+0000] {processor.py:161} INFO - Started process (PID=1000) to work on /opt/airflow/dags/cell_kpi_hourly_anomaly.py
[2026-08-21T07:25:19.298+0000] {processor.py:830} INFO - Processing file /opt/airflow/dags/cell_kpi_hourly_anomaly.py for tasks to queue
[2026-08-21T07:25:19.299+0000] {logging_mixin.py:188} INFO - [2026-08-21T07:25:19.299+0000] {dagbag.py:545} INFO - Filling up the DagBag from /opt/airflow/dags/cell_kpi_hourly_anomaly.py
[2026-08-21T07:25:19.323+0000] {processor.py:840} INFO - DAG(s) 'cell_kpi_hourly_anomaly_pipeline' retrieved from /opt/airflow/dags/cell_kpi_hourly_anomaly.py
[2026-08-21T07:25:19.337+0000] {logging_mixin.py:188} INFO - [2026-08-21T07:25:19.337+0000] {dag.py:3096} INFO - Sync 1 DAGs
[2026-08-21T07:25:19.355+0000] {logging_mixin.py:188} INFO - [2026-08-21T07:25:19.354+0000] {dag.py:3954} INFO - Setting next_dagrun for cell_kpi_hourly_anomaly_pipeline to 2025-05-31 17:00:00+00:00, run_after=2025-05-31 18:00:00+00:00
[2026-08-21T07:25:19.368+0000] {processor.py:183} INFO - Processing /opt/airflow/dags/cell_kpi_hourly_anomaly.py took 0.080 seconds
[2026-08-21T07:25:49.506+0000] {processor.py:161} INFO - Started process (PID=1010) to work on /opt/airflow/dags/cell_kpi_hourly_anomaly.py
[2026-08-21T07:25:49.507+0000] {processor.py:830} INFO - Processing file /opt/airflow/dags/cell_kpi_hourly_anomaly.py for tasks to queue
[2026-08-21T07:25:49.508+0000] {logging_mixin.py:188} INFO - [2026-08-21T07:25:49.508+0000] {dagbag.py:545} INFO - Filling up the DagBag from /opt/airflow/dags/cell_kpi_hourly_anomaly.py
[2026-08-21T07:25:49.529+0000] {processor.py:840} INFO - DAG(s) 'cell_kpi_hourly_anomaly_pipeline' retrieved from /opt/airflow/dags/cell_kpi_hourly_anomaly.py
[2026-08-21T07:25:49.543+0000] {logging_mixin.py:188} INFO - [2026-08-21T07:25:49.543+0000] {dag.py:3096} INFO - Sync 1 DAGs
[2026-08-21T07:25:49.560+0000] {logging_mixin.py:188} INFO - [2026-08-21T07:25:49.560+0000] {dag.py:3954} INFO - Setting next_dagrun for cell_kpi_hourly_anomaly_pipeline to 2025-05-31 17:00:00+00:00, run_after=2025-05-31 18:00:00+00:00
[2026-08-21T07:25:49.573+0000] {processor.py:183} INFO - Processing /opt/airflow/dags/cell_kpi_hourly_anomaly.py took 0.072 seconds
[2026-08-21T07:26:19.677+0000] {processor.py:161} INFO - Started process (PID=1020) to work on /opt/airflow/dags/cell_kpi_hourly_anomaly.py
[2026-08-21T07:26:19.677+0000] {processor.py:830} INFO - Processing file /opt/airflow/dags/cell_kpi_hourly_anomaly.py for tasks to queue
[2026-08-21T07:26:19.679+0000] {logging_mixin.py:188} INFO - [2026-08-21T07:26:19.678+0000] {dagbag.py:545} INFO - Filling up the DagBag from /opt/airflow/dags/cell_kpi_hourly_anomaly.py
[2026-08-21T07:26:19.700+0000] {processor.py:840} INFO - DAG(s) 'cell_kpi_hourly_anomaly_pipeline' retrieved from /opt/airflow/dags/cell_kpi_hourly_anomaly.py
[2026-08-21T07:26:19.713+0000] {logging_mixin.py:188} INFO - [2026-08-21T07:26:19.713+0000] {dag.py:3096} INFO - Sync 1 DAGs
[2026-08-21T07:26:19.731+0000] {logging_mixin.py:188} INFO - [2026-08-21T07:26:19.731+0000] {dag.py:3954} INFO - Setting next_dagrun for cell_kpi_hourly_anomaly_pipeline to 2025-05-31 17:00:00+00:00, run_after=2025-05-31 18:00:00+00:00
[2026-08-21T07:26:19.748+0000] {processor.py:183} INFO - Processing /opt/airflow/dags/cell_kpi_hourly_anomaly.py took 0.077 seconds
[2026-08-21T07:26:49.862+0000] {processor.py:161} INFO - Started process (PID=1030) to work on /opt/airflow/dags/cell_kpi_hourly_anomaly.py
[2026-08-21T07:26:49.863+0000] {processor.py:830} INFO - Processing file /opt/airflow/dags/cell_kpi_hourly_anomaly.py for tasks to queue
[2026-08-21T07:26:49.864+0000] {logging_mixin.py:188} INFO - [2026-08-21T07:26:49.864+0000] {dagbag.py:545} INFO - Filling up the DagBag from /opt/airflow/dags/cell_kpi_hourly_anomaly.py
[2026-08-21T07:26:49.885+0000] {processor.py:840} INFO - DAG(s) 'cell_kpi_hourly_anomaly_pipeline' retrieved from /opt/airflow/dags/cell_kpi_hourly_anomaly.py
[2026-08-21T07:26:49.898+0000] {logging_mixin.py:188} INFO - [2026-08-21T07:26:49.898+0000] {dag.py:3096} INFO - Sync 1 DAGs
[2026-08-21T07:26:49.915+0000] {logging_mixin.py:188} INFO - [2026-08-21T07:26:49.915+0000] {dag.py:3954} INFO - Setting next_dagrun for cell_kpi_hourly_anomaly_pipeline to 2025-05-31 17:00:00+00:00, run_after=2025-05-31 18:00:00+00:00
[2026-08-21T07:26:49.929+0000] {processor.py:183} INFO - Processing /opt/airflow/dags/cell_kpi_hourly_anomaly.py took 0.072 seconds
[2026-08-21T07:27:20.028+0000] {processor.py:161} INFO - Started process (PID=1040) to work on /opt/airflow/dags/cell_kpi_hourly_anomaly.py
[2026-08-21T07:27:20.028+0000] {processor.py:830} INFO - Processing file /opt/airflow/dags/cell_kpi_hourly_anomaly.py for tasks to queue
[2026-08-21T07:27:20.030+0000] {logging_mixin.py:188} INFO - [2026-08-21T07:27:20.029+0000] {dagbag.py:545} INFO - Filling up the DagBag from /opt/airflow/dags/cell_kpi_hourly_anomaly.py
[2026-08-21T07:27:20.051+0000] {processor.py:840} INFO - DAG(s) 'cell_kpi_hourly_anomaly_pipeline' retrieved from /opt/airflow/dags/cell_kpi_hourly_anomaly.py
[2026-08-21T07:27:20.064+0000] {logging_mixin.py:188} INFO - [2026-08-21T07:27:20.064+0000] {dag.py:3096} INFO - Sync 1 DAGs
[2026-08-21T07:27:20.082+0000] {logging_mixin.py:188} INFO - [2026-08-21T07:27:20.081+0000] {dag.py:3954} INFO - Setting next_dagrun for cell_kpi_hourly_anomaly_pipeline to 2025-05-31 17:00:00+00:00, run_after=2025-05-31 18:00:00+00:00
[2026-08-21T07:27:20.095+0000] {processor.py:183} INFO - Processing /opt/airflow/dags/cell_kpi_hourly_anomaly.py took 0.073 seconds
