[2026-08-21T02:29:09.836+0000] {processor.py:161} INFO - Started process (PID=160) to work on /opt/airflow/dags/kpi_hourly_dag.py
[2026-08-21T02:29:09.836+0000] {processor.py:830} INFO - Processing file /opt/airflow/dags/kpi_hourly_dag.py for tasks to queue
[2026-08-21T02:29:09.838+0000] {logging_mixin.py:188} INFO - [2026-08-21T02:29:09.837+0000] {dagbag.py:545} INFO - Filling up the DagBag from /opt/airflow/dags/kpi_hourly_dag.py
[2026-08-21T02:29:10.009+0000] {processor.py:840} INFO - DAG(s) 'cell_kpi_spatial_analytics_pipeline' retrieved from /opt/airflow/dags/kpi_hourly_dag.py
[2026-08-21T02:29:10.240+0000] {logging_mixin.py:188} INFO - [2026-08-21T02:29:10.240+0000] {override.py:1829} INFO - Created Permission View: can read on DAG:cell_kpi_spatial_analytics_pipeline
[2026-08-21T02:29:10.248+0000] {logging_mixin.py:188} INFO - [2026-08-21T02:29:10.248+0000] {override.py:1829} INFO - Created Permission View: can delete on DAG:cell_kpi_spatial_analytics_pipeline
[2026-08-21T02:29:10.253+0000] {logging_mixin.py:188} INFO - [2026-08-21T02:29:10.253+0000] {override.py:1829} INFO - Created Permission View: can edit on DAG:cell_kpi_spatial_analytics_pipeline
[2026-08-21T02:29:10.253+0000] {logging_mixin.py:188} INFO - [2026-08-21T02:29:10.253+0000] {dag.py:3096} INFO - Sync 1 DAGs
[2026-08-21T02:29:10.262+0000] {logging_mixin.py:188} INFO - [2026-08-21T02:29:10.262+0000] {dag.py:3118} INFO - Creating ORM DAG for cell_kpi_spatial_analytics_pipeline
[2026-08-21T02:29:10.270+0000] {logging_mixin.py:188} INFO - [2026-08-21T02:29:10.270+0000] {dag.py:3954} INFO - Setting next_dagrun for cell_kpi_spatial_analytics_pipeline to 2025-05-31 17:00:00+00:00, run_after=2025-06-30 17:00:00+00:00
[2026-08-21T02:29:10.286+0000] {processor.py:183} INFO - Processing /opt/airflow/dags/kpi_hourly_dag.py took 0.456 seconds
[2026-08-21T02:29:40.408+0000] {processor.py:161} INFO - Started process (PID=165) to work on /opt/airflow/dags/kpi_hourly_dag.py
[2026-08-21T02:29:40.408+0000] {processor.py:830} INFO - Processing file /opt/airflow/dags/kpi_hourly_dag.py for tasks to queue
[2026-08-21T02:29:40.410+0000] {logging_mixin.py:188} INFO - [2026-08-21T02:29:40.409+0000] {dagbag.py:545} INFO - Filling up the DagBag from /opt/airflow/dags/kpi_hourly_dag.py
[2026-08-21T02:29:40.459+0000] {processor.py:840} INFO - DAG(s) 'cell_kpi_spatial_analytics_pipeline' retrieved from /opt/airflow/dags/kpi_hourly_dag.py
[2026-08-21T02:29:40.472+0000] {logging_mixin.py:188} INFO - [2026-08-21T02:29:40.472+0000] {dag.py:3096} INFO - Sync 1 DAGs
[2026-08-21T02:29:40.489+0000] {logging_mixin.py:188} INFO - [2026-08-21T02:29:40.489+0000] {dag.py:3954} INFO - Setting next_dagrun for cell_kpi_spatial_analytics_pipeline to 2025-05-31 17:00:00+00:00, run_after=2025-06-30 17:00:00+00:00
[2026-08-21T02:29:40.502+0000] {processor.py:183} INFO - Processing /opt/airflow/dags/kpi_hourly_dag.py took 0.100 seconds
[2026-08-21T02:30:10.529+0000] {processor.py:161} INFO - Started process (PID=170) to work on /opt/airflow/dags/kpi_hourly_dag.py
[2026-08-21T02:30:10.529+0000] {processor.py:830} INFO - Processing file /opt/airflow/dags/kpi_hourly_dag.py for tasks to queue
[2026-08-21T02:30:10.531+0000] {logging_mixin.py:188} INFO - [2026-08-21T02:30:10.530+0000] {dagbag.py:545} INFO - Filling up the DagBag from /opt/airflow/dags/kpi_hourly_dag.py
[2026-08-21T02:30:10.578+0000] {processor.py:840} INFO - DAG(s) 'cell_kpi_spatial_analytics_pipeline' retrieved from /opt/airflow/dags/kpi_hourly_dag.py
[2026-08-21T02:30:10.591+0000] {logging_mixin.py:188} INFO - [2026-08-21T02:30:10.591+0000] {dag.py:3096} INFO - Sync 1 DAGs
[2026-08-21T02:30:10.608+0000] {logging_mixin.py:188} INFO - [2026-08-21T02:30:10.608+0000] {dag.py:3954} INFO - Setting next_dagrun for cell_kpi_spatial_analytics_pipeline to 2025-05-31 17:00:00+00:00, run_after=2025-06-30 17:00:00+00:00
[2026-08-21T02:30:10.624+0000] {processor.py:183} INFO - Processing /opt/airflow/dags/kpi_hourly_dag.py took 0.101 seconds
[2026-08-21T02:30:40.716+0000] {processor.py:161} INFO - Started process (PID=175) to work on /opt/airflow/dags/kpi_hourly_dag.py
[2026-08-21T02:30:40.716+0000] {processor.py:830} INFO - Processing file /opt/airflow/dags/kpi_hourly_dag.py for tasks to queue
[2026-08-21T02:30:40.717+0000] {logging_mixin.py:188} INFO - [2026-08-21T02:30:40.717+0000] {dagbag.py:545} INFO - Filling up the DagBag from /opt/airflow/dags/kpi_hourly_dag.py
[2026-08-21T02:30:40.764+0000] {processor.py:840} INFO - DAG(s) 'cell_kpi_spatial_analytics_pipeline' retrieved from /opt/airflow/dags/kpi_hourly_dag.py
[2026-08-21T02:30:40.779+0000] {logging_mixin.py:188} INFO - [2026-08-21T02:30:40.779+0000] {dag.py:3096} INFO - Sync 1 DAGs
[2026-08-21T02:30:40.796+0000] {logging_mixin.py:188} INFO - [2026-08-21T02:30:40.796+0000] {dag.py:3954} INFO - Setting next_dagrun for cell_kpi_spatial_analytics_pipeline to 2025-05-31 17:00:00+00:00, run_after=2025-06-30 17:00:00+00:00
[2026-08-21T02:30:40.810+0000] {processor.py:183} INFO - Processing /opt/airflow/dags/kpi_hourly_dag.py took 0.099 seconds
[2026-08-21T02:31:10.840+0000] {processor.py:161} INFO - Started process (PID=180) to work on /opt/airflow/dags/kpi_hourly_dag.py
[2026-08-21T02:31:10.841+0000] {processor.py:830} INFO - Processing file /opt/airflow/dags/kpi_hourly_dag.py for tasks to queue
[2026-08-21T02:31:10.842+0000] {logging_mixin.py:188} INFO - [2026-08-21T02:31:10.842+0000] {dagbag.py:545} INFO - Filling up the DagBag from /opt/airflow/dags/kpi_hourly_dag.py
[2026-08-21T02:31:10.891+0000] {processor.py:840} INFO - DAG(s) 'cell_kpi_spatial_analytics_pipeline' retrieved from /opt/airflow/dags/kpi_hourly_dag.py
[2026-08-21T02:31:10.905+0000] {logging_mixin.py:188} INFO - [2026-08-21T02:31:10.904+0000] {dag.py:3096} INFO - Sync 1 DAGs
[2026-08-21T02:31:10.922+0000] {logging_mixin.py:188} INFO - [2026-08-21T02:31:10.922+0000] {dag.py:3954} INFO - Setting next_dagrun for cell_kpi_spatial_analytics_pipeline to 2025-05-31 17:00:00+00:00, run_after=2025-06-30 17:00:00+00:00
[2026-08-21T02:31:10.935+0000] {processor.py:183} INFO - Processing /opt/airflow/dags/kpi_hourly_dag.py took 0.103 seconds
[2026-08-21T02:31:41.023+0000] {processor.py:161} INFO - Started process (PID=185) to work on /opt/airflow/dags/kpi_hourly_dag.py
[2026-08-21T02:31:41.024+0000] {processor.py:830} INFO - Processing file /opt/airflow/dags/kpi_hourly_dag.py for tasks to queue
[2026-08-21T02:31:41.025+0000] {logging_mixin.py:188} INFO - [2026-08-21T02:31:41.025+0000] {dagbag.py:545} INFO - Filling up the DagBag from /opt/airflow/dags/kpi_hourly_dag.py
[2026-08-21T02:31:41.075+0000] {processor.py:840} INFO - DAG(s) 'cell_kpi_spatial_analytics_pipeline' retrieved from /opt/airflow/dags/kpi_hourly_dag.py
[2026-08-21T02:31:41.092+0000] {logging_mixin.py:188} INFO - [2026-08-21T02:31:41.091+0000] {dag.py:3096} INFO - Sync 1 DAGs
[2026-08-21T02:31:41.113+0000] {logging_mixin.py:188} INFO - [2026-08-21T02:31:41.113+0000] {dag.py:3954} INFO - Setting next_dagrun for cell_kpi_spatial_analytics_pipeline to 2025-05-31 17:00:00+00:00, run_after=2025-06-30 17:00:00+00:00
[2026-08-21T02:31:41.127+0000] {processor.py:183} INFO - Processing /opt/airflow/dags/kpi_hourly_dag.py took 0.110 seconds
[2026-08-21T02:32:11.225+0000] {processor.py:161} INFO - Started process (PID=190) to work on /opt/airflow/dags/kpi_hourly_dag.py
[2026-08-21T02:32:11.226+0000] {processor.py:830} INFO - Processing file /opt/airflow/dags/kpi_hourly_dag.py for tasks to queue
[2026-08-21T02:32:11.227+0000] {logging_mixin.py:188} INFO - [2026-08-21T02:32:11.227+0000] {dagbag.py:545} INFO - Filling up the DagBag from /opt/airflow/dags/kpi_hourly_dag.py
[2026-08-21T02:32:11.272+0000] {processor.py:840} INFO - DAG(s) 'cell_kpi_spatial_analytics_pipeline' retrieved from /opt/airflow/dags/kpi_hourly_dag.py
[2026-08-21T02:32:11.284+0000] {logging_mixin.py:188} INFO - [2026-08-21T02:32:11.284+0000] {dag.py:3096} INFO - Sync 1 DAGs
[2026-08-21T02:32:11.300+0000] {logging_mixin.py:188} INFO - [2026-08-21T02:32:11.300+0000] {dag.py:3954} INFO - Setting next_dagrun for cell_kpi_spatial_analytics_pipeline to 2025-05-31 17:00:00+00:00, run_after=2025-06-30 17:00:00+00:00
[2026-08-21T02:32:11.314+0000] {processor.py:183} INFO - Processing /opt/airflow/dags/kpi_hourly_dag.py took 0.093 seconds
[2026-08-21T02:32:41.419+0000] {processor.py:161} INFO - Started process (PID=195) to work on /opt/airflow/dags/kpi_hourly_dag.py
[2026-08-21T02:32:41.419+0000] {processor.py:830} INFO - Processing file /opt/airflow/dags/kpi_hourly_dag.py for tasks to queue
[2026-08-21T02:32:41.421+0000] {logging_mixin.py:188} INFO - [2026-08-21T02:32:41.420+0000] {dagbag.py:545} INFO - Filling up the DagBag from /opt/airflow/dags/kpi_hourly_dag.py
[2026-08-21T02:32:41.469+0000] {processor.py:840} INFO - DAG(s) 'cell_kpi_spatial_analytics_pipeline' retrieved from /opt/airflow/dags/kpi_hourly_dag.py
[2026-08-21T02:32:41.483+0000] {logging_mixin.py:188} INFO - [2026-08-21T02:32:41.483+0000] {dag.py:3096} INFO - Sync 1 DAGs
[2026-08-21T02:32:41.499+0000] {logging_mixin.py:188} INFO - [2026-08-21T02:32:41.499+0000] {dag.py:3954} INFO - Setting next_dagrun for cell_kpi_spatial_analytics_pipeline to 2025-05-31 17:00:00+00:00, run_after=2025-06-30 17:00:00+00:00
[2026-08-21T02:32:41.513+0000] {processor.py:183} INFO - Processing /opt/airflow/dags/kpi_hourly_dag.py took 0.099 seconds
[2026-08-21T02:33:11.622+0000] {processor.py:161} INFO - Started process (PID=200) to work on /opt/airflow/dags/kpi_hourly_dag.py
[2026-08-21T02:33:11.623+0000] {processor.py:830} INFO - Processing file /opt/airflow/dags/kpi_hourly_dag.py for tasks to queue
[2026-08-21T02:33:11.624+0000] {logging_mixin.py:188} INFO - [2026-08-21T02:33:11.624+0000] {dagbag.py:545} INFO - Filling up the DagBag from /opt/airflow/dags/kpi_hourly_dag.py
[2026-08-21T02:33:11.672+0000] {processor.py:840} INFO - DAG(s) 'cell_kpi_spatial_analytics_pipeline' retrieved from /opt/airflow/dags/kpi_hourly_dag.py
[2026-08-21T02:33:11.685+0000] {logging_mixin.py:188} INFO - [2026-08-21T02:33:11.685+0000] {dag.py:3096} INFO - Sync 1 DAGs
[2026-08-21T02:33:11.703+0000] {logging_mixin.py:188} INFO - [2026-08-21T02:33:11.703+0000] {dag.py:3954} INFO - Setting next_dagrun for cell_kpi_spatial_analytics_pipeline to 2025-05-31 17:00:00+00:00, run_after=2025-06-30 17:00:00+00:00
[2026-08-21T02:33:11.716+0000] {processor.py:183} INFO - Processing /opt/airflow/dags/kpi_hourly_dag.py took 0.100 seconds
[2026-08-21T02:33:41.822+0000] {processor.py:161} INFO - Started process (PID=205) to work on /opt/airflow/dags/kpi_hourly_dag.py
[2026-08-21T02:33:41.822+0000] {processor.py:830} INFO - Processing file /opt/airflow/dags/kpi_hourly_dag.py for tasks to queue
[2026-08-21T02:33:41.824+0000] {logging_mixin.py:188} INFO - [2026-08-21T02:33:41.824+0000] {dagbag.py:545} INFO - Filling up the DagBag from /opt/airflow/dags/kpi_hourly_dag.py
[2026-08-21T02:33:41.873+0000] {processor.py:840} INFO - DAG(s) 'cell_kpi_spatial_analytics_pipeline' retrieved from /opt/airflow/dags/kpi_hourly_dag.py
[2026-08-21T02:33:41.886+0000] {logging_mixin.py:188} INFO - [2026-08-21T02:33:41.886+0000] {dag.py:3096} INFO - Sync 1 DAGs
[2026-08-21T02:33:41.903+0000] {logging_mixin.py:188} INFO - [2026-08-21T02:33:41.903+0000] {dag.py:3954} INFO - Setting next_dagrun for cell_kpi_spatial_analytics_pipeline to 2025-05-31 17:00:00+00:00, run_after=2025-06-30 17:00:00+00:00
[2026-08-21T02:33:41.917+0000] {processor.py:183} INFO - Processing /opt/airflow/dags/kpi_hourly_dag.py took 0.101 seconds
[2026-08-21T02:34:12.037+0000] {processor.py:161} INFO - Started process (PID=210) to work on /opt/airflow/dags/kpi_hourly_dag.py
[2026-08-21T02:34:12.038+0000] {processor.py:830} INFO - Processing file /opt/airflow/dags/kpi_hourly_dag.py for tasks to queue
[2026-08-21T02:34:12.040+0000] {logging_mixin.py:188} INFO - [2026-08-21T02:34:12.040+0000] {dagbag.py:545} INFO - Filling up the DagBag from /opt/airflow/dags/kpi_hourly_dag.py
[2026-08-21T02:34:12.090+0000] {processor.py:840} INFO - DAG(s) 'cell_kpi_spatial_analytics_pipeline' retrieved from /opt/airflow/dags/kpi_hourly_dag.py
[2026-08-21T02:34:12.108+0000] {logging_mixin.py:188} INFO - [2026-08-21T02:34:12.108+0000] {dag.py:3096} INFO - Sync 1 DAGs
[2026-08-21T02:34:12.126+0000] {logging_mixin.py:188} INFO - [2026-08-21T02:34:12.126+0000] {dag.py:3954} INFO - Setting next_dagrun for cell_kpi_spatial_analytics_pipeline to 2025-05-31 17:00:00+00:00, run_after=2025-06-30 17:00:00+00:00
[2026-08-21T02:34:12.140+0000] {processor.py:183} INFO - Processing /opt/airflow/dags/kpi_hourly_dag.py took 0.111 seconds
[2026-08-21T02:34:42.246+0000] {processor.py:161} INFO - Started process (PID=215) to work on /opt/airflow/dags/kpi_hourly_dag.py
[2026-08-21T02:34:42.247+0000] {processor.py:830} INFO - Processing file /opt/airflow/dags/kpi_hourly_dag.py for tasks to queue
[2026-08-21T02:34:42.248+0000] {logging_mixin.py:188} INFO - [2026-08-21T02:34:42.248+0000] {dagbag.py:545} INFO - Filling up the DagBag from /opt/airflow/dags/kpi_hourly_dag.py
[2026-08-21T02:34:42.300+0000] {processor.py:840} INFO - DAG(s) 'cell_kpi_spatial_analytics_pipeline' retrieved from /opt/airflow/dags/kpi_hourly_dag.py
[2026-08-21T02:34:42.312+0000] {logging_mixin.py:188} INFO - [2026-08-21T02:34:42.312+0000] {dag.py:3096} INFO - Sync 1 DAGs
[2026-08-21T02:34:42.328+0000] {logging_mixin.py:188} INFO - [2026-08-21T02:34:42.328+0000] {dag.py:3954} INFO - Setting next_dagrun for cell_kpi_spatial_analytics_pipeline to 2025-05-31 17:00:00+00:00, run_after=2025-06-30 17:00:00+00:00
[2026-08-21T02:34:42.341+0000] {processor.py:183} INFO - Processing /opt/airflow/dags/kpi_hourly_dag.py took 0.100 seconds
[2026-08-21T02:35:12.449+0000] {processor.py:161} INFO - Started process (PID=220) to work on /opt/airflow/dags/kpi_hourly_dag.py
[2026-08-21T02:35:12.450+0000] {processor.py:830} INFO - Processing file /opt/airflow/dags/kpi_hourly_dag.py for tasks to queue
[2026-08-21T02:35:12.451+0000] {logging_mixin.py:188} INFO - [2026-08-21T02:35:12.451+0000] {dagbag.py:545} INFO - Filling up the DagBag from /opt/airflow/dags/kpi_hourly_dag.py
[2026-08-21T02:35:12.501+0000] {processor.py:840} INFO - DAG(s) 'cell_kpi_spatial_analytics_pipeline' retrieved from /opt/airflow/dags/kpi_hourly_dag.py
[2026-08-21T02:35:12.514+0000] {logging_mixin.py:188} INFO - [2026-08-21T02:35:12.514+0000] {dag.py:3096} INFO - Sync 1 DAGs
[2026-08-21T02:35:12.533+0000] {logging_mixin.py:188} INFO - [2026-08-21T02:35:12.533+0000] {dag.py:3954} INFO - Setting next_dagrun for cell_kpi_spatial_analytics_pipeline to 2025-05-31 17:00:00+00:00, run_after=2025-06-30 17:00:00+00:00
[2026-08-21T02:35:12.547+0000] {processor.py:183} INFO - Processing /opt/airflow/dags/kpi_hourly_dag.py took 0.103 seconds
[2026-08-21T02:35:19.480+0000] {processor.py:161} INFO - Started process (PID=225) to work on /opt/airflow/dags/kpi_hourly_dag.py
[2026-08-21T02:35:19.480+0000] {processor.py:830} INFO - Processing file /opt/airflow/dags/kpi_hourly_dag.py for tasks to queue
[2026-08-21T02:35:19.482+0000] {logging_mixin.py:188} INFO - [2026-08-21T02:35:19.482+0000] {dagbag.py:545} INFO - Filling up the DagBag from /opt/airflow/dags/kpi_hourly_dag.py
[2026-08-21T02:35:19.531+0000] {processor.py:840} INFO - DAG(s) 'cell_kpi_spatial_analytics_pipeline' retrieved from /opt/airflow/dags/kpi_hourly_dag.py
[2026-08-21T02:35:19.544+0000] {logging_mixin.py:188} INFO - [2026-08-21T02:35:19.543+0000] {dag.py:3096} INFO - Sync 1 DAGs
[2026-08-21T02:35:19.561+0000] {logging_mixin.py:188} INFO - [2026-08-21T02:35:19.561+0000] {dag.py:3954} INFO - Setting next_dagrun for cell_kpi_spatial_analytics_pipeline to 2025-05-31 17:00:00+00:00, run_after=2025-06-30 17:00:00+00:00
[2026-08-21T02:35:19.577+0000] {processor.py:183} INFO - Processing /opt/airflow/dags/kpi_hourly_dag.py took 0.104 seconds
[2026-08-21T02:35:30.635+0000] {processor.py:161} INFO - Started process (PID=230) to work on /opt/airflow/dags/kpi_hourly_dag.py
[2026-08-21T02:35:30.636+0000] {processor.py:830} INFO - Processing file /opt/airflow/dags/kpi_hourly_dag.py for tasks to queue
[2026-08-21T02:35:30.637+0000] {logging_mixin.py:188} INFO - [2026-08-21T02:35:30.637+0000] {dagbag.py:545} INFO - Filling up the DagBag from /opt/airflow/dags/kpi_hourly_dag.py
[2026-08-21T02:35:30.686+0000] {processor.py:840} INFO - DAG(s) 'cell_kpi_spatial_analytics_pipeline' retrieved from /opt/airflow/dags/kpi_hourly_dag.py
[2026-08-21T02:35:30.774+0000] {logging_mixin.py:188} INFO - [2026-08-21T02:35:30.773+0000] {dag.py:3096} INFO - Sync 1 DAGs
[2026-08-21T02:35:30.791+0000] {logging_mixin.py:188} INFO - [2026-08-21T02:35:30.791+0000] {dag.py:3954} INFO - Setting next_dagrun for cell_kpi_spatial_analytics_pipeline to 2025-05-31 17:00:00+00:00, run_after=2025-06-30 17:00:00+00:00
[2026-08-21T02:35:30.807+0000] {processor.py:183} INFO - Processing /opt/airflow/dags/kpi_hourly_dag.py took 0.176 seconds
[2026-08-21T02:36:00.992+0000] {processor.py:161} INFO - Started process (PID=389) to work on /opt/airflow/dags/kpi_hourly_dag.py
[2026-08-21T02:36:00.995+0000] {processor.py:830} INFO - Processing file /opt/airflow/dags/kpi_hourly_dag.py for tasks to queue
[2026-08-21T02:36:00.999+0000] {logging_mixin.py:188} INFO - [2026-08-21T02:36:00.999+0000] {dagbag.py:545} INFO - Filling up the DagBag from /opt/airflow/dags/kpi_hourly_dag.py
[2026-08-21T02:36:01.076+0000] {processor.py:840} INFO - DAG(s) 'cell_kpi_spatial_analytics_pipeline' retrieved from /opt/airflow/dags/kpi_hourly_dag.py
[2026-08-21T02:36:01.096+0000] {logging_mixin.py:188} INFO - [2026-08-21T02:36:01.096+0000] {dag.py:3096} INFO - Sync 1 DAGs
[2026-08-21T02:36:01.151+0000] {processor.py:183} INFO - Processing /opt/airflow/dags/kpi_hourly_dag.py took 0.177 seconds
[2026-08-21T02:36:31.296+0000] {processor.py:161} INFO - Started process (PID=428) to work on /opt/airflow/dags/kpi_hourly_dag.py
[2026-08-21T02:36:31.297+0000] {processor.py:830} INFO - Processing file /opt/airflow/dags/kpi_hourly_dag.py for tasks to queue
[2026-08-21T02:36:31.298+0000] {logging_mixin.py:188} INFO - [2026-08-21T02:36:31.298+0000] {dagbag.py:545} INFO - Filling up the DagBag from /opt/airflow/dags/kpi_hourly_dag.py
[2026-08-21T02:36:31.349+0000] {processor.py:840} INFO - DAG(s) 'cell_kpi_spatial_analytics_pipeline' retrieved from /opt/airflow/dags/kpi_hourly_dag.py
[2026-08-21T02:36:31.362+0000] {logging_mixin.py:188} INFO - [2026-08-21T02:36:31.362+0000] {dag.py:3096} INFO - Sync 1 DAGs
[2026-08-21T02:36:31.393+0000] {processor.py:183} INFO - Processing /opt/airflow/dags/kpi_hourly_dag.py took 0.103 seconds
[2026-08-21T02:37:01.515+0000] {processor.py:161} INFO - Started process (PID=433) to work on /opt/airflow/dags/kpi_hourly_dag.py
[2026-08-21T02:37:01.516+0000] {processor.py:830} INFO - Processing file /opt/airflow/dags/kpi_hourly_dag.py for tasks to queue
[2026-08-21T02:37:01.517+0000] {logging_mixin.py:188} INFO - [2026-08-21T02:37:01.517+0000] {dagbag.py:545} INFO - Filling up the DagBag from /opt/airflow/dags/kpi_hourly_dag.py
[2026-08-21T02:37:01.563+0000] {processor.py:840} INFO - DAG(s) 'cell_kpi_spatial_analytics_pipeline' retrieved from /opt/airflow/dags/kpi_hourly_dag.py
[2026-08-21T02:37:01.580+0000] {logging_mixin.py:188} INFO - [2026-08-21T02:37:01.580+0000] {dag.py:3096} INFO - Sync 1 DAGs
[2026-08-21T02:37:01.609+0000] {processor.py:183} INFO - Processing /opt/airflow/dags/kpi_hourly_dag.py took 0.101 seconds
[2026-08-21T02:37:31.720+0000] {processor.py:161} INFO - Started process (PID=438) to work on /opt/airflow/dags/kpi_hourly_dag.py
[2026-08-21T02:37:31.721+0000] {processor.py:830} INFO - Processing file /opt/airflow/dags/kpi_hourly_dag.py for tasks to queue
[2026-08-21T02:37:31.722+0000] {logging_mixin.py:188} INFO - [2026-08-21T02:37:31.722+0000] {dagbag.py:545} INFO - Filling up the DagBag from /opt/airflow/dags/kpi_hourly_dag.py
[2026-08-21T02:37:31.767+0000] {processor.py:840} INFO - DAG(s) 'cell_kpi_spatial_analytics_pipeline' retrieved from /opt/airflow/dags/kpi_hourly_dag.py
[2026-08-21T02:37:31.780+0000] {logging_mixin.py:188} INFO - [2026-08-21T02:37:31.779+0000] {dag.py:3096} INFO - Sync 1 DAGs
[2026-08-21T02:37:31.809+0000] {processor.py:183} INFO - Processing /opt/airflow/dags/kpi_hourly_dag.py took 0.095 seconds
[2026-08-21T02:38:01.916+0000] {processor.py:161} INFO - Started process (PID=443) to work on /opt/airflow/dags/kpi_hourly_dag.py
[2026-08-21T02:38:01.917+0000] {processor.py:830} INFO - Processing file /opt/airflow/dags/kpi_hourly_dag.py for tasks to queue
[2026-08-21T02:38:01.919+0000] {logging_mixin.py:188} INFO - [2026-08-21T02:38:01.918+0000] {dagbag.py:545} INFO - Filling up the DagBag from /opt/airflow/dags/kpi_hourly_dag.py
[2026-08-21T02:38:01.964+0000] {processor.py:840} INFO - DAG(s) 'cell_kpi_spatial_analytics_pipeline' retrieved from /opt/airflow/dags/kpi_hourly_dag.py
[2026-08-21T02:38:01.981+0000] {logging_mixin.py:188} INFO - [2026-08-21T02:38:01.981+0000] {dag.py:3096} INFO - Sync 1 DAGs
[2026-08-21T02:38:02.009+0000] {processor.py:183} INFO - Processing /opt/airflow/dags/kpi_hourly_dag.py took 0.099 seconds
[2026-08-21T02:38:05.937+0000] {processor.py:161} INFO - Started process (PID=448) to work on /opt/airflow/dags/kpi_hourly_dag.py
[2026-08-21T02:38:05.937+0000] {processor.py:830} INFO - Processing file /opt/airflow/dags/kpi_hourly_dag.py for tasks to queue
[2026-08-21T02:38:05.939+0000] {logging_mixin.py:188} INFO - [2026-08-21T02:38:05.939+0000] {dagbag.py:545} INFO - Filling up the DagBag from /opt/airflow/dags/kpi_hourly_dag.py
[2026-08-21T02:38:05.994+0000] {processor.py:840} INFO - DAG(s) 'cell_kpi_spatial_analytics_pipeline' retrieved from /opt/airflow/dags/kpi_hourly_dag.py
[2026-08-21T02:38:06.069+0000] {logging_mixin.py:188} INFO - [2026-08-21T02:38:06.068+0000] {dag.py:3096} INFO - Sync 1 DAGs
[2026-08-21T02:38:06.097+0000] {processor.py:183} INFO - Processing /opt/airflow/dags/kpi_hourly_dag.py took 0.166 seconds
[2026-08-21T02:38:08.063+0000] {processor.py:161} INFO - Started process (PID=453) to work on /opt/airflow/dags/kpi_hourly_dag.py
[2026-08-21T02:38:08.064+0000] {processor.py:830} INFO - Processing file /opt/airflow/dags/kpi_hourly_dag.py for tasks to queue
[2026-08-21T02:38:08.066+0000] {logging_mixin.py:188} INFO - [2026-08-21T02:38:08.066+0000] {dagbag.py:545} INFO - Filling up the DagBag from /opt/airflow/dags/kpi_hourly_dag.py
[2026-08-21T02:38:08.116+0000] {processor.py:840} INFO - DAG(s) 'cell_kpi_spatial_analytics_pipeline' retrieved from /opt/airflow/dags/kpi_hourly_dag.py
[2026-08-21T02:38:08.119+0000] {logging_mixin.py:188} INFO - [2026-08-21T02:38:08.118+0000] {dag.py:3096} INFO - Sync 1 DAGs
[2026-08-21T02:38:08.158+0000] {processor.py:183} INFO - Processing /opt/airflow/dags/kpi_hourly_dag.py took 0.102 seconds
[2026-08-21T02:38:10.141+0000] {processor.py:161} INFO - Started process (PID=458) to work on /opt/airflow/dags/kpi_hourly_dag.py
[2026-08-21T02:38:10.142+0000] {processor.py:830} INFO - Processing file /opt/airflow/dags/kpi_hourly_dag.py for tasks to queue
[2026-08-21T02:38:10.143+0000] {logging_mixin.py:188} INFO - [2026-08-21T02:38:10.143+0000] {dagbag.py:545} INFO - Filling up the DagBag from /opt/airflow/dags/kpi_hourly_dag.py
[2026-08-21T02:38:10.196+0000] {processor.py:840} INFO - DAG(s) 'cell_kpi_spatial_analytics_pipeline' retrieved from /opt/airflow/dags/kpi_hourly_dag.py
[2026-08-21T02:38:10.199+0000] {logging_mixin.py:188} INFO - [2026-08-21T02:38:10.199+0000] {dag.py:3096} INFO - Sync 1 DAGs
[2026-08-21T02:38:10.229+0000] {processor.py:183} INFO - Processing /opt/airflow/dags/kpi_hourly_dag.py took 0.094 seconds
[2026-08-21T02:38:40.302+0000] {processor.py:161} INFO - Started process (PID=463) to work on /opt/airflow/dags/kpi_hourly_dag.py
[2026-08-21T02:38:40.303+0000] {processor.py:830} INFO - Processing file /opt/airflow/dags/kpi_hourly_dag.py for tasks to queue
[2026-08-21T02:38:40.305+0000] {logging_mixin.py:188} INFO - [2026-08-21T02:38:40.304+0000] {dagbag.py:545} INFO - Filling up the DagBag from /opt/airflow/dags/kpi_hourly_dag.py
[2026-08-21T02:38:40.349+0000] {processor.py:840} INFO - DAG(s) 'cell_kpi_spatial_analytics_pipeline' retrieved from /opt/airflow/dags/kpi_hourly_dag.py
[2026-08-21T02:38:40.360+0000] {logging_mixin.py:188} INFO - [2026-08-21T02:38:40.360+0000] {dag.py:3096} INFO - Sync 1 DAGs
[2026-08-21T02:38:40.393+0000] {processor.py:183} INFO - Processing /opt/airflow/dags/kpi_hourly_dag.py took 0.099 seconds
[2026-08-21T02:39:10.437+0000] {processor.py:161} INFO - Started process (PID=468) to work on /opt/airflow/dags/kpi_hourly_dag.py
[2026-08-21T02:39:10.438+0000] {processor.py:830} INFO - Processing file /opt/airflow/dags/kpi_hourly_dag.py for tasks to queue
[2026-08-21T02:39:10.439+0000] {logging_mixin.py:188} INFO - [2026-08-21T02:39:10.439+0000] {dagbag.py:545} INFO - Filling up the DagBag from /opt/airflow/dags/kpi_hourly_dag.py
[2026-08-21T02:39:10.488+0000] {processor.py:840} INFO - DAG(s) 'cell_kpi_spatial_analytics_pipeline' retrieved from /opt/airflow/dags/kpi_hourly_dag.py
[2026-08-21T02:39:10.499+0000] {logging_mixin.py:188} INFO - [2026-08-21T02:39:10.499+0000] {dag.py:3096} INFO - Sync 1 DAGs
[2026-08-21T02:39:10.534+0000] {processor.py:183} INFO - Processing /opt/airflow/dags/kpi_hourly_dag.py took 0.102 seconds
[2026-08-21T02:39:40.605+0000] {processor.py:161} INFO - Started process (PID=473) to work on /opt/airflow/dags/kpi_hourly_dag.py
[2026-08-21T02:39:40.606+0000] {processor.py:830} INFO - Processing file /opt/airflow/dags/kpi_hourly_dag.py for tasks to queue
[2026-08-21T02:39:40.608+0000] {logging_mixin.py:188} INFO - [2026-08-21T02:39:40.607+0000] {dagbag.py:545} INFO - Filling up the DagBag from /opt/airflow/dags/kpi_hourly_dag.py
[2026-08-21T02:39:40.650+0000] {processor.py:840} INFO - DAG(s) 'cell_kpi_spatial_analytics_pipeline' retrieved from /opt/airflow/dags/kpi_hourly_dag.py
[2026-08-21T02:39:40.661+0000] {logging_mixin.py:188} INFO - [2026-08-21T02:39:40.661+0000] {dag.py:3096} INFO - Sync 1 DAGs
[2026-08-21T02:39:40.691+0000] {processor.py:183} INFO - Processing /opt/airflow/dags/kpi_hourly_dag.py took 0.091 seconds
[2026-08-21T02:40:03.723+0000] {processor.py:161} INFO - Started process (PID=478) to work on /opt/airflow/dags/kpi_hourly_dag.py
[2026-08-21T02:40:03.724+0000] {processor.py:830} INFO - Processing file /opt/airflow/dags/kpi_hourly_dag.py for tasks to queue
[2026-08-21T02:40:03.725+0000] {logging_mixin.py:188} INFO - [2026-08-21T02:40:03.725+0000] {dagbag.py:545} INFO - Filling up the DagBag from /opt/airflow/dags/kpi_hourly_dag.py
[2026-08-21T02:40:03.774+0000] {processor.py:840} INFO - DAG(s) 'cell_kpi_spatial_analytics_pipeline' retrieved from /opt/airflow/dags/kpi_hourly_dag.py
[2026-08-21T02:40:03.785+0000] {logging_mixin.py:188} INFO - [2026-08-21T02:40:03.785+0000] {dag.py:3096} INFO - Sync 1 DAGs
[2026-08-21T02:40:03.816+0000] {processor.py:183} INFO - Processing /opt/airflow/dags/kpi_hourly_dag.py took 0.098 seconds
[2026-08-21T02:40:08.792+0000] {processor.py:161} INFO - Started process (PID=483) to work on /opt/airflow/dags/kpi_hourly_dag.py
[2026-08-21T02:40:08.793+0000] {processor.py:830} INFO - Processing file /opt/airflow/dags/kpi_hourly_dag.py for tasks to queue
[2026-08-21T02:40:08.794+0000] {logging_mixin.py:188} INFO - [2026-08-21T02:40:08.794+0000] {dagbag.py:545} INFO - Filling up the DagBag from /opt/airflow/dags/kpi_hourly_dag.py
[2026-08-21T02:40:08.823+0000] {logging_mixin.py:188} INFO - [2026-08-21T02:40:08.821+0000] {dagbag.py:355} ERROR - Failed to import: /opt/airflow/dags/kpi_hourly_dag.py
Traceback (most recent call last):
  File "/home/airflow/.local/lib/python3.10/site-packages/airflow/models/dagbag.py", line 351, in parse
    loader.exec_module(new_module)
  File "<frozen importlib._bootstrap_external>", line 883, in exec_module
  File "<frozen importlib._bootstrap>", line 241, in _call_with_frames_removed
  File "/opt/airflow/dags/kpi_hourly_dag.py", line 104, in <module>
    local_tz = pendulum.timezone("Asia/Ho_Chi_Minh")
NameError: name 'pendulum' is not defined
[2026-08-21T02:40:08.823+0000] {processor.py:842} WARNING - No viable dags retrieved from /opt/airflow/dags/kpi_hourly_dag.py
[2026-08-21T02:40:08.840+0000] {processor.py:183} INFO - Processing /opt/airflow/dags/kpi_hourly_dag.py took 0.054 seconds
[2026-08-21T02:40:13.878+0000] {processor.py:161} INFO - Started process (PID=488) to work on /opt/airflow/dags/kpi_hourly_dag.py
[2026-08-21T02:40:13.879+0000] {processor.py:830} INFO - Processing file /opt/airflow/dags/kpi_hourly_dag.py for tasks to queue
[2026-08-21T02:40:13.880+0000] {logging_mixin.py:188} INFO - [2026-08-21T02:40:13.880+0000] {dagbag.py:545} INFO - Filling up the DagBag from /opt/airflow/dags/kpi_hourly_dag.py
[2026-08-21T02:40:13.933+0000] {processor.py:840} INFO - DAG(s) 'cell_kpi_spatial_analytics_pipeline' retrieved from /opt/airflow/dags/kpi_hourly_dag.py
[2026-08-21T02:40:13.944+0000] {logging_mixin.py:188} INFO - [2026-08-21T02:40:13.944+0000] {dag.py:3096} INFO - Sync 1 DAGs
[2026-08-21T02:40:13.978+0000] {processor.py:183} INFO - Processing /opt/airflow/dags/kpi_hourly_dag.py took 0.106 seconds
[2026-08-21T02:40:44.092+0000] {processor.py:161} INFO - Started process (PID=497) to work on /opt/airflow/dags/kpi_hourly_dag.py
[2026-08-21T02:40:44.093+0000] {processor.py:830} INFO - Processing file /opt/airflow/dags/kpi_hourly_dag.py for tasks to queue
[2026-08-21T02:40:44.094+0000] {logging_mixin.py:188} INFO - [2026-08-21T02:40:44.094+0000] {dagbag.py:545} INFO - Filling up the DagBag from /opt/airflow/dags/kpi_hourly_dag.py
[2026-08-21T02:40:44.147+0000] {processor.py:840} INFO - DAG(s) 'cell_kpi_spatial_analytics_pipeline' retrieved from /opt/airflow/dags/kpi_hourly_dag.py
[2026-08-21T02:40:44.159+0000] {logging_mixin.py:188} INFO - [2026-08-21T02:40:44.159+0000] {dag.py:3096} INFO - Sync 1 DAGs
[2026-08-21T02:40:44.192+0000] {processor.py:183} INFO - Processing /opt/airflow/dags/kpi_hourly_dag.py took 0.105 seconds
[2026-08-21T02:41:14.296+0000] {processor.py:161} INFO - Started process (PID=502) to work on /opt/airflow/dags/kpi_hourly_dag.py
[2026-08-21T02:41:14.297+0000] {processor.py:830} INFO - Processing file /opt/airflow/dags/kpi_hourly_dag.py for tasks to queue
[2026-08-21T02:41:14.298+0000] {logging_mixin.py:188} INFO - [2026-08-21T02:41:14.298+0000] {dagbag.py:545} INFO - Filling up the DagBag from /opt/airflow/dags/kpi_hourly_dag.py
[2026-08-21T02:41:14.346+0000] {processor.py:840} INFO - DAG(s) 'cell_kpi_spatial_analytics_pipeline' retrieved from /opt/airflow/dags/kpi_hourly_dag.py
[2026-08-21T02:41:14.359+0000] {logging_mixin.py:188} INFO - [2026-08-21T02:41:14.359+0000] {dag.py:3096} INFO - Sync 1 DAGs
[2026-08-21T02:41:14.392+0000] {processor.py:183} INFO - Processing /opt/airflow/dags/kpi_hourly_dag.py took 0.101 seconds
[2026-08-21T02:41:44.496+0000] {processor.py:161} INFO - Started process (PID=507) to work on /opt/airflow/dags/kpi_hourly_dag.py
[2026-08-21T02:41:44.497+0000] {processor.py:830} INFO - Processing file /opt/airflow/dags/kpi_hourly_dag.py for tasks to queue
[2026-08-21T02:41:44.498+0000] {logging_mixin.py:188} INFO - [2026-08-21T02:41:44.498+0000] {dagbag.py:545} INFO - Filling up the DagBag from /opt/airflow/dags/kpi_hourly_dag.py
[2026-08-21T02:41:44.545+0000] {processor.py:840} INFO - DAG(s) 'cell_kpi_spatial_analytics_pipeline' retrieved from /opt/airflow/dags/kpi_hourly_dag.py
[2026-08-21T02:41:44.558+0000] {logging_mixin.py:188} INFO - [2026-08-21T02:41:44.558+0000] {dag.py:3096} INFO - Sync 1 DAGs
[2026-08-21T02:41:44.591+0000] {processor.py:183} INFO - Processing /opt/airflow/dags/kpi_hourly_dag.py took 0.103 seconds
[2026-08-21T02:42:14.694+0000] {processor.py:161} INFO - Started process (PID=512) to work on /opt/airflow/dags/kpi_hourly_dag.py
[2026-08-21T02:42:14.695+0000] {processor.py:830} INFO - Processing file /opt/airflow/dags/kpi_hourly_dag.py for tasks to queue
[2026-08-21T02:42:14.696+0000] {logging_mixin.py:188} INFO - [2026-08-21T02:42:14.696+0000] {dagbag.py:545} INFO - Filling up the DagBag from /opt/airflow/dags/kpi_hourly_dag.py
[2026-08-21T02:42:14.740+0000] {processor.py:840} INFO - DAG(s) 'cell_kpi_spatial_analytics_pipeline' retrieved from /opt/airflow/dags/kpi_hourly_dag.py
[2026-08-21T02:42:14.750+0000] {logging_mixin.py:188} INFO - [2026-08-21T02:42:14.750+0000] {dag.py:3096} INFO - Sync 1 DAGs
[2026-08-21T02:42:14.787+0000] {processor.py:183} INFO - Processing /opt/airflow/dags/kpi_hourly_dag.py took 0.098 seconds
[2026-08-21T02:42:44.893+0000] {processor.py:161} INFO - Started process (PID=517) to work on /opt/airflow/dags/kpi_hourly_dag.py
[2026-08-21T02:42:44.893+0000] {processor.py:830} INFO - Processing file /opt/airflow/dags/kpi_hourly_dag.py for tasks to queue
[2026-08-21T02:42:44.895+0000] {logging_mixin.py:188} INFO - [2026-08-21T02:42:44.894+0000] {dagbag.py:545} INFO - Filling up the DagBag from /opt/airflow/dags/kpi_hourly_dag.py
[2026-08-21T02:42:44.938+0000] {processor.py:840} INFO - DAG(s) 'cell_kpi_spatial_analytics_pipeline' retrieved from /opt/airflow/dags/kpi_hourly_dag.py
[2026-08-21T02:42:44.948+0000] {logging_mixin.py:188} INFO - [2026-08-21T02:42:44.948+0000] {dag.py:3096} INFO - Sync 1 DAGs
[2026-08-21T02:42:44.979+0000] {processor.py:183} INFO - Processing /opt/airflow/dags/kpi_hourly_dag.py took 0.092 seconds
[2026-08-21T02:43:15.087+0000] {processor.py:161} INFO - Started process (PID=522) to work on /opt/airflow/dags/kpi_hourly_dag.py
[2026-08-21T02:43:15.088+0000] {processor.py:830} INFO - Processing file /opt/airflow/dags/kpi_hourly_dag.py for tasks to queue
[2026-08-21T02:43:15.090+0000] {logging_mixin.py:188} INFO - [2026-08-21T02:43:15.089+0000] {dagbag.py:545} INFO - Filling up the DagBag from /opt/airflow/dags/kpi_hourly_dag.py
[2026-08-21T02:43:15.133+0000] {processor.py:840} INFO - DAG(s) 'cell_kpi_spatial_analytics_pipeline' retrieved from /opt/airflow/dags/kpi_hourly_dag.py
[2026-08-21T02:43:15.143+0000] {logging_mixin.py:188} INFO - [2026-08-21T02:43:15.143+0000] {dag.py:3096} INFO - Sync 1 DAGs
[2026-08-21T02:43:15.175+0000] {processor.py:183} INFO - Processing /opt/airflow/dags/kpi_hourly_dag.py took 0.093 seconds
[2026-08-21T02:43:45.278+0000] {processor.py:161} INFO - Started process (PID=527) to work on /opt/airflow/dags/kpi_hourly_dag.py
[2026-08-21T02:43:45.279+0000] {processor.py:830} INFO - Processing file /opt/airflow/dags/kpi_hourly_dag.py for tasks to queue
[2026-08-21T02:43:45.280+0000] {logging_mixin.py:188} INFO - [2026-08-21T02:43:45.280+0000] {dagbag.py:545} INFO - Filling up the DagBag from /opt/airflow/dags/kpi_hourly_dag.py
[2026-08-21T02:43:45.325+0000] {processor.py:840} INFO - DAG(s) 'cell_kpi_spatial_analytics_pipeline' retrieved from /opt/airflow/dags/kpi_hourly_dag.py
[2026-08-21T02:43:45.337+0000] {logging_mixin.py:188} INFO - [2026-08-21T02:43:45.336+0000] {dag.py:3096} INFO - Sync 1 DAGs
[2026-08-21T02:43:45.367+0000] {processor.py:183} INFO - Processing /opt/airflow/dags/kpi_hourly_dag.py took 0.095 seconds
[2026-08-21T02:44:15.488+0000] {processor.py:161} INFO - Started process (PID=532) to work on /opt/airflow/dags/kpi_hourly_dag.py
[2026-08-21T02:44:15.489+0000] {processor.py:830} INFO - Processing file /opt/airflow/dags/kpi_hourly_dag.py for tasks to queue
[2026-08-21T02:44:15.490+0000] {logging_mixin.py:188} INFO - [2026-08-21T02:44:15.490+0000] {dagbag.py:545} INFO - Filling up the DagBag from /opt/airflow/dags/kpi_hourly_dag.py
[2026-08-21T02:44:15.537+0000] {processor.py:840} INFO - DAG(s) 'cell_kpi_spatial_analytics_pipeline' retrieved from /opt/airflow/dags/kpi_hourly_dag.py
[2026-08-21T02:44:15.548+0000] {logging_mixin.py:188} INFO - [2026-08-21T02:44:15.547+0000] {dag.py:3096} INFO - Sync 1 DAGs
[2026-08-21T02:44:15.565+0000] {logging_mixin.py:188} INFO - [2026-08-21T02:44:15.565+0000] {dag.py:3954} INFO - Setting next_dagrun for cell_kpi_spatial_analytics_pipeline to 2025-05-31 17:00:00+00:00, run_after=2025-06-30 17:00:00+00:00
[2026-08-21T02:44:15.580+0000] {processor.py:183} INFO - Processing /opt/airflow/dags/kpi_hourly_dag.py took 0.097 seconds
[2026-08-21T02:44:45.689+0000] {processor.py:161} INFO - Started process (PID=541) to work on /opt/airflow/dags/kpi_hourly_dag.py
[2026-08-21T02:44:45.690+0000] {processor.py:830} INFO - Processing file /opt/airflow/dags/kpi_hourly_dag.py for tasks to queue
[2026-08-21T02:44:45.691+0000] {logging_mixin.py:188} INFO - [2026-08-21T02:44:45.691+0000] {dagbag.py:545} INFO - Filling up the DagBag from /opt/airflow/dags/kpi_hourly_dag.py
[2026-08-21T02:44:45.735+0000] {processor.py:840} INFO - DAG(s) 'cell_kpi_spatial_analytics_pipeline' retrieved from /opt/airflow/dags/kpi_hourly_dag.py
[2026-08-21T02:44:45.747+0000] {logging_mixin.py:188} INFO - [2026-08-21T02:44:45.747+0000] {dag.py:3096} INFO - Sync 1 DAGs
[2026-08-21T02:44:45.779+0000] {processor.py:183} INFO - Processing /opt/airflow/dags/kpi_hourly_dag.py took 0.097 seconds
[2026-08-21T02:45:15.885+0000] {processor.py:161} INFO - Started process (PID=546) to work on /opt/airflow/dags/kpi_hourly_dag.py
[2026-08-21T02:45:15.886+0000] {processor.py:830} INFO - Processing file /opt/airflow/dags/kpi_hourly_dag.py for tasks to queue
[2026-08-21T02:45:15.887+0000] {logging_mixin.py:188} INFO - [2026-08-21T02:45:15.887+0000] {dagbag.py:545} INFO - Filling up the DagBag from /opt/airflow/dags/kpi_hourly_dag.py
[2026-08-21T02:45:15.930+0000] {processor.py:840} INFO - DAG(s) 'cell_kpi_spatial_analytics_pipeline' retrieved from /opt/airflow/dags/kpi_hourly_dag.py
[2026-08-21T02:45:15.940+0000] {logging_mixin.py:188} INFO - [2026-08-21T02:45:15.939+0000] {dag.py:3096} INFO - Sync 1 DAGs
[2026-08-21T02:45:15.969+0000] {processor.py:183} INFO - Processing /opt/airflow/dags/kpi_hourly_dag.py took 0.089 seconds
[2026-08-21T02:45:46.079+0000] {processor.py:161} INFO - Started process (PID=551) to work on /opt/airflow/dags/kpi_hourly_dag.py
[2026-08-21T02:45:46.080+0000] {processor.py:830} INFO - Processing file /opt/airflow/dags/kpi_hourly_dag.py for tasks to queue
[2026-08-21T02:45:46.081+0000] {logging_mixin.py:188} INFO - [2026-08-21T02:45:46.081+0000] {dagbag.py:545} INFO - Filling up the DagBag from /opt/airflow/dags/kpi_hourly_dag.py
[2026-08-21T02:45:46.128+0000] {processor.py:840} INFO - DAG(s) 'cell_kpi_spatial_analytics_pipeline' retrieved from /opt/airflow/dags/kpi_hourly_dag.py
[2026-08-21T02:45:46.138+0000] {logging_mixin.py:188} INFO - [2026-08-21T02:45:46.138+0000] {dag.py:3096} INFO - Sync 1 DAGs
[2026-08-21T02:45:46.166+0000] {processor.py:183} INFO - Processing /opt/airflow/dags/kpi_hourly_dag.py took 0.093 seconds
[2026-08-21T02:46:16.278+0000] {processor.py:161} INFO - Started process (PID=556) to work on /opt/airflow/dags/kpi_hourly_dag.py
[2026-08-21T02:46:16.279+0000] {processor.py:830} INFO - Processing file /opt/airflow/dags/kpi_hourly_dag.py for tasks to queue
[2026-08-21T02:46:16.281+0000] {logging_mixin.py:188} INFO - [2026-08-21T02:46:16.281+0000] {dagbag.py:545} INFO - Filling up the DagBag from /opt/airflow/dags/kpi_hourly_dag.py
[2026-08-21T02:46:16.327+0000] {processor.py:840} INFO - DAG(s) 'cell_kpi_spatial_analytics_pipeline' retrieved from /opt/airflow/dags/kpi_hourly_dag.py
[2026-08-21T02:46:16.337+0000] {logging_mixin.py:188} INFO - [2026-08-21T02:46:16.337+0000] {dag.py:3096} INFO - Sync 1 DAGs
[2026-08-21T02:46:16.366+0000] {processor.py:183} INFO - Processing /opt/airflow/dags/kpi_hourly_dag.py took 0.095 seconds
[2026-08-21T02:46:46.477+0000] {processor.py:161} INFO - Started process (PID=561) to work on /opt/airflow/dags/kpi_hourly_dag.py
[2026-08-21T02:46:46.478+0000] {processor.py:830} INFO - Processing file /opt/airflow/dags/kpi_hourly_dag.py for tasks to queue
[2026-08-21T02:46:46.479+0000] {logging_mixin.py:188} INFO - [2026-08-21T02:46:46.479+0000] {dagbag.py:545} INFO - Filling up the DagBag from /opt/airflow/dags/kpi_hourly_dag.py
[2026-08-21T02:46:46.530+0000] {processor.py:840} INFO - DAG(s) 'cell_kpi_spatial_analytics_pipeline' retrieved from /opt/airflow/dags/kpi_hourly_dag.py
[2026-08-21T02:46:46.541+0000] {logging_mixin.py:188} INFO - [2026-08-21T02:46:46.541+0000] {dag.py:3096} INFO - Sync 1 DAGs
[2026-08-21T02:46:46.571+0000] {processor.py:183} INFO - Processing /opt/airflow/dags/kpi_hourly_dag.py took 0.099 seconds
[2026-08-21T02:47:16.589+0000] {processor.py:161} INFO - Started process (PID=566) to work on /opt/airflow/dags/kpi_hourly_dag.py
[2026-08-21T02:47:16.590+0000] {processor.py:830} INFO - Processing file /opt/airflow/dags/kpi_hourly_dag.py for tasks to queue
[2026-08-21T02:47:16.591+0000] {logging_mixin.py:188} INFO - [2026-08-21T02:47:16.591+0000] {dagbag.py:545} INFO - Filling up the DagBag from /opt/airflow/dags/kpi_hourly_dag.py
[2026-08-21T02:47:16.635+0000] {processor.py:840} INFO - DAG(s) 'cell_kpi_spatial_analytics_pipeline' retrieved from /opt/airflow/dags/kpi_hourly_dag.py
[2026-08-21T02:47:16.710+0000] {logging_mixin.py:188} INFO - [2026-08-21T02:47:16.710+0000] {dag.py:3096} INFO - Sync 1 DAGs
[2026-08-21T02:47:16.740+0000] {processor.py:183} INFO - Processing /opt/airflow/dags/kpi_hourly_dag.py took 0.156 seconds
[2026-08-21T02:47:18.686+0000] {processor.py:161} INFO - Started process (PID=571) to work on /opt/airflow/dags/kpi_hourly_dag.py
[2026-08-21T02:47:18.686+0000] {processor.py:830} INFO - Processing file /opt/airflow/dags/kpi_hourly_dag.py for tasks to queue
[2026-08-21T02:47:18.688+0000] {logging_mixin.py:188} INFO - [2026-08-21T02:47:18.687+0000] {dagbag.py:545} INFO - Filling up the DagBag from /opt/airflow/dags/kpi_hourly_dag.py
[2026-08-21T02:47:18.732+0000] {processor.py:840} INFO - DAG(s) 'cell_kpi_spatial_analytics_pipeline' retrieved from /opt/airflow/dags/kpi_hourly_dag.py
[2026-08-21T02:47:18.734+0000] {logging_mixin.py:188} INFO - [2026-08-21T02:47:18.734+0000] {dag.py:3096} INFO - Sync 1 DAGs
[2026-08-21T02:47:18.765+0000] {processor.py:183} INFO - Processing /opt/airflow/dags/kpi_hourly_dag.py took 0.084 seconds
[2026-08-21T02:47:48.874+0000] {processor.py:161} INFO - Started process (PID=576) to work on /opt/airflow/dags/kpi_hourly_dag.py
[2026-08-21T02:47:48.875+0000] {processor.py:830} INFO - Processing file /opt/airflow/dags/kpi_hourly_dag.py for tasks to queue
[2026-08-21T02:47:48.877+0000] {logging_mixin.py:188} INFO - [2026-08-21T02:47:48.877+0000] {dagbag.py:545} INFO - Filling up the DagBag from /opt/airflow/dags/kpi_hourly_dag.py
[2026-08-21T02:47:48.923+0000] {processor.py:840} INFO - DAG(s) 'cell_kpi_spatial_analytics_pipeline' retrieved from /opt/airflow/dags/kpi_hourly_dag.py
[2026-08-21T02:47:48.934+0000] {logging_mixin.py:188} INFO - [2026-08-21T02:47:48.934+0000] {dag.py:3096} INFO - Sync 1 DAGs
[2026-08-21T02:47:48.965+0000] {processor.py:183} INFO - Processing /opt/airflow/dags/kpi_hourly_dag.py took 0.097 seconds
[2026-08-21T02:48:18.998+0000] {processor.py:161} INFO - Started process (PID=581) to work on /opt/airflow/dags/kpi_hourly_dag.py
[2026-08-21T02:48:18.999+0000] {processor.py:830} INFO - Processing file /opt/airflow/dags/kpi_hourly_dag.py for tasks to queue
[2026-08-21T02:48:19.000+0000] {logging_mixin.py:188} INFO - [2026-08-21T02:48:19.000+0000] {dagbag.py:545} INFO - Filling up the DagBag from /opt/airflow/dags/kpi_hourly_dag.py
[2026-08-21T02:48:19.053+0000] {processor.py:840} INFO - DAG(s) 'cell_kpi_spatial_analytics_pipeline' retrieved from /opt/airflow/dags/kpi_hourly_dag.py
[2026-08-21T02:48:19.064+0000] {logging_mixin.py:188} INFO - [2026-08-21T02:48:19.064+0000] {dag.py:3096} INFO - Sync 1 DAGs
[2026-08-21T02:48:19.082+0000] {logging_mixin.py:188} INFO - [2026-08-21T02:48:19.082+0000] {dag.py:3954} INFO - Setting next_dagrun for cell_kpi_spatial_analytics_pipeline to 2025-04-30 17:00:00+00:00, run_after=2025-05-31 17:00:00+00:00
[2026-08-21T02:48:19.098+0000] {processor.py:183} INFO - Processing /opt/airflow/dags/kpi_hourly_dag.py took 0.108 seconds
[2026-08-21T02:48:49.182+0000] {processor.py:161} INFO - Started process (PID=586) to work on /opt/airflow/dags/kpi_hourly_dag.py
[2026-08-21T02:48:49.183+0000] {processor.py:830} INFO - Processing file /opt/airflow/dags/kpi_hourly_dag.py for tasks to queue
[2026-08-21T02:48:49.184+0000] {logging_mixin.py:188} INFO - [2026-08-21T02:48:49.184+0000] {dagbag.py:545} INFO - Filling up the DagBag from /opt/airflow/dags/kpi_hourly_dag.py
[2026-08-21T02:48:49.230+0000] {processor.py:840} INFO - DAG(s) 'cell_kpi_spatial_analytics_pipeline' retrieved from /opt/airflow/dags/kpi_hourly_dag.py
[2026-08-21T02:48:49.240+0000] {logging_mixin.py:188} INFO - [2026-08-21T02:48:49.240+0000] {dag.py:3096} INFO - Sync 1 DAGs
[2026-08-21T02:48:49.263+0000] {logging_mixin.py:188} INFO - [2026-08-21T02:48:49.263+0000] {dag.py:3954} INFO - Setting next_dagrun for cell_kpi_spatial_analytics_pipeline to 2025-04-30 17:00:00+00:00, run_after=2025-05-31 17:00:00+00:00
[2026-08-21T02:48:49.277+0000] {processor.py:183} INFO - Processing /opt/airflow/dags/kpi_hourly_dag.py took 0.101 seconds
[2026-08-21T02:49:19.317+0000] {processor.py:161} INFO - Started process (PID=595) to work on /opt/airflow/dags/kpi_hourly_dag.py
[2026-08-21T02:49:19.318+0000] {processor.py:830} INFO - Processing file /opt/airflow/dags/kpi_hourly_dag.py for tasks to queue
[2026-08-21T02:49:19.319+0000] {logging_mixin.py:188} INFO - [2026-08-21T02:49:19.319+0000] {dagbag.py:545} INFO - Filling up the DagBag from /opt/airflow/dags/kpi_hourly_dag.py
[2026-08-21T02:49:19.366+0000] {processor.py:840} INFO - DAG(s) 'cell_kpi_spatial_analytics_pipeline' retrieved from /opt/airflow/dags/kpi_hourly_dag.py
[2026-08-21T02:49:19.379+0000] {logging_mixin.py:188} INFO - [2026-08-21T02:49:19.379+0000] {dag.py:3096} INFO - Sync 1 DAGs
[2026-08-21T02:49:19.407+0000] {processor.py:183} INFO - Processing /opt/airflow/dags/kpi_hourly_dag.py took 0.096 seconds
[2026-08-21T02:49:49.496+0000] {processor.py:161} INFO - Started process (PID=600) to work on /opt/airflow/dags/kpi_hourly_dag.py
[2026-08-21T02:49:49.497+0000] {processor.py:830} INFO - Processing file /opt/airflow/dags/kpi_hourly_dag.py for tasks to queue
[2026-08-21T02:49:49.498+0000] {logging_mixin.py:188} INFO - [2026-08-21T02:49:49.498+0000] {dagbag.py:545} INFO - Filling up the DagBag from /opt/airflow/dags/kpi_hourly_dag.py
[2026-08-21T02:49:49.554+0000] {processor.py:840} INFO - DAG(s) 'cell_kpi_spatial_analytics_pipeline' retrieved from /opt/airflow/dags/kpi_hourly_dag.py
[2026-08-21T02:49:49.568+0000] {logging_mixin.py:188} INFO - [2026-08-21T02:49:49.568+0000] {dag.py:3096} INFO - Sync 1 DAGs
[2026-08-21T02:49:49.598+0000] {processor.py:183} INFO - Processing /opt/airflow/dags/kpi_hourly_dag.py took 0.108 seconds
[2026-08-21T02:50:19.704+0000] {processor.py:161} INFO - Started process (PID=605) to work on /opt/airflow/dags/kpi_hourly_dag.py
[2026-08-21T02:50:19.705+0000] {processor.py:830} INFO - Processing file /opt/airflow/dags/kpi_hourly_dag.py for tasks to queue
[2026-08-21T02:50:19.706+0000] {logging_mixin.py:188} INFO - [2026-08-21T02:50:19.706+0000] {dagbag.py:545} INFO - Filling up the DagBag from /opt/airflow/dags/kpi_hourly_dag.py
[2026-08-21T02:50:19.756+0000] {processor.py:840} INFO - DAG(s) 'cell_kpi_spatial_analytics_pipeline' retrieved from /opt/airflow/dags/kpi_hourly_dag.py
[2026-08-21T02:50:19.767+0000] {logging_mixin.py:188} INFO - [2026-08-21T02:50:19.767+0000] {dag.py:3096} INFO - Sync 1 DAGs
[2026-08-21T02:50:19.809+0000] {processor.py:183} INFO - Processing /opt/airflow/dags/kpi_hourly_dag.py took 0.110 seconds
[2026-08-21T02:50:49.919+0000] {processor.py:161} INFO - Started process (PID=610) to work on /opt/airflow/dags/kpi_hourly_dag.py
[2026-08-21T02:50:49.920+0000] {processor.py:830} INFO - Processing file /opt/airflow/dags/kpi_hourly_dag.py for tasks to queue
[2026-08-21T02:50:49.922+0000] {logging_mixin.py:188} INFO - [2026-08-21T02:50:49.922+0000] {dagbag.py:545} INFO - Filling up the DagBag from /opt/airflow/dags/kpi_hourly_dag.py
[2026-08-21T02:50:49.978+0000] {processor.py:840} INFO - DAG(s) 'cell_kpi_spatial_analytics_pipeline' retrieved from /opt/airflow/dags/kpi_hourly_dag.py
[2026-08-21T02:50:49.988+0000] {logging_mixin.py:188} INFO - [2026-08-21T02:50:49.988+0000] {dag.py:3096} INFO - Sync 1 DAGs
[2026-08-21T02:50:50.016+0000] {processor.py:183} INFO - Processing /opt/airflow/dags/kpi_hourly_dag.py took 0.104 seconds
[2026-08-21T02:51:20.123+0000] {processor.py:161} INFO - Started process (PID=615) to work on /opt/airflow/dags/kpi_hourly_dag.py
[2026-08-21T02:51:20.124+0000] {processor.py:830} INFO - Processing file /opt/airflow/dags/kpi_hourly_dag.py for tasks to queue
[2026-08-21T02:51:20.125+0000] {logging_mixin.py:188} INFO - [2026-08-21T02:51:20.125+0000] {dagbag.py:545} INFO - Filling up the DagBag from /opt/airflow/dags/kpi_hourly_dag.py
[2026-08-21T02:51:20.170+0000] {processor.py:840} INFO - DAG(s) 'cell_kpi_spatial_analytics_pipeline' retrieved from /opt/airflow/dags/kpi_hourly_dag.py
[2026-08-21T02:51:20.182+0000] {logging_mixin.py:188} INFO - [2026-08-21T02:51:20.182+0000] {dag.py:3096} INFO - Sync 1 DAGs
[2026-08-21T02:51:20.199+0000] {logging_mixin.py:188} INFO - [2026-08-21T02:51:20.199+0000] {dag.py:3954} INFO - Setting next_dagrun for cell_kpi_spatial_analytics_pipeline to 2025-04-30 17:00:00+00:00, run_after=2025-05-31 17:00:00+00:00
[2026-08-21T02:51:20.211+0000] {processor.py:183} INFO - Processing /opt/airflow/dags/kpi_hourly_dag.py took 0.093 seconds
[2026-08-21T02:51:50.314+0000] {processor.py:161} INFO - Started process (PID=620) to work on /opt/airflow/dags/kpi_hourly_dag.py
[2026-08-21T02:51:50.314+0000] {processor.py:830} INFO - Processing file /opt/airflow/dags/kpi_hourly_dag.py for tasks to queue
[2026-08-21T02:51:50.316+0000] {logging_mixin.py:188} INFO - [2026-08-21T02:51:50.315+0000] {dagbag.py:545} INFO - Filling up the DagBag from /opt/airflow/dags/kpi_hourly_dag.py
[2026-08-21T02:51:50.361+0000] {processor.py:840} INFO - DAG(s) 'cell_kpi_spatial_analytics_pipeline' retrieved from /opt/airflow/dags/kpi_hourly_dag.py
[2026-08-21T02:51:50.373+0000] {logging_mixin.py:188} INFO - [2026-08-21T02:51:50.373+0000] {dag.py:3096} INFO - Sync 1 DAGs
[2026-08-21T02:51:50.390+0000] {logging_mixin.py:188} INFO - [2026-08-21T02:51:50.390+0000] {dag.py:3954} INFO - Setting next_dagrun for cell_kpi_spatial_analytics_pipeline to 2025-04-30 17:00:00+00:00, run_after=2025-05-31 17:00:00+00:00
[2026-08-21T02:51:50.403+0000] {processor.py:183} INFO - Processing /opt/airflow/dags/kpi_hourly_dag.py took 0.095 seconds
[2026-08-21T02:52:20.507+0000] {processor.py:161} INFO - Started process (PID=625) to work on /opt/airflow/dags/kpi_hourly_dag.py
[2026-08-21T02:52:20.508+0000] {processor.py:830} INFO - Processing file /opt/airflow/dags/kpi_hourly_dag.py for tasks to queue
[2026-08-21T02:52:20.509+0000] {logging_mixin.py:188} INFO - [2026-08-21T02:52:20.509+0000] {dagbag.py:545} INFO - Filling up the DagBag from /opt/airflow/dags/kpi_hourly_dag.py
[2026-08-21T02:52:20.563+0000] {processor.py:840} INFO - DAG(s) 'cell_kpi_spatial_analytics_pipeline' retrieved from /opt/airflow/dags/kpi_hourly_dag.py
[2026-08-21T02:52:20.576+0000] {logging_mixin.py:188} INFO - [2026-08-21T02:52:20.576+0000] {dag.py:3096} INFO - Sync 1 DAGs
[2026-08-21T02:52:20.597+0000] {logging_mixin.py:188} INFO - [2026-08-21T02:52:20.597+0000] {dag.py:3954} INFO - Setting next_dagrun for cell_kpi_spatial_analytics_pipeline to 2025-04-30 17:00:00+00:00, run_after=2025-05-31 17:00:00+00:00
[2026-08-21T02:52:20.612+0000] {processor.py:183} INFO - Processing /opt/airflow/dags/kpi_hourly_dag.py took 0.110 seconds
[2026-08-21T02:52:50.718+0000] {processor.py:161} INFO - Started process (PID=630) to work on /opt/airflow/dags/kpi_hourly_dag.py
[2026-08-21T02:52:50.718+0000] {processor.py:830} INFO - Processing file /opt/airflow/dags/kpi_hourly_dag.py for tasks to queue
[2026-08-21T02:52:50.720+0000] {logging_mixin.py:188} INFO - [2026-08-21T02:52:50.719+0000] {dagbag.py:545} INFO - Filling up the DagBag from /opt/airflow/dags/kpi_hourly_dag.py
[2026-08-21T02:52:50.764+0000] {processor.py:840} INFO - DAG(s) 'cell_kpi_spatial_analytics_pipeline' retrieved from /opt/airflow/dags/kpi_hourly_dag.py
[2026-08-21T02:52:50.776+0000] {logging_mixin.py:188} INFO - [2026-08-21T02:52:50.776+0000] {dag.py:3096} INFO - Sync 1 DAGs
[2026-08-21T02:52:50.795+0000] {logging_mixin.py:188} INFO - [2026-08-21T02:52:50.795+0000] {dag.py:3954} INFO - Setting next_dagrun for cell_kpi_spatial_analytics_pipeline to 2025-04-30 17:00:00+00:00, run_after=2025-05-31 17:00:00+00:00
[2026-08-21T02:52:50.808+0000] {processor.py:183} INFO - Processing /opt/airflow/dags/kpi_hourly_dag.py took 0.096 seconds
[2026-08-21T02:53:20.917+0000] {processor.py:161} INFO - Started process (PID=635) to work on /opt/airflow/dags/kpi_hourly_dag.py
[2026-08-21T02:53:20.918+0000] {processor.py:830} INFO - Processing file /opt/airflow/dags/kpi_hourly_dag.py for tasks to queue
[2026-08-21T02:53:20.919+0000] {logging_mixin.py:188} INFO - [2026-08-21T02:53:20.919+0000] {dagbag.py:545} INFO - Filling up the DagBag from /opt/airflow/dags/kpi_hourly_dag.py
[2026-08-21T02:53:20.964+0000] {processor.py:840} INFO - DAG(s) 'cell_kpi_spatial_analytics_pipeline' retrieved from /opt/airflow/dags/kpi_hourly_dag.py
[2026-08-21T02:53:20.977+0000] {logging_mixin.py:188} INFO - [2026-08-21T02:53:20.976+0000] {dag.py:3096} INFO - Sync 1 DAGs
[2026-08-21T02:53:20.994+0000] {logging_mixin.py:188} INFO - [2026-08-21T02:53:20.994+0000] {dag.py:3954} INFO - Setting next_dagrun for cell_kpi_spatial_analytics_pipeline to 2025-04-30 17:00:00+00:00, run_after=2025-05-31 17:00:00+00:00
[2026-08-21T02:53:21.012+0000] {processor.py:183} INFO - Processing /opt/airflow/dags/kpi_hourly_dag.py took 0.100 seconds
[2026-08-21T02:53:51.110+0000] {processor.py:161} INFO - Started process (PID=640) to work on /opt/airflow/dags/kpi_hourly_dag.py
[2026-08-21T02:53:51.111+0000] {processor.py:830} INFO - Processing file /opt/airflow/dags/kpi_hourly_dag.py for tasks to queue
[2026-08-21T02:53:51.113+0000] {logging_mixin.py:188} INFO - [2026-08-21T02:53:51.112+0000] {dagbag.py:545} INFO - Filling up the DagBag from /opt/airflow/dags/kpi_hourly_dag.py
[2026-08-21T02:53:51.155+0000] {processor.py:840} INFO - DAG(s) 'cell_kpi_spatial_analytics_pipeline' retrieved from /opt/airflow/dags/kpi_hourly_dag.py
[2026-08-21T02:53:51.166+0000] {logging_mixin.py:188} INFO - [2026-08-21T02:53:51.165+0000] {dag.py:3096} INFO - Sync 1 DAGs
[2026-08-21T02:53:51.183+0000] {logging_mixin.py:188} INFO - [2026-08-21T02:53:51.183+0000] {dag.py:3954} INFO - Setting next_dagrun for cell_kpi_spatial_analytics_pipeline to 2025-04-30 17:00:00+00:00, run_after=2025-05-31 17:00:00+00:00
[2026-08-21T02:53:51.196+0000] {processor.py:183} INFO - Processing /opt/airflow/dags/kpi_hourly_dag.py took 0.091 seconds
[2026-08-21T02:54:12.197+0000] {processor.py:161} INFO - Started process (PID=645) to work on /opt/airflow/dags/kpi_hourly_dag.py
[2026-08-21T02:54:12.198+0000] {processor.py:830} INFO - Processing file /opt/airflow/dags/kpi_hourly_dag.py for tasks to queue
[2026-08-21T02:54:12.199+0000] {logging_mixin.py:188} INFO - [2026-08-21T02:54:12.199+0000] {dagbag.py:545} INFO - Filling up the DagBag from /opt/airflow/dags/kpi_hourly_dag.py
[2026-08-21T02:54:12.246+0000] {processor.py:840} INFO - DAG(s) 'cell_kpi_spatial_analytics_pipeline' retrieved from /opt/airflow/dags/kpi_hourly_dag.py
[2026-08-21T02:54:12.326+0000] {logging_mixin.py:188} INFO - [2026-08-21T02:54:12.326+0000] {dag.py:3096} INFO - Sync 1 DAGs
[2026-08-21T02:54:12.342+0000] {logging_mixin.py:188} INFO - [2026-08-21T02:54:12.342+0000] {dag.py:3954} INFO - Setting next_dagrun for cell_kpi_spatial_analytics_pipeline to 2025-05-31 17:00:00+00:00, run_after=2025-06-30 17:00:00+00:00
[2026-08-21T02:54:12.358+0000] {processor.py:183} INFO - Processing /opt/airflow/dags/kpi_hourly_dag.py took 0.166 seconds
[2026-08-21T02:54:17.298+0000] {processor.py:161} INFO - Started process (PID=650) to work on /opt/airflow/dags/kpi_hourly_dag.py
[2026-08-21T02:54:17.298+0000] {processor.py:830} INFO - Processing file /opt/airflow/dags/kpi_hourly_dag.py for tasks to queue
[2026-08-21T02:54:17.300+0000] {logging_mixin.py:188} INFO - [2026-08-21T02:54:17.299+0000] {dagbag.py:545} INFO - Filling up the DagBag from /opt/airflow/dags/kpi_hourly_dag.py
[2026-08-21T02:54:17.345+0000] {processor.py:840} INFO - DAG(s) 'cell_kpi_spatial_analytics_pipeline' retrieved from /opt/airflow/dags/kpi_hourly_dag.py
[2026-08-21T02:54:17.347+0000] {logging_mixin.py:188} INFO - [2026-08-21T02:54:17.347+0000] {dag.py:3096} INFO - Sync 1 DAGs
[2026-08-21T02:54:17.364+0000] {logging_mixin.py:188} INFO - [2026-08-21T02:54:17.364+0000] {dag.py:3954} INFO - Setting next_dagrun for cell_kpi_spatial_analytics_pipeline to 2025-05-31 17:00:00+00:00, run_after=2025-06-30 17:00:00+00:00
[2026-08-21T02:54:17.381+0000] {processor.py:183} INFO - Processing /opt/airflow/dags/kpi_hourly_dag.py took 0.089 seconds
[2026-08-21T02:54:30.448+0000] {processor.py:161} INFO - Started process (PID=655) to work on /opt/airflow/dags/kpi_hourly_dag.py
[2026-08-21T02:54:30.449+0000] {processor.py:830} INFO - Processing file /opt/airflow/dags/kpi_hourly_dag.py for tasks to queue
[2026-08-21T02:54:30.450+0000] {logging_mixin.py:188} INFO - [2026-08-21T02:54:30.450+0000] {dagbag.py:545} INFO - Filling up the DagBag from /opt/airflow/dags/kpi_hourly_dag.py
[2026-08-21T02:54:30.499+0000] {processor.py:840} INFO - DAG(s) 'cell_kpi_spatial_analytics_pipeline' retrieved from /opt/airflow/dags/kpi_hourly_dag.py
[2026-08-21T02:54:30.501+0000] {logging_mixin.py:188} INFO - [2026-08-21T02:54:30.501+0000] {dag.py:3096} INFO - Sync 1 DAGs
[2026-08-21T02:54:30.517+0000] {logging_mixin.py:188} INFO - [2026-08-21T02:54:30.517+0000] {dag.py:3954} INFO - Setting next_dagrun for cell_kpi_spatial_analytics_pipeline to 2025-05-31 17:00:00+00:00, run_after=2025-06-30 17:00:00+00:00
[2026-08-21T02:54:30.532+0000] {processor.py:183} INFO - Processing /opt/airflow/dags/kpi_hourly_dag.py took 0.089 seconds
[2026-08-21T02:54:35.479+0000] {processor.py:161} INFO - Started process (PID=660) to work on /opt/airflow/dags/kpi_hourly_dag.py
[2026-08-21T02:54:35.479+0000] {processor.py:830} INFO - Processing file /opt/airflow/dags/kpi_hourly_dag.py for tasks to queue
[2026-08-21T02:54:35.481+0000] {logging_mixin.py:188} INFO - [2026-08-21T02:54:35.480+0000] {dagbag.py:545} INFO - Filling up the DagBag from /opt/airflow/dags/kpi_hourly_dag.py
[2026-08-21T02:54:35.527+0000] {processor.py:840} INFO - DAG(s) 'cell_kpi_spatial_analytics_pipeline' retrieved from /opt/airflow/dags/kpi_hourly_dag.py
[2026-08-21T02:54:35.530+0000] {logging_mixin.py:188} INFO - [2026-08-21T02:54:35.530+0000] {dag.py:3096} INFO - Sync 1 DAGs
[2026-08-21T02:54:35.547+0000] {logging_mixin.py:188} INFO - [2026-08-21T02:54:35.547+0000] {dag.py:3954} INFO - Setting next_dagrun for cell_kpi_spatial_analytics_pipeline to 2025-05-31 17:00:00+00:00, run_after=2025-06-30 17:00:00+00:00
[2026-08-21T02:54:35.562+0000] {processor.py:183} INFO - Processing /opt/airflow/dags/kpi_hourly_dag.py took 0.089 seconds
[2026-08-21T02:55:05.677+0000] {processor.py:161} INFO - Started process (PID=670) to work on /opt/airflow/dags/kpi_hourly_dag.py
[2026-08-21T02:55:05.678+0000] {processor.py:830} INFO - Processing file /opt/airflow/dags/kpi_hourly_dag.py for tasks to queue
[2026-08-21T02:55:05.680+0000] {logging_mixin.py:188} INFO - [2026-08-21T02:55:05.679+0000] {dagbag.py:545} INFO - Filling up the DagBag from /opt/airflow/dags/kpi_hourly_dag.py
[2026-08-21T02:55:05.727+0000] {processor.py:840} INFO - DAG(s) 'cell_kpi_spatial_analytics_pipeline' retrieved from /opt/airflow/dags/kpi_hourly_dag.py
[2026-08-21T02:55:05.819+0000] {logging_mixin.py:188} INFO - [2026-08-21T02:55:05.819+0000] {dag.py:3096} INFO - Sync 1 DAGs
[2026-08-21T02:55:05.849+0000] {processor.py:183} INFO - Processing /opt/airflow/dags/kpi_hourly_dag.py took 0.179 seconds
[2026-08-21T02:55:35.964+0000] {processor.py:161} INFO - Started process (PID=675) to work on /opt/airflow/dags/kpi_hourly_dag.py
[2026-08-21T02:55:35.965+0000] {processor.py:830} INFO - Processing file /opt/airflow/dags/kpi_hourly_dag.py for tasks to queue
[2026-08-21T02:55:35.966+0000] {logging_mixin.py:188} INFO - [2026-08-21T02:55:35.966+0000] {dagbag.py:545} INFO - Filling up the DagBag from /opt/airflow/dags/kpi_hourly_dag.py
[2026-08-21T02:55:36.013+0000] {processor.py:840} INFO - DAG(s) 'cell_kpi_spatial_analytics_pipeline' retrieved from /opt/airflow/dags/kpi_hourly_dag.py
[2026-08-21T02:55:36.023+0000] {logging_mixin.py:188} INFO - [2026-08-21T02:55:36.023+0000] {dag.py:3096} INFO - Sync 1 DAGs
[2026-08-21T02:55:36.057+0000] {processor.py:183} INFO - Processing /opt/airflow/dags/kpi_hourly_dag.py took 0.099 seconds
[2026-08-21T02:56:06.093+0000] {processor.py:161} INFO - Started process (PID=691) to work on /opt/airflow/dags/kpi_hourly_dag.py
[2026-08-21T02:56:06.178+0000] {processor.py:830} INFO - Processing file /opt/airflow/dags/kpi_hourly_dag.py for tasks to queue
[2026-08-21T02:56:06.181+0000] {logging_mixin.py:188} INFO - [2026-08-21T02:56:06.180+0000] {dagbag.py:545} INFO - Filling up the DagBag from /opt/airflow/dags/kpi_hourly_dag.py
[2026-08-21T02:56:06.840+0000] {processor.py:840} INFO - DAG(s) 'cell_kpi_spatial_analytics_pipeline' retrieved from /opt/airflow/dags/kpi_hourly_dag.py
[2026-08-21T02:56:06.859+0000] {logging_mixin.py:188} INFO - [2026-08-21T02:56:06.859+0000] {dag.py:3096} INFO - Sync 1 DAGs
[2026-08-21T02:56:06.909+0000] {processor.py:183} INFO - Processing /opt/airflow/dags/kpi_hourly_dag.py took 0.824 seconds
[2026-08-21T02:56:37.050+0000] {processor.py:161} INFO - Started process (PID=701) to work on /opt/airflow/dags/kpi_hourly_dag.py
[2026-08-21T02:56:37.051+0000] {processor.py:830} INFO - Processing file /opt/airflow/dags/kpi_hourly_dag.py for tasks to queue
[2026-08-21T02:56:37.053+0000] {logging_mixin.py:188} INFO - [2026-08-21T02:56:37.052+0000] {dagbag.py:545} INFO - Filling up the DagBag from /opt/airflow/dags/kpi_hourly_dag.py
[2026-08-21T02:56:37.102+0000] {processor.py:840} INFO - DAG(s) 'cell_kpi_spatial_analytics_pipeline' retrieved from /opt/airflow/dags/kpi_hourly_dag.py
[2026-08-21T02:56:37.114+0000] {logging_mixin.py:188} INFO - [2026-08-21T02:56:37.114+0000] {dag.py:3096} INFO - Sync 1 DAGs
[2026-08-21T02:56:37.143+0000] {processor.py:183} INFO - Processing /opt/airflow/dags/kpi_hourly_dag.py took 0.099 seconds
[2026-08-21T02:57:07.258+0000] {processor.py:161} INFO - Started process (PID=706) to work on /opt/airflow/dags/kpi_hourly_dag.py
[2026-08-21T02:57:07.259+0000] {processor.py:830} INFO - Processing file /opt/airflow/dags/kpi_hourly_dag.py for tasks to queue
[2026-08-21T02:57:07.260+0000] {logging_mixin.py:188} INFO - [2026-08-21T02:57:07.260+0000] {dagbag.py:545} INFO - Filling up the DagBag from /opt/airflow/dags/kpi_hourly_dag.py
[2026-08-21T02:57:07.320+0000] {processor.py:840} INFO - DAG(s) 'cell_kpi_spatial_analytics_pipeline' retrieved from /opt/airflow/dags/kpi_hourly_dag.py
[2026-08-21T02:57:07.333+0000] {logging_mixin.py:188} INFO - [2026-08-21T02:57:07.333+0000] {dag.py:3096} INFO - Sync 1 DAGs
[2026-08-21T02:57:07.848+0000] {processor.py:183} INFO - Processing /opt/airflow/dags/kpi_hourly_dag.py took 0.597 seconds
[2026-08-21T02:57:38.004+0000] {processor.py:161} INFO - Started process (PID=722) to work on /opt/airflow/dags/kpi_hourly_dag.py
[2026-08-21T02:57:38.005+0000] {processor.py:830} INFO - Processing file /opt/airflow/dags/kpi_hourly_dag.py for tasks to queue
[2026-08-21T02:57:38.010+0000] {logging_mixin.py:188} INFO - [2026-08-21T02:57:38.007+0000] {dagbag.py:545} INFO - Filling up the DagBag from /opt/airflow/dags/kpi_hourly_dag.py
[2026-08-21T02:57:38.076+0000] {processor.py:840} INFO - DAG(s) 'cell_kpi_spatial_analytics_pipeline' retrieved from /opt/airflow/dags/kpi_hourly_dag.py
[2026-08-21T02:57:38.101+0000] {logging_mixin.py:188} INFO - [2026-08-21T02:57:38.100+0000] {dag.py:3096} INFO - Sync 1 DAGs
[2026-08-21T02:57:38.147+0000] {processor.py:183} INFO - Processing /opt/airflow/dags/kpi_hourly_dag.py took 0.159 seconds
[2026-08-21T02:58:08.282+0000] {processor.py:161} INFO - Started process (PID=732) to work on /opt/airflow/dags/kpi_hourly_dag.py
[2026-08-21T02:58:08.282+0000] {processor.py:830} INFO - Processing file /opt/airflow/dags/kpi_hourly_dag.py for tasks to queue
[2026-08-21T02:58:08.284+0000] {logging_mixin.py:188} INFO - [2026-08-21T02:58:08.283+0000] {dagbag.py:545} INFO - Filling up the DagBag from /opt/airflow/dags/kpi_hourly_dag.py
[2026-08-21T02:58:08.330+0000] {processor.py:840} INFO - DAG(s) 'cell_kpi_spatial_analytics_pipeline' retrieved from /opt/airflow/dags/kpi_hourly_dag.py
[2026-08-21T02:58:08.340+0000] {logging_mixin.py:188} INFO - [2026-08-21T02:58:08.340+0000] {dag.py:3096} INFO - Sync 1 DAGs
[2026-08-21T02:58:08.373+0000] {processor.py:183} INFO - Processing /opt/airflow/dags/kpi_hourly_dag.py took 0.097 seconds
[2026-08-21T02:58:38.489+0000] {processor.py:161} INFO - Started process (PID=737) to work on /opt/airflow/dags/kpi_hourly_dag.py
[2026-08-21T02:58:38.490+0000] {processor.py:830} INFO - Processing file /opt/airflow/dags/kpi_hourly_dag.py for tasks to queue
[2026-08-21T02:58:38.493+0000] {logging_mixin.py:188} INFO - [2026-08-21T02:58:38.493+0000] {dagbag.py:545} INFO - Filling up the DagBag from /opt/airflow/dags/kpi_hourly_dag.py
[2026-08-21T02:58:38.547+0000] {processor.py:840} INFO - DAG(s) 'cell_kpi_spatial_analytics_pipeline' retrieved from /opt/airflow/dags/kpi_hourly_dag.py
[2026-08-21T02:58:38.560+0000] {logging_mixin.py:188} INFO - [2026-08-21T02:58:38.560+0000] {dag.py:3096} INFO - Sync 1 DAGs
[2026-08-21T02:58:38.595+0000] {processor.py:183} INFO - Processing /opt/airflow/dags/kpi_hourly_dag.py took 0.112 seconds
[2026-08-21T02:59:08.725+0000] {processor.py:161} INFO - Started process (PID=753) to work on /opt/airflow/dags/kpi_hourly_dag.py
[2026-08-21T02:59:08.726+0000] {processor.py:830} INFO - Processing file /opt/airflow/dags/kpi_hourly_dag.py for tasks to queue
[2026-08-21T02:59:08.727+0000] {logging_mixin.py:188} INFO - [2026-08-21T02:59:08.727+0000] {dagbag.py:545} INFO - Filling up the DagBag from /opt/airflow/dags/kpi_hourly_dag.py
[2026-08-21T02:59:08.785+0000] {processor.py:840} INFO - DAG(s) 'cell_kpi_spatial_analytics_pipeline' retrieved from /opt/airflow/dags/kpi_hourly_dag.py
[2026-08-21T02:59:08.800+0000] {logging_mixin.py:188} INFO - [2026-08-21T02:59:08.800+0000] {dag.py:3096} INFO - Sync 1 DAGs
[2026-08-21T02:59:09.263+0000] {processor.py:183} INFO - Processing /opt/airflow/dags/kpi_hourly_dag.py took 0.544 seconds
[2026-08-21T02:59:39.426+0000] {processor.py:161} INFO - Started process (PID=763) to work on /opt/airflow/dags/kpi_hourly_dag.py
[2026-08-21T02:59:39.426+0000] {processor.py:830} INFO - Processing file /opt/airflow/dags/kpi_hourly_dag.py for tasks to queue
[2026-08-21T02:59:39.428+0000] {logging_mixin.py:188} INFO - [2026-08-21T02:59:39.427+0000] {dagbag.py:545} INFO - Filling up the DagBag from /opt/airflow/dags/kpi_hourly_dag.py
[2026-08-21T02:59:39.475+0000] {processor.py:840} INFO - DAG(s) 'cell_kpi_spatial_analytics_pipeline' retrieved from /opt/airflow/dags/kpi_hourly_dag.py
[2026-08-21T02:59:39.488+0000] {logging_mixin.py:188} INFO - [2026-08-21T02:59:39.488+0000] {dag.py:3096} INFO - Sync 1 DAGs
[2026-08-21T02:59:39.523+0000] {processor.py:183} INFO - Processing /opt/airflow/dags/kpi_hourly_dag.py took 0.104 seconds
[2026-08-21T03:00:09.638+0000] {processor.py:161} INFO - Started process (PID=768) to work on /opt/airflow/dags/kpi_hourly_dag.py
[2026-08-21T03:00:09.639+0000] {processor.py:830} INFO - Processing file /opt/airflow/dags/kpi_hourly_dag.py for tasks to queue
[2026-08-21T03:00:09.640+0000] {logging_mixin.py:188} INFO - [2026-08-21T03:00:09.640+0000] {dagbag.py:545} INFO - Filling up the DagBag from /opt/airflow/dags/kpi_hourly_dag.py
[2026-08-21T03:00:09.687+0000] {processor.py:840} INFO - DAG(s) 'cell_kpi_spatial_analytics_pipeline' retrieved from /opt/airflow/dags/kpi_hourly_dag.py
[2026-08-21T03:00:09.699+0000] {logging_mixin.py:188} INFO - [2026-08-21T03:00:09.698+0000] {dag.py:3096} INFO - Sync 1 DAGs
[2026-08-21T03:00:09.733+0000] {processor.py:183} INFO - Processing /opt/airflow/dags/kpi_hourly_dag.py took 0.100 seconds
[2026-08-21T03:00:39.773+0000] {processor.py:161} INFO - Started process (PID=784) to work on /opt/airflow/dags/kpi_hourly_dag.py
[2026-08-21T03:00:39.774+0000] {processor.py:830} INFO - Processing file /opt/airflow/dags/kpi_hourly_dag.py for tasks to queue
[2026-08-21T03:00:39.775+0000] {logging_mixin.py:188} INFO - [2026-08-21T03:00:39.775+0000] {dagbag.py:545} INFO - Filling up the DagBag from /opt/airflow/dags/kpi_hourly_dag.py
[2026-08-21T03:00:39.818+0000] {processor.py:840} INFO - DAG(s) 'cell_kpi_spatial_analytics_pipeline' retrieved from /opt/airflow/dags/kpi_hourly_dag.py
[2026-08-21T03:00:39.828+0000] {logging_mixin.py:188} INFO - [2026-08-21T03:00:39.828+0000] {dag.py:3096} INFO - Sync 1 DAGs
[2026-08-21T03:00:39.845+0000] {logging_mixin.py:188} INFO - [2026-08-21T03:00:39.845+0000] {dag.py:3954} INFO - Setting next_dagrun for cell_kpi_spatial_analytics_pipeline to None, run_after=None
[2026-08-21T03:00:39.858+0000] {processor.py:183} INFO - Processing /opt/airflow/dags/kpi_hourly_dag.py took 0.091 seconds
[2026-08-21T03:01:09.952+0000] {processor.py:161} INFO - Started process (PID=789) to work on /opt/airflow/dags/kpi_hourly_dag.py
[2026-08-21T03:01:09.953+0000] {processor.py:830} INFO - Processing file /opt/airflow/dags/kpi_hourly_dag.py for tasks to queue
[2026-08-21T03:01:09.954+0000] {logging_mixin.py:188} INFO - [2026-08-21T03:01:09.954+0000] {dagbag.py:545} INFO - Filling up the DagBag from /opt/airflow/dags/kpi_hourly_dag.py
[2026-08-21T03:01:09.997+0000] {processor.py:840} INFO - DAG(s) 'cell_kpi_spatial_analytics_pipeline' retrieved from /opt/airflow/dags/kpi_hourly_dag.py
[2026-08-21T03:01:10.007+0000] {logging_mixin.py:188} INFO - [2026-08-21T03:01:10.007+0000] {dag.py:3096} INFO - Sync 1 DAGs
[2026-08-21T03:01:10.024+0000] {logging_mixin.py:188} INFO - [2026-08-21T03:01:10.023+0000] {dag.py:3954} INFO - Setting next_dagrun for cell_kpi_spatial_analytics_pipeline to None, run_after=None
[2026-08-21T03:01:10.036+0000] {processor.py:183} INFO - Processing /opt/airflow/dags/kpi_hourly_dag.py took 0.089 seconds
[2026-08-21T03:01:40.067+0000] {processor.py:161} INFO - Started process (PID=794) to work on /opt/airflow/dags/kpi_hourly_dag.py
[2026-08-21T03:01:40.068+0000] {processor.py:830} INFO - Processing file /opt/airflow/dags/kpi_hourly_dag.py for tasks to queue
[2026-08-21T03:01:40.070+0000] {logging_mixin.py:188} INFO - [2026-08-21T03:01:40.070+0000] {dagbag.py:545} INFO - Filling up the DagBag from /opt/airflow/dags/kpi_hourly_dag.py
[2026-08-21T03:01:40.121+0000] {processor.py:840} INFO - DAG(s) 'cell_kpi_spatial_analytics_pipeline' retrieved from /opt/airflow/dags/kpi_hourly_dag.py
[2026-08-21T03:01:40.132+0000] {logging_mixin.py:188} INFO - [2026-08-21T03:01:40.132+0000] {dag.py:3096} INFO - Sync 1 DAGs
[2026-08-21T03:01:40.148+0000] {logging_mixin.py:188} INFO - [2026-08-21T03:01:40.148+0000] {dag.py:3954} INFO - Setting next_dagrun for cell_kpi_spatial_analytics_pipeline to None, run_after=None
[2026-08-21T03:01:40.164+0000] {processor.py:183} INFO - Processing /opt/airflow/dags/kpi_hourly_dag.py took 0.105 seconds
[2026-08-21T03:02:10.246+0000] {processor.py:161} INFO - Started process (PID=799) to work on /opt/airflow/dags/kpi_hourly_dag.py
[2026-08-21T03:02:10.247+0000] {processor.py:830} INFO - Processing file /opt/airflow/dags/kpi_hourly_dag.py for tasks to queue
[2026-08-21T03:02:10.248+0000] {logging_mixin.py:188} INFO - [2026-08-21T03:02:10.248+0000] {dagbag.py:545} INFO - Filling up the DagBag from /opt/airflow/dags/kpi_hourly_dag.py
[2026-08-21T03:02:10.300+0000] {processor.py:840} INFO - DAG(s) 'cell_kpi_spatial_analytics_pipeline' retrieved from /opt/airflow/dags/kpi_hourly_dag.py
[2026-08-21T03:02:10.311+0000] {logging_mixin.py:188} INFO - [2026-08-21T03:02:10.311+0000] {dag.py:3096} INFO - Sync 1 DAGs
[2026-08-21T03:02:10.328+0000] {logging_mixin.py:188} INFO - [2026-08-21T03:02:10.328+0000] {dag.py:3954} INFO - Setting next_dagrun for cell_kpi_spatial_analytics_pipeline to None, run_after=None
[2026-08-21T03:02:10.342+0000] {processor.py:183} INFO - Processing /opt/airflow/dags/kpi_hourly_dag.py took 0.101 seconds
[2026-08-21T03:02:40.447+0000] {processor.py:161} INFO - Started process (PID=804) to work on /opt/airflow/dags/kpi_hourly_dag.py
[2026-08-21T03:02:40.448+0000] {processor.py:830} INFO - Processing file /opt/airflow/dags/kpi_hourly_dag.py for tasks to queue
[2026-08-21T03:02:40.449+0000] {logging_mixin.py:188} INFO - [2026-08-21T03:02:40.449+0000] {dagbag.py:545} INFO - Filling up the DagBag from /opt/airflow/dags/kpi_hourly_dag.py
[2026-08-21T03:02:40.493+0000] {processor.py:840} INFO - DAG(s) 'cell_kpi_spatial_analytics_pipeline' retrieved from /opt/airflow/dags/kpi_hourly_dag.py
[2026-08-21T03:02:40.504+0000] {logging_mixin.py:188} INFO - [2026-08-21T03:02:40.504+0000] {dag.py:3096} INFO - Sync 1 DAGs
[2026-08-21T03:02:40.521+0000] {logging_mixin.py:188} INFO - [2026-08-21T03:02:40.521+0000] {dag.py:3954} INFO - Setting next_dagrun for cell_kpi_spatial_analytics_pipeline to None, run_after=None
[2026-08-21T03:02:40.535+0000] {processor.py:183} INFO - Processing /opt/airflow/dags/kpi_hourly_dag.py took 0.093 seconds
[2026-08-21T03:03:10.643+0000] {processor.py:161} INFO - Started process (PID=809) to work on /opt/airflow/dags/kpi_hourly_dag.py
[2026-08-21T03:03:10.643+0000] {processor.py:830} INFO - Processing file /opt/airflow/dags/kpi_hourly_dag.py for tasks to queue
[2026-08-21T03:03:10.645+0000] {logging_mixin.py:188} INFO - [2026-08-21T03:03:10.644+0000] {dagbag.py:545} INFO - Filling up the DagBag from /opt/airflow/dags/kpi_hourly_dag.py
[2026-08-21T03:03:10.688+0000] {processor.py:840} INFO - DAG(s) 'cell_kpi_spatial_analytics_pipeline' retrieved from /opt/airflow/dags/kpi_hourly_dag.py
[2026-08-21T03:03:10.699+0000] {logging_mixin.py:188} INFO - [2026-08-21T03:03:10.699+0000] {dag.py:3096} INFO - Sync 1 DAGs
[2026-08-21T03:03:10.715+0000] {logging_mixin.py:188} INFO - [2026-08-21T03:03:10.715+0000] {dag.py:3954} INFO - Setting next_dagrun for cell_kpi_spatial_analytics_pipeline to None, run_after=None
[2026-08-21T03:03:10.729+0000] {processor.py:183} INFO - Processing /opt/airflow/dags/kpi_hourly_dag.py took 0.093 seconds
[2026-08-21T03:03:40.836+0000] {processor.py:161} INFO - Started process (PID=814) to work on /opt/airflow/dags/kpi_hourly_dag.py
[2026-08-21T03:03:40.837+0000] {processor.py:830} INFO - Processing file /opt/airflow/dags/kpi_hourly_dag.py for tasks to queue
[2026-08-21T03:03:40.839+0000] {logging_mixin.py:188} INFO - [2026-08-21T03:03:40.839+0000] {dagbag.py:545} INFO - Filling up the DagBag from /opt/airflow/dags/kpi_hourly_dag.py
[2026-08-21T03:03:40.895+0000] {processor.py:840} INFO - DAG(s) 'cell_kpi_spatial_analytics_pipeline' retrieved from /opt/airflow/dags/kpi_hourly_dag.py
[2026-08-21T03:03:40.906+0000] {logging_mixin.py:188} INFO - [2026-08-21T03:03:40.906+0000] {dag.py:3096} INFO - Sync 1 DAGs
[2026-08-21T03:03:40.930+0000] {logging_mixin.py:188} INFO - [2026-08-21T03:03:40.930+0000] {dag.py:3954} INFO - Setting next_dagrun for cell_kpi_spatial_analytics_pipeline to None, run_after=None
[2026-08-21T03:03:40.944+0000] {processor.py:183} INFO - Processing /opt/airflow/dags/kpi_hourly_dag.py took 0.114 seconds
[2026-08-21T03:04:10.994+0000] {processor.py:161} INFO - Started process (PID=819) to work on /opt/airflow/dags/kpi_hourly_dag.py
[2026-08-21T03:04:10.995+0000] {processor.py:830} INFO - Processing file /opt/airflow/dags/kpi_hourly_dag.py for tasks to queue
[2026-08-21T03:04:10.996+0000] {logging_mixin.py:188} INFO - [2026-08-21T03:04:10.996+0000] {dagbag.py:545} INFO - Filling up the DagBag from /opt/airflow/dags/kpi_hourly_dag.py
[2026-08-21T03:04:11.040+0000] {processor.py:840} INFO - DAG(s) 'cell_kpi_spatial_analytics_pipeline' retrieved from /opt/airflow/dags/kpi_hourly_dag.py
[2026-08-21T03:04:11.052+0000] {logging_mixin.py:188} INFO - [2026-08-21T03:04:11.051+0000] {dag.py:3096} INFO - Sync 1 DAGs
[2026-08-21T03:04:11.069+0000] {logging_mixin.py:188} INFO - [2026-08-21T03:04:11.069+0000] {dag.py:3954} INFO - Setting next_dagrun for cell_kpi_spatial_analytics_pipeline to None, run_after=None
[2026-08-21T03:04:11.086+0000] {processor.py:183} INFO - Processing /opt/airflow/dags/kpi_hourly_dag.py took 0.097 seconds
[2026-08-21T03:04:41.194+0000] {processor.py:161} INFO - Started process (PID=824) to work on /opt/airflow/dags/kpi_hourly_dag.py
[2026-08-21T03:04:41.195+0000] {processor.py:830} INFO - Processing file /opt/airflow/dags/kpi_hourly_dag.py for tasks to queue
[2026-08-21T03:04:41.196+0000] {logging_mixin.py:188} INFO - [2026-08-21T03:04:41.196+0000] {dagbag.py:545} INFO - Filling up the DagBag from /opt/airflow/dags/kpi_hourly_dag.py
[2026-08-21T03:04:41.239+0000] {processor.py:840} INFO - DAG(s) 'cell_kpi_spatial_analytics_pipeline' retrieved from /opt/airflow/dags/kpi_hourly_dag.py
[2026-08-21T03:04:41.249+0000] {logging_mixin.py:188} INFO - [2026-08-21T03:04:41.249+0000] {dag.py:3096} INFO - Sync 1 DAGs
[2026-08-21T03:04:41.268+0000] {logging_mixin.py:188} INFO - [2026-08-21T03:04:41.268+0000] {dag.py:3954} INFO - Setting next_dagrun for cell_kpi_spatial_analytics_pipeline to None, run_after=None
[2026-08-21T03:04:41.282+0000] {processor.py:183} INFO - Processing /opt/airflow/dags/kpi_hourly_dag.py took 0.092 seconds
[2026-08-21T03:05:11.310+0000] {processor.py:161} INFO - Started process (PID=829) to work on /opt/airflow/dags/kpi_hourly_dag.py
[2026-08-21T03:05:11.310+0000] {processor.py:830} INFO - Processing file /opt/airflow/dags/kpi_hourly_dag.py for tasks to queue
[2026-08-21T03:05:11.312+0000] {logging_mixin.py:188} INFO - [2026-08-21T03:05:11.312+0000] {dagbag.py:545} INFO - Filling up the DagBag from /opt/airflow/dags/kpi_hourly_dag.py
[2026-08-21T03:05:11.355+0000] {processor.py:840} INFO - DAG(s) 'cell_kpi_spatial_analytics_pipeline' retrieved from /opt/airflow/dags/kpi_hourly_dag.py
[2026-08-21T03:05:11.368+0000] {logging_mixin.py:188} INFO - [2026-08-21T03:05:11.367+0000] {dag.py:3096} INFO - Sync 1 DAGs
[2026-08-21T03:05:11.385+0000] {logging_mixin.py:188} INFO - [2026-08-21T03:05:11.385+0000] {dag.py:3954} INFO - Setting next_dagrun for cell_kpi_spatial_analytics_pipeline to None, run_after=None
[2026-08-21T03:05:11.399+0000] {processor.py:183} INFO - Processing /opt/airflow/dags/kpi_hourly_dag.py took 0.095 seconds
[2026-08-21T03:05:41.492+0000] {processor.py:161} INFO - Started process (PID=834) to work on /opt/airflow/dags/kpi_hourly_dag.py
[2026-08-21T03:05:41.493+0000] {processor.py:830} INFO - Processing file /opt/airflow/dags/kpi_hourly_dag.py for tasks to queue
[2026-08-21T03:05:41.494+0000] {logging_mixin.py:188} INFO - [2026-08-21T03:05:41.494+0000] {dagbag.py:545} INFO - Filling up the DagBag from /opt/airflow/dags/kpi_hourly_dag.py
[2026-08-21T03:05:41.538+0000] {processor.py:840} INFO - DAG(s) 'cell_kpi_spatial_analytics_pipeline' retrieved from /opt/airflow/dags/kpi_hourly_dag.py
[2026-08-21T03:05:41.548+0000] {logging_mixin.py:188} INFO - [2026-08-21T03:05:41.547+0000] {dag.py:3096} INFO - Sync 1 DAGs
[2026-08-21T03:05:41.564+0000] {logging_mixin.py:188} INFO - [2026-08-21T03:05:41.564+0000] {dag.py:3954} INFO - Setting next_dagrun for cell_kpi_spatial_analytics_pipeline to None, run_after=None
[2026-08-21T03:05:41.578+0000] {processor.py:183} INFO - Processing /opt/airflow/dags/kpi_hourly_dag.py took 0.091 seconds
[2026-08-21T03:06:11.685+0000] {processor.py:161} INFO - Started process (PID=839) to work on /opt/airflow/dags/kpi_hourly_dag.py
[2026-08-21T03:06:11.686+0000] {processor.py:830} INFO - Processing file /opt/airflow/dags/kpi_hourly_dag.py for tasks to queue
[2026-08-21T03:06:11.687+0000] {logging_mixin.py:188} INFO - [2026-08-21T03:06:11.687+0000] {dagbag.py:545} INFO - Filling up the DagBag from /opt/airflow/dags/kpi_hourly_dag.py
[2026-08-21T03:06:11.732+0000] {processor.py:840} INFO - DAG(s) 'cell_kpi_spatial_analytics_pipeline' retrieved from /opt/airflow/dags/kpi_hourly_dag.py
[2026-08-21T03:06:11.743+0000] {logging_mixin.py:188} INFO - [2026-08-21T03:06:11.743+0000] {dag.py:3096} INFO - Sync 1 DAGs
[2026-08-21T03:06:11.760+0000] {logging_mixin.py:188} INFO - [2026-08-21T03:06:11.759+0000] {dag.py:3954} INFO - Setting next_dagrun for cell_kpi_spatial_analytics_pipeline to None, run_after=None
[2026-08-21T03:06:11.774+0000] {processor.py:183} INFO - Processing /opt/airflow/dags/kpi_hourly_dag.py took 0.094 seconds
[2026-08-21T03:06:41.883+0000] {processor.py:161} INFO - Started process (PID=844) to work on /opt/airflow/dags/kpi_hourly_dag.py
[2026-08-21T03:06:41.884+0000] {processor.py:830} INFO - Processing file /opt/airflow/dags/kpi_hourly_dag.py for tasks to queue
[2026-08-21T03:06:41.885+0000] {logging_mixin.py:188} INFO - [2026-08-21T03:06:41.885+0000] {dagbag.py:545} INFO - Filling up the DagBag from /opt/airflow/dags/kpi_hourly_dag.py
[2026-08-21T03:06:41.931+0000] {processor.py:840} INFO - DAG(s) 'cell_kpi_spatial_analytics_pipeline' retrieved from /opt/airflow/dags/kpi_hourly_dag.py
[2026-08-21T03:06:41.941+0000] {logging_mixin.py:188} INFO - [2026-08-21T03:06:41.941+0000] {dag.py:3096} INFO - Sync 1 DAGs
[2026-08-21T03:06:41.959+0000] {logging_mixin.py:188} INFO - [2026-08-21T03:06:41.959+0000] {dag.py:3954} INFO - Setting next_dagrun for cell_kpi_spatial_analytics_pipeline to None, run_after=None
[2026-08-21T03:06:41.979+0000] {processor.py:183} INFO - Processing /opt/airflow/dags/kpi_hourly_dag.py took 0.102 seconds
[2026-08-21T03:07:12.090+0000] {processor.py:161} INFO - Started process (PID=849) to work on /opt/airflow/dags/kpi_hourly_dag.py
[2026-08-21T03:07:12.091+0000] {processor.py:830} INFO - Processing file /opt/airflow/dags/kpi_hourly_dag.py for tasks to queue
[2026-08-21T03:07:12.092+0000] {logging_mixin.py:188} INFO - [2026-08-21T03:07:12.092+0000] {dagbag.py:545} INFO - Filling up the DagBag from /opt/airflow/dags/kpi_hourly_dag.py
[2026-08-21T03:07:12.134+0000] {processor.py:840} INFO - DAG(s) 'cell_kpi_spatial_analytics_pipeline' retrieved from /opt/airflow/dags/kpi_hourly_dag.py
[2026-08-21T03:07:12.145+0000] {logging_mixin.py:188} INFO - [2026-08-21T03:07:12.145+0000] {dag.py:3096} INFO - Sync 1 DAGs
[2026-08-21T03:07:12.162+0000] {logging_mixin.py:188} INFO - [2026-08-21T03:07:12.162+0000] {dag.py:3954} INFO - Setting next_dagrun for cell_kpi_spatial_analytics_pipeline to None, run_after=None
[2026-08-21T03:07:12.176+0000] {processor.py:183} INFO - Processing /opt/airflow/dags/kpi_hourly_dag.py took 0.091 seconds
[2026-08-21T03:07:42.285+0000] {processor.py:161} INFO - Started process (PID=854) to work on /opt/airflow/dags/kpi_hourly_dag.py
[2026-08-21T03:07:42.286+0000] {processor.py:830} INFO - Processing file /opt/airflow/dags/kpi_hourly_dag.py for tasks to queue
[2026-08-21T03:07:42.287+0000] {logging_mixin.py:188} INFO - [2026-08-21T03:07:42.287+0000] {dagbag.py:545} INFO - Filling up the DagBag from /opt/airflow/dags/kpi_hourly_dag.py
[2026-08-21T03:07:42.333+0000] {processor.py:840} INFO - DAG(s) 'cell_kpi_spatial_analytics_pipeline' retrieved from /opt/airflow/dags/kpi_hourly_dag.py
[2026-08-21T03:07:42.343+0000] {logging_mixin.py:188} INFO - [2026-08-21T03:07:42.343+0000] {dag.py:3096} INFO - Sync 1 DAGs
[2026-08-21T03:07:42.360+0000] {logging_mixin.py:188} INFO - [2026-08-21T03:07:42.359+0000] {dag.py:3954} INFO - Setting next_dagrun for cell_kpi_spatial_analytics_pipeline to None, run_after=None
[2026-08-21T03:07:42.373+0000] {processor.py:183} INFO - Processing /opt/airflow/dags/kpi_hourly_dag.py took 0.094 seconds
[2026-08-21T03:08:12.483+0000] {processor.py:161} INFO - Started process (PID=859) to work on /opt/airflow/dags/kpi_hourly_dag.py
[2026-08-21T03:08:12.484+0000] {processor.py:830} INFO - Processing file /opt/airflow/dags/kpi_hourly_dag.py for tasks to queue
[2026-08-21T03:08:12.485+0000] {logging_mixin.py:188} INFO - [2026-08-21T03:08:12.485+0000] {dagbag.py:545} INFO - Filling up the DagBag from /opt/airflow/dags/kpi_hourly_dag.py
[2026-08-21T03:08:12.528+0000] {processor.py:840} INFO - DAG(s) 'cell_kpi_spatial_analytics_pipeline' retrieved from /opt/airflow/dags/kpi_hourly_dag.py
[2026-08-21T03:08:12.538+0000] {logging_mixin.py:188} INFO - [2026-08-21T03:08:12.538+0000] {dag.py:3096} INFO - Sync 1 DAGs
[2026-08-21T03:08:12.554+0000] {logging_mixin.py:188} INFO - [2026-08-21T03:08:12.554+0000] {dag.py:3954} INFO - Setting next_dagrun for cell_kpi_spatial_analytics_pipeline to None, run_after=None
[2026-08-21T03:08:12.571+0000] {processor.py:183} INFO - Processing /opt/airflow/dags/kpi_hourly_dag.py took 0.095 seconds
[2026-08-21T03:08:42.682+0000] {processor.py:161} INFO - Started process (PID=864) to work on /opt/airflow/dags/kpi_hourly_dag.py
[2026-08-21T03:08:42.682+0000] {processor.py:830} INFO - Processing file /opt/airflow/dags/kpi_hourly_dag.py for tasks to queue
[2026-08-21T03:08:42.684+0000] {logging_mixin.py:188} INFO - [2026-08-21T03:08:42.684+0000] {dagbag.py:545} INFO - Filling up the DagBag from /opt/airflow/dags/kpi_hourly_dag.py
[2026-08-21T03:08:42.727+0000] {processor.py:840} INFO - DAG(s) 'cell_kpi_spatial_analytics_pipeline' retrieved from /opt/airflow/dags/kpi_hourly_dag.py
[2026-08-21T03:08:42.737+0000] {logging_mixin.py:188} INFO - [2026-08-21T03:08:42.737+0000] {dag.py:3096} INFO - Sync 1 DAGs
[2026-08-21T03:08:42.755+0000] {logging_mixin.py:188} INFO - [2026-08-21T03:08:42.754+0000] {dag.py:3954} INFO - Setting next_dagrun for cell_kpi_spatial_analytics_pipeline to None, run_after=None
[2026-08-21T03:08:42.768+0000] {processor.py:183} INFO - Processing /opt/airflow/dags/kpi_hourly_dag.py took 0.092 seconds
[2026-08-21T03:09:12.870+0000] {processor.py:161} INFO - Started process (PID=869) to work on /opt/airflow/dags/kpi_hourly_dag.py
[2026-08-21T03:09:12.871+0000] {processor.py:830} INFO - Processing file /opt/airflow/dags/kpi_hourly_dag.py for tasks to queue
[2026-08-21T03:09:12.872+0000] {logging_mixin.py:188} INFO - [2026-08-21T03:09:12.872+0000] {dagbag.py:545} INFO - Filling up the DagBag from /opt/airflow/dags/kpi_hourly_dag.py
[2026-08-21T03:09:12.917+0000] {processor.py:840} INFO - DAG(s) 'cell_kpi_spatial_analytics_pipeline' retrieved from /opt/airflow/dags/kpi_hourly_dag.py
[2026-08-21T03:09:12.928+0000] {logging_mixin.py:188} INFO - [2026-08-21T03:09:12.928+0000] {dag.py:3096} INFO - Sync 1 DAGs
[2026-08-21T03:09:12.945+0000] {logging_mixin.py:188} INFO - [2026-08-21T03:09:12.945+0000] {dag.py:3954} INFO - Setting next_dagrun for cell_kpi_spatial_analytics_pipeline to None, run_after=None
[2026-08-21T03:09:12.959+0000] {processor.py:183} INFO - Processing /opt/airflow/dags/kpi_hourly_dag.py took 0.094 seconds
[2026-08-21T03:09:42.992+0000] {processor.py:161} INFO - Started process (PID=874) to work on /opt/airflow/dags/kpi_hourly_dag.py
[2026-08-21T03:09:42.992+0000] {processor.py:830} INFO - Processing file /opt/airflow/dags/kpi_hourly_dag.py for tasks to queue
[2026-08-21T03:09:42.994+0000] {logging_mixin.py:188} INFO - [2026-08-21T03:09:42.993+0000] {dagbag.py:545} INFO - Filling up the DagBag from /opt/airflow/dags/kpi_hourly_dag.py
[2026-08-21T03:09:43.037+0000] {processor.py:840} INFO - DAG(s) 'cell_kpi_spatial_analytics_pipeline' retrieved from /opt/airflow/dags/kpi_hourly_dag.py
[2026-08-21T03:09:43.047+0000] {logging_mixin.py:188} INFO - [2026-08-21T03:09:43.047+0000] {dag.py:3096} INFO - Sync 1 DAGs
[2026-08-21T03:09:43.064+0000] {logging_mixin.py:188} INFO - [2026-08-21T03:09:43.064+0000] {dag.py:3954} INFO - Setting next_dagrun for cell_kpi_spatial_analytics_pipeline to None, run_after=None
[2026-08-21T03:09:43.077+0000] {processor.py:183} INFO - Processing /opt/airflow/dags/kpi_hourly_dag.py took 0.091 seconds
[2026-08-21T03:10:13.167+0000] {processor.py:161} INFO - Started process (PID=879) to work on /opt/airflow/dags/kpi_hourly_dag.py
[2026-08-21T03:10:13.168+0000] {processor.py:830} INFO - Processing file /opt/airflow/dags/kpi_hourly_dag.py for tasks to queue
[2026-08-21T03:10:13.170+0000] {logging_mixin.py:188} INFO - [2026-08-21T03:10:13.169+0000] {dagbag.py:545} INFO - Filling up the DagBag from /opt/airflow/dags/kpi_hourly_dag.py
[2026-08-21T03:10:13.214+0000] {processor.py:840} INFO - DAG(s) 'cell_kpi_spatial_analytics_pipeline' retrieved from /opt/airflow/dags/kpi_hourly_dag.py
[2026-08-21T03:10:13.225+0000] {logging_mixin.py:188} INFO - [2026-08-21T03:10:13.224+0000] {dag.py:3096} INFO - Sync 1 DAGs
[2026-08-21T03:10:13.241+0000] {logging_mixin.py:188} INFO - [2026-08-21T03:10:13.241+0000] {dag.py:3954} INFO - Setting next_dagrun for cell_kpi_spatial_analytics_pipeline to None, run_after=None
[2026-08-21T03:10:13.255+0000] {processor.py:183} INFO - Processing /opt/airflow/dags/kpi_hourly_dag.py took 0.094 seconds
[2026-08-21T03:10:43.288+0000] {processor.py:161} INFO - Started process (PID=884) to work on /opt/airflow/dags/kpi_hourly_dag.py
[2026-08-21T03:10:43.289+0000] {processor.py:830} INFO - Processing file /opt/airflow/dags/kpi_hourly_dag.py for tasks to queue
[2026-08-21T03:10:43.290+0000] {logging_mixin.py:188} INFO - [2026-08-21T03:10:43.290+0000] {dagbag.py:545} INFO - Filling up the DagBag from /opt/airflow/dags/kpi_hourly_dag.py
[2026-08-21T03:10:43.334+0000] {processor.py:840} INFO - DAG(s) 'cell_kpi_spatial_analytics_pipeline' retrieved from /opt/airflow/dags/kpi_hourly_dag.py
[2026-08-21T03:10:43.346+0000] {logging_mixin.py:188} INFO - [2026-08-21T03:10:43.345+0000] {dag.py:3096} INFO - Sync 1 DAGs
[2026-08-21T03:10:43.365+0000] {logging_mixin.py:188} INFO - [2026-08-21T03:10:43.365+0000] {dag.py:3954} INFO - Setting next_dagrun for cell_kpi_spatial_analytics_pipeline to None, run_after=None
[2026-08-21T03:10:43.379+0000] {processor.py:183} INFO - Processing /opt/airflow/dags/kpi_hourly_dag.py took 0.097 seconds
[2026-08-21T03:11:13.466+0000] {processor.py:161} INFO - Started process (PID=889) to work on /opt/airflow/dags/kpi_hourly_dag.py
[2026-08-21T03:11:13.467+0000] {processor.py:830} INFO - Processing file /opt/airflow/dags/kpi_hourly_dag.py for tasks to queue
[2026-08-21T03:11:13.468+0000] {logging_mixin.py:188} INFO - [2026-08-21T03:11:13.468+0000] {dagbag.py:545} INFO - Filling up the DagBag from /opt/airflow/dags/kpi_hourly_dag.py
[2026-08-21T03:11:13.510+0000] {processor.py:840} INFO - DAG(s) 'cell_kpi_spatial_analytics_pipeline' retrieved from /opt/airflow/dags/kpi_hourly_dag.py
[2026-08-21T03:11:13.521+0000] {logging_mixin.py:188} INFO - [2026-08-21T03:11:13.521+0000] {dag.py:3096} INFO - Sync 1 DAGs
[2026-08-21T03:11:13.538+0000] {logging_mixin.py:188} INFO - [2026-08-21T03:11:13.538+0000] {dag.py:3954} INFO - Setting next_dagrun for cell_kpi_spatial_analytics_pipeline to None, run_after=None
[2026-08-21T03:11:13.553+0000] {processor.py:183} INFO - Processing /opt/airflow/dags/kpi_hourly_dag.py took 0.092 seconds
[2026-08-21T03:11:43.588+0000] {processor.py:161} INFO - Started process (PID=894) to work on /opt/airflow/dags/kpi_hourly_dag.py
[2026-08-21T03:11:43.588+0000] {processor.py:830} INFO - Processing file /opt/airflow/dags/kpi_hourly_dag.py for tasks to queue
[2026-08-21T03:11:43.590+0000] {logging_mixin.py:188} INFO - [2026-08-21T03:11:43.589+0000] {dagbag.py:545} INFO - Filling up the DagBag from /opt/airflow/dags/kpi_hourly_dag.py
[2026-08-21T03:11:43.633+0000] {processor.py:840} INFO - DAG(s) 'cell_kpi_spatial_analytics_pipeline' retrieved from /opt/airflow/dags/kpi_hourly_dag.py
[2026-08-21T03:11:43.644+0000] {logging_mixin.py:188} INFO - [2026-08-21T03:11:43.644+0000] {dag.py:3096} INFO - Sync 1 DAGs
[2026-08-21T03:11:43.661+0000] {logging_mixin.py:188} INFO - [2026-08-21T03:11:43.661+0000] {dag.py:3954} INFO - Setting next_dagrun for cell_kpi_spatial_analytics_pipeline to None, run_after=None
[2026-08-21T03:11:43.675+0000] {processor.py:183} INFO - Processing /opt/airflow/dags/kpi_hourly_dag.py took 0.093 seconds
[2026-08-21T03:12:13.759+0000] {processor.py:161} INFO - Started process (PID=899) to work on /opt/airflow/dags/kpi_hourly_dag.py
[2026-08-21T03:12:13.760+0000] {processor.py:830} INFO - Processing file /opt/airflow/dags/kpi_hourly_dag.py for tasks to queue
[2026-08-21T03:12:13.761+0000] {logging_mixin.py:188} INFO - [2026-08-21T03:12:13.761+0000] {dagbag.py:545} INFO - Filling up the DagBag from /opt/airflow/dags/kpi_hourly_dag.py
[2026-08-21T03:12:13.803+0000] {processor.py:840} INFO - DAG(s) 'cell_kpi_spatial_analytics_pipeline' retrieved from /opt/airflow/dags/kpi_hourly_dag.py
[2026-08-21T03:12:13.814+0000] {logging_mixin.py:188} INFO - [2026-08-21T03:12:13.814+0000] {dag.py:3096} INFO - Sync 1 DAGs
[2026-08-21T03:12:13.830+0000] {logging_mixin.py:188} INFO - [2026-08-21T03:12:13.830+0000] {dag.py:3954} INFO - Setting next_dagrun for cell_kpi_spatial_analytics_pipeline to None, run_after=None
[2026-08-21T03:12:13.844+0000] {processor.py:183} INFO - Processing /opt/airflow/dags/kpi_hourly_dag.py took 0.090 seconds
[2026-08-21T03:12:43.876+0000] {processor.py:161} INFO - Started process (PID=904) to work on /opt/airflow/dags/kpi_hourly_dag.py
[2026-08-21T03:12:43.876+0000] {processor.py:830} INFO - Processing file /opt/airflow/dags/kpi_hourly_dag.py for tasks to queue
[2026-08-21T03:12:43.878+0000] {logging_mixin.py:188} INFO - [2026-08-21T03:12:43.877+0000] {dagbag.py:545} INFO - Filling up the DagBag from /opt/airflow/dags/kpi_hourly_dag.py
[2026-08-21T03:12:43.920+0000] {processor.py:840} INFO - DAG(s) 'cell_kpi_spatial_analytics_pipeline' retrieved from /opt/airflow/dags/kpi_hourly_dag.py
[2026-08-21T03:12:43.931+0000] {logging_mixin.py:188} INFO - [2026-08-21T03:12:43.931+0000] {dag.py:3096} INFO - Sync 1 DAGs
[2026-08-21T03:12:43.954+0000] {logging_mixin.py:188} INFO - [2026-08-21T03:12:43.953+0000] {dag.py:3954} INFO - Setting next_dagrun for cell_kpi_spatial_analytics_pipeline to None, run_after=None
[2026-08-21T03:12:43.967+0000] {processor.py:183} INFO - Processing /opt/airflow/dags/kpi_hourly_dag.py took 0.097 seconds
[2026-08-21T03:13:14.054+0000] {processor.py:161} INFO - Started process (PID=909) to work on /opt/airflow/dags/kpi_hourly_dag.py
[2026-08-21T03:13:14.054+0000] {processor.py:830} INFO - Processing file /opt/airflow/dags/kpi_hourly_dag.py for tasks to queue
[2026-08-21T03:13:14.056+0000] {logging_mixin.py:188} INFO - [2026-08-21T03:13:14.055+0000] {dagbag.py:545} INFO - Filling up the DagBag from /opt/airflow/dags/kpi_hourly_dag.py
[2026-08-21T03:13:14.098+0000] {processor.py:840} INFO - DAG(s) 'cell_kpi_spatial_analytics_pipeline' retrieved from /opt/airflow/dags/kpi_hourly_dag.py
[2026-08-21T03:13:14.109+0000] {logging_mixin.py:188} INFO - [2026-08-21T03:13:14.109+0000] {dag.py:3096} INFO - Sync 1 DAGs
[2026-08-21T03:13:14.125+0000] {logging_mixin.py:188} INFO - [2026-08-21T03:13:14.125+0000] {dag.py:3954} INFO - Setting next_dagrun for cell_kpi_spatial_analytics_pipeline to None, run_after=None
[2026-08-21T03:13:14.138+0000] {processor.py:183} INFO - Processing /opt/airflow/dags/kpi_hourly_dag.py took 0.090 seconds
[2026-08-21T03:13:44.181+0000] {processor.py:161} INFO - Started process (PID=914) to work on /opt/airflow/dags/kpi_hourly_dag.py
[2026-08-21T03:13:44.182+0000] {processor.py:830} INFO - Processing file /opt/airflow/dags/kpi_hourly_dag.py for tasks to queue
[2026-08-21T03:13:44.183+0000] {logging_mixin.py:188} INFO - [2026-08-21T03:13:44.183+0000] {dagbag.py:545} INFO - Filling up the DagBag from /opt/airflow/dags/kpi_hourly_dag.py
[2026-08-21T03:13:44.226+0000] {processor.py:840} INFO - DAG(s) 'cell_kpi_spatial_analytics_pipeline' retrieved from /opt/airflow/dags/kpi_hourly_dag.py
[2026-08-21T03:13:44.236+0000] {logging_mixin.py:188} INFO - [2026-08-21T03:13:44.236+0000] {dag.py:3096} INFO - Sync 1 DAGs
[2026-08-21T03:13:44.253+0000] {logging_mixin.py:188} INFO - [2026-08-21T03:13:44.252+0000] {dag.py:3954} INFO - Setting next_dagrun for cell_kpi_spatial_analytics_pipeline to None, run_after=None
[2026-08-21T03:13:44.267+0000] {processor.py:183} INFO - Processing /opt/airflow/dags/kpi_hourly_dag.py took 0.093 seconds
[2026-08-21T03:14:14.365+0000] {processor.py:161} INFO - Started process (PID=919) to work on /opt/airflow/dags/kpi_hourly_dag.py
[2026-08-21T03:14:14.366+0000] {processor.py:830} INFO - Processing file /opt/airflow/dags/kpi_hourly_dag.py for tasks to queue
[2026-08-21T03:14:14.368+0000] {logging_mixin.py:188} INFO - [2026-08-21T03:14:14.367+0000] {dagbag.py:545} INFO - Filling up the DagBag from /opt/airflow/dags/kpi_hourly_dag.py
[2026-08-21T03:14:14.415+0000] {processor.py:840} INFO - DAG(s) 'cell_kpi_spatial_analytics_pipeline' retrieved from /opt/airflow/dags/kpi_hourly_dag.py
[2026-08-21T03:14:14.425+0000] {logging_mixin.py:188} INFO - [2026-08-21T03:14:14.425+0000] {dag.py:3096} INFO - Sync 1 DAGs
[2026-08-21T03:14:14.442+0000] {logging_mixin.py:188} INFO - [2026-08-21T03:14:14.442+0000] {dag.py:3954} INFO - Setting next_dagrun for cell_kpi_spatial_analytics_pipeline to None, run_after=None
[2026-08-21T03:14:14.457+0000] {processor.py:183} INFO - Processing /opt/airflow/dags/kpi_hourly_dag.py took 0.098 seconds
[2026-08-21T03:14:44.574+0000] {processor.py:161} INFO - Started process (PID=924) to work on /opt/airflow/dags/kpi_hourly_dag.py
[2026-08-21T03:14:44.575+0000] {processor.py:830} INFO - Processing file /opt/airflow/dags/kpi_hourly_dag.py for tasks to queue
[2026-08-21T03:14:44.577+0000] {logging_mixin.py:188} INFO - [2026-08-21T03:14:44.577+0000] {dagbag.py:545} INFO - Filling up the DagBag from /opt/airflow/dags/kpi_hourly_dag.py
[2026-08-21T03:14:44.622+0000] {processor.py:840} INFO - DAG(s) 'cell_kpi_spatial_analytics_pipeline' retrieved from /opt/airflow/dags/kpi_hourly_dag.py
[2026-08-21T03:14:44.632+0000] {logging_mixin.py:188} INFO - [2026-08-21T03:14:44.632+0000] {dag.py:3096} INFO - Sync 1 DAGs
[2026-08-21T03:14:44.650+0000] {logging_mixin.py:188} INFO - [2026-08-21T03:14:44.650+0000] {dag.py:3954} INFO - Setting next_dagrun for cell_kpi_spatial_analytics_pipeline to None, run_after=None
[2026-08-21T03:14:44.663+0000] {processor.py:183} INFO - Processing /opt/airflow/dags/kpi_hourly_dag.py took 0.096 seconds
[2026-08-21T03:15:14.796+0000] {processor.py:161} INFO - Started process (PID=929) to work on /opt/airflow/dags/kpi_hourly_dag.py
[2026-08-21T03:15:14.797+0000] {processor.py:830} INFO - Processing file /opt/airflow/dags/kpi_hourly_dag.py for tasks to queue
[2026-08-21T03:15:14.799+0000] {logging_mixin.py:188} INFO - [2026-08-21T03:15:14.798+0000] {dagbag.py:545} INFO - Filling up the DagBag from /opt/airflow/dags/kpi_hourly_dag.py
[2026-08-21T03:15:14.852+0000] {processor.py:840} INFO - DAG(s) 'cell_kpi_spatial_analytics_pipeline' retrieved from /opt/airflow/dags/kpi_hourly_dag.py
[2026-08-21T03:15:14.865+0000] {logging_mixin.py:188} INFO - [2026-08-21T03:15:14.865+0000] {dag.py:3096} INFO - Sync 1 DAGs
[2026-08-21T03:15:14.884+0000] {logging_mixin.py:188} INFO - [2026-08-21T03:15:14.884+0000] {dag.py:3954} INFO - Setting next_dagrun for cell_kpi_spatial_analytics_pipeline to None, run_after=None
[2026-08-21T03:15:14.898+0000] {processor.py:183} INFO - Processing /opt/airflow/dags/kpi_hourly_dag.py took 0.110 seconds
[2026-08-21T03:15:45.015+0000] {processor.py:161} INFO - Started process (PID=934) to work on /opt/airflow/dags/kpi_hourly_dag.py
[2026-08-21T03:15:45.016+0000] {processor.py:830} INFO - Processing file /opt/airflow/dags/kpi_hourly_dag.py for tasks to queue
[2026-08-21T03:15:45.017+0000] {logging_mixin.py:188} INFO - [2026-08-21T03:15:45.017+0000] {dagbag.py:545} INFO - Filling up the DagBag from /opt/airflow/dags/kpi_hourly_dag.py
[2026-08-21T03:15:45.061+0000] {processor.py:840} INFO - DAG(s) 'cell_kpi_spatial_analytics_pipeline' retrieved from /opt/airflow/dags/kpi_hourly_dag.py
[2026-08-21T03:15:45.074+0000] {logging_mixin.py:188} INFO - [2026-08-21T03:15:45.074+0000] {dag.py:3096} INFO - Sync 1 DAGs
[2026-08-21T03:15:45.091+0000] {logging_mixin.py:188} INFO - [2026-08-21T03:15:45.091+0000] {dag.py:3954} INFO - Setting next_dagrun for cell_kpi_spatial_analytics_pipeline to None, run_after=None
[2026-08-21T03:15:45.105+0000] {processor.py:183} INFO - Processing /opt/airflow/dags/kpi_hourly_dag.py took 0.096 seconds
[2026-08-21T03:16:15.209+0000] {processor.py:161} INFO - Started process (PID=939) to work on /opt/airflow/dags/kpi_hourly_dag.py
[2026-08-21T03:16:15.210+0000] {processor.py:830} INFO - Processing file /opt/airflow/dags/kpi_hourly_dag.py for tasks to queue
[2026-08-21T03:16:15.211+0000] {logging_mixin.py:188} INFO - [2026-08-21T03:16:15.211+0000] {dagbag.py:545} INFO - Filling up the DagBag from /opt/airflow/dags/kpi_hourly_dag.py
[2026-08-21T03:16:15.254+0000] {processor.py:840} INFO - DAG(s) 'cell_kpi_spatial_analytics_pipeline' retrieved from /opt/airflow/dags/kpi_hourly_dag.py
[2026-08-21T03:16:15.265+0000] {logging_mixin.py:188} INFO - [2026-08-21T03:16:15.264+0000] {dag.py:3096} INFO - Sync 1 DAGs
[2026-08-21T03:16:15.282+0000] {logging_mixin.py:188} INFO - [2026-08-21T03:16:15.281+0000] {dag.py:3954} INFO - Setting next_dagrun for cell_kpi_spatial_analytics_pipeline to None, run_after=None
[2026-08-21T03:16:15.296+0000] {processor.py:183} INFO - Processing /opt/airflow/dags/kpi_hourly_dag.py took 0.093 seconds
[2026-08-21T03:16:45.406+0000] {processor.py:161} INFO - Started process (PID=944) to work on /opt/airflow/dags/kpi_hourly_dag.py
[2026-08-21T03:16:45.407+0000] {processor.py:830} INFO - Processing file /opt/airflow/dags/kpi_hourly_dag.py for tasks to queue
[2026-08-21T03:16:45.409+0000] {logging_mixin.py:188} INFO - [2026-08-21T03:16:45.408+0000] {dagbag.py:545} INFO - Filling up the DagBag from /opt/airflow/dags/kpi_hourly_dag.py
[2026-08-21T03:16:45.462+0000] {processor.py:840} INFO - DAG(s) 'cell_kpi_spatial_analytics_pipeline' retrieved from /opt/airflow/dags/kpi_hourly_dag.py
[2026-08-21T03:16:45.475+0000] {logging_mixin.py:188} INFO - [2026-08-21T03:16:45.475+0000] {dag.py:3096} INFO - Sync 1 DAGs
[2026-08-21T03:16:45.495+0000] {logging_mixin.py:188} INFO - [2026-08-21T03:16:45.494+0000] {dag.py:3954} INFO - Setting next_dagrun for cell_kpi_spatial_analytics_pipeline to None, run_after=None
[2026-08-21T03:16:45.507+0000] {processor.py:183} INFO - Processing /opt/airflow/dags/kpi_hourly_dag.py took 0.108 seconds
[2026-08-21T03:17:15.613+0000] {processor.py:161} INFO - Started process (PID=949) to work on /opt/airflow/dags/kpi_hourly_dag.py
[2026-08-21T03:17:15.614+0000] {processor.py:830} INFO - Processing file /opt/airflow/dags/kpi_hourly_dag.py for tasks to queue
[2026-08-21T03:17:15.615+0000] {logging_mixin.py:188} INFO - [2026-08-21T03:17:15.615+0000] {dagbag.py:545} INFO - Filling up the DagBag from /opt/airflow/dags/kpi_hourly_dag.py
[2026-08-21T03:17:15.658+0000] {processor.py:840} INFO - DAG(s) 'cell_kpi_spatial_analytics_pipeline' retrieved from /opt/airflow/dags/kpi_hourly_dag.py
[2026-08-21T03:17:15.672+0000] {logging_mixin.py:188} INFO - [2026-08-21T03:17:15.672+0000] {dag.py:3096} INFO - Sync 1 DAGs
[2026-08-21T03:17:15.690+0000] {logging_mixin.py:188} INFO - [2026-08-21T03:17:15.690+0000] {dag.py:3954} INFO - Setting next_dagrun for cell_kpi_spatial_analytics_pipeline to None, run_after=None
[2026-08-21T03:17:15.703+0000] {processor.py:183} INFO - Processing /opt/airflow/dags/kpi_hourly_dag.py took 0.096 seconds
[2026-08-21T03:17:45.811+0000] {processor.py:161} INFO - Started process (PID=954) to work on /opt/airflow/dags/kpi_hourly_dag.py
[2026-08-21T03:17:45.812+0000] {processor.py:830} INFO - Processing file /opt/airflow/dags/kpi_hourly_dag.py for tasks to queue
[2026-08-21T03:17:45.813+0000] {logging_mixin.py:188} INFO - [2026-08-21T03:17:45.813+0000] {dagbag.py:545} INFO - Filling up the DagBag from /opt/airflow/dags/kpi_hourly_dag.py
[2026-08-21T03:17:45.857+0000] {processor.py:840} INFO - DAG(s) 'cell_kpi_spatial_analytics_pipeline' retrieved from /opt/airflow/dags/kpi_hourly_dag.py
[2026-08-21T03:17:45.871+0000] {logging_mixin.py:188} INFO - [2026-08-21T03:17:45.871+0000] {dag.py:3096} INFO - Sync 1 DAGs
[2026-08-21T03:17:45.889+0000] {logging_mixin.py:188} INFO - [2026-08-21T03:17:45.889+0000] {dag.py:3954} INFO - Setting next_dagrun for cell_kpi_spatial_analytics_pipeline to None, run_after=None
[2026-08-21T03:17:45.903+0000] {processor.py:183} INFO - Processing /opt/airflow/dags/kpi_hourly_dag.py took 0.097 seconds
[2026-08-21T03:18:16.016+0000] {processor.py:161} INFO - Started process (PID=959) to work on /opt/airflow/dags/kpi_hourly_dag.py
[2026-08-21T03:18:16.017+0000] {processor.py:830} INFO - Processing file /opt/airflow/dags/kpi_hourly_dag.py for tasks to queue
[2026-08-21T03:18:16.018+0000] {logging_mixin.py:188} INFO - [2026-08-21T03:18:16.018+0000] {dagbag.py:545} INFO - Filling up the DagBag from /opt/airflow/dags/kpi_hourly_dag.py
[2026-08-21T03:18:16.063+0000] {processor.py:840} INFO - DAG(s) 'cell_kpi_spatial_analytics_pipeline' retrieved from /opt/airflow/dags/kpi_hourly_dag.py
[2026-08-21T03:18:16.075+0000] {logging_mixin.py:188} INFO - [2026-08-21T03:18:16.075+0000] {dag.py:3096} INFO - Sync 1 DAGs
[2026-08-21T03:18:16.093+0000] {logging_mixin.py:188} INFO - [2026-08-21T03:18:16.093+0000] {dag.py:3954} INFO - Setting next_dagrun for cell_kpi_spatial_analytics_pipeline to None, run_after=None
[2026-08-21T03:18:16.107+0000] {processor.py:183} INFO - Processing /opt/airflow/dags/kpi_hourly_dag.py took 0.096 seconds
[2026-08-21T03:18:46.212+0000] {processor.py:161} INFO - Started process (PID=964) to work on /opt/airflow/dags/kpi_hourly_dag.py
[2026-08-21T03:18:46.213+0000] {processor.py:830} INFO - Processing file /opt/airflow/dags/kpi_hourly_dag.py for tasks to queue
[2026-08-21T03:18:46.214+0000] {logging_mixin.py:188} INFO - [2026-08-21T03:18:46.214+0000] {dagbag.py:545} INFO - Filling up the DagBag from /opt/airflow/dags/kpi_hourly_dag.py
[2026-08-21T03:18:46.257+0000] {processor.py:840} INFO - DAG(s) 'cell_kpi_spatial_analytics_pipeline' retrieved from /opt/airflow/dags/kpi_hourly_dag.py
[2026-08-21T03:18:46.267+0000] {logging_mixin.py:188} INFO - [2026-08-21T03:18:46.267+0000] {dag.py:3096} INFO - Sync 1 DAGs
[2026-08-21T03:18:46.284+0000] {logging_mixin.py:188} INFO - [2026-08-21T03:18:46.284+0000] {dag.py:3954} INFO - Setting next_dagrun for cell_kpi_spatial_analytics_pipeline to None, run_after=None
[2026-08-21T03:18:46.298+0000] {processor.py:183} INFO - Processing /opt/airflow/dags/kpi_hourly_dag.py took 0.091 seconds
[2026-08-21T03:19:16.417+0000] {processor.py:161} INFO - Started process (PID=974) to work on /opt/airflow/dags/kpi_hourly_dag.py
[2026-08-21T03:19:16.418+0000] {processor.py:830} INFO - Processing file /opt/airflow/dags/kpi_hourly_dag.py for tasks to queue
[2026-08-21T03:19:16.419+0000] {logging_mixin.py:188} INFO - [2026-08-21T03:19:16.419+0000] {dagbag.py:545} INFO - Filling up the DagBag from /opt/airflow/dags/kpi_hourly_dag.py
[2026-08-21T03:19:16.464+0000] {processor.py:840} INFO - DAG(s) 'cell_kpi_spatial_analytics_pipeline' retrieved from /opt/airflow/dags/kpi_hourly_dag.py
[2026-08-21T03:19:16.478+0000] {logging_mixin.py:188} INFO - [2026-08-21T03:19:16.478+0000] {dag.py:3096} INFO - Sync 1 DAGs
[2026-08-21T03:19:16.494+0000] {logging_mixin.py:188} INFO - [2026-08-21T03:19:16.494+0000] {dag.py:3954} INFO - Setting next_dagrun for cell_kpi_spatial_analytics_pipeline to None, run_after=None
[2026-08-21T03:19:16.508+0000] {processor.py:183} INFO - Processing /opt/airflow/dags/kpi_hourly_dag.py took 0.096 seconds
[2026-08-21T03:19:46.618+0000] {processor.py:161} INFO - Started process (PID=984) to work on /opt/airflow/dags/kpi_hourly_dag.py
[2026-08-21T03:19:46.619+0000] {processor.py:830} INFO - Processing file /opt/airflow/dags/kpi_hourly_dag.py for tasks to queue
[2026-08-21T03:19:46.621+0000] {logging_mixin.py:188} INFO - [2026-08-21T03:19:46.621+0000] {dagbag.py:545} INFO - Filling up the DagBag from /opt/airflow/dags/kpi_hourly_dag.py
[2026-08-21T03:19:46.674+0000] {processor.py:840} INFO - DAG(s) 'cell_kpi_spatial_analytics_pipeline' retrieved from /opt/airflow/dags/kpi_hourly_dag.py
[2026-08-21T03:19:46.685+0000] {logging_mixin.py:188} INFO - [2026-08-21T03:19:46.684+0000] {dag.py:3096} INFO - Sync 1 DAGs
[2026-08-21T03:19:46.701+0000] {logging_mixin.py:188} INFO - [2026-08-21T03:19:46.701+0000] {dag.py:3954} INFO - Setting next_dagrun for cell_kpi_spatial_analytics_pipeline to None, run_after=None
[2026-08-21T03:19:46.714+0000] {processor.py:183} INFO - Processing /opt/airflow/dags/kpi_hourly_dag.py took 0.103 seconds
[2026-08-21T03:20:16.819+0000] {processor.py:161} INFO - Started process (PID=994) to work on /opt/airflow/dags/kpi_hourly_dag.py
[2026-08-21T03:20:16.820+0000] {processor.py:830} INFO - Processing file /opt/airflow/dags/kpi_hourly_dag.py for tasks to queue
[2026-08-21T03:20:16.821+0000] {logging_mixin.py:188} INFO - [2026-08-21T03:20:16.821+0000] {dagbag.py:545} INFO - Filling up the DagBag from /opt/airflow/dags/kpi_hourly_dag.py
[2026-08-21T03:20:16.865+0000] {processor.py:840} INFO - DAG(s) 'cell_kpi_spatial_analytics_pipeline' retrieved from /opt/airflow/dags/kpi_hourly_dag.py
[2026-08-21T03:20:16.877+0000] {logging_mixin.py:188} INFO - [2026-08-21T03:20:16.877+0000] {dag.py:3096} INFO - Sync 1 DAGs
[2026-08-21T03:20:16.894+0000] {logging_mixin.py:188} INFO - [2026-08-21T03:20:16.893+0000] {dag.py:3954} INFO - Setting next_dagrun for cell_kpi_spatial_analytics_pipeline to None, run_after=None
[2026-08-21T03:20:16.907+0000] {processor.py:183} INFO - Processing /opt/airflow/dags/kpi_hourly_dag.py took 0.094 seconds
[2026-08-21T03:20:47.014+0000] {processor.py:161} INFO - Started process (PID=1004) to work on /opt/airflow/dags/kpi_hourly_dag.py
[2026-08-21T03:20:47.015+0000] {processor.py:830} INFO - Processing file /opt/airflow/dags/kpi_hourly_dag.py for tasks to queue
[2026-08-21T03:20:47.017+0000] {logging_mixin.py:188} INFO - [2026-08-21T03:20:47.017+0000] {dagbag.py:545} INFO - Filling up the DagBag from /opt/airflow/dags/kpi_hourly_dag.py
[2026-08-21T03:20:47.059+0000] {processor.py:840} INFO - DAG(s) 'cell_kpi_spatial_analytics_pipeline' retrieved from /opt/airflow/dags/kpi_hourly_dag.py
[2026-08-21T03:20:47.069+0000] {logging_mixin.py:188} INFO - [2026-08-21T03:20:47.069+0000] {dag.py:3096} INFO - Sync 1 DAGs
[2026-08-21T03:20:47.087+0000] {logging_mixin.py:188} INFO - [2026-08-21T03:20:47.087+0000] {dag.py:3954} INFO - Setting next_dagrun for cell_kpi_spatial_analytics_pipeline to None, run_after=None
[2026-08-21T03:20:47.100+0000] {processor.py:183} INFO - Processing /opt/airflow/dags/kpi_hourly_dag.py took 0.091 seconds
[2026-08-21T03:21:17.211+0000] {processor.py:161} INFO - Started process (PID=1014) to work on /opt/airflow/dags/kpi_hourly_dag.py
[2026-08-21T03:21:17.212+0000] {processor.py:830} INFO - Processing file /opt/airflow/dags/kpi_hourly_dag.py for tasks to queue
[2026-08-21T03:21:17.213+0000] {logging_mixin.py:188} INFO - [2026-08-21T03:21:17.213+0000] {dagbag.py:545} INFO - Filling up the DagBag from /opt/airflow/dags/kpi_hourly_dag.py
[2026-08-21T03:21:17.255+0000] {processor.py:840} INFO - DAG(s) 'cell_kpi_spatial_analytics_pipeline' retrieved from /opt/airflow/dags/kpi_hourly_dag.py
[2026-08-21T03:21:17.266+0000] {logging_mixin.py:188} INFO - [2026-08-21T03:21:17.266+0000] {dag.py:3096} INFO - Sync 1 DAGs
[2026-08-21T03:21:17.283+0000] {logging_mixin.py:188} INFO - [2026-08-21T03:21:17.283+0000] {dag.py:3954} INFO - Setting next_dagrun for cell_kpi_spatial_analytics_pipeline to None, run_after=None
[2026-08-21T03:21:17.296+0000] {processor.py:183} INFO - Processing /opt/airflow/dags/kpi_hourly_dag.py took 0.092 seconds
[2026-08-21T03:21:47.397+0000] {processor.py:161} INFO - Started process (PID=1024) to work on /opt/airflow/dags/kpi_hourly_dag.py
[2026-08-21T03:21:47.398+0000] {processor.py:830} INFO - Processing file /opt/airflow/dags/kpi_hourly_dag.py for tasks to queue
[2026-08-21T03:21:47.399+0000] {logging_mixin.py:188} INFO - [2026-08-21T03:21:47.399+0000] {dagbag.py:545} INFO - Filling up the DagBag from /opt/airflow/dags/kpi_hourly_dag.py
[2026-08-21T03:21:47.446+0000] {processor.py:840} INFO - DAG(s) 'cell_kpi_spatial_analytics_pipeline' retrieved from /opt/airflow/dags/kpi_hourly_dag.py
[2026-08-21T03:21:47.457+0000] {logging_mixin.py:188} INFO - [2026-08-21T03:21:47.457+0000] {dag.py:3096} INFO - Sync 1 DAGs
[2026-08-21T03:21:47.474+0000] {logging_mixin.py:188} INFO - [2026-08-21T03:21:47.474+0000] {dag.py:3954} INFO - Setting next_dagrun for cell_kpi_spatial_analytics_pipeline to None, run_after=None
[2026-08-21T03:21:47.489+0000] {processor.py:183} INFO - Processing /opt/airflow/dags/kpi_hourly_dag.py took 0.097 seconds
[2026-08-21T03:22:17.596+0000] {processor.py:161} INFO - Started process (PID=1034) to work on /opt/airflow/dags/kpi_hourly_dag.py
[2026-08-21T03:22:17.596+0000] {processor.py:830} INFO - Processing file /opt/airflow/dags/kpi_hourly_dag.py for tasks to queue
[2026-08-21T03:22:17.598+0000] {logging_mixin.py:188} INFO - [2026-08-21T03:22:17.597+0000] {dagbag.py:545} INFO - Filling up the DagBag from /opt/airflow/dags/kpi_hourly_dag.py
[2026-08-21T03:22:17.641+0000] {processor.py:840} INFO - DAG(s) 'cell_kpi_spatial_analytics_pipeline' retrieved from /opt/airflow/dags/kpi_hourly_dag.py
[2026-08-21T03:22:17.651+0000] {logging_mixin.py:188} INFO - [2026-08-21T03:22:17.650+0000] {dag.py:3096} INFO - Sync 1 DAGs
[2026-08-21T03:22:17.670+0000] {logging_mixin.py:188} INFO - [2026-08-21T03:22:17.670+0000] {dag.py:3954} INFO - Setting next_dagrun for cell_kpi_spatial_analytics_pipeline to None, run_after=None
[2026-08-21T03:22:17.685+0000] {processor.py:183} INFO - Processing /opt/airflow/dags/kpi_hourly_dag.py took 0.096 seconds
[2026-08-21T03:22:47.791+0000] {processor.py:161} INFO - Started process (PID=1044) to work on /opt/airflow/dags/kpi_hourly_dag.py
[2026-08-21T03:22:47.792+0000] {processor.py:830} INFO - Processing file /opt/airflow/dags/kpi_hourly_dag.py for tasks to queue
[2026-08-21T03:22:47.793+0000] {logging_mixin.py:188} INFO - [2026-08-21T03:22:47.793+0000] {dagbag.py:545} INFO - Filling up the DagBag from /opt/airflow/dags/kpi_hourly_dag.py
[2026-08-21T03:22:47.845+0000] {processor.py:840} INFO - DAG(s) 'cell_kpi_spatial_analytics_pipeline' retrieved from /opt/airflow/dags/kpi_hourly_dag.py
[2026-08-21T03:22:47.855+0000] {logging_mixin.py:188} INFO - [2026-08-21T03:22:47.855+0000] {dag.py:3096} INFO - Sync 1 DAGs
[2026-08-21T03:22:47.878+0000] {logging_mixin.py:188} INFO - [2026-08-21T03:22:47.877+0000] {dag.py:3954} INFO - Setting next_dagrun for cell_kpi_spatial_analytics_pipeline to None, run_after=None
[2026-08-21T03:22:47.891+0000] {processor.py:183} INFO - Processing /opt/airflow/dags/kpi_hourly_dag.py took 0.105 seconds
[2026-08-21T03:23:17.995+0000] {processor.py:161} INFO - Started process (PID=1054) to work on /opt/airflow/dags/kpi_hourly_dag.py
[2026-08-21T03:23:17.996+0000] {processor.py:830} INFO - Processing file /opt/airflow/dags/kpi_hourly_dag.py for tasks to queue
[2026-08-21T03:23:17.997+0000] {logging_mixin.py:188} INFO - [2026-08-21T03:23:17.997+0000] {dagbag.py:545} INFO - Filling up the DagBag from /opt/airflow/dags/kpi_hourly_dag.py
[2026-08-21T03:23:18.040+0000] {processor.py:840} INFO - DAG(s) 'cell_kpi_spatial_analytics_pipeline' retrieved from /opt/airflow/dags/kpi_hourly_dag.py
[2026-08-21T03:23:18.052+0000] {logging_mixin.py:188} INFO - [2026-08-21T03:23:18.051+0000] {dag.py:3096} INFO - Sync 1 DAGs
[2026-08-21T03:23:18.071+0000] {logging_mixin.py:188} INFO - [2026-08-21T03:23:18.071+0000] {dag.py:3954} INFO - Setting next_dagrun for cell_kpi_spatial_analytics_pipeline to None, run_after=None
[2026-08-21T03:23:18.085+0000] {processor.py:183} INFO - Processing /opt/airflow/dags/kpi_hourly_dag.py took 0.096 seconds
[2026-08-21T03:23:48.183+0000] {processor.py:161} INFO - Started process (PID=1064) to work on /opt/airflow/dags/kpi_hourly_dag.py
[2026-08-21T03:23:48.187+0000] {processor.py:830} INFO - Processing file /opt/airflow/dags/kpi_hourly_dag.py for tasks to queue
[2026-08-21T03:23:48.188+0000] {logging_mixin.py:188} INFO - [2026-08-21T03:23:48.188+0000] {dagbag.py:545} INFO - Filling up the DagBag from /opt/airflow/dags/kpi_hourly_dag.py
[2026-08-21T03:23:48.236+0000] {processor.py:840} INFO - DAG(s) 'cell_kpi_spatial_analytics_pipeline' retrieved from /opt/airflow/dags/kpi_hourly_dag.py
[2026-08-21T03:23:48.251+0000] {logging_mixin.py:188} INFO - [2026-08-21T03:23:48.251+0000] {dag.py:3096} INFO - Sync 1 DAGs
[2026-08-21T03:23:48.273+0000] {logging_mixin.py:188} INFO - [2026-08-21T03:23:48.273+0000] {dag.py:3954} INFO - Setting next_dagrun for cell_kpi_spatial_analytics_pipeline to None, run_after=None
[2026-08-21T03:23:48.288+0000] {processor.py:183} INFO - Processing /opt/airflow/dags/kpi_hourly_dag.py took 0.111 seconds
[2026-08-21T03:24:18.397+0000] {processor.py:161} INFO - Started process (PID=1074) to work on /opt/airflow/dags/kpi_hourly_dag.py
[2026-08-21T03:24:18.398+0000] {processor.py:830} INFO - Processing file /opt/airflow/dags/kpi_hourly_dag.py for tasks to queue
[2026-08-21T03:24:18.399+0000] {logging_mixin.py:188} INFO - [2026-08-21T03:24:18.399+0000] {dagbag.py:545} INFO - Filling up the DagBag from /opt/airflow/dags/kpi_hourly_dag.py
[2026-08-21T03:24:18.445+0000] {processor.py:840} INFO - DAG(s) 'cell_kpi_spatial_analytics_pipeline' retrieved from /opt/airflow/dags/kpi_hourly_dag.py
[2026-08-21T03:24:18.456+0000] {logging_mixin.py:188} INFO - [2026-08-21T03:24:18.456+0000] {dag.py:3096} INFO - Sync 1 DAGs
[2026-08-21T03:24:18.477+0000] {logging_mixin.py:188} INFO - [2026-08-21T03:24:18.477+0000] {dag.py:3954} INFO - Setting next_dagrun for cell_kpi_spatial_analytics_pipeline to None, run_after=None
[2026-08-21T03:24:18.492+0000] {processor.py:183} INFO - Processing /opt/airflow/dags/kpi_hourly_dag.py took 0.100 seconds
[2026-08-21T03:24:48.666+0000] {processor.py:161} INFO - Started process (PID=1094) to work on /opt/airflow/dags/kpi_hourly_dag.py
[2026-08-21T03:24:48.669+0000] {processor.py:830} INFO - Processing file /opt/airflow/dags/kpi_hourly_dag.py for tasks to queue
[2026-08-21T03:24:48.671+0000] {logging_mixin.py:188} INFO - [2026-08-21T03:24:48.671+0000] {dagbag.py:545} INFO - Filling up the DagBag from /opt/airflow/dags/kpi_hourly_dag.py
[2026-08-21T03:24:48.728+0000] {processor.py:840} INFO - DAG(s) 'cell_kpi_spatial_analytics_pipeline' retrieved from /opt/airflow/dags/kpi_hourly_dag.py
[2026-08-21T03:24:48.738+0000] {logging_mixin.py:188} INFO - [2026-08-21T03:24:48.738+0000] {dag.py:3096} INFO - Sync 1 DAGs
[2026-08-21T03:24:48.755+0000] {logging_mixin.py:188} INFO - [2026-08-21T03:24:48.755+0000] {dag.py:3954} INFO - Setting next_dagrun for cell_kpi_spatial_analytics_pipeline to None, run_after=None
[2026-08-21T03:24:48.768+0000] {processor.py:183} INFO - Processing /opt/airflow/dags/kpi_hourly_dag.py took 0.108 seconds
[2026-08-21T03:25:18.826+0000] {processor.py:161} INFO - Started process (PID=1104) to work on /opt/airflow/dags/kpi_hourly_dag.py
[2026-08-21T03:25:18.827+0000] {processor.py:830} INFO - Processing file /opt/airflow/dags/kpi_hourly_dag.py for tasks to queue
[2026-08-21T03:25:18.828+0000] {logging_mixin.py:188} INFO - [2026-08-21T03:25:18.828+0000] {dagbag.py:545} INFO - Filling up the DagBag from /opt/airflow/dags/kpi_hourly_dag.py
[2026-08-21T03:25:18.879+0000] {processor.py:840} INFO - DAG(s) 'cell_kpi_spatial_analytics_pipeline' retrieved from /opt/airflow/dags/kpi_hourly_dag.py
[2026-08-21T03:25:18.890+0000] {logging_mixin.py:188} INFO - [2026-08-21T03:25:18.890+0000] {dag.py:3096} INFO - Sync 1 DAGs
[2026-08-21T03:25:18.907+0000] {logging_mixin.py:188} INFO - [2026-08-21T03:25:18.907+0000] {dag.py:3954} INFO - Setting next_dagrun for cell_kpi_spatial_analytics_pipeline to None, run_after=None
[2026-08-21T03:25:18.921+0000] {processor.py:183} INFO - Processing /opt/airflow/dags/kpi_hourly_dag.py took 0.101 seconds
[2026-08-21T03:25:48.981+0000] {processor.py:161} INFO - Started process (PID=1114) to work on /opt/airflow/dags/kpi_hourly_dag.py
[2026-08-21T03:25:48.982+0000] {processor.py:830} INFO - Processing file /opt/airflow/dags/kpi_hourly_dag.py for tasks to queue
[2026-08-21T03:25:48.984+0000] {logging_mixin.py:188} INFO - [2026-08-21T03:25:48.983+0000] {dagbag.py:545} INFO - Filling up the DagBag from /opt/airflow/dags/kpi_hourly_dag.py
[2026-08-21T03:25:49.033+0000] {processor.py:840} INFO - DAG(s) 'cell_kpi_spatial_analytics_pipeline' retrieved from /opt/airflow/dags/kpi_hourly_dag.py
[2026-08-21T03:25:49.046+0000] {logging_mixin.py:188} INFO - [2026-08-21T03:25:49.046+0000] {dag.py:3096} INFO - Sync 1 DAGs
[2026-08-21T03:25:49.066+0000] {logging_mixin.py:188} INFO - [2026-08-21T03:25:49.066+0000] {dag.py:3954} INFO - Setting next_dagrun for cell_kpi_spatial_analytics_pipeline to None, run_after=None
[2026-08-21T03:25:49.080+0000] {processor.py:183} INFO - Processing /opt/airflow/dags/kpi_hourly_dag.py took 0.104 seconds
[2026-08-21T03:26:19.142+0000] {processor.py:161} INFO - Started process (PID=1129) to work on /opt/airflow/dags/kpi_hourly_dag.py
[2026-08-21T03:26:19.143+0000] {processor.py:830} INFO - Processing file /opt/airflow/dags/kpi_hourly_dag.py for tasks to queue
[2026-08-21T03:26:19.144+0000] {logging_mixin.py:188} INFO - [2026-08-21T03:26:19.144+0000] {dagbag.py:545} INFO - Filling up the DagBag from /opt/airflow/dags/kpi_hourly_dag.py
[2026-08-21T03:26:19.188+0000] {processor.py:840} INFO - DAG(s) 'cell_kpi_spatial_analytics_pipeline' retrieved from /opt/airflow/dags/kpi_hourly_dag.py
[2026-08-21T03:26:19.198+0000] {logging_mixin.py:188} INFO - [2026-08-21T03:26:19.198+0000] {dag.py:3096} INFO - Sync 1 DAGs
[2026-08-21T03:26:19.215+0000] {logging_mixin.py:188} INFO - [2026-08-21T03:26:19.215+0000] {dag.py:3954} INFO - Setting next_dagrun for cell_kpi_spatial_analytics_pipeline to None, run_after=None
[2026-08-21T03:26:19.229+0000] {processor.py:183} INFO - Processing /opt/airflow/dags/kpi_hourly_dag.py took 0.092 seconds
[2026-08-21T03:26:49.362+0000] {processor.py:161} INFO - Started process (PID=1139) to work on /opt/airflow/dags/kpi_hourly_dag.py
[2026-08-21T03:26:49.363+0000] {processor.py:830} INFO - Processing file /opt/airflow/dags/kpi_hourly_dag.py for tasks to queue
[2026-08-21T03:26:49.364+0000] {logging_mixin.py:188} INFO - [2026-08-21T03:26:49.364+0000] {dagbag.py:545} INFO - Filling up the DagBag from /opt/airflow/dags/kpi_hourly_dag.py
[2026-08-21T03:26:49.410+0000] {processor.py:840} INFO - DAG(s) 'cell_kpi_spatial_analytics_pipeline' retrieved from /opt/airflow/dags/kpi_hourly_dag.py
[2026-08-21T03:26:49.423+0000] {logging_mixin.py:188} INFO - [2026-08-21T03:26:49.422+0000] {dag.py:3096} INFO - Sync 1 DAGs
[2026-08-21T03:26:49.441+0000] {logging_mixin.py:188} INFO - [2026-08-21T03:26:49.441+0000] {dag.py:3954} INFO - Setting next_dagrun for cell_kpi_spatial_analytics_pipeline to None, run_after=None
[2026-08-21T03:26:49.455+0000] {processor.py:183} INFO - Processing /opt/airflow/dags/kpi_hourly_dag.py took 0.098 seconds
[2026-08-21T03:27:19.588+0000] {processor.py:161} INFO - Started process (PID=1149) to work on /opt/airflow/dags/kpi_hourly_dag.py
[2026-08-21T03:27:19.589+0000] {processor.py:830} INFO - Processing file /opt/airflow/dags/kpi_hourly_dag.py for tasks to queue
[2026-08-21T03:27:19.590+0000] {logging_mixin.py:188} INFO - [2026-08-21T03:27:19.590+0000] {dagbag.py:545} INFO - Filling up the DagBag from /opt/airflow/dags/kpi_hourly_dag.py
[2026-08-21T03:27:19.633+0000] {processor.py:840} INFO - DAG(s) 'cell_kpi_spatial_analytics_pipeline' retrieved from /opt/airflow/dags/kpi_hourly_dag.py
[2026-08-21T03:27:19.643+0000] {logging_mixin.py:188} INFO - [2026-08-21T03:27:19.643+0000] {dag.py:3096} INFO - Sync 1 DAGs
[2026-08-21T03:27:19.661+0000] {logging_mixin.py:188} INFO - [2026-08-21T03:27:19.661+0000] {dag.py:3954} INFO - Setting next_dagrun for cell_kpi_spatial_analytics_pipeline to None, run_after=None
[2026-08-21T03:27:19.677+0000] {processor.py:183} INFO - Processing /opt/airflow/dags/kpi_hourly_dag.py took 0.094 seconds
[2026-08-21T03:27:49.798+0000] {processor.py:161} INFO - Started process (PID=1159) to work on /opt/airflow/dags/kpi_hourly_dag.py
[2026-08-21T03:27:49.799+0000] {processor.py:830} INFO - Processing file /opt/airflow/dags/kpi_hourly_dag.py for tasks to queue
[2026-08-21T03:27:49.800+0000] {logging_mixin.py:188} INFO - [2026-08-21T03:27:49.800+0000] {dagbag.py:545} INFO - Filling up the DagBag from /opt/airflow/dags/kpi_hourly_dag.py
[2026-08-21T03:27:49.842+0000] {processor.py:840} INFO - DAG(s) 'cell_kpi_spatial_analytics_pipeline' retrieved from /opt/airflow/dags/kpi_hourly_dag.py
[2026-08-21T03:27:49.852+0000] {logging_mixin.py:188} INFO - [2026-08-21T03:27:49.852+0000] {dag.py:3096} INFO - Sync 1 DAGs
[2026-08-21T03:27:49.870+0000] {logging_mixin.py:188} INFO - [2026-08-21T03:27:49.870+0000] {dag.py:3954} INFO - Setting next_dagrun for cell_kpi_spatial_analytics_pipeline to None, run_after=None
[2026-08-21T03:27:49.886+0000] {processor.py:183} INFO - Processing /opt/airflow/dags/kpi_hourly_dag.py took 0.092 seconds
[2026-08-21T03:28:20.033+0000] {processor.py:161} INFO - Started process (PID=1296) to work on /opt/airflow/dags/kpi_hourly_dag.py
[2026-08-21T03:28:20.034+0000] {processor.py:830} INFO - Processing file /opt/airflow/dags/kpi_hourly_dag.py for tasks to queue
[2026-08-21T03:28:20.035+0000] {logging_mixin.py:188} INFO - [2026-08-21T03:28:20.035+0000] {dagbag.py:545} INFO - Filling up the DagBag from /opt/airflow/dags/kpi_hourly_dag.py
[2026-08-21T03:28:20.082+0000] {processor.py:840} INFO - DAG(s) 'cell_kpi_spatial_analytics_pipeline' retrieved from /opt/airflow/dags/kpi_hourly_dag.py
[2026-08-21T03:28:20.092+0000] {logging_mixin.py:188} INFO - [2026-08-21T03:28:20.092+0000] {dag.py:3096} INFO - Sync 1 DAGs
[2026-08-21T03:28:20.109+0000] {logging_mixin.py:188} INFO - [2026-08-21T03:28:20.109+0000] {dag.py:3954} INFO - Setting next_dagrun for cell_kpi_spatial_analytics_pipeline to None, run_after=None
[2026-08-21T03:28:20.124+0000] {processor.py:183} INFO - Processing /opt/airflow/dags/kpi_hourly_dag.py took 0.096 seconds
[2026-08-21T03:28:50.251+0000] {processor.py:161} INFO - Started process (PID=1306) to work on /opt/airflow/dags/kpi_hourly_dag.py
[2026-08-21T03:28:50.252+0000] {processor.py:830} INFO - Processing file /opt/airflow/dags/kpi_hourly_dag.py for tasks to queue
[2026-08-21T03:28:50.253+0000] {logging_mixin.py:188} INFO - [2026-08-21T03:28:50.253+0000] {dagbag.py:545} INFO - Filling up the DagBag from /opt/airflow/dags/kpi_hourly_dag.py
[2026-08-21T03:28:50.299+0000] {processor.py:840} INFO - DAG(s) 'cell_kpi_spatial_analytics_pipeline' retrieved from /opt/airflow/dags/kpi_hourly_dag.py
[2026-08-21T03:28:50.310+0000] {logging_mixin.py:188} INFO - [2026-08-21T03:28:50.309+0000] {dag.py:3096} INFO - Sync 1 DAGs
[2026-08-21T03:28:50.328+0000] {logging_mixin.py:188} INFO - [2026-08-21T03:28:50.328+0000] {dag.py:3954} INFO - Setting next_dagrun for cell_kpi_spatial_analytics_pipeline to None, run_after=None
[2026-08-21T03:28:50.341+0000] {processor.py:183} INFO - Processing /opt/airflow/dags/kpi_hourly_dag.py took 0.095 seconds
[2026-08-21T03:29:20.381+0000] {processor.py:161} INFO - Started process (PID=1316) to work on /opt/airflow/dags/kpi_hourly_dag.py
[2026-08-21T03:29:20.382+0000] {processor.py:830} INFO - Processing file /opt/airflow/dags/kpi_hourly_dag.py for tasks to queue
[2026-08-21T03:29:20.384+0000] {logging_mixin.py:188} INFO - [2026-08-21T03:29:20.383+0000] {dagbag.py:545} INFO - Filling up the DagBag from /opt/airflow/dags/kpi_hourly_dag.py
[2026-08-21T03:29:20.429+0000] {processor.py:840} INFO - DAG(s) 'cell_kpi_spatial_analytics_pipeline' retrieved from /opt/airflow/dags/kpi_hourly_dag.py
[2026-08-21T03:29:20.440+0000] {logging_mixin.py:188} INFO - [2026-08-21T03:29:20.440+0000] {dag.py:3096} INFO - Sync 1 DAGs
[2026-08-21T03:29:20.457+0000] {logging_mixin.py:188} INFO - [2026-08-21T03:29:20.456+0000] {dag.py:3954} INFO - Setting next_dagrun for cell_kpi_spatial_analytics_pipeline to None, run_after=None
[2026-08-21T03:29:20.472+0000] {processor.py:183} INFO - Processing /opt/airflow/dags/kpi_hourly_dag.py took 0.097 seconds
[2026-08-21T03:29:50.602+0000] {processor.py:161} INFO - Started process (PID=1326) to work on /opt/airflow/dags/kpi_hourly_dag.py
[2026-08-21T03:29:50.603+0000] {processor.py:830} INFO - Processing file /opt/airflow/dags/kpi_hourly_dag.py for tasks to queue
[2026-08-21T03:29:50.605+0000] {logging_mixin.py:188} INFO - [2026-08-21T03:29:50.604+0000] {dagbag.py:545} INFO - Filling up the DagBag from /opt/airflow/dags/kpi_hourly_dag.py
[2026-08-21T03:29:50.648+0000] {processor.py:840} INFO - DAG(s) 'cell_kpi_spatial_analytics_pipeline' retrieved from /opt/airflow/dags/kpi_hourly_dag.py
[2026-08-21T03:29:50.658+0000] {logging_mixin.py:188} INFO - [2026-08-21T03:29:50.658+0000] {dag.py:3096} INFO - Sync 1 DAGs
[2026-08-21T03:29:50.675+0000] {logging_mixin.py:188} INFO - [2026-08-21T03:29:50.675+0000] {dag.py:3954} INFO - Setting next_dagrun for cell_kpi_spatial_analytics_pipeline to None, run_after=None
[2026-08-21T03:29:50.687+0000] {processor.py:183} INFO - Processing /opt/airflow/dags/kpi_hourly_dag.py took 0.091 seconds
[2026-08-21T03:30:20.722+0000] {processor.py:161} INFO - Started process (PID=1336) to work on /opt/airflow/dags/kpi_hourly_dag.py
[2026-08-21T03:30:20.722+0000] {processor.py:830} INFO - Processing file /opt/airflow/dags/kpi_hourly_dag.py for tasks to queue
[2026-08-21T03:30:20.723+0000] {logging_mixin.py:188} INFO - [2026-08-21T03:30:20.723+0000] {dagbag.py:545} INFO - Filling up the DagBag from /opt/airflow/dags/kpi_hourly_dag.py
[2026-08-21T03:30:20.766+0000] {processor.py:840} INFO - DAG(s) 'cell_kpi_spatial_analytics_pipeline' retrieved from /opt/airflow/dags/kpi_hourly_dag.py
[2026-08-21T03:30:20.777+0000] {logging_mixin.py:188} INFO - [2026-08-21T03:30:20.777+0000] {dag.py:3096} INFO - Sync 1 DAGs
[2026-08-21T03:30:20.797+0000] {logging_mixin.py:188} INFO - [2026-08-21T03:30:20.797+0000] {dag.py:3954} INFO - Setting next_dagrun for cell_kpi_spatial_analytics_pipeline to None, run_after=None
[2026-08-21T03:30:20.815+0000] {processor.py:183} INFO - Processing /opt/airflow/dags/kpi_hourly_dag.py took 0.099 seconds
[2026-08-21T03:30:50.943+0000] {processor.py:161} INFO - Started process (PID=1346) to work on /opt/airflow/dags/kpi_hourly_dag.py
[2026-08-21T03:30:50.944+0000] {processor.py:830} INFO - Processing file /opt/airflow/dags/kpi_hourly_dag.py for tasks to queue
[2026-08-21T03:30:50.945+0000] {logging_mixin.py:188} INFO - [2026-08-21T03:30:50.945+0000] {dagbag.py:545} INFO - Filling up the DagBag from /opt/airflow/dags/kpi_hourly_dag.py
[2026-08-21T03:30:50.987+0000] {processor.py:840} INFO - DAG(s) 'cell_kpi_spatial_analytics_pipeline' retrieved from /opt/airflow/dags/kpi_hourly_dag.py
[2026-08-21T03:30:50.997+0000] {logging_mixin.py:188} INFO - [2026-08-21T03:30:50.997+0000] {dag.py:3096} INFO - Sync 1 DAGs
[2026-08-21T03:30:51.019+0000] {logging_mixin.py:188} INFO - [2026-08-21T03:30:51.019+0000] {dag.py:3954} INFO - Setting next_dagrun for cell_kpi_spatial_analytics_pipeline to None, run_after=None
[2026-08-21T03:30:51.034+0000] {processor.py:183} INFO - Processing /opt/airflow/dags/kpi_hourly_dag.py took 0.097 seconds
[2026-08-21T03:31:21.072+0000] {processor.py:161} INFO - Started process (PID=1356) to work on /opt/airflow/dags/kpi_hourly_dag.py
[2026-08-21T03:31:21.073+0000] {processor.py:830} INFO - Processing file /opt/airflow/dags/kpi_hourly_dag.py for tasks to queue
[2026-08-21T03:31:21.074+0000] {logging_mixin.py:188} INFO - [2026-08-21T03:31:21.074+0000] {dagbag.py:545} INFO - Filling up the DagBag from /opt/airflow/dags/kpi_hourly_dag.py
[2026-08-21T03:31:21.116+0000] {processor.py:840} INFO - DAG(s) 'cell_kpi_spatial_analytics_pipeline' retrieved from /opt/airflow/dags/kpi_hourly_dag.py
[2026-08-21T03:31:21.128+0000] {logging_mixin.py:188} INFO - [2026-08-21T03:31:21.128+0000] {dag.py:3096} INFO - Sync 1 DAGs
[2026-08-21T03:31:21.144+0000] {logging_mixin.py:188} INFO - [2026-08-21T03:31:21.144+0000] {dag.py:3954} INFO - Setting next_dagrun for cell_kpi_spatial_analytics_pipeline to None, run_after=None
[2026-08-21T03:31:21.158+0000] {processor.py:183} INFO - Processing /opt/airflow/dags/kpi_hourly_dag.py took 0.091 seconds
[2026-08-21T03:31:51.281+0000] {processor.py:161} INFO - Started process (PID=1366) to work on /opt/airflow/dags/kpi_hourly_dag.py
[2026-08-21T03:31:51.282+0000] {processor.py:830} INFO - Processing file /opt/airflow/dags/kpi_hourly_dag.py for tasks to queue
[2026-08-21T03:31:51.283+0000] {logging_mixin.py:188} INFO - [2026-08-21T03:31:51.283+0000] {dagbag.py:545} INFO - Filling up the DagBag from /opt/airflow/dags/kpi_hourly_dag.py
[2026-08-21T03:31:51.326+0000] {processor.py:840} INFO - DAG(s) 'cell_kpi_spatial_analytics_pipeline' retrieved from /opt/airflow/dags/kpi_hourly_dag.py
[2026-08-21T03:31:51.336+0000] {logging_mixin.py:188} INFO - [2026-08-21T03:31:51.336+0000] {dag.py:3096} INFO - Sync 1 DAGs
[2026-08-21T03:31:51.352+0000] {logging_mixin.py:188} INFO - [2026-08-21T03:31:51.352+0000] {dag.py:3954} INFO - Setting next_dagrun for cell_kpi_spatial_analytics_pipeline to None, run_after=None
[2026-08-21T03:31:51.366+0000] {processor.py:183} INFO - Processing /opt/airflow/dags/kpi_hourly_dag.py took 0.090 seconds
[2026-08-21T03:32:21.491+0000] {processor.py:161} INFO - Started process (PID=1376) to work on /opt/airflow/dags/kpi_hourly_dag.py
[2026-08-21T03:32:21.492+0000] {processor.py:830} INFO - Processing file /opt/airflow/dags/kpi_hourly_dag.py for tasks to queue
[2026-08-21T03:32:21.493+0000] {logging_mixin.py:188} INFO - [2026-08-21T03:32:21.493+0000] {dagbag.py:545} INFO - Filling up the DagBag from /opt/airflow/dags/kpi_hourly_dag.py
[2026-08-21T03:32:21.535+0000] {processor.py:840} INFO - DAG(s) 'cell_kpi_spatial_analytics_pipeline' retrieved from /opt/airflow/dags/kpi_hourly_dag.py
[2026-08-21T03:32:21.545+0000] {logging_mixin.py:188} INFO - [2026-08-21T03:32:21.545+0000] {dag.py:3096} INFO - Sync 1 DAGs
[2026-08-21T03:32:21.562+0000] {logging_mixin.py:188} INFO - [2026-08-21T03:32:21.561+0000] {dag.py:3954} INFO - Setting next_dagrun for cell_kpi_spatial_analytics_pipeline to None, run_after=None
[2026-08-21T03:32:21.576+0000] {processor.py:183} INFO - Processing /opt/airflow/dags/kpi_hourly_dag.py took 0.090 seconds
[2026-08-21T03:32:51.614+0000] {processor.py:161} INFO - Started process (PID=1386) to work on /opt/airflow/dags/kpi_hourly_dag.py
[2026-08-21T03:32:51.614+0000] {processor.py:830} INFO - Processing file /opt/airflow/dags/kpi_hourly_dag.py for tasks to queue
[2026-08-21T03:32:51.616+0000] {logging_mixin.py:188} INFO - [2026-08-21T03:32:51.615+0000] {dagbag.py:545} INFO - Filling up the DagBag from /opt/airflow/dags/kpi_hourly_dag.py
[2026-08-21T03:32:51.658+0000] {processor.py:840} INFO - DAG(s) 'cell_kpi_spatial_analytics_pipeline' retrieved from /opt/airflow/dags/kpi_hourly_dag.py
[2026-08-21T03:32:51.671+0000] {logging_mixin.py:188} INFO - [2026-08-21T03:32:51.670+0000] {dag.py:3096} INFO - Sync 1 DAGs
[2026-08-21T03:32:51.690+0000] {logging_mixin.py:188} INFO - [2026-08-21T03:32:51.690+0000] {dag.py:3954} INFO - Setting next_dagrun for cell_kpi_spatial_analytics_pipeline to None, run_after=None
[2026-08-21T03:32:51.703+0000] {processor.py:183} INFO - Processing /opt/airflow/dags/kpi_hourly_dag.py took 0.094 seconds
[2026-08-21T03:33:21.829+0000] {processor.py:161} INFO - Started process (PID=1396) to work on /opt/airflow/dags/kpi_hourly_dag.py
[2026-08-21T03:33:21.830+0000] {processor.py:830} INFO - Processing file /opt/airflow/dags/kpi_hourly_dag.py for tasks to queue
[2026-08-21T03:33:21.831+0000] {logging_mixin.py:188} INFO - [2026-08-21T03:33:21.831+0000] {dagbag.py:545} INFO - Filling up the DagBag from /opt/airflow/dags/kpi_hourly_dag.py
[2026-08-21T03:33:21.876+0000] {processor.py:840} INFO - DAG(s) 'cell_kpi_spatial_analytics_pipeline' retrieved from /opt/airflow/dags/kpi_hourly_dag.py
[2026-08-21T03:33:21.889+0000] {logging_mixin.py:188} INFO - [2026-08-21T03:33:21.888+0000] {dag.py:3096} INFO - Sync 1 DAGs
[2026-08-21T03:33:21.907+0000] {logging_mixin.py:188} INFO - [2026-08-21T03:33:21.907+0000] {dag.py:3954} INFO - Setting next_dagrun for cell_kpi_spatial_analytics_pipeline to None, run_after=None
[2026-08-21T03:33:21.921+0000] {processor.py:183} INFO - Processing /opt/airflow/dags/kpi_hourly_dag.py took 0.097 seconds
[2026-08-21T03:33:52.047+0000] {processor.py:161} INFO - Started process (PID=1406) to work on /opt/airflow/dags/kpi_hourly_dag.py
[2026-08-21T03:33:52.048+0000] {processor.py:830} INFO - Processing file /opt/airflow/dags/kpi_hourly_dag.py for tasks to queue
[2026-08-21T03:33:52.049+0000] {logging_mixin.py:188} INFO - [2026-08-21T03:33:52.049+0000] {dagbag.py:545} INFO - Filling up the DagBag from /opt/airflow/dags/kpi_hourly_dag.py
[2026-08-21T03:33:52.097+0000] {processor.py:840} INFO - DAG(s) 'cell_kpi_spatial_analytics_pipeline' retrieved from /opt/airflow/dags/kpi_hourly_dag.py
[2026-08-21T03:33:52.107+0000] {logging_mixin.py:188} INFO - [2026-08-21T03:33:52.107+0000] {dag.py:3096} INFO - Sync 1 DAGs
[2026-08-21T03:33:52.124+0000] {logging_mixin.py:188} INFO - [2026-08-21T03:33:52.124+0000] {dag.py:3954} INFO - Setting next_dagrun for cell_kpi_spatial_analytics_pipeline to None, run_after=None
[2026-08-21T03:33:52.137+0000] {processor.py:183} INFO - Processing /opt/airflow/dags/kpi_hourly_dag.py took 0.095 seconds
[2026-08-21T03:34:22.185+0000] {processor.py:161} INFO - Started process (PID=1416) to work on /opt/airflow/dags/kpi_hourly_dag.py
[2026-08-21T03:34:22.186+0000] {processor.py:830} INFO - Processing file /opt/airflow/dags/kpi_hourly_dag.py for tasks to queue
[2026-08-21T03:34:22.187+0000] {logging_mixin.py:188} INFO - [2026-08-21T03:34:22.187+0000] {dagbag.py:545} INFO - Filling up the DagBag from /opt/airflow/dags/kpi_hourly_dag.py
[2026-08-21T03:34:22.240+0000] {processor.py:840} INFO - DAG(s) 'cell_kpi_spatial_analytics_pipeline' retrieved from /opt/airflow/dags/kpi_hourly_dag.py
[2026-08-21T03:34:22.254+0000] {logging_mixin.py:188} INFO - [2026-08-21T03:34:22.254+0000] {dag.py:3096} INFO - Sync 1 DAGs
[2026-08-21T03:34:22.281+0000] {logging_mixin.py:188} INFO - [2026-08-21T03:34:22.281+0000] {dag.py:3954} INFO - Setting next_dagrun for cell_kpi_spatial_analytics_pipeline to None, run_after=None
[2026-08-21T03:34:22.296+0000] {processor.py:183} INFO - Processing /opt/airflow/dags/kpi_hourly_dag.py took 0.117 seconds
[2026-08-21T03:34:52.417+0000] {processor.py:161} INFO - Started process (PID=1426) to work on /opt/airflow/dags/kpi_hourly_dag.py
[2026-08-21T03:34:52.418+0000] {processor.py:830} INFO - Processing file /opt/airflow/dags/kpi_hourly_dag.py for tasks to queue
[2026-08-21T03:34:52.419+0000] {logging_mixin.py:188} INFO - [2026-08-21T03:34:52.419+0000] {dagbag.py:545} INFO - Filling up the DagBag from /opt/airflow/dags/kpi_hourly_dag.py
[2026-08-21T03:34:52.462+0000] {processor.py:840} INFO - DAG(s) 'cell_kpi_spatial_analytics_pipeline' retrieved from /opt/airflow/dags/kpi_hourly_dag.py
[2026-08-21T03:34:52.472+0000] {logging_mixin.py:188} INFO - [2026-08-21T03:34:52.472+0000] {dag.py:3096} INFO - Sync 1 DAGs
[2026-08-21T03:34:52.490+0000] {logging_mixin.py:188} INFO - [2026-08-21T03:34:52.490+0000] {dag.py:3954} INFO - Setting next_dagrun for cell_kpi_spatial_analytics_pipeline to None, run_after=None
[2026-08-21T03:34:52.503+0000] {processor.py:183} INFO - Processing /opt/airflow/dags/kpi_hourly_dag.py took 0.091 seconds
[2026-08-21T03:35:22.536+0000] {processor.py:161} INFO - Started process (PID=1436) to work on /opt/airflow/dags/kpi_hourly_dag.py
[2026-08-21T03:35:22.537+0000] {processor.py:830} INFO - Processing file /opt/airflow/dags/kpi_hourly_dag.py for tasks to queue
[2026-08-21T03:35:22.538+0000] {logging_mixin.py:188} INFO - [2026-08-21T03:35:22.538+0000] {dagbag.py:545} INFO - Filling up the DagBag from /opt/airflow/dags/kpi_hourly_dag.py
[2026-08-21T03:35:22.585+0000] {processor.py:840} INFO - DAG(s) 'cell_kpi_spatial_analytics_pipeline' retrieved from /opt/airflow/dags/kpi_hourly_dag.py
[2026-08-21T03:35:22.596+0000] {logging_mixin.py:188} INFO - [2026-08-21T03:35:22.596+0000] {dag.py:3096} INFO - Sync 1 DAGs
[2026-08-21T03:35:22.613+0000] {logging_mixin.py:188} INFO - [2026-08-21T03:35:22.612+0000] {dag.py:3954} INFO - Setting next_dagrun for cell_kpi_spatial_analytics_pipeline to None, run_after=None
[2026-08-21T03:35:22.625+0000] {processor.py:183} INFO - Processing /opt/airflow/dags/kpi_hourly_dag.py took 0.095 seconds
[2026-08-21T03:35:52.770+0000] {processor.py:161} INFO - Started process (PID=1570) to work on /opt/airflow/dags/kpi_hourly_dag.py
[2026-08-21T03:35:52.770+0000] {processor.py:830} INFO - Processing file /opt/airflow/dags/kpi_hourly_dag.py for tasks to queue
[2026-08-21T03:35:52.772+0000] {logging_mixin.py:188} INFO - [2026-08-21T03:35:52.771+0000] {dagbag.py:545} INFO - Filling up the DagBag from /opt/airflow/dags/kpi_hourly_dag.py
[2026-08-21T03:35:52.815+0000] {processor.py:840} INFO - DAG(s) 'cell_kpi_spatial_analytics_pipeline' retrieved from /opt/airflow/dags/kpi_hourly_dag.py
[2026-08-21T03:35:52.825+0000] {logging_mixin.py:188} INFO - [2026-08-21T03:35:52.825+0000] {dag.py:3096} INFO - Sync 1 DAGs
[2026-08-21T03:35:52.842+0000] {logging_mixin.py:188} INFO - [2026-08-21T03:35:52.842+0000] {dag.py:3954} INFO - Setting next_dagrun for cell_kpi_spatial_analytics_pipeline to None, run_after=None
[2026-08-21T03:35:52.856+0000] {processor.py:183} INFO - Processing /opt/airflow/dags/kpi_hourly_dag.py took 0.092 seconds
[2026-08-21T03:36:22.982+0000] {processor.py:161} INFO - Started process (PID=1580) to work on /opt/airflow/dags/kpi_hourly_dag.py
[2026-08-21T03:36:22.982+0000] {processor.py:830} INFO - Processing file /opt/airflow/dags/kpi_hourly_dag.py for tasks to queue
[2026-08-21T03:36:22.984+0000] {logging_mixin.py:188} INFO - [2026-08-21T03:36:22.983+0000] {dagbag.py:545} INFO - Filling up the DagBag from /opt/airflow/dags/kpi_hourly_dag.py
[2026-08-21T03:36:23.025+0000] {processor.py:840} INFO - DAG(s) 'cell_kpi_spatial_analytics_pipeline' retrieved from /opt/airflow/dags/kpi_hourly_dag.py
[2026-08-21T03:36:23.035+0000] {logging_mixin.py:188} INFO - [2026-08-21T03:36:23.035+0000] {dag.py:3096} INFO - Sync 1 DAGs
[2026-08-21T03:36:23.051+0000] {logging_mixin.py:188} INFO - [2026-08-21T03:36:23.051+0000] {dag.py:3954} INFO - Setting next_dagrun for cell_kpi_spatial_analytics_pipeline to None, run_after=None
[2026-08-21T03:36:23.066+0000] {processor.py:183} INFO - Processing /opt/airflow/dags/kpi_hourly_dag.py took 0.089 seconds
[2026-08-21T03:36:53.108+0000] {processor.py:161} INFO - Started process (PID=1590) to work on /opt/airflow/dags/kpi_hourly_dag.py
[2026-08-21T03:36:53.109+0000] {processor.py:830} INFO - Processing file /opt/airflow/dags/kpi_hourly_dag.py for tasks to queue
[2026-08-21T03:36:53.110+0000] {logging_mixin.py:188} INFO - [2026-08-21T03:36:53.110+0000] {dagbag.py:545} INFO - Filling up the DagBag from /opt/airflow/dags/kpi_hourly_dag.py
[2026-08-21T03:36:53.154+0000] {processor.py:840} INFO - DAG(s) 'cell_kpi_spatial_analytics_pipeline' retrieved from /opt/airflow/dags/kpi_hourly_dag.py
[2026-08-21T03:36:53.164+0000] {logging_mixin.py:188} INFO - [2026-08-21T03:36:53.164+0000] {dag.py:3096} INFO - Sync 1 DAGs
[2026-08-21T03:36:53.181+0000] {logging_mixin.py:188} INFO - [2026-08-21T03:36:53.181+0000] {dag.py:3954} INFO - Setting next_dagrun for cell_kpi_spatial_analytics_pipeline to None, run_after=None
[2026-08-21T03:36:53.195+0000] {processor.py:183} INFO - Processing /opt/airflow/dags/kpi_hourly_dag.py took 0.092 seconds
[2026-08-21T03:37:23.320+0000] {processor.py:161} INFO - Started process (PID=1600) to work on /opt/airflow/dags/kpi_hourly_dag.py
[2026-08-21T03:37:23.320+0000] {processor.py:830} INFO - Processing file /opt/airflow/dags/kpi_hourly_dag.py for tasks to queue
[2026-08-21T03:37:23.322+0000] {logging_mixin.py:188} INFO - [2026-08-21T03:37:23.322+0000] {dagbag.py:545} INFO - Filling up the DagBag from /opt/airflow/dags/kpi_hourly_dag.py
[2026-08-21T03:37:23.370+0000] {processor.py:840} INFO - DAG(s) 'cell_kpi_spatial_analytics_pipeline' retrieved from /opt/airflow/dags/kpi_hourly_dag.py
[2026-08-21T03:37:23.383+0000] {logging_mixin.py:188} INFO - [2026-08-21T03:37:23.383+0000] {dag.py:3096} INFO - Sync 1 DAGs
[2026-08-21T03:37:23.401+0000] {logging_mixin.py:188} INFO - [2026-08-21T03:37:23.401+0000] {dag.py:3954} INFO - Setting next_dagrun for cell_kpi_spatial_analytics_pipeline to None, run_after=None
[2026-08-21T03:37:23.415+0000] {processor.py:183} INFO - Processing /opt/airflow/dags/kpi_hourly_dag.py took 0.101 seconds
[2026-08-21T03:37:53.538+0000] {processor.py:161} INFO - Started process (PID=1610) to work on /opt/airflow/dags/kpi_hourly_dag.py
[2026-08-21T03:37:53.538+0000] {processor.py:830} INFO - Processing file /opt/airflow/dags/kpi_hourly_dag.py for tasks to queue
[2026-08-21T03:37:53.540+0000] {logging_mixin.py:188} INFO - [2026-08-21T03:37:53.539+0000] {dagbag.py:545} INFO - Filling up the DagBag from /opt/airflow/dags/kpi_hourly_dag.py
[2026-08-21T03:37:53.585+0000] {processor.py:840} INFO - DAG(s) 'cell_kpi_spatial_analytics_pipeline' retrieved from /opt/airflow/dags/kpi_hourly_dag.py
[2026-08-21T03:37:53.595+0000] {logging_mixin.py:188} INFO - [2026-08-21T03:37:53.595+0000] {dag.py:3096} INFO - Sync 1 DAGs
[2026-08-21T03:37:53.612+0000] {logging_mixin.py:188} INFO - [2026-08-21T03:37:53.612+0000] {dag.py:3954} INFO - Setting next_dagrun for cell_kpi_spatial_analytics_pipeline to None, run_after=None
[2026-08-21T03:37:53.625+0000] {processor.py:183} INFO - Processing /opt/airflow/dags/kpi_hourly_dag.py took 0.092 seconds
[2026-08-21T03:38:23.666+0000] {processor.py:161} INFO - Started process (PID=1620) to work on /opt/airflow/dags/kpi_hourly_dag.py
[2026-08-21T03:38:23.667+0000] {processor.py:830} INFO - Processing file /opt/airflow/dags/kpi_hourly_dag.py for tasks to queue
[2026-08-21T03:38:23.669+0000] {logging_mixin.py:188} INFO - [2026-08-21T03:38:23.668+0000] {dagbag.py:545} INFO - Filling up the DagBag from /opt/airflow/dags/kpi_hourly_dag.py
[2026-08-21T03:38:23.713+0000] {processor.py:840} INFO - DAG(s) 'cell_kpi_spatial_analytics_pipeline' retrieved from /opt/airflow/dags/kpi_hourly_dag.py
[2026-08-21T03:38:23.723+0000] {logging_mixin.py:188} INFO - [2026-08-21T03:38:23.723+0000] {dag.py:3096} INFO - Sync 1 DAGs
[2026-08-21T03:38:23.739+0000] {logging_mixin.py:188} INFO - [2026-08-21T03:38:23.739+0000] {dag.py:3954} INFO - Setting next_dagrun for cell_kpi_spatial_analytics_pipeline to None, run_after=None
[2026-08-21T03:38:23.755+0000] {processor.py:183} INFO - Processing /opt/airflow/dags/kpi_hourly_dag.py took 0.096 seconds
[2026-08-21T03:38:53.888+0000] {processor.py:161} INFO - Started process (PID=1630) to work on /opt/airflow/dags/kpi_hourly_dag.py
[2026-08-21T03:38:53.889+0000] {processor.py:830} INFO - Processing file /opt/airflow/dags/kpi_hourly_dag.py for tasks to queue
[2026-08-21T03:38:53.890+0000] {logging_mixin.py:188} INFO - [2026-08-21T03:38:53.890+0000] {dagbag.py:545} INFO - Filling up the DagBag from /opt/airflow/dags/kpi_hourly_dag.py
[2026-08-21T03:38:53.937+0000] {processor.py:840} INFO - DAG(s) 'cell_kpi_spatial_analytics_pipeline' retrieved from /opt/airflow/dags/kpi_hourly_dag.py
[2026-08-21T03:38:53.951+0000] {logging_mixin.py:188} INFO - [2026-08-21T03:38:53.950+0000] {dag.py:3096} INFO - Sync 1 DAGs
[2026-08-21T03:38:53.976+0000] {logging_mixin.py:188} INFO - [2026-08-21T03:38:53.975+0000] {dag.py:3954} INFO - Setting next_dagrun for cell_kpi_spatial_analytics_pipeline to None, run_after=None
[2026-08-21T03:38:53.989+0000] {processor.py:183} INFO - Processing /opt/airflow/dags/kpi_hourly_dag.py took 0.107 seconds
[2026-08-21T03:39:24.019+0000] {processor.py:161} INFO - Started process (PID=1640) to work on /opt/airflow/dags/kpi_hourly_dag.py
[2026-08-21T03:39:24.020+0000] {processor.py:830} INFO - Processing file /opt/airflow/dags/kpi_hourly_dag.py for tasks to queue
[2026-08-21T03:39:24.021+0000] {logging_mixin.py:188} INFO - [2026-08-21T03:39:24.021+0000] {dagbag.py:545} INFO - Filling up the DagBag from /opt/airflow/dags/kpi_hourly_dag.py
[2026-08-21T03:39:24.064+0000] {processor.py:840} INFO - DAG(s) 'cell_kpi_spatial_analytics_pipeline' retrieved from /opt/airflow/dags/kpi_hourly_dag.py
[2026-08-21T03:39:24.075+0000] {logging_mixin.py:188} INFO - [2026-08-21T03:39:24.075+0000] {dag.py:3096} INFO - Sync 1 DAGs
[2026-08-21T03:39:24.092+0000] {logging_mixin.py:188} INFO - [2026-08-21T03:39:24.092+0000] {dag.py:3954} INFO - Setting next_dagrun for cell_kpi_spatial_analytics_pipeline to None, run_after=None
[2026-08-21T03:39:24.105+0000] {processor.py:183} INFO - Processing /opt/airflow/dags/kpi_hourly_dag.py took 0.092 seconds
[2026-08-21T03:39:54.229+0000] {processor.py:161} INFO - Started process (PID=1650) to work on /opt/airflow/dags/kpi_hourly_dag.py
[2026-08-21T03:39:54.230+0000] {processor.py:830} INFO - Processing file /opt/airflow/dags/kpi_hourly_dag.py for tasks to queue
[2026-08-21T03:39:54.231+0000] {logging_mixin.py:188} INFO - [2026-08-21T03:39:54.231+0000] {dagbag.py:545} INFO - Filling up the DagBag from /opt/airflow/dags/kpi_hourly_dag.py
[2026-08-21T03:39:54.277+0000] {processor.py:840} INFO - DAG(s) 'cell_kpi_spatial_analytics_pipeline' retrieved from /opt/airflow/dags/kpi_hourly_dag.py
[2026-08-21T03:39:54.287+0000] {logging_mixin.py:188} INFO - [2026-08-21T03:39:54.287+0000] {dag.py:3096} INFO - Sync 1 DAGs
[2026-08-21T03:39:54.303+0000] {logging_mixin.py:188} INFO - [2026-08-21T03:39:54.303+0000] {dag.py:3954} INFO - Setting next_dagrun for cell_kpi_spatial_analytics_pipeline to None, run_after=None
[2026-08-21T03:39:54.317+0000] {processor.py:183} INFO - Processing /opt/airflow/dags/kpi_hourly_dag.py took 0.093 seconds
[2026-08-21T03:40:24.438+0000] {processor.py:161} INFO - Started process (PID=1660) to work on /opt/airflow/dags/kpi_hourly_dag.py
[2026-08-21T03:40:24.439+0000] {processor.py:830} INFO - Processing file /opt/airflow/dags/kpi_hourly_dag.py for tasks to queue
[2026-08-21T03:40:24.440+0000] {logging_mixin.py:188} INFO - [2026-08-21T03:40:24.440+0000] {dagbag.py:545} INFO - Filling up the DagBag from /opt/airflow/dags/kpi_hourly_dag.py
[2026-08-21T03:40:24.484+0000] {processor.py:840} INFO - DAG(s) 'cell_kpi_spatial_analytics_pipeline' retrieved from /opt/airflow/dags/kpi_hourly_dag.py
[2026-08-21T03:40:24.496+0000] {logging_mixin.py:188} INFO - [2026-08-21T03:40:24.495+0000] {dag.py:3096} INFO - Sync 1 DAGs
[2026-08-21T03:40:24.512+0000] {logging_mixin.py:188} INFO - [2026-08-21T03:40:24.512+0000] {dag.py:3954} INFO - Setting next_dagrun for cell_kpi_spatial_analytics_pipeline to None, run_after=None
[2026-08-21T03:40:24.530+0000] {processor.py:183} INFO - Processing /opt/airflow/dags/kpi_hourly_dag.py took 0.097 seconds
[2026-08-21T03:40:54.560+0000] {processor.py:161} INFO - Started process (PID=1670) to work on /opt/airflow/dags/kpi_hourly_dag.py
[2026-08-21T03:40:54.561+0000] {processor.py:830} INFO - Processing file /opt/airflow/dags/kpi_hourly_dag.py for tasks to queue
[2026-08-21T03:40:54.562+0000] {logging_mixin.py:188} INFO - [2026-08-21T03:40:54.562+0000] {dagbag.py:545} INFO - Filling up the DagBag from /opt/airflow/dags/kpi_hourly_dag.py
[2026-08-21T03:40:54.608+0000] {processor.py:840} INFO - DAG(s) 'cell_kpi_spatial_analytics_pipeline' retrieved from /opt/airflow/dags/kpi_hourly_dag.py
[2026-08-21T03:40:54.621+0000] {logging_mixin.py:188} INFO - [2026-08-21T03:40:54.621+0000] {dag.py:3096} INFO - Sync 1 DAGs
[2026-08-21T03:40:54.638+0000] {logging_mixin.py:188} INFO - [2026-08-21T03:40:54.638+0000] {dag.py:3954} INFO - Setting next_dagrun for cell_kpi_spatial_analytics_pipeline to None, run_after=None
[2026-08-21T03:40:54.651+0000] {processor.py:183} INFO - Processing /opt/airflow/dags/kpi_hourly_dag.py took 0.096 seconds
[2026-08-21T03:41:24.777+0000] {processor.py:161} INFO - Started process (PID=1680) to work on /opt/airflow/dags/kpi_hourly_dag.py
[2026-08-21T03:41:24.778+0000] {processor.py:830} INFO - Processing file /opt/airflow/dags/kpi_hourly_dag.py for tasks to queue
[2026-08-21T03:41:24.779+0000] {logging_mixin.py:188} INFO - [2026-08-21T03:41:24.779+0000] {dagbag.py:545} INFO - Filling up the DagBag from /opt/airflow/dags/kpi_hourly_dag.py
[2026-08-21T03:41:24.833+0000] {processor.py:840} INFO - DAG(s) 'cell_kpi_spatial_analytics_pipeline' retrieved from /opt/airflow/dags/kpi_hourly_dag.py
[2026-08-21T03:41:24.845+0000] {logging_mixin.py:188} INFO - [2026-08-21T03:41:24.845+0000] {dag.py:3096} INFO - Sync 1 DAGs
[2026-08-21T03:41:24.862+0000] {logging_mixin.py:188} INFO - [2026-08-21T03:41:24.862+0000] {dag.py:3954} INFO - Setting next_dagrun for cell_kpi_spatial_analytics_pipeline to None, run_after=None
[2026-08-21T03:41:24.875+0000] {processor.py:183} INFO - Processing /opt/airflow/dags/kpi_hourly_dag.py took 0.104 seconds
[2026-08-21T03:41:54.902+0000] {processor.py:161} INFO - Started process (PID=1690) to work on /opt/airflow/dags/kpi_hourly_dag.py
[2026-08-21T03:41:54.903+0000] {processor.py:830} INFO - Processing file /opt/airflow/dags/kpi_hourly_dag.py for tasks to queue
[2026-08-21T03:41:54.904+0000] {logging_mixin.py:188} INFO - [2026-08-21T03:41:54.904+0000] {dagbag.py:545} INFO - Filling up the DagBag from /opt/airflow/dags/kpi_hourly_dag.py
[2026-08-21T03:41:54.948+0000] {processor.py:840} INFO - DAG(s) 'cell_kpi_spatial_analytics_pipeline' retrieved from /opt/airflow/dags/kpi_hourly_dag.py
[2026-08-21T03:41:54.958+0000] {logging_mixin.py:188} INFO - [2026-08-21T03:41:54.958+0000] {dag.py:3096} INFO - Sync 1 DAGs
[2026-08-21T03:41:54.975+0000] {logging_mixin.py:188} INFO - [2026-08-21T03:41:54.975+0000] {dag.py:3954} INFO - Setting next_dagrun for cell_kpi_spatial_analytics_pipeline to None, run_after=None
[2026-08-21T03:41:54.989+0000] {processor.py:183} INFO - Processing /opt/airflow/dags/kpi_hourly_dag.py took 0.092 seconds
[2026-08-21T03:42:25.120+0000] {processor.py:161} INFO - Started process (PID=1700) to work on /opt/airflow/dags/kpi_hourly_dag.py
[2026-08-21T03:42:25.122+0000] {processor.py:830} INFO - Processing file /opt/airflow/dags/kpi_hourly_dag.py for tasks to queue
[2026-08-21T03:42:25.124+0000] {logging_mixin.py:188} INFO - [2026-08-21T03:42:25.124+0000] {dagbag.py:545} INFO - Filling up the DagBag from /opt/airflow/dags/kpi_hourly_dag.py
[2026-08-21T03:42:25.181+0000] {processor.py:840} INFO - DAG(s) 'cell_kpi_spatial_analytics_pipeline' retrieved from /opt/airflow/dags/kpi_hourly_dag.py
[2026-08-21T03:42:25.191+0000] {logging_mixin.py:188} INFO - [2026-08-21T03:42:25.191+0000] {dag.py:3096} INFO - Sync 1 DAGs
[2026-08-21T03:42:25.208+0000] {logging_mixin.py:188} INFO - [2026-08-21T03:42:25.208+0000] {dag.py:3954} INFO - Setting next_dagrun for cell_kpi_spatial_analytics_pipeline to None, run_after=None
[2026-08-21T03:42:25.223+0000] {processor.py:183} INFO - Processing /opt/airflow/dags/kpi_hourly_dag.py took 0.110 seconds
[2026-08-21T03:42:55.509+0000] {processor.py:161} INFO - Started process (PID=1956) to work on /opt/airflow/dags/kpi_hourly_dag.py
[2026-08-21T03:42:55.512+0000] {processor.py:830} INFO - Processing file /opt/airflow/dags/kpi_hourly_dag.py for tasks to queue
[2026-08-21T03:42:55.514+0000] {logging_mixin.py:188} INFO - [2026-08-21T03:42:55.514+0000] {dagbag.py:545} INFO - Filling up the DagBag from /opt/airflow/dags/kpi_hourly_dag.py
[2026-08-21T03:42:55.568+0000] {processor.py:840} INFO - DAG(s) 'cell_kpi_spatial_analytics_pipeline' retrieved from /opt/airflow/dags/kpi_hourly_dag.py
[2026-08-21T03:42:55.583+0000] {logging_mixin.py:188} INFO - [2026-08-21T03:42:55.582+0000] {dag.py:3096} INFO - Sync 1 DAGs
[2026-08-21T03:42:55.608+0000] {logging_mixin.py:188} INFO - [2026-08-21T03:42:55.608+0000] {dag.py:3954} INFO - Setting next_dagrun for cell_kpi_spatial_analytics_pipeline to None, run_after=None
[2026-08-21T03:42:55.630+0000] {processor.py:183} INFO - Processing /opt/airflow/dags/kpi_hourly_dag.py took 0.128 seconds
[2026-08-21T03:43:25.834+0000] {processor.py:161} INFO - Started process (PID=2050) to work on /opt/airflow/dags/kpi_hourly_dag.py
[2026-08-21T03:43:25.835+0000] {processor.py:830} INFO - Processing file /opt/airflow/dags/kpi_hourly_dag.py for tasks to queue
[2026-08-21T03:43:25.836+0000] {logging_mixin.py:188} INFO - [2026-08-21T03:43:25.836+0000] {dagbag.py:545} INFO - Filling up the DagBag from /opt/airflow/dags/kpi_hourly_dag.py
[2026-08-21T03:43:25.885+0000] {processor.py:840} INFO - DAG(s) 'cell_kpi_spatial_analytics_pipeline' retrieved from /opt/airflow/dags/kpi_hourly_dag.py
[2026-08-21T03:43:25.896+0000] {logging_mixin.py:188} INFO - [2026-08-21T03:43:25.896+0000] {dag.py:3096} INFO - Sync 1 DAGs
[2026-08-21T03:43:25.913+0000] {logging_mixin.py:188} INFO - [2026-08-21T03:43:25.912+0000] {dag.py:3954} INFO - Setting next_dagrun for cell_kpi_spatial_analytics_pipeline to None, run_after=None
[2026-08-21T03:43:25.926+0000] {processor.py:183} INFO - Processing /opt/airflow/dags/kpi_hourly_dag.py took 0.098 seconds
[2026-08-21T03:43:56.064+0000] {processor.py:161} INFO - Started process (PID=2060) to work on /opt/airflow/dags/kpi_hourly_dag.py
[2026-08-21T03:43:56.065+0000] {processor.py:830} INFO - Processing file /opt/airflow/dags/kpi_hourly_dag.py for tasks to queue
[2026-08-21T03:43:56.066+0000] {logging_mixin.py:188} INFO - [2026-08-21T03:43:56.066+0000] {dagbag.py:545} INFO - Filling up the DagBag from /opt/airflow/dags/kpi_hourly_dag.py
[2026-08-21T03:43:56.109+0000] {processor.py:840} INFO - DAG(s) 'cell_kpi_spatial_analytics_pipeline' retrieved from /opt/airflow/dags/kpi_hourly_dag.py
[2026-08-21T03:43:56.119+0000] {logging_mixin.py:188} INFO - [2026-08-21T03:43:56.119+0000] {dag.py:3096} INFO - Sync 1 DAGs
[2026-08-21T03:43:56.136+0000] {logging_mixin.py:188} INFO - [2026-08-21T03:43:56.135+0000] {dag.py:3954} INFO - Setting next_dagrun for cell_kpi_spatial_analytics_pipeline to None, run_after=None
[2026-08-21T03:43:56.150+0000] {processor.py:183} INFO - Processing /opt/airflow/dags/kpi_hourly_dag.py took 0.091 seconds
[2026-08-21T03:44:26.287+0000] {processor.py:161} INFO - Started process (PID=2070) to work on /opt/airflow/dags/kpi_hourly_dag.py
[2026-08-21T03:44:26.288+0000] {processor.py:830} INFO - Processing file /opt/airflow/dags/kpi_hourly_dag.py for tasks to queue
[2026-08-21T03:44:26.289+0000] {logging_mixin.py:188} INFO - [2026-08-21T03:44:26.289+0000] {dagbag.py:545} INFO - Filling up the DagBag from /opt/airflow/dags/kpi_hourly_dag.py
[2026-08-21T03:44:26.333+0000] {processor.py:840} INFO - DAG(s) 'cell_kpi_spatial_analytics_pipeline' retrieved from /opt/airflow/dags/kpi_hourly_dag.py
[2026-08-21T03:44:26.344+0000] {logging_mixin.py:188} INFO - [2026-08-21T03:44:26.344+0000] {dag.py:3096} INFO - Sync 1 DAGs
[2026-08-21T03:44:26.361+0000] {logging_mixin.py:188} INFO - [2026-08-21T03:44:26.361+0000] {dag.py:3954} INFO - Setting next_dagrun for cell_kpi_spatial_analytics_pipeline to None, run_after=None
[2026-08-21T03:44:26.375+0000] {processor.py:183} INFO - Processing /opt/airflow/dags/kpi_hourly_dag.py took 0.095 seconds
[2026-08-21T03:44:56.419+0000] {processor.py:161} INFO - Started process (PID=2080) to work on /opt/airflow/dags/kpi_hourly_dag.py
[2026-08-21T03:44:56.420+0000] {processor.py:830} INFO - Processing file /opt/airflow/dags/kpi_hourly_dag.py for tasks to queue
[2026-08-21T03:44:56.421+0000] {logging_mixin.py:188} INFO - [2026-08-21T03:44:56.421+0000] {dagbag.py:545} INFO - Filling up the DagBag from /opt/airflow/dags/kpi_hourly_dag.py
[2026-08-21T03:44:56.465+0000] {processor.py:840} INFO - DAG(s) 'cell_kpi_spatial_analytics_pipeline' retrieved from /opt/airflow/dags/kpi_hourly_dag.py
[2026-08-21T03:44:56.475+0000] {logging_mixin.py:188} INFO - [2026-08-21T03:44:56.475+0000] {dag.py:3096} INFO - Sync 1 DAGs
[2026-08-21T03:44:56.492+0000] {logging_mixin.py:188} INFO - [2026-08-21T03:44:56.492+0000] {dag.py:3954} INFO - Setting next_dagrun for cell_kpi_spatial_analytics_pipeline to None, run_after=None
[2026-08-21T03:44:56.506+0000] {processor.py:183} INFO - Processing /opt/airflow/dags/kpi_hourly_dag.py took 0.094 seconds
[2026-08-21T03:45:26.635+0000] {processor.py:161} INFO - Started process (PID=2090) to work on /opt/airflow/dags/kpi_hourly_dag.py
[2026-08-21T03:45:26.636+0000] {processor.py:830} INFO - Processing file /opt/airflow/dags/kpi_hourly_dag.py for tasks to queue
[2026-08-21T03:45:26.637+0000] {logging_mixin.py:188} INFO - [2026-08-21T03:45:26.637+0000] {dagbag.py:545} INFO - Filling up the DagBag from /opt/airflow/dags/kpi_hourly_dag.py
[2026-08-21T03:45:26.679+0000] {processor.py:840} INFO - DAG(s) 'cell_kpi_spatial_analytics_pipeline' retrieved from /opt/airflow/dags/kpi_hourly_dag.py
[2026-08-21T03:45:26.692+0000] {logging_mixin.py:188} INFO - [2026-08-21T03:45:26.691+0000] {dag.py:3096} INFO - Sync 1 DAGs
[2026-08-21T03:45:26.715+0000] {logging_mixin.py:188} INFO - [2026-08-21T03:45:26.714+0000] {dag.py:3954} INFO - Setting next_dagrun for cell_kpi_spatial_analytics_pipeline to None, run_after=None
[2026-08-21T03:45:26.732+0000] {processor.py:183} INFO - Processing /opt/airflow/dags/kpi_hourly_dag.py took 0.102 seconds
[2026-08-21T03:45:56.766+0000] {processor.py:161} INFO - Started process (PID=2100) to work on /opt/airflow/dags/kpi_hourly_dag.py
[2026-08-21T03:45:56.767+0000] {processor.py:830} INFO - Processing file /opt/airflow/dags/kpi_hourly_dag.py for tasks to queue
[2026-08-21T03:45:56.769+0000] {logging_mixin.py:188} INFO - [2026-08-21T03:45:56.768+0000] {dagbag.py:545} INFO - Filling up the DagBag from /opt/airflow/dags/kpi_hourly_dag.py
[2026-08-21T03:45:56.812+0000] {processor.py:840} INFO - DAG(s) 'cell_kpi_spatial_analytics_pipeline' retrieved from /opt/airflow/dags/kpi_hourly_dag.py
[2026-08-21T03:45:56.822+0000] {logging_mixin.py:188} INFO - [2026-08-21T03:45:56.822+0000] {dag.py:3096} INFO - Sync 1 DAGs
[2026-08-21T03:45:56.839+0000] {logging_mixin.py:188} INFO - [2026-08-21T03:45:56.839+0000] {dag.py:3954} INFO - Setting next_dagrun for cell_kpi_spatial_analytics_pipeline to None, run_after=None
[2026-08-21T03:45:56.852+0000] {processor.py:183} INFO - Processing /opt/airflow/dags/kpi_hourly_dag.py took 0.092 seconds
[2026-08-21T03:46:26.979+0000] {processor.py:161} INFO - Started process (PID=2110) to work on /opt/airflow/dags/kpi_hourly_dag.py
[2026-08-21T03:46:26.980+0000] {processor.py:830} INFO - Processing file /opt/airflow/dags/kpi_hourly_dag.py for tasks to queue
[2026-08-21T03:46:26.981+0000] {logging_mixin.py:188} INFO - [2026-08-21T03:46:26.981+0000] {dagbag.py:545} INFO - Filling up the DagBag from /opt/airflow/dags/kpi_hourly_dag.py
[2026-08-21T03:46:27.027+0000] {processor.py:840} INFO - DAG(s) 'cell_kpi_spatial_analytics_pipeline' retrieved from /opt/airflow/dags/kpi_hourly_dag.py
[2026-08-21T03:46:27.037+0000] {logging_mixin.py:188} INFO - [2026-08-21T03:46:27.037+0000] {dag.py:3096} INFO - Sync 1 DAGs
[2026-08-21T03:46:27.053+0000] {logging_mixin.py:188} INFO - [2026-08-21T03:46:27.053+0000] {dag.py:3954} INFO - Setting next_dagrun for cell_kpi_spatial_analytics_pipeline to None, run_after=None
[2026-08-21T03:46:27.072+0000] {processor.py:183} INFO - Processing /opt/airflow/dags/kpi_hourly_dag.py took 0.099 seconds
[2026-08-21T03:46:57.194+0000] {processor.py:161} INFO - Started process (PID=2120) to work on /opt/airflow/dags/kpi_hourly_dag.py
[2026-08-21T03:46:57.194+0000] {processor.py:830} INFO - Processing file /opt/airflow/dags/kpi_hourly_dag.py for tasks to queue
[2026-08-21T03:46:57.196+0000] {logging_mixin.py:188} INFO - [2026-08-21T03:46:57.195+0000] {dagbag.py:545} INFO - Filling up the DagBag from /opt/airflow/dags/kpi_hourly_dag.py
[2026-08-21T03:46:57.240+0000] {processor.py:840} INFO - DAG(s) 'cell_kpi_spatial_analytics_pipeline' retrieved from /opt/airflow/dags/kpi_hourly_dag.py
[2026-08-21T03:46:57.252+0000] {logging_mixin.py:188} INFO - [2026-08-21T03:46:57.252+0000] {dag.py:3096} INFO - Sync 1 DAGs
[2026-08-21T03:46:57.272+0000] {logging_mixin.py:188} INFO - [2026-08-21T03:46:57.272+0000] {dag.py:3954} INFO - Setting next_dagrun for cell_kpi_spatial_analytics_pipeline to None, run_after=None
[2026-08-21T03:46:57.285+0000] {processor.py:183} INFO - Processing /opt/airflow/dags/kpi_hourly_dag.py took 0.097 seconds
[2026-08-21T03:47:27.321+0000] {processor.py:161} INFO - Started process (PID=2130) to work on /opt/airflow/dags/kpi_hourly_dag.py
[2026-08-21T03:47:27.322+0000] {processor.py:830} INFO - Processing file /opt/airflow/dags/kpi_hourly_dag.py for tasks to queue
[2026-08-21T03:47:27.323+0000] {logging_mixin.py:188} INFO - [2026-08-21T03:47:27.323+0000] {dagbag.py:545} INFO - Filling up the DagBag from /opt/airflow/dags/kpi_hourly_dag.py
[2026-08-21T03:47:27.375+0000] {processor.py:840} INFO - DAG(s) 'cell_kpi_spatial_analytics_pipeline' retrieved from /opt/airflow/dags/kpi_hourly_dag.py
[2026-08-21T03:47:27.388+0000] {logging_mixin.py:188} INFO - [2026-08-21T03:47:27.388+0000] {dag.py:3096} INFO - Sync 1 DAGs
[2026-08-21T03:47:27.408+0000] {logging_mixin.py:188} INFO - [2026-08-21T03:47:27.408+0000] {dag.py:3954} INFO - Setting next_dagrun for cell_kpi_spatial_analytics_pipeline to None, run_after=None
[2026-08-21T03:47:27.422+0000] {processor.py:183} INFO - Processing /opt/airflow/dags/kpi_hourly_dag.py took 0.106 seconds
[2026-08-21T03:47:57.554+0000] {processor.py:161} INFO - Started process (PID=2140) to work on /opt/airflow/dags/kpi_hourly_dag.py
[2026-08-21T03:47:57.555+0000] {processor.py:830} INFO - Processing file /opt/airflow/dags/kpi_hourly_dag.py for tasks to queue
[2026-08-21T03:47:57.557+0000] {logging_mixin.py:188} INFO - [2026-08-21T03:47:57.556+0000] {dagbag.py:545} INFO - Filling up the DagBag from /opt/airflow/dags/kpi_hourly_dag.py
[2026-08-21T03:47:57.604+0000] {processor.py:840} INFO - DAG(s) 'cell_kpi_spatial_analytics_pipeline' retrieved from /opt/airflow/dags/kpi_hourly_dag.py
[2026-08-21T03:47:57.614+0000] {logging_mixin.py:188} INFO - [2026-08-21T03:47:57.614+0000] {dag.py:3096} INFO - Sync 1 DAGs
[2026-08-21T03:47:57.631+0000] {logging_mixin.py:188} INFO - [2026-08-21T03:47:57.631+0000] {dag.py:3954} INFO - Setting next_dagrun for cell_kpi_spatial_analytics_pipeline to None, run_after=None
[2026-08-21T03:47:57.644+0000] {processor.py:183} INFO - Processing /opt/airflow/dags/kpi_hourly_dag.py took 0.096 seconds
[2026-08-21T03:48:27.677+0000] {processor.py:161} INFO - Started process (PID=2150) to work on /opt/airflow/dags/kpi_hourly_dag.py
[2026-08-21T03:48:27.678+0000] {processor.py:830} INFO - Processing file /opt/airflow/dags/kpi_hourly_dag.py for tasks to queue
[2026-08-21T03:48:27.679+0000] {logging_mixin.py:188} INFO - [2026-08-21T03:48:27.679+0000] {dagbag.py:545} INFO - Filling up the DagBag from /opt/airflow/dags/kpi_hourly_dag.py
[2026-08-21T03:48:27.722+0000] {processor.py:840} INFO - DAG(s) 'cell_kpi_spatial_analytics_pipeline' retrieved from /opt/airflow/dags/kpi_hourly_dag.py
[2026-08-21T03:48:27.733+0000] {logging_mixin.py:188} INFO - [2026-08-21T03:48:27.732+0000] {dag.py:3096} INFO - Sync 1 DAGs
[2026-08-21T03:48:27.749+0000] {logging_mixin.py:188} INFO - [2026-08-21T03:48:27.749+0000] {dag.py:3954} INFO - Setting next_dagrun for cell_kpi_spatial_analytics_pipeline to None, run_after=None
[2026-08-21T03:48:27.763+0000] {processor.py:183} INFO - Processing /opt/airflow/dags/kpi_hourly_dag.py took 0.091 seconds
[2026-08-21T03:48:57.890+0000] {processor.py:161} INFO - Started process (PID=2160) to work on /opt/airflow/dags/kpi_hourly_dag.py
[2026-08-21T03:48:57.891+0000] {processor.py:830} INFO - Processing file /opt/airflow/dags/kpi_hourly_dag.py for tasks to queue
[2026-08-21T03:48:57.892+0000] {logging_mixin.py:188} INFO - [2026-08-21T03:48:57.892+0000] {dagbag.py:545} INFO - Filling up the DagBag from /opt/airflow/dags/kpi_hourly_dag.py
[2026-08-21T03:48:57.934+0000] {processor.py:840} INFO - DAG(s) 'cell_kpi_spatial_analytics_pipeline' retrieved from /opt/airflow/dags/kpi_hourly_dag.py
[2026-08-21T03:48:57.946+0000] {logging_mixin.py:188} INFO - [2026-08-21T03:48:57.946+0000] {dag.py:3096} INFO - Sync 1 DAGs
[2026-08-21T03:48:57.969+0000] {logging_mixin.py:188} INFO - [2026-08-21T03:48:57.969+0000] {dag.py:3954} INFO - Setting next_dagrun for cell_kpi_spatial_analytics_pipeline to None, run_after=None
[2026-08-21T03:48:57.982+0000] {processor.py:183} INFO - Processing /opt/airflow/dags/kpi_hourly_dag.py took 0.098 seconds
[2026-08-21T03:49:28.033+0000] {processor.py:161} INFO - Started process (PID=2170) to work on /opt/airflow/dags/kpi_hourly_dag.py
[2026-08-21T03:49:28.033+0000] {processor.py:830} INFO - Processing file /opt/airflow/dags/kpi_hourly_dag.py for tasks to queue
[2026-08-21T03:49:28.035+0000] {logging_mixin.py:188} INFO - [2026-08-21T03:49:28.034+0000] {dagbag.py:545} INFO - Filling up the DagBag from /opt/airflow/dags/kpi_hourly_dag.py
[2026-08-21T03:49:28.079+0000] {processor.py:840} INFO - DAG(s) 'cell_kpi_spatial_analytics_pipeline' retrieved from /opt/airflow/dags/kpi_hourly_dag.py
[2026-08-21T03:49:28.091+0000] {logging_mixin.py:188} INFO - [2026-08-21T03:49:28.091+0000] {dag.py:3096} INFO - Sync 1 DAGs
[2026-08-21T03:49:28.111+0000] {logging_mixin.py:188} INFO - [2026-08-21T03:49:28.110+0000] {dag.py:3954} INFO - Setting next_dagrun for cell_kpi_spatial_analytics_pipeline to None, run_after=None
[2026-08-21T03:49:28.124+0000] {processor.py:183} INFO - Processing /opt/airflow/dags/kpi_hourly_dag.py took 0.097 seconds
[2026-08-21T03:49:58.354+0000] {processor.py:161} INFO - Started process (PID=2405) to work on /opt/airflow/dags/kpi_hourly_dag.py
[2026-08-21T03:49:58.355+0000] {processor.py:830} INFO - Processing file /opt/airflow/dags/kpi_hourly_dag.py for tasks to queue
[2026-08-21T03:49:58.358+0000] {logging_mixin.py:188} INFO - [2026-08-21T03:49:58.358+0000] {dagbag.py:545} INFO - Filling up the DagBag from /opt/airflow/dags/kpi_hourly_dag.py
[2026-08-21T03:49:58.583+0000] {processor.py:840} INFO - DAG(s) 'cell_kpi_spatial_analytics_pipeline' retrieved from /opt/airflow/dags/kpi_hourly_dag.py
[2026-08-21T03:49:58.608+0000] {logging_mixin.py:188} INFO - [2026-08-21T03:49:58.607+0000] {dag.py:3096} INFO - Sync 1 DAGs
[2026-08-21T03:49:58.644+0000] {logging_mixin.py:188} INFO - [2026-08-21T03:49:58.644+0000] {dag.py:3954} INFO - Setting next_dagrun for cell_kpi_spatial_analytics_pipeline to None, run_after=None
[2026-08-21T03:49:58.691+0000] {processor.py:183} INFO - Processing /opt/airflow/dags/kpi_hourly_dag.py took 0.357 seconds
[2026-08-21T03:50:29.557+0000] {processor.py:161} INFO - Started process (PID=2505) to work on /opt/airflow/dags/kpi_hourly_dag.py
[2026-08-21T03:50:29.560+0000] {processor.py:830} INFO - Processing file /opt/airflow/dags/kpi_hourly_dag.py for tasks to queue
[2026-08-21T03:50:29.561+0000] {logging_mixin.py:188} INFO - [2026-08-21T03:50:29.561+0000] {dagbag.py:545} INFO - Filling up the DagBag from /opt/airflow/dags/kpi_hourly_dag.py
[2026-08-21T03:50:29.646+0000] {processor.py:840} INFO - DAG(s) 'cell_kpi_spatial_analytics_pipeline' retrieved from /opt/airflow/dags/kpi_hourly_dag.py
[2026-08-21T03:50:29.663+0000] {logging_mixin.py:188} INFO - [2026-08-21T03:50:29.663+0000] {dag.py:3096} INFO - Sync 1 DAGs
[2026-08-21T03:50:29.702+0000] {logging_mixin.py:188} INFO - [2026-08-21T03:50:29.700+0000] {dag.py:3954} INFO - Setting next_dagrun for cell_kpi_spatial_analytics_pipeline to None, run_after=None
[2026-08-21T03:50:29.738+0000] {processor.py:183} INFO - Processing /opt/airflow/dags/kpi_hourly_dag.py took 0.193 seconds
[2026-08-21T03:50:59.900+0000] {processor.py:161} INFO - Started process (PID=2538) to work on /opt/airflow/dags/kpi_hourly_dag.py
[2026-08-21T03:50:59.901+0000] {processor.py:830} INFO - Processing file /opt/airflow/dags/kpi_hourly_dag.py for tasks to queue
[2026-08-21T03:50:59.902+0000] {logging_mixin.py:188} INFO - [2026-08-21T03:50:59.902+0000] {dagbag.py:545} INFO - Filling up the DagBag from /opt/airflow/dags/kpi_hourly_dag.py
[2026-08-21T03:50:59.945+0000] {processor.py:840} INFO - DAG(s) 'cell_kpi_spatial_analytics_pipeline' retrieved from /opt/airflow/dags/kpi_hourly_dag.py
[2026-08-21T03:50:59.956+0000] {logging_mixin.py:188} INFO - [2026-08-21T03:50:59.956+0000] {dag.py:3096} INFO - Sync 1 DAGs
[2026-08-21T03:50:59.979+0000] {logging_mixin.py:188} INFO - [2026-08-21T03:50:59.979+0000] {dag.py:3954} INFO - Setting next_dagrun for cell_kpi_spatial_analytics_pipeline to None, run_after=None
[2026-08-21T03:50:59.992+0000] {processor.py:183} INFO - Processing /opt/airflow/dags/kpi_hourly_dag.py took 0.098 seconds
[2026-08-21T03:51:30.022+0000] {processor.py:161} INFO - Started process (PID=2548) to work on /opt/airflow/dags/kpi_hourly_dag.py
[2026-08-21T03:51:30.023+0000] {processor.py:830} INFO - Processing file /opt/airflow/dags/kpi_hourly_dag.py for tasks to queue
[2026-08-21T03:51:30.024+0000] {logging_mixin.py:188} INFO - [2026-08-21T03:51:30.024+0000] {dagbag.py:545} INFO - Filling up the DagBag from /opt/airflow/dags/kpi_hourly_dag.py
[2026-08-21T03:51:30.068+0000] {processor.py:840} INFO - DAG(s) 'cell_kpi_spatial_analytics_pipeline' retrieved from /opt/airflow/dags/kpi_hourly_dag.py
[2026-08-21T03:51:30.079+0000] {logging_mixin.py:188} INFO - [2026-08-21T03:51:30.079+0000] {dag.py:3096} INFO - Sync 1 DAGs
[2026-08-21T03:51:30.096+0000] {logging_mixin.py:188} INFO - [2026-08-21T03:51:30.096+0000] {dag.py:3954} INFO - Setting next_dagrun for cell_kpi_spatial_analytics_pipeline to None, run_after=None
[2026-08-21T03:51:30.109+0000] {processor.py:183} INFO - Processing /opt/airflow/dags/kpi_hourly_dag.py took 0.093 seconds
[2026-08-21T03:52:00.232+0000] {processor.py:161} INFO - Started process (PID=2558) to work on /opt/airflow/dags/kpi_hourly_dag.py
[2026-08-21T03:52:00.233+0000] {processor.py:830} INFO - Processing file /opt/airflow/dags/kpi_hourly_dag.py for tasks to queue
[2026-08-21T03:52:00.234+0000] {logging_mixin.py:188} INFO - [2026-08-21T03:52:00.234+0000] {dagbag.py:545} INFO - Filling up the DagBag from /opt/airflow/dags/kpi_hourly_dag.py
[2026-08-21T03:52:00.279+0000] {processor.py:840} INFO - DAG(s) 'cell_kpi_spatial_analytics_pipeline' retrieved from /opt/airflow/dags/kpi_hourly_dag.py
[2026-08-21T03:52:00.289+0000] {logging_mixin.py:188} INFO - [2026-08-21T03:52:00.289+0000] {dag.py:3096} INFO - Sync 1 DAGs
[2026-08-21T03:52:00.305+0000] {logging_mixin.py:188} INFO - [2026-08-21T03:52:00.305+0000] {dag.py:3954} INFO - Setting next_dagrun for cell_kpi_spatial_analytics_pipeline to None, run_after=None
[2026-08-21T03:52:00.318+0000] {processor.py:183} INFO - Processing /opt/airflow/dags/kpi_hourly_dag.py took 0.091 seconds
[2026-08-21T03:52:30.363+0000] {processor.py:161} INFO - Started process (PID=2568) to work on /opt/airflow/dags/kpi_hourly_dag.py
[2026-08-21T03:52:30.363+0000] {processor.py:830} INFO - Processing file /opt/airflow/dags/kpi_hourly_dag.py for tasks to queue
[2026-08-21T03:52:30.365+0000] {logging_mixin.py:188} INFO - [2026-08-21T03:52:30.364+0000] {dagbag.py:545} INFO - Filling up the DagBag from /opt/airflow/dags/kpi_hourly_dag.py
[2026-08-21T03:52:30.408+0000] {processor.py:840} INFO - DAG(s) 'cell_kpi_spatial_analytics_pipeline' retrieved from /opt/airflow/dags/kpi_hourly_dag.py
[2026-08-21T03:52:30.418+0000] {logging_mixin.py:188} INFO - [2026-08-21T03:52:30.418+0000] {dag.py:3096} INFO - Sync 1 DAGs
[2026-08-21T03:52:30.435+0000] {logging_mixin.py:188} INFO - [2026-08-21T03:52:30.435+0000] {dag.py:3954} INFO - Setting next_dagrun for cell_kpi_spatial_analytics_pipeline to None, run_after=None
[2026-08-21T03:52:30.448+0000] {processor.py:183} INFO - Processing /opt/airflow/dags/kpi_hourly_dag.py took 0.091 seconds
[2026-08-21T03:53:00.573+0000] {processor.py:161} INFO - Started process (PID=2578) to work on /opt/airflow/dags/kpi_hourly_dag.py
[2026-08-21T03:53:00.574+0000] {processor.py:830} INFO - Processing file /opt/airflow/dags/kpi_hourly_dag.py for tasks to queue
[2026-08-21T03:53:00.576+0000] {logging_mixin.py:188} INFO - [2026-08-21T03:53:00.575+0000] {dagbag.py:545} INFO - Filling up the DagBag from /opt/airflow/dags/kpi_hourly_dag.py
[2026-08-21T03:53:00.624+0000] {processor.py:840} INFO - DAG(s) 'cell_kpi_spatial_analytics_pipeline' retrieved from /opt/airflow/dags/kpi_hourly_dag.py
[2026-08-21T03:53:00.637+0000] {logging_mixin.py:188} INFO - [2026-08-21T03:53:00.636+0000] {dag.py:3096} INFO - Sync 1 DAGs
[2026-08-21T03:53:00.654+0000] {logging_mixin.py:188} INFO - [2026-08-21T03:53:00.654+0000] {dag.py:3954} INFO - Setting next_dagrun for cell_kpi_spatial_analytics_pipeline to None, run_after=None
[2026-08-21T03:53:00.669+0000] {processor.py:183} INFO - Processing /opt/airflow/dags/kpi_hourly_dag.py took 0.102 seconds
[2026-08-21T03:53:30.695+0000] {processor.py:161} INFO - Started process (PID=2588) to work on /opt/airflow/dags/kpi_hourly_dag.py
[2026-08-21T03:53:30.695+0000] {processor.py:830} INFO - Processing file /opt/airflow/dags/kpi_hourly_dag.py for tasks to queue
[2026-08-21T03:53:30.697+0000] {logging_mixin.py:188} INFO - [2026-08-21T03:53:30.696+0000] {dagbag.py:545} INFO - Filling up the DagBag from /opt/airflow/dags/kpi_hourly_dag.py
[2026-08-21T03:53:30.739+0000] {processor.py:840} INFO - DAG(s) 'cell_kpi_spatial_analytics_pipeline' retrieved from /opt/airflow/dags/kpi_hourly_dag.py
[2026-08-21T03:53:30.750+0000] {logging_mixin.py:188} INFO - [2026-08-21T03:53:30.750+0000] {dag.py:3096} INFO - Sync 1 DAGs
[2026-08-21T03:53:30.767+0000] {logging_mixin.py:188} INFO - [2026-08-21T03:53:30.766+0000] {dag.py:3954} INFO - Setting next_dagrun for cell_kpi_spatial_analytics_pipeline to None, run_after=None
[2026-08-21T03:53:30.780+0000] {processor.py:183} INFO - Processing /opt/airflow/dags/kpi_hourly_dag.py took 0.091 seconds
[2026-08-21T03:54:00.907+0000] {processor.py:161} INFO - Started process (PID=2598) to work on /opt/airflow/dags/kpi_hourly_dag.py
[2026-08-21T03:54:00.907+0000] {processor.py:830} INFO - Processing file /opt/airflow/dags/kpi_hourly_dag.py for tasks to queue
[2026-08-21T03:54:00.909+0000] {logging_mixin.py:188} INFO - [2026-08-21T03:54:00.909+0000] {dagbag.py:545} INFO - Filling up the DagBag from /opt/airflow/dags/kpi_hourly_dag.py
[2026-08-21T03:54:00.955+0000] {processor.py:840} INFO - DAG(s) 'cell_kpi_spatial_analytics_pipeline' retrieved from /opt/airflow/dags/kpi_hourly_dag.py
[2026-08-21T03:54:00.966+0000] {logging_mixin.py:188} INFO - [2026-08-21T03:54:00.966+0000] {dag.py:3096} INFO - Sync 1 DAGs
[2026-08-21T03:54:00.983+0000] {logging_mixin.py:188} INFO - [2026-08-21T03:54:00.983+0000] {dag.py:3954} INFO - Setting next_dagrun for cell_kpi_spatial_analytics_pipeline to None, run_after=None
[2026-08-21T03:54:00.995+0000] {processor.py:183} INFO - Processing /opt/airflow/dags/kpi_hourly_dag.py took 0.095 seconds
[2026-08-21T03:54:31.126+0000] {processor.py:161} INFO - Started process (PID=2608) to work on /opt/airflow/dags/kpi_hourly_dag.py
[2026-08-21T03:54:31.127+0000] {processor.py:830} INFO - Processing file /opt/airflow/dags/kpi_hourly_dag.py for tasks to queue
[2026-08-21T03:54:31.128+0000] {logging_mixin.py:188} INFO - [2026-08-21T03:54:31.128+0000] {dagbag.py:545} INFO - Filling up the DagBag from /opt/airflow/dags/kpi_hourly_dag.py
[2026-08-21T03:54:31.173+0000] {processor.py:840} INFO - DAG(s) 'cell_kpi_spatial_analytics_pipeline' retrieved from /opt/airflow/dags/kpi_hourly_dag.py
[2026-08-21T03:54:31.184+0000] {logging_mixin.py:188} INFO - [2026-08-21T03:54:31.184+0000] {dag.py:3096} INFO - Sync 1 DAGs
[2026-08-21T03:54:31.201+0000] {logging_mixin.py:188} INFO - [2026-08-21T03:54:31.201+0000] {dag.py:3954} INFO - Setting next_dagrun for cell_kpi_spatial_analytics_pipeline to None, run_after=None
[2026-08-21T03:54:31.215+0000] {processor.py:183} INFO - Processing /opt/airflow/dags/kpi_hourly_dag.py took 0.095 seconds
[2026-08-21T03:55:01.254+0000] {processor.py:161} INFO - Started process (PID=2618) to work on /opt/airflow/dags/kpi_hourly_dag.py
[2026-08-21T03:55:01.254+0000] {processor.py:830} INFO - Processing file /opt/airflow/dags/kpi_hourly_dag.py for tasks to queue
[2026-08-21T03:55:01.256+0000] {logging_mixin.py:188} INFO - [2026-08-21T03:55:01.256+0000] {dagbag.py:545} INFO - Filling up the DagBag from /opt/airflow/dags/kpi_hourly_dag.py
[2026-08-21T03:55:01.300+0000] {processor.py:840} INFO - DAG(s) 'cell_kpi_spatial_analytics_pipeline' retrieved from /opt/airflow/dags/kpi_hourly_dag.py
[2026-08-21T03:55:01.312+0000] {logging_mixin.py:188} INFO - [2026-08-21T03:55:01.312+0000] {dag.py:3096} INFO - Sync 1 DAGs
[2026-08-21T03:55:01.334+0000] {logging_mixin.py:188} INFO - [2026-08-21T03:55:01.334+0000] {dag.py:3954} INFO - Setting next_dagrun for cell_kpi_spatial_analytics_pipeline to None, run_after=None
[2026-08-21T03:55:01.347+0000] {processor.py:183} INFO - Processing /opt/airflow/dags/kpi_hourly_dag.py took 0.099 seconds
[2026-08-21T03:55:31.588+0000] {processor.py:161} INFO - Started process (PID=2751) to work on /opt/airflow/dags/kpi_hourly_dag.py
[2026-08-21T03:55:31.592+0000] {processor.py:830} INFO - Processing file /opt/airflow/dags/kpi_hourly_dag.py for tasks to queue
[2026-08-21T03:55:31.593+0000] {logging_mixin.py:188} INFO - [2026-08-21T03:55:31.593+0000] {dagbag.py:545} INFO - Filling up the DagBag from /opt/airflow/dags/kpi_hourly_dag.py
[2026-08-21T03:55:31.849+0000] {processor.py:840} INFO - DAG(s) 'cell_kpi_spatial_analytics_pipeline' retrieved from /opt/airflow/dags/kpi_hourly_dag.py
[2026-08-21T03:55:31.930+0000] {logging_mixin.py:188} INFO - [2026-08-21T03:55:31.926+0000] {dag.py:3096} INFO - Sync 1 DAGs
[2026-08-21T03:55:31.977+0000] {logging_mixin.py:188} INFO - [2026-08-21T03:55:31.977+0000] {dag.py:3954} INFO - Setting next_dagrun for cell_kpi_spatial_analytics_pipeline to None, run_after=None
[2026-08-21T03:55:32.028+0000] {processor.py:183} INFO - Processing /opt/airflow/dags/kpi_hourly_dag.py took 0.456 seconds
[2026-08-21T03:56:02.457+0000] {processor.py:161} INFO - Started process (PID=3055) to work on /opt/airflow/dags/kpi_hourly_dag.py
[2026-08-21T03:56:02.459+0000] {processor.py:830} INFO - Processing file /opt/airflow/dags/kpi_hourly_dag.py for tasks to queue
[2026-08-21T03:56:02.468+0000] {logging_mixin.py:188} INFO - [2026-08-21T03:56:02.465+0000] {dagbag.py:545} INFO - Filling up the DagBag from /opt/airflow/dags/kpi_hourly_dag.py
[2026-08-21T03:56:02.673+0000] {processor.py:840} INFO - DAG(s) 'cell_kpi_spatial_analytics_pipeline' retrieved from /opt/airflow/dags/kpi_hourly_dag.py
[2026-08-21T03:56:02.689+0000] {logging_mixin.py:188} INFO - [2026-08-21T03:56:02.689+0000] {dag.py:3096} INFO - Sync 1 DAGs
[2026-08-21T03:56:02.732+0000] {logging_mixin.py:188} INFO - [2026-08-21T03:56:02.732+0000] {dag.py:3954} INFO - Setting next_dagrun for cell_kpi_spatial_analytics_pipeline to None, run_after=None
[2026-08-21T03:56:02.752+0000] {processor.py:183} INFO - Processing /opt/airflow/dags/kpi_hourly_dag.py took 0.325 seconds
[2026-08-21T03:56:32.955+0000] {processor.py:161} INFO - Started process (PID=3240) to work on /opt/airflow/dags/kpi_hourly_dag.py
[2026-08-21T03:56:32.956+0000] {processor.py:830} INFO - Processing file /opt/airflow/dags/kpi_hourly_dag.py for tasks to queue
[2026-08-21T03:56:32.962+0000] {logging_mixin.py:188} INFO - [2026-08-21T03:56:32.958+0000] {dagbag.py:545} INFO - Filling up the DagBag from /opt/airflow/dags/kpi_hourly_dag.py
[2026-08-21T03:56:33.032+0000] {processor.py:840} INFO - DAG(s) 'cell_kpi_spatial_analytics_pipeline' retrieved from /opt/airflow/dags/kpi_hourly_dag.py
[2026-08-21T03:56:33.049+0000] {logging_mixin.py:188} INFO - [2026-08-21T03:56:33.049+0000] {dag.py:3096} INFO - Sync 1 DAGs
[2026-08-21T03:56:33.083+0000] {logging_mixin.py:188} INFO - [2026-08-21T03:56:33.083+0000] {dag.py:3954} INFO - Setting next_dagrun for cell_kpi_spatial_analytics_pipeline to None, run_after=None
[2026-08-21T03:56:33.114+0000] {processor.py:183} INFO - Processing /opt/airflow/dags/kpi_hourly_dag.py took 0.169 seconds
[2026-08-21T03:57:03.169+0000] {processor.py:161} INFO - Started process (PID=3311) to work on /opt/airflow/dags/kpi_hourly_dag.py
[2026-08-21T03:57:03.170+0000] {processor.py:830} INFO - Processing file /opt/airflow/dags/kpi_hourly_dag.py for tasks to queue
[2026-08-21T03:57:03.172+0000] {logging_mixin.py:188} INFO - [2026-08-21T03:57:03.171+0000] {dagbag.py:545} INFO - Filling up the DagBag from /opt/airflow/dags/kpi_hourly_dag.py
[2026-08-21T03:57:03.214+0000] {processor.py:840} INFO - DAG(s) 'cell_kpi_spatial_analytics_pipeline' retrieved from /opt/airflow/dags/kpi_hourly_dag.py
[2026-08-21T03:57:03.225+0000] {logging_mixin.py:188} INFO - [2026-08-21T03:57:03.224+0000] {dag.py:3096} INFO - Sync 1 DAGs
[2026-08-21T03:57:03.242+0000] {logging_mixin.py:188} INFO - [2026-08-21T03:57:03.242+0000] {dag.py:3954} INFO - Setting next_dagrun for cell_kpi_spatial_analytics_pipeline to None, run_after=None
[2026-08-21T03:57:03.254+0000] {processor.py:183} INFO - Processing /opt/airflow/dags/kpi_hourly_dag.py took 0.090 seconds
[2026-08-21T03:57:33.389+0000] {processor.py:161} INFO - Started process (PID=3321) to work on /opt/airflow/dags/kpi_hourly_dag.py
[2026-08-21T03:57:33.390+0000] {processor.py:830} INFO - Processing file /opt/airflow/dags/kpi_hourly_dag.py for tasks to queue
[2026-08-21T03:57:33.391+0000] {logging_mixin.py:188} INFO - [2026-08-21T03:57:33.391+0000] {dagbag.py:545} INFO - Filling up the DagBag from /opt/airflow/dags/kpi_hourly_dag.py
[2026-08-21T03:57:33.434+0000] {processor.py:840} INFO - DAG(s) 'cell_kpi_spatial_analytics_pipeline' retrieved from /opt/airflow/dags/kpi_hourly_dag.py
[2026-08-21T03:57:33.446+0000] {logging_mixin.py:188} INFO - [2026-08-21T03:57:33.446+0000] {dag.py:3096} INFO - Sync 1 DAGs
[2026-08-21T03:57:33.464+0000] {logging_mixin.py:188} INFO - [2026-08-21T03:57:33.464+0000] {dag.py:3954} INFO - Setting next_dagrun for cell_kpi_spatial_analytics_pipeline to None, run_after=None
[2026-08-21T03:57:33.479+0000] {processor.py:183} INFO - Processing /opt/airflow/dags/kpi_hourly_dag.py took 0.095 seconds
[2026-08-21T03:58:03.610+0000] {processor.py:161} INFO - Started process (PID=3331) to work on /opt/airflow/dags/kpi_hourly_dag.py
[2026-08-21T03:58:03.611+0000] {processor.py:830} INFO - Processing file /opt/airflow/dags/kpi_hourly_dag.py for tasks to queue
[2026-08-21T03:58:03.612+0000] {logging_mixin.py:188} INFO - [2026-08-21T03:58:03.612+0000] {dagbag.py:545} INFO - Filling up the DagBag from /opt/airflow/dags/kpi_hourly_dag.py
[2026-08-21T03:58:03.681+0000] {processor.py:840} INFO - DAG(s) 'cell_kpi_spatial_analytics_pipeline' retrieved from /opt/airflow/dags/kpi_hourly_dag.py
[2026-08-21T03:58:03.692+0000] {logging_mixin.py:188} INFO - [2026-08-21T03:58:03.692+0000] {dag.py:3096} INFO - Sync 1 DAGs
[2026-08-21T03:58:03.708+0000] {logging_mixin.py:188} INFO - [2026-08-21T03:58:03.708+0000] {dag.py:3954} INFO - Setting next_dagrun for cell_kpi_spatial_analytics_pipeline to None, run_after=None
[2026-08-21T03:58:03.722+0000] {processor.py:183} INFO - Processing /opt/airflow/dags/kpi_hourly_dag.py took 0.121 seconds
[2026-08-21T03:58:33.790+0000] {processor.py:161} INFO - Started process (PID=3341) to work on /opt/airflow/dags/kpi_hourly_dag.py
[2026-08-21T03:58:33.790+0000] {processor.py:830} INFO - Processing file /opt/airflow/dags/kpi_hourly_dag.py for tasks to queue
[2026-08-21T03:58:33.792+0000] {logging_mixin.py:188} INFO - [2026-08-21T03:58:33.791+0000] {dagbag.py:545} INFO - Filling up the DagBag from /opt/airflow/dags/kpi_hourly_dag.py
[2026-08-21T03:58:33.841+0000] {processor.py:840} INFO - DAG(s) 'cell_kpi_spatial_analytics_pipeline' retrieved from /opt/airflow/dags/kpi_hourly_dag.py
[2026-08-21T03:58:33.854+0000] {logging_mixin.py:188} INFO - [2026-08-21T03:58:33.854+0000] {dag.py:3096} INFO - Sync 1 DAGs
[2026-08-21T03:58:33.873+0000] {logging_mixin.py:188} INFO - [2026-08-21T03:58:33.872+0000] {dag.py:3954} INFO - Setting next_dagrun for cell_kpi_spatial_analytics_pipeline to None, run_after=None
[2026-08-21T03:58:34.027+0000] {processor.py:183} INFO - Processing /opt/airflow/dags/kpi_hourly_dag.py took 0.243 seconds
[2026-08-21T03:59:04.909+0000] {processor.py:161} INFO - Started process (PID=3351) to work on /opt/airflow/dags/kpi_hourly_dag.py
[2026-08-21T03:59:04.910+0000] {processor.py:830} INFO - Processing file /opt/airflow/dags/kpi_hourly_dag.py for tasks to queue
[2026-08-21T03:59:04.911+0000] {logging_mixin.py:188} INFO - [2026-08-21T03:59:04.911+0000] {dagbag.py:545} INFO - Filling up the DagBag from /opt/airflow/dags/kpi_hourly_dag.py
[2026-08-21T03:59:04.955+0000] {processor.py:840} INFO - DAG(s) 'cell_kpi_spatial_analytics_pipeline' retrieved from /opt/airflow/dags/kpi_hourly_dag.py
[2026-08-21T03:59:04.968+0000] {logging_mixin.py:188} INFO - [2026-08-21T03:59:04.968+0000] {dag.py:3096} INFO - Sync 1 DAGs
[2026-08-21T03:59:04.987+0000] {logging_mixin.py:188} INFO - [2026-08-21T03:59:04.987+0000] {dag.py:3954} INFO - Setting next_dagrun for cell_kpi_spatial_analytics_pipeline to None, run_after=None
[2026-08-21T03:59:05.000+0000] {processor.py:183} INFO - Processing /opt/airflow/dags/kpi_hourly_dag.py took 0.097 seconds
[2026-08-21T03:59:35.129+0000] {processor.py:161} INFO - Started process (PID=3361) to work on /opt/airflow/dags/kpi_hourly_dag.py
[2026-08-21T03:59:35.129+0000] {processor.py:830} INFO - Processing file /opt/airflow/dags/kpi_hourly_dag.py for tasks to queue
[2026-08-21T03:59:35.131+0000] {logging_mixin.py:188} INFO - [2026-08-21T03:59:35.131+0000] {dagbag.py:545} INFO - Filling up the DagBag from /opt/airflow/dags/kpi_hourly_dag.py
[2026-08-21T03:59:35.188+0000] {processor.py:840} INFO - DAG(s) 'cell_kpi_spatial_analytics_pipeline' retrieved from /opt/airflow/dags/kpi_hourly_dag.py
[2026-08-21T03:59:35.203+0000] {logging_mixin.py:188} INFO - [2026-08-21T03:59:35.203+0000] {dag.py:3096} INFO - Sync 1 DAGs
[2026-08-21T03:59:35.221+0000] {logging_mixin.py:188} INFO - [2026-08-21T03:59:35.221+0000] {dag.py:3954} INFO - Setting next_dagrun for cell_kpi_spatial_analytics_pipeline to None, run_after=None
[2026-08-21T03:59:35.233+0000] {processor.py:183} INFO - Processing /opt/airflow/dags/kpi_hourly_dag.py took 0.112 seconds
[2026-08-21T04:00:05.260+0000] {processor.py:161} INFO - Started process (PID=3371) to work on /opt/airflow/dags/kpi_hourly_dag.py
[2026-08-21T04:00:05.261+0000] {processor.py:830} INFO - Processing file /opt/airflow/dags/kpi_hourly_dag.py for tasks to queue
[2026-08-21T04:00:05.263+0000] {logging_mixin.py:188} INFO - [2026-08-21T04:00:05.263+0000] {dagbag.py:545} INFO - Filling up the DagBag from /opt/airflow/dags/kpi_hourly_dag.py
[2026-08-21T04:00:05.318+0000] {processor.py:840} INFO - DAG(s) 'cell_kpi_spatial_analytics_pipeline' retrieved from /opt/airflow/dags/kpi_hourly_dag.py
[2026-08-21T04:00:05.329+0000] {logging_mixin.py:188} INFO - [2026-08-21T04:00:05.329+0000] {dag.py:3096} INFO - Sync 1 DAGs
[2026-08-21T04:00:05.352+0000] {logging_mixin.py:188} INFO - [2026-08-21T04:00:05.352+0000] {dag.py:3954} INFO - Setting next_dagrun for cell_kpi_spatial_analytics_pipeline to None, run_after=None
[2026-08-21T04:00:05.369+0000] {processor.py:183} INFO - Processing /opt/airflow/dags/kpi_hourly_dag.py took 0.114 seconds
[2026-08-21T04:00:35.491+0000] {processor.py:161} INFO - Started process (PID=3381) to work on /opt/airflow/dags/kpi_hourly_dag.py
[2026-08-21T04:00:35.492+0000] {processor.py:830} INFO - Processing file /opt/airflow/dags/kpi_hourly_dag.py for tasks to queue
[2026-08-21T04:00:35.493+0000] {logging_mixin.py:188} INFO - [2026-08-21T04:00:35.493+0000] {dagbag.py:545} INFO - Filling up the DagBag from /opt/airflow/dags/kpi_hourly_dag.py
[2026-08-21T04:00:35.535+0000] {processor.py:840} INFO - DAG(s) 'cell_kpi_spatial_analytics_pipeline' retrieved from /opt/airflow/dags/kpi_hourly_dag.py
[2026-08-21T04:00:35.545+0000] {logging_mixin.py:188} INFO - [2026-08-21T04:00:35.545+0000] {dag.py:3096} INFO - Sync 1 DAGs
[2026-08-21T04:00:35.563+0000] {logging_mixin.py:188} INFO - [2026-08-21T04:00:35.562+0000] {dag.py:3954} INFO - Setting next_dagrun for cell_kpi_spatial_analytics_pipeline to None, run_after=None
[2026-08-21T04:00:35.699+0000] {processor.py:183} INFO - Processing /opt/airflow/dags/kpi_hourly_dag.py took 0.214 seconds
[2026-08-21T04:01:06.614+0000] {processor.py:161} INFO - Started process (PID=3391) to work on /opt/airflow/dags/kpi_hourly_dag.py
[2026-08-21T04:01:06.614+0000] {processor.py:830} INFO - Processing file /opt/airflow/dags/kpi_hourly_dag.py for tasks to queue
[2026-08-21T04:01:06.616+0000] {logging_mixin.py:188} INFO - [2026-08-21T04:01:06.616+0000] {dagbag.py:545} INFO - Filling up the DagBag from /opt/airflow/dags/kpi_hourly_dag.py
[2026-08-21T04:01:06.660+0000] {processor.py:840} INFO - DAG(s) 'cell_kpi_spatial_analytics_pipeline' retrieved from /opt/airflow/dags/kpi_hourly_dag.py
[2026-08-21T04:01:06.672+0000] {logging_mixin.py:188} INFO - [2026-08-21T04:01:06.672+0000] {dag.py:3096} INFO - Sync 1 DAGs
[2026-08-21T04:01:06.692+0000] {logging_mixin.py:188} INFO - [2026-08-21T04:01:06.692+0000] {dag.py:3954} INFO - Setting next_dagrun for cell_kpi_spatial_analytics_pipeline to None, run_after=None
[2026-08-21T04:01:06.705+0000] {processor.py:183} INFO - Processing /opt/airflow/dags/kpi_hourly_dag.py took 0.096 seconds
[2026-08-21T04:01:36.869+0000] {processor.py:161} INFO - Started process (PID=3462) to work on /opt/airflow/dags/kpi_hourly_dag.py
[2026-08-21T04:01:36.870+0000] {processor.py:830} INFO - Processing file /opt/airflow/dags/kpi_hourly_dag.py for tasks to queue
[2026-08-21T04:01:36.872+0000] {logging_mixin.py:188} INFO - [2026-08-21T04:01:36.871+0000] {dagbag.py:545} INFO - Filling up the DagBag from /opt/airflow/dags/kpi_hourly_dag.py
[2026-08-21T04:01:36.933+0000] {processor.py:840} INFO - DAG(s) 'cell_kpi_spatial_analytics_pipeline' retrieved from /opt/airflow/dags/kpi_hourly_dag.py
[2026-08-21T04:01:36.945+0000] {logging_mixin.py:188} INFO - [2026-08-21T04:01:36.945+0000] {dag.py:3096} INFO - Sync 1 DAGs
[2026-08-21T04:01:36.970+0000] {logging_mixin.py:188} INFO - [2026-08-21T04:01:36.970+0000] {dag.py:3954} INFO - Setting next_dagrun for cell_kpi_spatial_analytics_pipeline to None, run_after=None
[2026-08-21T04:01:36.990+0000] {processor.py:183} INFO - Processing /opt/airflow/dags/kpi_hourly_dag.py took 0.130 seconds
[2026-08-21T04:02:07.293+0000] {processor.py:161} INFO - Started process (PID=3764) to work on /opt/airflow/dags/kpi_hourly_dag.py
[2026-08-21T04:02:07.294+0000] {processor.py:830} INFO - Processing file /opt/airflow/dags/kpi_hourly_dag.py for tasks to queue
[2026-08-21T04:02:07.296+0000] {logging_mixin.py:188} INFO - [2026-08-21T04:02:07.295+0000] {dagbag.py:545} INFO - Filling up the DagBag from /opt/airflow/dags/kpi_hourly_dag.py
[2026-08-21T04:02:07.359+0000] {processor.py:840} INFO - DAG(s) 'cell_kpi_spatial_analytics_pipeline' retrieved from /opt/airflow/dags/kpi_hourly_dag.py
[2026-08-21T04:02:07.382+0000] {logging_mixin.py:188} INFO - [2026-08-21T04:02:07.382+0000] {dag.py:3096} INFO - Sync 1 DAGs
[2026-08-21T04:02:07.422+0000] {logging_mixin.py:188} INFO - [2026-08-21T04:02:07.421+0000] {dag.py:3954} INFO - Setting next_dagrun for cell_kpi_spatial_analytics_pipeline to None, run_after=None
[2026-08-21T04:02:07.443+0000] {processor.py:183} INFO - Processing /opt/airflow/dags/kpi_hourly_dag.py took 0.158 seconds
[2026-08-21T04:02:37.774+0000] {processor.py:161} INFO - Started process (PID=4027) to work on /opt/airflow/dags/kpi_hourly_dag.py
[2026-08-21T04:02:37.777+0000] {processor.py:830} INFO - Processing file /opt/airflow/dags/kpi_hourly_dag.py for tasks to queue
[2026-08-21T04:02:37.783+0000] {logging_mixin.py:188} INFO - [2026-08-21T04:02:37.783+0000] {dagbag.py:545} INFO - Filling up the DagBag from /opt/airflow/dags/kpi_hourly_dag.py
[2026-08-21T04:02:37.929+0000] {processor.py:840} INFO - DAG(s) 'cell_kpi_spatial_analytics_pipeline' retrieved from /opt/airflow/dags/kpi_hourly_dag.py
[2026-08-21T04:02:37.959+0000] {logging_mixin.py:188} INFO - [2026-08-21T04:02:37.959+0000] {dag.py:3096} INFO - Sync 1 DAGs
[2026-08-21T04:02:37.987+0000] {logging_mixin.py:188} INFO - [2026-08-21T04:02:37.987+0000] {dag.py:3954} INFO - Setting next_dagrun for cell_kpi_spatial_analytics_pipeline to None, run_after=None
[2026-08-21T04:02:38.446+0000] {processor.py:183} INFO - Processing /opt/airflow/dags/kpi_hourly_dag.py took 0.682 seconds
[2026-08-21T04:03:08.590+0000] {processor.py:161} INFO - Started process (PID=4118) to work on /opt/airflow/dags/kpi_hourly_dag.py
[2026-08-21T04:03:08.590+0000] {processor.py:830} INFO - Processing file /opt/airflow/dags/kpi_hourly_dag.py for tasks to queue
[2026-08-21T04:03:08.592+0000] {logging_mixin.py:188} INFO - [2026-08-21T04:03:08.591+0000] {dagbag.py:545} INFO - Filling up the DagBag from /opt/airflow/dags/kpi_hourly_dag.py
[2026-08-21T04:03:08.634+0000] {processor.py:840} INFO - DAG(s) 'cell_kpi_spatial_analytics_pipeline' retrieved from /opt/airflow/dags/kpi_hourly_dag.py
[2026-08-21T04:03:08.644+0000] {logging_mixin.py:188} INFO - [2026-08-21T04:03:08.644+0000] {dag.py:3096} INFO - Sync 1 DAGs
[2026-08-21T04:03:08.773+0000] {logging_mixin.py:188} INFO - [2026-08-21T04:03:08.773+0000] {dag.py:3954} INFO - Setting next_dagrun for cell_kpi_spatial_analytics_pipeline to None, run_after=None
[2026-08-21T04:03:08.788+0000] {processor.py:183} INFO - Processing /opt/airflow/dags/kpi_hourly_dag.py took 0.204 seconds
[2026-08-21T04:03:39.708+0000] {processor.py:161} INFO - Started process (PID=4128) to work on /opt/airflow/dags/kpi_hourly_dag.py
[2026-08-21T04:03:39.709+0000] {processor.py:830} INFO - Processing file /opt/airflow/dags/kpi_hourly_dag.py for tasks to queue
[2026-08-21T04:03:39.710+0000] {logging_mixin.py:188} INFO - [2026-08-21T04:03:39.710+0000] {dagbag.py:545} INFO - Filling up the DagBag from /opt/airflow/dags/kpi_hourly_dag.py
[2026-08-21T04:03:39.764+0000] {processor.py:840} INFO - DAG(s) 'cell_kpi_spatial_analytics_pipeline' retrieved from /opt/airflow/dags/kpi_hourly_dag.py
[2026-08-21T04:03:39.780+0000] {logging_mixin.py:188} INFO - [2026-08-21T04:03:39.780+0000] {dag.py:3096} INFO - Sync 1 DAGs
[2026-08-21T04:03:39.802+0000] {logging_mixin.py:188} INFO - [2026-08-21T04:03:39.802+0000] {dag.py:3954} INFO - Setting next_dagrun for cell_kpi_spatial_analytics_pipeline to None, run_after=None
[2026-08-21T04:03:39.820+0000] {processor.py:183} INFO - Processing /opt/airflow/dags/kpi_hourly_dag.py took 0.117 seconds
[2026-08-21T04:04:09.942+0000] {processor.py:161} INFO - Started process (PID=4138) to work on /opt/airflow/dags/kpi_hourly_dag.py
[2026-08-21T04:04:09.943+0000] {processor.py:830} INFO - Processing file /opt/airflow/dags/kpi_hourly_dag.py for tasks to queue
[2026-08-21T04:04:09.944+0000] {logging_mixin.py:188} INFO - [2026-08-21T04:04:09.944+0000] {dagbag.py:545} INFO - Filling up the DagBag from /opt/airflow/dags/kpi_hourly_dag.py
[2026-08-21T04:04:09.987+0000] {processor.py:840} INFO - DAG(s) 'cell_kpi_spatial_analytics_pipeline' retrieved from /opt/airflow/dags/kpi_hourly_dag.py
[2026-08-21T04:04:09.997+0000] {logging_mixin.py:188} INFO - [2026-08-21T04:04:09.997+0000] {dag.py:3096} INFO - Sync 1 DAGs
[2026-08-21T04:04:10.014+0000] {logging_mixin.py:188} INFO - [2026-08-21T04:04:10.014+0000] {dag.py:3954} INFO - Setting next_dagrun for cell_kpi_spatial_analytics_pipeline to None, run_after=None
[2026-08-21T04:04:10.027+0000] {processor.py:183} INFO - Processing /opt/airflow/dags/kpi_hourly_dag.py took 0.091 seconds
[2026-08-21T04:04:40.076+0000] {processor.py:161} INFO - Started process (PID=4148) to work on /opt/airflow/dags/kpi_hourly_dag.py
[2026-08-21T04:04:40.077+0000] {processor.py:830} INFO - Processing file /opt/airflow/dags/kpi_hourly_dag.py for tasks to queue
[2026-08-21T04:04:40.078+0000] {logging_mixin.py:188} INFO - [2026-08-21T04:04:40.078+0000] {dagbag.py:545} INFO - Filling up the DagBag from /opt/airflow/dags/kpi_hourly_dag.py
[2026-08-21T04:04:40.124+0000] {processor.py:840} INFO - DAG(s) 'cell_kpi_spatial_analytics_pipeline' retrieved from /opt/airflow/dags/kpi_hourly_dag.py
[2026-08-21T04:04:40.136+0000] {logging_mixin.py:188} INFO - [2026-08-21T04:04:40.136+0000] {dag.py:3096} INFO - Sync 1 DAGs
[2026-08-21T04:04:40.153+0000] {logging_mixin.py:188} INFO - [2026-08-21T04:04:40.153+0000] {dag.py:3954} INFO - Setting next_dagrun for cell_kpi_spatial_analytics_pipeline to None, run_after=None
[2026-08-21T04:04:40.297+0000] {processor.py:183} INFO - Processing /opt/airflow/dags/kpi_hourly_dag.py took 0.228 seconds
[2026-08-21T04:05:11.250+0000] {processor.py:161} INFO - Started process (PID=4158) to work on /opt/airflow/dags/kpi_hourly_dag.py
[2026-08-21T04:05:11.251+0000] {processor.py:830} INFO - Processing file /opt/airflow/dags/kpi_hourly_dag.py for tasks to queue
[2026-08-21T04:05:11.252+0000] {logging_mixin.py:188} INFO - [2026-08-21T04:05:11.252+0000] {dagbag.py:545} INFO - Filling up the DagBag from /opt/airflow/dags/kpi_hourly_dag.py
[2026-08-21T04:05:11.301+0000] {processor.py:840} INFO - DAG(s) 'cell_kpi_spatial_analytics_pipeline' retrieved from /opt/airflow/dags/kpi_hourly_dag.py
[2026-08-21T04:05:11.312+0000] {logging_mixin.py:188} INFO - [2026-08-21T04:05:11.312+0000] {dag.py:3096} INFO - Sync 1 DAGs
[2026-08-21T04:05:11.468+0000] {logging_mixin.py:188} INFO - [2026-08-21T04:05:11.468+0000] {dag.py:3954} INFO - Setting next_dagrun for cell_kpi_spatial_analytics_pipeline to None, run_after=None
[2026-08-21T04:05:11.483+0000] {processor.py:183} INFO - Processing /opt/airflow/dags/kpi_hourly_dag.py took 0.239 seconds
[2026-08-21T04:05:42.419+0000] {processor.py:161} INFO - Started process (PID=4168) to work on /opt/airflow/dags/kpi_hourly_dag.py
[2026-08-21T04:05:42.420+0000] {processor.py:830} INFO - Processing file /opt/airflow/dags/kpi_hourly_dag.py for tasks to queue
[2026-08-21T04:05:42.421+0000] {logging_mixin.py:188} INFO - [2026-08-21T04:05:42.421+0000] {dagbag.py:545} INFO - Filling up the DagBag from /opt/airflow/dags/kpi_hourly_dag.py
[2026-08-21T04:05:42.469+0000] {processor.py:840} INFO - DAG(s) 'cell_kpi_spatial_analytics_pipeline' retrieved from /opt/airflow/dags/kpi_hourly_dag.py
[2026-08-21T04:05:42.481+0000] {logging_mixin.py:188} INFO - [2026-08-21T04:05:42.481+0000] {dag.py:3096} INFO - Sync 1 DAGs
[2026-08-21T04:05:42.498+0000] {logging_mixin.py:188} INFO - [2026-08-21T04:05:42.498+0000] {dag.py:3954} INFO - Setting next_dagrun for cell_kpi_spatial_analytics_pipeline to None, run_after=None
[2026-08-21T04:05:42.511+0000] {processor.py:183} INFO - Processing /opt/airflow/dags/kpi_hourly_dag.py took 0.097 seconds
[2026-08-21T04:06:12.642+0000] {processor.py:161} INFO - Started process (PID=4178) to work on /opt/airflow/dags/kpi_hourly_dag.py
[2026-08-21T04:06:12.643+0000] {processor.py:830} INFO - Processing file /opt/airflow/dags/kpi_hourly_dag.py for tasks to queue
[2026-08-21T04:06:12.644+0000] {logging_mixin.py:188} INFO - [2026-08-21T04:06:12.644+0000] {dagbag.py:545} INFO - Filling up the DagBag from /opt/airflow/dags/kpi_hourly_dag.py
[2026-08-21T04:06:12.693+0000] {processor.py:840} INFO - DAG(s) 'cell_kpi_spatial_analytics_pipeline' retrieved from /opt/airflow/dags/kpi_hourly_dag.py
[2026-08-21T04:06:12.702+0000] {logging_mixin.py:188} INFO - [2026-08-21T04:06:12.702+0000] {dag.py:3096} INFO - Sync 1 DAGs
[2026-08-21T04:06:12.719+0000] {logging_mixin.py:188} INFO - [2026-08-21T04:06:12.719+0000] {dag.py:3954} INFO - Setting next_dagrun for cell_kpi_spatial_analytics_pipeline to None, run_after=None
[2026-08-21T04:06:12.732+0000] {processor.py:183} INFO - Processing /opt/airflow/dags/kpi_hourly_dag.py took 0.095 seconds
[2026-08-21T04:06:42.773+0000] {processor.py:161} INFO - Started process (PID=4188) to work on /opt/airflow/dags/kpi_hourly_dag.py
[2026-08-21T04:06:42.774+0000] {processor.py:830} INFO - Processing file /opt/airflow/dags/kpi_hourly_dag.py for tasks to queue
[2026-08-21T04:06:42.775+0000] {logging_mixin.py:188} INFO - [2026-08-21T04:06:42.775+0000] {dagbag.py:545} INFO - Filling up the DagBag from /opt/airflow/dags/kpi_hourly_dag.py
[2026-08-21T04:06:42.837+0000] {processor.py:840} INFO - DAG(s) 'cell_kpi_spatial_analytics_pipeline' retrieved from /opt/airflow/dags/kpi_hourly_dag.py
[2026-08-21T04:06:42.850+0000] {logging_mixin.py:188} INFO - [2026-08-21T04:06:42.850+0000] {dag.py:3096} INFO - Sync 1 DAGs
[2026-08-21T04:06:42.870+0000] {logging_mixin.py:188} INFO - [2026-08-21T04:06:42.869+0000] {dag.py:3954} INFO - Setting next_dagrun for cell_kpi_spatial_analytics_pipeline to None, run_after=None
[2026-08-21T04:06:43.015+0000] {processor.py:183} INFO - Processing /opt/airflow/dags/kpi_hourly_dag.py took 0.249 seconds
[2026-08-21T04:07:13.954+0000] {processor.py:161} INFO - Started process (PID=4198) to work on /opt/airflow/dags/kpi_hourly_dag.py
[2026-08-21T04:07:13.955+0000] {processor.py:830} INFO - Processing file /opt/airflow/dags/kpi_hourly_dag.py for tasks to queue
[2026-08-21T04:07:13.956+0000] {logging_mixin.py:188} INFO - [2026-08-21T04:07:13.956+0000] {dagbag.py:545} INFO - Filling up the DagBag from /opt/airflow/dags/kpi_hourly_dag.py
[2026-08-21T04:07:14.001+0000] {processor.py:840} INFO - DAG(s) 'cell_kpi_spatial_analytics_pipeline' retrieved from /opt/airflow/dags/kpi_hourly_dag.py
[2026-08-21T04:07:14.013+0000] {logging_mixin.py:188} INFO - [2026-08-21T04:07:14.013+0000] {dag.py:3096} INFO - Sync 1 DAGs
[2026-08-21T04:07:14.149+0000] {logging_mixin.py:188} INFO - [2026-08-21T04:07:14.148+0000] {dag.py:3954} INFO - Setting next_dagrun for cell_kpi_spatial_analytics_pipeline to None, run_after=None
[2026-08-21T04:07:14.162+0000] {processor.py:183} INFO - Processing /opt/airflow/dags/kpi_hourly_dag.py took 0.214 seconds
[2026-08-21T04:07:45.137+0000] {processor.py:161} INFO - Started process (PID=4211) to work on /opt/airflow/dags/kpi_hourly_dag.py
[2026-08-21T04:07:45.138+0000] {processor.py:830} INFO - Processing file /opt/airflow/dags/kpi_hourly_dag.py for tasks to queue
[2026-08-21T04:07:45.139+0000] {logging_mixin.py:188} INFO - [2026-08-21T04:07:45.139+0000] {dagbag.py:545} INFO - Filling up the DagBag from /opt/airflow/dags/kpi_hourly_dag.py
[2026-08-21T04:07:45.194+0000] {processor.py:840} INFO - DAG(s) 'cell_kpi_spatial_analytics_pipeline' retrieved from /opt/airflow/dags/kpi_hourly_dag.py
[2026-08-21T04:07:45.326+0000] {logging_mixin.py:188} INFO - [2026-08-21T04:07:45.326+0000] {dag.py:3096} INFO - Sync 1 DAGs
[2026-08-21T04:07:45.349+0000] {logging_mixin.py:188} INFO - [2026-08-21T04:07:45.349+0000] {dag.py:3954} INFO - Setting next_dagrun for cell_kpi_spatial_analytics_pipeline to None, run_after=None
[2026-08-21T04:07:45.363+0000] {processor.py:183} INFO - Processing /opt/airflow/dags/kpi_hourly_dag.py took 0.233 seconds
[2026-08-21T04:08:15.525+0000] {processor.py:161} INFO - Started process (PID=4221) to work on /opt/airflow/dags/kpi_hourly_dag.py
[2026-08-21T04:08:15.529+0000] {processor.py:830} INFO - Processing file /opt/airflow/dags/kpi_hourly_dag.py for tasks to queue
[2026-08-21T04:08:15.531+0000] {logging_mixin.py:188} INFO - [2026-08-21T04:08:15.531+0000] {dagbag.py:545} INFO - Filling up the DagBag from /opt/airflow/dags/kpi_hourly_dag.py
[2026-08-21T04:08:15.656+0000] {processor.py:840} INFO - DAG(s) 'cell_kpi_spatial_analytics_pipeline' retrieved from /opt/airflow/dags/kpi_hourly_dag.py
[2026-08-21T04:08:15.670+0000] {logging_mixin.py:188} INFO - [2026-08-21T04:08:15.670+0000] {dag.py:3096} INFO - Sync 1 DAGs
[2026-08-21T04:08:15.695+0000] {logging_mixin.py:188} INFO - [2026-08-21T04:08:15.694+0000] {dag.py:3954} INFO - Setting next_dagrun for cell_kpi_spatial_analytics_pipeline to None, run_after=None
[2026-08-21T04:08:15.714+0000] {processor.py:183} INFO - Processing /opt/airflow/dags/kpi_hourly_dag.py took 0.202 seconds
[2026-08-21T04:08:45.776+0000] {processor.py:161} INFO - Started process (PID=4231) to work on /opt/airflow/dags/kpi_hourly_dag.py
[2026-08-21T04:08:45.777+0000] {processor.py:830} INFO - Processing file /opt/airflow/dags/kpi_hourly_dag.py for tasks to queue
[2026-08-21T04:08:45.778+0000] {logging_mixin.py:188} INFO - [2026-08-21T04:08:45.778+0000] {dagbag.py:545} INFO - Filling up the DagBag from /opt/airflow/dags/kpi_hourly_dag.py
[2026-08-21T04:08:45.825+0000] {processor.py:840} INFO - DAG(s) 'cell_kpi_spatial_analytics_pipeline' retrieved from /opt/airflow/dags/kpi_hourly_dag.py
[2026-08-21T04:08:45.836+0000] {logging_mixin.py:188} INFO - [2026-08-21T04:08:45.836+0000] {dag.py:3096} INFO - Sync 1 DAGs
[2026-08-21T04:08:45.854+0000] {logging_mixin.py:188} INFO - [2026-08-21T04:08:45.853+0000] {dag.py:3954} INFO - Setting next_dagrun for cell_kpi_spatial_analytics_pipeline to None, run_after=None
[2026-08-21T04:08:45.982+0000] {processor.py:183} INFO - Processing /opt/airflow/dags/kpi_hourly_dag.py took 0.211 seconds
[2026-08-21T04:09:16.064+0000] {processor.py:161} INFO - Started process (PID=4243) to work on /opt/airflow/dags/kpi_hourly_dag.py
[2026-08-21T04:09:16.065+0000] {processor.py:830} INFO - Processing file /opt/airflow/dags/kpi_hourly_dag.py for tasks to queue
[2026-08-21T04:09:16.066+0000] {logging_mixin.py:188} INFO - [2026-08-21T04:09:16.066+0000] {dagbag.py:545} INFO - Filling up the DagBag from /opt/airflow/dags/kpi_hourly_dag.py
[2026-08-21T04:09:16.123+0000] {processor.py:840} INFO - DAG(s) 'cell_kpi_spatial_analytics_pipeline' retrieved from /opt/airflow/dags/kpi_hourly_dag.py
[2026-08-21T04:09:16.136+0000] {logging_mixin.py:188} INFO - [2026-08-21T04:09:16.136+0000] {dag.py:3096} INFO - Sync 1 DAGs
[2026-08-21T04:09:16.266+0000] {logging_mixin.py:188} INFO - [2026-08-21T04:09:16.266+0000] {dag.py:3954} INFO - Setting next_dagrun for cell_kpi_spatial_analytics_pipeline to None, run_after=None
[2026-08-21T04:09:16.279+0000] {processor.py:183} INFO - Processing /opt/airflow/dags/kpi_hourly_dag.py took 0.221 seconds
[2026-08-21T04:09:47.186+0000] {processor.py:161} INFO - Started process (PID=4253) to work on /opt/airflow/dags/kpi_hourly_dag.py
[2026-08-21T04:09:47.187+0000] {processor.py:830} INFO - Processing file /opt/airflow/dags/kpi_hourly_dag.py for tasks to queue
[2026-08-21T04:09:47.189+0000] {logging_mixin.py:188} INFO - [2026-08-21T04:09:47.188+0000] {dagbag.py:545} INFO - Filling up the DagBag from /opt/airflow/dags/kpi_hourly_dag.py
[2026-08-21T04:09:47.231+0000] {processor.py:840} INFO - DAG(s) 'cell_kpi_spatial_analytics_pipeline' retrieved from /opt/airflow/dags/kpi_hourly_dag.py
[2026-08-21T04:09:47.353+0000] {logging_mixin.py:188} INFO - [2026-08-21T04:09:47.352+0000] {dag.py:3096} INFO - Sync 1 DAGs
[2026-08-21T04:09:47.368+0000] {logging_mixin.py:188} INFO - [2026-08-21T04:09:47.368+0000] {dag.py:3954} INFO - Setting next_dagrun for cell_kpi_spatial_analytics_pipeline to None, run_after=None
[2026-08-21T04:09:47.380+0000] {processor.py:183} INFO - Processing /opt/airflow/dags/kpi_hourly_dag.py took 0.199 seconds
[2026-08-21T04:10:17.604+0000] {processor.py:161} INFO - Started process (PID=4506) to work on /opt/airflow/dags/kpi_hourly_dag.py
[2026-08-21T04:10:17.605+0000] {processor.py:830} INFO - Processing file /opt/airflow/dags/kpi_hourly_dag.py for tasks to queue
[2026-08-21T04:10:17.606+0000] {logging_mixin.py:188} INFO - [2026-08-21T04:10:17.606+0000] {dagbag.py:545} INFO - Filling up the DagBag from /opt/airflow/dags/kpi_hourly_dag.py
[2026-08-21T04:10:17.649+0000] {processor.py:840} INFO - DAG(s) 'cell_kpi_spatial_analytics_pipeline' retrieved from /opt/airflow/dags/kpi_hourly_dag.py
[2026-08-21T04:10:17.659+0000] {logging_mixin.py:188} INFO - [2026-08-21T04:10:17.659+0000] {dag.py:3096} INFO - Sync 1 DAGs
[2026-08-21T04:10:17.679+0000] {logging_mixin.py:188} INFO - [2026-08-21T04:10:17.679+0000] {dag.py:3954} INFO - Setting next_dagrun for cell_kpi_spatial_analytics_pipeline to None, run_after=None
[2026-08-21T04:10:17.692+0000] {processor.py:183} INFO - Processing /opt/airflow/dags/kpi_hourly_dag.py took 0.094 seconds
[2026-08-21T04:10:47.809+0000] {processor.py:161} INFO - Started process (PID=4524) to work on /opt/airflow/dags/kpi_hourly_dag.py
[2026-08-21T04:10:47.809+0000] {processor.py:830} INFO - Processing file /opt/airflow/dags/kpi_hourly_dag.py for tasks to queue
[2026-08-21T04:10:47.811+0000] {logging_mixin.py:188} INFO - [2026-08-21T04:10:47.811+0000] {dagbag.py:545} INFO - Filling up the DagBag from /opt/airflow/dags/kpi_hourly_dag.py
[2026-08-21T04:10:47.854+0000] {processor.py:840} INFO - DAG(s) 'cell_kpi_spatial_analytics_pipeline' retrieved from /opt/airflow/dags/kpi_hourly_dag.py
[2026-08-21T04:10:47.867+0000] {logging_mixin.py:188} INFO - [2026-08-21T04:10:47.866+0000] {dag.py:3096} INFO - Sync 1 DAGs
[2026-08-21T04:10:47.886+0000] {logging_mixin.py:188} INFO - [2026-08-21T04:10:47.886+0000] {dag.py:3954} INFO - Setting next_dagrun for cell_kpi_spatial_analytics_pipeline to None, run_after=None
[2026-08-21T04:10:48.027+0000] {processor.py:183} INFO - Processing /opt/airflow/dags/kpi_hourly_dag.py took 0.223 seconds
[2026-08-21T04:11:18.078+0000] {processor.py:161} INFO - Started process (PID=4534) to work on /opt/airflow/dags/kpi_hourly_dag.py
[2026-08-21T04:11:18.079+0000] {processor.py:830} INFO - Processing file /opt/airflow/dags/kpi_hourly_dag.py for tasks to queue
[2026-08-21T04:11:18.081+0000] {logging_mixin.py:188} INFO - [2026-08-21T04:11:18.080+0000] {dagbag.py:545} INFO - Filling up the DagBag from /opt/airflow/dags/kpi_hourly_dag.py
[2026-08-21T04:11:18.129+0000] {processor.py:840} INFO - DAG(s) 'cell_kpi_spatial_analytics_pipeline' retrieved from /opt/airflow/dags/kpi_hourly_dag.py
[2026-08-21T04:11:18.140+0000] {logging_mixin.py:188} INFO - [2026-08-21T04:11:18.139+0000] {dag.py:3096} INFO - Sync 1 DAGs
[2026-08-21T04:11:18.290+0000] {logging_mixin.py:188} INFO - [2026-08-21T04:11:18.290+0000] {dag.py:3954} INFO - Setting next_dagrun for cell_kpi_spatial_analytics_pipeline to None, run_after=None
[2026-08-21T04:11:18.302+0000] {processor.py:183} INFO - Processing /opt/airflow/dags/kpi_hourly_dag.py took 0.231 seconds
[2026-08-21T04:11:49.186+0000] {processor.py:161} INFO - Started process (PID=4544) to work on /opt/airflow/dags/kpi_hourly_dag.py
[2026-08-21T04:11:49.187+0000] {processor.py:830} INFO - Processing file /opt/airflow/dags/kpi_hourly_dag.py for tasks to queue
[2026-08-21T04:11:49.188+0000] {logging_mixin.py:188} INFO - [2026-08-21T04:11:49.188+0000] {dagbag.py:545} INFO - Filling up the DagBag from /opt/airflow/dags/kpi_hourly_dag.py
[2026-08-21T04:11:49.245+0000] {processor.py:840} INFO - DAG(s) 'cell_kpi_spatial_analytics_pipeline' retrieved from /opt/airflow/dags/kpi_hourly_dag.py
[2026-08-21T04:11:49.384+0000] {logging_mixin.py:188} INFO - [2026-08-21T04:11:49.384+0000] {dag.py:3096} INFO - Sync 1 DAGs
[2026-08-21T04:11:49.399+0000] {logging_mixin.py:188} INFO - [2026-08-21T04:11:49.399+0000] {dag.py:3954} INFO - Setting next_dagrun for cell_kpi_spatial_analytics_pipeline to None, run_after=None
[2026-08-21T04:11:49.412+0000] {processor.py:183} INFO - Processing /opt/airflow/dags/kpi_hourly_dag.py took 0.231 seconds
[2026-08-21T04:12:19.528+0000] {processor.py:161} INFO - Started process (PID=4554) to work on /opt/airflow/dags/kpi_hourly_dag.py
[2026-08-21T04:12:19.529+0000] {processor.py:830} INFO - Processing file /opt/airflow/dags/kpi_hourly_dag.py for tasks to queue
[2026-08-21T04:12:19.531+0000] {logging_mixin.py:188} INFO - [2026-08-21T04:12:19.530+0000] {dagbag.py:545} INFO - Filling up the DagBag from /opt/airflow/dags/kpi_hourly_dag.py
[2026-08-21T04:12:19.688+0000] {processor.py:840} INFO - DAG(s) 'cell_kpi_spatial_analytics_pipeline' retrieved from /opt/airflow/dags/kpi_hourly_dag.py
[2026-08-21T04:12:19.700+0000] {logging_mixin.py:188} INFO - [2026-08-21T04:12:19.700+0000] {dag.py:3096} INFO - Sync 1 DAGs
[2026-08-21T04:12:19.716+0000] {logging_mixin.py:188} INFO - [2026-08-21T04:12:19.715+0000] {dag.py:3954} INFO - Setting next_dagrun for cell_kpi_spatial_analytics_pipeline to None, run_after=None
[2026-08-21T04:12:19.728+0000] {processor.py:183} INFO - Processing /opt/airflow/dags/kpi_hourly_dag.py took 0.205 seconds
[2026-08-21T04:12:49.788+0000] {processor.py:161} INFO - Started process (PID=4613) to work on /opt/airflow/dags/kpi_hourly_dag.py
[2026-08-21T04:12:49.788+0000] {processor.py:830} INFO - Processing file /opt/airflow/dags/kpi_hourly_dag.py for tasks to queue
[2026-08-21T04:12:49.790+0000] {logging_mixin.py:188} INFO - [2026-08-21T04:12:49.789+0000] {dagbag.py:545} INFO - Filling up the DagBag from /opt/airflow/dags/kpi_hourly_dag.py
[2026-08-21T04:12:49.838+0000] {processor.py:840} INFO - DAG(s) 'cell_kpi_spatial_analytics_pipeline' retrieved from /opt/airflow/dags/kpi_hourly_dag.py
[2026-08-21T04:12:49.853+0000] {logging_mixin.py:188} INFO - [2026-08-21T04:12:49.852+0000] {dag.py:3096} INFO - Sync 1 DAGs
[2026-08-21T04:12:49.881+0000] {logging_mixin.py:188} INFO - [2026-08-21T04:12:49.881+0000] {dag.py:3954} INFO - Setting next_dagrun for cell_kpi_spatial_analytics_pipeline to None, run_after=None
[2026-08-21T04:12:50.014+0000] {processor.py:183} INFO - Processing /opt/airflow/dags/kpi_hourly_dag.py took 0.232 seconds
[2026-08-21T04:13:20.898+0000] {processor.py:161} INFO - Started process (PID=4623) to work on /opt/airflow/dags/kpi_hourly_dag.py
[2026-08-21T04:13:20.899+0000] {processor.py:830} INFO - Processing file /opt/airflow/dags/kpi_hourly_dag.py for tasks to queue
[2026-08-21T04:13:20.900+0000] {logging_mixin.py:188} INFO - [2026-08-21T04:13:20.900+0000] {dagbag.py:545} INFO - Filling up the DagBag from /opt/airflow/dags/kpi_hourly_dag.py
[2026-08-21T04:13:20.950+0000] {processor.py:840} INFO - DAG(s) 'cell_kpi_spatial_analytics_pipeline' retrieved from /opt/airflow/dags/kpi_hourly_dag.py
[2026-08-21T04:13:20.967+0000] {logging_mixin.py:188} INFO - [2026-08-21T04:13:20.966+0000] {dag.py:3096} INFO - Sync 1 DAGs
[2026-08-21T04:13:21.136+0000] {logging_mixin.py:188} INFO - [2026-08-21T04:13:21.136+0000] {dag.py:3954} INFO - Setting next_dagrun for cell_kpi_spatial_analytics_pipeline to None, run_after=None
[2026-08-21T04:13:21.152+0000] {processor.py:183} INFO - Processing /opt/airflow/dags/kpi_hourly_dag.py took 0.259 seconds
[2026-08-21T04:13:51.187+0000] {processor.py:161} INFO - Started process (PID=4633) to work on /opt/airflow/dags/kpi_hourly_dag.py
[2026-08-21T04:13:51.188+0000] {processor.py:830} INFO - Processing file /opt/airflow/dags/kpi_hourly_dag.py for tasks to queue
[2026-08-21T04:13:51.189+0000] {logging_mixin.py:188} INFO - [2026-08-21T04:13:51.189+0000] {dagbag.py:545} INFO - Filling up the DagBag from /opt/airflow/dags/kpi_hourly_dag.py
[2026-08-21T04:13:51.232+0000] {processor.py:840} INFO - DAG(s) 'cell_kpi_spatial_analytics_pipeline' retrieved from /opt/airflow/dags/kpi_hourly_dag.py
[2026-08-21T04:13:51.360+0000] {logging_mixin.py:188} INFO - [2026-08-21T04:13:51.360+0000] {dag.py:3096} INFO - Sync 1 DAGs
[2026-08-21T04:13:51.377+0000] {logging_mixin.py:188} INFO - [2026-08-21T04:13:51.376+0000] {dag.py:3954} INFO - Setting next_dagrun for cell_kpi_spatial_analytics_pipeline to None, run_after=None
[2026-08-21T04:13:51.389+0000] {processor.py:183} INFO - Processing /opt/airflow/dags/kpi_hourly_dag.py took 0.207 seconds
[2026-08-21T04:14:21.512+0000] {processor.py:161} INFO - Started process (PID=4643) to work on /opt/airflow/dags/kpi_hourly_dag.py
[2026-08-21T04:14:21.513+0000] {processor.py:830} INFO - Processing file /opt/airflow/dags/kpi_hourly_dag.py for tasks to queue
[2026-08-21T04:14:21.514+0000] {logging_mixin.py:188} INFO - [2026-08-21T04:14:21.514+0000] {dagbag.py:545} INFO - Filling up the DagBag from /opt/airflow/dags/kpi_hourly_dag.py
[2026-08-21T04:14:21.674+0000] {processor.py:840} INFO - DAG(s) 'cell_kpi_spatial_analytics_pipeline' retrieved from /opt/airflow/dags/kpi_hourly_dag.py
[2026-08-21T04:14:21.684+0000] {logging_mixin.py:188} INFO - [2026-08-21T04:14:21.684+0000] {dag.py:3096} INFO - Sync 1 DAGs
[2026-08-21T04:14:21.700+0000] {logging_mixin.py:188} INFO - [2026-08-21T04:14:21.700+0000] {dag.py:3954} INFO - Setting next_dagrun for cell_kpi_spatial_analytics_pipeline to None, run_after=None
[2026-08-21T04:14:21.712+0000] {processor.py:183} INFO - Processing /opt/airflow/dags/kpi_hourly_dag.py took 0.206 seconds
[2026-08-21T04:14:51.837+0000] {processor.py:161} INFO - Started process (PID=4653) to work on /opt/airflow/dags/kpi_hourly_dag.py
[2026-08-21T04:14:51.838+0000] {processor.py:830} INFO - Processing file /opt/airflow/dags/kpi_hourly_dag.py for tasks to queue
[2026-08-21T04:14:51.839+0000] {logging_mixin.py:188} INFO - [2026-08-21T04:14:51.839+0000] {dagbag.py:545} INFO - Filling up the DagBag from /opt/airflow/dags/kpi_hourly_dag.py
[2026-08-21T04:14:51.886+0000] {processor.py:840} INFO - DAG(s) 'cell_kpi_spatial_analytics_pipeline' retrieved from /opt/airflow/dags/kpi_hourly_dag.py
[2026-08-21T04:14:51.896+0000] {logging_mixin.py:188} INFO - [2026-08-21T04:14:51.896+0000] {dag.py:3096} INFO - Sync 1 DAGs
[2026-08-21T04:14:51.913+0000] {logging_mixin.py:188} INFO - [2026-08-21T04:14:51.913+0000] {dag.py:3954} INFO - Setting next_dagrun for cell_kpi_spatial_analytics_pipeline to None, run_after=None
[2026-08-21T04:14:52.042+0000] {processor.py:183} INFO - Processing /opt/airflow/dags/kpi_hourly_dag.py took 0.210 seconds
[2026-08-21T04:15:22.957+0000] {processor.py:161} INFO - Started process (PID=4663) to work on /opt/airflow/dags/kpi_hourly_dag.py
[2026-08-21T04:15:22.957+0000] {processor.py:830} INFO - Processing file /opt/airflow/dags/kpi_hourly_dag.py for tasks to queue
[2026-08-21T04:15:22.959+0000] {logging_mixin.py:188} INFO - [2026-08-21T04:15:22.958+0000] {dagbag.py:545} INFO - Filling up the DagBag from /opt/airflow/dags/kpi_hourly_dag.py
[2026-08-21T04:15:23.002+0000] {processor.py:840} INFO - DAG(s) 'cell_kpi_spatial_analytics_pipeline' retrieved from /opt/airflow/dags/kpi_hourly_dag.py
[2026-08-21T04:15:23.013+0000] {logging_mixin.py:188} INFO - [2026-08-21T04:15:23.012+0000] {dag.py:3096} INFO - Sync 1 DAGs
[2026-08-21T04:15:23.145+0000] {logging_mixin.py:188} INFO - [2026-08-21T04:15:23.145+0000] {dag.py:3954} INFO - Setting next_dagrun for cell_kpi_spatial_analytics_pipeline to None, run_after=None
[2026-08-21T04:15:23.159+0000] {processor.py:183} INFO - Processing /opt/airflow/dags/kpi_hourly_dag.py took 0.207 seconds
[2026-08-21T04:15:53.464+0000] {processor.py:161} INFO - Started process (PID=4917) to work on /opt/airflow/dags/kpi_hourly_dag.py
[2026-08-21T04:15:53.475+0000] {processor.py:830} INFO - Processing file /opt/airflow/dags/kpi_hourly_dag.py for tasks to queue
[2026-08-21T04:15:53.493+0000] {logging_mixin.py:188} INFO - [2026-08-21T04:15:53.486+0000] {dagbag.py:545} INFO - Filling up the DagBag from /opt/airflow/dags/kpi_hourly_dag.py
[2026-08-21T04:15:53.663+0000] {processor.py:840} INFO - DAG(s) 'cell_kpi_spatial_analytics_pipeline' retrieved from /opt/airflow/dags/kpi_hourly_dag.py
[2026-08-21T04:15:53.985+0000] {logging_mixin.py:188} INFO - [2026-08-21T04:15:53.985+0000] {dag.py:3096} INFO - Sync 1 DAGs
[2026-08-21T04:15:54.038+0000] {logging_mixin.py:188} INFO - [2026-08-21T04:15:54.033+0000] {dag.py:3954} INFO - Setting next_dagrun for cell_kpi_spatial_analytics_pipeline to None, run_after=None
[2026-08-21T04:15:54.094+0000] {processor.py:183} INFO - Processing /opt/airflow/dags/kpi_hourly_dag.py took 0.686 seconds
[2026-08-21T04:16:24.304+0000] {processor.py:161} INFO - Started process (PID=5021) to work on /opt/airflow/dags/kpi_hourly_dag.py
[2026-08-21T04:16:24.304+0000] {processor.py:830} INFO - Processing file /opt/airflow/dags/kpi_hourly_dag.py for tasks to queue
[2026-08-21T04:16:24.306+0000] {logging_mixin.py:188} INFO - [2026-08-21T04:16:24.306+0000] {dagbag.py:545} INFO - Filling up the DagBag from /opt/airflow/dags/kpi_hourly_dag.py
[2026-08-21T04:16:24.542+0000] {processor.py:840} INFO - DAG(s) 'cell_kpi_spatial_analytics_pipeline' retrieved from /opt/airflow/dags/kpi_hourly_dag.py
[2026-08-21T04:16:24.558+0000] {logging_mixin.py:188} INFO - [2026-08-21T04:16:24.557+0000] {dag.py:3096} INFO - Sync 1 DAGs
[2026-08-21T04:16:24.620+0000] {logging_mixin.py:188} INFO - [2026-08-21T04:16:24.620+0000] {dag.py:3954} INFO - Setting next_dagrun for cell_kpi_spatial_analytics_pipeline to None, run_after=None
[2026-08-21T04:16:24.662+0000] {processor.py:183} INFO - Processing /opt/airflow/dags/kpi_hourly_dag.py took 0.366 seconds
[2026-08-21T04:16:54.889+0000] {processor.py:161} INFO - Started process (PID=5203) to work on /opt/airflow/dags/kpi_hourly_dag.py
[2026-08-21T04:16:54.892+0000] {processor.py:830} INFO - Processing file /opt/airflow/dags/kpi_hourly_dag.py for tasks to queue
[2026-08-21T04:16:54.894+0000] {logging_mixin.py:188} INFO - [2026-08-21T04:16:54.894+0000] {dagbag.py:545} INFO - Filling up the DagBag from /opt/airflow/dags/kpi_hourly_dag.py
[2026-08-21T04:16:55.128+0000] {processor.py:840} INFO - DAG(s) 'cell_kpi_spatial_analytics_pipeline' retrieved from /opt/airflow/dags/kpi_hourly_dag.py
[2026-08-21T04:16:55.148+0000] {logging_mixin.py:188} INFO - [2026-08-21T04:16:55.148+0000] {dag.py:3096} INFO - Sync 1 DAGs
[2026-08-21T04:16:55.183+0000] {logging_mixin.py:188} INFO - [2026-08-21T04:16:55.183+0000] {dag.py:3954} INFO - Setting next_dagrun for cell_kpi_spatial_analytics_pipeline to None, run_after=None
[2026-08-21T04:16:55.209+0000] {processor.py:183} INFO - Processing /opt/airflow/dags/kpi_hourly_dag.py took 0.337 seconds
[2026-08-21T04:17:25.441+0000] {processor.py:161} INFO - Started process (PID=5361) to work on /opt/airflow/dags/kpi_hourly_dag.py
[2026-08-21T04:17:25.449+0000] {processor.py:830} INFO - Processing file /opt/airflow/dags/kpi_hourly_dag.py for tasks to queue
[2026-08-21T04:17:25.451+0000] {logging_mixin.py:188} INFO - [2026-08-21T04:17:25.450+0000] {dagbag.py:545} INFO - Filling up the DagBag from /opt/airflow/dags/kpi_hourly_dag.py
[2026-08-21T04:17:25.515+0000] {processor.py:840} INFO - DAG(s) 'cell_kpi_spatial_analytics_pipeline' retrieved from /opt/airflow/dags/kpi_hourly_dag.py
[2026-08-21T04:17:25.529+0000] {logging_mixin.py:188} INFO - [2026-08-21T04:17:25.529+0000] {dag.py:3096} INFO - Sync 1 DAGs
[2026-08-21T04:17:25.722+0000] {logging_mixin.py:188} INFO - [2026-08-21T04:17:25.722+0000] {dag.py:3954} INFO - Setting next_dagrun for cell_kpi_spatial_analytics_pipeline to None, run_after=None
[2026-08-21T04:17:25.738+0000] {processor.py:183} INFO - Processing /opt/airflow/dags/kpi_hourly_dag.py took 0.305 seconds
[2026-08-21T04:17:56.618+0000] {processor.py:161} INFO - Started process (PID=5413) to work on /opt/airflow/dags/kpi_hourly_dag.py
[2026-08-21T04:17:56.618+0000] {processor.py:830} INFO - Processing file /opt/airflow/dags/kpi_hourly_dag.py for tasks to queue
[2026-08-21T04:17:56.620+0000] {logging_mixin.py:188} INFO - [2026-08-21T04:17:56.619+0000] {dagbag.py:545} INFO - Filling up the DagBag from /opt/airflow/dags/kpi_hourly_dag.py
[2026-08-21T04:17:56.665+0000] {processor.py:840} INFO - DAG(s) 'cell_kpi_spatial_analytics_pipeline' retrieved from /opt/airflow/dags/kpi_hourly_dag.py
[2026-08-21T04:17:56.799+0000] {logging_mixin.py:188} INFO - [2026-08-21T04:17:56.799+0000] {dag.py:3096} INFO - Sync 1 DAGs
[2026-08-21T04:17:56.818+0000] {logging_mixin.py:188} INFO - [2026-08-21T04:17:56.818+0000] {dag.py:3954} INFO - Setting next_dagrun for cell_kpi_spatial_analytics_pipeline to None, run_after=None
[2026-08-21T04:17:56.831+0000] {processor.py:183} INFO - Processing /opt/airflow/dags/kpi_hourly_dag.py took 0.219 seconds
[2026-08-21T04:18:26.955+0000] {processor.py:161} INFO - Started process (PID=5423) to work on /opt/airflow/dags/kpi_hourly_dag.py
[2026-08-21T04:18:26.956+0000] {processor.py:830} INFO - Processing file /opt/airflow/dags/kpi_hourly_dag.py for tasks to queue
[2026-08-21T04:18:26.957+0000] {logging_mixin.py:188} INFO - [2026-08-21T04:18:26.957+0000] {dagbag.py:545} INFO - Filling up the DagBag from /opt/airflow/dags/kpi_hourly_dag.py
[2026-08-21T04:18:27.118+0000] {processor.py:840} INFO - DAG(s) 'cell_kpi_spatial_analytics_pipeline' retrieved from /opt/airflow/dags/kpi_hourly_dag.py
[2026-08-21T04:18:27.127+0000] {logging_mixin.py:188} INFO - [2026-08-21T04:18:27.127+0000] {dag.py:3096} INFO - Sync 1 DAGs
[2026-08-21T04:18:27.142+0000] {logging_mixin.py:188} INFO - [2026-08-21T04:18:27.142+0000] {dag.py:3954} INFO - Setting next_dagrun for cell_kpi_spatial_analytics_pipeline to None, run_after=None
[2026-08-21T04:18:27.155+0000] {processor.py:183} INFO - Processing /opt/airflow/dags/kpi_hourly_dag.py took 0.205 seconds
[2026-08-21T04:18:57.278+0000] {processor.py:161} INFO - Started process (PID=5433) to work on /opt/airflow/dags/kpi_hourly_dag.py
[2026-08-21T04:18:57.278+0000] {processor.py:830} INFO - Processing file /opt/airflow/dags/kpi_hourly_dag.py for tasks to queue
[2026-08-21T04:18:57.280+0000] {logging_mixin.py:188} INFO - [2026-08-21T04:18:57.279+0000] {dagbag.py:545} INFO - Filling up the DagBag from /opt/airflow/dags/kpi_hourly_dag.py
[2026-08-21T04:18:57.438+0000] {processor.py:840} INFO - DAG(s) 'cell_kpi_spatial_analytics_pipeline' retrieved from /opt/airflow/dags/kpi_hourly_dag.py
[2026-08-21T04:18:57.447+0000] {logging_mixin.py:188} INFO - [2026-08-21T04:18:57.447+0000] {dag.py:3096} INFO - Sync 1 DAGs
[2026-08-21T04:18:57.465+0000] {logging_mixin.py:188} INFO - [2026-08-21T04:18:57.465+0000] {dag.py:3954} INFO - Setting next_dagrun for cell_kpi_spatial_analytics_pipeline to None, run_after=None
[2026-08-21T04:18:57.481+0000] {processor.py:183} INFO - Processing /opt/airflow/dags/kpi_hourly_dag.py took 0.208 seconds
[2026-08-21T04:19:27.598+0000] {processor.py:161} INFO - Started process (PID=5443) to work on /opt/airflow/dags/kpi_hourly_dag.py
[2026-08-21T04:19:27.598+0000] {processor.py:830} INFO - Processing file /opt/airflow/dags/kpi_hourly_dag.py for tasks to queue
[2026-08-21T04:19:27.599+0000] {logging_mixin.py:188} INFO - [2026-08-21T04:19:27.599+0000] {dagbag.py:545} INFO - Filling up the DagBag from /opt/airflow/dags/kpi_hourly_dag.py
[2026-08-21T04:19:27.643+0000] {processor.py:840} INFO - DAG(s) 'cell_kpi_spatial_analytics_pipeline' retrieved from /opt/airflow/dags/kpi_hourly_dag.py
[2026-08-21T04:19:27.653+0000] {logging_mixin.py:188} INFO - [2026-08-21T04:19:27.653+0000] {dag.py:3096} INFO - Sync 1 DAGs
[2026-08-21T04:19:27.805+0000] {logging_mixin.py:188} INFO - [2026-08-21T04:19:27.805+0000] {dag.py:3954} INFO - Setting next_dagrun for cell_kpi_spatial_analytics_pipeline to None, run_after=None
[2026-08-21T04:19:27.820+0000] {processor.py:183} INFO - Processing /opt/airflow/dags/kpi_hourly_dag.py took 0.228 seconds
[2026-08-21T04:19:58.762+0000] {processor.py:161} INFO - Started process (PID=5453) to work on /opt/airflow/dags/kpi_hourly_dag.py
[2026-08-21T04:19:58.762+0000] {processor.py:830} INFO - Processing file /opt/airflow/dags/kpi_hourly_dag.py for tasks to queue
[2026-08-21T04:19:58.764+0000] {logging_mixin.py:188} INFO - [2026-08-21T04:19:58.764+0000] {dagbag.py:545} INFO - Filling up the DagBag from /opt/airflow/dags/kpi_hourly_dag.py
[2026-08-21T04:19:58.815+0000] {processor.py:840} INFO - DAG(s) 'cell_kpi_spatial_analytics_pipeline' retrieved from /opt/airflow/dags/kpi_hourly_dag.py
[2026-08-21T04:19:58.938+0000] {logging_mixin.py:188} INFO - [2026-08-21T04:19:58.938+0000] {dag.py:3096} INFO - Sync 1 DAGs
[2026-08-21T04:19:58.954+0000] {logging_mixin.py:188} INFO - [2026-08-21T04:19:58.954+0000] {dag.py:3954} INFO - Setting next_dagrun for cell_kpi_spatial_analytics_pipeline to None, run_after=None
[2026-08-21T04:19:58.968+0000] {processor.py:183} INFO - Processing /opt/airflow/dags/kpi_hourly_dag.py took 0.214 seconds
[2026-08-21T04:20:29.087+0000] {processor.py:161} INFO - Started process (PID=5463) to work on /opt/airflow/dags/kpi_hourly_dag.py
[2026-08-21T04:20:29.088+0000] {processor.py:830} INFO - Processing file /opt/airflow/dags/kpi_hourly_dag.py for tasks to queue
[2026-08-21T04:20:29.089+0000] {logging_mixin.py:188} INFO - [2026-08-21T04:20:29.089+0000] {dagbag.py:545} INFO - Filling up the DagBag from /opt/airflow/dags/kpi_hourly_dag.py
[2026-08-21T04:20:29.242+0000] {processor.py:840} INFO - DAG(s) 'cell_kpi_spatial_analytics_pipeline' retrieved from /opt/airflow/dags/kpi_hourly_dag.py
[2026-08-21T04:20:29.251+0000] {logging_mixin.py:188} INFO - [2026-08-21T04:20:29.251+0000] {dag.py:3096} INFO - Sync 1 DAGs
[2026-08-21T04:20:29.269+0000] {logging_mixin.py:188} INFO - [2026-08-21T04:20:29.269+0000] {dag.py:3954} INFO - Setting next_dagrun for cell_kpi_spatial_analytics_pipeline to None, run_after=None
[2026-08-21T04:20:29.281+0000] {processor.py:183} INFO - Processing /opt/airflow/dags/kpi_hourly_dag.py took 0.199 seconds
[2026-08-21T04:20:59.399+0000] {processor.py:161} INFO - Started process (PID=5473) to work on /opt/airflow/dags/kpi_hourly_dag.py
[2026-08-21T04:20:59.400+0000] {processor.py:830} INFO - Processing file /opt/airflow/dags/kpi_hourly_dag.py for tasks to queue
[2026-08-21T04:20:59.401+0000] {logging_mixin.py:188} INFO - [2026-08-21T04:20:59.401+0000] {dagbag.py:545} INFO - Filling up the DagBag from /opt/airflow/dags/kpi_hourly_dag.py
[2026-08-21T04:20:59.555+0000] {processor.py:840} INFO - DAG(s) 'cell_kpi_spatial_analytics_pipeline' retrieved from /opt/airflow/dags/kpi_hourly_dag.py
[2026-08-21T04:20:59.565+0000] {logging_mixin.py:188} INFO - [2026-08-21T04:20:59.565+0000] {dag.py:3096} INFO - Sync 1 DAGs
[2026-08-21T04:20:59.582+0000] {logging_mixin.py:188} INFO - [2026-08-21T04:20:59.582+0000] {dag.py:3954} INFO - Setting next_dagrun for cell_kpi_spatial_analytics_pipeline to None, run_after=None
[2026-08-21T04:20:59.594+0000] {processor.py:183} INFO - Processing /opt/airflow/dags/kpi_hourly_dag.py took 0.200 seconds
[2026-08-21T04:21:29.714+0000] {processor.py:161} INFO - Started process (PID=5483) to work on /opt/airflow/dags/kpi_hourly_dag.py
[2026-08-21T04:21:29.714+0000] {processor.py:830} INFO - Processing file /opt/airflow/dags/kpi_hourly_dag.py for tasks to queue
[2026-08-21T04:21:29.716+0000] {logging_mixin.py:188} INFO - [2026-08-21T04:21:29.715+0000] {dagbag.py:545} INFO - Filling up the DagBag from /opt/airflow/dags/kpi_hourly_dag.py
[2026-08-21T04:21:29.876+0000] {processor.py:840} INFO - DAG(s) 'cell_kpi_spatial_analytics_pipeline' retrieved from /opt/airflow/dags/kpi_hourly_dag.py
[2026-08-21T04:21:29.885+0000] {logging_mixin.py:188} INFO - [2026-08-21T04:21:29.885+0000] {dag.py:3096} INFO - Sync 1 DAGs
[2026-08-21T04:21:29.900+0000] {logging_mixin.py:188} INFO - [2026-08-21T04:21:29.900+0000] {dag.py:3954} INFO - Setting next_dagrun for cell_kpi_spatial_analytics_pipeline to None, run_after=None
[2026-08-21T04:21:29.913+0000] {processor.py:183} INFO - Processing /opt/airflow/dags/kpi_hourly_dag.py took 0.204 seconds
[2026-08-21T04:22:00.034+0000] {processor.py:161} INFO - Started process (PID=5493) to work on /opt/airflow/dags/kpi_hourly_dag.py
[2026-08-21T04:22:00.035+0000] {processor.py:830} INFO - Processing file /opt/airflow/dags/kpi_hourly_dag.py for tasks to queue
[2026-08-21T04:22:00.036+0000] {logging_mixin.py:188} INFO - [2026-08-21T04:22:00.036+0000] {dagbag.py:545} INFO - Filling up the DagBag from /opt/airflow/dags/kpi_hourly_dag.py
[2026-08-21T04:22:00.082+0000] {processor.py:840} INFO - DAG(s) 'cell_kpi_spatial_analytics_pipeline' retrieved from /opt/airflow/dags/kpi_hourly_dag.py
[2026-08-21T04:22:00.092+0000] {logging_mixin.py:188} INFO - [2026-08-21T04:22:00.092+0000] {dag.py:3096} INFO - Sync 1 DAGs
[2026-08-21T04:22:00.109+0000] {logging_mixin.py:188} INFO - [2026-08-21T04:22:00.108+0000] {dag.py:3954} INFO - Setting next_dagrun for cell_kpi_spatial_analytics_pipeline to None, run_after=None
[2026-08-21T04:22:00.121+0000] {processor.py:183} INFO - Processing /opt/airflow/dags/kpi_hourly_dag.py took 0.093 seconds
[2026-08-21T04:22:30.221+0000] {processor.py:161} INFO - Started process (PID=5503) to work on /opt/airflow/dags/kpi_hourly_dag.py
[2026-08-21T04:22:30.222+0000] {processor.py:830} INFO - Processing file /opt/airflow/dags/kpi_hourly_dag.py for tasks to queue
[2026-08-21T04:22:30.223+0000] {logging_mixin.py:188} INFO - [2026-08-21T04:22:30.223+0000] {dagbag.py:545} INFO - Filling up the DagBag from /opt/airflow/dags/kpi_hourly_dag.py
[2026-08-21T04:22:30.268+0000] {processor.py:840} INFO - DAG(s) 'cell_kpi_spatial_analytics_pipeline' retrieved from /opt/airflow/dags/kpi_hourly_dag.py
[2026-08-21T04:22:30.279+0000] {logging_mixin.py:188} INFO - [2026-08-21T04:22:30.279+0000] {dag.py:3096} INFO - Sync 1 DAGs
[2026-08-21T04:22:30.297+0000] {logging_mixin.py:188} INFO - [2026-08-21T04:22:30.296+0000] {dag.py:3954} INFO - Setting next_dagrun for cell_kpi_spatial_analytics_pipeline to None, run_after=None
[2026-08-21T04:22:30.310+0000] {processor.py:183} INFO - Processing /opt/airflow/dags/kpi_hourly_dag.py took 0.095 seconds
[2026-08-21T04:23:00.435+0000] {processor.py:161} INFO - Started process (PID=5513) to work on /opt/airflow/dags/kpi_hourly_dag.py
[2026-08-21T04:23:00.436+0000] {processor.py:830} INFO - Processing file /opt/airflow/dags/kpi_hourly_dag.py for tasks to queue
[2026-08-21T04:23:00.437+0000] {logging_mixin.py:188} INFO - [2026-08-21T04:23:00.437+0000] {dagbag.py:545} INFO - Filling up the DagBag from /opt/airflow/dags/kpi_hourly_dag.py
[2026-08-21T04:23:00.481+0000] {processor.py:840} INFO - DAG(s) 'cell_kpi_spatial_analytics_pipeline' retrieved from /opt/airflow/dags/kpi_hourly_dag.py
[2026-08-21T04:23:00.491+0000] {logging_mixin.py:188} INFO - [2026-08-21T04:23:00.491+0000] {dag.py:3096} INFO - Sync 1 DAGs
[2026-08-21T04:23:00.509+0000] {logging_mixin.py:188} INFO - [2026-08-21T04:23:00.509+0000] {dag.py:3954} INFO - Setting next_dagrun for cell_kpi_spatial_analytics_pipeline to None, run_after=None
[2026-08-21T04:23:00.523+0000] {processor.py:183} INFO - Processing /opt/airflow/dags/kpi_hourly_dag.py took 0.093 seconds
[2026-08-21T04:23:30.634+0000] {processor.py:161} INFO - Started process (PID=5523) to work on /opt/airflow/dags/kpi_hourly_dag.py
[2026-08-21T04:23:30.635+0000] {processor.py:830} INFO - Processing file /opt/airflow/dags/kpi_hourly_dag.py for tasks to queue
[2026-08-21T04:23:30.636+0000] {logging_mixin.py:188} INFO - [2026-08-21T04:23:30.636+0000] {dagbag.py:545} INFO - Filling up the DagBag from /opt/airflow/dags/kpi_hourly_dag.py
[2026-08-21T04:23:30.680+0000] {processor.py:840} INFO - DAG(s) 'cell_kpi_spatial_analytics_pipeline' retrieved from /opt/airflow/dags/kpi_hourly_dag.py
[2026-08-21T04:23:30.691+0000] {logging_mixin.py:188} INFO - [2026-08-21T04:23:30.691+0000] {dag.py:3096} INFO - Sync 1 DAGs
[2026-08-21T04:23:30.709+0000] {logging_mixin.py:188} INFO - [2026-08-21T04:23:30.708+0000] {dag.py:3954} INFO - Setting next_dagrun for cell_kpi_spatial_analytics_pipeline to None, run_after=None
[2026-08-21T04:23:30.722+0000] {processor.py:183} INFO - Processing /opt/airflow/dags/kpi_hourly_dag.py took 0.093 seconds
[2026-08-21T04:24:00.834+0000] {processor.py:161} INFO - Started process (PID=5533) to work on /opt/airflow/dags/kpi_hourly_dag.py
[2026-08-21T04:24:00.834+0000] {processor.py:830} INFO - Processing file /opt/airflow/dags/kpi_hourly_dag.py for tasks to queue
[2026-08-21T04:24:00.836+0000] {logging_mixin.py:188} INFO - [2026-08-21T04:24:00.835+0000] {dagbag.py:545} INFO - Filling up the DagBag from /opt/airflow/dags/kpi_hourly_dag.py
[2026-08-21T04:24:00.883+0000] {processor.py:840} INFO - DAG(s) 'cell_kpi_spatial_analytics_pipeline' retrieved from /opt/airflow/dags/kpi_hourly_dag.py
[2026-08-21T04:24:00.894+0000] {logging_mixin.py:188} INFO - [2026-08-21T04:24:00.894+0000] {dag.py:3096} INFO - Sync 1 DAGs
[2026-08-21T04:24:00.911+0000] {logging_mixin.py:188} INFO - [2026-08-21T04:24:00.911+0000] {dag.py:3954} INFO - Setting next_dagrun for cell_kpi_spatial_analytics_pipeline to None, run_after=None
[2026-08-21T04:24:00.924+0000] {processor.py:183} INFO - Processing /opt/airflow/dags/kpi_hourly_dag.py took 0.096 seconds
[2026-08-21T04:24:31.045+0000] {processor.py:161} INFO - Started process (PID=5543) to work on /opt/airflow/dags/kpi_hourly_dag.py
[2026-08-21T04:24:31.046+0000] {processor.py:830} INFO - Processing file /opt/airflow/dags/kpi_hourly_dag.py for tasks to queue
[2026-08-21T04:24:31.048+0000] {logging_mixin.py:188} INFO - [2026-08-21T04:24:31.048+0000] {dagbag.py:545} INFO - Filling up the DagBag from /opt/airflow/dags/kpi_hourly_dag.py
[2026-08-21T04:24:31.109+0000] {processor.py:840} INFO - DAG(s) 'cell_kpi_spatial_analytics_pipeline' retrieved from /opt/airflow/dags/kpi_hourly_dag.py
[2026-08-21T04:24:31.122+0000] {logging_mixin.py:188} INFO - [2026-08-21T04:24:31.122+0000] {dag.py:3096} INFO - Sync 1 DAGs
[2026-08-21T04:24:31.140+0000] {logging_mixin.py:188} INFO - [2026-08-21T04:24:31.139+0000] {dag.py:3954} INFO - Setting next_dagrun for cell_kpi_spatial_analytics_pipeline to None, run_after=None
[2026-08-21T04:24:31.153+0000] {processor.py:183} INFO - Processing /opt/airflow/dags/kpi_hourly_dag.py took 0.117 seconds
[2026-08-21T04:25:01.257+0000] {processor.py:161} INFO - Started process (PID=5553) to work on /opt/airflow/dags/kpi_hourly_dag.py
[2026-08-21T04:25:01.258+0000] {processor.py:830} INFO - Processing file /opt/airflow/dags/kpi_hourly_dag.py for tasks to queue
[2026-08-21T04:25:01.259+0000] {logging_mixin.py:188} INFO - [2026-08-21T04:25:01.259+0000] {dagbag.py:545} INFO - Filling up the DagBag from /opt/airflow/dags/kpi_hourly_dag.py
[2026-08-21T04:25:01.305+0000] {processor.py:840} INFO - DAG(s) 'cell_kpi_spatial_analytics_pipeline' retrieved from /opt/airflow/dags/kpi_hourly_dag.py
[2026-08-21T04:25:01.316+0000] {logging_mixin.py:188} INFO - [2026-08-21T04:25:01.316+0000] {dag.py:3096} INFO - Sync 1 DAGs
[2026-08-21T04:25:01.333+0000] {logging_mixin.py:188} INFO - [2026-08-21T04:25:01.333+0000] {dag.py:3954} INFO - Setting next_dagrun for cell_kpi_spatial_analytics_pipeline to None, run_after=None
[2026-08-21T04:25:01.346+0000] {processor.py:183} INFO - Processing /opt/airflow/dags/kpi_hourly_dag.py took 0.095 seconds
[2026-08-21T04:25:31.454+0000] {processor.py:161} INFO - Started process (PID=5563) to work on /opt/airflow/dags/kpi_hourly_dag.py
[2026-08-21T04:25:31.454+0000] {processor.py:830} INFO - Processing file /opt/airflow/dags/kpi_hourly_dag.py for tasks to queue
[2026-08-21T04:25:31.456+0000] {logging_mixin.py:188} INFO - [2026-08-21T04:25:31.455+0000] {dagbag.py:545} INFO - Filling up the DagBag from /opt/airflow/dags/kpi_hourly_dag.py
[2026-08-21T04:25:31.499+0000] {processor.py:840} INFO - DAG(s) 'cell_kpi_spatial_analytics_pipeline' retrieved from /opt/airflow/dags/kpi_hourly_dag.py
[2026-08-21T04:25:31.510+0000] {logging_mixin.py:188} INFO - [2026-08-21T04:25:31.510+0000] {dag.py:3096} INFO - Sync 1 DAGs
[2026-08-21T04:25:31.526+0000] {logging_mixin.py:188} INFO - [2026-08-21T04:25:31.526+0000] {dag.py:3954} INFO - Setting next_dagrun for cell_kpi_spatial_analytics_pipeline to None, run_after=None
[2026-08-21T04:25:31.540+0000] {processor.py:183} INFO - Processing /opt/airflow/dags/kpi_hourly_dag.py took 0.092 seconds
[2026-08-21T04:26:01.648+0000] {processor.py:161} INFO - Started process (PID=5573) to work on /opt/airflow/dags/kpi_hourly_dag.py
[2026-08-21T04:26:01.649+0000] {processor.py:830} INFO - Processing file /opt/airflow/dags/kpi_hourly_dag.py for tasks to queue
[2026-08-21T04:26:01.650+0000] {logging_mixin.py:188} INFO - [2026-08-21T04:26:01.650+0000] {dagbag.py:545} INFO - Filling up the DagBag from /opt/airflow/dags/kpi_hourly_dag.py
[2026-08-21T04:26:01.694+0000] {processor.py:840} INFO - DAG(s) 'cell_kpi_spatial_analytics_pipeline' retrieved from /opt/airflow/dags/kpi_hourly_dag.py
[2026-08-21T04:26:01.707+0000] {logging_mixin.py:188} INFO - [2026-08-21T04:26:01.707+0000] {dag.py:3096} INFO - Sync 1 DAGs
[2026-08-21T04:26:01.725+0000] {logging_mixin.py:188} INFO - [2026-08-21T04:26:01.725+0000] {dag.py:3954} INFO - Setting next_dagrun for cell_kpi_spatial_analytics_pipeline to None, run_after=None
[2026-08-21T04:26:01.738+0000] {processor.py:183} INFO - Processing /opt/airflow/dags/kpi_hourly_dag.py took 0.096 seconds
[2026-08-21T04:26:32.117+0000] {processor.py:161} INFO - Started process (PID=5829) to work on /opt/airflow/dags/kpi_hourly_dag.py
[2026-08-21T04:26:32.119+0000] {processor.py:830} INFO - Processing file /opt/airflow/dags/kpi_hourly_dag.py for tasks to queue
[2026-08-21T04:26:32.121+0000] {logging_mixin.py:188} INFO - [2026-08-21T04:26:32.120+0000] {dagbag.py:545} INFO - Filling up the DagBag from /opt/airflow/dags/kpi_hourly_dag.py
[2026-08-21T04:26:32.226+0000] {processor.py:840} INFO - DAG(s) 'cell_kpi_spatial_analytics_pipeline' retrieved from /opt/airflow/dags/kpi_hourly_dag.py
[2026-08-21T04:26:32.259+0000] {logging_mixin.py:188} INFO - [2026-08-21T04:26:32.258+0000] {dag.py:3096} INFO - Sync 1 DAGs
[2026-08-21T04:26:32.300+0000] {logging_mixin.py:188} INFO - [2026-08-21T04:26:32.299+0000] {dag.py:3954} INFO - Setting next_dagrun for cell_kpi_spatial_analytics_pipeline to None, run_after=None
[2026-08-21T04:26:32.337+0000] {processor.py:183} INFO - Processing /opt/airflow/dags/kpi_hourly_dag.py took 0.235 seconds
[2026-08-21T04:27:02.568+0000] {processor.py:161} INFO - Started process (PID=5951) to work on /opt/airflow/dags/kpi_hourly_dag.py
[2026-08-21T04:27:02.572+0000] {processor.py:830} INFO - Processing file /opt/airflow/dags/kpi_hourly_dag.py for tasks to queue
[2026-08-21T04:27:02.579+0000] {logging_mixin.py:188} INFO - [2026-08-21T04:27:02.579+0000] {dagbag.py:545} INFO - Filling up the DagBag from /opt/airflow/dags/kpi_hourly_dag.py
[2026-08-21T04:27:02.748+0000] {processor.py:840} INFO - DAG(s) 'cell_kpi_spatial_analytics_pipeline' retrieved from /opt/airflow/dags/kpi_hourly_dag.py
[2026-08-21T04:27:02.770+0000] {logging_mixin.py:188} INFO - [2026-08-21T04:27:02.770+0000] {dag.py:3096} INFO - Sync 1 DAGs
[2026-08-21T04:27:02.798+0000] {logging_mixin.py:188} INFO - [2026-08-21T04:27:02.797+0000] {dag.py:3954} INFO - Setting next_dagrun for cell_kpi_spatial_analytics_pipeline to None, run_after=None
[2026-08-21T04:27:02.818+0000] {processor.py:183} INFO - Processing /opt/airflow/dags/kpi_hourly_dag.py took 0.258 seconds
[2026-08-21T04:27:33.022+0000] {processor.py:161} INFO - Started process (PID=6095) to work on /opt/airflow/dags/kpi_hourly_dag.py
[2026-08-21T04:27:33.024+0000] {processor.py:830} INFO - Processing file /opt/airflow/dags/kpi_hourly_dag.py for tasks to queue
[2026-08-21T04:27:33.030+0000] {logging_mixin.py:188} INFO - [2026-08-21T04:27:33.026+0000] {dagbag.py:545} INFO - Filling up the DagBag from /opt/airflow/dags/kpi_hourly_dag.py
[2026-08-21T04:27:33.151+0000] {processor.py:840} INFO - DAG(s) 'cell_kpi_spatial_analytics_pipeline' retrieved from /opt/airflow/dags/kpi_hourly_dag.py
[2026-08-21T04:27:33.169+0000] {logging_mixin.py:188} INFO - [2026-08-21T04:27:33.169+0000] {dag.py:3096} INFO - Sync 1 DAGs
[2026-08-21T04:27:33.196+0000] {logging_mixin.py:188} INFO - [2026-08-21T04:27:33.196+0000] {dag.py:3954} INFO - Setting next_dagrun for cell_kpi_spatial_analytics_pipeline to None, run_after=None
[2026-08-21T04:27:33.222+0000] {processor.py:183} INFO - Processing /opt/airflow/dags/kpi_hourly_dag.py took 0.220 seconds
[2026-08-21T04:28:03.480+0000] {processor.py:161} INFO - Started process (PID=6265) to work on /opt/airflow/dags/kpi_hourly_dag.py
[2026-08-21T04:28:03.481+0000] {processor.py:830} INFO - Processing file /opt/airflow/dags/kpi_hourly_dag.py for tasks to queue
[2026-08-21T04:28:03.486+0000] {logging_mixin.py:188} INFO - [2026-08-21T04:28:03.486+0000] {dagbag.py:545} INFO - Filling up the DagBag from /opt/airflow/dags/kpi_hourly_dag.py
[2026-08-21T04:28:03.557+0000] {processor.py:840} INFO - DAG(s) 'cell_kpi_spatial_analytics_pipeline' retrieved from /opt/airflow/dags/kpi_hourly_dag.py
[2026-08-21T04:28:03.572+0000] {logging_mixin.py:188} INFO - [2026-08-21T04:28:03.572+0000] {dag.py:3096} INFO - Sync 1 DAGs
[2026-08-21T04:28:03.597+0000] {logging_mixin.py:188} INFO - [2026-08-21T04:28:03.597+0000] {dag.py:3954} INFO - Setting next_dagrun for cell_kpi_spatial_analytics_pipeline to None, run_after=None
[2026-08-21T04:28:03.627+0000] {processor.py:183} INFO - Processing /opt/airflow/dags/kpi_hourly_dag.py took 0.162 seconds
[2026-08-21T04:28:33.718+0000] {processor.py:161} INFO - Started process (PID=6366) to work on /opt/airflow/dags/kpi_hourly_dag.py
[2026-08-21T04:28:33.719+0000] {processor.py:830} INFO - Processing file /opt/airflow/dags/kpi_hourly_dag.py for tasks to queue
[2026-08-21T04:28:33.720+0000] {logging_mixin.py:188} INFO - [2026-08-21T04:28:33.720+0000] {dagbag.py:545} INFO - Filling up the DagBag from /opt/airflow/dags/kpi_hourly_dag.py
[2026-08-21T04:28:33.765+0000] {processor.py:840} INFO - DAG(s) 'cell_kpi_spatial_analytics_pipeline' retrieved from /opt/airflow/dags/kpi_hourly_dag.py
[2026-08-21T04:28:33.777+0000] {logging_mixin.py:188} INFO - [2026-08-21T04:28:33.777+0000] {dag.py:3096} INFO - Sync 1 DAGs
[2026-08-21T04:28:33.794+0000] {logging_mixin.py:188} INFO - [2026-08-21T04:28:33.794+0000] {dag.py:3954} INFO - Setting next_dagrun for cell_kpi_spatial_analytics_pipeline to None, run_after=None
[2026-08-21T04:28:33.807+0000] {processor.py:183} INFO - Processing /opt/airflow/dags/kpi_hourly_dag.py took 0.095 seconds
[2026-08-21T04:29:03.921+0000] {processor.py:161} INFO - Started process (PID=6376) to work on /opt/airflow/dags/kpi_hourly_dag.py
[2026-08-21T04:29:03.922+0000] {processor.py:830} INFO - Processing file /opt/airflow/dags/kpi_hourly_dag.py for tasks to queue
[2026-08-21T04:29:03.923+0000] {logging_mixin.py:188} INFO - [2026-08-21T04:29:03.923+0000] {dagbag.py:545} INFO - Filling up the DagBag from /opt/airflow/dags/kpi_hourly_dag.py
[2026-08-21T04:29:03.970+0000] {processor.py:840} INFO - DAG(s) 'cell_kpi_spatial_analytics_pipeline' retrieved from /opt/airflow/dags/kpi_hourly_dag.py
[2026-08-21T04:29:03.982+0000] {logging_mixin.py:188} INFO - [2026-08-21T04:29:03.982+0000] {dag.py:3096} INFO - Sync 1 DAGs
[2026-08-21T04:29:03.999+0000] {logging_mixin.py:188} INFO - [2026-08-21T04:29:03.999+0000] {dag.py:3954} INFO - Setting next_dagrun for cell_kpi_spatial_analytics_pipeline to None, run_after=None
[2026-08-21T04:29:04.013+0000] {processor.py:183} INFO - Processing /opt/airflow/dags/kpi_hourly_dag.py took 0.097 seconds
[2026-08-21T04:29:34.126+0000] {processor.py:161} INFO - Started process (PID=6386) to work on /opt/airflow/dags/kpi_hourly_dag.py
[2026-08-21T04:29:34.127+0000] {processor.py:830} INFO - Processing file /opt/airflow/dags/kpi_hourly_dag.py for tasks to queue
[2026-08-21T04:29:34.128+0000] {logging_mixin.py:188} INFO - [2026-08-21T04:29:34.128+0000] {dagbag.py:545} INFO - Filling up the DagBag from /opt/airflow/dags/kpi_hourly_dag.py
[2026-08-21T04:29:34.172+0000] {processor.py:840} INFO - DAG(s) 'cell_kpi_spatial_analytics_pipeline' retrieved from /opt/airflow/dags/kpi_hourly_dag.py
[2026-08-21T04:29:34.182+0000] {logging_mixin.py:188} INFO - [2026-08-21T04:29:34.182+0000] {dag.py:3096} INFO - Sync 1 DAGs
[2026-08-21T04:29:34.200+0000] {logging_mixin.py:188} INFO - [2026-08-21T04:29:34.199+0000] {dag.py:3954} INFO - Setting next_dagrun for cell_kpi_spatial_analytics_pipeline to None, run_after=None
[2026-08-21T04:29:34.213+0000] {processor.py:183} INFO - Processing /opt/airflow/dags/kpi_hourly_dag.py took 0.092 seconds
[2026-08-21T04:30:04.439+0000] {processor.py:161} INFO - Started process (PID=6411) to work on /opt/airflow/dags/kpi_hourly_dag.py
[2026-08-21T04:30:04.440+0000] {processor.py:830} INFO - Processing file /opt/airflow/dags/kpi_hourly_dag.py for tasks to queue
[2026-08-21T04:30:04.442+0000] {logging_mixin.py:188} INFO - [2026-08-21T04:30:04.441+0000] {dagbag.py:545} INFO - Filling up the DagBag from /opt/airflow/dags/kpi_hourly_dag.py
[2026-08-21T04:30:04.489+0000] {processor.py:840} INFO - DAG(s) 'cell_kpi_spatial_analytics_pipeline' retrieved from /opt/airflow/dags/kpi_hourly_dag.py
[2026-08-21T04:30:04.500+0000] {logging_mixin.py:188} INFO - [2026-08-21T04:30:04.500+0000] {dag.py:3096} INFO - Sync 1 DAGs
[2026-08-21T04:30:04.517+0000] {logging_mixin.py:188} INFO - [2026-08-21T04:30:04.517+0000] {dag.py:3954} INFO - Setting next_dagrun for cell_kpi_spatial_analytics_pipeline to None, run_after=None
[2026-08-21T04:30:04.530+0000] {processor.py:183} INFO - Processing /opt/airflow/dags/kpi_hourly_dag.py took 0.098 seconds
[2026-08-21T04:30:34.653+0000] {processor.py:161} INFO - Started process (PID=6421) to work on /opt/airflow/dags/kpi_hourly_dag.py
[2026-08-21T04:30:34.654+0000] {processor.py:830} INFO - Processing file /opt/airflow/dags/kpi_hourly_dag.py for tasks to queue
[2026-08-21T04:30:34.655+0000] {logging_mixin.py:188} INFO - [2026-08-21T04:30:34.655+0000] {dagbag.py:545} INFO - Filling up the DagBag from /opt/airflow/dags/kpi_hourly_dag.py
[2026-08-21T04:30:34.703+0000] {processor.py:840} INFO - DAG(s) 'cell_kpi_spatial_analytics_pipeline' retrieved from /opt/airflow/dags/kpi_hourly_dag.py
[2026-08-21T04:30:34.714+0000] {logging_mixin.py:188} INFO - [2026-08-21T04:30:34.713+0000] {dag.py:3096} INFO - Sync 1 DAGs
[2026-08-21T04:30:34.731+0000] {logging_mixin.py:188} INFO - [2026-08-21T04:30:34.730+0000] {dag.py:3954} INFO - Setting next_dagrun for cell_kpi_spatial_analytics_pipeline to None, run_after=None
[2026-08-21T04:30:34.743+0000] {processor.py:183} INFO - Processing /opt/airflow/dags/kpi_hourly_dag.py took 0.096 seconds
[2026-08-21T04:31:04.866+0000] {processor.py:161} INFO - Started process (PID=6431) to work on /opt/airflow/dags/kpi_hourly_dag.py
[2026-08-21T04:31:04.867+0000] {processor.py:830} INFO - Processing file /opt/airflow/dags/kpi_hourly_dag.py for tasks to queue
[2026-08-21T04:31:04.868+0000] {logging_mixin.py:188} INFO - [2026-08-21T04:31:04.868+0000] {dagbag.py:545} INFO - Filling up the DagBag from /opt/airflow/dags/kpi_hourly_dag.py
[2026-08-21T04:31:04.912+0000] {processor.py:840} INFO - DAG(s) 'cell_kpi_spatial_analytics_pipeline' retrieved from /opt/airflow/dags/kpi_hourly_dag.py
[2026-08-21T04:31:04.922+0000] {logging_mixin.py:188} INFO - [2026-08-21T04:31:04.922+0000] {dag.py:3096} INFO - Sync 1 DAGs
[2026-08-21T04:31:04.940+0000] {logging_mixin.py:188} INFO - [2026-08-21T04:31:04.939+0000] {dag.py:3954} INFO - Setting next_dagrun for cell_kpi_spatial_analytics_pipeline to None, run_after=None
[2026-08-21T04:31:04.953+0000] {processor.py:183} INFO - Processing /opt/airflow/dags/kpi_hourly_dag.py took 0.093 seconds
[2026-08-21T04:31:34.994+0000] {processor.py:161} INFO - Started process (PID=6441) to work on /opt/airflow/dags/kpi_hourly_dag.py
[2026-08-21T04:31:34.995+0000] {processor.py:830} INFO - Processing file /opt/airflow/dags/kpi_hourly_dag.py for tasks to queue
[2026-08-21T04:31:34.996+0000] {logging_mixin.py:188} INFO - [2026-08-21T04:31:34.996+0000] {dagbag.py:545} INFO - Filling up the DagBag from /opt/airflow/dags/kpi_hourly_dag.py
[2026-08-21T04:31:35.046+0000] {processor.py:840} INFO - DAG(s) 'cell_kpi_spatial_analytics_pipeline' retrieved from /opt/airflow/dags/kpi_hourly_dag.py
[2026-08-21T04:31:35.056+0000] {logging_mixin.py:188} INFO - [2026-08-21T04:31:35.056+0000] {dag.py:3096} INFO - Sync 1 DAGs
[2026-08-21T04:31:35.077+0000] {logging_mixin.py:188} INFO - [2026-08-21T04:31:35.077+0000] {dag.py:3954} INFO - Setting next_dagrun for cell_kpi_spatial_analytics_pipeline to None, run_after=None
[2026-08-21T04:31:35.090+0000] {processor.py:183} INFO - Processing /opt/airflow/dags/kpi_hourly_dag.py took 0.102 seconds
[2026-08-21T04:32:05.223+0000] {processor.py:161} INFO - Started process (PID=6451) to work on /opt/airflow/dags/kpi_hourly_dag.py
[2026-08-21T04:32:05.224+0000] {processor.py:830} INFO - Processing file /opt/airflow/dags/kpi_hourly_dag.py for tasks to queue
[2026-08-21T04:32:05.225+0000] {logging_mixin.py:188} INFO - [2026-08-21T04:32:05.225+0000] {dagbag.py:545} INFO - Filling up the DagBag from /opt/airflow/dags/kpi_hourly_dag.py
[2026-08-21T04:32:05.285+0000] {processor.py:840} INFO - DAG(s) 'cell_kpi_spatial_analytics_pipeline' retrieved from /opt/airflow/dags/kpi_hourly_dag.py
[2026-08-21T04:32:05.298+0000] {logging_mixin.py:188} INFO - [2026-08-21T04:32:05.298+0000] {dag.py:3096} INFO - Sync 1 DAGs
[2026-08-21T04:32:05.315+0000] {logging_mixin.py:188} INFO - [2026-08-21T04:32:05.315+0000] {dag.py:3954} INFO - Setting next_dagrun for cell_kpi_spatial_analytics_pipeline to None, run_after=None
[2026-08-21T04:32:05.328+0000] {processor.py:183} INFO - Processing /opt/airflow/dags/kpi_hourly_dag.py took 0.113 seconds
[2026-08-21T04:32:35.595+0000] {processor.py:161} INFO - Started process (PID=6709) to work on /opt/airflow/dags/kpi_hourly_dag.py
[2026-08-21T04:32:35.596+0000] {processor.py:830} INFO - Processing file /opt/airflow/dags/kpi_hourly_dag.py for tasks to queue
[2026-08-21T04:32:35.599+0000] {logging_mixin.py:188} INFO - [2026-08-21T04:32:35.598+0000] {dagbag.py:545} INFO - Filling up the DagBag from /opt/airflow/dags/kpi_hourly_dag.py
[2026-08-21T04:32:35.671+0000] {processor.py:840} INFO - DAG(s) 'cell_kpi_spatial_analytics_pipeline' retrieved from /opt/airflow/dags/kpi_hourly_dag.py
[2026-08-21T04:32:35.685+0000] {logging_mixin.py:188} INFO - [2026-08-21T04:32:35.685+0000] {dag.py:3096} INFO - Sync 1 DAGs
[2026-08-21T04:32:35.712+0000] {logging_mixin.py:188} INFO - [2026-08-21T04:32:35.712+0000] {dag.py:3954} INFO - Setting next_dagrun for cell_kpi_spatial_analytics_pipeline to None, run_after=None
[2026-08-21T04:32:35.730+0000] {processor.py:183} INFO - Processing /opt/airflow/dags/kpi_hourly_dag.py took 0.144 seconds
[2026-08-21T04:33:05.951+0000] {processor.py:161} INFO - Started process (PID=6849) to work on /opt/airflow/dags/kpi_hourly_dag.py
[2026-08-21T04:33:05.957+0000] {processor.py:830} INFO - Processing file /opt/airflow/dags/kpi_hourly_dag.py for tasks to queue
[2026-08-21T04:33:05.959+0000] {logging_mixin.py:188} INFO - [2026-08-21T04:33:05.959+0000] {dagbag.py:545} INFO - Filling up the DagBag from /opt/airflow/dags/kpi_hourly_dag.py
[2026-08-21T04:33:06.079+0000] {processor.py:840} INFO - DAG(s) 'cell_kpi_spatial_analytics_pipeline' retrieved from /opt/airflow/dags/kpi_hourly_dag.py
[2026-08-21T04:33:06.123+0000] {logging_mixin.py:188} INFO - [2026-08-21T04:33:06.122+0000] {dag.py:3096} INFO - Sync 1 DAGs
[2026-08-21T04:33:06.152+0000] {logging_mixin.py:188} INFO - [2026-08-21T04:33:06.152+0000] {dag.py:3954} INFO - Setting next_dagrun for cell_kpi_spatial_analytics_pipeline to None, run_after=None
[2026-08-21T04:33:06.180+0000] {processor.py:183} INFO - Processing /opt/airflow/dags/kpi_hourly_dag.py took 0.246 seconds
[2026-08-21T04:33:36.429+0000] {processor.py:161} INFO - Started process (PID=7026) to work on /opt/airflow/dags/kpi_hourly_dag.py
[2026-08-21T04:33:36.430+0000] {processor.py:830} INFO - Processing file /opt/airflow/dags/kpi_hourly_dag.py for tasks to queue
[2026-08-21T04:33:36.432+0000] {logging_mixin.py:188} INFO - [2026-08-21T04:33:36.432+0000] {dagbag.py:545} INFO - Filling up the DagBag from /opt/airflow/dags/kpi_hourly_dag.py
[2026-08-21T04:33:36.544+0000] {processor.py:840} INFO - DAG(s) 'cell_kpi_spatial_analytics_pipeline' retrieved from /opt/airflow/dags/kpi_hourly_dag.py
[2026-08-21T04:33:36.638+0000] {logging_mixin.py:188} INFO - [2026-08-21T04:33:36.638+0000] {dag.py:3096} INFO - Sync 1 DAGs
[2026-08-21T04:33:36.779+0000] {logging_mixin.py:188} INFO - [2026-08-21T04:33:36.779+0000] {dag.py:3954} INFO - Setting next_dagrun for cell_kpi_spatial_analytics_pipeline to None, run_after=None
[2026-08-21T04:33:36.856+0000] {processor.py:183} INFO - Processing /opt/airflow/dags/kpi_hourly_dag.py took 0.449 seconds
[2026-08-21T04:34:07.674+0000] {processor.py:161} INFO - Started process (PID=7180) to work on /opt/airflow/dags/kpi_hourly_dag.py
[2026-08-21T04:34:07.678+0000] {processor.py:830} INFO - Processing file /opt/airflow/dags/kpi_hourly_dag.py for tasks to queue
[2026-08-21T04:34:07.683+0000] {logging_mixin.py:188} INFO - [2026-08-21T04:34:07.683+0000] {dagbag.py:545} INFO - Filling up the DagBag from /opt/airflow/dags/kpi_hourly_dag.py
[2026-08-21T04:34:07.848+0000] {processor.py:840} INFO - DAG(s) 'cell_kpi_spatial_analytics_pipeline' retrieved from /opt/airflow/dags/kpi_hourly_dag.py
[2026-08-21T04:34:07.867+0000] {logging_mixin.py:188} INFO - [2026-08-21T04:34:07.866+0000] {dag.py:3096} INFO - Sync 1 DAGs
[2026-08-21T04:34:07.921+0000] {logging_mixin.py:188} INFO - [2026-08-21T04:34:07.921+0000] {dag.py:3954} INFO - Setting next_dagrun for cell_kpi_spatial_analytics_pipeline to None, run_after=None
[2026-08-21T04:34:08.004+0000] {processor.py:183} INFO - Processing /opt/airflow/dags/kpi_hourly_dag.py took 0.349 seconds
[2026-08-21T04:34:38.185+0000] {processor.py:161} INFO - Started process (PID=7405) to work on /opt/airflow/dags/kpi_hourly_dag.py
[2026-08-21T04:34:38.189+0000] {processor.py:830} INFO - Processing file /opt/airflow/dags/kpi_hourly_dag.py for tasks to queue
[2026-08-21T04:34:38.192+0000] {logging_mixin.py:188} INFO - [2026-08-21T04:34:38.191+0000] {dagbag.py:545} INFO - Filling up the DagBag from /opt/airflow/dags/kpi_hourly_dag.py
[2026-08-21T04:34:38.298+0000] {processor.py:840} INFO - DAG(s) 'cell_kpi_spatial_analytics_pipeline' retrieved from /opt/airflow/dags/kpi_hourly_dag.py
[2026-08-21T04:34:38.324+0000] {logging_mixin.py:188} INFO - [2026-08-21T04:34:38.324+0000] {dag.py:3096} INFO - Sync 1 DAGs
[2026-08-21T04:34:38.348+0000] {logging_mixin.py:188} INFO - [2026-08-21T04:34:38.347+0000] {dag.py:3954} INFO - Setting next_dagrun for cell_kpi_spatial_analytics_pipeline to None, run_after=None
[2026-08-21T04:34:38.377+0000] {processor.py:183} INFO - Processing /opt/airflow/dags/kpi_hourly_dag.py took 0.207 seconds
[2026-08-21T04:35:08.640+0000] {processor.py:161} INFO - Started process (PID=7598) to work on /opt/airflow/dags/kpi_hourly_dag.py
[2026-08-21T04:35:08.644+0000] {processor.py:830} INFO - Processing file /opt/airflow/dags/kpi_hourly_dag.py for tasks to queue
[2026-08-21T04:35:08.646+0000] {logging_mixin.py:188} INFO - [2026-08-21T04:35:08.646+0000] {dagbag.py:545} INFO - Filling up the DagBag from /opt/airflow/dags/kpi_hourly_dag.py
[2026-08-21T04:35:08.752+0000] {processor.py:840} INFO - DAG(s) 'cell_kpi_spatial_analytics_pipeline' retrieved from /opt/airflow/dags/kpi_hourly_dag.py
[2026-08-21T04:35:08.768+0000] {logging_mixin.py:188} INFO - [2026-08-21T04:35:08.768+0000] {dag.py:3096} INFO - Sync 1 DAGs
[2026-08-21T04:35:08.795+0000] {logging_mixin.py:188} INFO - [2026-08-21T04:35:08.795+0000] {dag.py:3954} INFO - Setting next_dagrun for cell_kpi_spatial_analytics_pipeline to None, run_after=None
[2026-08-21T04:35:08.816+0000] {processor.py:183} INFO - Processing /opt/airflow/dags/kpi_hourly_dag.py took 0.193 seconds
[2026-08-21T04:35:39.192+0000] {processor.py:161} INFO - Started process (PID=7785) to work on /opt/airflow/dags/kpi_hourly_dag.py
[2026-08-21T04:35:39.193+0000] {processor.py:830} INFO - Processing file /opt/airflow/dags/kpi_hourly_dag.py for tasks to queue
[2026-08-21T04:35:39.194+0000] {logging_mixin.py:188} INFO - [2026-08-21T04:35:39.194+0000] {dagbag.py:545} INFO - Filling up the DagBag from /opt/airflow/dags/kpi_hourly_dag.py
[2026-08-21T04:35:39.268+0000] {processor.py:840} INFO - DAG(s) 'cell_kpi_spatial_analytics_pipeline' retrieved from /opt/airflow/dags/kpi_hourly_dag.py
[2026-08-21T04:35:39.290+0000] {logging_mixin.py:188} INFO - [2026-08-21T04:35:39.290+0000] {dag.py:3096} INFO - Sync 1 DAGs
[2026-08-21T04:35:39.320+0000] {logging_mixin.py:188} INFO - [2026-08-21T04:35:39.319+0000] {dag.py:3954} INFO - Setting next_dagrun for cell_kpi_spatial_analytics_pipeline to None, run_after=None
[2026-08-21T04:35:39.342+0000] {processor.py:183} INFO - Processing /opt/airflow/dags/kpi_hourly_dag.py took 0.159 seconds
[2026-08-21T04:36:09.746+0000] {processor.py:161} INFO - Started process (PID=8123) to work on /opt/airflow/dags/kpi_hourly_dag.py
[2026-08-21T04:36:09.747+0000] {processor.py:830} INFO - Processing file /opt/airflow/dags/kpi_hourly_dag.py for tasks to queue
[2026-08-21T04:36:09.758+0000] {logging_mixin.py:188} INFO - [2026-08-21T04:36:09.754+0000] {dagbag.py:545} INFO - Filling up the DagBag from /opt/airflow/dags/kpi_hourly_dag.py
[2026-08-21T04:36:09.925+0000] {processor.py:840} INFO - DAG(s) 'cell_kpi_spatial_analytics_pipeline' retrieved from /opt/airflow/dags/kpi_hourly_dag.py
[2026-08-21T04:36:09.945+0000] {logging_mixin.py:188} INFO - [2026-08-21T04:36:09.945+0000] {dag.py:3096} INFO - Sync 1 DAGs
[2026-08-21T04:36:09.978+0000] {logging_mixin.py:188} INFO - [2026-08-21T04:36:09.978+0000] {dag.py:3954} INFO - Setting next_dagrun for cell_kpi_spatial_analytics_pipeline to None, run_after=None
[2026-08-21T04:36:10.010+0000] {processor.py:183} INFO - Processing /opt/airflow/dags/kpi_hourly_dag.py took 0.326 seconds
[2026-08-21T04:36:41.019+0000] {processor.py:161} INFO - Started process (PID=8287) to work on /opt/airflow/dags/kpi_hourly_dag.py
[2026-08-21T04:36:41.028+0000] {processor.py:830} INFO - Processing file /opt/airflow/dags/kpi_hourly_dag.py for tasks to queue
[2026-08-21T04:36:41.030+0000] {logging_mixin.py:188} INFO - [2026-08-21T04:36:41.029+0000] {dagbag.py:545} INFO - Filling up the DagBag from /opt/airflow/dags/kpi_hourly_dag.py
[2026-08-21T04:36:41.300+0000] {processor.py:840} INFO - DAG(s) 'cell_kpi_spatial_analytics_pipeline' retrieved from /opt/airflow/dags/kpi_hourly_dag.py
[2026-08-21T04:36:41.353+0000] {logging_mixin.py:188} INFO - [2026-08-21T04:36:41.353+0000] {dag.py:3096} INFO - Sync 1 DAGs
[2026-08-21T04:36:41.407+0000] {logging_mixin.py:188} INFO - [2026-08-21T04:36:41.407+0000] {dag.py:3954} INFO - Setting next_dagrun for cell_kpi_spatial_analytics_pipeline to None, run_after=None
[2026-08-21T04:36:41.438+0000] {processor.py:183} INFO - Processing /opt/airflow/dags/kpi_hourly_dag.py took 0.472 seconds
[2026-08-21T04:37:12.264+0000] {processor.py:161} INFO - Started process (PID=8357) to work on /opt/airflow/dags/kpi_hourly_dag.py
[2026-08-21T04:37:12.265+0000] {processor.py:830} INFO - Processing file /opt/airflow/dags/kpi_hourly_dag.py for tasks to queue
[2026-08-21T04:37:12.267+0000] {logging_mixin.py:188} INFO - [2026-08-21T04:37:12.266+0000] {dagbag.py:545} INFO - Filling up the DagBag from /opt/airflow/dags/kpi_hourly_dag.py
[2026-08-21T04:37:12.330+0000] {processor.py:840} INFO - DAG(s) 'cell_kpi_spatial_analytics_pipeline' retrieved from /opt/airflow/dags/kpi_hourly_dag.py
[2026-08-21T04:37:12.346+0000] {logging_mixin.py:188} INFO - [2026-08-21T04:37:12.345+0000] {dag.py:3096} INFO - Sync 1 DAGs
[2026-08-21T04:37:12.371+0000] {logging_mixin.py:188} INFO - [2026-08-21T04:37:12.371+0000] {dag.py:3954} INFO - Setting next_dagrun for cell_kpi_spatial_analytics_pipeline to None, run_after=None
[2026-08-21T04:37:12.394+0000] {processor.py:183} INFO - Processing /opt/airflow/dags/kpi_hourly_dag.py took 0.141 seconds
[2026-08-21T04:37:42.641+0000] {processor.py:161} INFO - Started process (PID=8513) to work on /opt/airflow/dags/kpi_hourly_dag.py
[2026-08-21T04:37:42.642+0000] {processor.py:830} INFO - Processing file /opt/airflow/dags/kpi_hourly_dag.py for tasks to queue
[2026-08-21T04:37:42.644+0000] {logging_mixin.py:188} INFO - [2026-08-21T04:37:42.644+0000] {dagbag.py:545} INFO - Filling up the DagBag from /opt/airflow/dags/kpi_hourly_dag.py
[2026-08-21T04:37:42.720+0000] {processor.py:840} INFO - DAG(s) 'cell_kpi_spatial_analytics_pipeline' retrieved from /opt/airflow/dags/kpi_hourly_dag.py
[2026-08-21T04:37:42.742+0000] {logging_mixin.py:188} INFO - [2026-08-21T04:37:42.742+0000] {dag.py:3096} INFO - Sync 1 DAGs
[2026-08-21T04:37:42.826+0000] {logging_mixin.py:188} INFO - [2026-08-21T04:37:42.815+0000] {dag.py:3954} INFO - Setting next_dagrun for cell_kpi_spatial_analytics_pipeline to None, run_after=None
[2026-08-21T04:37:42.872+0000] {processor.py:183} INFO - Processing /opt/airflow/dags/kpi_hourly_dag.py took 0.243 seconds
[2026-08-21T04:38:13.049+0000] {processor.py:161} INFO - Started process (PID=8552) to work on /opt/airflow/dags/kpi_hourly_dag.py
[2026-08-21T04:38:13.050+0000] {processor.py:830} INFO - Processing file /opt/airflow/dags/kpi_hourly_dag.py for tasks to queue
[2026-08-21T04:38:13.051+0000] {logging_mixin.py:188} INFO - [2026-08-21T04:38:13.051+0000] {dagbag.py:545} INFO - Filling up the DagBag from /opt/airflow/dags/kpi_hourly_dag.py
[2026-08-21T04:38:13.096+0000] {processor.py:840} INFO - DAG(s) 'cell_kpi_spatial_analytics_pipeline' retrieved from /opt/airflow/dags/kpi_hourly_dag.py
[2026-08-21T04:38:13.107+0000] {logging_mixin.py:188} INFO - [2026-08-21T04:38:13.106+0000] {dag.py:3096} INFO - Sync 1 DAGs
[2026-08-21T04:38:13.123+0000] {logging_mixin.py:188} INFO - [2026-08-21T04:38:13.123+0000] {dag.py:3954} INFO - Setting next_dagrun for cell_kpi_spatial_analytics_pipeline to None, run_after=None
[2026-08-21T04:38:13.136+0000] {processor.py:183} INFO - Processing /opt/airflow/dags/kpi_hourly_dag.py took 0.093 seconds
[2026-08-21T04:38:43.263+0000] {processor.py:161} INFO - Started process (PID=8562) to work on /opt/airflow/dags/kpi_hourly_dag.py
[2026-08-21T04:38:43.264+0000] {processor.py:830} INFO - Processing file /opt/airflow/dags/kpi_hourly_dag.py for tasks to queue
[2026-08-21T04:38:43.265+0000] {logging_mixin.py:188} INFO - [2026-08-21T04:38:43.265+0000] {dagbag.py:545} INFO - Filling up the DagBag from /opt/airflow/dags/kpi_hourly_dag.py
[2026-08-21T04:38:43.318+0000] {processor.py:840} INFO - DAG(s) 'cell_kpi_spatial_analytics_pipeline' retrieved from /opt/airflow/dags/kpi_hourly_dag.py
[2026-08-21T04:38:43.328+0000] {logging_mixin.py:188} INFO - [2026-08-21T04:38:43.328+0000] {dag.py:3096} INFO - Sync 1 DAGs
[2026-08-21T04:38:43.346+0000] {logging_mixin.py:188} INFO - [2026-08-21T04:38:43.345+0000] {dag.py:3954} INFO - Setting next_dagrun for cell_kpi_spatial_analytics_pipeline to None, run_after=None
[2026-08-21T04:38:43.359+0000] {processor.py:183} INFO - Processing /opt/airflow/dags/kpi_hourly_dag.py took 0.102 seconds
[2026-08-21T04:39:13.396+0000] {processor.py:161} INFO - Started process (PID=8572) to work on /opt/airflow/dags/kpi_hourly_dag.py
[2026-08-21T04:39:13.397+0000] {processor.py:830} INFO - Processing file /opt/airflow/dags/kpi_hourly_dag.py for tasks to queue
[2026-08-21T04:39:13.398+0000] {logging_mixin.py:188} INFO - [2026-08-21T04:39:13.398+0000] {dagbag.py:545} INFO - Filling up the DagBag from /opt/airflow/dags/kpi_hourly_dag.py
[2026-08-21T04:39:13.443+0000] {processor.py:840} INFO - DAG(s) 'cell_kpi_spatial_analytics_pipeline' retrieved from /opt/airflow/dags/kpi_hourly_dag.py
[2026-08-21T04:39:13.453+0000] {logging_mixin.py:188} INFO - [2026-08-21T04:39:13.453+0000] {dag.py:3096} INFO - Sync 1 DAGs
[2026-08-21T04:39:13.471+0000] {logging_mixin.py:188} INFO - [2026-08-21T04:39:13.470+0000] {dag.py:3954} INFO - Setting next_dagrun for cell_kpi_spatial_analytics_pipeline to None, run_after=None
[2026-08-21T04:39:13.483+0000] {processor.py:183} INFO - Processing /opt/airflow/dags/kpi_hourly_dag.py took 0.092 seconds
[2026-08-21T04:39:43.611+0000] {processor.py:161} INFO - Started process (PID=8582) to work on /opt/airflow/dags/kpi_hourly_dag.py
[2026-08-21T04:39:43.612+0000] {processor.py:830} INFO - Processing file /opt/airflow/dags/kpi_hourly_dag.py for tasks to queue
[2026-08-21T04:39:43.613+0000] {logging_mixin.py:188} INFO - [2026-08-21T04:39:43.613+0000] {dagbag.py:545} INFO - Filling up the DagBag from /opt/airflow/dags/kpi_hourly_dag.py
[2026-08-21T04:39:43.656+0000] {processor.py:840} INFO - DAG(s) 'cell_kpi_spatial_analytics_pipeline' retrieved from /opt/airflow/dags/kpi_hourly_dag.py
[2026-08-21T04:39:43.666+0000] {logging_mixin.py:188} INFO - [2026-08-21T04:39:43.666+0000] {dag.py:3096} INFO - Sync 1 DAGs
[2026-08-21T04:39:43.683+0000] {logging_mixin.py:188} INFO - [2026-08-21T04:39:43.683+0000] {dag.py:3954} INFO - Setting next_dagrun for cell_kpi_spatial_analytics_pipeline to None, run_after=None
[2026-08-21T04:39:43.698+0000] {processor.py:183} INFO - Processing /opt/airflow/dags/kpi_hourly_dag.py took 0.093 seconds
[2026-08-21T04:40:13.744+0000] {processor.py:161} INFO - Started process (PID=8592) to work on /opt/airflow/dags/kpi_hourly_dag.py
[2026-08-21T04:40:13.745+0000] {processor.py:830} INFO - Processing file /opt/airflow/dags/kpi_hourly_dag.py for tasks to queue
[2026-08-21T04:40:13.746+0000] {logging_mixin.py:188} INFO - [2026-08-21T04:40:13.746+0000] {dagbag.py:545} INFO - Filling up the DagBag from /opt/airflow/dags/kpi_hourly_dag.py
[2026-08-21T04:40:13.791+0000] {processor.py:840} INFO - DAG(s) 'cell_kpi_spatial_analytics_pipeline' retrieved from /opt/airflow/dags/kpi_hourly_dag.py
[2026-08-21T04:40:13.801+0000] {logging_mixin.py:188} INFO - [2026-08-21T04:40:13.801+0000] {dag.py:3096} INFO - Sync 1 DAGs
[2026-08-21T04:40:13.818+0000] {logging_mixin.py:188} INFO - [2026-08-21T04:40:13.818+0000] {dag.py:3954} INFO - Setting next_dagrun for cell_kpi_spatial_analytics_pipeline to None, run_after=None
[2026-08-21T04:40:13.832+0000] {processor.py:183} INFO - Processing /opt/airflow/dags/kpi_hourly_dag.py took 0.093 seconds
[2026-08-21T04:40:43.956+0000] {processor.py:161} INFO - Started process (PID=8602) to work on /opt/airflow/dags/kpi_hourly_dag.py
[2026-08-21T04:40:43.956+0000] {processor.py:830} INFO - Processing file /opt/airflow/dags/kpi_hourly_dag.py for tasks to queue
[2026-08-21T04:40:43.958+0000] {logging_mixin.py:188} INFO - [2026-08-21T04:40:43.957+0000] {dagbag.py:545} INFO - Filling up the DagBag from /opt/airflow/dags/kpi_hourly_dag.py
[2026-08-21T04:40:44.000+0000] {processor.py:840} INFO - DAG(s) 'cell_kpi_spatial_analytics_pipeline' retrieved from /opt/airflow/dags/kpi_hourly_dag.py
[2026-08-21T04:40:44.010+0000] {logging_mixin.py:188} INFO - [2026-08-21T04:40:44.010+0000] {dag.py:3096} INFO - Sync 1 DAGs
[2026-08-21T04:40:44.027+0000] {logging_mixin.py:188} INFO - [2026-08-21T04:40:44.027+0000] {dag.py:3954} INFO - Setting next_dagrun for cell_kpi_spatial_analytics_pipeline to None, run_after=None
[2026-08-21T04:40:44.039+0000] {processor.py:183} INFO - Processing /opt/airflow/dags/kpi_hourly_dag.py took 0.090 seconds
[2026-08-21T04:41:14.085+0000] {processor.py:161} INFO - Started process (PID=8612) to work on /opt/airflow/dags/kpi_hourly_dag.py
[2026-08-21T04:41:14.086+0000] {processor.py:830} INFO - Processing file /opt/airflow/dags/kpi_hourly_dag.py for tasks to queue
[2026-08-21T04:41:14.087+0000] {logging_mixin.py:188} INFO - [2026-08-21T04:41:14.087+0000] {dagbag.py:545} INFO - Filling up the DagBag from /opt/airflow/dags/kpi_hourly_dag.py
[2026-08-21T04:41:14.131+0000] {processor.py:840} INFO - DAG(s) 'cell_kpi_spatial_analytics_pipeline' retrieved from /opt/airflow/dags/kpi_hourly_dag.py
[2026-08-21T04:41:14.141+0000] {logging_mixin.py:188} INFO - [2026-08-21T04:41:14.141+0000] {dag.py:3096} INFO - Sync 1 DAGs
[2026-08-21T04:41:14.158+0000] {logging_mixin.py:188} INFO - [2026-08-21T04:41:14.158+0000] {dag.py:3954} INFO - Setting next_dagrun for cell_kpi_spatial_analytics_pipeline to None, run_after=None
[2026-08-21T04:41:14.170+0000] {processor.py:183} INFO - Processing /opt/airflow/dags/kpi_hourly_dag.py took 0.091 seconds
[2026-08-21T04:41:44.292+0000] {processor.py:161} INFO - Started process (PID=8622) to work on /opt/airflow/dags/kpi_hourly_dag.py
[2026-08-21T04:41:44.293+0000] {processor.py:830} INFO - Processing file /opt/airflow/dags/kpi_hourly_dag.py for tasks to queue
[2026-08-21T04:41:44.294+0000] {logging_mixin.py:188} INFO - [2026-08-21T04:41:44.294+0000] {dagbag.py:545} INFO - Filling up the DagBag from /opt/airflow/dags/kpi_hourly_dag.py
[2026-08-21T04:41:44.337+0000] {processor.py:840} INFO - DAG(s) 'cell_kpi_spatial_analytics_pipeline' retrieved from /opt/airflow/dags/kpi_hourly_dag.py
[2026-08-21T04:41:44.351+0000] {logging_mixin.py:188} INFO - [2026-08-21T04:41:44.350+0000] {dag.py:3096} INFO - Sync 1 DAGs
[2026-08-21T04:41:44.377+0000] {logging_mixin.py:188} INFO - [2026-08-21T04:41:44.376+0000] {dag.py:3954} INFO - Setting next_dagrun for cell_kpi_spatial_analytics_pipeline to None, run_after=None
[2026-08-21T04:41:44.391+0000] {processor.py:183} INFO - Processing /opt/airflow/dags/kpi_hourly_dag.py took 0.105 seconds
[2026-08-21T04:42:14.420+0000] {processor.py:161} INFO - Started process (PID=8632) to work on /opt/airflow/dags/kpi_hourly_dag.py
[2026-08-21T04:42:14.421+0000] {processor.py:830} INFO - Processing file /opt/airflow/dags/kpi_hourly_dag.py for tasks to queue
[2026-08-21T04:42:14.422+0000] {logging_mixin.py:188} INFO - [2026-08-21T04:42:14.422+0000] {dagbag.py:545} INFO - Filling up the DagBag from /opt/airflow/dags/kpi_hourly_dag.py
[2026-08-21T04:42:14.465+0000] {processor.py:840} INFO - DAG(s) 'cell_kpi_spatial_analytics_pipeline' retrieved from /opt/airflow/dags/kpi_hourly_dag.py
[2026-08-21T04:42:14.475+0000] {logging_mixin.py:188} INFO - [2026-08-21T04:42:14.475+0000] {dag.py:3096} INFO - Sync 1 DAGs
[2026-08-21T04:42:14.491+0000] {logging_mixin.py:188} INFO - [2026-08-21T04:42:14.491+0000] {dag.py:3954} INFO - Setting next_dagrun for cell_kpi_spatial_analytics_pipeline to None, run_after=None
[2026-08-21T04:42:14.504+0000] {processor.py:183} INFO - Processing /opt/airflow/dags/kpi_hourly_dag.py took 0.090 seconds
[2026-08-21T04:42:44.633+0000] {processor.py:161} INFO - Started process (PID=8642) to work on /opt/airflow/dags/kpi_hourly_dag.py
[2026-08-21T04:42:44.634+0000] {processor.py:830} INFO - Processing file /opt/airflow/dags/kpi_hourly_dag.py for tasks to queue
[2026-08-21T04:42:44.635+0000] {logging_mixin.py:188} INFO - [2026-08-21T04:42:44.635+0000] {dagbag.py:545} INFO - Filling up the DagBag from /opt/airflow/dags/kpi_hourly_dag.py
[2026-08-21T04:42:44.677+0000] {processor.py:840} INFO - DAG(s) 'cell_kpi_spatial_analytics_pipeline' retrieved from /opt/airflow/dags/kpi_hourly_dag.py
[2026-08-21T04:42:44.687+0000] {logging_mixin.py:188} INFO - [2026-08-21T04:42:44.687+0000] {dag.py:3096} INFO - Sync 1 DAGs
[2026-08-21T04:42:44.704+0000] {logging_mixin.py:188} INFO - [2026-08-21T04:42:44.703+0000] {dag.py:3954} INFO - Setting next_dagrun for cell_kpi_spatial_analytics_pipeline to None, run_after=None
[2026-08-21T04:42:44.717+0000] {processor.py:183} INFO - Processing /opt/airflow/dags/kpi_hourly_dag.py took 0.089 seconds
[2026-08-21T04:43:14.837+0000] {processor.py:161} INFO - Started process (PID=8652) to work on /opt/airflow/dags/kpi_hourly_dag.py
[2026-08-21T04:43:14.838+0000] {processor.py:830} INFO - Processing file /opt/airflow/dags/kpi_hourly_dag.py for tasks to queue
[2026-08-21T04:43:14.839+0000] {logging_mixin.py:188} INFO - [2026-08-21T04:43:14.839+0000] {dagbag.py:545} INFO - Filling up the DagBag from /opt/airflow/dags/kpi_hourly_dag.py
[2026-08-21T04:43:14.887+0000] {processor.py:840} INFO - DAG(s) 'cell_kpi_spatial_analytics_pipeline' retrieved from /opt/airflow/dags/kpi_hourly_dag.py
[2026-08-21T04:43:14.899+0000] {logging_mixin.py:188} INFO - [2026-08-21T04:43:14.898+0000] {dag.py:3096} INFO - Sync 1 DAGs
[2026-08-21T04:43:14.916+0000] {logging_mixin.py:188} INFO - [2026-08-21T04:43:14.916+0000] {dag.py:3954} INFO - Setting next_dagrun for cell_kpi_spatial_analytics_pipeline to None, run_after=None
[2026-08-21T04:43:14.930+0000] {processor.py:183} INFO - Processing /opt/airflow/dags/kpi_hourly_dag.py took 0.098 seconds
[2026-08-21T04:43:44.960+0000] {processor.py:161} INFO - Started process (PID=8662) to work on /opt/airflow/dags/kpi_hourly_dag.py
[2026-08-21T04:43:44.961+0000] {processor.py:830} INFO - Processing file /opt/airflow/dags/kpi_hourly_dag.py for tasks to queue
[2026-08-21T04:43:44.963+0000] {logging_mixin.py:188} INFO - [2026-08-21T04:43:44.963+0000] {dagbag.py:545} INFO - Filling up the DagBag from /opt/airflow/dags/kpi_hourly_dag.py
[2026-08-21T04:43:45.013+0000] {processor.py:840} INFO - DAG(s) 'cell_kpi_spatial_analytics_pipeline' retrieved from /opt/airflow/dags/kpi_hourly_dag.py
[2026-08-21T04:43:45.023+0000] {logging_mixin.py:188} INFO - [2026-08-21T04:43:45.023+0000] {dag.py:3096} INFO - Sync 1 DAGs
[2026-08-21T04:43:45.041+0000] {logging_mixin.py:188} INFO - [2026-08-21T04:43:45.041+0000] {dag.py:3954} INFO - Setting next_dagrun for cell_kpi_spatial_analytics_pipeline to None, run_after=None
[2026-08-21T04:43:45.054+0000] {processor.py:183} INFO - Processing /opt/airflow/dags/kpi_hourly_dag.py took 0.100 seconds
[2026-08-21T04:44:15.181+0000] {processor.py:161} INFO - Started process (PID=8672) to work on /opt/airflow/dags/kpi_hourly_dag.py
[2026-08-21T04:44:15.182+0000] {processor.py:830} INFO - Processing file /opt/airflow/dags/kpi_hourly_dag.py for tasks to queue
[2026-08-21T04:44:15.183+0000] {logging_mixin.py:188} INFO - [2026-08-21T04:44:15.183+0000] {dagbag.py:545} INFO - Filling up the DagBag from /opt/airflow/dags/kpi_hourly_dag.py
[2026-08-21T04:44:15.226+0000] {processor.py:840} INFO - DAG(s) 'cell_kpi_spatial_analytics_pipeline' retrieved from /opt/airflow/dags/kpi_hourly_dag.py
[2026-08-21T04:44:15.236+0000] {logging_mixin.py:188} INFO - [2026-08-21T04:44:15.236+0000] {dag.py:3096} INFO - Sync 1 DAGs
[2026-08-21T04:44:15.252+0000] {logging_mixin.py:188} INFO - [2026-08-21T04:44:15.252+0000] {dag.py:3954} INFO - Setting next_dagrun for cell_kpi_spatial_analytics_pipeline to None, run_after=None
[2026-08-21T04:44:15.266+0000] {processor.py:183} INFO - Processing /opt/airflow/dags/kpi_hourly_dag.py took 0.090 seconds
[2026-08-21T04:44:45.382+0000] {processor.py:161} INFO - Started process (PID=8682) to work on /opt/airflow/dags/kpi_hourly_dag.py
[2026-08-21T04:44:45.383+0000] {processor.py:830} INFO - Processing file /opt/airflow/dags/kpi_hourly_dag.py for tasks to queue
[2026-08-21T04:44:45.384+0000] {logging_mixin.py:188} INFO - [2026-08-21T04:44:45.384+0000] {dagbag.py:545} INFO - Filling up the DagBag from /opt/airflow/dags/kpi_hourly_dag.py
[2026-08-21T04:44:45.429+0000] {processor.py:840} INFO - DAG(s) 'cell_kpi_spatial_analytics_pipeline' retrieved from /opt/airflow/dags/kpi_hourly_dag.py
[2026-08-21T04:44:45.439+0000] {logging_mixin.py:188} INFO - [2026-08-21T04:44:45.439+0000] {dag.py:3096} INFO - Sync 1 DAGs
[2026-08-21T04:44:45.455+0000] {logging_mixin.py:188} INFO - [2026-08-21T04:44:45.455+0000] {dag.py:3954} INFO - Setting next_dagrun for cell_kpi_spatial_analytics_pipeline to None, run_after=None
[2026-08-21T04:44:45.468+0000] {processor.py:183} INFO - Processing /opt/airflow/dags/kpi_hourly_dag.py took 0.091 seconds
[2026-08-21T04:45:15.509+0000] {processor.py:161} INFO - Started process (PID=8692) to work on /opt/airflow/dags/kpi_hourly_dag.py
[2026-08-21T04:45:15.510+0000] {processor.py:830} INFO - Processing file /opt/airflow/dags/kpi_hourly_dag.py for tasks to queue
[2026-08-21T04:45:15.511+0000] {logging_mixin.py:188} INFO - [2026-08-21T04:45:15.511+0000] {dagbag.py:545} INFO - Filling up the DagBag from /opt/airflow/dags/kpi_hourly_dag.py
[2026-08-21T04:45:15.555+0000] {processor.py:840} INFO - DAG(s) 'cell_kpi_spatial_analytics_pipeline' retrieved from /opt/airflow/dags/kpi_hourly_dag.py
[2026-08-21T04:45:15.565+0000] {logging_mixin.py:188} INFO - [2026-08-21T04:45:15.565+0000] {dag.py:3096} INFO - Sync 1 DAGs
[2026-08-21T04:45:15.582+0000] {logging_mixin.py:188} INFO - [2026-08-21T04:45:15.582+0000] {dag.py:3954} INFO - Setting next_dagrun for cell_kpi_spatial_analytics_pipeline to None, run_after=None
[2026-08-21T04:45:15.595+0000] {processor.py:183} INFO - Processing /opt/airflow/dags/kpi_hourly_dag.py took 0.092 seconds
[2026-08-21T04:45:45.725+0000] {processor.py:161} INFO - Started process (PID=8702) to work on /opt/airflow/dags/kpi_hourly_dag.py
[2026-08-21T04:45:45.726+0000] {processor.py:830} INFO - Processing file /opt/airflow/dags/kpi_hourly_dag.py for tasks to queue
[2026-08-21T04:45:45.727+0000] {logging_mixin.py:188} INFO - [2026-08-21T04:45:45.727+0000] {dagbag.py:545} INFO - Filling up the DagBag from /opt/airflow/dags/kpi_hourly_dag.py
[2026-08-21T04:45:45.771+0000] {processor.py:840} INFO - DAG(s) 'cell_kpi_spatial_analytics_pipeline' retrieved from /opt/airflow/dags/kpi_hourly_dag.py
[2026-08-21T04:45:45.782+0000] {logging_mixin.py:188} INFO - [2026-08-21T04:45:45.781+0000] {dag.py:3096} INFO - Sync 1 DAGs
[2026-08-21T04:45:45.799+0000] {logging_mixin.py:188} INFO - [2026-08-21T04:45:45.799+0000] {dag.py:3954} INFO - Setting next_dagrun for cell_kpi_spatial_analytics_pipeline to None, run_after=None
[2026-08-21T04:45:45.811+0000] {processor.py:183} INFO - Processing /opt/airflow/dags/kpi_hourly_dag.py took 0.093 seconds
[2026-08-21T04:46:15.851+0000] {processor.py:161} INFO - Started process (PID=8712) to work on /opt/airflow/dags/kpi_hourly_dag.py
[2026-08-21T04:46:15.852+0000] {processor.py:830} INFO - Processing file /opt/airflow/dags/kpi_hourly_dag.py for tasks to queue
[2026-08-21T04:46:15.853+0000] {logging_mixin.py:188} INFO - [2026-08-21T04:46:15.853+0000] {dagbag.py:545} INFO - Filling up the DagBag from /opt/airflow/dags/kpi_hourly_dag.py
[2026-08-21T04:46:15.899+0000] {processor.py:840} INFO - DAG(s) 'cell_kpi_spatial_analytics_pipeline' retrieved from /opt/airflow/dags/kpi_hourly_dag.py
[2026-08-21T04:46:15.909+0000] {logging_mixin.py:188} INFO - [2026-08-21T04:46:15.909+0000] {dag.py:3096} INFO - Sync 1 DAGs
[2026-08-21T04:46:15.926+0000] {logging_mixin.py:188} INFO - [2026-08-21T04:46:15.926+0000] {dag.py:3954} INFO - Setting next_dagrun for cell_kpi_spatial_analytics_pipeline to None, run_after=None
[2026-08-21T04:46:15.940+0000] {processor.py:183} INFO - Processing /opt/airflow/dags/kpi_hourly_dag.py took 0.094 seconds
[2026-08-21T04:46:46.064+0000] {processor.py:161} INFO - Started process (PID=8722) to work on /opt/airflow/dags/kpi_hourly_dag.py
[2026-08-21T04:46:46.065+0000] {processor.py:830} INFO - Processing file /opt/airflow/dags/kpi_hourly_dag.py for tasks to queue
[2026-08-21T04:46:46.066+0000] {logging_mixin.py:188} INFO - [2026-08-21T04:46:46.066+0000] {dagbag.py:545} INFO - Filling up the DagBag from /opt/airflow/dags/kpi_hourly_dag.py
[2026-08-21T04:46:46.121+0000] {processor.py:840} INFO - DAG(s) 'cell_kpi_spatial_analytics_pipeline' retrieved from /opt/airflow/dags/kpi_hourly_dag.py
[2026-08-21T04:46:46.137+0000] {logging_mixin.py:188} INFO - [2026-08-21T04:46:46.136+0000] {dag.py:3096} INFO - Sync 1 DAGs
[2026-08-21T04:46:46.158+0000] {logging_mixin.py:188} INFO - [2026-08-21T04:46:46.158+0000] {dag.py:3954} INFO - Setting next_dagrun for cell_kpi_spatial_analytics_pipeline to None, run_after=None
[2026-08-21T04:46:46.172+0000] {processor.py:183} INFO - Processing /opt/airflow/dags/kpi_hourly_dag.py took 0.113 seconds
[2026-08-21T04:47:16.246+0000] {processor.py:161} INFO - Started process (PID=8732) to work on /opt/airflow/dags/kpi_hourly_dag.py
[2026-08-21T04:47:16.247+0000] {processor.py:830} INFO - Processing file /opt/airflow/dags/kpi_hourly_dag.py for tasks to queue
[2026-08-21T04:47:16.248+0000] {logging_mixin.py:188} INFO - [2026-08-21T04:47:16.248+0000] {dagbag.py:545} INFO - Filling up the DagBag from /opt/airflow/dags/kpi_hourly_dag.py
[2026-08-21T04:47:16.294+0000] {processor.py:840} INFO - DAG(s) 'cell_kpi_spatial_analytics_pipeline' retrieved from /opt/airflow/dags/kpi_hourly_dag.py
[2026-08-21T04:47:16.305+0000] {logging_mixin.py:188} INFO - [2026-08-21T04:47:16.305+0000] {dag.py:3096} INFO - Sync 1 DAGs
[2026-08-21T04:47:16.324+0000] {logging_mixin.py:188} INFO - [2026-08-21T04:47:16.324+0000] {dag.py:3954} INFO - Setting next_dagrun for cell_kpi_spatial_analytics_pipeline to None, run_after=None
[2026-08-21T04:47:16.337+0000] {processor.py:183} INFO - Processing /opt/airflow/dags/kpi_hourly_dag.py took 0.097 seconds
[2026-08-21T04:47:46.365+0000] {processor.py:161} INFO - Started process (PID=8742) to work on /opt/airflow/dags/kpi_hourly_dag.py
[2026-08-21T04:47:46.366+0000] {processor.py:830} INFO - Processing file /opt/airflow/dags/kpi_hourly_dag.py for tasks to queue
[2026-08-21T04:47:46.367+0000] {logging_mixin.py:188} INFO - [2026-08-21T04:47:46.367+0000] {dagbag.py:545} INFO - Filling up the DagBag from /opt/airflow/dags/kpi_hourly_dag.py
[2026-08-21T04:47:46.413+0000] {processor.py:840} INFO - DAG(s) 'cell_kpi_spatial_analytics_pipeline' retrieved from /opt/airflow/dags/kpi_hourly_dag.py
[2026-08-21T04:47:46.426+0000] {logging_mixin.py:188} INFO - [2026-08-21T04:47:46.426+0000] {dag.py:3096} INFO - Sync 1 DAGs
[2026-08-21T04:47:46.444+0000] {logging_mixin.py:188} INFO - [2026-08-21T04:47:46.444+0000] {dag.py:3954} INFO - Setting next_dagrun for cell_kpi_spatial_analytics_pipeline to None, run_after=None
[2026-08-21T04:47:46.457+0000] {processor.py:183} INFO - Processing /opt/airflow/dags/kpi_hourly_dag.py took 0.098 seconds
[2026-08-21T04:48:16.583+0000] {processor.py:161} INFO - Started process (PID=8752) to work on /opt/airflow/dags/kpi_hourly_dag.py
[2026-08-21T04:48:16.584+0000] {processor.py:830} INFO - Processing file /opt/airflow/dags/kpi_hourly_dag.py for tasks to queue
[2026-08-21T04:48:16.585+0000] {logging_mixin.py:188} INFO - [2026-08-21T04:48:16.585+0000] {dagbag.py:545} INFO - Filling up the DagBag from /opt/airflow/dags/kpi_hourly_dag.py
[2026-08-21T04:48:16.627+0000] {processor.py:840} INFO - DAG(s) 'cell_kpi_spatial_analytics_pipeline' retrieved from /opt/airflow/dags/kpi_hourly_dag.py
[2026-08-21T04:48:16.638+0000] {logging_mixin.py:188} INFO - [2026-08-21T04:48:16.637+0000] {dag.py:3096} INFO - Sync 1 DAGs
[2026-08-21T04:48:16.654+0000] {logging_mixin.py:188} INFO - [2026-08-21T04:48:16.654+0000] {dag.py:3954} INFO - Setting next_dagrun for cell_kpi_spatial_analytics_pipeline to None, run_after=None
[2026-08-21T04:48:16.666+0000] {processor.py:183} INFO - Processing /opt/airflow/dags/kpi_hourly_dag.py took 0.089 seconds
[2026-08-21T04:48:46.710+0000] {processor.py:161} INFO - Started process (PID=8762) to work on /opt/airflow/dags/kpi_hourly_dag.py
[2026-08-21T04:48:46.711+0000] {processor.py:830} INFO - Processing file /opt/airflow/dags/kpi_hourly_dag.py for tasks to queue
[2026-08-21T04:48:46.712+0000] {logging_mixin.py:188} INFO - [2026-08-21T04:48:46.712+0000] {dagbag.py:545} INFO - Filling up the DagBag from /opt/airflow/dags/kpi_hourly_dag.py
[2026-08-21T04:48:46.757+0000] {processor.py:840} INFO - DAG(s) 'cell_kpi_spatial_analytics_pipeline' retrieved from /opt/airflow/dags/kpi_hourly_dag.py
[2026-08-21T04:48:46.767+0000] {logging_mixin.py:188} INFO - [2026-08-21T04:48:46.766+0000] {dag.py:3096} INFO - Sync 1 DAGs
[2026-08-21T04:48:46.783+0000] {logging_mixin.py:188} INFO - [2026-08-21T04:48:46.783+0000] {dag.py:3954} INFO - Setting next_dagrun for cell_kpi_spatial_analytics_pipeline to None, run_after=None
[2026-08-21T04:48:46.797+0000] {processor.py:183} INFO - Processing /opt/airflow/dags/kpi_hourly_dag.py took 0.092 seconds
[2026-08-21T04:49:16.922+0000] {processor.py:161} INFO - Started process (PID=8772) to work on /opt/airflow/dags/kpi_hourly_dag.py
[2026-08-21T04:49:16.923+0000] {processor.py:830} INFO - Processing file /opt/airflow/dags/kpi_hourly_dag.py for tasks to queue
[2026-08-21T04:49:16.924+0000] {logging_mixin.py:188} INFO - [2026-08-21T04:49:16.924+0000] {dagbag.py:545} INFO - Filling up the DagBag from /opt/airflow/dags/kpi_hourly_dag.py
[2026-08-21T04:49:16.967+0000] {processor.py:840} INFO - DAG(s) 'cell_kpi_spatial_analytics_pipeline' retrieved from /opt/airflow/dags/kpi_hourly_dag.py
[2026-08-21T04:49:16.977+0000] {logging_mixin.py:188} INFO - [2026-08-21T04:49:16.977+0000] {dag.py:3096} INFO - Sync 1 DAGs
[2026-08-21T04:49:16.994+0000] {logging_mixin.py:188} INFO - [2026-08-21T04:49:16.994+0000] {dag.py:3954} INFO - Setting next_dagrun for cell_kpi_spatial_analytics_pipeline to None, run_after=None
[2026-08-21T04:49:17.011+0000] {processor.py:183} INFO - Processing /opt/airflow/dags/kpi_hourly_dag.py took 0.094 seconds
[2026-08-21T04:49:47.056+0000] {processor.py:161} INFO - Started process (PID=8782) to work on /opt/airflow/dags/kpi_hourly_dag.py
[2026-08-21T04:49:47.057+0000] {processor.py:830} INFO - Processing file /opt/airflow/dags/kpi_hourly_dag.py for tasks to queue
[2026-08-21T04:49:47.058+0000] {logging_mixin.py:188} INFO - [2026-08-21T04:49:47.058+0000] {dagbag.py:545} INFO - Filling up the DagBag from /opt/airflow/dags/kpi_hourly_dag.py
[2026-08-21T04:49:47.101+0000] {processor.py:840} INFO - DAG(s) 'cell_kpi_spatial_analytics_pipeline' retrieved from /opt/airflow/dags/kpi_hourly_dag.py
[2026-08-21T04:49:47.111+0000] {logging_mixin.py:188} INFO - [2026-08-21T04:49:47.110+0000] {dag.py:3096} INFO - Sync 1 DAGs
[2026-08-21T04:49:47.128+0000] {logging_mixin.py:188} INFO - [2026-08-21T04:49:47.128+0000] {dag.py:3954} INFO - Setting next_dagrun for cell_kpi_spatial_analytics_pipeline to None, run_after=None
[2026-08-21T04:49:47.140+0000] {processor.py:183} INFO - Processing /opt/airflow/dags/kpi_hourly_dag.py took 0.090 seconds
[2026-08-21T04:50:17.262+0000] {processor.py:161} INFO - Started process (PID=8792) to work on /opt/airflow/dags/kpi_hourly_dag.py
[2026-08-21T04:50:17.263+0000] {processor.py:830} INFO - Processing file /opt/airflow/dags/kpi_hourly_dag.py for tasks to queue
[2026-08-21T04:50:17.265+0000] {logging_mixin.py:188} INFO - [2026-08-21T04:50:17.264+0000] {dagbag.py:545} INFO - Filling up the DagBag from /opt/airflow/dags/kpi_hourly_dag.py
[2026-08-21T04:50:17.309+0000] {processor.py:840} INFO - DAG(s) 'cell_kpi_spatial_analytics_pipeline' retrieved from /opt/airflow/dags/kpi_hourly_dag.py
[2026-08-21T04:50:17.320+0000] {logging_mixin.py:188} INFO - [2026-08-21T04:50:17.320+0000] {dag.py:3096} INFO - Sync 1 DAGs
[2026-08-21T04:50:17.337+0000] {logging_mixin.py:188} INFO - [2026-08-21T04:50:17.337+0000] {dag.py:3954} INFO - Setting next_dagrun for cell_kpi_spatial_analytics_pipeline to None, run_after=None
[2026-08-21T04:50:17.352+0000] {processor.py:183} INFO - Processing /opt/airflow/dags/kpi_hourly_dag.py took 0.096 seconds
[2026-08-21T04:50:47.387+0000] {processor.py:161} INFO - Started process (PID=8802) to work on /opt/airflow/dags/kpi_hourly_dag.py
[2026-08-21T04:50:47.388+0000] {processor.py:830} INFO - Processing file /opt/airflow/dags/kpi_hourly_dag.py for tasks to queue
[2026-08-21T04:50:47.389+0000] {logging_mixin.py:188} INFO - [2026-08-21T04:50:47.389+0000] {dagbag.py:545} INFO - Filling up the DagBag from /opt/airflow/dags/kpi_hourly_dag.py
[2026-08-21T04:50:47.443+0000] {processor.py:840} INFO - DAG(s) 'cell_kpi_spatial_analytics_pipeline' retrieved from /opt/airflow/dags/kpi_hourly_dag.py
[2026-08-21T04:50:47.456+0000] {logging_mixin.py:188} INFO - [2026-08-21T04:50:47.456+0000] {dag.py:3096} INFO - Sync 1 DAGs
[2026-08-21T04:50:47.477+0000] {logging_mixin.py:188} INFO - [2026-08-21T04:50:47.477+0000] {dag.py:3954} INFO - Setting next_dagrun for cell_kpi_spatial_analytics_pipeline to None, run_after=None
[2026-08-21T04:50:47.492+0000] {processor.py:183} INFO - Processing /opt/airflow/dags/kpi_hourly_dag.py took 0.110 seconds
[2026-08-21T04:51:17.621+0000] {processor.py:161} INFO - Started process (PID=8812) to work on /opt/airflow/dags/kpi_hourly_dag.py
[2026-08-21T04:51:17.622+0000] {processor.py:830} INFO - Processing file /opt/airflow/dags/kpi_hourly_dag.py for tasks to queue
[2026-08-21T04:51:17.624+0000] {logging_mixin.py:188} INFO - [2026-08-21T04:51:17.623+0000] {dagbag.py:545} INFO - Filling up the DagBag from /opt/airflow/dags/kpi_hourly_dag.py
[2026-08-21T04:51:17.668+0000] {processor.py:840} INFO - DAG(s) 'cell_kpi_spatial_analytics_pipeline' retrieved from /opt/airflow/dags/kpi_hourly_dag.py
[2026-08-21T04:51:17.679+0000] {logging_mixin.py:188} INFO - [2026-08-21T04:51:17.679+0000] {dag.py:3096} INFO - Sync 1 DAGs
[2026-08-21T04:51:17.697+0000] {logging_mixin.py:188} INFO - [2026-08-21T04:51:17.697+0000] {dag.py:3954} INFO - Setting next_dagrun for cell_kpi_spatial_analytics_pipeline to None, run_after=None
[2026-08-21T04:51:17.711+0000] {processor.py:183} INFO - Processing /opt/airflow/dags/kpi_hourly_dag.py took 0.095 seconds
[2026-08-21T04:51:47.747+0000] {processor.py:161} INFO - Started process (PID=8822) to work on /opt/airflow/dags/kpi_hourly_dag.py
[2026-08-21T04:51:47.748+0000] {processor.py:830} INFO - Processing file /opt/airflow/dags/kpi_hourly_dag.py for tasks to queue
[2026-08-21T04:51:47.749+0000] {logging_mixin.py:188} INFO - [2026-08-21T04:51:47.749+0000] {dagbag.py:545} INFO - Filling up the DagBag from /opt/airflow/dags/kpi_hourly_dag.py
[2026-08-21T04:51:47.792+0000] {processor.py:840} INFO - DAG(s) 'cell_kpi_spatial_analytics_pipeline' retrieved from /opt/airflow/dags/kpi_hourly_dag.py
[2026-08-21T04:51:47.803+0000] {logging_mixin.py:188} INFO - [2026-08-21T04:51:47.802+0000] {dag.py:3096} INFO - Sync 1 DAGs
[2026-08-21T04:51:47.820+0000] {logging_mixin.py:188} INFO - [2026-08-21T04:51:47.820+0000] {dag.py:3954} INFO - Setting next_dagrun for cell_kpi_spatial_analytics_pipeline to None, run_after=None
[2026-08-21T04:51:47.833+0000] {processor.py:183} INFO - Processing /opt/airflow/dags/kpi_hourly_dag.py took 0.091 seconds
[2026-08-21T04:52:17.961+0000] {processor.py:161} INFO - Started process (PID=8832) to work on /opt/airflow/dags/kpi_hourly_dag.py
[2026-08-21T04:52:17.962+0000] {processor.py:830} INFO - Processing file /opt/airflow/dags/kpi_hourly_dag.py for tasks to queue
[2026-08-21T04:52:17.964+0000] {logging_mixin.py:188} INFO - [2026-08-21T04:52:17.963+0000] {dagbag.py:545} INFO - Filling up the DagBag from /opt/airflow/dags/kpi_hourly_dag.py
[2026-08-21T04:52:18.009+0000] {processor.py:840} INFO - DAG(s) 'cell_kpi_spatial_analytics_pipeline' retrieved from /opt/airflow/dags/kpi_hourly_dag.py
[2026-08-21T04:52:18.019+0000] {logging_mixin.py:188} INFO - [2026-08-21T04:52:18.019+0000] {dag.py:3096} INFO - Sync 1 DAGs
[2026-08-21T04:52:18.036+0000] {logging_mixin.py:188} INFO - [2026-08-21T04:52:18.036+0000] {dag.py:3954} INFO - Setting next_dagrun for cell_kpi_spatial_analytics_pipeline to None, run_after=None
[2026-08-21T04:52:18.050+0000] {processor.py:183} INFO - Processing /opt/airflow/dags/kpi_hourly_dag.py took 0.094 seconds
[2026-08-21T04:52:48.088+0000] {processor.py:161} INFO - Started process (PID=8842) to work on /opt/airflow/dags/kpi_hourly_dag.py
[2026-08-21T04:52:48.089+0000] {processor.py:830} INFO - Processing file /opt/airflow/dags/kpi_hourly_dag.py for tasks to queue
[2026-08-21T04:52:48.090+0000] {logging_mixin.py:188} INFO - [2026-08-21T04:52:48.090+0000] {dagbag.py:545} INFO - Filling up the DagBag from /opt/airflow/dags/kpi_hourly_dag.py
[2026-08-21T04:52:48.133+0000] {processor.py:840} INFO - DAG(s) 'cell_kpi_spatial_analytics_pipeline' retrieved from /opt/airflow/dags/kpi_hourly_dag.py
[2026-08-21T04:52:48.143+0000] {logging_mixin.py:188} INFO - [2026-08-21T04:52:48.142+0000] {dag.py:3096} INFO - Sync 1 DAGs
[2026-08-21T04:52:48.159+0000] {logging_mixin.py:188} INFO - [2026-08-21T04:52:48.159+0000] {dag.py:3954} INFO - Setting next_dagrun for cell_kpi_spatial_analytics_pipeline to None, run_after=None
[2026-08-21T04:52:48.172+0000] {processor.py:183} INFO - Processing /opt/airflow/dags/kpi_hourly_dag.py took 0.090 seconds
[2026-08-21T04:53:18.298+0000] {processor.py:161} INFO - Started process (PID=8852) to work on /opt/airflow/dags/kpi_hourly_dag.py
[2026-08-21T04:53:18.299+0000] {processor.py:830} INFO - Processing file /opt/airflow/dags/kpi_hourly_dag.py for tasks to queue
[2026-08-21T04:53:18.300+0000] {logging_mixin.py:188} INFO - [2026-08-21T04:53:18.300+0000] {dagbag.py:545} INFO - Filling up the DagBag from /opt/airflow/dags/kpi_hourly_dag.py
[2026-08-21T04:53:18.343+0000] {processor.py:840} INFO - DAG(s) 'cell_kpi_spatial_analytics_pipeline' retrieved from /opt/airflow/dags/kpi_hourly_dag.py
[2026-08-21T04:53:18.353+0000] {logging_mixin.py:188} INFO - [2026-08-21T04:53:18.353+0000] {dag.py:3096} INFO - Sync 1 DAGs
[2026-08-21T04:53:18.370+0000] {logging_mixin.py:188} INFO - [2026-08-21T04:53:18.370+0000] {dag.py:3954} INFO - Setting next_dagrun for cell_kpi_spatial_analytics_pipeline to None, run_after=None
[2026-08-21T04:53:18.383+0000] {processor.py:183} INFO - Processing /opt/airflow/dags/kpi_hourly_dag.py took 0.090 seconds
[2026-08-21T04:53:48.426+0000] {processor.py:161} INFO - Started process (PID=8862) to work on /opt/airflow/dags/kpi_hourly_dag.py
[2026-08-21T04:53:48.426+0000] {processor.py:830} INFO - Processing file /opt/airflow/dags/kpi_hourly_dag.py for tasks to queue
[2026-08-21T04:53:48.428+0000] {logging_mixin.py:188} INFO - [2026-08-21T04:53:48.427+0000] {dagbag.py:545} INFO - Filling up the DagBag from /opt/airflow/dags/kpi_hourly_dag.py
[2026-08-21T04:53:48.470+0000] {processor.py:840} INFO - DAG(s) 'cell_kpi_spatial_analytics_pipeline' retrieved from /opt/airflow/dags/kpi_hourly_dag.py
[2026-08-21T04:53:48.480+0000] {logging_mixin.py:188} INFO - [2026-08-21T04:53:48.480+0000] {dag.py:3096} INFO - Sync 1 DAGs
[2026-08-21T04:53:48.498+0000] {logging_mixin.py:188} INFO - [2026-08-21T04:53:48.497+0000] {dag.py:3954} INFO - Setting next_dagrun for cell_kpi_spatial_analytics_pipeline to None, run_after=None
[2026-08-21T04:53:48.511+0000] {processor.py:183} INFO - Processing /opt/airflow/dags/kpi_hourly_dag.py took 0.091 seconds
[2026-08-21T04:54:18.641+0000] {processor.py:161} INFO - Started process (PID=8872) to work on /opt/airflow/dags/kpi_hourly_dag.py
[2026-08-21T04:54:18.642+0000] {processor.py:830} INFO - Processing file /opt/airflow/dags/kpi_hourly_dag.py for tasks to queue
[2026-08-21T04:54:18.643+0000] {logging_mixin.py:188} INFO - [2026-08-21T04:54:18.643+0000] {dagbag.py:545} INFO - Filling up the DagBag from /opt/airflow/dags/kpi_hourly_dag.py
[2026-08-21T04:54:18.687+0000] {processor.py:840} INFO - DAG(s) 'cell_kpi_spatial_analytics_pipeline' retrieved from /opt/airflow/dags/kpi_hourly_dag.py
[2026-08-21T04:54:18.697+0000] {logging_mixin.py:188} INFO - [2026-08-21T04:54:18.697+0000] {dag.py:3096} INFO - Sync 1 DAGs
[2026-08-21T04:54:18.714+0000] {logging_mixin.py:188} INFO - [2026-08-21T04:54:18.714+0000] {dag.py:3954} INFO - Setting next_dagrun for cell_kpi_spatial_analytics_pipeline to None, run_after=None
[2026-08-21T04:54:18.727+0000] {processor.py:183} INFO - Processing /opt/airflow/dags/kpi_hourly_dag.py took 0.093 seconds
[2026-08-21T04:54:48.852+0000] {processor.py:161} INFO - Started process (PID=8882) to work on /opt/airflow/dags/kpi_hourly_dag.py
[2026-08-21T04:54:48.853+0000] {processor.py:830} INFO - Processing file /opt/airflow/dags/kpi_hourly_dag.py for tasks to queue
[2026-08-21T04:54:48.854+0000] {logging_mixin.py:188} INFO - [2026-08-21T04:54:48.854+0000] {dagbag.py:545} INFO - Filling up the DagBag from /opt/airflow/dags/kpi_hourly_dag.py
[2026-08-21T04:54:48.897+0000] {processor.py:840} INFO - DAG(s) 'cell_kpi_spatial_analytics_pipeline' retrieved from /opt/airflow/dags/kpi_hourly_dag.py
[2026-08-21T04:54:48.907+0000] {logging_mixin.py:188} INFO - [2026-08-21T04:54:48.907+0000] {dag.py:3096} INFO - Sync 1 DAGs
[2026-08-21T04:54:48.923+0000] {logging_mixin.py:188} INFO - [2026-08-21T04:54:48.923+0000] {dag.py:3954} INFO - Setting next_dagrun for cell_kpi_spatial_analytics_pipeline to None, run_after=None
[2026-08-21T04:54:48.936+0000] {processor.py:183} INFO - Processing /opt/airflow/dags/kpi_hourly_dag.py took 0.089 seconds
[2026-08-21T04:55:18.981+0000] {processor.py:161} INFO - Started process (PID=8892) to work on /opt/airflow/dags/kpi_hourly_dag.py
[2026-08-21T04:55:18.982+0000] {processor.py:830} INFO - Processing file /opt/airflow/dags/kpi_hourly_dag.py for tasks to queue
[2026-08-21T04:55:18.983+0000] {logging_mixin.py:188} INFO - [2026-08-21T04:55:18.983+0000] {dagbag.py:545} INFO - Filling up the DagBag from /opt/airflow/dags/kpi_hourly_dag.py
[2026-08-21T04:55:19.025+0000] {processor.py:840} INFO - DAG(s) 'cell_kpi_spatial_analytics_pipeline' retrieved from /opt/airflow/dags/kpi_hourly_dag.py
[2026-08-21T04:55:19.035+0000] {logging_mixin.py:188} INFO - [2026-08-21T04:55:19.035+0000] {dag.py:3096} INFO - Sync 1 DAGs
[2026-08-21T04:55:19.053+0000] {logging_mixin.py:188} INFO - [2026-08-21T04:55:19.053+0000] {dag.py:3954} INFO - Setting next_dagrun for cell_kpi_spatial_analytics_pipeline to None, run_after=None
[2026-08-21T04:55:19.065+0000] {processor.py:183} INFO - Processing /opt/airflow/dags/kpi_hourly_dag.py took 0.090 seconds
[2026-08-21T04:55:49.188+0000] {processor.py:161} INFO - Started process (PID=8902) to work on /opt/airflow/dags/kpi_hourly_dag.py
[2026-08-21T04:55:49.188+0000] {processor.py:830} INFO - Processing file /opt/airflow/dags/kpi_hourly_dag.py for tasks to queue
[2026-08-21T04:55:49.190+0000] {logging_mixin.py:188} INFO - [2026-08-21T04:55:49.189+0000] {dagbag.py:545} INFO - Filling up the DagBag from /opt/airflow/dags/kpi_hourly_dag.py
[2026-08-21T04:55:49.233+0000] {processor.py:840} INFO - DAG(s) 'cell_kpi_spatial_analytics_pipeline' retrieved from /opt/airflow/dags/kpi_hourly_dag.py
[2026-08-21T04:55:49.243+0000] {logging_mixin.py:188} INFO - [2026-08-21T04:55:49.243+0000] {dag.py:3096} INFO - Sync 1 DAGs
[2026-08-21T04:55:49.261+0000] {logging_mixin.py:188} INFO - [2026-08-21T04:55:49.260+0000] {dag.py:3954} INFO - Setting next_dagrun for cell_kpi_spatial_analytics_pipeline to None, run_after=None
[2026-08-21T04:55:49.273+0000] {processor.py:183} INFO - Processing /opt/airflow/dags/kpi_hourly_dag.py took 0.091 seconds
[2026-08-21T04:56:19.313+0000] {processor.py:161} INFO - Started process (PID=8912) to work on /opt/airflow/dags/kpi_hourly_dag.py
[2026-08-21T04:56:19.314+0000] {processor.py:830} INFO - Processing file /opt/airflow/dags/kpi_hourly_dag.py for tasks to queue
[2026-08-21T04:56:19.315+0000] {logging_mixin.py:188} INFO - [2026-08-21T04:56:19.315+0000] {dagbag.py:545} INFO - Filling up the DagBag from /opt/airflow/dags/kpi_hourly_dag.py
[2026-08-21T04:56:19.359+0000] {processor.py:840} INFO - DAG(s) 'cell_kpi_spatial_analytics_pipeline' retrieved from /opt/airflow/dags/kpi_hourly_dag.py
[2026-08-21T04:56:19.369+0000] {logging_mixin.py:188} INFO - [2026-08-21T04:56:19.369+0000] {dag.py:3096} INFO - Sync 1 DAGs
[2026-08-21T04:56:19.386+0000] {logging_mixin.py:188} INFO - [2026-08-21T04:56:19.386+0000] {dag.py:3954} INFO - Setting next_dagrun for cell_kpi_spatial_analytics_pipeline to None, run_after=None
[2026-08-21T04:56:19.399+0000] {processor.py:183} INFO - Processing /opt/airflow/dags/kpi_hourly_dag.py took 0.091 seconds
[2026-08-21T04:56:49.525+0000] {processor.py:161} INFO - Started process (PID=8922) to work on /opt/airflow/dags/kpi_hourly_dag.py
[2026-08-21T04:56:49.525+0000] {processor.py:830} INFO - Processing file /opt/airflow/dags/kpi_hourly_dag.py for tasks to queue
[2026-08-21T04:56:49.527+0000] {logging_mixin.py:188} INFO - [2026-08-21T04:56:49.526+0000] {dagbag.py:545} INFO - Filling up the DagBag from /opt/airflow/dags/kpi_hourly_dag.py
[2026-08-21T04:56:49.569+0000] {processor.py:840} INFO - DAG(s) 'cell_kpi_spatial_analytics_pipeline' retrieved from /opt/airflow/dags/kpi_hourly_dag.py
[2026-08-21T04:56:49.579+0000] {logging_mixin.py:188} INFO - [2026-08-21T04:56:49.579+0000] {dag.py:3096} INFO - Sync 1 DAGs
[2026-08-21T04:56:49.596+0000] {logging_mixin.py:188} INFO - [2026-08-21T04:56:49.596+0000] {dag.py:3954} INFO - Setting next_dagrun for cell_kpi_spatial_analytics_pipeline to None, run_after=None
[2026-08-21T04:56:49.609+0000] {processor.py:183} INFO - Processing /opt/airflow/dags/kpi_hourly_dag.py took 0.090 seconds
[2026-08-21T04:57:19.655+0000] {processor.py:161} INFO - Started process (PID=8932) to work on /opt/airflow/dags/kpi_hourly_dag.py
[2026-08-21T04:57:19.655+0000] {processor.py:830} INFO - Processing file /opt/airflow/dags/kpi_hourly_dag.py for tasks to queue
[2026-08-21T04:57:19.657+0000] {logging_mixin.py:188} INFO - [2026-08-21T04:57:19.657+0000] {dagbag.py:545} INFO - Filling up the DagBag from /opt/airflow/dags/kpi_hourly_dag.py
[2026-08-21T04:57:19.701+0000] {processor.py:840} INFO - DAG(s) 'cell_kpi_spatial_analytics_pipeline' retrieved from /opt/airflow/dags/kpi_hourly_dag.py
[2026-08-21T04:57:19.711+0000] {logging_mixin.py:188} INFO - [2026-08-21T04:57:19.711+0000] {dag.py:3096} INFO - Sync 1 DAGs
[2026-08-21T04:57:19.729+0000] {logging_mixin.py:188} INFO - [2026-08-21T04:57:19.729+0000] {dag.py:3954} INFO - Setting next_dagrun for cell_kpi_spatial_analytics_pipeline to None, run_after=None
[2026-08-21T04:57:19.742+0000] {processor.py:183} INFO - Processing /opt/airflow/dags/kpi_hourly_dag.py took 0.093 seconds
[2026-08-21T04:57:49.868+0000] {processor.py:161} INFO - Started process (PID=8942) to work on /opt/airflow/dags/kpi_hourly_dag.py
[2026-08-21T04:57:49.869+0000] {processor.py:830} INFO - Processing file /opt/airflow/dags/kpi_hourly_dag.py for tasks to queue
[2026-08-21T04:57:49.870+0000] {logging_mixin.py:188} INFO - [2026-08-21T04:57:49.870+0000] {dagbag.py:545} INFO - Filling up the DagBag from /opt/airflow/dags/kpi_hourly_dag.py
[2026-08-21T04:57:49.915+0000] {processor.py:840} INFO - DAG(s) 'cell_kpi_spatial_analytics_pipeline' retrieved from /opt/airflow/dags/kpi_hourly_dag.py
[2026-08-21T04:57:49.925+0000] {logging_mixin.py:188} INFO - [2026-08-21T04:57:49.925+0000] {dag.py:3096} INFO - Sync 1 DAGs
[2026-08-21T04:57:49.943+0000] {logging_mixin.py:188} INFO - [2026-08-21T04:57:49.943+0000] {dag.py:3954} INFO - Setting next_dagrun for cell_kpi_spatial_analytics_pipeline to None, run_after=None
[2026-08-21T04:57:49.956+0000] {processor.py:183} INFO - Processing /opt/airflow/dags/kpi_hourly_dag.py took 0.094 seconds
[2026-08-21T04:58:20.004+0000] {processor.py:161} INFO - Started process (PID=8952) to work on /opt/airflow/dags/kpi_hourly_dag.py
[2026-08-21T04:58:20.005+0000] {processor.py:830} INFO - Processing file /opt/airflow/dags/kpi_hourly_dag.py for tasks to queue
[2026-08-21T04:58:20.006+0000] {logging_mixin.py:188} INFO - [2026-08-21T04:58:20.006+0000] {dagbag.py:545} INFO - Filling up the DagBag from /opt/airflow/dags/kpi_hourly_dag.py
[2026-08-21T04:58:20.049+0000] {processor.py:840} INFO - DAG(s) 'cell_kpi_spatial_analytics_pipeline' retrieved from /opt/airflow/dags/kpi_hourly_dag.py
[2026-08-21T04:58:20.059+0000] {logging_mixin.py:188} INFO - [2026-08-21T04:58:20.059+0000] {dag.py:3096} INFO - Sync 1 DAGs
[2026-08-21T04:58:20.076+0000] {logging_mixin.py:188} INFO - [2026-08-21T04:58:20.076+0000] {dag.py:3954} INFO - Setting next_dagrun for cell_kpi_spatial_analytics_pipeline to None, run_after=None
[2026-08-21T04:58:20.088+0000] {processor.py:183} INFO - Processing /opt/airflow/dags/kpi_hourly_dag.py took 0.090 seconds
[2026-08-21T04:58:50.214+0000] {processor.py:161} INFO - Started process (PID=8962) to work on /opt/airflow/dags/kpi_hourly_dag.py
[2026-08-21T04:58:50.215+0000] {processor.py:830} INFO - Processing file /opt/airflow/dags/kpi_hourly_dag.py for tasks to queue
[2026-08-21T04:58:50.216+0000] {logging_mixin.py:188} INFO - [2026-08-21T04:58:50.216+0000] {dagbag.py:545} INFO - Filling up the DagBag from /opt/airflow/dags/kpi_hourly_dag.py
[2026-08-21T04:58:50.259+0000] {processor.py:840} INFO - DAG(s) 'cell_kpi_spatial_analytics_pipeline' retrieved from /opt/airflow/dags/kpi_hourly_dag.py
[2026-08-21T04:58:50.269+0000] {logging_mixin.py:188} INFO - [2026-08-21T04:58:50.268+0000] {dag.py:3096} INFO - Sync 1 DAGs
[2026-08-21T04:58:50.285+0000] {logging_mixin.py:188} INFO - [2026-08-21T04:58:50.285+0000] {dag.py:3954} INFO - Setting next_dagrun for cell_kpi_spatial_analytics_pipeline to None, run_after=None
[2026-08-21T04:58:50.297+0000] {processor.py:183} INFO - Processing /opt/airflow/dags/kpi_hourly_dag.py took 0.089 seconds
[2026-08-21T04:59:20.342+0000] {processor.py:161} INFO - Started process (PID=8972) to work on /opt/airflow/dags/kpi_hourly_dag.py
[2026-08-21T04:59:20.342+0000] {processor.py:830} INFO - Processing file /opt/airflow/dags/kpi_hourly_dag.py for tasks to queue
[2026-08-21T04:59:20.344+0000] {logging_mixin.py:188} INFO - [2026-08-21T04:59:20.343+0000] {dagbag.py:545} INFO - Filling up the DagBag from /opt/airflow/dags/kpi_hourly_dag.py
[2026-08-21T04:59:20.391+0000] {processor.py:840} INFO - DAG(s) 'cell_kpi_spatial_analytics_pipeline' retrieved from /opt/airflow/dags/kpi_hourly_dag.py
[2026-08-21T04:59:20.403+0000] {logging_mixin.py:188} INFO - [2026-08-21T04:59:20.403+0000] {dag.py:3096} INFO - Sync 1 DAGs
[2026-08-21T04:59:20.421+0000] {logging_mixin.py:188} INFO - [2026-08-21T04:59:20.420+0000] {dag.py:3954} INFO - Setting next_dagrun for cell_kpi_spatial_analytics_pipeline to None, run_after=None
[2026-08-21T04:59:20.433+0000] {processor.py:183} INFO - Processing /opt/airflow/dags/kpi_hourly_dag.py took 0.097 seconds
[2026-08-21T04:59:50.559+0000] {processor.py:161} INFO - Started process (PID=8982) to work on /opt/airflow/dags/kpi_hourly_dag.py
[2026-08-21T04:59:50.559+0000] {processor.py:830} INFO - Processing file /opt/airflow/dags/kpi_hourly_dag.py for tasks to queue
[2026-08-21T04:59:50.561+0000] {logging_mixin.py:188} INFO - [2026-08-21T04:59:50.560+0000] {dagbag.py:545} INFO - Filling up the DagBag from /opt/airflow/dags/kpi_hourly_dag.py
[2026-08-21T04:59:50.611+0000] {processor.py:840} INFO - DAG(s) 'cell_kpi_spatial_analytics_pipeline' retrieved from /opt/airflow/dags/kpi_hourly_dag.py
[2026-08-21T04:59:50.622+0000] {logging_mixin.py:188} INFO - [2026-08-21T04:59:50.621+0000] {dag.py:3096} INFO - Sync 1 DAGs
[2026-08-21T04:59:50.639+0000] {logging_mixin.py:188} INFO - [2026-08-21T04:59:50.639+0000] {dag.py:3954} INFO - Setting next_dagrun for cell_kpi_spatial_analytics_pipeline to None, run_after=None
[2026-08-21T04:59:50.652+0000] {processor.py:183} INFO - Processing /opt/airflow/dags/kpi_hourly_dag.py took 0.099 seconds
[2026-08-21T05:00:20.742+0000] {processor.py:161} INFO - Started process (PID=8992) to work on /opt/airflow/dags/kpi_hourly_dag.py
[2026-08-21T05:00:20.743+0000] {processor.py:830} INFO - Processing file /opt/airflow/dags/kpi_hourly_dag.py for tasks to queue
[2026-08-21T05:00:20.744+0000] {logging_mixin.py:188} INFO - [2026-08-21T05:00:20.744+0000] {dagbag.py:545} INFO - Filling up the DagBag from /opt/airflow/dags/kpi_hourly_dag.py
[2026-08-21T05:00:20.800+0000] {processor.py:840} INFO - DAG(s) 'cell_kpi_spatial_analytics_pipeline' retrieved from /opt/airflow/dags/kpi_hourly_dag.py
[2026-08-21T05:00:20.812+0000] {logging_mixin.py:188} INFO - [2026-08-21T05:00:20.812+0000] {dag.py:3096} INFO - Sync 1 DAGs
[2026-08-21T05:00:20.830+0000] {logging_mixin.py:188} INFO - [2026-08-21T05:00:20.830+0000] {dag.py:3954} INFO - Setting next_dagrun for cell_kpi_spatial_analytics_pipeline to None, run_after=None
[2026-08-21T05:00:20.843+0000] {processor.py:183} INFO - Processing /opt/airflow/dags/kpi_hourly_dag.py took 0.107 seconds
[2026-08-21T05:00:50.911+0000] {processor.py:161} INFO - Started process (PID=9002) to work on /opt/airflow/dags/kpi_hourly_dag.py
[2026-08-21T05:00:50.912+0000] {processor.py:830} INFO - Processing file /opt/airflow/dags/kpi_hourly_dag.py for tasks to queue
[2026-08-21T05:00:50.913+0000] {logging_mixin.py:188} INFO - [2026-08-21T05:00:50.913+0000] {dagbag.py:545} INFO - Filling up the DagBag from /opt/airflow/dags/kpi_hourly_dag.py
[2026-08-21T05:00:50.957+0000] {processor.py:840} INFO - DAG(s) 'cell_kpi_spatial_analytics_pipeline' retrieved from /opt/airflow/dags/kpi_hourly_dag.py
[2026-08-21T05:00:50.967+0000] {logging_mixin.py:188} INFO - [2026-08-21T05:00:50.967+0000] {dag.py:3096} INFO - Sync 1 DAGs
[2026-08-21T05:00:50.984+0000] {logging_mixin.py:188} INFO - [2026-08-21T05:00:50.984+0000] {dag.py:3954} INFO - Setting next_dagrun for cell_kpi_spatial_analytics_pipeline to None, run_after=None
[2026-08-21T05:00:51.000+0000] {processor.py:183} INFO - Processing /opt/airflow/dags/kpi_hourly_dag.py took 0.094 seconds
[2026-08-21T05:01:21.029+0000] {processor.py:161} INFO - Started process (PID=9012) to work on /opt/airflow/dags/kpi_hourly_dag.py
[2026-08-21T05:01:21.030+0000] {processor.py:830} INFO - Processing file /opt/airflow/dags/kpi_hourly_dag.py for tasks to queue
[2026-08-21T05:01:21.031+0000] {logging_mixin.py:188} INFO - [2026-08-21T05:01:21.031+0000] {dagbag.py:545} INFO - Filling up the DagBag from /opt/airflow/dags/kpi_hourly_dag.py
[2026-08-21T05:01:21.076+0000] {processor.py:840} INFO - DAG(s) 'cell_kpi_spatial_analytics_pipeline' retrieved from /opt/airflow/dags/kpi_hourly_dag.py
[2026-08-21T05:01:21.086+0000] {logging_mixin.py:188} INFO - [2026-08-21T05:01:21.086+0000] {dag.py:3096} INFO - Sync 1 DAGs
[2026-08-21T05:01:21.104+0000] {logging_mixin.py:188} INFO - [2026-08-21T05:01:21.103+0000] {dag.py:3954} INFO - Setting next_dagrun for cell_kpi_spatial_analytics_pipeline to None, run_after=None
[2026-08-21T05:01:21.116+0000] {processor.py:183} INFO - Processing /opt/airflow/dags/kpi_hourly_dag.py took 0.092 seconds
[2026-08-21T05:01:51.243+0000] {processor.py:161} INFO - Started process (PID=9022) to work on /opt/airflow/dags/kpi_hourly_dag.py
[2026-08-21T05:01:51.244+0000] {processor.py:830} INFO - Processing file /opt/airflow/dags/kpi_hourly_dag.py for tasks to queue
[2026-08-21T05:01:51.245+0000] {logging_mixin.py:188} INFO - [2026-08-21T05:01:51.245+0000] {dagbag.py:545} INFO - Filling up the DagBag from /opt/airflow/dags/kpi_hourly_dag.py
[2026-08-21T05:01:51.287+0000] {processor.py:840} INFO - DAG(s) 'cell_kpi_spatial_analytics_pipeline' retrieved from /opt/airflow/dags/kpi_hourly_dag.py
[2026-08-21T05:01:51.297+0000] {logging_mixin.py:188} INFO - [2026-08-21T05:01:51.297+0000] {dag.py:3096} INFO - Sync 1 DAGs
[2026-08-21T05:01:51.314+0000] {logging_mixin.py:188} INFO - [2026-08-21T05:01:51.314+0000] {dag.py:3954} INFO - Setting next_dagrun for cell_kpi_spatial_analytics_pipeline to None, run_after=None
[2026-08-21T05:01:51.327+0000] {processor.py:183} INFO - Processing /opt/airflow/dags/kpi_hourly_dag.py took 0.089 seconds
[2026-08-21T05:02:21.372+0000] {processor.py:161} INFO - Started process (PID=9032) to work on /opt/airflow/dags/kpi_hourly_dag.py
[2026-08-21T05:02:21.373+0000] {processor.py:830} INFO - Processing file /opt/airflow/dags/kpi_hourly_dag.py for tasks to queue
[2026-08-21T05:02:21.374+0000] {logging_mixin.py:188} INFO - [2026-08-21T05:02:21.374+0000] {dagbag.py:545} INFO - Filling up the DagBag from /opt/airflow/dags/kpi_hourly_dag.py
[2026-08-21T05:02:21.419+0000] {processor.py:840} INFO - DAG(s) 'cell_kpi_spatial_analytics_pipeline' retrieved from /opt/airflow/dags/kpi_hourly_dag.py
[2026-08-21T05:02:21.429+0000] {logging_mixin.py:188} INFO - [2026-08-21T05:02:21.428+0000] {dag.py:3096} INFO - Sync 1 DAGs
[2026-08-21T05:02:21.445+0000] {logging_mixin.py:188} INFO - [2026-08-21T05:02:21.445+0000] {dag.py:3954} INFO - Setting next_dagrun for cell_kpi_spatial_analytics_pipeline to None, run_after=None
[2026-08-21T05:02:21.457+0000] {processor.py:183} INFO - Processing /opt/airflow/dags/kpi_hourly_dag.py took 0.091 seconds
[2026-08-21T05:02:51.587+0000] {processor.py:161} INFO - Started process (PID=9042) to work on /opt/airflow/dags/kpi_hourly_dag.py
[2026-08-21T05:02:51.588+0000] {processor.py:830} INFO - Processing file /opt/airflow/dags/kpi_hourly_dag.py for tasks to queue
[2026-08-21T05:02:51.589+0000] {logging_mixin.py:188} INFO - [2026-08-21T05:02:51.589+0000] {dagbag.py:545} INFO - Filling up the DagBag from /opt/airflow/dags/kpi_hourly_dag.py
[2026-08-21T05:02:51.636+0000] {processor.py:840} INFO - DAG(s) 'cell_kpi_spatial_analytics_pipeline' retrieved from /opt/airflow/dags/kpi_hourly_dag.py
[2026-08-21T05:02:51.646+0000] {logging_mixin.py:188} INFO - [2026-08-21T05:02:51.645+0000] {dag.py:3096} INFO - Sync 1 DAGs
[2026-08-21T05:02:51.662+0000] {logging_mixin.py:188} INFO - [2026-08-21T05:02:51.662+0000] {dag.py:3954} INFO - Setting next_dagrun for cell_kpi_spatial_analytics_pipeline to None, run_after=None
[2026-08-21T05:02:51.675+0000] {processor.py:183} INFO - Processing /opt/airflow/dags/kpi_hourly_dag.py took 0.095 seconds
[2026-08-21T05:03:21.715+0000] {processor.py:161} INFO - Started process (PID=9052) to work on /opt/airflow/dags/kpi_hourly_dag.py
[2026-08-21T05:03:21.715+0000] {processor.py:830} INFO - Processing file /opt/airflow/dags/kpi_hourly_dag.py for tasks to queue
[2026-08-21T05:03:21.717+0000] {logging_mixin.py:188} INFO - [2026-08-21T05:03:21.717+0000] {dagbag.py:545} INFO - Filling up the DagBag from /opt/airflow/dags/kpi_hourly_dag.py
[2026-08-21T05:03:21.760+0000] {processor.py:840} INFO - DAG(s) 'cell_kpi_spatial_analytics_pipeline' retrieved from /opt/airflow/dags/kpi_hourly_dag.py
[2026-08-21T05:03:21.770+0000] {logging_mixin.py:188} INFO - [2026-08-21T05:03:21.770+0000] {dag.py:3096} INFO - Sync 1 DAGs
[2026-08-21T05:03:21.788+0000] {logging_mixin.py:188} INFO - [2026-08-21T05:03:21.788+0000] {dag.py:3954} INFO - Setting next_dagrun for cell_kpi_spatial_analytics_pipeline to None, run_after=None
[2026-08-21T05:03:21.800+0000] {processor.py:183} INFO - Processing /opt/airflow/dags/kpi_hourly_dag.py took 0.091 seconds
[2026-08-21T05:03:51.924+0000] {processor.py:161} INFO - Started process (PID=9062) to work on /opt/airflow/dags/kpi_hourly_dag.py
[2026-08-21T05:03:51.925+0000] {processor.py:830} INFO - Processing file /opt/airflow/dags/kpi_hourly_dag.py for tasks to queue
[2026-08-21T05:03:51.926+0000] {logging_mixin.py:188} INFO - [2026-08-21T05:03:51.926+0000] {dagbag.py:545} INFO - Filling up the DagBag from /opt/airflow/dags/kpi_hourly_dag.py
[2026-08-21T05:03:51.969+0000] {processor.py:840} INFO - DAG(s) 'cell_kpi_spatial_analytics_pipeline' retrieved from /opt/airflow/dags/kpi_hourly_dag.py
[2026-08-21T05:03:51.979+0000] {logging_mixin.py:188} INFO - [2026-08-21T05:03:51.979+0000] {dag.py:3096} INFO - Sync 1 DAGs
[2026-08-21T05:03:51.997+0000] {logging_mixin.py:188} INFO - [2026-08-21T05:03:51.997+0000] {dag.py:3954} INFO - Setting next_dagrun for cell_kpi_spatial_analytics_pipeline to None, run_after=None
[2026-08-21T05:03:52.010+0000] {processor.py:183} INFO - Processing /opt/airflow/dags/kpi_hourly_dag.py took 0.091 seconds
[2026-08-21T05:04:22.050+0000] {processor.py:161} INFO - Started process (PID=9072) to work on /opt/airflow/dags/kpi_hourly_dag.py
[2026-08-21T05:04:22.050+0000] {processor.py:830} INFO - Processing file /opt/airflow/dags/kpi_hourly_dag.py for tasks to queue
[2026-08-21T05:04:22.052+0000] {logging_mixin.py:188} INFO - [2026-08-21T05:04:22.051+0000] {dagbag.py:545} INFO - Filling up the DagBag from /opt/airflow/dags/kpi_hourly_dag.py
[2026-08-21T05:04:22.095+0000] {processor.py:840} INFO - DAG(s) 'cell_kpi_spatial_analytics_pipeline' retrieved from /opt/airflow/dags/kpi_hourly_dag.py
[2026-08-21T05:04:22.105+0000] {logging_mixin.py:188} INFO - [2026-08-21T05:04:22.105+0000] {dag.py:3096} INFO - Sync 1 DAGs
[2026-08-21T05:04:22.122+0000] {logging_mixin.py:188} INFO - [2026-08-21T05:04:22.122+0000] {dag.py:3954} INFO - Setting next_dagrun for cell_kpi_spatial_analytics_pipeline to None, run_after=None
[2026-08-21T05:04:22.134+0000] {processor.py:183} INFO - Processing /opt/airflow/dags/kpi_hourly_dag.py took 0.090 seconds
[2026-08-21T05:04:52.262+0000] {processor.py:161} INFO - Started process (PID=9082) to work on /opt/airflow/dags/kpi_hourly_dag.py
[2026-08-21T05:04:52.262+0000] {processor.py:830} INFO - Processing file /opt/airflow/dags/kpi_hourly_dag.py for tasks to queue
[2026-08-21T05:04:52.264+0000] {logging_mixin.py:188} INFO - [2026-08-21T05:04:52.263+0000] {dagbag.py:545} INFO - Filling up the DagBag from /opt/airflow/dags/kpi_hourly_dag.py
[2026-08-21T05:04:52.306+0000] {processor.py:840} INFO - DAG(s) 'cell_kpi_spatial_analytics_pipeline' retrieved from /opt/airflow/dags/kpi_hourly_dag.py
[2026-08-21T05:04:52.317+0000] {logging_mixin.py:188} INFO - [2026-08-21T05:04:52.317+0000] {dag.py:3096} INFO - Sync 1 DAGs
[2026-08-21T05:04:52.333+0000] {logging_mixin.py:188} INFO - [2026-08-21T05:04:52.333+0000] {dag.py:3954} INFO - Setting next_dagrun for cell_kpi_spatial_analytics_pipeline to None, run_after=None
[2026-08-21T05:04:52.346+0000] {processor.py:183} INFO - Processing /opt/airflow/dags/kpi_hourly_dag.py took 0.090 seconds
[2026-08-21T05:05:22.386+0000] {processor.py:161} INFO - Started process (PID=9092) to work on /opt/airflow/dags/kpi_hourly_dag.py
[2026-08-21T05:05:22.386+0000] {processor.py:830} INFO - Processing file /opt/airflow/dags/kpi_hourly_dag.py for tasks to queue
[2026-08-21T05:05:22.388+0000] {logging_mixin.py:188} INFO - [2026-08-21T05:05:22.387+0000] {dagbag.py:545} INFO - Filling up the DagBag from /opt/airflow/dags/kpi_hourly_dag.py
[2026-08-21T05:05:22.432+0000] {processor.py:840} INFO - DAG(s) 'cell_kpi_spatial_analytics_pipeline' retrieved from /opt/airflow/dags/kpi_hourly_dag.py
[2026-08-21T05:05:22.443+0000] {logging_mixin.py:188} INFO - [2026-08-21T05:05:22.442+0000] {dag.py:3096} INFO - Sync 1 DAGs
[2026-08-21T05:05:22.460+0000] {logging_mixin.py:188} INFO - [2026-08-21T05:05:22.460+0000] {dag.py:3954} INFO - Setting next_dagrun for cell_kpi_spatial_analytics_pipeline to None, run_after=None
[2026-08-21T05:05:22.473+0000] {processor.py:183} INFO - Processing /opt/airflow/dags/kpi_hourly_dag.py took 0.093 seconds
[2026-08-21T05:05:52.600+0000] {processor.py:161} INFO - Started process (PID=9102) to work on /opt/airflow/dags/kpi_hourly_dag.py
[2026-08-21T05:05:52.600+0000] {processor.py:830} INFO - Processing file /opt/airflow/dags/kpi_hourly_dag.py for tasks to queue
[2026-08-21T05:05:52.602+0000] {logging_mixin.py:188} INFO - [2026-08-21T05:05:52.601+0000] {dagbag.py:545} INFO - Filling up the DagBag from /opt/airflow/dags/kpi_hourly_dag.py
[2026-08-21T05:05:52.646+0000] {processor.py:840} INFO - DAG(s) 'cell_kpi_spatial_analytics_pipeline' retrieved from /opt/airflow/dags/kpi_hourly_dag.py
[2026-08-21T05:05:52.658+0000] {logging_mixin.py:188} INFO - [2026-08-21T05:05:52.658+0000] {dag.py:3096} INFO - Sync 1 DAGs
[2026-08-21T05:05:52.676+0000] {logging_mixin.py:188} INFO - [2026-08-21T05:05:52.676+0000] {dag.py:3954} INFO - Setting next_dagrun for cell_kpi_spatial_analytics_pipeline to None, run_after=None
[2026-08-21T05:05:52.690+0000] {processor.py:183} INFO - Processing /opt/airflow/dags/kpi_hourly_dag.py took 0.096 seconds
[2026-08-21T05:06:22.813+0000] {processor.py:161} INFO - Started process (PID=9112) to work on /opt/airflow/dags/kpi_hourly_dag.py
[2026-08-21T05:06:22.813+0000] {processor.py:830} INFO - Processing file /opt/airflow/dags/kpi_hourly_dag.py for tasks to queue
[2026-08-21T05:06:22.815+0000] {logging_mixin.py:188} INFO - [2026-08-21T05:06:22.814+0000] {dagbag.py:545} INFO - Filling up the DagBag from /opt/airflow/dags/kpi_hourly_dag.py
[2026-08-21T05:06:22.859+0000] {processor.py:840} INFO - DAG(s) 'cell_kpi_spatial_analytics_pipeline' retrieved from /opt/airflow/dags/kpi_hourly_dag.py
[2026-08-21T05:06:22.869+0000] {logging_mixin.py:188} INFO - [2026-08-21T05:06:22.869+0000] {dag.py:3096} INFO - Sync 1 DAGs
[2026-08-21T05:06:22.886+0000] {logging_mixin.py:188} INFO - [2026-08-21T05:06:22.886+0000] {dag.py:3954} INFO - Setting next_dagrun for cell_kpi_spatial_analytics_pipeline to None, run_after=None
[2026-08-21T05:06:22.900+0000] {processor.py:183} INFO - Processing /opt/airflow/dags/kpi_hourly_dag.py took 0.093 seconds
[2026-08-21T05:06:53.021+0000] {processor.py:161} INFO - Started process (PID=9122) to work on /opt/airflow/dags/kpi_hourly_dag.py
[2026-08-21T05:06:53.021+0000] {processor.py:830} INFO - Processing file /opt/airflow/dags/kpi_hourly_dag.py for tasks to queue
[2026-08-21T05:06:53.023+0000] {logging_mixin.py:188} INFO - [2026-08-21T05:06:53.022+0000] {dagbag.py:545} INFO - Filling up the DagBag from /opt/airflow/dags/kpi_hourly_dag.py
[2026-08-21T05:06:53.065+0000] {processor.py:840} INFO - DAG(s) 'cell_kpi_spatial_analytics_pipeline' retrieved from /opt/airflow/dags/kpi_hourly_dag.py
[2026-08-21T05:06:53.075+0000] {logging_mixin.py:188} INFO - [2026-08-21T05:06:53.075+0000] {dag.py:3096} INFO - Sync 1 DAGs
[2026-08-21T05:06:53.091+0000] {logging_mixin.py:188} INFO - [2026-08-21T05:06:53.091+0000] {dag.py:3954} INFO - Setting next_dagrun for cell_kpi_spatial_analytics_pipeline to None, run_after=None
[2026-08-21T05:06:53.104+0000] {processor.py:183} INFO - Processing /opt/airflow/dags/kpi_hourly_dag.py took 0.088 seconds
[2026-08-21T05:07:23.226+0000] {processor.py:161} INFO - Started process (PID=9132) to work on /opt/airflow/dags/kpi_hourly_dag.py
[2026-08-21T05:07:23.226+0000] {processor.py:830} INFO - Processing file /opt/airflow/dags/kpi_hourly_dag.py for tasks to queue
[2026-08-21T05:07:23.228+0000] {logging_mixin.py:188} INFO - [2026-08-21T05:07:23.227+0000] {dagbag.py:545} INFO - Filling up the DagBag from /opt/airflow/dags/kpi_hourly_dag.py
[2026-08-21T05:07:23.270+0000] {processor.py:840} INFO - DAG(s) 'cell_kpi_spatial_analytics_pipeline' retrieved from /opt/airflow/dags/kpi_hourly_dag.py
[2026-08-21T05:07:23.281+0000] {logging_mixin.py:188} INFO - [2026-08-21T05:07:23.281+0000] {dag.py:3096} INFO - Sync 1 DAGs
[2026-08-21T05:07:23.298+0000] {logging_mixin.py:188} INFO - [2026-08-21T05:07:23.298+0000] {dag.py:3954} INFO - Setting next_dagrun for cell_kpi_spatial_analytics_pipeline to None, run_after=None
[2026-08-21T05:07:23.311+0000] {processor.py:183} INFO - Processing /opt/airflow/dags/kpi_hourly_dag.py took 0.090 seconds
[2026-08-21T05:07:53.355+0000] {processor.py:161} INFO - Started process (PID=9142) to work on /opt/airflow/dags/kpi_hourly_dag.py
[2026-08-21T05:07:53.355+0000] {processor.py:830} INFO - Processing file /opt/airflow/dags/kpi_hourly_dag.py for tasks to queue
[2026-08-21T05:07:53.357+0000] {logging_mixin.py:188} INFO - [2026-08-21T05:07:53.356+0000] {dagbag.py:545} INFO - Filling up the DagBag from /opt/airflow/dags/kpi_hourly_dag.py
[2026-08-21T05:07:53.400+0000] {processor.py:840} INFO - DAG(s) 'cell_kpi_spatial_analytics_pipeline' retrieved from /opt/airflow/dags/kpi_hourly_dag.py
[2026-08-21T05:07:53.412+0000] {logging_mixin.py:188} INFO - [2026-08-21T05:07:53.412+0000] {dag.py:3096} INFO - Sync 1 DAGs
[2026-08-21T05:07:53.434+0000] {logging_mixin.py:188} INFO - [2026-08-21T05:07:53.433+0000] {dag.py:3954} INFO - Setting next_dagrun for cell_kpi_spatial_analytics_pipeline to None, run_after=None
[2026-08-21T05:07:53.447+0000] {processor.py:183} INFO - Processing /opt/airflow/dags/kpi_hourly_dag.py took 0.098 seconds
[2026-08-21T05:08:23.570+0000] {processor.py:161} INFO - Started process (PID=9152) to work on /opt/airflow/dags/kpi_hourly_dag.py
[2026-08-21T05:08:23.571+0000] {processor.py:830} INFO - Processing file /opt/airflow/dags/kpi_hourly_dag.py for tasks to queue
[2026-08-21T05:08:23.572+0000] {logging_mixin.py:188} INFO - [2026-08-21T05:08:23.572+0000] {dagbag.py:545} INFO - Filling up the DagBag from /opt/airflow/dags/kpi_hourly_dag.py
[2026-08-21T05:08:23.615+0000] {processor.py:840} INFO - DAG(s) 'cell_kpi_spatial_analytics_pipeline' retrieved from /opt/airflow/dags/kpi_hourly_dag.py
[2026-08-21T05:08:23.625+0000] {logging_mixin.py:188} INFO - [2026-08-21T05:08:23.625+0000] {dag.py:3096} INFO - Sync 1 DAGs
[2026-08-21T05:08:23.641+0000] {logging_mixin.py:188} INFO - [2026-08-21T05:08:23.641+0000] {dag.py:3954} INFO - Setting next_dagrun for cell_kpi_spatial_analytics_pipeline to None, run_after=None
[2026-08-21T05:08:23.654+0000] {processor.py:183} INFO - Processing /opt/airflow/dags/kpi_hourly_dag.py took 0.090 seconds
[2026-08-21T05:08:53.777+0000] {processor.py:161} INFO - Started process (PID=9162) to work on /opt/airflow/dags/kpi_hourly_dag.py
[2026-08-21T05:08:53.777+0000] {processor.py:830} INFO - Processing file /opt/airflow/dags/kpi_hourly_dag.py for tasks to queue
[2026-08-21T05:08:53.779+0000] {logging_mixin.py:188} INFO - [2026-08-21T05:08:53.778+0000] {dagbag.py:545} INFO - Filling up the DagBag from /opt/airflow/dags/kpi_hourly_dag.py
[2026-08-21T05:08:53.821+0000] {processor.py:840} INFO - DAG(s) 'cell_kpi_spatial_analytics_pipeline' retrieved from /opt/airflow/dags/kpi_hourly_dag.py
[2026-08-21T05:08:53.831+0000] {logging_mixin.py:188} INFO - [2026-08-21T05:08:53.831+0000] {dag.py:3096} INFO - Sync 1 DAGs
[2026-08-21T05:08:53.847+0000] {logging_mixin.py:188} INFO - [2026-08-21T05:08:53.847+0000] {dag.py:3954} INFO - Setting next_dagrun for cell_kpi_spatial_analytics_pipeline to None, run_after=None
[2026-08-21T05:08:53.860+0000] {processor.py:183} INFO - Processing /opt/airflow/dags/kpi_hourly_dag.py took 0.088 seconds
[2026-08-21T05:09:23.985+0000] {processor.py:161} INFO - Started process (PID=9172) to work on /opt/airflow/dags/kpi_hourly_dag.py
[2026-08-21T05:09:23.986+0000] {processor.py:830} INFO - Processing file /opt/airflow/dags/kpi_hourly_dag.py for tasks to queue
[2026-08-21T05:09:23.987+0000] {logging_mixin.py:188} INFO - [2026-08-21T05:09:23.987+0000] {dagbag.py:545} INFO - Filling up the DagBag from /opt/airflow/dags/kpi_hourly_dag.py
[2026-08-21T05:09:24.030+0000] {processor.py:840} INFO - DAG(s) 'cell_kpi_spatial_analytics_pipeline' retrieved from /opt/airflow/dags/kpi_hourly_dag.py
[2026-08-21T05:09:24.041+0000] {logging_mixin.py:188} INFO - [2026-08-21T05:09:24.041+0000] {dag.py:3096} INFO - Sync 1 DAGs
[2026-08-21T05:09:24.058+0000] {logging_mixin.py:188} INFO - [2026-08-21T05:09:24.058+0000] {dag.py:3954} INFO - Setting next_dagrun for cell_kpi_spatial_analytics_pipeline to None, run_after=None
[2026-08-21T05:09:24.071+0000] {processor.py:183} INFO - Processing /opt/airflow/dags/kpi_hourly_dag.py took 0.091 seconds
[2026-08-21T05:09:54.190+0000] {processor.py:161} INFO - Started process (PID=9182) to work on /opt/airflow/dags/kpi_hourly_dag.py
[2026-08-21T05:09:54.191+0000] {processor.py:830} INFO - Processing file /opt/airflow/dags/kpi_hourly_dag.py for tasks to queue
[2026-08-21T05:09:54.192+0000] {logging_mixin.py:188} INFO - [2026-08-21T05:09:54.192+0000] {dagbag.py:545} INFO - Filling up the DagBag from /opt/airflow/dags/kpi_hourly_dag.py
[2026-08-21T05:09:54.234+0000] {processor.py:840} INFO - DAG(s) 'cell_kpi_spatial_analytics_pipeline' retrieved from /opt/airflow/dags/kpi_hourly_dag.py
[2026-08-21T05:09:54.244+0000] {logging_mixin.py:188} INFO - [2026-08-21T05:09:54.244+0000] {dag.py:3096} INFO - Sync 1 DAGs
[2026-08-21T05:09:54.262+0000] {logging_mixin.py:188} INFO - [2026-08-21T05:09:54.262+0000] {dag.py:3954} INFO - Setting next_dagrun for cell_kpi_spatial_analytics_pipeline to None, run_after=None
[2026-08-21T05:09:54.275+0000] {processor.py:183} INFO - Processing /opt/airflow/dags/kpi_hourly_dag.py took 0.090 seconds
[2026-08-21T05:10:24.316+0000] {processor.py:161} INFO - Started process (PID=9192) to work on /opt/airflow/dags/kpi_hourly_dag.py
[2026-08-21T05:10:24.317+0000] {processor.py:830} INFO - Processing file /opt/airflow/dags/kpi_hourly_dag.py for tasks to queue
[2026-08-21T05:10:24.318+0000] {logging_mixin.py:188} INFO - [2026-08-21T05:10:24.318+0000] {dagbag.py:545} INFO - Filling up the DagBag from /opt/airflow/dags/kpi_hourly_dag.py
[2026-08-21T05:10:24.362+0000] {processor.py:840} INFO - DAG(s) 'cell_kpi_spatial_analytics_pipeline' retrieved from /opt/airflow/dags/kpi_hourly_dag.py
[2026-08-21T05:10:24.372+0000] {logging_mixin.py:188} INFO - [2026-08-21T05:10:24.372+0000] {dag.py:3096} INFO - Sync 1 DAGs
[2026-08-21T05:10:24.389+0000] {logging_mixin.py:188} INFO - [2026-08-21T05:10:24.388+0000] {dag.py:3954} INFO - Setting next_dagrun for cell_kpi_spatial_analytics_pipeline to None, run_after=None
[2026-08-21T05:10:24.402+0000] {processor.py:183} INFO - Processing /opt/airflow/dags/kpi_hourly_dag.py took 0.091 seconds
[2026-08-21T05:10:54.527+0000] {processor.py:161} INFO - Started process (PID=9202) to work on /opt/airflow/dags/kpi_hourly_dag.py
[2026-08-21T05:10:54.527+0000] {processor.py:830} INFO - Processing file /opt/airflow/dags/kpi_hourly_dag.py for tasks to queue
[2026-08-21T05:10:54.528+0000] {logging_mixin.py:188} INFO - [2026-08-21T05:10:54.528+0000] {dagbag.py:545} INFO - Filling up the DagBag from /opt/airflow/dags/kpi_hourly_dag.py
[2026-08-21T05:10:54.572+0000] {processor.py:840} INFO - DAG(s) 'cell_kpi_spatial_analytics_pipeline' retrieved from /opt/airflow/dags/kpi_hourly_dag.py
[2026-08-21T05:10:54.582+0000] {logging_mixin.py:188} INFO - [2026-08-21T05:10:54.582+0000] {dag.py:3096} INFO - Sync 1 DAGs
[2026-08-21T05:10:54.598+0000] {logging_mixin.py:188} INFO - [2026-08-21T05:10:54.598+0000] {dag.py:3954} INFO - Setting next_dagrun for cell_kpi_spatial_analytics_pipeline to None, run_after=None
[2026-08-21T05:10:54.612+0000] {processor.py:183} INFO - Processing /opt/airflow/dags/kpi_hourly_dag.py took 0.091 seconds
[2026-08-21T05:11:24.654+0000] {processor.py:161} INFO - Started process (PID=9212) to work on /opt/airflow/dags/kpi_hourly_dag.py
[2026-08-21T05:11:24.655+0000] {processor.py:830} INFO - Processing file /opt/airflow/dags/kpi_hourly_dag.py for tasks to queue
[2026-08-21T05:11:24.656+0000] {logging_mixin.py:188} INFO - [2026-08-21T05:11:24.656+0000] {dagbag.py:545} INFO - Filling up the DagBag from /opt/airflow/dags/kpi_hourly_dag.py
[2026-08-21T05:11:24.700+0000] {processor.py:840} INFO - DAG(s) 'cell_kpi_spatial_analytics_pipeline' retrieved from /opt/airflow/dags/kpi_hourly_dag.py
[2026-08-21T05:11:24.711+0000] {logging_mixin.py:188} INFO - [2026-08-21T05:11:24.710+0000] {dag.py:3096} INFO - Sync 1 DAGs
[2026-08-21T05:11:24.728+0000] {logging_mixin.py:188} INFO - [2026-08-21T05:11:24.728+0000] {dag.py:3954} INFO - Setting next_dagrun for cell_kpi_spatial_analytics_pipeline to None, run_after=None
[2026-08-21T05:11:24.741+0000] {processor.py:183} INFO - Processing /opt/airflow/dags/kpi_hourly_dag.py took 0.092 seconds
[2026-08-21T05:11:54.867+0000] {processor.py:161} INFO - Started process (PID=9222) to work on /opt/airflow/dags/kpi_hourly_dag.py
[2026-08-21T05:11:54.867+0000] {processor.py:830} INFO - Processing file /opt/airflow/dags/kpi_hourly_dag.py for tasks to queue
[2026-08-21T05:11:54.869+0000] {logging_mixin.py:188} INFO - [2026-08-21T05:11:54.869+0000] {dagbag.py:545} INFO - Filling up the DagBag from /opt/airflow/dags/kpi_hourly_dag.py
[2026-08-21T05:11:54.912+0000] {processor.py:840} INFO - DAG(s) 'cell_kpi_spatial_analytics_pipeline' retrieved from /opt/airflow/dags/kpi_hourly_dag.py
[2026-08-21T05:11:54.922+0000] {logging_mixin.py:188} INFO - [2026-08-21T05:11:54.922+0000] {dag.py:3096} INFO - Sync 1 DAGs
[2026-08-21T05:11:54.939+0000] {logging_mixin.py:188} INFO - [2026-08-21T05:11:54.939+0000] {dag.py:3954} INFO - Setting next_dagrun for cell_kpi_spatial_analytics_pipeline to None, run_after=None
[2026-08-21T05:11:54.952+0000] {processor.py:183} INFO - Processing /opt/airflow/dags/kpi_hourly_dag.py took 0.090 seconds
[2026-08-21T05:12:25.075+0000] {processor.py:161} INFO - Started process (PID=9232) to work on /opt/airflow/dags/kpi_hourly_dag.py
[2026-08-21T05:12:25.076+0000] {processor.py:830} INFO - Processing file /opt/airflow/dags/kpi_hourly_dag.py for tasks to queue
[2026-08-21T05:12:25.077+0000] {logging_mixin.py:188} INFO - [2026-08-21T05:12:25.077+0000] {dagbag.py:545} INFO - Filling up the DagBag from /opt/airflow/dags/kpi_hourly_dag.py
[2026-08-21T05:12:25.120+0000] {processor.py:840} INFO - DAG(s) 'cell_kpi_spatial_analytics_pipeline' retrieved from /opt/airflow/dags/kpi_hourly_dag.py
[2026-08-21T05:12:25.129+0000] {logging_mixin.py:188} INFO - [2026-08-21T05:12:25.129+0000] {dag.py:3096} INFO - Sync 1 DAGs
[2026-08-21T05:12:25.146+0000] {logging_mixin.py:188} INFO - [2026-08-21T05:12:25.145+0000] {dag.py:3954} INFO - Setting next_dagrun for cell_kpi_spatial_analytics_pipeline to None, run_after=None
[2026-08-21T05:12:25.159+0000] {processor.py:183} INFO - Processing /opt/airflow/dags/kpi_hourly_dag.py took 0.089 seconds
[2026-08-21T05:12:55.201+0000] {processor.py:161} INFO - Started process (PID=9242) to work on /opt/airflow/dags/kpi_hourly_dag.py
[2026-08-21T05:12:55.202+0000] {processor.py:830} INFO - Processing file /opt/airflow/dags/kpi_hourly_dag.py for tasks to queue
[2026-08-21T05:12:55.204+0000] {logging_mixin.py:188} INFO - [2026-08-21T05:12:55.203+0000] {dagbag.py:545} INFO - Filling up the DagBag from /opt/airflow/dags/kpi_hourly_dag.py
[2026-08-21T05:12:55.250+0000] {processor.py:840} INFO - DAG(s) 'cell_kpi_spatial_analytics_pipeline' retrieved from /opt/airflow/dags/kpi_hourly_dag.py
[2026-08-21T05:12:55.260+0000] {logging_mixin.py:188} INFO - [2026-08-21T05:12:55.260+0000] {dag.py:3096} INFO - Sync 1 DAGs
[2026-08-21T05:12:55.276+0000] {logging_mixin.py:188} INFO - [2026-08-21T05:12:55.276+0000] {dag.py:3954} INFO - Setting next_dagrun for cell_kpi_spatial_analytics_pipeline to None, run_after=None
[2026-08-21T05:12:55.290+0000] {processor.py:183} INFO - Processing /opt/airflow/dags/kpi_hourly_dag.py took 0.095 seconds
[2026-08-21T05:13:25.417+0000] {processor.py:161} INFO - Started process (PID=9252) to work on /opt/airflow/dags/kpi_hourly_dag.py
[2026-08-21T05:13:25.417+0000] {processor.py:830} INFO - Processing file /opt/airflow/dags/kpi_hourly_dag.py for tasks to queue
[2026-08-21T05:13:25.419+0000] {logging_mixin.py:188} INFO - [2026-08-21T05:13:25.418+0000] {dagbag.py:545} INFO - Filling up the DagBag from /opt/airflow/dags/kpi_hourly_dag.py
[2026-08-21T05:13:25.460+0000] {processor.py:840} INFO - DAG(s) 'cell_kpi_spatial_analytics_pipeline' retrieved from /opt/airflow/dags/kpi_hourly_dag.py
[2026-08-21T05:13:25.470+0000] {logging_mixin.py:188} INFO - [2026-08-21T05:13:25.470+0000] {dag.py:3096} INFO - Sync 1 DAGs
[2026-08-21T05:13:25.487+0000] {logging_mixin.py:188} INFO - [2026-08-21T05:13:25.487+0000] {dag.py:3954} INFO - Setting next_dagrun for cell_kpi_spatial_analytics_pipeline to None, run_after=None
[2026-08-21T05:13:25.501+0000] {processor.py:183} INFO - Processing /opt/airflow/dags/kpi_hourly_dag.py took 0.090 seconds
[2026-08-21T05:13:55.620+0000] {processor.py:161} INFO - Started process (PID=9262) to work on /opt/airflow/dags/kpi_hourly_dag.py
[2026-08-21T05:13:55.621+0000] {processor.py:830} INFO - Processing file /opt/airflow/dags/kpi_hourly_dag.py for tasks to queue
[2026-08-21T05:13:55.622+0000] {logging_mixin.py:188} INFO - [2026-08-21T05:13:55.622+0000] {dagbag.py:545} INFO - Filling up the DagBag from /opt/airflow/dags/kpi_hourly_dag.py
[2026-08-21T05:13:55.677+0000] {processor.py:840} INFO - DAG(s) 'cell_kpi_spatial_analytics_pipeline' retrieved from /opt/airflow/dags/kpi_hourly_dag.py
[2026-08-21T05:13:55.688+0000] {logging_mixin.py:188} INFO - [2026-08-21T05:13:55.687+0000] {dag.py:3096} INFO - Sync 1 DAGs
[2026-08-21T05:13:55.705+0000] {logging_mixin.py:188} INFO - [2026-08-21T05:13:55.705+0000] {dag.py:3954} INFO - Setting next_dagrun for cell_kpi_spatial_analytics_pipeline to None, run_after=None
[2026-08-21T05:13:55.719+0000] {processor.py:183} INFO - Processing /opt/airflow/dags/kpi_hourly_dag.py took 0.105 seconds
[2026-08-21T05:14:25.758+0000] {processor.py:161} INFO - Started process (PID=9272) to work on /opt/airflow/dags/kpi_hourly_dag.py
[2026-08-21T05:14:25.759+0000] {processor.py:830} INFO - Processing file /opt/airflow/dags/kpi_hourly_dag.py for tasks to queue
[2026-08-21T05:14:25.760+0000] {logging_mixin.py:188} INFO - [2026-08-21T05:14:25.760+0000] {dagbag.py:545} INFO - Filling up the DagBag from /opt/airflow/dags/kpi_hourly_dag.py
[2026-08-21T05:14:25.804+0000] {processor.py:840} INFO - DAG(s) 'cell_kpi_spatial_analytics_pipeline' retrieved from /opt/airflow/dags/kpi_hourly_dag.py
[2026-08-21T05:14:25.815+0000] {logging_mixin.py:188} INFO - [2026-08-21T05:14:25.814+0000] {dag.py:3096} INFO - Sync 1 DAGs
[2026-08-21T05:14:25.832+0000] {logging_mixin.py:188} INFO - [2026-08-21T05:14:25.832+0000] {dag.py:3954} INFO - Setting next_dagrun for cell_kpi_spatial_analytics_pipeline to None, run_after=None
[2026-08-21T05:14:25.844+0000] {processor.py:183} INFO - Processing /opt/airflow/dags/kpi_hourly_dag.py took 0.092 seconds
[2026-08-21T05:14:55.966+0000] {processor.py:161} INFO - Started process (PID=9282) to work on /opt/airflow/dags/kpi_hourly_dag.py
[2026-08-21T05:14:55.967+0000] {processor.py:830} INFO - Processing file /opt/airflow/dags/kpi_hourly_dag.py for tasks to queue
[2026-08-21T05:14:55.968+0000] {logging_mixin.py:188} INFO - [2026-08-21T05:14:55.968+0000] {dagbag.py:545} INFO - Filling up the DagBag from /opt/airflow/dags/kpi_hourly_dag.py
[2026-08-21T05:14:56.012+0000] {processor.py:840} INFO - DAG(s) 'cell_kpi_spatial_analytics_pipeline' retrieved from /opt/airflow/dags/kpi_hourly_dag.py
[2026-08-21T05:14:56.024+0000] {logging_mixin.py:188} INFO - [2026-08-21T05:14:56.024+0000] {dag.py:3096} INFO - Sync 1 DAGs
[2026-08-21T05:14:56.042+0000] {logging_mixin.py:188} INFO - [2026-08-21T05:14:56.042+0000] {dag.py:3954} INFO - Setting next_dagrun for cell_kpi_spatial_analytics_pipeline to None, run_after=None
[2026-08-21T05:14:56.056+0000] {processor.py:183} INFO - Processing /opt/airflow/dags/kpi_hourly_dag.py took 0.094 seconds
[2026-08-21T05:15:26.095+0000] {processor.py:161} INFO - Started process (PID=9292) to work on /opt/airflow/dags/kpi_hourly_dag.py
[2026-08-21T05:15:26.095+0000] {processor.py:830} INFO - Processing file /opt/airflow/dags/kpi_hourly_dag.py for tasks to queue
[2026-08-21T05:15:26.097+0000] {logging_mixin.py:188} INFO - [2026-08-21T05:15:26.096+0000] {dagbag.py:545} INFO - Filling up the DagBag from /opt/airflow/dags/kpi_hourly_dag.py
[2026-08-21T05:15:26.144+0000] {processor.py:840} INFO - DAG(s) 'cell_kpi_spatial_analytics_pipeline' retrieved from /opt/airflow/dags/kpi_hourly_dag.py
[2026-08-21T05:15:26.158+0000] {logging_mixin.py:188} INFO - [2026-08-21T05:15:26.157+0000] {dag.py:3096} INFO - Sync 1 DAGs
[2026-08-21T05:15:26.178+0000] {logging_mixin.py:188} INFO - [2026-08-21T05:15:26.178+0000] {dag.py:3954} INFO - Setting next_dagrun for cell_kpi_spatial_analytics_pipeline to None, run_after=None
[2026-08-21T05:15:26.191+0000] {processor.py:183} INFO - Processing /opt/airflow/dags/kpi_hourly_dag.py took 0.102 seconds
[2026-08-21T05:15:56.320+0000] {processor.py:161} INFO - Started process (PID=9302) to work on /opt/airflow/dags/kpi_hourly_dag.py
[2026-08-21T05:15:56.321+0000] {processor.py:830} INFO - Processing file /opt/airflow/dags/kpi_hourly_dag.py for tasks to queue
[2026-08-21T05:15:56.322+0000] {logging_mixin.py:188} INFO - [2026-08-21T05:15:56.322+0000] {dagbag.py:545} INFO - Filling up the DagBag from /opt/airflow/dags/kpi_hourly_dag.py
[2026-08-21T05:15:56.365+0000] {processor.py:840} INFO - DAG(s) 'cell_kpi_spatial_analytics_pipeline' retrieved from /opt/airflow/dags/kpi_hourly_dag.py
[2026-08-21T05:15:56.375+0000] {logging_mixin.py:188} INFO - [2026-08-21T05:15:56.375+0000] {dag.py:3096} INFO - Sync 1 DAGs
[2026-08-21T05:15:56.393+0000] {logging_mixin.py:188} INFO - [2026-08-21T05:15:56.393+0000] {dag.py:3954} INFO - Setting next_dagrun for cell_kpi_spatial_analytics_pipeline to None, run_after=None
[2026-08-21T05:15:56.406+0000] {processor.py:183} INFO - Processing /opt/airflow/dags/kpi_hourly_dag.py took 0.092 seconds
[2026-08-21T05:16:26.448+0000] {processor.py:161} INFO - Started process (PID=9312) to work on /opt/airflow/dags/kpi_hourly_dag.py
[2026-08-21T05:16:26.449+0000] {processor.py:830} INFO - Processing file /opt/airflow/dags/kpi_hourly_dag.py for tasks to queue
[2026-08-21T05:16:26.451+0000] {logging_mixin.py:188} INFO - [2026-08-21T05:16:26.450+0000] {dagbag.py:545} INFO - Filling up the DagBag from /opt/airflow/dags/kpi_hourly_dag.py
[2026-08-21T05:16:26.502+0000] {processor.py:840} INFO - DAG(s) 'cell_kpi_spatial_analytics_pipeline' retrieved from /opt/airflow/dags/kpi_hourly_dag.py
[2026-08-21T05:16:26.513+0000] {logging_mixin.py:188} INFO - [2026-08-21T05:16:26.513+0000] {dag.py:3096} INFO - Sync 1 DAGs
[2026-08-21T05:16:26.532+0000] {logging_mixin.py:188} INFO - [2026-08-21T05:16:26.532+0000] {dag.py:3954} INFO - Setting next_dagrun for cell_kpi_spatial_analytics_pipeline to None, run_after=None
[2026-08-21T05:16:26.545+0000] {processor.py:183} INFO - Processing /opt/airflow/dags/kpi_hourly_dag.py took 0.103 seconds
[2026-08-21T05:16:56.672+0000] {processor.py:161} INFO - Started process (PID=9322) to work on /opt/airflow/dags/kpi_hourly_dag.py
[2026-08-21T05:16:56.673+0000] {processor.py:830} INFO - Processing file /opt/airflow/dags/kpi_hourly_dag.py for tasks to queue
[2026-08-21T05:16:56.674+0000] {logging_mixin.py:188} INFO - [2026-08-21T05:16:56.674+0000] {dagbag.py:545} INFO - Filling up the DagBag from /opt/airflow/dags/kpi_hourly_dag.py
[2026-08-21T05:16:56.718+0000] {processor.py:840} INFO - DAG(s) 'cell_kpi_spatial_analytics_pipeline' retrieved from /opt/airflow/dags/kpi_hourly_dag.py
[2026-08-21T05:16:56.729+0000] {logging_mixin.py:188} INFO - [2026-08-21T05:16:56.729+0000] {dag.py:3096} INFO - Sync 1 DAGs
[2026-08-21T05:16:56.747+0000] {logging_mixin.py:188} INFO - [2026-08-21T05:16:56.747+0000] {dag.py:3954} INFO - Setting next_dagrun for cell_kpi_spatial_analytics_pipeline to None, run_after=None
[2026-08-21T05:16:56.760+0000] {processor.py:183} INFO - Processing /opt/airflow/dags/kpi_hourly_dag.py took 0.092 seconds
[2026-08-21T05:17:26.886+0000] {processor.py:161} INFO - Started process (PID=9332) to work on /opt/airflow/dags/kpi_hourly_dag.py
[2026-08-21T05:17:26.887+0000] {processor.py:830} INFO - Processing file /opt/airflow/dags/kpi_hourly_dag.py for tasks to queue
[2026-08-21T05:17:26.888+0000] {logging_mixin.py:188} INFO - [2026-08-21T05:17:26.888+0000] {dagbag.py:545} INFO - Filling up the DagBag from /opt/airflow/dags/kpi_hourly_dag.py
[2026-08-21T05:17:26.930+0000] {processor.py:840} INFO - DAG(s) 'cell_kpi_spatial_analytics_pipeline' retrieved from /opt/airflow/dags/kpi_hourly_dag.py
[2026-08-21T05:17:26.941+0000] {logging_mixin.py:188} INFO - [2026-08-21T05:17:26.940+0000] {dag.py:3096} INFO - Sync 1 DAGs
[2026-08-21T05:17:26.958+0000] {logging_mixin.py:188} INFO - [2026-08-21T05:17:26.958+0000] {dag.py:3954} INFO - Setting next_dagrun for cell_kpi_spatial_analytics_pipeline to None, run_after=None
[2026-08-21T05:17:26.971+0000] {processor.py:183} INFO - Processing /opt/airflow/dags/kpi_hourly_dag.py took 0.090 seconds
[2026-08-21T05:17:57.012+0000] {processor.py:161} INFO - Started process (PID=9342) to work on /opt/airflow/dags/kpi_hourly_dag.py
[2026-08-21T05:17:57.013+0000] {processor.py:830} INFO - Processing file /opt/airflow/dags/kpi_hourly_dag.py for tasks to queue
[2026-08-21T05:17:57.014+0000] {logging_mixin.py:188} INFO - [2026-08-21T05:17:57.014+0000] {dagbag.py:545} INFO - Filling up the DagBag from /opt/airflow/dags/kpi_hourly_dag.py
[2026-08-21T05:17:57.057+0000] {processor.py:840} INFO - DAG(s) 'cell_kpi_spatial_analytics_pipeline' retrieved from /opt/airflow/dags/kpi_hourly_dag.py
[2026-08-21T05:17:57.067+0000] {logging_mixin.py:188} INFO - [2026-08-21T05:17:57.067+0000] {dag.py:3096} INFO - Sync 1 DAGs
[2026-08-21T05:17:57.085+0000] {logging_mixin.py:188} INFO - [2026-08-21T05:17:57.085+0000] {dag.py:3954} INFO - Setting next_dagrun for cell_kpi_spatial_analytics_pipeline to None, run_after=None
[2026-08-21T05:17:57.097+0000] {processor.py:183} INFO - Processing /opt/airflow/dags/kpi_hourly_dag.py took 0.091 seconds
[2026-08-21T05:18:27.222+0000] {processor.py:161} INFO - Started process (PID=9352) to work on /opt/airflow/dags/kpi_hourly_dag.py
[2026-08-21T05:18:27.223+0000] {processor.py:830} INFO - Processing file /opt/airflow/dags/kpi_hourly_dag.py for tasks to queue
[2026-08-21T05:18:27.224+0000] {logging_mixin.py:188} INFO - [2026-08-21T05:18:27.224+0000] {dagbag.py:545} INFO - Filling up the DagBag from /opt/airflow/dags/kpi_hourly_dag.py
[2026-08-21T05:18:27.266+0000] {processor.py:840} INFO - DAG(s) 'cell_kpi_spatial_analytics_pipeline' retrieved from /opt/airflow/dags/kpi_hourly_dag.py
[2026-08-21T05:18:27.276+0000] {logging_mixin.py:188} INFO - [2026-08-21T05:18:27.276+0000] {dag.py:3096} INFO - Sync 1 DAGs
[2026-08-21T05:18:27.293+0000] {logging_mixin.py:188} INFO - [2026-08-21T05:18:27.292+0000] {dag.py:3954} INFO - Setting next_dagrun for cell_kpi_spatial_analytics_pipeline to None, run_after=None
[2026-08-21T05:18:27.306+0000] {processor.py:183} INFO - Processing /opt/airflow/dags/kpi_hourly_dag.py took 0.089 seconds
[2026-08-21T05:18:57.425+0000] {processor.py:161} INFO - Started process (PID=9362) to work on /opt/airflow/dags/kpi_hourly_dag.py
[2026-08-21T05:18:57.426+0000] {processor.py:830} INFO - Processing file /opt/airflow/dags/kpi_hourly_dag.py for tasks to queue
[2026-08-21T05:18:57.427+0000] {logging_mixin.py:188} INFO - [2026-08-21T05:18:57.427+0000] {dagbag.py:545} INFO - Filling up the DagBag from /opt/airflow/dags/kpi_hourly_dag.py
[2026-08-21T05:18:57.469+0000] {processor.py:840} INFO - DAG(s) 'cell_kpi_spatial_analytics_pipeline' retrieved from /opt/airflow/dags/kpi_hourly_dag.py
[2026-08-21T05:18:57.479+0000] {logging_mixin.py:188} INFO - [2026-08-21T05:18:57.479+0000] {dag.py:3096} INFO - Sync 1 DAGs
[2026-08-21T05:18:57.495+0000] {logging_mixin.py:188} INFO - [2026-08-21T05:18:57.495+0000] {dag.py:3954} INFO - Setting next_dagrun for cell_kpi_spatial_analytics_pipeline to None, run_after=None
[2026-08-21T05:18:57.508+0000] {processor.py:183} INFO - Processing /opt/airflow/dags/kpi_hourly_dag.py took 0.088 seconds
[2026-08-21T05:19:27.564+0000] {processor.py:161} INFO - Started process (PID=9372) to work on /opt/airflow/dags/kpi_hourly_dag.py
[2026-08-21T05:19:27.565+0000] {processor.py:830} INFO - Processing file /opt/airflow/dags/kpi_hourly_dag.py for tasks to queue
[2026-08-21T05:19:27.566+0000] {logging_mixin.py:188} INFO - [2026-08-21T05:19:27.566+0000] {dagbag.py:545} INFO - Filling up the DagBag from /opt/airflow/dags/kpi_hourly_dag.py
[2026-08-21T05:19:27.608+0000] {processor.py:840} INFO - DAG(s) 'cell_kpi_spatial_analytics_pipeline' retrieved from /opt/airflow/dags/kpi_hourly_dag.py
[2026-08-21T05:19:27.618+0000] {logging_mixin.py:188} INFO - [2026-08-21T05:19:27.618+0000] {dag.py:3096} INFO - Sync 1 DAGs
[2026-08-21T05:19:27.635+0000] {logging_mixin.py:188} INFO - [2026-08-21T05:19:27.635+0000] {dag.py:3954} INFO - Setting next_dagrun for cell_kpi_spatial_analytics_pipeline to None, run_after=None
[2026-08-21T05:19:27.648+0000] {processor.py:183} INFO - Processing /opt/airflow/dags/kpi_hourly_dag.py took 0.089 seconds
[2026-08-21T05:19:57.763+0000] {processor.py:161} INFO - Started process (PID=9382) to work on /opt/airflow/dags/kpi_hourly_dag.py
[2026-08-21T05:19:57.764+0000] {processor.py:830} INFO - Processing file /opt/airflow/dags/kpi_hourly_dag.py for tasks to queue
[2026-08-21T05:19:57.766+0000] {logging_mixin.py:188} INFO - [2026-08-21T05:19:57.766+0000] {dagbag.py:545} INFO - Filling up the DagBag from /opt/airflow/dags/kpi_hourly_dag.py
[2026-08-21T05:19:57.814+0000] {processor.py:840} INFO - DAG(s) 'cell_kpi_spatial_analytics_pipeline' retrieved from /opt/airflow/dags/kpi_hourly_dag.py
[2026-08-21T05:19:57.824+0000] {logging_mixin.py:188} INFO - [2026-08-21T05:19:57.824+0000] {dag.py:3096} INFO - Sync 1 DAGs
[2026-08-21T05:19:57.842+0000] {logging_mixin.py:188} INFO - [2026-08-21T05:19:57.842+0000] {dag.py:3954} INFO - Setting next_dagrun for cell_kpi_spatial_analytics_pipeline to None, run_after=None
[2026-08-21T05:19:57.855+0000] {processor.py:183} INFO - Processing /opt/airflow/dags/kpi_hourly_dag.py took 0.097 seconds
[2026-08-21T05:20:27.897+0000] {processor.py:161} INFO - Started process (PID=9392) to work on /opt/airflow/dags/kpi_hourly_dag.py
[2026-08-21T05:20:27.898+0000] {processor.py:830} INFO - Processing file /opt/airflow/dags/kpi_hourly_dag.py for tasks to queue
[2026-08-21T05:20:27.899+0000] {logging_mixin.py:188} INFO - [2026-08-21T05:20:27.899+0000] {dagbag.py:545} INFO - Filling up the DagBag from /opt/airflow/dags/kpi_hourly_dag.py
[2026-08-21T05:20:27.942+0000] {processor.py:840} INFO - DAG(s) 'cell_kpi_spatial_analytics_pipeline' retrieved from /opt/airflow/dags/kpi_hourly_dag.py
[2026-08-21T05:20:27.952+0000] {logging_mixin.py:188} INFO - [2026-08-21T05:20:27.952+0000] {dag.py:3096} INFO - Sync 1 DAGs
[2026-08-21T05:20:27.969+0000] {logging_mixin.py:188} INFO - [2026-08-21T05:20:27.969+0000] {dag.py:3954} INFO - Setting next_dagrun for cell_kpi_spatial_analytics_pipeline to None, run_after=None
[2026-08-21T05:20:27.982+0000] {processor.py:183} INFO - Processing /opt/airflow/dags/kpi_hourly_dag.py took 0.090 seconds
[2026-08-21T05:20:58.110+0000] {processor.py:161} INFO - Started process (PID=9402) to work on /opt/airflow/dags/kpi_hourly_dag.py
[2026-08-21T05:20:58.111+0000] {processor.py:830} INFO - Processing file /opt/airflow/dags/kpi_hourly_dag.py for tasks to queue
[2026-08-21T05:20:58.112+0000] {logging_mixin.py:188} INFO - [2026-08-21T05:20:58.112+0000] {dagbag.py:545} INFO - Filling up the DagBag from /opt/airflow/dags/kpi_hourly_dag.py
[2026-08-21T05:20:58.154+0000] {processor.py:840} INFO - DAG(s) 'cell_kpi_spatial_analytics_pipeline' retrieved from /opt/airflow/dags/kpi_hourly_dag.py
[2026-08-21T05:20:58.164+0000] {logging_mixin.py:188} INFO - [2026-08-21T05:20:58.164+0000] {dag.py:3096} INFO - Sync 1 DAGs
[2026-08-21T05:20:58.180+0000] {logging_mixin.py:188} INFO - [2026-08-21T05:20:58.180+0000] {dag.py:3954} INFO - Setting next_dagrun for cell_kpi_spatial_analytics_pipeline to None, run_after=None
[2026-08-21T05:20:58.193+0000] {processor.py:183} INFO - Processing /opt/airflow/dags/kpi_hourly_dag.py took 0.089 seconds
[2026-08-21T05:21:28.238+0000] {processor.py:161} INFO - Started process (PID=9412) to work on /opt/airflow/dags/kpi_hourly_dag.py
[2026-08-21T05:21:28.239+0000] {processor.py:830} INFO - Processing file /opt/airflow/dags/kpi_hourly_dag.py for tasks to queue
[2026-08-21T05:21:28.240+0000] {logging_mixin.py:188} INFO - [2026-08-21T05:21:28.240+0000] {dagbag.py:545} INFO - Filling up the DagBag from /opt/airflow/dags/kpi_hourly_dag.py
[2026-08-21T05:21:28.283+0000] {processor.py:840} INFO - DAG(s) 'cell_kpi_spatial_analytics_pipeline' retrieved from /opt/airflow/dags/kpi_hourly_dag.py
[2026-08-21T05:21:28.293+0000] {logging_mixin.py:188} INFO - [2026-08-21T05:21:28.292+0000] {dag.py:3096} INFO - Sync 1 DAGs
[2026-08-21T05:21:28.314+0000] {logging_mixin.py:188} INFO - [2026-08-21T05:21:28.314+0000] {dag.py:3954} INFO - Setting next_dagrun for cell_kpi_spatial_analytics_pipeline to None, run_after=None
[2026-08-21T05:21:28.328+0000] {processor.py:183} INFO - Processing /opt/airflow/dags/kpi_hourly_dag.py took 0.096 seconds
[2026-08-21T05:21:58.459+0000] {processor.py:161} INFO - Started process (PID=9422) to work on /opt/airflow/dags/kpi_hourly_dag.py
[2026-08-21T05:21:58.460+0000] {processor.py:830} INFO - Processing file /opt/airflow/dags/kpi_hourly_dag.py for tasks to queue
[2026-08-21T05:21:58.461+0000] {logging_mixin.py:188} INFO - [2026-08-21T05:21:58.461+0000] {dagbag.py:545} INFO - Filling up the DagBag from /opt/airflow/dags/kpi_hourly_dag.py
[2026-08-21T05:21:58.503+0000] {processor.py:840} INFO - DAG(s) 'cell_kpi_spatial_analytics_pipeline' retrieved from /opt/airflow/dags/kpi_hourly_dag.py
[2026-08-21T05:21:58.513+0000] {logging_mixin.py:188} INFO - [2026-08-21T05:21:58.513+0000] {dag.py:3096} INFO - Sync 1 DAGs
[2026-08-21T05:21:58.530+0000] {logging_mixin.py:188} INFO - [2026-08-21T05:21:58.530+0000] {dag.py:3954} INFO - Setting next_dagrun for cell_kpi_spatial_analytics_pipeline to None, run_after=None
[2026-08-21T05:21:58.543+0000] {processor.py:183} INFO - Processing /opt/airflow/dags/kpi_hourly_dag.py took 0.089 seconds
[2026-08-21T05:22:28.584+0000] {processor.py:161} INFO - Started process (PID=9432) to work on /opt/airflow/dags/kpi_hourly_dag.py
[2026-08-21T05:22:28.585+0000] {processor.py:830} INFO - Processing file /opt/airflow/dags/kpi_hourly_dag.py for tasks to queue
[2026-08-21T05:22:28.587+0000] {logging_mixin.py:188} INFO - [2026-08-21T05:22:28.586+0000] {dagbag.py:545} INFO - Filling up the DagBag from /opt/airflow/dags/kpi_hourly_dag.py
[2026-08-21T05:22:28.631+0000] {processor.py:840} INFO - DAG(s) 'cell_kpi_spatial_analytics_pipeline' retrieved from /opt/airflow/dags/kpi_hourly_dag.py
[2026-08-21T05:22:28.641+0000] {logging_mixin.py:188} INFO - [2026-08-21T05:22:28.641+0000] {dag.py:3096} INFO - Sync 1 DAGs
[2026-08-21T05:22:28.657+0000] {logging_mixin.py:188} INFO - [2026-08-21T05:22:28.657+0000] {dag.py:3954} INFO - Setting next_dagrun for cell_kpi_spatial_analytics_pipeline to None, run_after=None
[2026-08-21T05:22:28.670+0000] {processor.py:183} INFO - Processing /opt/airflow/dags/kpi_hourly_dag.py took 0.092 seconds
[2026-08-21T05:22:58.794+0000] {processor.py:161} INFO - Started process (PID=9442) to work on /opt/airflow/dags/kpi_hourly_dag.py
[2026-08-21T05:22:58.795+0000] {processor.py:830} INFO - Processing file /opt/airflow/dags/kpi_hourly_dag.py for tasks to queue
[2026-08-21T05:22:58.796+0000] {logging_mixin.py:188} INFO - [2026-08-21T05:22:58.796+0000] {dagbag.py:545} INFO - Filling up the DagBag from /opt/airflow/dags/kpi_hourly_dag.py
[2026-08-21T05:22:58.838+0000] {processor.py:840} INFO - DAG(s) 'cell_kpi_spatial_analytics_pipeline' retrieved from /opt/airflow/dags/kpi_hourly_dag.py
[2026-08-21T05:22:58.848+0000] {logging_mixin.py:188} INFO - [2026-08-21T05:22:58.848+0000] {dag.py:3096} INFO - Sync 1 DAGs
[2026-08-21T05:22:58.864+0000] {logging_mixin.py:188} INFO - [2026-08-21T05:22:58.864+0000] {dag.py:3954} INFO - Setting next_dagrun for cell_kpi_spatial_analytics_pipeline to None, run_after=None
[2026-08-21T05:22:58.877+0000] {processor.py:183} INFO - Processing /opt/airflow/dags/kpi_hourly_dag.py took 0.088 seconds
[2026-08-21T05:23:28.922+0000] {processor.py:161} INFO - Started process (PID=9452) to work on /opt/airflow/dags/kpi_hourly_dag.py
[2026-08-21T05:23:28.923+0000] {processor.py:830} INFO - Processing file /opt/airflow/dags/kpi_hourly_dag.py for tasks to queue
[2026-08-21T05:23:28.924+0000] {logging_mixin.py:188} INFO - [2026-08-21T05:23:28.924+0000] {dagbag.py:545} INFO - Filling up the DagBag from /opt/airflow/dags/kpi_hourly_dag.py
[2026-08-21T05:23:28.968+0000] {processor.py:840} INFO - DAG(s) 'cell_kpi_spatial_analytics_pipeline' retrieved from /opt/airflow/dags/kpi_hourly_dag.py
[2026-08-21T05:23:28.978+0000] {logging_mixin.py:188} INFO - [2026-08-21T05:23:28.978+0000] {dag.py:3096} INFO - Sync 1 DAGs
[2026-08-21T05:23:28.995+0000] {logging_mixin.py:188} INFO - [2026-08-21T05:23:28.995+0000] {dag.py:3954} INFO - Setting next_dagrun for cell_kpi_spatial_analytics_pipeline to None, run_after=None
[2026-08-21T05:23:29.008+0000] {processor.py:183} INFO - Processing /opt/airflow/dags/kpi_hourly_dag.py took 0.091 seconds
[2026-08-21T05:23:59.135+0000] {processor.py:161} INFO - Started process (PID=9462) to work on /opt/airflow/dags/kpi_hourly_dag.py
[2026-08-21T05:23:59.136+0000] {processor.py:830} INFO - Processing file /opt/airflow/dags/kpi_hourly_dag.py for tasks to queue
[2026-08-21T05:23:59.138+0000] {logging_mixin.py:188} INFO - [2026-08-21T05:23:59.137+0000] {dagbag.py:545} INFO - Filling up the DagBag from /opt/airflow/dags/kpi_hourly_dag.py
[2026-08-21T05:23:59.181+0000] {processor.py:840} INFO - DAG(s) 'cell_kpi_spatial_analytics_pipeline' retrieved from /opt/airflow/dags/kpi_hourly_dag.py
[2026-08-21T05:23:59.191+0000] {logging_mixin.py:188} INFO - [2026-08-21T05:23:59.190+0000] {dag.py:3096} INFO - Sync 1 DAGs
[2026-08-21T05:23:59.207+0000] {logging_mixin.py:188} INFO - [2026-08-21T05:23:59.207+0000] {dag.py:3954} INFO - Setting next_dagrun for cell_kpi_spatial_analytics_pipeline to None, run_after=None
[2026-08-21T05:23:59.220+0000] {processor.py:183} INFO - Processing /opt/airflow/dags/kpi_hourly_dag.py took 0.090 seconds
[2026-08-21T05:24:29.263+0000] {processor.py:161} INFO - Started process (PID=9472) to work on /opt/airflow/dags/kpi_hourly_dag.py
[2026-08-21T05:24:29.264+0000] {processor.py:830} INFO - Processing file /opt/airflow/dags/kpi_hourly_dag.py for tasks to queue
[2026-08-21T05:24:29.265+0000] {logging_mixin.py:188} INFO - [2026-08-21T05:24:29.265+0000] {dagbag.py:545} INFO - Filling up the DagBag from /opt/airflow/dags/kpi_hourly_dag.py
[2026-08-21T05:24:29.314+0000] {processor.py:840} INFO - DAG(s) 'cell_kpi_spatial_analytics_pipeline' retrieved from /opt/airflow/dags/kpi_hourly_dag.py
[2026-08-21T05:24:29.324+0000] {logging_mixin.py:188} INFO - [2026-08-21T05:24:29.324+0000] {dag.py:3096} INFO - Sync 1 DAGs
[2026-08-21T05:24:29.340+0000] {logging_mixin.py:188} INFO - [2026-08-21T05:24:29.340+0000] {dag.py:3954} INFO - Setting next_dagrun for cell_kpi_spatial_analytics_pipeline to None, run_after=None
[2026-08-21T05:24:29.353+0000] {processor.py:183} INFO - Processing /opt/airflow/dags/kpi_hourly_dag.py took 0.096 seconds
[2026-08-21T05:24:59.481+0000] {processor.py:161} INFO - Started process (PID=9482) to work on /opt/airflow/dags/kpi_hourly_dag.py
[2026-08-21T05:24:59.482+0000] {processor.py:830} INFO - Processing file /opt/airflow/dags/kpi_hourly_dag.py for tasks to queue
[2026-08-21T05:24:59.483+0000] {logging_mixin.py:188} INFO - [2026-08-21T05:24:59.483+0000] {dagbag.py:545} INFO - Filling up the DagBag from /opt/airflow/dags/kpi_hourly_dag.py
[2026-08-21T05:24:59.529+0000] {processor.py:840} INFO - DAG(s) 'cell_kpi_spatial_analytics_pipeline' retrieved from /opt/airflow/dags/kpi_hourly_dag.py
[2026-08-21T05:24:59.541+0000] {logging_mixin.py:188} INFO - [2026-08-21T05:24:59.540+0000] {dag.py:3096} INFO - Sync 1 DAGs
[2026-08-21T05:24:59.558+0000] {logging_mixin.py:188} INFO - [2026-08-21T05:24:59.557+0000] {dag.py:3954} INFO - Setting next_dagrun for cell_kpi_spatial_analytics_pipeline to None, run_after=None
[2026-08-21T05:24:59.571+0000] {processor.py:183} INFO - Processing /opt/airflow/dags/kpi_hourly_dag.py took 0.096 seconds
[2026-08-21T05:25:29.607+0000] {processor.py:161} INFO - Started process (PID=9492) to work on /opt/airflow/dags/kpi_hourly_dag.py
[2026-08-21T05:25:29.607+0000] {processor.py:830} INFO - Processing file /opt/airflow/dags/kpi_hourly_dag.py for tasks to queue
[2026-08-21T05:25:29.609+0000] {logging_mixin.py:188} INFO - [2026-08-21T05:25:29.609+0000] {dagbag.py:545} INFO - Filling up the DagBag from /opt/airflow/dags/kpi_hourly_dag.py
[2026-08-21T05:25:29.652+0000] {processor.py:840} INFO - DAG(s) 'cell_kpi_spatial_analytics_pipeline' retrieved from /opt/airflow/dags/kpi_hourly_dag.py
[2026-08-21T05:25:29.662+0000] {logging_mixin.py:188} INFO - [2026-08-21T05:25:29.662+0000] {dag.py:3096} INFO - Sync 1 DAGs
[2026-08-21T05:25:29.679+0000] {logging_mixin.py:188} INFO - [2026-08-21T05:25:29.679+0000] {dag.py:3954} INFO - Setting next_dagrun for cell_kpi_spatial_analytics_pipeline to None, run_after=None
[2026-08-21T05:25:29.692+0000] {processor.py:183} INFO - Processing /opt/airflow/dags/kpi_hourly_dag.py took 0.091 seconds
[2026-08-21T05:25:59.815+0000] {processor.py:161} INFO - Started process (PID=9502) to work on /opt/airflow/dags/kpi_hourly_dag.py
[2026-08-21T05:25:59.815+0000] {processor.py:830} INFO - Processing file /opt/airflow/dags/kpi_hourly_dag.py for tasks to queue
[2026-08-21T05:25:59.817+0000] {logging_mixin.py:188} INFO - [2026-08-21T05:25:59.816+0000] {dagbag.py:545} INFO - Filling up the DagBag from /opt/airflow/dags/kpi_hourly_dag.py
[2026-08-21T05:25:59.859+0000] {processor.py:840} INFO - DAG(s) 'cell_kpi_spatial_analytics_pipeline' retrieved from /opt/airflow/dags/kpi_hourly_dag.py
[2026-08-21T05:25:59.869+0000] {logging_mixin.py:188} INFO - [2026-08-21T05:25:59.869+0000] {dag.py:3096} INFO - Sync 1 DAGs
[2026-08-21T05:25:59.887+0000] {logging_mixin.py:188} INFO - [2026-08-21T05:25:59.887+0000] {dag.py:3954} INFO - Setting next_dagrun for cell_kpi_spatial_analytics_pipeline to None, run_after=None
[2026-08-21T05:25:59.900+0000] {processor.py:183} INFO - Processing /opt/airflow/dags/kpi_hourly_dag.py took 0.091 seconds
[2026-08-21T05:26:29.942+0000] {processor.py:161} INFO - Started process (PID=9512) to work on /opt/airflow/dags/kpi_hourly_dag.py
[2026-08-21T05:26:29.942+0000] {processor.py:830} INFO - Processing file /opt/airflow/dags/kpi_hourly_dag.py for tasks to queue
[2026-08-21T05:26:29.944+0000] {logging_mixin.py:188} INFO - [2026-08-21T05:26:29.943+0000] {dagbag.py:545} INFO - Filling up the DagBag from /opt/airflow/dags/kpi_hourly_dag.py
[2026-08-21T05:26:29.990+0000] {processor.py:840} INFO - DAG(s) 'cell_kpi_spatial_analytics_pipeline' retrieved from /opt/airflow/dags/kpi_hourly_dag.py
[2026-08-21T05:26:30.000+0000] {logging_mixin.py:188} INFO - [2026-08-21T05:26:30.000+0000] {dag.py:3096} INFO - Sync 1 DAGs
[2026-08-21T05:26:30.018+0000] {logging_mixin.py:188} INFO - [2026-08-21T05:26:30.018+0000] {dag.py:3954} INFO - Setting next_dagrun for cell_kpi_spatial_analytics_pipeline to None, run_after=None
[2026-08-21T05:26:30.032+0000] {processor.py:183} INFO - Processing /opt/airflow/dags/kpi_hourly_dag.py took 0.096 seconds
[2026-08-21T05:27:00.158+0000] {processor.py:161} INFO - Started process (PID=9522) to work on /opt/airflow/dags/kpi_hourly_dag.py
[2026-08-21T05:27:00.159+0000] {processor.py:830} INFO - Processing file /opt/airflow/dags/kpi_hourly_dag.py for tasks to queue
[2026-08-21T05:27:00.160+0000] {logging_mixin.py:188} INFO - [2026-08-21T05:27:00.160+0000] {dagbag.py:545} INFO - Filling up the DagBag from /opt/airflow/dags/kpi_hourly_dag.py
[2026-08-21T05:27:00.203+0000] {processor.py:840} INFO - DAG(s) 'cell_kpi_spatial_analytics_pipeline' retrieved from /opt/airflow/dags/kpi_hourly_dag.py
[2026-08-21T05:27:00.213+0000] {logging_mixin.py:188} INFO - [2026-08-21T05:27:00.213+0000] {dag.py:3096} INFO - Sync 1 DAGs
[2026-08-21T05:27:00.229+0000] {logging_mixin.py:188} INFO - [2026-08-21T05:27:00.229+0000] {dag.py:3954} INFO - Setting next_dagrun for cell_kpi_spatial_analytics_pipeline to None, run_after=None
[2026-08-21T05:27:00.241+0000] {processor.py:183} INFO - Processing /opt/airflow/dags/kpi_hourly_dag.py took 0.088 seconds
[2026-08-21T05:27:30.285+0000] {processor.py:161} INFO - Started process (PID=9532) to work on /opt/airflow/dags/kpi_hourly_dag.py
[2026-08-21T05:27:30.286+0000] {processor.py:830} INFO - Processing file /opt/airflow/dags/kpi_hourly_dag.py for tasks to queue
[2026-08-21T05:27:30.287+0000] {logging_mixin.py:188} INFO - [2026-08-21T05:27:30.287+0000] {dagbag.py:545} INFO - Filling up the DagBag from /opt/airflow/dags/kpi_hourly_dag.py
[2026-08-21T05:27:30.329+0000] {processor.py:840} INFO - DAG(s) 'cell_kpi_spatial_analytics_pipeline' retrieved from /opt/airflow/dags/kpi_hourly_dag.py
[2026-08-21T05:27:30.340+0000] {logging_mixin.py:188} INFO - [2026-08-21T05:27:30.339+0000] {dag.py:3096} INFO - Sync 1 DAGs
[2026-08-21T05:27:30.357+0000] {logging_mixin.py:188} INFO - [2026-08-21T05:27:30.356+0000] {dag.py:3954} INFO - Setting next_dagrun for cell_kpi_spatial_analytics_pipeline to None, run_after=None
[2026-08-21T05:27:30.370+0000] {processor.py:183} INFO - Processing /opt/airflow/dags/kpi_hourly_dag.py took 0.091 seconds
[2026-08-21T05:28:00.498+0000] {processor.py:161} INFO - Started process (PID=9542) to work on /opt/airflow/dags/kpi_hourly_dag.py
[2026-08-21T05:28:00.499+0000] {processor.py:830} INFO - Processing file /opt/airflow/dags/kpi_hourly_dag.py for tasks to queue
[2026-08-21T05:28:00.500+0000] {logging_mixin.py:188} INFO - [2026-08-21T05:28:00.500+0000] {dagbag.py:545} INFO - Filling up the DagBag from /opt/airflow/dags/kpi_hourly_dag.py
[2026-08-21T05:28:00.542+0000] {processor.py:840} INFO - DAG(s) 'cell_kpi_spatial_analytics_pipeline' retrieved from /opt/airflow/dags/kpi_hourly_dag.py
[2026-08-21T05:28:00.552+0000] {logging_mixin.py:188} INFO - [2026-08-21T05:28:00.552+0000] {dag.py:3096} INFO - Sync 1 DAGs
[2026-08-21T05:28:00.570+0000] {logging_mixin.py:188} INFO - [2026-08-21T05:28:00.569+0000] {dag.py:3954} INFO - Setting next_dagrun for cell_kpi_spatial_analytics_pipeline to None, run_after=None
[2026-08-21T05:28:00.582+0000] {processor.py:183} INFO - Processing /opt/airflow/dags/kpi_hourly_dag.py took 0.089 seconds
[2026-08-21T05:28:30.630+0000] {processor.py:161} INFO - Started process (PID=9552) to work on /opt/airflow/dags/kpi_hourly_dag.py
[2026-08-21T05:28:30.630+0000] {processor.py:830} INFO - Processing file /opt/airflow/dags/kpi_hourly_dag.py for tasks to queue
[2026-08-21T05:28:30.632+0000] {logging_mixin.py:188} INFO - [2026-08-21T05:28:30.631+0000] {dagbag.py:545} INFO - Filling up the DagBag from /opt/airflow/dags/kpi_hourly_dag.py
[2026-08-21T05:28:30.674+0000] {processor.py:840} INFO - DAG(s) 'cell_kpi_spatial_analytics_pipeline' retrieved from /opt/airflow/dags/kpi_hourly_dag.py
[2026-08-21T05:28:30.684+0000] {logging_mixin.py:188} INFO - [2026-08-21T05:28:30.684+0000] {dag.py:3096} INFO - Sync 1 DAGs
[2026-08-21T05:28:30.701+0000] {logging_mixin.py:188} INFO - [2026-08-21T05:28:30.701+0000] {dag.py:3954} INFO - Setting next_dagrun for cell_kpi_spatial_analytics_pipeline to None, run_after=None
[2026-08-21T05:28:30.714+0000] {processor.py:183} INFO - Processing /opt/airflow/dags/kpi_hourly_dag.py took 0.090 seconds
[2026-08-21T05:29:00.839+0000] {processor.py:161} INFO - Started process (PID=9562) to work on /opt/airflow/dags/kpi_hourly_dag.py
[2026-08-21T05:29:00.840+0000] {processor.py:830} INFO - Processing file /opt/airflow/dags/kpi_hourly_dag.py for tasks to queue
[2026-08-21T05:29:00.841+0000] {logging_mixin.py:188} INFO - [2026-08-21T05:29:00.841+0000] {dagbag.py:545} INFO - Filling up the DagBag from /opt/airflow/dags/kpi_hourly_dag.py
[2026-08-21T05:29:00.883+0000] {processor.py:840} INFO - DAG(s) 'cell_kpi_spatial_analytics_pipeline' retrieved from /opt/airflow/dags/kpi_hourly_dag.py
[2026-08-21T05:29:00.894+0000] {logging_mixin.py:188} INFO - [2026-08-21T05:29:00.893+0000] {dag.py:3096} INFO - Sync 1 DAGs
[2026-08-21T05:29:00.910+0000] {logging_mixin.py:188} INFO - [2026-08-21T05:29:00.910+0000] {dag.py:3954} INFO - Setting next_dagrun for cell_kpi_spatial_analytics_pipeline to None, run_after=None
[2026-08-21T05:29:00.923+0000] {processor.py:183} INFO - Processing /opt/airflow/dags/kpi_hourly_dag.py took 0.092 seconds
[2026-08-21T05:29:31.056+0000] {processor.py:161} INFO - Started process (PID=9572) to work on /opt/airflow/dags/kpi_hourly_dag.py
[2026-08-21T05:29:31.057+0000] {processor.py:830} INFO - Processing file /opt/airflow/dags/kpi_hourly_dag.py for tasks to queue
[2026-08-21T05:29:31.058+0000] {logging_mixin.py:188} INFO - [2026-08-21T05:29:31.058+0000] {dagbag.py:545} INFO - Filling up the DagBag from /opt/airflow/dags/kpi_hourly_dag.py
[2026-08-21T05:29:31.101+0000] {processor.py:840} INFO - DAG(s) 'cell_kpi_spatial_analytics_pipeline' retrieved from /opt/airflow/dags/kpi_hourly_dag.py
[2026-08-21T05:29:31.111+0000] {logging_mixin.py:188} INFO - [2026-08-21T05:29:31.111+0000] {dag.py:3096} INFO - Sync 1 DAGs
[2026-08-21T05:29:31.129+0000] {logging_mixin.py:188} INFO - [2026-08-21T05:29:31.129+0000] {dag.py:3954} INFO - Setting next_dagrun for cell_kpi_spatial_analytics_pipeline to None, run_after=None
[2026-08-21T05:29:31.143+0000] {processor.py:183} INFO - Processing /opt/airflow/dags/kpi_hourly_dag.py took 0.093 seconds
[2026-08-21T05:30:01.183+0000] {processor.py:161} INFO - Started process (PID=9582) to work on /opt/airflow/dags/kpi_hourly_dag.py
[2026-08-21T05:30:01.184+0000] {processor.py:830} INFO - Processing file /opt/airflow/dags/kpi_hourly_dag.py for tasks to queue
[2026-08-21T05:30:01.185+0000] {logging_mixin.py:188} INFO - [2026-08-21T05:30:01.185+0000] {dagbag.py:545} INFO - Filling up the DagBag from /opt/airflow/dags/kpi_hourly_dag.py
[2026-08-21T05:30:01.233+0000] {processor.py:840} INFO - DAG(s) 'cell_kpi_spatial_analytics_pipeline' retrieved from /opt/airflow/dags/kpi_hourly_dag.py
[2026-08-21T05:30:01.243+0000] {logging_mixin.py:188} INFO - [2026-08-21T05:30:01.243+0000] {dag.py:3096} INFO - Sync 1 DAGs
[2026-08-21T05:30:01.260+0000] {logging_mixin.py:188} INFO - [2026-08-21T05:30:01.260+0000] {dag.py:3954} INFO - Setting next_dagrun for cell_kpi_spatial_analytics_pipeline to None, run_after=None
[2026-08-21T05:30:01.272+0000] {processor.py:183} INFO - Processing /opt/airflow/dags/kpi_hourly_dag.py took 0.095 seconds
[2026-08-21T05:30:31.406+0000] {processor.py:161} INFO - Started process (PID=9592) to work on /opt/airflow/dags/kpi_hourly_dag.py
[2026-08-21T05:30:31.407+0000] {processor.py:830} INFO - Processing file /opt/airflow/dags/kpi_hourly_dag.py for tasks to queue
[2026-08-21T05:30:31.408+0000] {logging_mixin.py:188} INFO - [2026-08-21T05:30:31.408+0000] {dagbag.py:545} INFO - Filling up the DagBag from /opt/airflow/dags/kpi_hourly_dag.py
[2026-08-21T05:30:31.460+0000] {processor.py:840} INFO - DAG(s) 'cell_kpi_spatial_analytics_pipeline' retrieved from /opt/airflow/dags/kpi_hourly_dag.py
[2026-08-21T05:30:31.472+0000] {logging_mixin.py:188} INFO - [2026-08-21T05:30:31.471+0000] {dag.py:3096} INFO - Sync 1 DAGs
[2026-08-21T05:30:31.495+0000] {logging_mixin.py:188} INFO - [2026-08-21T05:30:31.494+0000] {dag.py:3954} INFO - Setting next_dagrun for cell_kpi_spatial_analytics_pipeline to None, run_after=None
[2026-08-21T05:30:31.511+0000] {processor.py:183} INFO - Processing /opt/airflow/dags/kpi_hourly_dag.py took 0.110 seconds
[2026-08-21T06:43:26.923+0000] {processor.py:161} INFO - Started process (PID=163) to work on /opt/airflow/dags/kpi_hourly_dag.py
[2026-08-21T06:43:26.965+0000] {processor.py:830} INFO - Processing file /opt/airflow/dags/kpi_hourly_dag.py for tasks to queue
[2026-08-21T06:43:26.967+0000] {logging_mixin.py:188} INFO - [2026-08-21T06:43:26.967+0000] {dagbag.py:545} INFO - Filling up the DagBag from /opt/airflow/dags/kpi_hourly_dag.py
[2026-08-21T06:43:27.194+0000] {processor.py:840} INFO - DAG(s) 'cell_kpi_spatial_analytics_pipeline' retrieved from /opt/airflow/dags/kpi_hourly_dag.py
[2026-08-21T06:43:27.197+0000] {logging_mixin.py:188} INFO - [2026-08-21T06:43:27.197+0000] {dag.py:3096} INFO - Sync 1 DAGs
[2026-08-21T06:43:27.217+0000] {logging_mixin.py:188} INFO - [2026-08-21T06:43:27.217+0000] {dag.py:3954} INFO - Setting next_dagrun for cell_kpi_spatial_analytics_pipeline to None, run_after=None
[2026-08-21T06:43:27.237+0000] {processor.py:183} INFO - Processing /opt/airflow/dags/kpi_hourly_dag.py took 0.318 seconds
[2026-08-21T06:43:57.376+0000] {processor.py:161} INFO - Started process (PID=173) to work on /opt/airflow/dags/kpi_hourly_dag.py
[2026-08-21T06:43:57.377+0000] {processor.py:830} INFO - Processing file /opt/airflow/dags/kpi_hourly_dag.py for tasks to queue
[2026-08-21T06:43:57.379+0000] {logging_mixin.py:188} INFO - [2026-08-21T06:43:57.379+0000] {dagbag.py:545} INFO - Filling up the DagBag from /opt/airflow/dags/kpi_hourly_dag.py
[2026-08-21T06:43:57.440+0000] {processor.py:840} INFO - DAG(s) 'cell_kpi_spatial_analytics_pipeline' retrieved from /opt/airflow/dags/kpi_hourly_dag.py
[2026-08-21T06:43:57.573+0000] {logging_mixin.py:188} INFO - [2026-08-21T06:43:57.572+0000] {dag.py:3096} INFO - Sync 1 DAGs
[2026-08-21T06:43:57.600+0000] {logging_mixin.py:188} INFO - [2026-08-21T06:43:57.600+0000] {dag.py:3954} INFO - Setting next_dagrun for cell_kpi_spatial_analytics_pipeline to None, run_after=None
[2026-08-21T06:43:57.623+0000] {processor.py:183} INFO - Processing /opt/airflow/dags/kpi_hourly_dag.py took 0.254 seconds
[2026-08-21T06:44:27.771+0000] {processor.py:161} INFO - Started process (PID=183) to work on /opt/airflow/dags/kpi_hourly_dag.py
[2026-08-21T06:44:27.772+0000] {processor.py:830} INFO - Processing file /opt/airflow/dags/kpi_hourly_dag.py for tasks to queue
[2026-08-21T06:44:27.773+0000] {logging_mixin.py:188} INFO - [2026-08-21T06:44:27.773+0000] {dagbag.py:545} INFO - Filling up the DagBag from /opt/airflow/dags/kpi_hourly_dag.py
[2026-08-21T06:44:27.833+0000] {processor.py:840} INFO - DAG(s) 'cell_kpi_spatial_analytics_pipeline' retrieved from /opt/airflow/dags/kpi_hourly_dag.py
[2026-08-21T06:44:27.849+0000] {logging_mixin.py:188} INFO - [2026-08-21T06:44:27.848+0000] {dag.py:3096} INFO - Sync 1 DAGs
[2026-08-21T06:44:27.868+0000] {logging_mixin.py:188} INFO - [2026-08-21T06:44:27.868+0000] {dag.py:3954} INFO - Setting next_dagrun for cell_kpi_spatial_analytics_pipeline to None, run_after=None
[2026-08-21T06:44:27.881+0000] {processor.py:183} INFO - Processing /opt/airflow/dags/kpi_hourly_dag.py took 0.118 seconds
[2026-08-21T06:44:57.998+0000] {processor.py:161} INFO - Started process (PID=193) to work on /opt/airflow/dags/kpi_hourly_dag.py
[2026-08-21T06:44:57.998+0000] {processor.py:830} INFO - Processing file /opt/airflow/dags/kpi_hourly_dag.py for tasks to queue
[2026-08-21T06:44:58.000+0000] {logging_mixin.py:188} INFO - [2026-08-21T06:44:58.000+0000] {dagbag.py:545} INFO - Filling up the DagBag from /opt/airflow/dags/kpi_hourly_dag.py
[2026-08-21T06:44:58.065+0000] {processor.py:840} INFO - DAG(s) 'cell_kpi_spatial_analytics_pipeline' retrieved from /opt/airflow/dags/kpi_hourly_dag.py
[2026-08-21T06:44:58.083+0000] {logging_mixin.py:188} INFO - [2026-08-21T06:44:58.082+0000] {dag.py:3096} INFO - Sync 1 DAGs
[2026-08-21T06:44:58.105+0000] {logging_mixin.py:188} INFO - [2026-08-21T06:44:58.105+0000] {dag.py:3954} INFO - Setting next_dagrun for cell_kpi_spatial_analytics_pipeline to None, run_after=None
[2026-08-21T06:44:58.121+0000] {processor.py:183} INFO - Processing /opt/airflow/dags/kpi_hourly_dag.py took 0.131 seconds
[2026-08-21T06:45:28.226+0000] {processor.py:161} INFO - Started process (PID=203) to work on /opt/airflow/dags/kpi_hourly_dag.py
[2026-08-21T06:45:28.227+0000] {processor.py:830} INFO - Processing file /opt/airflow/dags/kpi_hourly_dag.py for tasks to queue
[2026-08-21T06:45:28.228+0000] {logging_mixin.py:188} INFO - [2026-08-21T06:45:28.228+0000] {dagbag.py:545} INFO - Filling up the DagBag from /opt/airflow/dags/kpi_hourly_dag.py
[2026-08-21T06:45:28.279+0000] {processor.py:840} INFO - DAG(s) 'cell_kpi_spatial_analytics_pipeline' retrieved from /opt/airflow/dags/kpi_hourly_dag.py
[2026-08-21T06:45:28.293+0000] {logging_mixin.py:188} INFO - [2026-08-21T06:45:28.293+0000] {dag.py:3096} INFO - Sync 1 DAGs
[2026-08-21T06:45:28.315+0000] {logging_mixin.py:188} INFO - [2026-08-21T06:45:28.315+0000] {dag.py:3954} INFO - Setting next_dagrun for cell_kpi_spatial_analytics_pipeline to None, run_after=None
[2026-08-21T06:45:28.330+0000] {processor.py:183} INFO - Processing /opt/airflow/dags/kpi_hourly_dag.py took 0.111 seconds
[2026-08-21T06:45:58.437+0000] {processor.py:161} INFO - Started process (PID=213) to work on /opt/airflow/dags/kpi_hourly_dag.py
[2026-08-21T06:45:58.438+0000] {processor.py:830} INFO - Processing file /opt/airflow/dags/kpi_hourly_dag.py for tasks to queue
[2026-08-21T06:45:58.439+0000] {logging_mixin.py:188} INFO - [2026-08-21T06:45:58.439+0000] {dagbag.py:545} INFO - Filling up the DagBag from /opt/airflow/dags/kpi_hourly_dag.py
[2026-08-21T06:45:58.489+0000] {processor.py:840} INFO - DAG(s) 'cell_kpi_spatial_analytics_pipeline' retrieved from /opt/airflow/dags/kpi_hourly_dag.py
[2026-08-21T06:45:58.501+0000] {logging_mixin.py:188} INFO - [2026-08-21T06:45:58.501+0000] {dag.py:3096} INFO - Sync 1 DAGs
[2026-08-21T06:45:58.520+0000] {logging_mixin.py:188} INFO - [2026-08-21T06:45:58.520+0000] {dag.py:3954} INFO - Setting next_dagrun for cell_kpi_spatial_analytics_pipeline to None, run_after=None
[2026-08-21T06:45:58.535+0000] {processor.py:183} INFO - Processing /opt/airflow/dags/kpi_hourly_dag.py took 0.104 seconds
[2026-08-21T06:46:28.649+0000] {processor.py:161} INFO - Started process (PID=223) to work on /opt/airflow/dags/kpi_hourly_dag.py
[2026-08-21T06:46:28.650+0000] {processor.py:830} INFO - Processing file /opt/airflow/dags/kpi_hourly_dag.py for tasks to queue
[2026-08-21T06:46:28.651+0000] {logging_mixin.py:188} INFO - [2026-08-21T06:46:28.651+0000] {dagbag.py:545} INFO - Filling up the DagBag from /opt/airflow/dags/kpi_hourly_dag.py
[2026-08-21T06:46:28.701+0000] {processor.py:840} INFO - DAG(s) 'cell_kpi_spatial_analytics_pipeline' retrieved from /opt/airflow/dags/kpi_hourly_dag.py
[2026-08-21T06:46:28.713+0000] {logging_mixin.py:188} INFO - [2026-08-21T06:46:28.713+0000] {dag.py:3096} INFO - Sync 1 DAGs
[2026-08-21T06:46:28.733+0000] {logging_mixin.py:188} INFO - [2026-08-21T06:46:28.733+0000] {dag.py:3954} INFO - Setting next_dagrun for cell_kpi_spatial_analytics_pipeline to None, run_after=None
[2026-08-21T06:46:28.746+0000] {processor.py:183} INFO - Processing /opt/airflow/dags/kpi_hourly_dag.py took 0.103 seconds
[2026-08-21T06:46:58.863+0000] {processor.py:161} INFO - Started process (PID=233) to work on /opt/airflow/dags/kpi_hourly_dag.py
[2026-08-21T06:46:58.863+0000] {processor.py:830} INFO - Processing file /opt/airflow/dags/kpi_hourly_dag.py for tasks to queue
[2026-08-21T06:46:58.865+0000] {logging_mixin.py:188} INFO - [2026-08-21T06:46:58.864+0000] {dagbag.py:545} INFO - Filling up the DagBag from /opt/airflow/dags/kpi_hourly_dag.py
[2026-08-21T06:46:58.911+0000] {processor.py:840} INFO - DAG(s) 'cell_kpi_spatial_analytics_pipeline' retrieved from /opt/airflow/dags/kpi_hourly_dag.py
[2026-08-21T06:46:58.922+0000] {logging_mixin.py:188} INFO - [2026-08-21T06:46:58.922+0000] {dag.py:3096} INFO - Sync 1 DAGs
[2026-08-21T06:46:58.943+0000] {logging_mixin.py:188} INFO - [2026-08-21T06:46:58.943+0000] {dag.py:3954} INFO - Setting next_dagrun for cell_kpi_spatial_analytics_pipeline to None, run_after=None
[2026-08-21T06:46:58.957+0000] {processor.py:183} INFO - Processing /opt/airflow/dags/kpi_hourly_dag.py took 0.100 seconds
[2026-08-21T06:47:29.077+0000] {processor.py:161} INFO - Started process (PID=243) to work on /opt/airflow/dags/kpi_hourly_dag.py
[2026-08-21T06:47:29.078+0000] {processor.py:830} INFO - Processing file /opt/airflow/dags/kpi_hourly_dag.py for tasks to queue
[2026-08-21T06:47:29.079+0000] {logging_mixin.py:188} INFO - [2026-08-21T06:47:29.079+0000] {dagbag.py:545} INFO - Filling up the DagBag from /opt/airflow/dags/kpi_hourly_dag.py
[2026-08-21T06:47:29.129+0000] {processor.py:840} INFO - DAG(s) 'cell_kpi_spatial_analytics_pipeline' retrieved from /opt/airflow/dags/kpi_hourly_dag.py
[2026-08-21T06:47:29.141+0000] {logging_mixin.py:188} INFO - [2026-08-21T06:47:29.141+0000] {dag.py:3096} INFO - Sync 1 DAGs
[2026-08-21T06:47:29.163+0000] {logging_mixin.py:188} INFO - [2026-08-21T06:47:29.163+0000] {dag.py:3954} INFO - Setting next_dagrun for cell_kpi_spatial_analytics_pipeline to None, run_after=None
[2026-08-21T06:47:29.177+0000] {processor.py:183} INFO - Processing /opt/airflow/dags/kpi_hourly_dag.py took 0.106 seconds
[2026-08-21T06:47:59.305+0000] {processor.py:161} INFO - Started process (PID=253) to work on /opt/airflow/dags/kpi_hourly_dag.py
[2026-08-21T06:47:59.306+0000] {processor.py:830} INFO - Processing file /opt/airflow/dags/kpi_hourly_dag.py for tasks to queue
[2026-08-21T06:47:59.308+0000] {logging_mixin.py:188} INFO - [2026-08-21T06:47:59.307+0000] {dagbag.py:545} INFO - Filling up the DagBag from /opt/airflow/dags/kpi_hourly_dag.py
[2026-08-21T06:47:59.356+0000] {processor.py:840} INFO - DAG(s) 'cell_kpi_spatial_analytics_pipeline' retrieved from /opt/airflow/dags/kpi_hourly_dag.py
[2026-08-21T06:47:59.372+0000] {logging_mixin.py:188} INFO - [2026-08-21T06:47:59.371+0000] {dag.py:3096} INFO - Sync 1 DAGs
[2026-08-21T06:47:59.392+0000] {logging_mixin.py:188} INFO - [2026-08-21T06:47:59.391+0000] {dag.py:3954} INFO - Setting next_dagrun for cell_kpi_spatial_analytics_pipeline to None, run_after=None
[2026-08-21T06:47:59.405+0000] {processor.py:183} INFO - Processing /opt/airflow/dags/kpi_hourly_dag.py took 0.106 seconds
[2026-08-21T06:48:29.536+0000] {processor.py:161} INFO - Started process (PID=263) to work on /opt/airflow/dags/kpi_hourly_dag.py
[2026-08-21T06:48:29.536+0000] {processor.py:830} INFO - Processing file /opt/airflow/dags/kpi_hourly_dag.py for tasks to queue
[2026-08-21T06:48:29.538+0000] {logging_mixin.py:188} INFO - [2026-08-21T06:48:29.537+0000] {dagbag.py:545} INFO - Filling up the DagBag from /opt/airflow/dags/kpi_hourly_dag.py
[2026-08-21T06:48:29.586+0000] {processor.py:840} INFO - DAG(s) 'cell_kpi_spatial_analytics_pipeline' retrieved from /opt/airflow/dags/kpi_hourly_dag.py
[2026-08-21T06:48:29.597+0000] {logging_mixin.py:188} INFO - [2026-08-21T06:48:29.597+0000] {dag.py:3096} INFO - Sync 1 DAGs
[2026-08-21T06:48:29.619+0000] {logging_mixin.py:188} INFO - [2026-08-21T06:48:29.618+0000] {dag.py:3954} INFO - Setting next_dagrun for cell_kpi_spatial_analytics_pipeline to None, run_after=None
[2026-08-21T06:48:29.632+0000] {processor.py:183} INFO - Processing /opt/airflow/dags/kpi_hourly_dag.py took 0.103 seconds
[2026-08-21T06:48:59.754+0000] {processor.py:161} INFO - Started process (PID=273) to work on /opt/airflow/dags/kpi_hourly_dag.py
[2026-08-21T06:48:59.754+0000] {processor.py:830} INFO - Processing file /opt/airflow/dags/kpi_hourly_dag.py for tasks to queue
[2026-08-21T06:48:59.756+0000] {logging_mixin.py:188} INFO - [2026-08-21T06:48:59.755+0000] {dagbag.py:545} INFO - Filling up the DagBag from /opt/airflow/dags/kpi_hourly_dag.py
[2026-08-21T06:48:59.801+0000] {processor.py:840} INFO - DAG(s) 'cell_kpi_spatial_analytics_pipeline' retrieved from /opt/airflow/dags/kpi_hourly_dag.py
[2026-08-21T06:48:59.814+0000] {logging_mixin.py:188} INFO - [2026-08-21T06:48:59.814+0000] {dag.py:3096} INFO - Sync 1 DAGs
[2026-08-21T06:48:59.833+0000] {logging_mixin.py:188} INFO - [2026-08-21T06:48:59.833+0000] {dag.py:3954} INFO - Setting next_dagrun for cell_kpi_spatial_analytics_pipeline to None, run_after=None
[2026-08-21T06:48:59.849+0000] {processor.py:183} INFO - Processing /opt/airflow/dags/kpi_hourly_dag.py took 0.101 seconds
[2026-08-21T06:49:29.971+0000] {processor.py:161} INFO - Started process (PID=283) to work on /opt/airflow/dags/kpi_hourly_dag.py
[2026-08-21T06:49:29.971+0000] {processor.py:830} INFO - Processing file /opt/airflow/dags/kpi_hourly_dag.py for tasks to queue
[2026-08-21T06:49:29.972+0000] {logging_mixin.py:188} INFO - [2026-08-21T06:49:29.972+0000] {dagbag.py:545} INFO - Filling up the DagBag from /opt/airflow/dags/kpi_hourly_dag.py
[2026-08-21T06:49:30.029+0000] {processor.py:840} INFO - DAG(s) 'cell_kpi_spatial_analytics_pipeline' retrieved from /opt/airflow/dags/kpi_hourly_dag.py
[2026-08-21T06:49:30.042+0000] {logging_mixin.py:188} INFO - [2026-08-21T06:49:30.041+0000] {dag.py:3096} INFO - Sync 1 DAGs
[2026-08-21T06:49:30.061+0000] {logging_mixin.py:188} INFO - [2026-08-21T06:49:30.061+0000] {dag.py:3954} INFO - Setting next_dagrun for cell_kpi_spatial_analytics_pipeline to None, run_after=None
[2026-08-21T06:49:30.075+0000] {processor.py:183} INFO - Processing /opt/airflow/dags/kpi_hourly_dag.py took 0.110 seconds
[2026-08-21T06:50:00.188+0000] {processor.py:161} INFO - Started process (PID=293) to work on /opt/airflow/dags/kpi_hourly_dag.py
[2026-08-21T06:50:00.188+0000] {processor.py:830} INFO - Processing file /opt/airflow/dags/kpi_hourly_dag.py for tasks to queue
[2026-08-21T06:50:00.190+0000] {logging_mixin.py:188} INFO - [2026-08-21T06:50:00.189+0000] {dagbag.py:545} INFO - Filling up the DagBag from /opt/airflow/dags/kpi_hourly_dag.py
[2026-08-21T06:50:00.237+0000] {processor.py:840} INFO - DAG(s) 'cell_kpi_spatial_analytics_pipeline' retrieved from /opt/airflow/dags/kpi_hourly_dag.py
[2026-08-21T06:50:00.249+0000] {logging_mixin.py:188} INFO - [2026-08-21T06:50:00.248+0000] {dag.py:3096} INFO - Sync 1 DAGs
[2026-08-21T06:50:00.271+0000] {logging_mixin.py:188} INFO - [2026-08-21T06:50:00.271+0000] {dag.py:3954} INFO - Setting next_dagrun for cell_kpi_spatial_analytics_pipeline to None, run_after=None
[2026-08-21T06:50:00.284+0000] {processor.py:183} INFO - Processing /opt/airflow/dags/kpi_hourly_dag.py took 0.102 seconds
[2026-08-21T06:50:30.404+0000] {processor.py:161} INFO - Started process (PID=303) to work on /opt/airflow/dags/kpi_hourly_dag.py
[2026-08-21T06:50:30.405+0000] {processor.py:830} INFO - Processing file /opt/airflow/dags/kpi_hourly_dag.py for tasks to queue
[2026-08-21T06:50:30.407+0000] {logging_mixin.py:188} INFO - [2026-08-21T06:50:30.406+0000] {dagbag.py:545} INFO - Filling up the DagBag from /opt/airflow/dags/kpi_hourly_dag.py
[2026-08-21T06:50:30.456+0000] {processor.py:840} INFO - DAG(s) 'cell_kpi_spatial_analytics_pipeline' retrieved from /opt/airflow/dags/kpi_hourly_dag.py
[2026-08-21T06:50:30.468+0000] {logging_mixin.py:188} INFO - [2026-08-21T06:50:30.468+0000] {dag.py:3096} INFO - Sync 1 DAGs
[2026-08-21T06:50:30.490+0000] {logging_mixin.py:188} INFO - [2026-08-21T06:50:30.490+0000] {dag.py:3954} INFO - Setting next_dagrun for cell_kpi_spatial_analytics_pipeline to None, run_after=None
[2026-08-21T06:50:30.505+0000] {processor.py:183} INFO - Processing /opt/airflow/dags/kpi_hourly_dag.py took 0.108 seconds
[2026-08-21T06:51:00.619+0000] {processor.py:161} INFO - Started process (PID=313) to work on /opt/airflow/dags/kpi_hourly_dag.py
[2026-08-21T06:51:00.620+0000] {processor.py:830} INFO - Processing file /opt/airflow/dags/kpi_hourly_dag.py for tasks to queue
[2026-08-21T06:51:00.621+0000] {logging_mixin.py:188} INFO - [2026-08-21T06:51:00.621+0000] {dagbag.py:545} INFO - Filling up the DagBag from /opt/airflow/dags/kpi_hourly_dag.py
[2026-08-21T06:51:00.675+0000] {processor.py:840} INFO - DAG(s) 'cell_kpi_spatial_analytics_pipeline' retrieved from /opt/airflow/dags/kpi_hourly_dag.py
[2026-08-21T06:51:00.686+0000] {logging_mixin.py:188} INFO - [2026-08-21T06:51:00.686+0000] {dag.py:3096} INFO - Sync 1 DAGs
[2026-08-21T06:51:00.704+0000] {logging_mixin.py:188} INFO - [2026-08-21T06:51:00.704+0000] {dag.py:3954} INFO - Setting next_dagrun for cell_kpi_spatial_analytics_pipeline to None, run_after=None
[2026-08-21T06:51:00.720+0000] {processor.py:183} INFO - Processing /opt/airflow/dags/kpi_hourly_dag.py took 0.106 seconds
[2026-08-21T06:51:30.827+0000] {processor.py:161} INFO - Started process (PID=323) to work on /opt/airflow/dags/kpi_hourly_dag.py
[2026-08-21T06:51:30.828+0000] {processor.py:830} INFO - Processing file /opt/airflow/dags/kpi_hourly_dag.py for tasks to queue
[2026-08-21T06:51:30.829+0000] {logging_mixin.py:188} INFO - [2026-08-21T06:51:30.829+0000] {dagbag.py:545} INFO - Filling up the DagBag from /opt/airflow/dags/kpi_hourly_dag.py
[2026-08-21T06:51:30.874+0000] {processor.py:840} INFO - DAG(s) 'cell_kpi_spatial_analytics_pipeline' retrieved from /opt/airflow/dags/kpi_hourly_dag.py
[2026-08-21T06:51:30.885+0000] {logging_mixin.py:188} INFO - [2026-08-21T06:51:30.885+0000] {dag.py:3096} INFO - Sync 1 DAGs
[2026-08-21T06:51:30.905+0000] {logging_mixin.py:188} INFO - [2026-08-21T06:51:30.905+0000] {dag.py:3954} INFO - Setting next_dagrun for cell_kpi_spatial_analytics_pipeline to None, run_after=None
[2026-08-21T06:51:30.919+0000] {processor.py:183} INFO - Processing /opt/airflow/dags/kpi_hourly_dag.py took 0.097 seconds
[2026-08-21T06:52:01.030+0000] {processor.py:161} INFO - Started process (PID=333) to work on /opt/airflow/dags/kpi_hourly_dag.py
[2026-08-21T06:52:01.031+0000] {processor.py:830} INFO - Processing file /opt/airflow/dags/kpi_hourly_dag.py for tasks to queue
[2026-08-21T06:52:01.033+0000] {logging_mixin.py:188} INFO - [2026-08-21T06:52:01.032+0000] {dagbag.py:545} INFO - Filling up the DagBag from /opt/airflow/dags/kpi_hourly_dag.py
[2026-08-21T06:52:01.088+0000] {processor.py:840} INFO - DAG(s) 'cell_kpi_spatial_analytics_pipeline' retrieved from /opt/airflow/dags/kpi_hourly_dag.py
[2026-08-21T06:52:01.103+0000] {logging_mixin.py:188} INFO - [2026-08-21T06:52:01.103+0000] {dag.py:3096} INFO - Sync 1 DAGs
[2026-08-21T06:52:01.125+0000] {logging_mixin.py:188} INFO - [2026-08-21T06:52:01.124+0000] {dag.py:3954} INFO - Setting next_dagrun for cell_kpi_spatial_analytics_pipeline to None, run_after=None
[2026-08-21T06:52:01.138+0000] {processor.py:183} INFO - Processing /opt/airflow/dags/kpi_hourly_dag.py took 0.115 seconds
[2026-08-21T06:52:31.257+0000] {processor.py:161} INFO - Started process (PID=343) to work on /opt/airflow/dags/kpi_hourly_dag.py
[2026-08-21T06:52:31.258+0000] {processor.py:830} INFO - Processing file /opt/airflow/dags/kpi_hourly_dag.py for tasks to queue
[2026-08-21T06:52:31.259+0000] {logging_mixin.py:188} INFO - [2026-08-21T06:52:31.259+0000] {dagbag.py:545} INFO - Filling up the DagBag from /opt/airflow/dags/kpi_hourly_dag.py
[2026-08-21T06:52:31.311+0000] {processor.py:840} INFO - DAG(s) 'cell_kpi_spatial_analytics_pipeline' retrieved from /opt/airflow/dags/kpi_hourly_dag.py
[2026-08-21T06:52:31.324+0000] {logging_mixin.py:188} INFO - [2026-08-21T06:52:31.323+0000] {dag.py:3096} INFO - Sync 1 DAGs
[2026-08-21T06:52:31.342+0000] {logging_mixin.py:188} INFO - [2026-08-21T06:52:31.342+0000] {dag.py:3954} INFO - Setting next_dagrun for cell_kpi_spatial_analytics_pipeline to None, run_after=None
[2026-08-21T06:52:31.356+0000] {processor.py:183} INFO - Processing /opt/airflow/dags/kpi_hourly_dag.py took 0.105 seconds
[2026-08-21T06:53:01.491+0000] {processor.py:161} INFO - Started process (PID=353) to work on /opt/airflow/dags/kpi_hourly_dag.py
[2026-08-21T06:53:01.492+0000] {processor.py:830} INFO - Processing file /opt/airflow/dags/kpi_hourly_dag.py for tasks to queue
[2026-08-21T06:53:01.493+0000] {logging_mixin.py:188} INFO - [2026-08-21T06:53:01.493+0000] {dagbag.py:545} INFO - Filling up the DagBag from /opt/airflow/dags/kpi_hourly_dag.py
[2026-08-21T06:53:01.539+0000] {processor.py:840} INFO - DAG(s) 'cell_kpi_spatial_analytics_pipeline' retrieved from /opt/airflow/dags/kpi_hourly_dag.py
[2026-08-21T06:53:01.550+0000] {logging_mixin.py:188} INFO - [2026-08-21T06:53:01.550+0000] {dag.py:3096} INFO - Sync 1 DAGs
[2026-08-21T06:53:01.570+0000] {logging_mixin.py:188} INFO - [2026-08-21T06:53:01.570+0000] {dag.py:3954} INFO - Setting next_dagrun for cell_kpi_spatial_analytics_pipeline to None, run_after=None
[2026-08-21T06:53:01.587+0000] {processor.py:183} INFO - Processing /opt/airflow/dags/kpi_hourly_dag.py took 0.102 seconds
[2026-08-21T06:53:31.718+0000] {processor.py:161} INFO - Started process (PID=363) to work on /opt/airflow/dags/kpi_hourly_dag.py
[2026-08-21T06:53:31.719+0000] {processor.py:830} INFO - Processing file /opt/airflow/dags/kpi_hourly_dag.py for tasks to queue
[2026-08-21T06:53:31.721+0000] {logging_mixin.py:188} INFO - [2026-08-21T06:53:31.720+0000] {dagbag.py:545} INFO - Filling up the DagBag from /opt/airflow/dags/kpi_hourly_dag.py
[2026-08-21T06:53:31.778+0000] {processor.py:840} INFO - DAG(s) 'cell_kpi_spatial_analytics_pipeline' retrieved from /opt/airflow/dags/kpi_hourly_dag.py
[2026-08-21T06:53:31.794+0000] {logging_mixin.py:188} INFO - [2026-08-21T06:53:31.794+0000] {dag.py:3096} INFO - Sync 1 DAGs
[2026-08-21T06:53:31.816+0000] {logging_mixin.py:188} INFO - [2026-08-21T06:53:31.816+0000] {dag.py:3954} INFO - Setting next_dagrun for cell_kpi_spatial_analytics_pipeline to None, run_after=None
[2026-08-21T06:53:31.832+0000] {processor.py:183} INFO - Processing /opt/airflow/dags/kpi_hourly_dag.py took 0.122 seconds
[2026-08-21T06:54:01.945+0000] {processor.py:161} INFO - Started process (PID=373) to work on /opt/airflow/dags/kpi_hourly_dag.py
[2026-08-21T06:54:01.946+0000] {processor.py:830} INFO - Processing file /opt/airflow/dags/kpi_hourly_dag.py for tasks to queue
[2026-08-21T06:54:01.948+0000] {logging_mixin.py:188} INFO - [2026-08-21T06:54:01.948+0000] {dagbag.py:545} INFO - Filling up the DagBag from /opt/airflow/dags/kpi_hourly_dag.py
[2026-08-21T06:54:01.999+0000] {processor.py:840} INFO - DAG(s) 'cell_kpi_spatial_analytics_pipeline' retrieved from /opt/airflow/dags/kpi_hourly_dag.py
[2026-08-21T06:54:02.014+0000] {logging_mixin.py:188} INFO - [2026-08-21T06:54:02.014+0000] {dag.py:3096} INFO - Sync 1 DAGs
[2026-08-21T06:54:02.038+0000] {logging_mixin.py:188} INFO - [2026-08-21T06:54:02.038+0000] {dag.py:3954} INFO - Setting next_dagrun for cell_kpi_spatial_analytics_pipeline to None, run_after=None
[2026-08-21T06:54:02.053+0000] {processor.py:183} INFO - Processing /opt/airflow/dags/kpi_hourly_dag.py took 0.115 seconds
[2026-08-21T06:54:32.164+0000] {processor.py:161} INFO - Started process (PID=383) to work on /opt/airflow/dags/kpi_hourly_dag.py
[2026-08-21T06:54:32.165+0000] {processor.py:830} INFO - Processing file /opt/airflow/dags/kpi_hourly_dag.py for tasks to queue
[2026-08-21T06:54:32.166+0000] {logging_mixin.py:188} INFO - [2026-08-21T06:54:32.166+0000] {dagbag.py:545} INFO - Filling up the DagBag from /opt/airflow/dags/kpi_hourly_dag.py
[2026-08-21T06:54:32.219+0000] {processor.py:840} INFO - DAG(s) 'cell_kpi_spatial_analytics_pipeline' retrieved from /opt/airflow/dags/kpi_hourly_dag.py
[2026-08-21T06:54:32.233+0000] {logging_mixin.py:188} INFO - [2026-08-21T06:54:32.233+0000] {dag.py:3096} INFO - Sync 1 DAGs
[2026-08-21T06:54:32.252+0000] {logging_mixin.py:188} INFO - [2026-08-21T06:54:32.252+0000] {dag.py:3954} INFO - Setting next_dagrun for cell_kpi_spatial_analytics_pipeline to None, run_after=None
[2026-08-21T06:54:32.266+0000] {processor.py:183} INFO - Processing /opt/airflow/dags/kpi_hourly_dag.py took 0.109 seconds
[2026-08-21T06:55:02.379+0000] {processor.py:161} INFO - Started process (PID=393) to work on /opt/airflow/dags/kpi_hourly_dag.py
[2026-08-21T06:55:02.379+0000] {processor.py:830} INFO - Processing file /opt/airflow/dags/kpi_hourly_dag.py for tasks to queue
[2026-08-21T06:55:02.381+0000] {logging_mixin.py:188} INFO - [2026-08-21T06:55:02.381+0000] {dagbag.py:545} INFO - Filling up the DagBag from /opt/airflow/dags/kpi_hourly_dag.py
[2026-08-21T06:55:02.442+0000] {processor.py:840} INFO - DAG(s) 'cell_kpi_spatial_analytics_pipeline' retrieved from /opt/airflow/dags/kpi_hourly_dag.py
[2026-08-21T06:55:02.459+0000] {logging_mixin.py:188} INFO - [2026-08-21T06:55:02.458+0000] {dag.py:3096} INFO - Sync 1 DAGs
[2026-08-21T06:55:02.482+0000] {logging_mixin.py:188} INFO - [2026-08-21T06:55:02.482+0000] {dag.py:3954} INFO - Setting next_dagrun for cell_kpi_spatial_analytics_pipeline to None, run_after=None
[2026-08-21T06:55:02.498+0000] {processor.py:183} INFO - Processing /opt/airflow/dags/kpi_hourly_dag.py took 0.125 seconds
[2026-08-21T06:55:32.611+0000] {processor.py:161} INFO - Started process (PID=403) to work on /opt/airflow/dags/kpi_hourly_dag.py
[2026-08-21T06:55:32.611+0000] {processor.py:830} INFO - Processing file /opt/airflow/dags/kpi_hourly_dag.py for tasks to queue
[2026-08-21T06:55:32.613+0000] {logging_mixin.py:188} INFO - [2026-08-21T06:55:32.612+0000] {dagbag.py:545} INFO - Filling up the DagBag from /opt/airflow/dags/kpi_hourly_dag.py
[2026-08-21T06:55:32.657+0000] {processor.py:840} INFO - DAG(s) 'cell_kpi_spatial_analytics_pipeline' retrieved from /opt/airflow/dags/kpi_hourly_dag.py
[2026-08-21T06:55:32.669+0000] {logging_mixin.py:188} INFO - [2026-08-21T06:55:32.669+0000] {dag.py:3096} INFO - Sync 1 DAGs
[2026-08-21T06:55:32.691+0000] {logging_mixin.py:188} INFO - [2026-08-21T06:55:32.691+0000] {dag.py:3954} INFO - Setting next_dagrun for cell_kpi_spatial_analytics_pipeline to None, run_after=None
[2026-08-21T06:55:32.704+0000] {processor.py:183} INFO - Processing /opt/airflow/dags/kpi_hourly_dag.py took 0.100 seconds
[2026-08-21T06:56:02.819+0000] {processor.py:161} INFO - Started process (PID=413) to work on /opt/airflow/dags/kpi_hourly_dag.py
[2026-08-21T06:56:02.820+0000] {processor.py:830} INFO - Processing file /opt/airflow/dags/kpi_hourly_dag.py for tasks to queue
[2026-08-21T06:56:02.821+0000] {logging_mixin.py:188} INFO - [2026-08-21T06:56:02.821+0000] {dagbag.py:545} INFO - Filling up the DagBag from /opt/airflow/dags/kpi_hourly_dag.py
[2026-08-21T06:56:02.882+0000] {processor.py:840} INFO - DAG(s) 'cell_kpi_spatial_analytics_pipeline' retrieved from /opt/airflow/dags/kpi_hourly_dag.py
[2026-08-21T06:56:02.897+0000] {logging_mixin.py:188} INFO - [2026-08-21T06:56:02.897+0000] {dag.py:3096} INFO - Sync 1 DAGs
[2026-08-21T06:56:02.918+0000] {logging_mixin.py:188} INFO - [2026-08-21T06:56:02.918+0000] {dag.py:3954} INFO - Setting next_dagrun for cell_kpi_spatial_analytics_pipeline to None, run_after=None
[2026-08-21T06:56:02.932+0000] {processor.py:183} INFO - Processing /opt/airflow/dags/kpi_hourly_dag.py took 0.119 seconds
[2026-08-21T06:56:33.046+0000] {processor.py:161} INFO - Started process (PID=423) to work on /opt/airflow/dags/kpi_hourly_dag.py
[2026-08-21T06:56:33.047+0000] {processor.py:830} INFO - Processing file /opt/airflow/dags/kpi_hourly_dag.py for tasks to queue
[2026-08-21T06:56:33.048+0000] {logging_mixin.py:188} INFO - [2026-08-21T06:56:33.048+0000] {dagbag.py:545} INFO - Filling up the DagBag from /opt/airflow/dags/kpi_hourly_dag.py
[2026-08-21T06:56:33.105+0000] {processor.py:840} INFO - DAG(s) 'cell_kpi_spatial_analytics_pipeline' retrieved from /opt/airflow/dags/kpi_hourly_dag.py
[2026-08-21T06:56:33.119+0000] {logging_mixin.py:188} INFO - [2026-08-21T06:56:33.119+0000] {dag.py:3096} INFO - Sync 1 DAGs
[2026-08-21T06:56:33.143+0000] {logging_mixin.py:188} INFO - [2026-08-21T06:56:33.143+0000] {dag.py:3954} INFO - Setting next_dagrun for cell_kpi_spatial_analytics_pipeline to None, run_after=None
[2026-08-21T06:56:33.159+0000] {processor.py:183} INFO - Processing /opt/airflow/dags/kpi_hourly_dag.py took 0.119 seconds
[2026-08-21T06:57:03.271+0000] {processor.py:161} INFO - Started process (PID=433) to work on /opt/airflow/dags/kpi_hourly_dag.py
[2026-08-21T06:57:03.271+0000] {processor.py:830} INFO - Processing file /opt/airflow/dags/kpi_hourly_dag.py for tasks to queue
[2026-08-21T06:57:03.272+0000] {logging_mixin.py:188} INFO - [2026-08-21T06:57:03.272+0000] {dagbag.py:545} INFO - Filling up the DagBag from /opt/airflow/dags/kpi_hourly_dag.py
[2026-08-21T06:57:03.319+0000] {processor.py:840} INFO - DAG(s) 'cell_kpi_spatial_analytics_pipeline' retrieved from /opt/airflow/dags/kpi_hourly_dag.py
[2026-08-21T06:57:03.334+0000] {logging_mixin.py:188} INFO - [2026-08-21T06:57:03.333+0000] {dag.py:3096} INFO - Sync 1 DAGs
[2026-08-21T06:57:03.353+0000] {logging_mixin.py:188} INFO - [2026-08-21T06:57:03.352+0000] {dag.py:3954} INFO - Setting next_dagrun for cell_kpi_spatial_analytics_pipeline to None, run_after=None
[2026-08-21T06:57:03.366+0000] {processor.py:183} INFO - Processing /opt/airflow/dags/kpi_hourly_dag.py took 0.101 seconds
[2026-08-21T06:57:33.476+0000] {processor.py:161} INFO - Started process (PID=443) to work on /opt/airflow/dags/kpi_hourly_dag.py
[2026-08-21T06:57:33.476+0000] {processor.py:830} INFO - Processing file /opt/airflow/dags/kpi_hourly_dag.py for tasks to queue
[2026-08-21T06:57:33.478+0000] {logging_mixin.py:188} INFO - [2026-08-21T06:57:33.478+0000] {dagbag.py:545} INFO - Filling up the DagBag from /opt/airflow/dags/kpi_hourly_dag.py
[2026-08-21T06:57:33.533+0000] {processor.py:840} INFO - DAG(s) 'cell_kpi_spatial_analytics_pipeline' retrieved from /opt/airflow/dags/kpi_hourly_dag.py
[2026-08-21T06:57:33.544+0000] {logging_mixin.py:188} INFO - [2026-08-21T06:57:33.544+0000] {dag.py:3096} INFO - Sync 1 DAGs
[2026-08-21T06:57:33.565+0000] {logging_mixin.py:188} INFO - [2026-08-21T06:57:33.565+0000] {dag.py:3954} INFO - Setting next_dagrun for cell_kpi_spatial_analytics_pipeline to None, run_after=None
[2026-08-21T06:57:33.579+0000] {processor.py:183} INFO - Processing /opt/airflow/dags/kpi_hourly_dag.py took 0.109 seconds
[2026-08-21T06:58:03.690+0000] {processor.py:161} INFO - Started process (PID=453) to work on /opt/airflow/dags/kpi_hourly_dag.py
[2026-08-21T06:58:03.691+0000] {processor.py:830} INFO - Processing file /opt/airflow/dags/kpi_hourly_dag.py for tasks to queue
[2026-08-21T06:58:03.692+0000] {logging_mixin.py:188} INFO - [2026-08-21T06:58:03.692+0000] {dagbag.py:545} INFO - Filling up the DagBag from /opt/airflow/dags/kpi_hourly_dag.py
[2026-08-21T06:58:03.737+0000] {processor.py:840} INFO - DAG(s) 'cell_kpi_spatial_analytics_pipeline' retrieved from /opt/airflow/dags/kpi_hourly_dag.py
[2026-08-21T06:58:03.749+0000] {logging_mixin.py:188} INFO - [2026-08-21T06:58:03.749+0000] {dag.py:3096} INFO - Sync 1 DAGs
[2026-08-21T06:58:03.773+0000] {logging_mixin.py:188} INFO - [2026-08-21T06:58:03.772+0000] {dag.py:3954} INFO - Setting next_dagrun for cell_kpi_spatial_analytics_pipeline to None, run_after=None
[2026-08-21T06:58:03.791+0000] {processor.py:183} INFO - Processing /opt/airflow/dags/kpi_hourly_dag.py took 0.106 seconds
[2026-08-21T06:58:33.915+0000] {processor.py:161} INFO - Started process (PID=463) to work on /opt/airflow/dags/kpi_hourly_dag.py
[2026-08-21T06:58:33.916+0000] {processor.py:830} INFO - Processing file /opt/airflow/dags/kpi_hourly_dag.py for tasks to queue
[2026-08-21T06:58:33.917+0000] {logging_mixin.py:188} INFO - [2026-08-21T06:58:33.917+0000] {dagbag.py:545} INFO - Filling up the DagBag from /opt/airflow/dags/kpi_hourly_dag.py
[2026-08-21T06:58:33.967+0000] {processor.py:840} INFO - DAG(s) 'cell_kpi_spatial_analytics_pipeline' retrieved from /opt/airflow/dags/kpi_hourly_dag.py
[2026-08-21T06:58:33.978+0000] {logging_mixin.py:188} INFO - [2026-08-21T06:58:33.978+0000] {dag.py:3096} INFO - Sync 1 DAGs
[2026-08-21T06:58:33.996+0000] {logging_mixin.py:188} INFO - [2026-08-21T06:58:33.996+0000] {dag.py:3954} INFO - Setting next_dagrun for cell_kpi_spatial_analytics_pipeline to None, run_after=None
[2026-08-21T06:58:34.009+0000] {processor.py:183} INFO - Processing /opt/airflow/dags/kpi_hourly_dag.py took 0.101 seconds
[2026-08-21T06:59:04.118+0000] {processor.py:161} INFO - Started process (PID=473) to work on /opt/airflow/dags/kpi_hourly_dag.py
[2026-08-21T06:59:04.119+0000] {processor.py:830} INFO - Processing file /opt/airflow/dags/kpi_hourly_dag.py for tasks to queue
[2026-08-21T06:59:04.121+0000] {logging_mixin.py:188} INFO - [2026-08-21T06:59:04.120+0000] {dagbag.py:545} INFO - Filling up the DagBag from /opt/airflow/dags/kpi_hourly_dag.py
[2026-08-21T06:59:04.172+0000] {processor.py:840} INFO - DAG(s) 'cell_kpi_spatial_analytics_pipeline' retrieved from /opt/airflow/dags/kpi_hourly_dag.py
[2026-08-21T06:59:04.183+0000] {logging_mixin.py:188} INFO - [2026-08-21T06:59:04.183+0000] {dag.py:3096} INFO - Sync 1 DAGs
[2026-08-21T06:59:04.202+0000] {logging_mixin.py:188} INFO - [2026-08-21T06:59:04.202+0000] {dag.py:3954} INFO - Setting next_dagrun for cell_kpi_spatial_analytics_pipeline to None, run_after=None
[2026-08-21T06:59:04.216+0000] {processor.py:183} INFO - Processing /opt/airflow/dags/kpi_hourly_dag.py took 0.103 seconds
[2026-08-21T06:59:34.326+0000] {processor.py:161} INFO - Started process (PID=483) to work on /opt/airflow/dags/kpi_hourly_dag.py
[2026-08-21T06:59:34.327+0000] {processor.py:830} INFO - Processing file /opt/airflow/dags/kpi_hourly_dag.py for tasks to queue
[2026-08-21T06:59:34.328+0000] {logging_mixin.py:188} INFO - [2026-08-21T06:59:34.328+0000] {dagbag.py:545} INFO - Filling up the DagBag from /opt/airflow/dags/kpi_hourly_dag.py
[2026-08-21T06:59:34.384+0000] {processor.py:840} INFO - DAG(s) 'cell_kpi_spatial_analytics_pipeline' retrieved from /opt/airflow/dags/kpi_hourly_dag.py
[2026-08-21T06:59:34.396+0000] {logging_mixin.py:188} INFO - [2026-08-21T06:59:34.396+0000] {dag.py:3096} INFO - Sync 1 DAGs
[2026-08-21T06:59:34.415+0000] {logging_mixin.py:188} INFO - [2026-08-21T06:59:34.414+0000] {dag.py:3954} INFO - Setting next_dagrun for cell_kpi_spatial_analytics_pipeline to None, run_after=None
[2026-08-21T06:59:34.428+0000] {processor.py:183} INFO - Processing /opt/airflow/dags/kpi_hourly_dag.py took 0.107 seconds
[2026-08-21T07:00:04.545+0000] {processor.py:161} INFO - Started process (PID=493) to work on /opt/airflow/dags/kpi_hourly_dag.py
[2026-08-21T07:00:04.546+0000] {processor.py:830} INFO - Processing file /opt/airflow/dags/kpi_hourly_dag.py for tasks to queue
[2026-08-21T07:00:04.547+0000] {logging_mixin.py:188} INFO - [2026-08-21T07:00:04.547+0000] {dagbag.py:545} INFO - Filling up the DagBag from /opt/airflow/dags/kpi_hourly_dag.py
[2026-08-21T07:00:04.596+0000] {processor.py:840} INFO - DAG(s) 'cell_kpi_spatial_analytics_pipeline' retrieved from /opt/airflow/dags/kpi_hourly_dag.py
[2026-08-21T07:00:04.608+0000] {logging_mixin.py:188} INFO - [2026-08-21T07:00:04.608+0000] {dag.py:3096} INFO - Sync 1 DAGs
[2026-08-21T07:00:04.630+0000] {logging_mixin.py:188} INFO - [2026-08-21T07:00:04.629+0000] {dag.py:3954} INFO - Setting next_dagrun for cell_kpi_spatial_analytics_pipeline to None, run_after=None
[2026-08-21T07:00:04.642+0000] {processor.py:183} INFO - Processing /opt/airflow/dags/kpi_hourly_dag.py took 0.104 seconds
[2026-08-21T07:00:34.753+0000] {processor.py:161} INFO - Started process (PID=503) to work on /opt/airflow/dags/kpi_hourly_dag.py
[2026-08-21T07:00:34.754+0000] {processor.py:830} INFO - Processing file /opt/airflow/dags/kpi_hourly_dag.py for tasks to queue
[2026-08-21T07:00:34.756+0000] {logging_mixin.py:188} INFO - [2026-08-21T07:00:34.755+0000] {dagbag.py:545} INFO - Filling up the DagBag from /opt/airflow/dags/kpi_hourly_dag.py
[2026-08-21T07:00:34.804+0000] {processor.py:840} INFO - DAG(s) 'cell_kpi_spatial_analytics_pipeline' retrieved from /opt/airflow/dags/kpi_hourly_dag.py
[2026-08-21T07:00:34.815+0000] {logging_mixin.py:188} INFO - [2026-08-21T07:00:34.815+0000] {dag.py:3096} INFO - Sync 1 DAGs
[2026-08-21T07:00:34.835+0000] {logging_mixin.py:188} INFO - [2026-08-21T07:00:34.835+0000] {dag.py:3954} INFO - Setting next_dagrun for cell_kpi_spatial_analytics_pipeline to None, run_after=None
[2026-08-21T07:00:34.849+0000] {processor.py:183} INFO - Processing /opt/airflow/dags/kpi_hourly_dag.py took 0.102 seconds
[2026-08-21T07:01:04.966+0000] {processor.py:161} INFO - Started process (PID=513) to work on /opt/airflow/dags/kpi_hourly_dag.py
[2026-08-21T07:01:04.966+0000] {processor.py:830} INFO - Processing file /opt/airflow/dags/kpi_hourly_dag.py for tasks to queue
[2026-08-21T07:01:04.968+0000] {logging_mixin.py:188} INFO - [2026-08-21T07:01:04.967+0000] {dagbag.py:545} INFO - Filling up the DagBag from /opt/airflow/dags/kpi_hourly_dag.py
[2026-08-21T07:01:05.021+0000] {processor.py:840} INFO - DAG(s) 'cell_kpi_spatial_analytics_pipeline' retrieved from /opt/airflow/dags/kpi_hourly_dag.py
[2026-08-21T07:01:05.036+0000] {logging_mixin.py:188} INFO - [2026-08-21T07:01:05.035+0000] {dag.py:3096} INFO - Sync 1 DAGs
[2026-08-21T07:01:05.056+0000] {logging_mixin.py:188} INFO - [2026-08-21T07:01:05.056+0000] {dag.py:3954} INFO - Setting next_dagrun for cell_kpi_spatial_analytics_pipeline to None, run_after=None
[2026-08-21T07:01:05.069+0000] {processor.py:183} INFO - Processing /opt/airflow/dags/kpi_hourly_dag.py took 0.109 seconds
[2026-08-21T07:01:35.178+0000] {processor.py:161} INFO - Started process (PID=523) to work on /opt/airflow/dags/kpi_hourly_dag.py
[2026-08-21T07:01:35.179+0000] {processor.py:830} INFO - Processing file /opt/airflow/dags/kpi_hourly_dag.py for tasks to queue
[2026-08-21T07:01:35.180+0000] {logging_mixin.py:188} INFO - [2026-08-21T07:01:35.180+0000] {dagbag.py:545} INFO - Filling up the DagBag from /opt/airflow/dags/kpi_hourly_dag.py
[2026-08-21T07:01:35.226+0000] {processor.py:840} INFO - DAG(s) 'cell_kpi_spatial_analytics_pipeline' retrieved from /opt/airflow/dags/kpi_hourly_dag.py
[2026-08-21T07:01:35.237+0000] {logging_mixin.py:188} INFO - [2026-08-21T07:01:35.237+0000] {dag.py:3096} INFO - Sync 1 DAGs
[2026-08-21T07:01:35.257+0000] {logging_mixin.py:188} INFO - [2026-08-21T07:01:35.257+0000] {dag.py:3954} INFO - Setting next_dagrun for cell_kpi_spatial_analytics_pipeline to None, run_after=None
[2026-08-21T07:01:35.271+0000] {processor.py:183} INFO - Processing /opt/airflow/dags/kpi_hourly_dag.py took 0.098 seconds
[2026-08-21T07:02:05.385+0000] {processor.py:161} INFO - Started process (PID=533) to work on /opt/airflow/dags/kpi_hourly_dag.py
[2026-08-21T07:02:05.385+0000] {processor.py:830} INFO - Processing file /opt/airflow/dags/kpi_hourly_dag.py for tasks to queue
[2026-08-21T07:02:05.387+0000] {logging_mixin.py:188} INFO - [2026-08-21T07:02:05.386+0000] {dagbag.py:545} INFO - Filling up the DagBag from /opt/airflow/dags/kpi_hourly_dag.py
[2026-08-21T07:02:05.431+0000] {processor.py:840} INFO - DAG(s) 'cell_kpi_spatial_analytics_pipeline' retrieved from /opt/airflow/dags/kpi_hourly_dag.py
[2026-08-21T07:02:05.443+0000] {logging_mixin.py:188} INFO - [2026-08-21T07:02:05.442+0000] {dag.py:3096} INFO - Sync 1 DAGs
[2026-08-21T07:02:05.463+0000] {logging_mixin.py:188} INFO - [2026-08-21T07:02:05.463+0000] {dag.py:3954} INFO - Setting next_dagrun for cell_kpi_spatial_analytics_pipeline to None, run_after=None
[2026-08-21T07:02:05.477+0000] {processor.py:183} INFO - Processing /opt/airflow/dags/kpi_hourly_dag.py took 0.098 seconds
[2026-08-21T07:02:35.604+0000] {processor.py:161} INFO - Started process (PID=543) to work on /opt/airflow/dags/kpi_hourly_dag.py
[2026-08-21T07:02:35.604+0000] {processor.py:830} INFO - Processing file /opt/airflow/dags/kpi_hourly_dag.py for tasks to queue
[2026-08-21T07:02:35.607+0000] {logging_mixin.py:188} INFO - [2026-08-21T07:02:35.607+0000] {dagbag.py:545} INFO - Filling up the DagBag from /opt/airflow/dags/kpi_hourly_dag.py
[2026-08-21T07:02:35.661+0000] {processor.py:840} INFO - DAG(s) 'cell_kpi_spatial_analytics_pipeline' retrieved from /opt/airflow/dags/kpi_hourly_dag.py
[2026-08-21T07:02:35.674+0000] {logging_mixin.py:188} INFO - [2026-08-21T07:02:35.674+0000] {dag.py:3096} INFO - Sync 1 DAGs
[2026-08-21T07:02:35.694+0000] {logging_mixin.py:188} INFO - [2026-08-21T07:02:35.694+0000] {dag.py:3954} INFO - Setting next_dagrun for cell_kpi_spatial_analytics_pipeline to None, run_after=None
[2026-08-21T07:02:35.707+0000] {processor.py:183} INFO - Processing /opt/airflow/dags/kpi_hourly_dag.py took 0.111 seconds
[2026-08-21T07:03:05.823+0000] {processor.py:161} INFO - Started process (PID=553) to work on /opt/airflow/dags/kpi_hourly_dag.py
[2026-08-21T07:03:05.823+0000] {processor.py:830} INFO - Processing file /opt/airflow/dags/kpi_hourly_dag.py for tasks to queue
[2026-08-21T07:03:05.825+0000] {logging_mixin.py:188} INFO - [2026-08-21T07:03:05.825+0000] {dagbag.py:545} INFO - Filling up the DagBag from /opt/airflow/dags/kpi_hourly_dag.py
[2026-08-21T07:03:05.881+0000] {processor.py:840} INFO - DAG(s) 'cell_kpi_spatial_analytics_pipeline' retrieved from /opt/airflow/dags/kpi_hourly_dag.py
[2026-08-21T07:03:05.895+0000] {logging_mixin.py:188} INFO - [2026-08-21T07:03:05.895+0000] {dag.py:3096} INFO - Sync 1 DAGs
[2026-08-21T07:03:05.917+0000] {logging_mixin.py:188} INFO - [2026-08-21T07:03:05.916+0000] {dag.py:3954} INFO - Setting next_dagrun for cell_kpi_spatial_analytics_pipeline to None, run_after=None
[2026-08-21T07:03:05.931+0000] {processor.py:183} INFO - Processing /opt/airflow/dags/kpi_hourly_dag.py took 0.114 seconds
[2026-08-21T07:03:36.055+0000] {processor.py:161} INFO - Started process (PID=563) to work on /opt/airflow/dags/kpi_hourly_dag.py
[2026-08-21T07:03:36.056+0000] {processor.py:830} INFO - Processing file /opt/airflow/dags/kpi_hourly_dag.py for tasks to queue
[2026-08-21T07:03:36.057+0000] {logging_mixin.py:188} INFO - [2026-08-21T07:03:36.057+0000] {dagbag.py:545} INFO - Filling up the DagBag from /opt/airflow/dags/kpi_hourly_dag.py
[2026-08-21T07:03:36.105+0000] {processor.py:840} INFO - DAG(s) 'cell_kpi_spatial_analytics_pipeline' retrieved from /opt/airflow/dags/kpi_hourly_dag.py
[2026-08-21T07:03:36.118+0000] {logging_mixin.py:188} INFO - [2026-08-21T07:03:36.117+0000] {dag.py:3096} INFO - Sync 1 DAGs
[2026-08-21T07:03:36.139+0000] {logging_mixin.py:188} INFO - [2026-08-21T07:03:36.139+0000] {dag.py:3954} INFO - Setting next_dagrun for cell_kpi_spatial_analytics_pipeline to None, run_after=None
[2026-08-21T07:03:36.152+0000] {processor.py:183} INFO - Processing /opt/airflow/dags/kpi_hourly_dag.py took 0.102 seconds
[2026-08-21T07:04:06.266+0000] {processor.py:161} INFO - Started process (PID=573) to work on /opt/airflow/dags/kpi_hourly_dag.py
[2026-08-21T07:04:06.266+0000] {processor.py:830} INFO - Processing file /opt/airflow/dags/kpi_hourly_dag.py for tasks to queue
[2026-08-21T07:04:06.267+0000] {logging_mixin.py:188} INFO - [2026-08-21T07:04:06.267+0000] {dagbag.py:545} INFO - Filling up the DagBag from /opt/airflow/dags/kpi_hourly_dag.py
[2026-08-21T07:04:06.318+0000] {processor.py:840} INFO - DAG(s) 'cell_kpi_spatial_analytics_pipeline' retrieved from /opt/airflow/dags/kpi_hourly_dag.py
[2026-08-21T07:04:06.332+0000] {logging_mixin.py:188} INFO - [2026-08-21T07:04:06.332+0000] {dag.py:3096} INFO - Sync 1 DAGs
[2026-08-21T07:04:06.352+0000] {logging_mixin.py:188} INFO - [2026-08-21T07:04:06.352+0000] {dag.py:3954} INFO - Setting next_dagrun for cell_kpi_spatial_analytics_pipeline to None, run_after=None
[2026-08-21T07:04:06.365+0000] {processor.py:183} INFO - Processing /opt/airflow/dags/kpi_hourly_dag.py took 0.105 seconds
[2026-08-21T07:04:36.479+0000] {processor.py:161} INFO - Started process (PID=583) to work on /opt/airflow/dags/kpi_hourly_dag.py
[2026-08-21T07:04:36.480+0000] {processor.py:830} INFO - Processing file /opt/airflow/dags/kpi_hourly_dag.py for tasks to queue
[2026-08-21T07:04:36.481+0000] {logging_mixin.py:188} INFO - [2026-08-21T07:04:36.481+0000] {dagbag.py:545} INFO - Filling up the DagBag from /opt/airflow/dags/kpi_hourly_dag.py
[2026-08-21T07:04:36.531+0000] {processor.py:840} INFO - DAG(s) 'cell_kpi_spatial_analytics_pipeline' retrieved from /opt/airflow/dags/kpi_hourly_dag.py
[2026-08-21T07:04:36.542+0000] {logging_mixin.py:188} INFO - [2026-08-21T07:04:36.541+0000] {dag.py:3096} INFO - Sync 1 DAGs
[2026-08-21T07:04:36.560+0000] {logging_mixin.py:188} INFO - [2026-08-21T07:04:36.560+0000] {dag.py:3954} INFO - Setting next_dagrun for cell_kpi_spatial_analytics_pipeline to None, run_after=None
[2026-08-21T07:04:36.573+0000] {processor.py:183} INFO - Processing /opt/airflow/dags/kpi_hourly_dag.py took 0.099 seconds
[2026-08-21T07:05:06.690+0000] {processor.py:161} INFO - Started process (PID=593) to work on /opt/airflow/dags/kpi_hourly_dag.py
[2026-08-21T07:05:06.691+0000] {processor.py:830} INFO - Processing file /opt/airflow/dags/kpi_hourly_dag.py for tasks to queue
[2026-08-21T07:05:06.692+0000] {logging_mixin.py:188} INFO - [2026-08-21T07:05:06.692+0000] {dagbag.py:545} INFO - Filling up the DagBag from /opt/airflow/dags/kpi_hourly_dag.py
[2026-08-21T07:05:06.748+0000] {processor.py:840} INFO - DAG(s) 'cell_kpi_spatial_analytics_pipeline' retrieved from /opt/airflow/dags/kpi_hourly_dag.py
[2026-08-21T07:05:06.760+0000] {logging_mixin.py:188} INFO - [2026-08-21T07:05:06.760+0000] {dag.py:3096} INFO - Sync 1 DAGs
[2026-08-21T07:05:06.779+0000] {logging_mixin.py:188} INFO - [2026-08-21T07:05:06.779+0000] {dag.py:3954} INFO - Setting next_dagrun for cell_kpi_spatial_analytics_pipeline to None, run_after=None
[2026-08-21T07:05:06.792+0000] {processor.py:183} INFO - Processing /opt/airflow/dags/kpi_hourly_dag.py took 0.108 seconds
[2026-08-21T07:05:36.902+0000] {processor.py:161} INFO - Started process (PID=603) to work on /opt/airflow/dags/kpi_hourly_dag.py
[2026-08-21T07:05:36.903+0000] {processor.py:830} INFO - Processing file /opt/airflow/dags/kpi_hourly_dag.py for tasks to queue
[2026-08-21T07:05:36.904+0000] {logging_mixin.py:188} INFO - [2026-08-21T07:05:36.904+0000] {dagbag.py:545} INFO - Filling up the DagBag from /opt/airflow/dags/kpi_hourly_dag.py
[2026-08-21T07:05:36.952+0000] {processor.py:840} INFO - DAG(s) 'cell_kpi_spatial_analytics_pipeline' retrieved from /opt/airflow/dags/kpi_hourly_dag.py
[2026-08-21T07:05:36.965+0000] {logging_mixin.py:188} INFO - [2026-08-21T07:05:36.965+0000] {dag.py:3096} INFO - Sync 1 DAGs
[2026-08-21T07:05:36.987+0000] {logging_mixin.py:188} INFO - [2026-08-21T07:05:36.987+0000] {dag.py:3954} INFO - Setting next_dagrun for cell_kpi_spatial_analytics_pipeline to None, run_after=None
[2026-08-21T07:05:37.000+0000] {processor.py:183} INFO - Processing /opt/airflow/dags/kpi_hourly_dag.py took 0.103 seconds
[2026-08-21T07:06:07.120+0000] {processor.py:161} INFO - Started process (PID=613) to work on /opt/airflow/dags/kpi_hourly_dag.py
[2026-08-21T07:06:07.120+0000] {processor.py:830} INFO - Processing file /opt/airflow/dags/kpi_hourly_dag.py for tasks to queue
[2026-08-21T07:06:07.122+0000] {logging_mixin.py:188} INFO - [2026-08-21T07:06:07.122+0000] {dagbag.py:545} INFO - Filling up the DagBag from /opt/airflow/dags/kpi_hourly_dag.py
[2026-08-21T07:06:07.171+0000] {processor.py:840} INFO - DAG(s) 'cell_kpi_spatial_analytics_pipeline' retrieved from /opt/airflow/dags/kpi_hourly_dag.py
[2026-08-21T07:06:07.185+0000] {logging_mixin.py:188} INFO - [2026-08-21T07:06:07.185+0000] {dag.py:3096} INFO - Sync 1 DAGs
[2026-08-21T07:06:07.206+0000] {logging_mixin.py:188} INFO - [2026-08-21T07:06:07.206+0000] {dag.py:3954} INFO - Setting next_dagrun for cell_kpi_spatial_analytics_pipeline to None, run_after=None
[2026-08-21T07:06:07.222+0000] {processor.py:183} INFO - Processing /opt/airflow/dags/kpi_hourly_dag.py took 0.108 seconds
[2026-08-21T07:06:37.336+0000] {processor.py:161} INFO - Started process (PID=623) to work on /opt/airflow/dags/kpi_hourly_dag.py
[2026-08-21T07:06:37.337+0000] {processor.py:830} INFO - Processing file /opt/airflow/dags/kpi_hourly_dag.py for tasks to queue
[2026-08-21T07:06:37.338+0000] {logging_mixin.py:188} INFO - [2026-08-21T07:06:37.338+0000] {dagbag.py:545} INFO - Filling up the DagBag from /opt/airflow/dags/kpi_hourly_dag.py
[2026-08-21T07:06:37.394+0000] {processor.py:840} INFO - DAG(s) 'cell_kpi_spatial_analytics_pipeline' retrieved from /opt/airflow/dags/kpi_hourly_dag.py
[2026-08-21T07:06:37.407+0000] {logging_mixin.py:188} INFO - [2026-08-21T07:06:37.407+0000] {dag.py:3096} INFO - Sync 1 DAGs
[2026-08-21T07:06:37.426+0000] {logging_mixin.py:188} INFO - [2026-08-21T07:06:37.426+0000] {dag.py:3954} INFO - Setting next_dagrun for cell_kpi_spatial_analytics_pipeline to None, run_after=None
[2026-08-21T07:06:37.440+0000] {processor.py:183} INFO - Processing /opt/airflow/dags/kpi_hourly_dag.py took 0.110 seconds
[2026-08-21T07:07:07.557+0000] {processor.py:161} INFO - Started process (PID=633) to work on /opt/airflow/dags/kpi_hourly_dag.py
[2026-08-21T07:07:07.558+0000] {processor.py:830} INFO - Processing file /opt/airflow/dags/kpi_hourly_dag.py for tasks to queue
[2026-08-21T07:07:07.559+0000] {logging_mixin.py:188} INFO - [2026-08-21T07:07:07.559+0000] {dagbag.py:545} INFO - Filling up the DagBag from /opt/airflow/dags/kpi_hourly_dag.py
[2026-08-21T07:07:07.610+0000] {processor.py:840} INFO - DAG(s) 'cell_kpi_spatial_analytics_pipeline' retrieved from /opt/airflow/dags/kpi_hourly_dag.py
[2026-08-21T07:07:07.624+0000] {logging_mixin.py:188} INFO - [2026-08-21T07:07:07.624+0000] {dag.py:3096} INFO - Sync 1 DAGs
[2026-08-21T07:07:07.648+0000] {logging_mixin.py:188} INFO - [2026-08-21T07:07:07.648+0000] {dag.py:3954} INFO - Setting next_dagrun for cell_kpi_spatial_analytics_pipeline to None, run_after=None
[2026-08-21T07:07:07.662+0000] {processor.py:183} INFO - Processing /opt/airflow/dags/kpi_hourly_dag.py took 0.111 seconds
[2026-08-21T07:07:37.773+0000] {processor.py:161} INFO - Started process (PID=643) to work on /opt/airflow/dags/kpi_hourly_dag.py
[2026-08-21T07:07:37.774+0000] {processor.py:830} INFO - Processing file /opt/airflow/dags/kpi_hourly_dag.py for tasks to queue
[2026-08-21T07:07:37.775+0000] {logging_mixin.py:188} INFO - [2026-08-21T07:07:37.775+0000] {dagbag.py:545} INFO - Filling up the DagBag from /opt/airflow/dags/kpi_hourly_dag.py
[2026-08-21T07:07:37.821+0000] {processor.py:840} INFO - DAG(s) 'cell_kpi_spatial_analytics_pipeline' retrieved from /opt/airflow/dags/kpi_hourly_dag.py
[2026-08-21T07:07:37.835+0000] {logging_mixin.py:188} INFO - [2026-08-21T07:07:37.835+0000] {dag.py:3096} INFO - Sync 1 DAGs
[2026-08-21T07:07:37.856+0000] {logging_mixin.py:188} INFO - [2026-08-21T07:07:37.855+0000] {dag.py:3954} INFO - Setting next_dagrun for cell_kpi_spatial_analytics_pipeline to None, run_after=None
[2026-08-21T07:07:37.869+0000] {processor.py:183} INFO - Processing /opt/airflow/dags/kpi_hourly_dag.py took 0.101 seconds
[2026-08-21T07:08:07.983+0000] {processor.py:161} INFO - Started process (PID=653) to work on /opt/airflow/dags/kpi_hourly_dag.py
[2026-08-21T07:08:07.984+0000] {processor.py:830} INFO - Processing file /opt/airflow/dags/kpi_hourly_dag.py for tasks to queue
[2026-08-21T07:08:07.985+0000] {logging_mixin.py:188} INFO - [2026-08-21T07:08:07.985+0000] {dagbag.py:545} INFO - Filling up the DagBag from /opt/airflow/dags/kpi_hourly_dag.py
[2026-08-21T07:08:08.042+0000] {processor.py:840} INFO - DAG(s) 'cell_kpi_spatial_analytics_pipeline' retrieved from /opt/airflow/dags/kpi_hourly_dag.py
[2026-08-21T07:08:08.056+0000] {logging_mixin.py:188} INFO - [2026-08-21T07:08:08.056+0000] {dag.py:3096} INFO - Sync 1 DAGs
[2026-08-21T07:08:08.077+0000] {logging_mixin.py:188} INFO - [2026-08-21T07:08:08.077+0000] {dag.py:3954} INFO - Setting next_dagrun for cell_kpi_spatial_analytics_pipeline to None, run_after=None
[2026-08-21T07:08:08.090+0000] {processor.py:183} INFO - Processing /opt/airflow/dags/kpi_hourly_dag.py took 0.114 seconds
[2026-08-21T07:08:38.213+0000] {processor.py:161} INFO - Started process (PID=663) to work on /opt/airflow/dags/kpi_hourly_dag.py
[2026-08-21T07:08:38.213+0000] {processor.py:830} INFO - Processing file /opt/airflow/dags/kpi_hourly_dag.py for tasks to queue
[2026-08-21T07:08:38.215+0000] {logging_mixin.py:188} INFO - [2026-08-21T07:08:38.215+0000] {dagbag.py:545} INFO - Filling up the DagBag from /opt/airflow/dags/kpi_hourly_dag.py
[2026-08-21T07:08:38.268+0000] {processor.py:840} INFO - DAG(s) 'cell_kpi_spatial_analytics_pipeline' retrieved from /opt/airflow/dags/kpi_hourly_dag.py
[2026-08-21T07:08:38.280+0000] {logging_mixin.py:188} INFO - [2026-08-21T07:08:38.280+0000] {dag.py:3096} INFO - Sync 1 DAGs
[2026-08-21T07:08:38.298+0000] {logging_mixin.py:188} INFO - [2026-08-21T07:08:38.297+0000] {dag.py:3954} INFO - Setting next_dagrun for cell_kpi_spatial_analytics_pipeline to None, run_after=None
[2026-08-21T07:08:38.311+0000] {processor.py:183} INFO - Processing /opt/airflow/dags/kpi_hourly_dag.py took 0.105 seconds
[2026-08-21T07:09:08.420+0000] {processor.py:161} INFO - Started process (PID=673) to work on /opt/airflow/dags/kpi_hourly_dag.py
[2026-08-21T07:09:08.421+0000] {processor.py:830} INFO - Processing file /opt/airflow/dags/kpi_hourly_dag.py for tasks to queue
[2026-08-21T07:09:08.422+0000] {logging_mixin.py:188} INFO - [2026-08-21T07:09:08.422+0000] {dagbag.py:545} INFO - Filling up the DagBag from /opt/airflow/dags/kpi_hourly_dag.py
[2026-08-21T07:09:08.480+0000] {processor.py:840} INFO - DAG(s) 'cell_kpi_spatial_analytics_pipeline' retrieved from /opt/airflow/dags/kpi_hourly_dag.py
[2026-08-21T07:09:08.494+0000] {logging_mixin.py:188} INFO - [2026-08-21T07:09:08.494+0000] {dag.py:3096} INFO - Sync 1 DAGs
[2026-08-21T07:09:08.515+0000] {logging_mixin.py:188} INFO - [2026-08-21T07:09:08.515+0000] {dag.py:3954} INFO - Setting next_dagrun for cell_kpi_spatial_analytics_pipeline to None, run_after=None
[2026-08-21T07:09:08.529+0000] {processor.py:183} INFO - Processing /opt/airflow/dags/kpi_hourly_dag.py took 0.114 seconds
[2026-08-21T07:09:38.641+0000] {processor.py:161} INFO - Started process (PID=683) to work on /opt/airflow/dags/kpi_hourly_dag.py
[2026-08-21T07:09:38.642+0000] {processor.py:830} INFO - Processing file /opt/airflow/dags/kpi_hourly_dag.py for tasks to queue
[2026-08-21T07:09:38.643+0000] {logging_mixin.py:188} INFO - [2026-08-21T07:09:38.643+0000] {dagbag.py:545} INFO - Filling up the DagBag from /opt/airflow/dags/kpi_hourly_dag.py
[2026-08-21T07:09:38.704+0000] {processor.py:840} INFO - DAG(s) 'cell_kpi_spatial_analytics_pipeline' retrieved from /opt/airflow/dags/kpi_hourly_dag.py
[2026-08-21T07:09:38.719+0000] {logging_mixin.py:188} INFO - [2026-08-21T07:09:38.719+0000] {dag.py:3096} INFO - Sync 1 DAGs
[2026-08-21T07:09:38.742+0000] {logging_mixin.py:188} INFO - [2026-08-21T07:09:38.742+0000] {dag.py:3954} INFO - Setting next_dagrun for cell_kpi_spatial_analytics_pipeline to None, run_after=None
[2026-08-21T07:09:38.756+0000] {processor.py:183} INFO - Processing /opt/airflow/dags/kpi_hourly_dag.py took 0.120 seconds
[2026-08-21T07:10:08.868+0000] {processor.py:161} INFO - Started process (PID=693) to work on /opt/airflow/dags/kpi_hourly_dag.py
[2026-08-21T07:10:08.869+0000] {processor.py:830} INFO - Processing file /opt/airflow/dags/kpi_hourly_dag.py for tasks to queue
[2026-08-21T07:10:08.871+0000] {logging_mixin.py:188} INFO - [2026-08-21T07:10:08.870+0000] {dagbag.py:545} INFO - Filling up the DagBag from /opt/airflow/dags/kpi_hourly_dag.py
[2026-08-21T07:10:08.925+0000] {processor.py:840} INFO - DAG(s) 'cell_kpi_spatial_analytics_pipeline' retrieved from /opt/airflow/dags/kpi_hourly_dag.py
[2026-08-21T07:10:08.939+0000] {logging_mixin.py:188} INFO - [2026-08-21T07:10:08.939+0000] {dag.py:3096} INFO - Sync 1 DAGs
[2026-08-21T07:10:08.957+0000] {logging_mixin.py:188} INFO - [2026-08-21T07:10:08.957+0000] {dag.py:3954} INFO - Setting next_dagrun for cell_kpi_spatial_analytics_pipeline to None, run_after=None
[2026-08-21T07:10:08.970+0000] {processor.py:183} INFO - Processing /opt/airflow/dags/kpi_hourly_dag.py took 0.109 seconds
[2026-08-21T07:10:39.076+0000] {processor.py:161} INFO - Started process (PID=703) to work on /opt/airflow/dags/kpi_hourly_dag.py
[2026-08-21T07:10:39.076+0000] {processor.py:830} INFO - Processing file /opt/airflow/dags/kpi_hourly_dag.py for tasks to queue
[2026-08-21T07:10:39.078+0000] {logging_mixin.py:188} INFO - [2026-08-21T07:10:39.078+0000] {dagbag.py:545} INFO - Filling up the DagBag from /opt/airflow/dags/kpi_hourly_dag.py
[2026-08-21T07:10:39.128+0000] {processor.py:840} INFO - DAG(s) 'cell_kpi_spatial_analytics_pipeline' retrieved from /opt/airflow/dags/kpi_hourly_dag.py
[2026-08-21T07:10:39.140+0000] {logging_mixin.py:188} INFO - [2026-08-21T07:10:39.140+0000] {dag.py:3096} INFO - Sync 1 DAGs
[2026-08-21T07:10:39.160+0000] {logging_mixin.py:188} INFO - [2026-08-21T07:10:39.160+0000] {dag.py:3954} INFO - Setting next_dagrun for cell_kpi_spatial_analytics_pipeline to None, run_after=None
[2026-08-21T07:10:39.173+0000] {processor.py:183} INFO - Processing /opt/airflow/dags/kpi_hourly_dag.py took 0.104 seconds
[2026-08-21T07:11:09.284+0000] {processor.py:161} INFO - Started process (PID=713) to work on /opt/airflow/dags/kpi_hourly_dag.py
[2026-08-21T07:11:09.285+0000] {processor.py:830} INFO - Processing file /opt/airflow/dags/kpi_hourly_dag.py for tasks to queue
[2026-08-21T07:11:09.286+0000] {logging_mixin.py:188} INFO - [2026-08-21T07:11:09.286+0000] {dagbag.py:545} INFO - Filling up the DagBag from /opt/airflow/dags/kpi_hourly_dag.py
[2026-08-21T07:11:09.334+0000] {processor.py:840} INFO - DAG(s) 'cell_kpi_spatial_analytics_pipeline' retrieved from /opt/airflow/dags/kpi_hourly_dag.py
[2026-08-21T07:11:09.350+0000] {logging_mixin.py:188} INFO - [2026-08-21T07:11:09.349+0000] {dag.py:3096} INFO - Sync 1 DAGs
[2026-08-21T07:11:09.373+0000] {logging_mixin.py:188} INFO - [2026-08-21T07:11:09.373+0000] {dag.py:3954} INFO - Setting next_dagrun for cell_kpi_spatial_analytics_pipeline to None, run_after=None
[2026-08-21T07:11:09.391+0000] {processor.py:183} INFO - Processing /opt/airflow/dags/kpi_hourly_dag.py took 0.113 seconds
[2026-08-21T07:11:39.501+0000] {processor.py:161} INFO - Started process (PID=723) to work on /opt/airflow/dags/kpi_hourly_dag.py
[2026-08-21T07:11:39.502+0000] {processor.py:830} INFO - Processing file /opt/airflow/dags/kpi_hourly_dag.py for tasks to queue
[2026-08-21T07:11:39.504+0000] {logging_mixin.py:188} INFO - [2026-08-21T07:11:39.504+0000] {dagbag.py:545} INFO - Filling up the DagBag from /opt/airflow/dags/kpi_hourly_dag.py
[2026-08-21T07:11:39.548+0000] {processor.py:840} INFO - DAG(s) 'cell_kpi_spatial_analytics_pipeline' retrieved from /opt/airflow/dags/kpi_hourly_dag.py
[2026-08-21T07:11:39.560+0000] {logging_mixin.py:188} INFO - [2026-08-21T07:11:39.560+0000] {dag.py:3096} INFO - Sync 1 DAGs
[2026-08-21T07:11:39.580+0000] {logging_mixin.py:188} INFO - [2026-08-21T07:11:39.580+0000] {dag.py:3954} INFO - Setting next_dagrun for cell_kpi_spatial_analytics_pipeline to None, run_after=None
[2026-08-21T07:11:39.593+0000] {processor.py:183} INFO - Processing /opt/airflow/dags/kpi_hourly_dag.py took 0.099 seconds
[2026-08-21T07:12:09.723+0000] {processor.py:161} INFO - Started process (PID=733) to work on /opt/airflow/dags/kpi_hourly_dag.py
[2026-08-21T07:12:09.723+0000] {processor.py:830} INFO - Processing file /opt/airflow/dags/kpi_hourly_dag.py for tasks to queue
[2026-08-21T07:12:09.725+0000] {logging_mixin.py:188} INFO - [2026-08-21T07:12:09.724+0000] {dagbag.py:545} INFO - Filling up the DagBag from /opt/airflow/dags/kpi_hourly_dag.py
[2026-08-21T07:12:09.768+0000] {processor.py:840} INFO - DAG(s) 'cell_kpi_spatial_analytics_pipeline' retrieved from /opt/airflow/dags/kpi_hourly_dag.py
[2026-08-21T07:12:09.779+0000] {logging_mixin.py:188} INFO - [2026-08-21T07:12:09.779+0000] {dag.py:3096} INFO - Sync 1 DAGs
[2026-08-21T07:12:09.799+0000] {logging_mixin.py:188} INFO - [2026-08-21T07:12:09.798+0000] {dag.py:3954} INFO - Setting next_dagrun for cell_kpi_spatial_analytics_pipeline to None, run_after=None
[2026-08-21T07:12:09.812+0000] {processor.py:183} INFO - Processing /opt/airflow/dags/kpi_hourly_dag.py took 0.100 seconds
[2026-08-21T07:12:39.930+0000] {processor.py:161} INFO - Started process (PID=743) to work on /opt/airflow/dags/kpi_hourly_dag.py
[2026-08-21T07:12:39.930+0000] {processor.py:830} INFO - Processing file /opt/airflow/dags/kpi_hourly_dag.py for tasks to queue
[2026-08-21T07:12:39.932+0000] {logging_mixin.py:188} INFO - [2026-08-21T07:12:39.931+0000] {dagbag.py:545} INFO - Filling up the DagBag from /opt/airflow/dags/kpi_hourly_dag.py
[2026-08-21T07:12:39.981+0000] {processor.py:840} INFO - DAG(s) 'cell_kpi_spatial_analytics_pipeline' retrieved from /opt/airflow/dags/kpi_hourly_dag.py
[2026-08-21T07:12:39.994+0000] {logging_mixin.py:188} INFO - [2026-08-21T07:12:39.994+0000] {dag.py:3096} INFO - Sync 1 DAGs
[2026-08-21T07:12:40.016+0000] {logging_mixin.py:188} INFO - [2026-08-21T07:12:40.016+0000] {dag.py:3954} INFO - Setting next_dagrun for cell_kpi_spatial_analytics_pipeline to None, run_after=None
[2026-08-21T07:12:40.029+0000] {processor.py:183} INFO - Processing /opt/airflow/dags/kpi_hourly_dag.py took 0.106 seconds
[2026-08-21T07:13:10.138+0000] {processor.py:161} INFO - Started process (PID=753) to work on /opt/airflow/dags/kpi_hourly_dag.py
[2026-08-21T07:13:10.139+0000] {processor.py:830} INFO - Processing file /opt/airflow/dags/kpi_hourly_dag.py for tasks to queue
[2026-08-21T07:13:10.140+0000] {logging_mixin.py:188} INFO - [2026-08-21T07:13:10.140+0000] {dagbag.py:545} INFO - Filling up the DagBag from /opt/airflow/dags/kpi_hourly_dag.py
[2026-08-21T07:13:10.197+0000] {processor.py:840} INFO - DAG(s) 'cell_kpi_spatial_analytics_pipeline' retrieved from /opt/airflow/dags/kpi_hourly_dag.py
[2026-08-21T07:13:10.210+0000] {logging_mixin.py:188} INFO - [2026-08-21T07:13:10.210+0000] {dag.py:3096} INFO - Sync 1 DAGs
[2026-08-21T07:13:10.231+0000] {logging_mixin.py:188} INFO - [2026-08-21T07:13:10.230+0000] {dag.py:3954} INFO - Setting next_dagrun for cell_kpi_spatial_analytics_pipeline to None, run_after=None
[2026-08-21T07:13:10.244+0000] {processor.py:183} INFO - Processing /opt/airflow/dags/kpi_hourly_dag.py took 0.111 seconds
[2026-08-21T07:13:40.372+0000] {processor.py:161} INFO - Started process (PID=763) to work on /opt/airflow/dags/kpi_hourly_dag.py
[2026-08-21T07:13:40.373+0000] {processor.py:830} INFO - Processing file /opt/airflow/dags/kpi_hourly_dag.py for tasks to queue
[2026-08-21T07:13:40.374+0000] {logging_mixin.py:188} INFO - [2026-08-21T07:13:40.374+0000] {dagbag.py:545} INFO - Filling up the DagBag from /opt/airflow/dags/kpi_hourly_dag.py
[2026-08-21T07:13:40.424+0000] {processor.py:840} INFO - DAG(s) 'cell_kpi_spatial_analytics_pipeline' retrieved from /opt/airflow/dags/kpi_hourly_dag.py
[2026-08-21T07:13:40.435+0000] {logging_mixin.py:188} INFO - [2026-08-21T07:13:40.435+0000] {dag.py:3096} INFO - Sync 1 DAGs
[2026-08-21T07:13:40.455+0000] {logging_mixin.py:188} INFO - [2026-08-21T07:13:40.455+0000] {dag.py:3954} INFO - Setting next_dagrun for cell_kpi_spatial_analytics_pipeline to None, run_after=None
[2026-08-21T07:13:40.468+0000] {processor.py:183} INFO - Processing /opt/airflow/dags/kpi_hourly_dag.py took 0.103 seconds
[2026-08-21T07:14:10.583+0000] {processor.py:161} INFO - Started process (PID=773) to work on /opt/airflow/dags/kpi_hourly_dag.py
[2026-08-21T07:14:10.584+0000] {processor.py:830} INFO - Processing file /opt/airflow/dags/kpi_hourly_dag.py for tasks to queue
[2026-08-21T07:14:10.586+0000] {logging_mixin.py:188} INFO - [2026-08-21T07:14:10.585+0000] {dagbag.py:545} INFO - Filling up the DagBag from /opt/airflow/dags/kpi_hourly_dag.py
[2026-08-21T07:14:10.639+0000] {processor.py:840} INFO - DAG(s) 'cell_kpi_spatial_analytics_pipeline' retrieved from /opt/airflow/dags/kpi_hourly_dag.py
[2026-08-21T07:14:10.650+0000] {logging_mixin.py:188} INFO - [2026-08-21T07:14:10.650+0000] {dag.py:3096} INFO - Sync 1 DAGs
[2026-08-21T07:14:10.671+0000] {logging_mixin.py:188} INFO - [2026-08-21T07:14:10.671+0000] {dag.py:3954} INFO - Setting next_dagrun for cell_kpi_spatial_analytics_pipeline to None, run_after=None
[2026-08-21T07:14:10.685+0000] {processor.py:183} INFO - Processing /opt/airflow/dags/kpi_hourly_dag.py took 0.108 seconds
[2026-08-21T07:14:40.800+0000] {processor.py:161} INFO - Started process (PID=783) to work on /opt/airflow/dags/kpi_hourly_dag.py
[2026-08-21T07:14:40.801+0000] {processor.py:830} INFO - Processing file /opt/airflow/dags/kpi_hourly_dag.py for tasks to queue
[2026-08-21T07:14:40.803+0000] {logging_mixin.py:188} INFO - [2026-08-21T07:14:40.802+0000] {dagbag.py:545} INFO - Filling up the DagBag from /opt/airflow/dags/kpi_hourly_dag.py
[2026-08-21T07:14:40.850+0000] {processor.py:840} INFO - DAG(s) 'cell_kpi_spatial_analytics_pipeline' retrieved from /opt/airflow/dags/kpi_hourly_dag.py
[2026-08-21T07:14:40.863+0000] {logging_mixin.py:188} INFO - [2026-08-21T07:14:40.862+0000] {dag.py:3096} INFO - Sync 1 DAGs
[2026-08-21T07:14:40.883+0000] {logging_mixin.py:188} INFO - [2026-08-21T07:14:40.883+0000] {dag.py:3954} INFO - Setting next_dagrun for cell_kpi_spatial_analytics_pipeline to None, run_after=None
[2026-08-21T07:14:40.897+0000] {processor.py:183} INFO - Processing /opt/airflow/dags/kpi_hourly_dag.py took 0.102 seconds
[2026-08-21T07:15:11.008+0000] {processor.py:161} INFO - Started process (PID=793) to work on /opt/airflow/dags/kpi_hourly_dag.py
[2026-08-21T07:15:11.009+0000] {processor.py:830} INFO - Processing file /opt/airflow/dags/kpi_hourly_dag.py for tasks to queue
[2026-08-21T07:15:11.011+0000] {logging_mixin.py:188} INFO - [2026-08-21T07:15:11.011+0000] {dagbag.py:545} INFO - Filling up the DagBag from /opt/airflow/dags/kpi_hourly_dag.py
[2026-08-21T07:15:11.071+0000] {processor.py:840} INFO - DAG(s) 'cell_kpi_spatial_analytics_pipeline' retrieved from /opt/airflow/dags/kpi_hourly_dag.py
[2026-08-21T07:15:11.085+0000] {logging_mixin.py:188} INFO - [2026-08-21T07:15:11.085+0000] {dag.py:3096} INFO - Sync 1 DAGs
[2026-08-21T07:15:11.103+0000] {logging_mixin.py:188} INFO - [2026-08-21T07:15:11.103+0000] {dag.py:3954} INFO - Setting next_dagrun for cell_kpi_spatial_analytics_pipeline to None, run_after=None
[2026-08-21T07:15:11.117+0000] {processor.py:183} INFO - Processing /opt/airflow/dags/kpi_hourly_dag.py took 0.116 seconds
[2026-08-21T07:15:41.234+0000] {processor.py:161} INFO - Started process (PID=803) to work on /opt/airflow/dags/kpi_hourly_dag.py
[2026-08-21T07:15:41.235+0000] {processor.py:830} INFO - Processing file /opt/airflow/dags/kpi_hourly_dag.py for tasks to queue
[2026-08-21T07:15:41.237+0000] {logging_mixin.py:188} INFO - [2026-08-21T07:15:41.237+0000] {dagbag.py:545} INFO - Filling up the DagBag from /opt/airflow/dags/kpi_hourly_dag.py
[2026-08-21T07:15:41.286+0000] {processor.py:840} INFO - DAG(s) 'cell_kpi_spatial_analytics_pipeline' retrieved from /opt/airflow/dags/kpi_hourly_dag.py
[2026-08-21T07:15:41.298+0000] {logging_mixin.py:188} INFO - [2026-08-21T07:15:41.298+0000] {dag.py:3096} INFO - Sync 1 DAGs
[2026-08-21T07:15:41.319+0000] {logging_mixin.py:188} INFO - [2026-08-21T07:15:41.319+0000] {dag.py:3954} INFO - Setting next_dagrun for cell_kpi_spatial_analytics_pipeline to None, run_after=None
[2026-08-21T07:15:41.332+0000] {processor.py:183} INFO - Processing /opt/airflow/dags/kpi_hourly_dag.py took 0.105 seconds
[2026-08-21T07:16:11.454+0000] {processor.py:161} INFO - Started process (PID=813) to work on /opt/airflow/dags/kpi_hourly_dag.py
[2026-08-21T07:16:11.455+0000] {processor.py:830} INFO - Processing file /opt/airflow/dags/kpi_hourly_dag.py for tasks to queue
[2026-08-21T07:16:11.457+0000] {logging_mixin.py:188} INFO - [2026-08-21T07:16:11.457+0000] {dagbag.py:545} INFO - Filling up the DagBag from /opt/airflow/dags/kpi_hourly_dag.py
[2026-08-21T07:16:11.506+0000] {processor.py:840} INFO - DAG(s) 'cell_kpi_spatial_analytics_pipeline' retrieved from /opt/airflow/dags/kpi_hourly_dag.py
[2026-08-21T07:16:11.525+0000] {logging_mixin.py:188} INFO - [2026-08-21T07:16:11.524+0000] {dag.py:3096} INFO - Sync 1 DAGs
[2026-08-21T07:16:11.546+0000] {logging_mixin.py:188} INFO - [2026-08-21T07:16:11.546+0000] {dag.py:3954} INFO - Setting next_dagrun for cell_kpi_spatial_analytics_pipeline to None, run_after=None
[2026-08-21T07:16:11.561+0000] {processor.py:183} INFO - Processing /opt/airflow/dags/kpi_hourly_dag.py took 0.113 seconds
[2026-08-21T07:16:41.683+0000] {processor.py:161} INFO - Started process (PID=823) to work on /opt/airflow/dags/kpi_hourly_dag.py
[2026-08-21T07:16:41.684+0000] {processor.py:830} INFO - Processing file /opt/airflow/dags/kpi_hourly_dag.py for tasks to queue
[2026-08-21T07:16:41.686+0000] {logging_mixin.py:188} INFO - [2026-08-21T07:16:41.685+0000] {dagbag.py:545} INFO - Filling up the DagBag from /opt/airflow/dags/kpi_hourly_dag.py
[2026-08-21T07:16:41.735+0000] {processor.py:840} INFO - DAG(s) 'cell_kpi_spatial_analytics_pipeline' retrieved from /opt/airflow/dags/kpi_hourly_dag.py
[2026-08-21T07:16:41.748+0000] {logging_mixin.py:188} INFO - [2026-08-21T07:16:41.747+0000] {dag.py:3096} INFO - Sync 1 DAGs
[2026-08-21T07:16:41.771+0000] {logging_mixin.py:188} INFO - [2026-08-21T07:16:41.770+0000] {dag.py:3954} INFO - Setting next_dagrun for cell_kpi_spatial_analytics_pipeline to None, run_after=None
[2026-08-21T07:16:41.787+0000] {processor.py:183} INFO - Processing /opt/airflow/dags/kpi_hourly_dag.py took 0.113 seconds
[2026-08-21T07:17:11.908+0000] {processor.py:161} INFO - Started process (PID=833) to work on /opt/airflow/dags/kpi_hourly_dag.py
[2026-08-21T07:17:11.909+0000] {processor.py:830} INFO - Processing file /opt/airflow/dags/kpi_hourly_dag.py for tasks to queue
[2026-08-21T07:17:11.910+0000] {logging_mixin.py:188} INFO - [2026-08-21T07:17:11.910+0000] {dagbag.py:545} INFO - Filling up the DagBag from /opt/airflow/dags/kpi_hourly_dag.py
[2026-08-21T07:17:11.964+0000] {processor.py:840} INFO - DAG(s) 'cell_kpi_spatial_analytics_pipeline' retrieved from /opt/airflow/dags/kpi_hourly_dag.py
[2026-08-21T07:17:11.976+0000] {logging_mixin.py:188} INFO - [2026-08-21T07:17:11.976+0000] {dag.py:3096} INFO - Sync 1 DAGs
[2026-08-21T07:17:11.996+0000] {logging_mixin.py:188} INFO - [2026-08-21T07:17:11.996+0000] {dag.py:3954} INFO - Setting next_dagrun for cell_kpi_spatial_analytics_pipeline to None, run_after=None
[2026-08-21T07:17:12.015+0000] {processor.py:183} INFO - Processing /opt/airflow/dags/kpi_hourly_dag.py took 0.112 seconds
[2026-08-21T07:17:42.123+0000] {processor.py:161} INFO - Started process (PID=843) to work on /opt/airflow/dags/kpi_hourly_dag.py
[2026-08-21T07:17:42.124+0000] {processor.py:830} INFO - Processing file /opt/airflow/dags/kpi_hourly_dag.py for tasks to queue
[2026-08-21T07:17:42.125+0000] {logging_mixin.py:188} INFO - [2026-08-21T07:17:42.125+0000] {dagbag.py:545} INFO - Filling up the DagBag from /opt/airflow/dags/kpi_hourly_dag.py
[2026-08-21T07:17:42.178+0000] {processor.py:840} INFO - DAG(s) 'cell_kpi_spatial_analytics_pipeline' retrieved from /opt/airflow/dags/kpi_hourly_dag.py
[2026-08-21T07:17:42.191+0000] {logging_mixin.py:188} INFO - [2026-08-21T07:17:42.191+0000] {dag.py:3096} INFO - Sync 1 DAGs
[2026-08-21T07:17:42.215+0000] {logging_mixin.py:188} INFO - [2026-08-21T07:17:42.215+0000] {dag.py:3954} INFO - Setting next_dagrun for cell_kpi_spatial_analytics_pipeline to None, run_after=None
[2026-08-21T07:17:42.232+0000] {processor.py:183} INFO - Processing /opt/airflow/dags/kpi_hourly_dag.py took 0.115 seconds
[2026-08-21T07:18:12.338+0000] {processor.py:161} INFO - Started process (PID=853) to work on /opt/airflow/dags/kpi_hourly_dag.py
[2026-08-21T07:18:12.339+0000] {processor.py:830} INFO - Processing file /opt/airflow/dags/kpi_hourly_dag.py for tasks to queue
[2026-08-21T07:18:12.340+0000] {logging_mixin.py:188} INFO - [2026-08-21T07:18:12.340+0000] {dagbag.py:545} INFO - Filling up the DagBag from /opt/airflow/dags/kpi_hourly_dag.py
[2026-08-21T07:18:12.397+0000] {processor.py:840} INFO - DAG(s) 'cell_kpi_spatial_analytics_pipeline' retrieved from /opt/airflow/dags/kpi_hourly_dag.py
[2026-08-21T07:18:12.411+0000] {logging_mixin.py:188} INFO - [2026-08-21T07:18:12.411+0000] {dag.py:3096} INFO - Sync 1 DAGs
[2026-08-21T07:18:12.431+0000] {logging_mixin.py:188} INFO - [2026-08-21T07:18:12.431+0000] {dag.py:3954} INFO - Setting next_dagrun for cell_kpi_spatial_analytics_pipeline to None, run_after=None
[2026-08-21T07:18:12.445+0000] {processor.py:183} INFO - Processing /opt/airflow/dags/kpi_hourly_dag.py took 0.114 seconds
[2026-08-21T07:18:42.563+0000] {processor.py:161} INFO - Started process (PID=863) to work on /opt/airflow/dags/kpi_hourly_dag.py
[2026-08-21T07:18:42.563+0000] {processor.py:830} INFO - Processing file /opt/airflow/dags/kpi_hourly_dag.py for tasks to queue
[2026-08-21T07:18:42.565+0000] {logging_mixin.py:188} INFO - [2026-08-21T07:18:42.564+0000] {dagbag.py:545} INFO - Filling up the DagBag from /opt/airflow/dags/kpi_hourly_dag.py
[2026-08-21T07:18:42.613+0000] {processor.py:840} INFO - DAG(s) 'cell_kpi_spatial_analytics_pipeline' retrieved from /opt/airflow/dags/kpi_hourly_dag.py
[2026-08-21T07:18:42.624+0000] {logging_mixin.py:188} INFO - [2026-08-21T07:18:42.624+0000] {dag.py:3096} INFO - Sync 1 DAGs
[2026-08-21T07:18:42.644+0000] {logging_mixin.py:188} INFO - [2026-08-21T07:18:42.643+0000] {dag.py:3954} INFO - Setting next_dagrun for cell_kpi_spatial_analytics_pipeline to None, run_after=None
[2026-08-21T07:18:42.657+0000] {processor.py:183} INFO - Processing /opt/airflow/dags/kpi_hourly_dag.py took 0.099 seconds
[2026-08-21T07:19:12.771+0000] {processor.py:161} INFO - Started process (PID=873) to work on /opt/airflow/dags/kpi_hourly_dag.py
[2026-08-21T07:19:12.771+0000] {processor.py:830} INFO - Processing file /opt/airflow/dags/kpi_hourly_dag.py for tasks to queue
[2026-08-21T07:19:12.773+0000] {logging_mixin.py:188} INFO - [2026-08-21T07:19:12.773+0000] {dagbag.py:545} INFO - Filling up the DagBag from /opt/airflow/dags/kpi_hourly_dag.py
[2026-08-21T07:19:12.830+0000] {processor.py:840} INFO - DAG(s) 'cell_kpi_spatial_analytics_pipeline' retrieved from /opt/airflow/dags/kpi_hourly_dag.py
[2026-08-21T07:19:12.843+0000] {logging_mixin.py:188} INFO - [2026-08-21T07:19:12.843+0000] {dag.py:3096} INFO - Sync 1 DAGs
[2026-08-21T07:19:12.861+0000] {logging_mixin.py:188} INFO - [2026-08-21T07:19:12.861+0000] {dag.py:3954} INFO - Setting next_dagrun for cell_kpi_spatial_analytics_pipeline to None, run_after=None
[2026-08-21T07:19:12.874+0000] {processor.py:183} INFO - Processing /opt/airflow/dags/kpi_hourly_dag.py took 0.110 seconds
[2026-08-21T07:19:42.984+0000] {processor.py:161} INFO - Started process (PID=883) to work on /opt/airflow/dags/kpi_hourly_dag.py
[2026-08-21T07:19:42.984+0000] {processor.py:830} INFO - Processing file /opt/airflow/dags/kpi_hourly_dag.py for tasks to queue
[2026-08-21T07:19:42.986+0000] {logging_mixin.py:188} INFO - [2026-08-21T07:19:42.985+0000] {dagbag.py:545} INFO - Filling up the DagBag from /opt/airflow/dags/kpi_hourly_dag.py
[2026-08-21T07:19:43.039+0000] {processor.py:840} INFO - DAG(s) 'cell_kpi_spatial_analytics_pipeline' retrieved from /opt/airflow/dags/kpi_hourly_dag.py
[2026-08-21T07:19:43.052+0000] {logging_mixin.py:188} INFO - [2026-08-21T07:19:43.051+0000] {dag.py:3096} INFO - Sync 1 DAGs
[2026-08-21T07:19:43.072+0000] {logging_mixin.py:188} INFO - [2026-08-21T07:19:43.072+0000] {dag.py:3954} INFO - Setting next_dagrun for cell_kpi_spatial_analytics_pipeline to None, run_after=None
[2026-08-21T07:19:43.085+0000] {processor.py:183} INFO - Processing /opt/airflow/dags/kpi_hourly_dag.py took 0.107 seconds
[2026-08-21T07:20:13.190+0000] {processor.py:161} INFO - Started process (PID=893) to work on /opt/airflow/dags/kpi_hourly_dag.py
[2026-08-21T07:20:13.191+0000] {processor.py:830} INFO - Processing file /opt/airflow/dags/kpi_hourly_dag.py for tasks to queue
[2026-08-21T07:20:13.193+0000] {logging_mixin.py:188} INFO - [2026-08-21T07:20:13.192+0000] {dagbag.py:545} INFO - Filling up the DagBag from /opt/airflow/dags/kpi_hourly_dag.py
[2026-08-21T07:20:13.241+0000] {processor.py:840} INFO - DAG(s) 'cell_kpi_spatial_analytics_pipeline' retrieved from /opt/airflow/dags/kpi_hourly_dag.py
[2026-08-21T07:20:13.253+0000] {logging_mixin.py:188} INFO - [2026-08-21T07:20:13.253+0000] {dag.py:3096} INFO - Sync 1 DAGs
[2026-08-21T07:20:13.272+0000] {logging_mixin.py:188} INFO - [2026-08-21T07:20:13.272+0000] {dag.py:3954} INFO - Setting next_dagrun for cell_kpi_spatial_analytics_pipeline to None, run_after=None
[2026-08-21T07:20:13.285+0000] {processor.py:183} INFO - Processing /opt/airflow/dags/kpi_hourly_dag.py took 0.101 seconds
[2026-08-21T07:20:43.402+0000] {processor.py:161} INFO - Started process (PID=903) to work on /opt/airflow/dags/kpi_hourly_dag.py
[2026-08-21T07:20:43.402+0000] {processor.py:830} INFO - Processing file /opt/airflow/dags/kpi_hourly_dag.py for tasks to queue
[2026-08-21T07:20:43.404+0000] {logging_mixin.py:188} INFO - [2026-08-21T07:20:43.403+0000] {dagbag.py:545} INFO - Filling up the DagBag from /opt/airflow/dags/kpi_hourly_dag.py
[2026-08-21T07:20:43.460+0000] {processor.py:840} INFO - DAG(s) 'cell_kpi_spatial_analytics_pipeline' retrieved from /opt/airflow/dags/kpi_hourly_dag.py
[2026-08-21T07:20:43.472+0000] {logging_mixin.py:188} INFO - [2026-08-21T07:20:43.472+0000] {dag.py:3096} INFO - Sync 1 DAGs
[2026-08-21T07:20:43.501+0000] {logging_mixin.py:188} INFO - [2026-08-21T07:20:43.501+0000] {dag.py:3954} INFO - Setting next_dagrun for cell_kpi_spatial_analytics_pipeline to None, run_after=None
[2026-08-21T07:20:43.519+0000] {processor.py:183} INFO - Processing /opt/airflow/dags/kpi_hourly_dag.py took 0.124 seconds
[2026-08-21T07:21:13.651+0000] {processor.py:161} INFO - Started process (PID=915) to work on /opt/airflow/dags/kpi_hourly_dag.py
[2026-08-21T07:21:13.651+0000] {processor.py:830} INFO - Processing file /opt/airflow/dags/kpi_hourly_dag.py for tasks to queue
[2026-08-21T07:21:13.653+0000] {logging_mixin.py:188} INFO - [2026-08-21T07:21:13.652+0000] {dagbag.py:545} INFO - Filling up the DagBag from /opt/airflow/dags/kpi_hourly_dag.py
[2026-08-21T07:21:13.697+0000] {processor.py:840} INFO - DAG(s) 'cell_kpi_spatial_analytics_pipeline' retrieved from /opt/airflow/dags/kpi_hourly_dag.py
[2026-08-21T07:21:13.708+0000] {logging_mixin.py:188} INFO - [2026-08-21T07:21:13.708+0000] {dag.py:3096} INFO - Sync 1 DAGs
[2026-08-21T07:21:13.725+0000] {logging_mixin.py:188} INFO - [2026-08-21T07:21:13.725+0000] {dag.py:3954} INFO - Setting next_dagrun for cell_kpi_spatial_analytics_pipeline to None, run_after=None
[2026-08-21T07:21:13.738+0000] {processor.py:183} INFO - Processing /opt/airflow/dags/kpi_hourly_dag.py took 0.093 seconds
[2026-08-21T07:21:43.882+0000] {processor.py:161} INFO - Started process (PID=925) to work on /opt/airflow/dags/kpi_hourly_dag.py
[2026-08-21T07:21:43.883+0000] {processor.py:830} INFO - Processing file /opt/airflow/dags/kpi_hourly_dag.py for tasks to queue
[2026-08-21T07:21:43.884+0000] {logging_mixin.py:188} INFO - [2026-08-21T07:21:43.884+0000] {dagbag.py:545} INFO - Filling up the DagBag from /opt/airflow/dags/kpi_hourly_dag.py
[2026-08-21T07:21:43.926+0000] {processor.py:840} INFO - DAG(s) 'cell_kpi_spatial_analytics_pipeline' retrieved from /opt/airflow/dags/kpi_hourly_dag.py
[2026-08-21T07:21:43.937+0000] {logging_mixin.py:188} INFO - [2026-08-21T07:21:43.937+0000] {dag.py:3096} INFO - Sync 1 DAGs
[2026-08-21T07:21:43.957+0000] {logging_mixin.py:188} INFO - [2026-08-21T07:21:43.957+0000] {dag.py:3954} INFO - Setting next_dagrun for cell_kpi_spatial_analytics_pipeline to None, run_after=None
[2026-08-21T07:21:43.970+0000] {processor.py:183} INFO - Processing /opt/airflow/dags/kpi_hourly_dag.py took 0.093 seconds
[2026-08-21T07:22:14.104+0000] {processor.py:161} INFO - Started process (PID=935) to work on /opt/airflow/dags/kpi_hourly_dag.py
[2026-08-21T07:22:14.104+0000] {processor.py:830} INFO - Processing file /opt/airflow/dags/kpi_hourly_dag.py for tasks to queue
[2026-08-21T07:22:14.106+0000] {logging_mixin.py:188} INFO - [2026-08-21T07:22:14.105+0000] {dagbag.py:545} INFO - Filling up the DagBag from /opt/airflow/dags/kpi_hourly_dag.py
[2026-08-21T07:22:14.150+0000] {processor.py:840} INFO - DAG(s) 'cell_kpi_spatial_analytics_pipeline' retrieved from /opt/airflow/dags/kpi_hourly_dag.py
[2026-08-21T07:22:14.161+0000] {logging_mixin.py:188} INFO - [2026-08-21T07:22:14.161+0000] {dag.py:3096} INFO - Sync 1 DAGs
[2026-08-21T07:22:14.179+0000] {logging_mixin.py:188} INFO - [2026-08-21T07:22:14.179+0000] {dag.py:3954} INFO - Setting next_dagrun for cell_kpi_spatial_analytics_pipeline to None, run_after=None
[2026-08-21T07:22:14.192+0000] {processor.py:183} INFO - Processing /opt/airflow/dags/kpi_hourly_dag.py took 0.095 seconds
[2026-08-21T07:22:44.324+0000] {processor.py:161} INFO - Started process (PID=945) to work on /opt/airflow/dags/kpi_hourly_dag.py
[2026-08-21T07:22:44.325+0000] {processor.py:830} INFO - Processing file /opt/airflow/dags/kpi_hourly_dag.py for tasks to queue
[2026-08-21T07:22:44.326+0000] {logging_mixin.py:188} INFO - [2026-08-21T07:22:44.326+0000] {dagbag.py:545} INFO - Filling up the DagBag from /opt/airflow/dags/kpi_hourly_dag.py
[2026-08-21T07:22:44.370+0000] {processor.py:840} INFO - DAG(s) 'cell_kpi_spatial_analytics_pipeline' retrieved from /opt/airflow/dags/kpi_hourly_dag.py
[2026-08-21T07:22:44.380+0000] {logging_mixin.py:188} INFO - [2026-08-21T07:22:44.380+0000] {dag.py:3096} INFO - Sync 1 DAGs
[2026-08-21T07:22:44.397+0000] {logging_mixin.py:188} INFO - [2026-08-21T07:22:44.397+0000] {dag.py:3954} INFO - Setting next_dagrun for cell_kpi_spatial_analytics_pipeline to None, run_after=None
[2026-08-21T07:22:44.411+0000] {processor.py:183} INFO - Processing /opt/airflow/dags/kpi_hourly_dag.py took 0.092 seconds
[2026-08-21T07:23:14.451+0000] {processor.py:161} INFO - Started process (PID=955) to work on /opt/airflow/dags/kpi_hourly_dag.py
[2026-08-21T07:23:14.452+0000] {processor.py:830} INFO - Processing file /opt/airflow/dags/kpi_hourly_dag.py for tasks to queue
[2026-08-21T07:23:14.453+0000] {logging_mixin.py:188} INFO - [2026-08-21T07:23:14.453+0000] {dagbag.py:545} INFO - Filling up the DagBag from /opt/airflow/dags/kpi_hourly_dag.py
[2026-08-21T07:23:14.499+0000] {processor.py:840} INFO - DAG(s) 'cell_kpi_spatial_analytics_pipeline' retrieved from /opt/airflow/dags/kpi_hourly_dag.py
[2026-08-21T07:23:14.510+0000] {logging_mixin.py:188} INFO - [2026-08-21T07:23:14.510+0000] {dag.py:3096} INFO - Sync 1 DAGs
[2026-08-21T07:23:14.530+0000] {logging_mixin.py:188} INFO - [2026-08-21T07:23:14.530+0000] {dag.py:3954} INFO - Setting next_dagrun for cell_kpi_spatial_analytics_pipeline to None, run_after=None
[2026-08-21T07:23:14.545+0000] {processor.py:183} INFO - Processing /opt/airflow/dags/kpi_hourly_dag.py took 0.099 seconds
[2026-08-21T07:23:44.692+0000] {processor.py:161} INFO - Started process (PID=965) to work on /opt/airflow/dags/kpi_hourly_dag.py
[2026-08-21T07:23:44.693+0000] {processor.py:830} INFO - Processing file /opt/airflow/dags/kpi_hourly_dag.py for tasks to queue
[2026-08-21T07:23:44.694+0000] {logging_mixin.py:188} INFO - [2026-08-21T07:23:44.694+0000] {dagbag.py:545} INFO - Filling up the DagBag from /opt/airflow/dags/kpi_hourly_dag.py
[2026-08-21T07:23:44.749+0000] {processor.py:840} INFO - DAG(s) 'cell_kpi_spatial_analytics_pipeline' retrieved from /opt/airflow/dags/kpi_hourly_dag.py
[2026-08-21T07:23:44.763+0000] {logging_mixin.py:188} INFO - [2026-08-21T07:23:44.762+0000] {dag.py:3096} INFO - Sync 1 DAGs
[2026-08-21T07:23:44.781+0000] {logging_mixin.py:188} INFO - [2026-08-21T07:23:44.780+0000] {dag.py:3954} INFO - Setting next_dagrun for cell_kpi_spatial_analytics_pipeline to None, run_after=None
[2026-08-21T07:23:44.793+0000] {processor.py:183} INFO - Processing /opt/airflow/dags/kpi_hourly_dag.py took 0.106 seconds
[2026-08-21T07:24:14.825+0000] {processor.py:161} INFO - Started process (PID=975) to work on /opt/airflow/dags/kpi_hourly_dag.py
[2026-08-21T07:24:14.826+0000] {processor.py:830} INFO - Processing file /opt/airflow/dags/kpi_hourly_dag.py for tasks to queue
[2026-08-21T07:24:14.827+0000] {logging_mixin.py:188} INFO - [2026-08-21T07:24:14.827+0000] {dagbag.py:545} INFO - Filling up the DagBag from /opt/airflow/dags/kpi_hourly_dag.py
[2026-08-21T07:24:14.870+0000] {processor.py:840} INFO - DAG(s) 'cell_kpi_spatial_analytics_pipeline' retrieved from /opt/airflow/dags/kpi_hourly_dag.py
[2026-08-21T07:24:14.881+0000] {logging_mixin.py:188} INFO - [2026-08-21T07:24:14.881+0000] {dag.py:3096} INFO - Sync 1 DAGs
[2026-08-21T07:24:14.898+0000] {logging_mixin.py:188} INFO - [2026-08-21T07:24:14.898+0000] {dag.py:3954} INFO - Setting next_dagrun for cell_kpi_spatial_analytics_pipeline to None, run_after=None
[2026-08-21T07:24:14.911+0000] {processor.py:183} INFO - Processing /opt/airflow/dags/kpi_hourly_dag.py took 0.091 seconds
[2026-08-21T07:24:45.043+0000] {processor.py:161} INFO - Started process (PID=985) to work on /opt/airflow/dags/kpi_hourly_dag.py
[2026-08-21T07:24:45.044+0000] {processor.py:830} INFO - Processing file /opt/airflow/dags/kpi_hourly_dag.py for tasks to queue
[2026-08-21T07:24:45.045+0000] {logging_mixin.py:188} INFO - [2026-08-21T07:24:45.045+0000] {dagbag.py:545} INFO - Filling up the DagBag from /opt/airflow/dags/kpi_hourly_dag.py
[2026-08-21T07:24:45.089+0000] {processor.py:840} INFO - DAG(s) 'cell_kpi_spatial_analytics_pipeline' retrieved from /opt/airflow/dags/kpi_hourly_dag.py
[2026-08-21T07:24:45.103+0000] {logging_mixin.py:188} INFO - [2026-08-21T07:24:45.103+0000] {dag.py:3096} INFO - Sync 1 DAGs
[2026-08-21T07:24:45.121+0000] {logging_mixin.py:188} INFO - [2026-08-21T07:24:45.120+0000] {dag.py:3954} INFO - Setting next_dagrun for cell_kpi_spatial_analytics_pipeline to None, run_after=None
[2026-08-21T07:24:45.136+0000] {processor.py:183} INFO - Processing /opt/airflow/dags/kpi_hourly_dag.py took 0.099 seconds
[2026-08-21T07:25:15.262+0000] {processor.py:161} INFO - Started process (PID=995) to work on /opt/airflow/dags/kpi_hourly_dag.py
[2026-08-21T07:25:15.263+0000] {processor.py:830} INFO - Processing file /opt/airflow/dags/kpi_hourly_dag.py for tasks to queue
[2026-08-21T07:25:15.264+0000] {logging_mixin.py:188} INFO - [2026-08-21T07:25:15.264+0000] {dagbag.py:545} INFO - Filling up the DagBag from /opt/airflow/dags/kpi_hourly_dag.py
[2026-08-21T07:25:15.308+0000] {processor.py:840} INFO - DAG(s) 'cell_kpi_spatial_analytics_pipeline' retrieved from /opt/airflow/dags/kpi_hourly_dag.py
[2026-08-21T07:25:15.318+0000] {logging_mixin.py:188} INFO - [2026-08-21T07:25:15.318+0000] {dag.py:3096} INFO - Sync 1 DAGs
[2026-08-21T07:25:15.338+0000] {logging_mixin.py:188} INFO - [2026-08-21T07:25:15.337+0000] {dag.py:3954} INFO - Setting next_dagrun for cell_kpi_spatial_analytics_pipeline to None, run_after=None
[2026-08-21T07:25:15.352+0000] {processor.py:183} INFO - Processing /opt/airflow/dags/kpi_hourly_dag.py took 0.095 seconds
[2026-08-21T07:25:45.479+0000] {processor.py:161} INFO - Started process (PID=1005) to work on /opt/airflow/dags/kpi_hourly_dag.py
[2026-08-21T07:25:45.479+0000] {processor.py:830} INFO - Processing file /opt/airflow/dags/kpi_hourly_dag.py for tasks to queue
[2026-08-21T07:25:45.481+0000] {logging_mixin.py:188} INFO - [2026-08-21T07:25:45.480+0000] {dagbag.py:545} INFO - Filling up the DagBag from /opt/airflow/dags/kpi_hourly_dag.py
[2026-08-21T07:25:45.523+0000] {processor.py:840} INFO - DAG(s) 'cell_kpi_spatial_analytics_pipeline' retrieved from /opt/airflow/dags/kpi_hourly_dag.py
[2026-08-21T07:25:45.534+0000] {logging_mixin.py:188} INFO - [2026-08-21T07:25:45.534+0000] {dag.py:3096} INFO - Sync 1 DAGs
[2026-08-21T07:25:45.553+0000] {logging_mixin.py:188} INFO - [2026-08-21T07:25:45.553+0000] {dag.py:3954} INFO - Setting next_dagrun for cell_kpi_spatial_analytics_pipeline to None, run_after=None
[2026-08-21T07:25:45.567+0000] {processor.py:183} INFO - Processing /opt/airflow/dags/kpi_hourly_dag.py took 0.093 seconds
[2026-08-21T07:26:15.611+0000] {processor.py:161} INFO - Started process (PID=1015) to work on /opt/airflow/dags/kpi_hourly_dag.py
[2026-08-21T07:26:15.612+0000] {processor.py:830} INFO - Processing file /opt/airflow/dags/kpi_hourly_dag.py for tasks to queue
[2026-08-21T07:26:15.613+0000] {logging_mixin.py:188} INFO - [2026-08-21T07:26:15.613+0000] {dagbag.py:545} INFO - Filling up the DagBag from /opt/airflow/dags/kpi_hourly_dag.py
[2026-08-21T07:26:15.659+0000] {processor.py:840} INFO - DAG(s) 'cell_kpi_spatial_analytics_pipeline' retrieved from /opt/airflow/dags/kpi_hourly_dag.py
[2026-08-21T07:26:15.671+0000] {logging_mixin.py:188} INFO - [2026-08-21T07:26:15.670+0000] {dag.py:3096} INFO - Sync 1 DAGs
[2026-08-21T07:26:15.688+0000] {logging_mixin.py:188} INFO - [2026-08-21T07:26:15.688+0000] {dag.py:3954} INFO - Setting next_dagrun for cell_kpi_spatial_analytics_pipeline to None, run_after=None
[2026-08-21T07:26:15.701+0000] {processor.py:183} INFO - Processing /opt/airflow/dags/kpi_hourly_dag.py took 0.096 seconds
[2026-08-21T07:26:45.835+0000] {processor.py:161} INFO - Started process (PID=1025) to work on /opt/airflow/dags/kpi_hourly_dag.py
[2026-08-21T07:26:45.836+0000] {processor.py:830} INFO - Processing file /opt/airflow/dags/kpi_hourly_dag.py for tasks to queue
[2026-08-21T07:26:45.837+0000] {logging_mixin.py:188} INFO - [2026-08-21T07:26:45.837+0000] {dagbag.py:545} INFO - Filling up the DagBag from /opt/airflow/dags/kpi_hourly_dag.py
[2026-08-21T07:26:45.888+0000] {processor.py:840} INFO - DAG(s) 'cell_kpi_spatial_analytics_pipeline' retrieved from /opt/airflow/dags/kpi_hourly_dag.py
[2026-08-21T07:26:45.898+0000] {logging_mixin.py:188} INFO - [2026-08-21T07:26:45.898+0000] {dag.py:3096} INFO - Sync 1 DAGs
[2026-08-21T07:26:45.915+0000] {logging_mixin.py:188} INFO - [2026-08-21T07:26:45.915+0000] {dag.py:3954} INFO - Setting next_dagrun for cell_kpi_spatial_analytics_pipeline to None, run_after=None
[2026-08-21T07:26:45.928+0000] {processor.py:183} INFO - Processing /opt/airflow/dags/kpi_hourly_dag.py took 0.100 seconds
[2026-08-21T07:27:15.962+0000] {processor.py:161} INFO - Started process (PID=1035) to work on /opt/airflow/dags/kpi_hourly_dag.py
[2026-08-21T07:27:15.963+0000] {processor.py:830} INFO - Processing file /opt/airflow/dags/kpi_hourly_dag.py for tasks to queue
[2026-08-21T07:27:15.964+0000] {logging_mixin.py:188} INFO - [2026-08-21T07:27:15.964+0000] {dagbag.py:545} INFO - Filling up the DagBag from /opt/airflow/dags/kpi_hourly_dag.py
[2026-08-21T07:27:16.007+0000] {processor.py:840} INFO - DAG(s) 'cell_kpi_spatial_analytics_pipeline' retrieved from /opt/airflow/dags/kpi_hourly_dag.py
[2026-08-21T07:27:16.017+0000] {logging_mixin.py:188} INFO - [2026-08-21T07:27:16.017+0000] {dag.py:3096} INFO - Sync 1 DAGs
[2026-08-21T07:27:16.034+0000] {logging_mixin.py:188} INFO - [2026-08-21T07:27:16.034+0000] {dag.py:3954} INFO - Setting next_dagrun for cell_kpi_spatial_analytics_pipeline to None, run_after=None
[2026-08-21T07:27:16.048+0000] {processor.py:183} INFO - Processing /opt/airflow/dags/kpi_hourly_dag.py took 0.091 seconds
[2026-08-21T08:46:54.851+0000] {processor.py:161} INFO - Started process (PID=163) to work on /opt/airflow/dags/kpi_hourly_dag.py
[2026-08-21T08:46:54.871+0000] {processor.py:830} INFO - Processing file /opt/airflow/dags/kpi_hourly_dag.py for tasks to queue
[2026-08-21T08:46:54.873+0000] {logging_mixin.py:188} INFO - [2026-08-21T08:46:54.872+0000] {dagbag.py:545} INFO - Filling up the DagBag from /opt/airflow/dags/kpi_hourly_dag.py
[2026-08-21T08:46:55.097+0000] {processor.py:840} INFO - DAG(s) 'cell_kpi_spatial_analytics_pipeline' retrieved from /opt/airflow/dags/kpi_hourly_dag.py
[2026-08-21T08:46:55.100+0000] {logging_mixin.py:188} INFO - [2026-08-21T08:46:55.100+0000] {dag.py:3096} INFO - Sync 1 DAGs
[2026-08-21T08:46:55.126+0000] {logging_mixin.py:188} INFO - [2026-08-21T08:46:55.125+0000] {dag.py:3954} INFO - Setting next_dagrun for cell_kpi_spatial_analytics_pipeline to None, run_after=None
[2026-08-21T08:46:55.148+0000] {processor.py:183} INFO - Processing /opt/airflow/dags/kpi_hourly_dag.py took 0.304 seconds
[2026-08-21T08:47:25.273+0000] {processor.py:161} INFO - Started process (PID=173) to work on /opt/airflow/dags/kpi_hourly_dag.py
[2026-08-21T08:47:25.274+0000] {processor.py:830} INFO - Processing file /opt/airflow/dags/kpi_hourly_dag.py for tasks to queue
[2026-08-21T08:47:25.276+0000] {logging_mixin.py:188} INFO - [2026-08-21T08:47:25.276+0000] {dagbag.py:545} INFO - Filling up the DagBag from /opt/airflow/dags/kpi_hourly_dag.py
[2026-08-21T08:47:25.331+0000] {processor.py:840} INFO - DAG(s) 'cell_kpi_spatial_analytics_pipeline' retrieved from /opt/airflow/dags/kpi_hourly_dag.py
[2026-08-21T08:47:25.424+0000] {logging_mixin.py:188} INFO - [2026-08-21T08:47:25.424+0000] {dag.py:3096} INFO - Sync 1 DAGs
[2026-08-21T08:47:25.443+0000] {logging_mixin.py:188} INFO - [2026-08-21T08:47:25.443+0000] {dag.py:3954} INFO - Setting next_dagrun for cell_kpi_spatial_analytics_pipeline to None, run_after=None
[2026-08-21T08:47:25.461+0000] {processor.py:183} INFO - Processing /opt/airflow/dags/kpi_hourly_dag.py took 0.193 seconds
[2026-08-21T08:47:55.581+0000] {processor.py:161} INFO - Started process (PID=183) to work on /opt/airflow/dags/kpi_hourly_dag.py
[2026-08-21T08:47:55.582+0000] {processor.py:830} INFO - Processing file /opt/airflow/dags/kpi_hourly_dag.py for tasks to queue
[2026-08-21T08:47:55.584+0000] {logging_mixin.py:188} INFO - [2026-08-21T08:47:55.583+0000] {dagbag.py:545} INFO - Filling up the DagBag from /opt/airflow/dags/kpi_hourly_dag.py
[2026-08-21T08:47:55.636+0000] {processor.py:840} INFO - DAG(s) 'cell_kpi_spatial_analytics_pipeline' retrieved from /opt/airflow/dags/kpi_hourly_dag.py
[2026-08-21T08:47:55.650+0000] {logging_mixin.py:188} INFO - [2026-08-21T08:47:55.650+0000] {dag.py:3096} INFO - Sync 1 DAGs
[2026-08-21T08:47:55.670+0000] {logging_mixin.py:188} INFO - [2026-08-21T08:47:55.669+0000] {dag.py:3954} INFO - Setting next_dagrun for cell_kpi_spatial_analytics_pipeline to None, run_after=None
[2026-08-21T08:47:55.683+0000] {processor.py:183} INFO - Processing /opt/airflow/dags/kpi_hourly_dag.py took 0.109 seconds
[2026-08-21T08:48:25.797+0000] {processor.py:161} INFO - Started process (PID=193) to work on /opt/airflow/dags/kpi_hourly_dag.py
[2026-08-21T08:48:25.798+0000] {processor.py:830} INFO - Processing file /opt/airflow/dags/kpi_hourly_dag.py for tasks to queue
[2026-08-21T08:48:25.799+0000] {logging_mixin.py:188} INFO - [2026-08-21T08:48:25.799+0000] {dagbag.py:545} INFO - Filling up the DagBag from /opt/airflow/dags/kpi_hourly_dag.py
[2026-08-21T08:48:25.844+0000] {processor.py:840} INFO - DAG(s) 'cell_kpi_spatial_analytics_pipeline' retrieved from /opt/airflow/dags/kpi_hourly_dag.py
[2026-08-21T08:48:25.856+0000] {logging_mixin.py:188} INFO - [2026-08-21T08:48:25.855+0000] {dag.py:3096} INFO - Sync 1 DAGs
[2026-08-21T08:48:25.876+0000] {logging_mixin.py:188} INFO - [2026-08-21T08:48:25.875+0000] {dag.py:3954} INFO - Setting next_dagrun for cell_kpi_spatial_analytics_pipeline to None, run_after=None
[2026-08-21T08:48:25.890+0000] {processor.py:183} INFO - Processing /opt/airflow/dags/kpi_hourly_dag.py took 0.098 seconds
[2026-08-21T08:48:56.002+0000] {processor.py:161} INFO - Started process (PID=203) to work on /opt/airflow/dags/kpi_hourly_dag.py
[2026-08-21T08:48:56.003+0000] {processor.py:830} INFO - Processing file /opt/airflow/dags/kpi_hourly_dag.py for tasks to queue
[2026-08-21T08:48:56.004+0000] {logging_mixin.py:188} INFO - [2026-08-21T08:48:56.004+0000] {dagbag.py:545} INFO - Filling up the DagBag from /opt/airflow/dags/kpi_hourly_dag.py
[2026-08-21T08:48:56.056+0000] {processor.py:840} INFO - DAG(s) 'cell_kpi_spatial_analytics_pipeline' retrieved from /opt/airflow/dags/kpi_hourly_dag.py
[2026-08-21T08:48:56.067+0000] {logging_mixin.py:188} INFO - [2026-08-21T08:48:56.067+0000] {dag.py:3096} INFO - Sync 1 DAGs
[2026-08-21T08:48:56.088+0000] {logging_mixin.py:188} INFO - [2026-08-21T08:48:56.088+0000] {dag.py:3954} INFO - Setting next_dagrun for cell_kpi_spatial_analytics_pipeline to None, run_after=None
[2026-08-21T08:48:56.102+0000] {processor.py:183} INFO - Processing /opt/airflow/dags/kpi_hourly_dag.py took 0.106 seconds
[2026-08-21T08:49:26.218+0000] {processor.py:161} INFO - Started process (PID=213) to work on /opt/airflow/dags/kpi_hourly_dag.py
[2026-08-21T08:49:26.219+0000] {processor.py:830} INFO - Processing file /opt/airflow/dags/kpi_hourly_dag.py for tasks to queue
[2026-08-21T08:49:26.220+0000] {logging_mixin.py:188} INFO - [2026-08-21T08:49:26.220+0000] {dagbag.py:545} INFO - Filling up the DagBag from /opt/airflow/dags/kpi_hourly_dag.py
[2026-08-21T08:49:26.278+0000] {processor.py:840} INFO - DAG(s) 'cell_kpi_spatial_analytics_pipeline' retrieved from /opt/airflow/dags/kpi_hourly_dag.py
[2026-08-21T08:49:26.292+0000] {logging_mixin.py:188} INFO - [2026-08-21T08:49:26.292+0000] {dag.py:3096} INFO - Sync 1 DAGs
[2026-08-21T08:49:26.311+0000] {logging_mixin.py:188} INFO - [2026-08-21T08:49:26.311+0000] {dag.py:3954} INFO - Setting next_dagrun for cell_kpi_spatial_analytics_pipeline to None, run_after=None
[2026-08-21T08:49:26.324+0000] {processor.py:183} INFO - Processing /opt/airflow/dags/kpi_hourly_dag.py took 0.111 seconds
[2026-08-21T08:49:56.442+0000] {processor.py:161} INFO - Started process (PID=223) to work on /opt/airflow/dags/kpi_hourly_dag.py
[2026-08-21T08:49:56.443+0000] {processor.py:830} INFO - Processing file /opt/airflow/dags/kpi_hourly_dag.py for tasks to queue
[2026-08-21T08:49:56.445+0000] {logging_mixin.py:188} INFO - [2026-08-21T08:49:56.444+0000] {dagbag.py:545} INFO - Filling up the DagBag from /opt/airflow/dags/kpi_hourly_dag.py
[2026-08-21T08:49:56.494+0000] {processor.py:840} INFO - DAG(s) 'cell_kpi_spatial_analytics_pipeline' retrieved from /opt/airflow/dags/kpi_hourly_dag.py
[2026-08-21T08:49:56.505+0000] {logging_mixin.py:188} INFO - [2026-08-21T08:49:56.505+0000] {dag.py:3096} INFO - Sync 1 DAGs
[2026-08-21T08:49:56.526+0000] {logging_mixin.py:188} INFO - [2026-08-21T08:49:56.526+0000] {dag.py:3954} INFO - Setting next_dagrun for cell_kpi_spatial_analytics_pipeline to None, run_after=None
[2026-08-21T08:49:56.540+0000] {processor.py:183} INFO - Processing /opt/airflow/dags/kpi_hourly_dag.py took 0.103 seconds
[2026-08-21T08:50:26.660+0000] {processor.py:161} INFO - Started process (PID=233) to work on /opt/airflow/dags/kpi_hourly_dag.py
[2026-08-21T08:50:26.661+0000] {processor.py:830} INFO - Processing file /opt/airflow/dags/kpi_hourly_dag.py for tasks to queue
[2026-08-21T08:50:26.663+0000] {logging_mixin.py:188} INFO - [2026-08-21T08:50:26.662+0000] {dagbag.py:545} INFO - Filling up the DagBag from /opt/airflow/dags/kpi_hourly_dag.py
[2026-08-21T08:50:26.718+0000] {processor.py:840} INFO - DAG(s) 'cell_kpi_spatial_analytics_pipeline' retrieved from /opt/airflow/dags/kpi_hourly_dag.py
[2026-08-21T08:50:26.729+0000] {logging_mixin.py:188} INFO - [2026-08-21T08:50:26.729+0000] {dag.py:3096} INFO - Sync 1 DAGs
[2026-08-21T08:50:26.749+0000] {logging_mixin.py:188} INFO - [2026-08-21T08:50:26.749+0000] {dag.py:3954} INFO - Setting next_dagrun for cell_kpi_spatial_analytics_pipeline to None, run_after=None
[2026-08-21T08:50:26.765+0000] {processor.py:183} INFO - Processing /opt/airflow/dags/kpi_hourly_dag.py took 0.111 seconds
[2026-08-21T08:50:56.889+0000] {processor.py:161} INFO - Started process (PID=243) to work on /opt/airflow/dags/kpi_hourly_dag.py
[2026-08-21T08:50:56.889+0000] {processor.py:830} INFO - Processing file /opt/airflow/dags/kpi_hourly_dag.py for tasks to queue
[2026-08-21T08:50:56.891+0000] {logging_mixin.py:188} INFO - [2026-08-21T08:50:56.891+0000] {dagbag.py:545} INFO - Filling up the DagBag from /opt/airflow/dags/kpi_hourly_dag.py
[2026-08-21T08:50:56.939+0000] {processor.py:840} INFO - DAG(s) 'cell_kpi_spatial_analytics_pipeline' retrieved from /opt/airflow/dags/kpi_hourly_dag.py
[2026-08-21T08:50:56.952+0000] {logging_mixin.py:188} INFO - [2026-08-21T08:50:56.952+0000] {dag.py:3096} INFO - Sync 1 DAGs
[2026-08-21T08:50:56.973+0000] {logging_mixin.py:188} INFO - [2026-08-21T08:50:56.973+0000] {dag.py:3954} INFO - Setting next_dagrun for cell_kpi_spatial_analytics_pipeline to None, run_after=None
[2026-08-21T08:50:56.987+0000] {processor.py:183} INFO - Processing /opt/airflow/dags/kpi_hourly_dag.py took 0.104 seconds
[2026-08-21T08:51:27.108+0000] {processor.py:161} INFO - Started process (PID=253) to work on /opt/airflow/dags/kpi_hourly_dag.py
[2026-08-21T08:51:27.108+0000] {processor.py:830} INFO - Processing file /opt/airflow/dags/kpi_hourly_dag.py for tasks to queue
[2026-08-21T08:51:27.110+0000] {logging_mixin.py:188} INFO - [2026-08-21T08:51:27.110+0000] {dagbag.py:545} INFO - Filling up the DagBag from /opt/airflow/dags/kpi_hourly_dag.py
[2026-08-21T08:51:27.166+0000] {processor.py:840} INFO - DAG(s) 'cell_kpi_spatial_analytics_pipeline' retrieved from /opt/airflow/dags/kpi_hourly_dag.py
[2026-08-21T08:51:27.179+0000] {logging_mixin.py:188} INFO - [2026-08-21T08:51:27.179+0000] {dag.py:3096} INFO - Sync 1 DAGs
[2026-08-21T08:51:27.198+0000] {logging_mixin.py:188} INFO - [2026-08-21T08:51:27.198+0000] {dag.py:3954} INFO - Setting next_dagrun for cell_kpi_spatial_analytics_pipeline to None, run_after=None
[2026-08-21T08:51:27.212+0000] {processor.py:183} INFO - Processing /opt/airflow/dags/kpi_hourly_dag.py took 0.111 seconds
[2026-08-21T08:51:57.341+0000] {processor.py:161} INFO - Started process (PID=263) to work on /opt/airflow/dags/kpi_hourly_dag.py
[2026-08-21T08:51:57.342+0000] {processor.py:830} INFO - Processing file /opt/airflow/dags/kpi_hourly_dag.py for tasks to queue
[2026-08-21T08:51:57.344+0000] {logging_mixin.py:188} INFO - [2026-08-21T08:51:57.344+0000] {dagbag.py:545} INFO - Filling up the DagBag from /opt/airflow/dags/kpi_hourly_dag.py
[2026-08-21T08:51:57.392+0000] {processor.py:840} INFO - DAG(s) 'cell_kpi_spatial_analytics_pipeline' retrieved from /opt/airflow/dags/kpi_hourly_dag.py
[2026-08-21T08:51:57.405+0000] {logging_mixin.py:188} INFO - [2026-08-21T08:51:57.404+0000] {dag.py:3096} INFO - Sync 1 DAGs
[2026-08-21T08:51:57.427+0000] {logging_mixin.py:188} INFO - [2026-08-21T08:51:57.427+0000] {dag.py:3954} INFO - Setting next_dagrun for cell_kpi_spatial_analytics_pipeline to None, run_after=None
[2026-08-21T08:51:57.443+0000] {processor.py:183} INFO - Processing /opt/airflow/dags/kpi_hourly_dag.py took 0.109 seconds
[2026-08-21T08:52:27.564+0000] {processor.py:161} INFO - Started process (PID=273) to work on /opt/airflow/dags/kpi_hourly_dag.py
[2026-08-21T08:52:27.565+0000] {processor.py:830} INFO - Processing file /opt/airflow/dags/kpi_hourly_dag.py for tasks to queue
[2026-08-21T08:52:27.566+0000] {logging_mixin.py:188} INFO - [2026-08-21T08:52:27.566+0000] {dagbag.py:545} INFO - Filling up the DagBag from /opt/airflow/dags/kpi_hourly_dag.py
[2026-08-21T08:52:27.610+0000] {processor.py:840} INFO - DAG(s) 'cell_kpi_spatial_analytics_pipeline' retrieved from /opt/airflow/dags/kpi_hourly_dag.py
[2026-08-21T08:52:27.625+0000] {logging_mixin.py:188} INFO - [2026-08-21T08:52:27.624+0000] {dag.py:3096} INFO - Sync 1 DAGs
[2026-08-21T08:52:27.647+0000] {logging_mixin.py:188} INFO - [2026-08-21T08:52:27.647+0000] {dag.py:3954} INFO - Setting next_dagrun for cell_kpi_spatial_analytics_pipeline to None, run_after=None
[2026-08-21T08:52:27.663+0000] {processor.py:183} INFO - Processing /opt/airflow/dags/kpi_hourly_dag.py took 0.105 seconds
[2026-08-21T08:52:57.779+0000] {processor.py:161} INFO - Started process (PID=283) to work on /opt/airflow/dags/kpi_hourly_dag.py
[2026-08-21T08:52:57.780+0000] {processor.py:830} INFO - Processing file /opt/airflow/dags/kpi_hourly_dag.py for tasks to queue
[2026-08-21T08:52:57.781+0000] {logging_mixin.py:188} INFO - [2026-08-21T08:52:57.781+0000] {dagbag.py:545} INFO - Filling up the DagBag from /opt/airflow/dags/kpi_hourly_dag.py
[2026-08-21T08:52:57.831+0000] {processor.py:840} INFO - DAG(s) 'cell_kpi_spatial_analytics_pipeline' retrieved from /opt/airflow/dags/kpi_hourly_dag.py
[2026-08-21T08:52:57.842+0000] {logging_mixin.py:188} INFO - [2026-08-21T08:52:57.842+0000] {dag.py:3096} INFO - Sync 1 DAGs
[2026-08-21T08:52:57.862+0000] {logging_mixin.py:188} INFO - [2026-08-21T08:52:57.862+0000] {dag.py:3954} INFO - Setting next_dagrun for cell_kpi_spatial_analytics_pipeline to None, run_after=None
[2026-08-21T08:52:57.875+0000] {processor.py:183} INFO - Processing /opt/airflow/dags/kpi_hourly_dag.py took 0.102 seconds
[2026-08-21T08:53:27.995+0000] {processor.py:161} INFO - Started process (PID=293) to work on /opt/airflow/dags/kpi_hourly_dag.py
[2026-08-21T08:53:27.996+0000] {processor.py:830} INFO - Processing file /opt/airflow/dags/kpi_hourly_dag.py for tasks to queue
[2026-08-21T08:53:27.997+0000] {logging_mixin.py:188} INFO - [2026-08-21T08:53:27.997+0000] {dagbag.py:545} INFO - Filling up the DagBag from /opt/airflow/dags/kpi_hourly_dag.py
[2026-08-21T08:53:28.043+0000] {processor.py:840} INFO - DAG(s) 'cell_kpi_spatial_analytics_pipeline' retrieved from /opt/airflow/dags/kpi_hourly_dag.py
[2026-08-21T08:53:28.055+0000] {logging_mixin.py:188} INFO - [2026-08-21T08:53:28.054+0000] {dag.py:3096} INFO - Sync 1 DAGs
[2026-08-21T08:53:28.077+0000] {logging_mixin.py:188} INFO - [2026-08-21T08:53:28.077+0000] {dag.py:3954} INFO - Setting next_dagrun for cell_kpi_spatial_analytics_pipeline to None, run_after=None
[2026-08-21T08:53:28.093+0000] {processor.py:183} INFO - Processing /opt/airflow/dags/kpi_hourly_dag.py took 0.103 seconds
[2026-08-21T08:53:58.211+0000] {processor.py:161} INFO - Started process (PID=303) to work on /opt/airflow/dags/kpi_hourly_dag.py
[2026-08-21T08:53:58.211+0000] {processor.py:830} INFO - Processing file /opt/airflow/dags/kpi_hourly_dag.py for tasks to queue
[2026-08-21T08:53:58.213+0000] {logging_mixin.py:188} INFO - [2026-08-21T08:53:58.213+0000] {dagbag.py:545} INFO - Filling up the DagBag from /opt/airflow/dags/kpi_hourly_dag.py
[2026-08-21T08:53:58.258+0000] {processor.py:840} INFO - DAG(s) 'cell_kpi_spatial_analytics_pipeline' retrieved from /opt/airflow/dags/kpi_hourly_dag.py
[2026-08-21T08:53:58.269+0000] {logging_mixin.py:188} INFO - [2026-08-21T08:53:58.269+0000] {dag.py:3096} INFO - Sync 1 DAGs
[2026-08-21T08:53:58.288+0000] {logging_mixin.py:188} INFO - [2026-08-21T08:53:58.288+0000] {dag.py:3954} INFO - Setting next_dagrun for cell_kpi_spatial_analytics_pipeline to None, run_after=None
[2026-08-21T08:53:58.302+0000] {processor.py:183} INFO - Processing /opt/airflow/dags/kpi_hourly_dag.py took 0.097 seconds
[2026-08-21T08:54:28.414+0000] {processor.py:161} INFO - Started process (PID=313) to work on /opt/airflow/dags/kpi_hourly_dag.py
[2026-08-21T08:54:28.415+0000] {processor.py:830} INFO - Processing file /opt/airflow/dags/kpi_hourly_dag.py for tasks to queue
[2026-08-21T08:54:28.416+0000] {logging_mixin.py:188} INFO - [2026-08-21T08:54:28.416+0000] {dagbag.py:545} INFO - Filling up the DagBag from /opt/airflow/dags/kpi_hourly_dag.py
[2026-08-21T08:54:28.466+0000] {processor.py:840} INFO - DAG(s) 'cell_kpi_spatial_analytics_pipeline' retrieved from /opt/airflow/dags/kpi_hourly_dag.py
[2026-08-21T08:54:28.478+0000] {logging_mixin.py:188} INFO - [2026-08-21T08:54:28.477+0000] {dag.py:3096} INFO - Sync 1 DAGs
[2026-08-21T08:54:28.497+0000] {logging_mixin.py:188} INFO - [2026-08-21T08:54:28.497+0000] {dag.py:3954} INFO - Setting next_dagrun for cell_kpi_spatial_analytics_pipeline to None, run_after=None
[2026-08-21T08:54:28.511+0000] {processor.py:183} INFO - Processing /opt/airflow/dags/kpi_hourly_dag.py took 0.103 seconds
[2026-08-21T08:54:58.632+0000] {processor.py:161} INFO - Started process (PID=323) to work on /opt/airflow/dags/kpi_hourly_dag.py
[2026-08-21T08:54:58.633+0000] {processor.py:830} INFO - Processing file /opt/airflow/dags/kpi_hourly_dag.py for tasks to queue
[2026-08-21T08:54:58.634+0000] {logging_mixin.py:188} INFO - [2026-08-21T08:54:58.634+0000] {dagbag.py:545} INFO - Filling up the DagBag from /opt/airflow/dags/kpi_hourly_dag.py
[2026-08-21T08:54:58.681+0000] {processor.py:840} INFO - DAG(s) 'cell_kpi_spatial_analytics_pipeline' retrieved from /opt/airflow/dags/kpi_hourly_dag.py
[2026-08-21T08:54:58.692+0000] {logging_mixin.py:188} INFO - [2026-08-21T08:54:58.692+0000] {dag.py:3096} INFO - Sync 1 DAGs
[2026-08-21T08:54:58.713+0000] {logging_mixin.py:188} INFO - [2026-08-21T08:54:58.713+0000] {dag.py:3954} INFO - Setting next_dagrun for cell_kpi_spatial_analytics_pipeline to None, run_after=None
[2026-08-21T08:54:58.727+0000] {processor.py:183} INFO - Processing /opt/airflow/dags/kpi_hourly_dag.py took 0.100 seconds
[2026-08-21T08:55:28.845+0000] {processor.py:161} INFO - Started process (PID=333) to work on /opt/airflow/dags/kpi_hourly_dag.py
[2026-08-21T08:55:28.846+0000] {processor.py:830} INFO - Processing file /opt/airflow/dags/kpi_hourly_dag.py for tasks to queue
[2026-08-21T08:55:28.847+0000] {logging_mixin.py:188} INFO - [2026-08-21T08:55:28.847+0000] {dagbag.py:545} INFO - Filling up the DagBag from /opt/airflow/dags/kpi_hourly_dag.py
[2026-08-21T08:55:28.893+0000] {processor.py:840} INFO - DAG(s) 'cell_kpi_spatial_analytics_pipeline' retrieved from /opt/airflow/dags/kpi_hourly_dag.py
[2026-08-21T08:55:28.904+0000] {logging_mixin.py:188} INFO - [2026-08-21T08:55:28.904+0000] {dag.py:3096} INFO - Sync 1 DAGs
[2026-08-21T08:55:28.926+0000] {logging_mixin.py:188} INFO - [2026-08-21T08:55:28.926+0000] {dag.py:3954} INFO - Setting next_dagrun for cell_kpi_spatial_analytics_pipeline to None, run_after=None
[2026-08-21T08:55:28.940+0000] {processor.py:183} INFO - Processing /opt/airflow/dags/kpi_hourly_dag.py took 0.100 seconds
[2026-08-21T08:55:59.060+0000] {processor.py:161} INFO - Started process (PID=343) to work on /opt/airflow/dags/kpi_hourly_dag.py
[2026-08-21T08:55:59.061+0000] {processor.py:830} INFO - Processing file /opt/airflow/dags/kpi_hourly_dag.py for tasks to queue
[2026-08-21T08:55:59.063+0000] {logging_mixin.py:188} INFO - [2026-08-21T08:55:59.063+0000] {dagbag.py:545} INFO - Filling up the DagBag from /opt/airflow/dags/kpi_hourly_dag.py
[2026-08-21T08:55:59.114+0000] {processor.py:840} INFO - DAG(s) 'cell_kpi_spatial_analytics_pipeline' retrieved from /opt/airflow/dags/kpi_hourly_dag.py
[2026-08-21T08:55:59.128+0000] {logging_mixin.py:188} INFO - [2026-08-21T08:55:59.127+0000] {dag.py:3096} INFO - Sync 1 DAGs
[2026-08-21T08:55:59.147+0000] {logging_mixin.py:188} INFO - [2026-08-21T08:55:59.147+0000] {dag.py:3954} INFO - Setting next_dagrun for cell_kpi_spatial_analytics_pipeline to None, run_after=None
[2026-08-21T08:55:59.160+0000] {processor.py:183} INFO - Processing /opt/airflow/dags/kpi_hourly_dag.py took 0.106 seconds
[2026-08-21T08:56:29.281+0000] {processor.py:161} INFO - Started process (PID=353) to work on /opt/airflow/dags/kpi_hourly_dag.py
[2026-08-21T08:56:29.282+0000] {processor.py:830} INFO - Processing file /opt/airflow/dags/kpi_hourly_dag.py for tasks to queue
[2026-08-21T08:56:29.283+0000] {logging_mixin.py:188} INFO - [2026-08-21T08:56:29.283+0000] {dagbag.py:545} INFO - Filling up the DagBag from /opt/airflow/dags/kpi_hourly_dag.py
[2026-08-21T08:56:29.332+0000] {processor.py:840} INFO - DAG(s) 'cell_kpi_spatial_analytics_pipeline' retrieved from /opt/airflow/dags/kpi_hourly_dag.py
[2026-08-21T08:56:29.347+0000] {logging_mixin.py:188} INFO - [2026-08-21T08:56:29.347+0000] {dag.py:3096} INFO - Sync 1 DAGs
[2026-08-21T08:56:29.369+0000] {logging_mixin.py:188} INFO - [2026-08-21T08:56:29.369+0000] {dag.py:3954} INFO - Setting next_dagrun for cell_kpi_spatial_analytics_pipeline to None, run_after=None
[2026-08-21T08:56:29.383+0000] {processor.py:183} INFO - Processing /opt/airflow/dags/kpi_hourly_dag.py took 0.108 seconds
[2026-08-21T08:56:59.514+0000] {processor.py:161} INFO - Started process (PID=363) to work on /opt/airflow/dags/kpi_hourly_dag.py
[2026-08-21T08:56:59.515+0000] {processor.py:830} INFO - Processing file /opt/airflow/dags/kpi_hourly_dag.py for tasks to queue
[2026-08-21T08:56:59.516+0000] {logging_mixin.py:188} INFO - [2026-08-21T08:56:59.516+0000] {dagbag.py:545} INFO - Filling up the DagBag from /opt/airflow/dags/kpi_hourly_dag.py
[2026-08-21T08:56:59.568+0000] {processor.py:840} INFO - DAG(s) 'cell_kpi_spatial_analytics_pipeline' retrieved from /opt/airflow/dags/kpi_hourly_dag.py
[2026-08-21T08:56:59.580+0000] {logging_mixin.py:188} INFO - [2026-08-21T08:56:59.580+0000] {dag.py:3096} INFO - Sync 1 DAGs
[2026-08-21T08:56:59.601+0000] {logging_mixin.py:188} INFO - [2026-08-21T08:56:59.601+0000] {dag.py:3954} INFO - Setting next_dagrun for cell_kpi_spatial_analytics_pipeline to None, run_after=None
[2026-08-21T08:56:59.614+0000] {processor.py:183} INFO - Processing /opt/airflow/dags/kpi_hourly_dag.py took 0.105 seconds
[2026-08-21T09:30:08.063+0000] {processor.py:161} INFO - Started process (PID=163) to work on /opt/airflow/dags/kpi_hourly_dag.py
[2026-08-21T09:30:08.068+0000] {processor.py:830} INFO - Processing file /opt/airflow/dags/kpi_hourly_dag.py for tasks to queue
[2026-08-21T09:30:08.070+0000] {logging_mixin.py:188} INFO - [2026-08-21T09:30:08.070+0000] {dagbag.py:545} INFO - Filling up the DagBag from /opt/airflow/dags/kpi_hourly_dag.py
[2026-08-21T09:30:08.283+0000] {processor.py:840} INFO - DAG(s) 'cell_kpi_spatial_analytics_pipeline' retrieved from /opt/airflow/dags/kpi_hourly_dag.py
[2026-08-21T09:30:08.286+0000] {logging_mixin.py:188} INFO - [2026-08-21T09:30:08.285+0000] {dag.py:3096} INFO - Sync 1 DAGs
[2026-08-21T09:30:08.303+0000] {logging_mixin.py:188} INFO - [2026-08-21T09:30:08.303+0000] {dag.py:3954} INFO - Setting next_dagrun for cell_kpi_spatial_analytics_pipeline to None, run_after=None
[2026-08-21T09:30:08.318+0000] {processor.py:183} INFO - Processing /opt/airflow/dags/kpi_hourly_dag.py took 0.262 seconds
[2026-08-21T09:30:38.439+0000] {processor.py:161} INFO - Started process (PID=173) to work on /opt/airflow/dags/kpi_hourly_dag.py
[2026-08-21T09:30:38.441+0000] {processor.py:830} INFO - Processing file /opt/airflow/dags/kpi_hourly_dag.py for tasks to queue
[2026-08-21T09:30:38.443+0000] {logging_mixin.py:188} INFO - [2026-08-21T09:30:38.442+0000] {dagbag.py:545} INFO - Filling up the DagBag from /opt/airflow/dags/kpi_hourly_dag.py
[2026-08-21T09:30:38.543+0000] {processor.py:840} INFO - DAG(s) 'cell_kpi_spatial_analytics_pipeline' retrieved from /opt/airflow/dags/kpi_hourly_dag.py
[2026-08-21T09:30:38.624+0000] {logging_mixin.py:188} INFO - [2026-08-21T09:30:38.624+0000] {dag.py:3096} INFO - Sync 1 DAGs
[2026-08-21T09:30:38.640+0000] {logging_mixin.py:188} INFO - [2026-08-21T09:30:38.640+0000] {dag.py:3954} INFO - Setting next_dagrun for cell_kpi_spatial_analytics_pipeline to None, run_after=None
[2026-08-21T09:30:38.653+0000] {processor.py:183} INFO - Processing /opt/airflow/dags/kpi_hourly_dag.py took 0.220 seconds
[2026-08-21T09:31:08.756+0000] {processor.py:161} INFO - Started process (PID=183) to work on /opt/airflow/dags/kpi_hourly_dag.py
[2026-08-21T09:31:08.756+0000] {processor.py:830} INFO - Processing file /opt/airflow/dags/kpi_hourly_dag.py for tasks to queue
[2026-08-21T09:31:08.758+0000] {logging_mixin.py:188} INFO - [2026-08-21T09:31:08.758+0000] {dagbag.py:545} INFO - Filling up the DagBag from /opt/airflow/dags/kpi_hourly_dag.py
[2026-08-21T09:31:08.841+0000] {processor.py:840} INFO - DAG(s) 'cell_kpi_spatial_analytics_pipeline' retrieved from /opt/airflow/dags/kpi_hourly_dag.py
[2026-08-21T09:31:08.858+0000] {logging_mixin.py:188} INFO - [2026-08-21T09:31:08.858+0000] {dag.py:3096} INFO - Sync 1 DAGs
[2026-08-21T09:31:08.875+0000] {logging_mixin.py:188} INFO - [2026-08-21T09:31:08.875+0000] {dag.py:3954} INFO - Setting next_dagrun for cell_kpi_spatial_analytics_pipeline to None, run_after=None
[2026-08-21T09:31:10.067+0000] {processor.py:183} INFO - Processing /opt/airflow/dags/kpi_hourly_dag.py took 1.317 seconds
[2026-08-21T09:31:40.940+0000] {processor.py:161} INFO - Started process (PID=195) to work on /opt/airflow/dags/kpi_hourly_dag.py
[2026-08-21T09:31:40.942+0000] {processor.py:830} INFO - Processing file /opt/airflow/dags/kpi_hourly_dag.py for tasks to queue
[2026-08-21T09:31:40.944+0000] {logging_mixin.py:188} INFO - [2026-08-21T09:31:40.943+0000] {dagbag.py:545} INFO - Filling up the DagBag from /opt/airflow/dags/kpi_hourly_dag.py
[2026-08-21T09:31:41.013+0000] {processor.py:840} INFO - DAG(s) 'cell_kpi_spatial_analytics_pipeline' retrieved from /opt/airflow/dags/kpi_hourly_dag.py
[2026-08-21T09:31:41.029+0000] {logging_mixin.py:188} INFO - [2026-08-21T09:31:41.029+0000] {dag.py:3096} INFO - Sync 1 DAGs
[2026-08-21T09:31:41.056+0000] {logging_mixin.py:188} INFO - [2026-08-21T09:31:41.055+0000] {dag.py:3954} INFO - Setting next_dagrun for cell_kpi_spatial_analytics_pipeline to None, run_after=None
[2026-08-21T09:31:43.893+0000] {processor.py:183} INFO - Processing /opt/airflow/dags/kpi_hourly_dag.py took 2.962 seconds
[2026-08-21T09:32:13.965+0000] {processor.py:161} INFO - Started process (PID=205) to work on /opt/airflow/dags/kpi_hourly_dag.py
[2026-08-21T09:32:13.966+0000] {processor.py:830} INFO - Processing file /opt/airflow/dags/kpi_hourly_dag.py for tasks to queue
[2026-08-21T09:32:13.967+0000] {logging_mixin.py:188} INFO - [2026-08-21T09:32:13.967+0000] {dagbag.py:545} INFO - Filling up the DagBag from /opt/airflow/dags/kpi_hourly_dag.py
[2026-08-21T09:32:14.039+0000] {processor.py:840} INFO - DAG(s) 'cell_kpi_spatial_analytics_pipeline' retrieved from /opt/airflow/dags/kpi_hourly_dag.py
[2026-08-21T09:32:14.056+0000] {logging_mixin.py:188} INFO - [2026-08-21T09:32:14.055+0000] {dag.py:3096} INFO - Sync 1 DAGs
[2026-08-21T09:32:14.081+0000] {logging_mixin.py:188} INFO - [2026-08-21T09:32:14.081+0000] {dag.py:3954} INFO - Setting next_dagrun for cell_kpi_spatial_analytics_pipeline to None, run_after=None
[2026-08-21T09:32:14.099+0000] {processor.py:183} INFO - Processing /opt/airflow/dags/kpi_hourly_dag.py took 0.142 seconds
[2026-08-21T09:32:44.229+0000] {processor.py:161} INFO - Started process (PID=213) to work on /opt/airflow/dags/kpi_hourly_dag.py
[2026-08-21T09:32:45.071+0000] {processor.py:830} INFO - Processing file /opt/airflow/dags/kpi_hourly_dag.py for tasks to queue
[2026-08-21T09:32:45.074+0000] {logging_mixin.py:188} INFO - [2026-08-21T09:32:45.073+0000] {dagbag.py:545} INFO - Filling up the DagBag from /opt/airflow/dags/kpi_hourly_dag.py
[2026-08-21T09:32:45.167+0000] {processor.py:840} INFO - DAG(s) 'cell_kpi_spatial_analytics_pipeline' retrieved from /opt/airflow/dags/kpi_hourly_dag.py
[2026-08-21T09:32:45.184+0000] {logging_mixin.py:188} INFO - [2026-08-21T09:32:45.184+0000] {dag.py:3096} INFO - Sync 1 DAGs
[2026-08-21T09:32:45.205+0000] {logging_mixin.py:188} INFO - [2026-08-21T09:32:45.204+0000] {dag.py:3954} INFO - Setting next_dagrun for cell_kpi_spatial_analytics_pipeline to None, run_after=None
[2026-08-21T09:32:45.398+0000] {processor.py:183} INFO - Processing /opt/airflow/dags/kpi_hourly_dag.py took 1.176 seconds
[2026-08-21T09:33:16.252+0000] {processor.py:161} INFO - Started process (PID=225) to work on /opt/airflow/dags/kpi_hourly_dag.py
[2026-08-21T09:33:16.253+0000] {processor.py:830} INFO - Processing file /opt/airflow/dags/kpi_hourly_dag.py for tasks to queue
[2026-08-21T09:33:16.254+0000] {logging_mixin.py:188} INFO - [2026-08-21T09:33:16.254+0000] {dagbag.py:545} INFO - Filling up the DagBag from /opt/airflow/dags/kpi_hourly_dag.py
[2026-08-21T09:33:16.300+0000] {processor.py:840} INFO - DAG(s) 'cell_kpi_spatial_analytics_pipeline' retrieved from /opt/airflow/dags/kpi_hourly_dag.py
[2026-08-21T09:33:16.310+0000] {logging_mixin.py:188} INFO - [2026-08-21T09:33:16.310+0000] {dag.py:3096} INFO - Sync 1 DAGs
[2026-08-21T09:33:16.327+0000] {logging_mixin.py:188} INFO - [2026-08-21T09:33:16.327+0000] {dag.py:3954} INFO - Setting next_dagrun for cell_kpi_spatial_analytics_pipeline to None, run_after=None
[2026-08-21T09:33:16.340+0000] {processor.py:183} INFO - Processing /opt/airflow/dags/kpi_hourly_dag.py took 0.094 seconds
[2026-08-21T09:33:46.450+0000] {processor.py:161} INFO - Started process (PID=235) to work on /opt/airflow/dags/kpi_hourly_dag.py
[2026-08-21T09:33:46.451+0000] {processor.py:830} INFO - Processing file /opt/airflow/dags/kpi_hourly_dag.py for tasks to queue
[2026-08-21T09:33:46.452+0000] {logging_mixin.py:188} INFO - [2026-08-21T09:33:46.452+0000] {dagbag.py:545} INFO - Filling up the DagBag from /opt/airflow/dags/kpi_hourly_dag.py
[2026-08-21T09:33:46.498+0000] {processor.py:840} INFO - DAG(s) 'cell_kpi_spatial_analytics_pipeline' retrieved from /opt/airflow/dags/kpi_hourly_dag.py
[2026-08-21T09:33:46.509+0000] {logging_mixin.py:188} INFO - [2026-08-21T09:33:46.508+0000] {dag.py:3096} INFO - Sync 1 DAGs
[2026-08-21T09:33:46.526+0000] {logging_mixin.py:188} INFO - [2026-08-21T09:33:46.526+0000] {dag.py:3954} INFO - Setting next_dagrun for cell_kpi_spatial_analytics_pipeline to None, run_after=None
[2026-08-21T09:33:46.540+0000] {processor.py:183} INFO - Processing /opt/airflow/dags/kpi_hourly_dag.py took 0.095 seconds
[2026-08-21T09:34:16.650+0000] {processor.py:161} INFO - Started process (PID=245) to work on /opt/airflow/dags/kpi_hourly_dag.py
[2026-08-21T09:34:16.651+0000] {processor.py:830} INFO - Processing file /opt/airflow/dags/kpi_hourly_dag.py for tasks to queue
[2026-08-21T09:34:16.652+0000] {logging_mixin.py:188} INFO - [2026-08-21T09:34:16.652+0000] {dagbag.py:545} INFO - Filling up the DagBag from /opt/airflow/dags/kpi_hourly_dag.py
[2026-08-21T09:34:16.720+0000] {processor.py:840} INFO - DAG(s) 'cell_kpi_spatial_analytics_pipeline' retrieved from /opt/airflow/dags/kpi_hourly_dag.py
[2026-08-21T09:34:16.737+0000] {logging_mixin.py:188} INFO - [2026-08-21T09:34:16.737+0000] {dag.py:3096} INFO - Sync 1 DAGs
[2026-08-21T09:34:16.764+0000] {logging_mixin.py:188} INFO - [2026-08-21T09:34:16.764+0000] {dag.py:3954} INFO - Setting next_dagrun for cell_kpi_spatial_analytics_pipeline to None, run_after=None
[2026-08-21T09:34:16.782+0000] {processor.py:183} INFO - Processing /opt/airflow/dags/kpi_hourly_dag.py took 0.138 seconds
[2026-08-21T09:34:46.885+0000] {processor.py:161} INFO - Started process (PID=255) to work on /opt/airflow/dags/kpi_hourly_dag.py
[2026-08-21T09:34:46.885+0000] {processor.py:830} INFO - Processing file /opt/airflow/dags/kpi_hourly_dag.py for tasks to queue
[2026-08-21T09:34:46.887+0000] {logging_mixin.py:188} INFO - [2026-08-21T09:34:46.886+0000] {dagbag.py:545} INFO - Filling up the DagBag from /opt/airflow/dags/kpi_hourly_dag.py
[2026-08-21T09:34:46.932+0000] {processor.py:840} INFO - DAG(s) 'cell_kpi_spatial_analytics_pipeline' retrieved from /opt/airflow/dags/kpi_hourly_dag.py
[2026-08-21T09:34:46.943+0000] {logging_mixin.py:188} INFO - [2026-08-21T09:34:46.942+0000] {dag.py:3096} INFO - Sync 1 DAGs
[2026-08-21T09:34:46.959+0000] {logging_mixin.py:188} INFO - [2026-08-21T09:34:46.959+0000] {dag.py:3954} INFO - Setting next_dagrun for cell_kpi_spatial_analytics_pipeline to None, run_after=None
[2026-08-21T09:34:46.972+0000] {processor.py:183} INFO - Processing /opt/airflow/dags/kpi_hourly_dag.py took 0.093 seconds
[2026-08-21T09:35:17.070+0000] {processor.py:161} INFO - Started process (PID=265) to work on /opt/airflow/dags/kpi_hourly_dag.py
[2026-08-21T09:35:17.071+0000] {processor.py:830} INFO - Processing file /opt/airflow/dags/kpi_hourly_dag.py for tasks to queue
[2026-08-21T09:35:17.072+0000] {logging_mixin.py:188} INFO - [2026-08-21T09:35:17.072+0000] {dagbag.py:545} INFO - Filling up the DagBag from /opt/airflow/dags/kpi_hourly_dag.py
[2026-08-21T09:35:17.122+0000] {processor.py:840} INFO - DAG(s) 'cell_kpi_spatial_analytics_pipeline' retrieved from /opt/airflow/dags/kpi_hourly_dag.py
[2026-08-21T09:35:17.137+0000] {logging_mixin.py:188} INFO - [2026-08-21T09:35:17.137+0000] {dag.py:3096} INFO - Sync 1 DAGs
[2026-08-21T09:35:17.157+0000] {logging_mixin.py:188} INFO - [2026-08-21T09:35:17.157+0000] {dag.py:3954} INFO - Setting next_dagrun for cell_kpi_spatial_analytics_pipeline to None, run_after=None
[2026-08-21T09:35:17.170+0000] {processor.py:183} INFO - Processing /opt/airflow/dags/kpi_hourly_dag.py took 0.106 seconds
[2026-08-21T09:35:47.271+0000] {processor.py:161} INFO - Started process (PID=275) to work on /opt/airflow/dags/kpi_hourly_dag.py
[2026-08-21T09:35:47.272+0000] {processor.py:830} INFO - Processing file /opt/airflow/dags/kpi_hourly_dag.py for tasks to queue
[2026-08-21T09:35:47.274+0000] {logging_mixin.py:188} INFO - [2026-08-21T09:35:47.274+0000] {dagbag.py:545} INFO - Filling up the DagBag from /opt/airflow/dags/kpi_hourly_dag.py
[2026-08-21T09:35:47.325+0000] {processor.py:840} INFO - DAG(s) 'cell_kpi_spatial_analytics_pipeline' retrieved from /opt/airflow/dags/kpi_hourly_dag.py
[2026-08-21T09:35:47.336+0000] {logging_mixin.py:188} INFO - [2026-08-21T09:35:47.336+0000] {dag.py:3096} INFO - Sync 1 DAGs
[2026-08-21T09:35:47.353+0000] {logging_mixin.py:188} INFO - [2026-08-21T09:35:47.353+0000] {dag.py:3954} INFO - Setting next_dagrun for cell_kpi_spatial_analytics_pipeline to None, run_after=None
[2026-08-21T09:35:47.368+0000] {processor.py:183} INFO - Processing /opt/airflow/dags/kpi_hourly_dag.py took 0.105 seconds
[2026-08-21T09:36:17.493+0000] {processor.py:161} INFO - Started process (PID=387) to work on /opt/airflow/dags/kpi_hourly_dag.py
[2026-08-21T09:36:17.495+0000] {processor.py:830} INFO - Processing file /opt/airflow/dags/kpi_hourly_dag.py for tasks to queue
[2026-08-21T09:36:17.497+0000] {logging_mixin.py:188} INFO - [2026-08-21T09:36:17.497+0000] {dagbag.py:545} INFO - Filling up the DagBag from /opt/airflow/dags/kpi_hourly_dag.py
[2026-08-21T09:36:17.558+0000] {processor.py:840} INFO - DAG(s) 'cell_kpi_spatial_analytics_pipeline' retrieved from /opt/airflow/dags/kpi_hourly_dag.py
[2026-08-21T09:36:17.593+0000] {logging_mixin.py:188} INFO - [2026-08-21T09:36:17.592+0000] {dag.py:3096} INFO - Sync 1 DAGs
[2026-08-21T09:36:17.620+0000] {logging_mixin.py:188} INFO - [2026-08-21T09:36:17.619+0000] {dag.py:3954} INFO - Setting next_dagrun for cell_kpi_spatial_analytics_pipeline to None, run_after=None
[2026-08-21T09:36:17.635+0000] {processor.py:183} INFO - Processing /opt/airflow/dags/kpi_hourly_dag.py took 0.149 seconds
[2026-08-21T09:36:47.746+0000] {processor.py:161} INFO - Started process (PID=419) to work on /opt/airflow/dags/kpi_hourly_dag.py
[2026-08-21T09:36:47.746+0000] {processor.py:830} INFO - Processing file /opt/airflow/dags/kpi_hourly_dag.py for tasks to queue
[2026-08-21T09:36:47.747+0000] {logging_mixin.py:188} INFO - [2026-08-21T09:36:47.747+0000] {dagbag.py:545} INFO - Filling up the DagBag from /opt/airflow/dags/kpi_hourly_dag.py
[2026-08-21T09:36:47.790+0000] {processor.py:840} INFO - DAG(s) 'cell_kpi_spatial_analytics_pipeline' retrieved from /opt/airflow/dags/kpi_hourly_dag.py
[2026-08-21T09:36:47.800+0000] {logging_mixin.py:188} INFO - [2026-08-21T09:36:47.800+0000] {dag.py:3096} INFO - Sync 1 DAGs
[2026-08-21T09:36:47.818+0000] {logging_mixin.py:188} INFO - [2026-08-21T09:36:47.818+0000] {dag.py:3954} INFO - Setting next_dagrun for cell_kpi_spatial_analytics_pipeline to None, run_after=None
[2026-08-21T09:36:47.831+0000] {processor.py:183} INFO - Processing /opt/airflow/dags/kpi_hourly_dag.py took 0.091 seconds
[2026-08-21T09:37:17.923+0000] {processor.py:161} INFO - Started process (PID=429) to work on /opt/airflow/dags/kpi_hourly_dag.py
[2026-08-21T09:37:17.924+0000] {processor.py:830} INFO - Processing file /opt/airflow/dags/kpi_hourly_dag.py for tasks to queue
[2026-08-21T09:37:17.925+0000] {logging_mixin.py:188} INFO - [2026-08-21T09:37:17.925+0000] {dagbag.py:545} INFO - Filling up the DagBag from /opt/airflow/dags/kpi_hourly_dag.py
[2026-08-21T09:37:17.968+0000] {processor.py:840} INFO - DAG(s) 'cell_kpi_spatial_analytics_pipeline' retrieved from /opt/airflow/dags/kpi_hourly_dag.py
[2026-08-21T09:37:17.978+0000] {logging_mixin.py:188} INFO - [2026-08-21T09:37:17.978+0000] {dag.py:3096} INFO - Sync 1 DAGs
[2026-08-21T09:37:17.996+0000] {logging_mixin.py:188} INFO - [2026-08-21T09:37:17.996+0000] {dag.py:3954} INFO - Setting next_dagrun for cell_kpi_spatial_analytics_pipeline to None, run_after=None
[2026-08-21T09:37:18.009+0000] {processor.py:183} INFO - Processing /opt/airflow/dags/kpi_hourly_dag.py took 0.091 seconds
[2026-08-21T09:37:48.107+0000] {processor.py:161} INFO - Started process (PID=439) to work on /opt/airflow/dags/kpi_hourly_dag.py
[2026-08-21T09:37:48.108+0000] {processor.py:830} INFO - Processing file /opt/airflow/dags/kpi_hourly_dag.py for tasks to queue
[2026-08-21T09:37:48.110+0000] {logging_mixin.py:188} INFO - [2026-08-21T09:37:48.109+0000] {dagbag.py:545} INFO - Filling up the DagBag from /opt/airflow/dags/kpi_hourly_dag.py
[2026-08-21T09:37:48.153+0000] {processor.py:840} INFO - DAG(s) 'cell_kpi_spatial_analytics_pipeline' retrieved from /opt/airflow/dags/kpi_hourly_dag.py
[2026-08-21T09:37:48.164+0000] {logging_mixin.py:188} INFO - [2026-08-21T09:37:48.164+0000] {dag.py:3096} INFO - Sync 1 DAGs
[2026-08-21T09:37:48.181+0000] {logging_mixin.py:188} INFO - [2026-08-21T09:37:48.181+0000] {dag.py:3954} INFO - Setting next_dagrun for cell_kpi_spatial_analytics_pipeline to None, run_after=None
[2026-08-21T09:37:48.194+0000] {processor.py:183} INFO - Processing /opt/airflow/dags/kpi_hourly_dag.py took 0.093 seconds
[2026-08-21T09:38:18.305+0000] {processor.py:161} INFO - Started process (PID=449) to work on /opt/airflow/dags/kpi_hourly_dag.py
[2026-08-21T09:38:18.306+0000] {processor.py:830} INFO - Processing file /opt/airflow/dags/kpi_hourly_dag.py for tasks to queue
[2026-08-21T09:38:18.307+0000] {logging_mixin.py:188} INFO - [2026-08-21T09:38:18.307+0000] {dagbag.py:545} INFO - Filling up the DagBag from /opt/airflow/dags/kpi_hourly_dag.py
[2026-08-21T09:38:18.349+0000] {processor.py:840} INFO - DAG(s) 'cell_kpi_spatial_analytics_pipeline' retrieved from /opt/airflow/dags/kpi_hourly_dag.py
[2026-08-21T09:38:18.359+0000] {logging_mixin.py:188} INFO - [2026-08-21T09:38:18.359+0000] {dag.py:3096} INFO - Sync 1 DAGs
[2026-08-21T09:38:18.379+0000] {logging_mixin.py:188} INFO - [2026-08-21T09:38:18.379+0000] {dag.py:3954} INFO - Setting next_dagrun for cell_kpi_spatial_analytics_pipeline to None, run_after=None
[2026-08-21T09:38:18.392+0000] {processor.py:183} INFO - Processing /opt/airflow/dags/kpi_hourly_dag.py took 0.092 seconds
[2026-08-21T09:38:48.506+0000] {processor.py:161} INFO - Started process (PID=459) to work on /opt/airflow/dags/kpi_hourly_dag.py
[2026-08-21T09:38:48.507+0000] {processor.py:830} INFO - Processing file /opt/airflow/dags/kpi_hourly_dag.py for tasks to queue
[2026-08-21T09:38:48.508+0000] {logging_mixin.py:188} INFO - [2026-08-21T09:38:48.508+0000] {dagbag.py:545} INFO - Filling up the DagBag from /opt/airflow/dags/kpi_hourly_dag.py
[2026-08-21T09:38:48.556+0000] {processor.py:840} INFO - DAG(s) 'cell_kpi_spatial_analytics_pipeline' retrieved from /opt/airflow/dags/kpi_hourly_dag.py
[2026-08-21T09:38:48.566+0000] {logging_mixin.py:188} INFO - [2026-08-21T09:38:48.566+0000] {dag.py:3096} INFO - Sync 1 DAGs
[2026-08-21T09:38:48.583+0000] {logging_mixin.py:188} INFO - [2026-08-21T09:38:48.583+0000] {dag.py:3954} INFO - Setting next_dagrun for cell_kpi_spatial_analytics_pipeline to None, run_after=None
[2026-08-21T09:38:48.597+0000] {processor.py:183} INFO - Processing /opt/airflow/dags/kpi_hourly_dag.py took 0.097 seconds
[2026-08-21T09:39:18.706+0000] {processor.py:161} INFO - Started process (PID=469) to work on /opt/airflow/dags/kpi_hourly_dag.py
[2026-08-21T09:39:18.707+0000] {processor.py:830} INFO - Processing file /opt/airflow/dags/kpi_hourly_dag.py for tasks to queue
[2026-08-21T09:39:18.709+0000] {logging_mixin.py:188} INFO - [2026-08-21T09:39:18.709+0000] {dagbag.py:545} INFO - Filling up the DagBag from /opt/airflow/dags/kpi_hourly_dag.py
[2026-08-21T09:39:18.753+0000] {processor.py:840} INFO - DAG(s) 'cell_kpi_spatial_analytics_pipeline' retrieved from /opt/airflow/dags/kpi_hourly_dag.py
[2026-08-21T09:39:18.763+0000] {logging_mixin.py:188} INFO - [2026-08-21T09:39:18.762+0000] {dag.py:3096} INFO - Sync 1 DAGs
[2026-08-21T09:39:18.779+0000] {logging_mixin.py:188} INFO - [2026-08-21T09:39:18.779+0000] {dag.py:3954} INFO - Setting next_dagrun for cell_kpi_spatial_analytics_pipeline to None, run_after=None
[2026-08-21T09:39:18.810+0000] {processor.py:183} INFO - Processing /opt/airflow/dags/kpi_hourly_dag.py took 0.111 seconds
[2026-08-21T09:39:48.911+0000] {processor.py:161} INFO - Started process (PID=479) to work on /opt/airflow/dags/kpi_hourly_dag.py
[2026-08-21T09:39:48.912+0000] {processor.py:830} INFO - Processing file /opt/airflow/dags/kpi_hourly_dag.py for tasks to queue
[2026-08-21T09:39:48.913+0000] {logging_mixin.py:188} INFO - [2026-08-21T09:39:48.913+0000] {dagbag.py:545} INFO - Filling up the DagBag from /opt/airflow/dags/kpi_hourly_dag.py
[2026-08-21T09:39:48.957+0000] {processor.py:840} INFO - DAG(s) 'cell_kpi_spatial_analytics_pipeline' retrieved from /opt/airflow/dags/kpi_hourly_dag.py
[2026-08-21T09:39:48.968+0000] {logging_mixin.py:188} INFO - [2026-08-21T09:39:48.967+0000] {dag.py:3096} INFO - Sync 1 DAGs
[2026-08-21T09:39:48.984+0000] {logging_mixin.py:188} INFO - [2026-08-21T09:39:48.984+0000] {dag.py:3954} INFO - Setting next_dagrun for cell_kpi_spatial_analytics_pipeline to None, run_after=None
[2026-08-21T09:39:48.998+0000] {processor.py:183} INFO - Processing /opt/airflow/dags/kpi_hourly_dag.py took 0.092 seconds
[2026-08-21T09:40:19.108+0000] {processor.py:161} INFO - Started process (PID=489) to work on /opt/airflow/dags/kpi_hourly_dag.py
[2026-08-21T09:40:19.109+0000] {processor.py:830} INFO - Processing file /opt/airflow/dags/kpi_hourly_dag.py for tasks to queue
[2026-08-21T09:40:19.111+0000] {logging_mixin.py:188} INFO - [2026-08-21T09:40:19.110+0000] {dagbag.py:545} INFO - Filling up the DagBag from /opt/airflow/dags/kpi_hourly_dag.py
[2026-08-21T09:40:19.154+0000] {processor.py:840} INFO - DAG(s) 'cell_kpi_spatial_analytics_pipeline' retrieved from /opt/airflow/dags/kpi_hourly_dag.py
[2026-08-21T09:40:19.165+0000] {logging_mixin.py:188} INFO - [2026-08-21T09:40:19.165+0000] {dag.py:3096} INFO - Sync 1 DAGs
[2026-08-21T09:40:19.187+0000] {logging_mixin.py:188} INFO - [2026-08-21T09:40:19.187+0000] {dag.py:3954} INFO - Setting next_dagrun for cell_kpi_spatial_analytics_pipeline to None, run_after=None
[2026-08-21T09:40:19.206+0000] {processor.py:183} INFO - Processing /opt/airflow/dags/kpi_hourly_dag.py took 0.102 seconds
[2026-08-21T09:40:49.311+0000] {processor.py:161} INFO - Started process (PID=499) to work on /opt/airflow/dags/kpi_hourly_dag.py
[2026-08-21T09:40:49.312+0000] {processor.py:830} INFO - Processing file /opt/airflow/dags/kpi_hourly_dag.py for tasks to queue
[2026-08-21T09:40:49.313+0000] {logging_mixin.py:188} INFO - [2026-08-21T09:40:49.313+0000] {dagbag.py:545} INFO - Filling up the DagBag from /opt/airflow/dags/kpi_hourly_dag.py
[2026-08-21T09:40:49.355+0000] {processor.py:840} INFO - DAG(s) 'cell_kpi_spatial_analytics_pipeline' retrieved from /opt/airflow/dags/kpi_hourly_dag.py
[2026-08-21T09:40:49.366+0000] {logging_mixin.py:188} INFO - [2026-08-21T09:40:49.365+0000] {dag.py:3096} INFO - Sync 1 DAGs
[2026-08-21T09:40:49.384+0000] {logging_mixin.py:188} INFO - [2026-08-21T09:40:49.384+0000] {dag.py:3954} INFO - Setting next_dagrun for cell_kpi_spatial_analytics_pipeline to None, run_after=None
[2026-08-21T09:40:49.397+0000] {processor.py:183} INFO - Processing /opt/airflow/dags/kpi_hourly_dag.py took 0.091 seconds
[2026-08-21T09:41:19.509+0000] {processor.py:161} INFO - Started process (PID=509) to work on /opt/airflow/dags/kpi_hourly_dag.py
[2026-08-21T09:41:19.510+0000] {processor.py:830} INFO - Processing file /opt/airflow/dags/kpi_hourly_dag.py for tasks to queue
[2026-08-21T09:41:19.512+0000] {logging_mixin.py:188} INFO - [2026-08-21T09:41:19.511+0000] {dagbag.py:545} INFO - Filling up the DagBag from /opt/airflow/dags/kpi_hourly_dag.py
[2026-08-21T09:41:19.569+0000] {processor.py:840} INFO - DAG(s) 'cell_kpi_spatial_analytics_pipeline' retrieved from /opt/airflow/dags/kpi_hourly_dag.py
[2026-08-21T09:41:19.584+0000] {logging_mixin.py:188} INFO - [2026-08-21T09:41:19.584+0000] {dag.py:3096} INFO - Sync 1 DAGs
[2026-08-21T09:41:19.605+0000] {logging_mixin.py:188} INFO - [2026-08-21T09:41:19.605+0000] {dag.py:3954} INFO - Setting next_dagrun for cell_kpi_spatial_analytics_pipeline to None, run_after=None
[2026-08-21T09:41:19.619+0000] {processor.py:183} INFO - Processing /opt/airflow/dags/kpi_hourly_dag.py took 0.116 seconds
[2026-08-21T09:41:49.724+0000] {processor.py:161} INFO - Started process (PID=643) to work on /opt/airflow/dags/kpi_hourly_dag.py
[2026-08-21T09:41:49.725+0000] {processor.py:830} INFO - Processing file /opt/airflow/dags/kpi_hourly_dag.py for tasks to queue
[2026-08-21T09:41:49.726+0000] {logging_mixin.py:188} INFO - [2026-08-21T09:41:49.726+0000] {dagbag.py:545} INFO - Filling up the DagBag from /opt/airflow/dags/kpi_hourly_dag.py
[2026-08-21T09:41:49.769+0000] {processor.py:840} INFO - DAG(s) 'cell_kpi_spatial_analytics_pipeline' retrieved from /opt/airflow/dags/kpi_hourly_dag.py
[2026-08-21T09:41:49.780+0000] {logging_mixin.py:188} INFO - [2026-08-21T09:41:49.780+0000] {dag.py:3096} INFO - Sync 1 DAGs
[2026-08-21T09:41:49.796+0000] {logging_mixin.py:188} INFO - [2026-08-21T09:41:49.796+0000] {dag.py:3954} INFO - Setting next_dagrun for cell_kpi_spatial_analytics_pipeline to None, run_after=None
[2026-08-21T09:41:49.809+0000] {processor.py:183} INFO - Processing /opt/airflow/dags/kpi_hourly_dag.py took 0.091 seconds
[2026-08-21T09:42:19.907+0000] {processor.py:161} INFO - Started process (PID=653) to work on /opt/airflow/dags/kpi_hourly_dag.py
[2026-08-21T09:42:19.908+0000] {processor.py:830} INFO - Processing file /opt/airflow/dags/kpi_hourly_dag.py for tasks to queue
[2026-08-21T09:42:19.910+0000] {logging_mixin.py:188} INFO - [2026-08-21T09:42:19.909+0000] {dagbag.py:545} INFO - Filling up the DagBag from /opt/airflow/dags/kpi_hourly_dag.py
[2026-08-21T09:42:19.953+0000] {processor.py:840} INFO - DAG(s) 'cell_kpi_spatial_analytics_pipeline' retrieved from /opt/airflow/dags/kpi_hourly_dag.py
[2026-08-21T09:42:19.963+0000] {logging_mixin.py:188} INFO - [2026-08-21T09:42:19.963+0000] {dag.py:3096} INFO - Sync 1 DAGs
[2026-08-21T09:42:19.981+0000] {logging_mixin.py:188} INFO - [2026-08-21T09:42:19.981+0000] {dag.py:3954} INFO - Setting next_dagrun for cell_kpi_spatial_analytics_pipeline to None, run_after=None
[2026-08-21T09:42:20.001+0000] {processor.py:183} INFO - Processing /opt/airflow/dags/kpi_hourly_dag.py took 0.099 seconds
[2026-08-21T09:42:50.102+0000] {processor.py:161} INFO - Started process (PID=663) to work on /opt/airflow/dags/kpi_hourly_dag.py
[2026-08-21T09:42:50.103+0000] {processor.py:830} INFO - Processing file /opt/airflow/dags/kpi_hourly_dag.py for tasks to queue
[2026-08-21T09:42:50.104+0000] {logging_mixin.py:188} INFO - [2026-08-21T09:42:50.104+0000] {dagbag.py:545} INFO - Filling up the DagBag from /opt/airflow/dags/kpi_hourly_dag.py
[2026-08-21T09:42:50.147+0000] {processor.py:840} INFO - DAG(s) 'cell_kpi_spatial_analytics_pipeline' retrieved from /opt/airflow/dags/kpi_hourly_dag.py
[2026-08-21T09:42:50.157+0000] {logging_mixin.py:188} INFO - [2026-08-21T09:42:50.157+0000] {dag.py:3096} INFO - Sync 1 DAGs
[2026-08-21T09:42:50.176+0000] {logging_mixin.py:188} INFO - [2026-08-21T09:42:50.176+0000] {dag.py:3954} INFO - Setting next_dagrun for cell_kpi_spatial_analytics_pipeline to None, run_after=None
[2026-08-21T09:42:50.189+0000] {processor.py:183} INFO - Processing /opt/airflow/dags/kpi_hourly_dag.py took 0.092 seconds
[2026-08-21T09:43:20.298+0000] {processor.py:161} INFO - Started process (PID=801) to work on /opt/airflow/dags/kpi_hourly_dag.py
[2026-08-21T09:43:20.299+0000] {processor.py:830} INFO - Processing file /opt/airflow/dags/kpi_hourly_dag.py for tasks to queue
[2026-08-21T09:43:20.301+0000] {logging_mixin.py:188} INFO - [2026-08-21T09:43:20.301+0000] {dagbag.py:545} INFO - Filling up the DagBag from /opt/airflow/dags/kpi_hourly_dag.py
[2026-08-21T09:43:20.348+0000] {processor.py:840} INFO - DAG(s) 'cell_kpi_spatial_analytics_pipeline' retrieved from /opt/airflow/dags/kpi_hourly_dag.py
[2026-08-21T09:43:20.359+0000] {logging_mixin.py:188} INFO - [2026-08-21T09:43:20.359+0000] {dag.py:3096} INFO - Sync 1 DAGs
[2026-08-21T09:43:20.378+0000] {logging_mixin.py:188} INFO - [2026-08-21T09:43:20.377+0000] {dag.py:3954} INFO - Setting next_dagrun for cell_kpi_spatial_analytics_pipeline to None, run_after=None
[2026-08-21T09:43:20.392+0000] {processor.py:183} INFO - Processing /opt/airflow/dags/kpi_hourly_dag.py took 0.100 seconds
[2026-08-21T09:43:50.501+0000] {processor.py:161} INFO - Started process (PID=811) to work on /opt/airflow/dags/kpi_hourly_dag.py
[2026-08-21T09:43:50.502+0000] {processor.py:830} INFO - Processing file /opt/airflow/dags/kpi_hourly_dag.py for tasks to queue
[2026-08-21T09:43:50.503+0000] {logging_mixin.py:188} INFO - [2026-08-21T09:43:50.503+0000] {dagbag.py:545} INFO - Filling up the DagBag from /opt/airflow/dags/kpi_hourly_dag.py
[2026-08-21T09:43:50.547+0000] {processor.py:840} INFO - DAG(s) 'cell_kpi_spatial_analytics_pipeline' retrieved from /opt/airflow/dags/kpi_hourly_dag.py
[2026-08-21T09:43:50.557+0000] {logging_mixin.py:188} INFO - [2026-08-21T09:43:50.557+0000] {dag.py:3096} INFO - Sync 1 DAGs
[2026-08-21T09:43:50.574+0000] {logging_mixin.py:188} INFO - [2026-08-21T09:43:50.574+0000] {dag.py:3954} INFO - Setting next_dagrun for cell_kpi_spatial_analytics_pipeline to None, run_after=None
[2026-08-21T09:43:50.587+0000] {processor.py:183} INFO - Processing /opt/airflow/dags/kpi_hourly_dag.py took 0.091 seconds
[2026-08-21T09:44:20.743+0000] {processor.py:161} INFO - Started process (PID=825) to work on /opt/airflow/dags/kpi_hourly_dag.py
[2026-08-21T09:44:20.744+0000] {processor.py:830} INFO - Processing file /opt/airflow/dags/kpi_hourly_dag.py for tasks to queue
[2026-08-21T09:44:20.745+0000] {logging_mixin.py:188} INFO - [2026-08-21T09:44:20.745+0000] {dagbag.py:545} INFO - Filling up the DagBag from /opt/airflow/dags/kpi_hourly_dag.py
[2026-08-21T09:44:20.810+0000] {processor.py:840} INFO - DAG(s) 'cell_kpi_spatial_analytics_pipeline' retrieved from /opt/airflow/dags/kpi_hourly_dag.py
[2026-08-21T09:44:20.824+0000] {logging_mixin.py:188} INFO - [2026-08-21T09:44:20.824+0000] {dag.py:3096} INFO - Sync 1 DAGs
[2026-08-21T09:44:20.849+0000] {logging_mixin.py:188} INFO - [2026-08-21T09:44:20.849+0000] {dag.py:3954} INFO - Setting next_dagrun for cell_kpi_spatial_analytics_pipeline to None, run_after=None
[2026-08-21T09:44:20.866+0000] {processor.py:183} INFO - Processing /opt/airflow/dags/kpi_hourly_dag.py took 0.131 seconds
[2026-08-21T09:44:50.980+0000] {processor.py:161} INFO - Started process (PID=955) to work on /opt/airflow/dags/kpi_hourly_dag.py
[2026-08-21T09:44:50.981+0000] {processor.py:830} INFO - Processing file /opt/airflow/dags/kpi_hourly_dag.py for tasks to queue
[2026-08-21T09:44:50.983+0000] {logging_mixin.py:188} INFO - [2026-08-21T09:44:50.982+0000] {dagbag.py:545} INFO - Filling up the DagBag from /opt/airflow/dags/kpi_hourly_dag.py
[2026-08-21T09:44:51.027+0000] {processor.py:840} INFO - DAG(s) 'cell_kpi_spatial_analytics_pipeline' retrieved from /opt/airflow/dags/kpi_hourly_dag.py
[2026-08-21T09:44:51.038+0000] {logging_mixin.py:188} INFO - [2026-08-21T09:44:51.037+0000] {dag.py:3096} INFO - Sync 1 DAGs
[2026-08-21T09:44:51.055+0000] {logging_mixin.py:188} INFO - [2026-08-21T09:44:51.055+0000] {dag.py:3954} INFO - Setting next_dagrun for cell_kpi_spatial_analytics_pipeline to None, run_after=None
[2026-08-21T09:44:51.070+0000] {processor.py:183} INFO - Processing /opt/airflow/dags/kpi_hourly_dag.py took 0.095 seconds
[2026-08-21T09:45:21.167+0000] {processor.py:161} INFO - Started process (PID=965) to work on /opt/airflow/dags/kpi_hourly_dag.py
[2026-08-21T09:45:21.168+0000] {processor.py:830} INFO - Processing file /opt/airflow/dags/kpi_hourly_dag.py for tasks to queue
[2026-08-21T09:45:21.170+0000] {logging_mixin.py:188} INFO - [2026-08-21T09:45:21.170+0000] {dagbag.py:545} INFO - Filling up the DagBag from /opt/airflow/dags/kpi_hourly_dag.py
[2026-08-21T09:45:21.222+0000] {processor.py:840} INFO - DAG(s) 'cell_kpi_spatial_analytics_pipeline' retrieved from /opt/airflow/dags/kpi_hourly_dag.py
[2026-08-21T09:45:21.237+0000] {logging_mixin.py:188} INFO - [2026-08-21T09:45:21.236+0000] {dag.py:3096} INFO - Sync 1 DAGs
[2026-08-21T09:45:21.255+0000] {logging_mixin.py:188} INFO - [2026-08-21T09:45:21.255+0000] {dag.py:3954} INFO - Setting next_dagrun for cell_kpi_spatial_analytics_pipeline to None, run_after=None
[2026-08-21T09:45:21.268+0000] {processor.py:183} INFO - Processing /opt/airflow/dags/kpi_hourly_dag.py took 0.108 seconds
[2026-08-21T09:45:51.364+0000] {processor.py:161} INFO - Started process (PID=975) to work on /opt/airflow/dags/kpi_hourly_dag.py
[2026-08-21T09:45:51.365+0000] {processor.py:830} INFO - Processing file /opt/airflow/dags/kpi_hourly_dag.py for tasks to queue
[2026-08-21T09:45:51.366+0000] {logging_mixin.py:188} INFO - [2026-08-21T09:45:51.366+0000] {dagbag.py:545} INFO - Filling up the DagBag from /opt/airflow/dags/kpi_hourly_dag.py
[2026-08-21T09:45:51.424+0000] {processor.py:840} INFO - DAG(s) 'cell_kpi_spatial_analytics_pipeline' retrieved from /opt/airflow/dags/kpi_hourly_dag.py
[2026-08-21T09:45:51.440+0000] {logging_mixin.py:188} INFO - [2026-08-21T09:45:51.439+0000] {dag.py:3096} INFO - Sync 1 DAGs
[2026-08-21T09:45:51.462+0000] {logging_mixin.py:188} INFO - [2026-08-21T09:45:51.461+0000] {dag.py:3954} INFO - Setting next_dagrun for cell_kpi_spatial_analytics_pipeline to None, run_after=None
[2026-08-21T09:45:51.474+0000] {processor.py:183} INFO - Processing /opt/airflow/dags/kpi_hourly_dag.py took 0.116 seconds
[2026-08-21T09:46:21.578+0000] {processor.py:161} INFO - Started process (PID=985) to work on /opt/airflow/dags/kpi_hourly_dag.py
[2026-08-21T09:46:21.578+0000] {processor.py:830} INFO - Processing file /opt/airflow/dags/kpi_hourly_dag.py for tasks to queue
[2026-08-21T09:46:21.580+0000] {logging_mixin.py:188} INFO - [2026-08-21T09:46:21.580+0000] {dagbag.py:545} INFO - Filling up the DagBag from /opt/airflow/dags/kpi_hourly_dag.py
[2026-08-21T09:46:21.623+0000] {processor.py:840} INFO - DAG(s) 'cell_kpi_spatial_analytics_pipeline' retrieved from /opt/airflow/dags/kpi_hourly_dag.py
[2026-08-21T09:46:21.633+0000] {logging_mixin.py:188} INFO - [2026-08-21T09:46:21.633+0000] {dag.py:3096} INFO - Sync 1 DAGs
[2026-08-21T09:46:21.652+0000] {logging_mixin.py:188} INFO - [2026-08-21T09:46:21.652+0000] {dag.py:3954} INFO - Setting next_dagrun for cell_kpi_spatial_analytics_pipeline to None, run_after=None
[2026-08-21T09:46:21.666+0000] {processor.py:183} INFO - Processing /opt/airflow/dags/kpi_hourly_dag.py took 0.094 seconds
[2026-08-21T09:46:51.762+0000] {processor.py:161} INFO - Started process (PID=995) to work on /opt/airflow/dags/kpi_hourly_dag.py
[2026-08-21T09:46:51.763+0000] {processor.py:830} INFO - Processing file /opt/airflow/dags/kpi_hourly_dag.py for tasks to queue
[2026-08-21T09:46:51.764+0000] {logging_mixin.py:188} INFO - [2026-08-21T09:46:51.764+0000] {dagbag.py:545} INFO - Filling up the DagBag from /opt/airflow/dags/kpi_hourly_dag.py
[2026-08-21T09:46:51.811+0000] {processor.py:840} INFO - DAG(s) 'cell_kpi_spatial_analytics_pipeline' retrieved from /opt/airflow/dags/kpi_hourly_dag.py
[2026-08-21T09:46:51.821+0000] {logging_mixin.py:188} INFO - [2026-08-21T09:46:51.821+0000] {dag.py:3096} INFO - Sync 1 DAGs
[2026-08-21T09:46:51.839+0000] {logging_mixin.py:188} INFO - [2026-08-21T09:46:51.839+0000] {dag.py:3954} INFO - Setting next_dagrun for cell_kpi_spatial_analytics_pipeline to None, run_after=None
[2026-08-21T09:46:51.855+0000] {processor.py:183} INFO - Processing /opt/airflow/dags/kpi_hourly_dag.py took 0.099 seconds
[2026-08-21T09:47:21.963+0000] {processor.py:161} INFO - Started process (PID=1005) to work on /opt/airflow/dags/kpi_hourly_dag.py
[2026-08-21T09:47:21.964+0000] {processor.py:830} INFO - Processing file /opt/airflow/dags/kpi_hourly_dag.py for tasks to queue
[2026-08-21T09:47:21.966+0000] {logging_mixin.py:188} INFO - [2026-08-21T09:47:21.965+0000] {dagbag.py:545} INFO - Filling up the DagBag from /opt/airflow/dags/kpi_hourly_dag.py
[2026-08-21T09:47:22.019+0000] {processor.py:840} INFO - DAG(s) 'cell_kpi_spatial_analytics_pipeline' retrieved from /opt/airflow/dags/kpi_hourly_dag.py
[2026-08-21T09:47:22.030+0000] {logging_mixin.py:188} INFO - [2026-08-21T09:47:22.030+0000] {dag.py:3096} INFO - Sync 1 DAGs
[2026-08-21T09:47:22.048+0000] {logging_mixin.py:188} INFO - [2026-08-21T09:47:22.047+0000] {dag.py:3954} INFO - Setting next_dagrun for cell_kpi_spatial_analytics_pipeline to None, run_after=None
[2026-08-21T09:47:22.061+0000] {processor.py:183} INFO - Processing /opt/airflow/dags/kpi_hourly_dag.py took 0.103 seconds
[2026-08-21T09:47:52.160+0000] {processor.py:161} INFO - Started process (PID=1015) to work on /opt/airflow/dags/kpi_hourly_dag.py
[2026-08-21T09:47:52.161+0000] {processor.py:830} INFO - Processing file /opt/airflow/dags/kpi_hourly_dag.py for tasks to queue
[2026-08-21T09:47:52.162+0000] {logging_mixin.py:188} INFO - [2026-08-21T09:47:52.162+0000] {dagbag.py:545} INFO - Filling up the DagBag from /opt/airflow/dags/kpi_hourly_dag.py
[2026-08-21T09:47:52.205+0000] {processor.py:840} INFO - DAG(s) 'cell_kpi_spatial_analytics_pipeline' retrieved from /opt/airflow/dags/kpi_hourly_dag.py
[2026-08-21T09:47:52.214+0000] {logging_mixin.py:188} INFO - [2026-08-21T09:47:52.214+0000] {dag.py:3096} INFO - Sync 1 DAGs
[2026-08-21T09:47:52.231+0000] {logging_mixin.py:188} INFO - [2026-08-21T09:47:52.231+0000] {dag.py:3954} INFO - Setting next_dagrun for cell_kpi_spatial_analytics_pipeline to None, run_after=None
[2026-08-21T09:47:52.244+0000] {processor.py:183} INFO - Processing /opt/airflow/dags/kpi_hourly_dag.py took 0.089 seconds
[2026-08-21T09:48:22.371+0000] {processor.py:161} INFO - Started process (PID=1040) to work on /opt/airflow/dags/kpi_hourly_dag.py
[2026-08-21T09:48:22.372+0000] {processor.py:830} INFO - Processing file /opt/airflow/dags/kpi_hourly_dag.py for tasks to queue
[2026-08-21T09:48:22.373+0000] {logging_mixin.py:188} INFO - [2026-08-21T09:48:22.373+0000] {dagbag.py:545} INFO - Filling up the DagBag from /opt/airflow/dags/kpi_hourly_dag.py
[2026-08-21T09:48:22.417+0000] {processor.py:840} INFO - DAG(s) 'cell_kpi_spatial_analytics_pipeline' retrieved from /opt/airflow/dags/kpi_hourly_dag.py
[2026-08-21T09:48:22.432+0000] {logging_mixin.py:188} INFO - [2026-08-21T09:48:22.432+0000] {dag.py:3096} INFO - Sync 1 DAGs
[2026-08-21T09:48:22.458+0000] {logging_mixin.py:188} INFO - [2026-08-21T09:48:22.458+0000] {dag.py:3954} INFO - Setting next_dagrun for cell_kpi_spatial_analytics_pipeline to None, run_after=None
[2026-08-21T09:48:22.474+0000] {processor.py:183} INFO - Processing /opt/airflow/dags/kpi_hourly_dag.py took 0.109 seconds
[2026-08-21T09:48:52.598+0000] {processor.py:161} INFO - Started process (PID=1050) to work on /opt/airflow/dags/kpi_hourly_dag.py
[2026-08-21T09:48:52.599+0000] {processor.py:830} INFO - Processing file /opt/airflow/dags/kpi_hourly_dag.py for tasks to queue
[2026-08-21T09:48:52.601+0000] {logging_mixin.py:188} INFO - [2026-08-21T09:48:52.600+0000] {dagbag.py:545} INFO - Filling up the DagBag from /opt/airflow/dags/kpi_hourly_dag.py
[2026-08-21T09:48:52.643+0000] {processor.py:840} INFO - DAG(s) 'cell_kpi_spatial_analytics_pipeline' retrieved from /opt/airflow/dags/kpi_hourly_dag.py
[2026-08-21T09:48:52.654+0000] {logging_mixin.py:188} INFO - [2026-08-21T09:48:52.653+0000] {dag.py:3096} INFO - Sync 1 DAGs
[2026-08-21T09:48:52.672+0000] {logging_mixin.py:188} INFO - [2026-08-21T09:48:52.671+0000] {dag.py:3954} INFO - Setting next_dagrun for cell_kpi_spatial_analytics_pipeline to None, run_after=None
[2026-08-21T09:48:52.686+0000] {processor.py:183} INFO - Processing /opt/airflow/dags/kpi_hourly_dag.py took 0.093 seconds
[2026-08-21T09:49:22.896+0000] {processor.py:161} INFO - Started process (PID=1070) to work on /opt/airflow/dags/kpi_hourly_dag.py
[2026-08-21T09:49:22.897+0000] {processor.py:830} INFO - Processing file /opt/airflow/dags/kpi_hourly_dag.py for tasks to queue
[2026-08-21T09:49:22.899+0000] {logging_mixin.py:188} INFO - [2026-08-21T09:49:22.898+0000] {dagbag.py:545} INFO - Filling up the DagBag from /opt/airflow/dags/kpi_hourly_dag.py
[2026-08-21T09:49:22.946+0000] {processor.py:840} INFO - DAG(s) 'cell_kpi_spatial_analytics_pipeline' retrieved from /opt/airflow/dags/kpi_hourly_dag.py
[2026-08-21T09:49:22.960+0000] {logging_mixin.py:188} INFO - [2026-08-21T09:49:22.960+0000] {dag.py:3096} INFO - Sync 1 DAGs
[2026-08-21T09:49:22.984+0000] {logging_mixin.py:188} INFO - [2026-08-21T09:49:22.984+0000] {dag.py:3954} INFO - Setting next_dagrun for cell_kpi_spatial_analytics_pipeline to None, run_after=None
[2026-08-21T09:49:23.000+0000] {processor.py:183} INFO - Processing /opt/airflow/dags/kpi_hourly_dag.py took 0.111 seconds
[2026-08-21T09:49:53.108+0000] {processor.py:161} INFO - Started process (PID=1140) to work on /opt/airflow/dags/kpi_hourly_dag.py
[2026-08-21T09:49:53.109+0000] {processor.py:830} INFO - Processing file /opt/airflow/dags/kpi_hourly_dag.py for tasks to queue
[2026-08-21T09:49:53.111+0000] {logging_mixin.py:188} INFO - [2026-08-21T09:49:53.110+0000] {dagbag.py:545} INFO - Filling up the DagBag from /opt/airflow/dags/kpi_hourly_dag.py
[2026-08-21T09:49:53.166+0000] {processor.py:840} INFO - DAG(s) 'cell_kpi_spatial_analytics_pipeline' retrieved from /opt/airflow/dags/kpi_hourly_dag.py
[2026-08-21T09:49:53.181+0000] {logging_mixin.py:188} INFO - [2026-08-21T09:49:53.181+0000] {dag.py:3096} INFO - Sync 1 DAGs
[2026-08-21T09:49:53.200+0000] {logging_mixin.py:188} INFO - [2026-08-21T09:49:53.199+0000] {dag.py:3954} INFO - Setting next_dagrun for cell_kpi_spatial_analytics_pipeline to None, run_after=None
[2026-08-21T09:49:53.224+0000] {processor.py:183} INFO - Processing /opt/airflow/dags/kpi_hourly_dag.py took 0.122 seconds
[2026-08-21T09:50:23.446+0000] {processor.py:161} INFO - Started process (PID=1347) to work on /opt/airflow/dags/kpi_hourly_dag.py
[2026-08-21T09:50:23.446+0000] {processor.py:830} INFO - Processing file /opt/airflow/dags/kpi_hourly_dag.py for tasks to queue
[2026-08-21T09:50:23.448+0000] {logging_mixin.py:188} INFO - [2026-08-21T09:50:23.447+0000] {dagbag.py:545} INFO - Filling up the DagBag from /opt/airflow/dags/kpi_hourly_dag.py
[2026-08-21T09:50:23.494+0000] {processor.py:840} INFO - DAG(s) 'cell_kpi_spatial_analytics_pipeline' retrieved from /opt/airflow/dags/kpi_hourly_dag.py
[2026-08-21T09:50:23.507+0000] {logging_mixin.py:188} INFO - [2026-08-21T09:50:23.507+0000] {dag.py:3096} INFO - Sync 1 DAGs
[2026-08-21T09:50:23.527+0000] {logging_mixin.py:188} INFO - [2026-08-21T09:50:23.527+0000] {dag.py:3954} INFO - Setting next_dagrun for cell_kpi_spatial_analytics_pipeline to None, run_after=None
[2026-08-21T09:50:23.541+0000] {processor.py:183} INFO - Processing /opt/airflow/dags/kpi_hourly_dag.py took 0.101 seconds
[2026-08-21T09:50:53.678+0000] {processor.py:161} INFO - Started process (PID=1357) to work on /opt/airflow/dags/kpi_hourly_dag.py
[2026-08-21T09:50:53.679+0000] {processor.py:830} INFO - Processing file /opt/airflow/dags/kpi_hourly_dag.py for tasks to queue
[2026-08-21T09:50:53.681+0000] {logging_mixin.py:188} INFO - [2026-08-21T09:50:53.680+0000] {dagbag.py:545} INFO - Filling up the DagBag from /opt/airflow/dags/kpi_hourly_dag.py
[2026-08-21T09:50:53.738+0000] {processor.py:840} INFO - DAG(s) 'cell_kpi_spatial_analytics_pipeline' retrieved from /opt/airflow/dags/kpi_hourly_dag.py
[2026-08-21T09:50:53.752+0000] {logging_mixin.py:188} INFO - [2026-08-21T09:50:53.752+0000] {dag.py:3096} INFO - Sync 1 DAGs
[2026-08-21T09:50:53.771+0000] {logging_mixin.py:188} INFO - [2026-08-21T09:50:53.771+0000] {dag.py:3954} INFO - Setting next_dagrun for cell_kpi_spatial_analytics_pipeline to None, run_after=None
[2026-08-21T09:50:53.784+0000] {processor.py:183} INFO - Processing /opt/airflow/dags/kpi_hourly_dag.py took 0.112 seconds
[2026-08-21T09:51:23.908+0000] {processor.py:161} INFO - Started process (PID=1370) to work on /opt/airflow/dags/kpi_hourly_dag.py
[2026-08-21T09:51:23.909+0000] {processor.py:830} INFO - Processing file /opt/airflow/dags/kpi_hourly_dag.py for tasks to queue
[2026-08-21T09:51:23.910+0000] {logging_mixin.py:188} INFO - [2026-08-21T09:51:23.910+0000] {dagbag.py:545} INFO - Filling up the DagBag from /opt/airflow/dags/kpi_hourly_dag.py
[2026-08-21T09:51:23.998+0000] {processor.py:840} INFO - DAG(s) 'cell_kpi_spatial_analytics_pipeline' retrieved from /opt/airflow/dags/kpi_hourly_dag.py
[2026-08-21T09:51:24.014+0000] {logging_mixin.py:188} INFO - [2026-08-21T09:51:24.013+0000] {dag.py:3096} INFO - Sync 1 DAGs
[2026-08-21T09:51:24.042+0000] {logging_mixin.py:188} INFO - [2026-08-21T09:51:24.041+0000] {dag.py:3954} INFO - Setting next_dagrun for cell_kpi_spatial_analytics_pipeline to None, run_after=None
[2026-08-21T09:51:24.059+0000] {processor.py:183} INFO - Processing /opt/airflow/dags/kpi_hourly_dag.py took 0.156 seconds
[2026-08-21T09:51:54.185+0000] {processor.py:161} INFO - Started process (PID=1408) to work on /opt/airflow/dags/kpi_hourly_dag.py
[2026-08-21T09:51:54.186+0000] {processor.py:830} INFO - Processing file /opt/airflow/dags/kpi_hourly_dag.py for tasks to queue
[2026-08-21T09:51:54.188+0000] {logging_mixin.py:188} INFO - [2026-08-21T09:51:54.187+0000] {dagbag.py:545} INFO - Filling up the DagBag from /opt/airflow/dags/kpi_hourly_dag.py
[2026-08-21T09:51:54.236+0000] {processor.py:840} INFO - DAG(s) 'cell_kpi_spatial_analytics_pipeline' retrieved from /opt/airflow/dags/kpi_hourly_dag.py
[2026-08-21T09:51:54.248+0000] {logging_mixin.py:188} INFO - [2026-08-21T09:51:54.248+0000] {dag.py:3096} INFO - Sync 1 DAGs
[2026-08-21T09:51:54.266+0000] {logging_mixin.py:188} INFO - [2026-08-21T09:51:54.266+0000] {dag.py:3954} INFO - Setting next_dagrun for cell_kpi_spatial_analytics_pipeline to None, run_after=None
[2026-08-21T09:51:54.282+0000] {processor.py:183} INFO - Processing /opt/airflow/dags/kpi_hourly_dag.py took 0.102 seconds
[2026-08-21T09:52:24.511+0000] {processor.py:161} INFO - Started process (PID=1555) to work on /opt/airflow/dags/kpi_hourly_dag.py
[2026-08-21T09:52:24.512+0000] {processor.py:830} INFO - Processing file /opt/airflow/dags/kpi_hourly_dag.py for tasks to queue
[2026-08-21T09:52:24.514+0000] {logging_mixin.py:188} INFO - [2026-08-21T09:52:24.514+0000] {dagbag.py:545} INFO - Filling up the DagBag from /opt/airflow/dags/kpi_hourly_dag.py
[2026-08-21T09:52:24.580+0000] {processor.py:840} INFO - DAG(s) 'cell_kpi_spatial_analytics_pipeline' retrieved from /opt/airflow/dags/kpi_hourly_dag.py
[2026-08-21T09:52:24.596+0000] {logging_mixin.py:188} INFO - [2026-08-21T09:52:24.595+0000] {dag.py:3096} INFO - Sync 1 DAGs
[2026-08-21T09:52:24.622+0000] {logging_mixin.py:188} INFO - [2026-08-21T09:52:24.621+0000] {dag.py:3954} INFO - Setting next_dagrun for cell_kpi_spatial_analytics_pipeline to None, run_after=None
[2026-08-21T09:52:24.669+0000] {processor.py:183} INFO - Processing /opt/airflow/dags/kpi_hourly_dag.py took 0.165 seconds
[2026-08-21T09:52:55.007+0000] {processor.py:161} INFO - Started process (PID=1752) to work on /opt/airflow/dags/kpi_hourly_dag.py
[2026-08-21T09:52:55.008+0000] {processor.py:830} INFO - Processing file /opt/airflow/dags/kpi_hourly_dag.py for tasks to queue
[2026-08-21T09:52:55.010+0000] {logging_mixin.py:188} INFO - [2026-08-21T09:52:55.010+0000] {dagbag.py:545} INFO - Filling up the DagBag from /opt/airflow/dags/kpi_hourly_dag.py
[2026-08-21T09:52:55.085+0000] {processor.py:840} INFO - DAG(s) 'cell_kpi_spatial_analytics_pipeline' retrieved from /opt/airflow/dags/kpi_hourly_dag.py
[2026-08-21T09:52:55.100+0000] {logging_mixin.py:188} INFO - [2026-08-21T09:52:55.100+0000] {dag.py:3096} INFO - Sync 1 DAGs
[2026-08-21T09:52:55.127+0000] {logging_mixin.py:188} INFO - [2026-08-21T09:52:55.126+0000] {dag.py:3954} INFO - Setting next_dagrun for cell_kpi_spatial_analytics_pipeline to None, run_after=None
[2026-08-21T09:52:55.150+0000] {processor.py:183} INFO - Processing /opt/airflow/dags/kpi_hourly_dag.py took 0.154 seconds
[2026-08-21T09:53:25.404+0000] {processor.py:161} INFO - Started process (PID=1908) to work on /opt/airflow/dags/kpi_hourly_dag.py
[2026-08-21T09:53:25.405+0000] {processor.py:830} INFO - Processing file /opt/airflow/dags/kpi_hourly_dag.py for tasks to queue
[2026-08-21T09:53:25.407+0000] {logging_mixin.py:188} INFO - [2026-08-21T09:53:25.407+0000] {dagbag.py:545} INFO - Filling up the DagBag from /opt/airflow/dags/kpi_hourly_dag.py
[2026-08-21T09:53:25.497+0000] {processor.py:840} INFO - DAG(s) 'cell_kpi_spatial_analytics_pipeline' retrieved from /opt/airflow/dags/kpi_hourly_dag.py
[2026-08-21T09:53:25.516+0000] {logging_mixin.py:188} INFO - [2026-08-21T09:53:25.516+0000] {dag.py:3096} INFO - Sync 1 DAGs
[2026-08-21T09:53:25.543+0000] {logging_mixin.py:188} INFO - [2026-08-21T09:53:25.543+0000] {dag.py:3954} INFO - Setting next_dagrun for cell_kpi_spatial_analytics_pipeline to None, run_after=None
[2026-08-21T09:53:25.563+0000] {processor.py:183} INFO - Processing /opt/airflow/dags/kpi_hourly_dag.py took 0.169 seconds
[2026-08-21T09:53:56.118+0000] {processor.py:161} INFO - Started process (PID=2132) to work on /opt/airflow/dags/kpi_hourly_dag.py
[2026-08-21T09:53:56.122+0000] {processor.py:830} INFO - Processing file /opt/airflow/dags/kpi_hourly_dag.py for tasks to queue
[2026-08-21T09:53:56.124+0000] {logging_mixin.py:188} INFO - [2026-08-21T09:53:56.124+0000] {dagbag.py:545} INFO - Filling up the DagBag from /opt/airflow/dags/kpi_hourly_dag.py
[2026-08-21T09:53:56.236+0000] {processor.py:840} INFO - DAG(s) 'cell_kpi_spatial_analytics_pipeline' retrieved from /opt/airflow/dags/kpi_hourly_dag.py
[2026-08-21T09:53:56.251+0000] {logging_mixin.py:188} INFO - [2026-08-21T09:53:56.250+0000] {dag.py:3096} INFO - Sync 1 DAGs
[2026-08-21T09:53:56.288+0000] {logging_mixin.py:188} INFO - [2026-08-21T09:53:56.288+0000] {dag.py:3954} INFO - Setting next_dagrun for cell_kpi_spatial_analytics_pipeline to None, run_after=None
[2026-08-21T09:53:56.314+0000] {processor.py:183} INFO - Processing /opt/airflow/dags/kpi_hourly_dag.py took 0.218 seconds
[2026-08-21T09:54:26.630+0000] {processor.py:161} INFO - Started process (PID=2446) to work on /opt/airflow/dags/kpi_hourly_dag.py
[2026-08-21T09:54:26.636+0000] {processor.py:830} INFO - Processing file /opt/airflow/dags/kpi_hourly_dag.py for tasks to queue
[2026-08-21T09:54:26.641+0000] {logging_mixin.py:188} INFO - [2026-08-21T09:54:26.641+0000] {dagbag.py:545} INFO - Filling up the DagBag from /opt/airflow/dags/kpi_hourly_dag.py
[2026-08-21T09:54:26.714+0000] {processor.py:840} INFO - DAG(s) 'cell_kpi_spatial_analytics_pipeline' retrieved from /opt/airflow/dags/kpi_hourly_dag.py
[2026-08-21T09:54:26.730+0000] {logging_mixin.py:188} INFO - [2026-08-21T09:54:26.730+0000] {dag.py:3096} INFO - Sync 1 DAGs
[2026-08-21T09:54:26.758+0000] {logging_mixin.py:188} INFO - [2026-08-21T09:54:26.758+0000] {dag.py:3954} INFO - Setting next_dagrun for cell_kpi_spatial_analytics_pipeline to None, run_after=None
[2026-08-21T09:54:26.785+0000] {processor.py:183} INFO - Processing /opt/airflow/dags/kpi_hourly_dag.py took 0.165 seconds
[2026-08-21T09:54:57.106+0000] {processor.py:161} INFO - Started process (PID=2661) to work on /opt/airflow/dags/kpi_hourly_dag.py
[2026-08-21T09:54:57.110+0000] {processor.py:830} INFO - Processing file /opt/airflow/dags/kpi_hourly_dag.py for tasks to queue
[2026-08-21T09:54:57.116+0000] {logging_mixin.py:188} INFO - [2026-08-21T09:54:57.116+0000] {dagbag.py:545} INFO - Filling up the DagBag from /opt/airflow/dags/kpi_hourly_dag.py
[2026-08-21T09:54:57.250+0000] {processor.py:840} INFO - DAG(s) 'cell_kpi_spatial_analytics_pipeline' retrieved from /opt/airflow/dags/kpi_hourly_dag.py
[2026-08-21T09:54:57.283+0000] {logging_mixin.py:188} INFO - [2026-08-21T09:54:57.283+0000] {dag.py:3096} INFO - Sync 1 DAGs
[2026-08-21T09:54:57.338+0000] {logging_mixin.py:188} INFO - [2026-08-21T09:54:57.338+0000] {dag.py:3954} INFO - Setting next_dagrun for cell_kpi_spatial_analytics_pipeline to None, run_after=None
[2026-08-21T09:54:57.382+0000] {processor.py:183} INFO - Processing /opt/airflow/dags/kpi_hourly_dag.py took 0.295 seconds
[2026-08-21T09:55:27.565+0000] {processor.py:161} INFO - Started process (PID=2822) to work on /opt/airflow/dags/kpi_hourly_dag.py
[2026-08-21T09:55:27.566+0000] {processor.py:830} INFO - Processing file /opt/airflow/dags/kpi_hourly_dag.py for tasks to queue
[2026-08-21T09:55:27.567+0000] {logging_mixin.py:188} INFO - [2026-08-21T09:55:27.567+0000] {dagbag.py:545} INFO - Filling up the DagBag from /opt/airflow/dags/kpi_hourly_dag.py
[2026-08-21T09:55:27.610+0000] {processor.py:840} INFO - DAG(s) 'cell_kpi_spatial_analytics_pipeline' retrieved from /opt/airflow/dags/kpi_hourly_dag.py
[2026-08-21T09:55:27.620+0000] {logging_mixin.py:188} INFO - [2026-08-21T09:55:27.620+0000] {dag.py:3096} INFO - Sync 1 DAGs
[2026-08-21T09:55:27.636+0000] {logging_mixin.py:188} INFO - [2026-08-21T09:55:27.636+0000] {dag.py:3954} INFO - Setting next_dagrun for cell_kpi_spatial_analytics_pipeline to None, run_after=None
[2026-08-21T09:55:27.649+0000] {processor.py:183} INFO - Processing /opt/airflow/dags/kpi_hourly_dag.py took 0.089 seconds
[2026-08-21T09:55:57.754+0000] {processor.py:161} INFO - Started process (PID=2832) to work on /opt/airflow/dags/kpi_hourly_dag.py
[2026-08-21T09:55:57.755+0000] {processor.py:830} INFO - Processing file /opt/airflow/dags/kpi_hourly_dag.py for tasks to queue
[2026-08-21T09:55:57.756+0000] {logging_mixin.py:188} INFO - [2026-08-21T09:55:57.756+0000] {dagbag.py:545} INFO - Filling up the DagBag from /opt/airflow/dags/kpi_hourly_dag.py
[2026-08-21T09:55:57.799+0000] {processor.py:840} INFO - DAG(s) 'cell_kpi_spatial_analytics_pipeline' retrieved from /opt/airflow/dags/kpi_hourly_dag.py
[2026-08-21T09:55:57.810+0000] {logging_mixin.py:188} INFO - [2026-08-21T09:55:57.810+0000] {dag.py:3096} INFO - Sync 1 DAGs
[2026-08-21T09:55:57.827+0000] {logging_mixin.py:188} INFO - [2026-08-21T09:55:57.827+0000] {dag.py:3954} INFO - Setting next_dagrun for cell_kpi_spatial_analytics_pipeline to None, run_after=None
[2026-08-21T09:55:57.841+0000] {processor.py:183} INFO - Processing /opt/airflow/dags/kpi_hourly_dag.py took 0.092 seconds
[2026-08-21T09:56:27.951+0000] {processor.py:161} INFO - Started process (PID=2842) to work on /opt/airflow/dags/kpi_hourly_dag.py
[2026-08-21T09:56:27.952+0000] {processor.py:830} INFO - Processing file /opt/airflow/dags/kpi_hourly_dag.py for tasks to queue
[2026-08-21T09:56:27.953+0000] {logging_mixin.py:188} INFO - [2026-08-21T09:56:27.953+0000] {dagbag.py:545} INFO - Filling up the DagBag from /opt/airflow/dags/kpi_hourly_dag.py
[2026-08-21T09:56:27.996+0000] {processor.py:840} INFO - DAG(s) 'cell_kpi_spatial_analytics_pipeline' retrieved from /opt/airflow/dags/kpi_hourly_dag.py
[2026-08-21T09:56:28.006+0000] {logging_mixin.py:188} INFO - [2026-08-21T09:56:28.006+0000] {dag.py:3096} INFO - Sync 1 DAGs
[2026-08-21T09:56:28.029+0000] {logging_mixin.py:188} INFO - [2026-08-21T09:56:28.029+0000] {dag.py:3954} INFO - Setting next_dagrun for cell_kpi_spatial_analytics_pipeline to None, run_after=None
[2026-08-21T09:56:28.042+0000] {processor.py:183} INFO - Processing /opt/airflow/dags/kpi_hourly_dag.py took 0.096 seconds
[2026-08-21T09:56:58.147+0000] {processor.py:161} INFO - Started process (PID=2852) to work on /opt/airflow/dags/kpi_hourly_dag.py
[2026-08-21T09:56:58.147+0000] {processor.py:830} INFO - Processing file /opt/airflow/dags/kpi_hourly_dag.py for tasks to queue
[2026-08-21T09:56:58.149+0000] {logging_mixin.py:188} INFO - [2026-08-21T09:56:58.148+0000] {dagbag.py:545} INFO - Filling up the DagBag from /opt/airflow/dags/kpi_hourly_dag.py
[2026-08-21T09:56:58.191+0000] {processor.py:840} INFO - DAG(s) 'cell_kpi_spatial_analytics_pipeline' retrieved from /opt/airflow/dags/kpi_hourly_dag.py
[2026-08-21T09:56:58.201+0000] {logging_mixin.py:188} INFO - [2026-08-21T09:56:58.201+0000] {dag.py:3096} INFO - Sync 1 DAGs
[2026-08-21T09:56:58.219+0000] {logging_mixin.py:188} INFO - [2026-08-21T09:56:58.219+0000] {dag.py:3954} INFO - Setting next_dagrun for cell_kpi_spatial_analytics_pipeline to None, run_after=None
[2026-08-21T09:56:58.233+0000] {processor.py:183} INFO - Processing /opt/airflow/dags/kpi_hourly_dag.py took 0.091 seconds
[2026-08-21T09:57:28.340+0000] {processor.py:161} INFO - Started process (PID=2862) to work on /opt/airflow/dags/kpi_hourly_dag.py
[2026-08-21T09:57:28.341+0000] {processor.py:830} INFO - Processing file /opt/airflow/dags/kpi_hourly_dag.py for tasks to queue
[2026-08-21T09:57:28.342+0000] {logging_mixin.py:188} INFO - [2026-08-21T09:57:28.342+0000] {dagbag.py:545} INFO - Filling up the DagBag from /opt/airflow/dags/kpi_hourly_dag.py
[2026-08-21T09:57:28.386+0000] {processor.py:840} INFO - DAG(s) 'cell_kpi_spatial_analytics_pipeline' retrieved from /opt/airflow/dags/kpi_hourly_dag.py
[2026-08-21T09:57:28.396+0000] {logging_mixin.py:188} INFO - [2026-08-21T09:57:28.396+0000] {dag.py:3096} INFO - Sync 1 DAGs
[2026-08-21T09:57:28.414+0000] {logging_mixin.py:188} INFO - [2026-08-21T09:57:28.413+0000] {dag.py:3954} INFO - Setting next_dagrun for cell_kpi_spatial_analytics_pipeline to None, run_after=None
[2026-08-21T09:57:28.427+0000] {processor.py:183} INFO - Processing /opt/airflow/dags/kpi_hourly_dag.py took 0.092 seconds
[2026-08-21T09:57:58.538+0000] {processor.py:161} INFO - Started process (PID=2872) to work on /opt/airflow/dags/kpi_hourly_dag.py
[2026-08-21T09:57:58.538+0000] {processor.py:830} INFO - Processing file /opt/airflow/dags/kpi_hourly_dag.py for tasks to queue
[2026-08-21T09:57:58.540+0000] {logging_mixin.py:188} INFO - [2026-08-21T09:57:58.539+0000] {dagbag.py:545} INFO - Filling up the DagBag from /opt/airflow/dags/kpi_hourly_dag.py
[2026-08-21T09:57:58.591+0000] {processor.py:840} INFO - DAG(s) 'cell_kpi_spatial_analytics_pipeline' retrieved from /opt/airflow/dags/kpi_hourly_dag.py
[2026-08-21T09:57:58.601+0000] {logging_mixin.py:188} INFO - [2026-08-21T09:57:58.601+0000] {dag.py:3096} INFO - Sync 1 DAGs
[2026-08-21T09:57:58.618+0000] {logging_mixin.py:188} INFO - [2026-08-21T09:57:58.617+0000] {dag.py:3954} INFO - Setting next_dagrun for cell_kpi_spatial_analytics_pipeline to None, run_after=None
[2026-08-21T09:57:58.630+0000] {processor.py:183} INFO - Processing /opt/airflow/dags/kpi_hourly_dag.py took 0.098 seconds
[2026-08-21T09:58:28.737+0000] {processor.py:161} INFO - Started process (PID=2882) to work on /opt/airflow/dags/kpi_hourly_dag.py
[2026-08-21T09:58:28.738+0000] {processor.py:830} INFO - Processing file /opt/airflow/dags/kpi_hourly_dag.py for tasks to queue
[2026-08-21T09:58:28.739+0000] {logging_mixin.py:188} INFO - [2026-08-21T09:58:28.739+0000] {dagbag.py:545} INFO - Filling up the DagBag from /opt/airflow/dags/kpi_hourly_dag.py
[2026-08-21T09:58:28.782+0000] {processor.py:840} INFO - DAG(s) 'cell_kpi_spatial_analytics_pipeline' retrieved from /opt/airflow/dags/kpi_hourly_dag.py
[2026-08-21T09:58:28.792+0000] {logging_mixin.py:188} INFO - [2026-08-21T09:58:28.792+0000] {dag.py:3096} INFO - Sync 1 DAGs
[2026-08-21T09:58:28.811+0000] {logging_mixin.py:188} INFO - [2026-08-21T09:58:28.811+0000] {dag.py:3954} INFO - Setting next_dagrun for cell_kpi_spatial_analytics_pipeline to None, run_after=None
[2026-08-21T09:58:28.828+0000] {processor.py:183} INFO - Processing /opt/airflow/dags/kpi_hourly_dag.py took 0.096 seconds
[2026-08-21T09:58:58.935+0000] {processor.py:161} INFO - Started process (PID=2892) to work on /opt/airflow/dags/kpi_hourly_dag.py
[2026-08-21T09:58:58.935+0000] {processor.py:830} INFO - Processing file /opt/airflow/dags/kpi_hourly_dag.py for tasks to queue
[2026-08-21T09:58:58.937+0000] {logging_mixin.py:188} INFO - [2026-08-21T09:58:58.936+0000] {dagbag.py:545} INFO - Filling up the DagBag from /opt/airflow/dags/kpi_hourly_dag.py
[2026-08-21T09:58:58.981+0000] {processor.py:840} INFO - DAG(s) 'cell_kpi_spatial_analytics_pipeline' retrieved from /opt/airflow/dags/kpi_hourly_dag.py
[2026-08-21T09:58:58.992+0000] {logging_mixin.py:188} INFO - [2026-08-21T09:58:58.992+0000] {dag.py:3096} INFO - Sync 1 DAGs
[2026-08-21T09:58:59.009+0000] {logging_mixin.py:188} INFO - [2026-08-21T09:58:59.009+0000] {dag.py:3954} INFO - Setting next_dagrun for cell_kpi_spatial_analytics_pipeline to None, run_after=None
[2026-08-21T09:58:59.022+0000] {processor.py:183} INFO - Processing /opt/airflow/dags/kpi_hourly_dag.py took 0.092 seconds
[2026-08-21T09:59:29.126+0000] {processor.py:161} INFO - Started process (PID=2902) to work on /opt/airflow/dags/kpi_hourly_dag.py
[2026-08-21T09:59:29.127+0000] {processor.py:830} INFO - Processing file /opt/airflow/dags/kpi_hourly_dag.py for tasks to queue
[2026-08-21T09:59:29.128+0000] {logging_mixin.py:188} INFO - [2026-08-21T09:59:29.128+0000] {dagbag.py:545} INFO - Filling up the DagBag from /opt/airflow/dags/kpi_hourly_dag.py
[2026-08-21T09:59:29.171+0000] {processor.py:840} INFO - DAG(s) 'cell_kpi_spatial_analytics_pipeline' retrieved from /opt/airflow/dags/kpi_hourly_dag.py
[2026-08-21T09:59:29.181+0000] {logging_mixin.py:188} INFO - [2026-08-21T09:59:29.181+0000] {dag.py:3096} INFO - Sync 1 DAGs
[2026-08-21T09:59:29.198+0000] {logging_mixin.py:188} INFO - [2026-08-21T09:59:29.198+0000] {dag.py:3954} INFO - Setting next_dagrun for cell_kpi_spatial_analytics_pipeline to None, run_after=None
[2026-08-21T09:59:29.212+0000] {processor.py:183} INFO - Processing /opt/airflow/dags/kpi_hourly_dag.py took 0.091 seconds
[2026-08-21T09:59:59.313+0000] {processor.py:161} INFO - Started process (PID=2912) to work on /opt/airflow/dags/kpi_hourly_dag.py
[2026-08-21T09:59:59.314+0000] {processor.py:830} INFO - Processing file /opt/airflow/dags/kpi_hourly_dag.py for tasks to queue
[2026-08-21T09:59:59.315+0000] {logging_mixin.py:188} INFO - [2026-08-21T09:59:59.315+0000] {dagbag.py:545} INFO - Filling up the DagBag from /opt/airflow/dags/kpi_hourly_dag.py
[2026-08-21T09:59:59.357+0000] {processor.py:840} INFO - DAG(s) 'cell_kpi_spatial_analytics_pipeline' retrieved from /opt/airflow/dags/kpi_hourly_dag.py
[2026-08-21T09:59:59.367+0000] {logging_mixin.py:188} INFO - [2026-08-21T09:59:59.367+0000] {dag.py:3096} INFO - Sync 1 DAGs
[2026-08-21T09:59:59.384+0000] {logging_mixin.py:188} INFO - [2026-08-21T09:59:59.384+0000] {dag.py:3954} INFO - Setting next_dagrun for cell_kpi_spatial_analytics_pipeline to None, run_after=None
[2026-08-21T09:59:59.397+0000] {processor.py:183} INFO - Processing /opt/airflow/dags/kpi_hourly_dag.py took 0.088 seconds
[2026-08-21T10:00:29.512+0000] {processor.py:161} INFO - Started process (PID=2922) to work on /opt/airflow/dags/kpi_hourly_dag.py
[2026-08-21T10:00:29.513+0000] {processor.py:830} INFO - Processing file /opt/airflow/dags/kpi_hourly_dag.py for tasks to queue
[2026-08-21T10:00:29.514+0000] {logging_mixin.py:188} INFO - [2026-08-21T10:00:29.514+0000] {dagbag.py:545} INFO - Filling up the DagBag from /opt/airflow/dags/kpi_hourly_dag.py
[2026-08-21T10:00:29.557+0000] {processor.py:840} INFO - DAG(s) 'cell_kpi_spatial_analytics_pipeline' retrieved from /opt/airflow/dags/kpi_hourly_dag.py
[2026-08-21T10:00:29.568+0000] {logging_mixin.py:188} INFO - [2026-08-21T10:00:29.568+0000] {dag.py:3096} INFO - Sync 1 DAGs
[2026-08-21T10:00:29.586+0000] {logging_mixin.py:188} INFO - [2026-08-21T10:00:29.586+0000] {dag.py:3954} INFO - Setting next_dagrun for cell_kpi_spatial_analytics_pipeline to None, run_after=None
[2026-08-21T10:00:29.600+0000] {processor.py:183} INFO - Processing /opt/airflow/dags/kpi_hourly_dag.py took 0.093 seconds
[2026-08-21T10:00:59.704+0000] {processor.py:161} INFO - Started process (PID=2932) to work on /opt/airflow/dags/kpi_hourly_dag.py
[2026-08-21T10:00:59.705+0000] {processor.py:830} INFO - Processing file /opt/airflow/dags/kpi_hourly_dag.py for tasks to queue
[2026-08-21T10:00:59.706+0000] {logging_mixin.py:188} INFO - [2026-08-21T10:00:59.706+0000] {dagbag.py:545} INFO - Filling up the DagBag from /opt/airflow/dags/kpi_hourly_dag.py
[2026-08-21T10:00:59.748+0000] {processor.py:840} INFO - DAG(s) 'cell_kpi_spatial_analytics_pipeline' retrieved from /opt/airflow/dags/kpi_hourly_dag.py
[2026-08-21T10:00:59.758+0000] {logging_mixin.py:188} INFO - [2026-08-21T10:00:59.757+0000] {dag.py:3096} INFO - Sync 1 DAGs
[2026-08-21T10:00:59.775+0000] {logging_mixin.py:188} INFO - [2026-08-21T10:00:59.775+0000] {dag.py:3954} INFO - Setting next_dagrun for cell_kpi_spatial_analytics_pipeline to None, run_after=None
[2026-08-21T10:00:59.788+0000] {processor.py:183} INFO - Processing /opt/airflow/dags/kpi_hourly_dag.py took 0.089 seconds
[2026-08-21T10:01:29.892+0000] {processor.py:161} INFO - Started process (PID=2942) to work on /opt/airflow/dags/kpi_hourly_dag.py
[2026-08-21T10:01:29.893+0000] {processor.py:830} INFO - Processing file /opt/airflow/dags/kpi_hourly_dag.py for tasks to queue
[2026-08-21T10:01:29.894+0000] {logging_mixin.py:188} INFO - [2026-08-21T10:01:29.894+0000] {dagbag.py:545} INFO - Filling up the DagBag from /opt/airflow/dags/kpi_hourly_dag.py
[2026-08-21T10:01:29.939+0000] {processor.py:840} INFO - DAG(s) 'cell_kpi_spatial_analytics_pipeline' retrieved from /opt/airflow/dags/kpi_hourly_dag.py
[2026-08-21T10:01:29.949+0000] {logging_mixin.py:188} INFO - [2026-08-21T10:01:29.949+0000] {dag.py:3096} INFO - Sync 1 DAGs
[2026-08-21T10:01:29.966+0000] {logging_mixin.py:188} INFO - [2026-08-21T10:01:29.966+0000] {dag.py:3954} INFO - Setting next_dagrun for cell_kpi_spatial_analytics_pipeline to None, run_after=None
[2026-08-21T10:01:29.980+0000] {processor.py:183} INFO - Processing /opt/airflow/dags/kpi_hourly_dag.py took 0.093 seconds
[2026-08-21T10:02:00.082+0000] {processor.py:161} INFO - Started process (PID=2953) to work on /opt/airflow/dags/kpi_hourly_dag.py
[2026-08-21T10:02:00.083+0000] {processor.py:830} INFO - Processing file /opt/airflow/dags/kpi_hourly_dag.py for tasks to queue
[2026-08-21T10:02:00.084+0000] {logging_mixin.py:188} INFO - [2026-08-21T10:02:00.084+0000] {dagbag.py:545} INFO - Filling up the DagBag from /opt/airflow/dags/kpi_hourly_dag.py
[2026-08-21T10:02:00.127+0000] {processor.py:840} INFO - DAG(s) 'cell_kpi_spatial_analytics_pipeline' retrieved from /opt/airflow/dags/kpi_hourly_dag.py
[2026-08-21T10:02:00.138+0000] {logging_mixin.py:188} INFO - [2026-08-21T10:02:00.138+0000] {dag.py:3096} INFO - Sync 1 DAGs
[2026-08-21T10:02:00.154+0000] {logging_mixin.py:188} INFO - [2026-08-21T10:02:00.154+0000] {dag.py:3954} INFO - Setting next_dagrun for cell_kpi_spatial_analytics_pipeline to None, run_after=None
[2026-08-21T10:02:00.167+0000] {processor.py:183} INFO - Processing /opt/airflow/dags/kpi_hourly_dag.py took 0.091 seconds
[2026-08-21T10:02:30.271+0000] {processor.py:161} INFO - Started process (PID=2963) to work on /opt/airflow/dags/kpi_hourly_dag.py
[2026-08-21T10:02:30.272+0000] {processor.py:830} INFO - Processing file /opt/airflow/dags/kpi_hourly_dag.py for tasks to queue
[2026-08-21T10:02:30.273+0000] {logging_mixin.py:188} INFO - [2026-08-21T10:02:30.273+0000] {dagbag.py:545} INFO - Filling up the DagBag from /opt/airflow/dags/kpi_hourly_dag.py
[2026-08-21T10:02:30.315+0000] {processor.py:840} INFO - DAG(s) 'cell_kpi_spatial_analytics_pipeline' retrieved from /opt/airflow/dags/kpi_hourly_dag.py
[2026-08-21T10:02:30.326+0000] {logging_mixin.py:188} INFO - [2026-08-21T10:02:30.326+0000] {dag.py:3096} INFO - Sync 1 DAGs
[2026-08-21T10:02:30.343+0000] {logging_mixin.py:188} INFO - [2026-08-21T10:02:30.343+0000] {dag.py:3954} INFO - Setting next_dagrun for cell_kpi_spatial_analytics_pipeline to None, run_after=None
[2026-08-21T10:02:30.357+0000] {processor.py:183} INFO - Processing /opt/airflow/dags/kpi_hourly_dag.py took 0.092 seconds
[2026-08-21T10:03:00.464+0000] {processor.py:161} INFO - Started process (PID=2973) to work on /opt/airflow/dags/kpi_hourly_dag.py
[2026-08-21T10:03:00.465+0000] {processor.py:830} INFO - Processing file /opt/airflow/dags/kpi_hourly_dag.py for tasks to queue
[2026-08-21T10:03:00.466+0000] {logging_mixin.py:188} INFO - [2026-08-21T10:03:00.466+0000] {dagbag.py:545} INFO - Filling up the DagBag from /opt/airflow/dags/kpi_hourly_dag.py
[2026-08-21T10:03:00.508+0000] {processor.py:840} INFO - DAG(s) 'cell_kpi_spatial_analytics_pipeline' retrieved from /opt/airflow/dags/kpi_hourly_dag.py
[2026-08-21T10:03:00.518+0000] {logging_mixin.py:188} INFO - [2026-08-21T10:03:00.518+0000] {dag.py:3096} INFO - Sync 1 DAGs
[2026-08-21T10:03:00.535+0000] {logging_mixin.py:188} INFO - [2026-08-21T10:03:00.535+0000] {dag.py:3954} INFO - Setting next_dagrun for cell_kpi_spatial_analytics_pipeline to None, run_after=None
[2026-08-21T10:03:00.548+0000] {processor.py:183} INFO - Processing /opt/airflow/dags/kpi_hourly_dag.py took 0.089 seconds
[2026-08-21T10:03:30.656+0000] {processor.py:161} INFO - Started process (PID=2983) to work on /opt/airflow/dags/kpi_hourly_dag.py
[2026-08-21T10:03:30.657+0000] {processor.py:830} INFO - Processing file /opt/airflow/dags/kpi_hourly_dag.py for tasks to queue
[2026-08-21T10:03:30.658+0000] {logging_mixin.py:188} INFO - [2026-08-21T10:03:30.658+0000] {dagbag.py:545} INFO - Filling up the DagBag from /opt/airflow/dags/kpi_hourly_dag.py
[2026-08-21T10:03:30.703+0000] {processor.py:840} INFO - DAG(s) 'cell_kpi_spatial_analytics_pipeline' retrieved from /opt/airflow/dags/kpi_hourly_dag.py
[2026-08-21T10:03:30.715+0000] {logging_mixin.py:188} INFO - [2026-08-21T10:03:30.715+0000] {dag.py:3096} INFO - Sync 1 DAGs
[2026-08-21T10:03:30.732+0000] {logging_mixin.py:188} INFO - [2026-08-21T10:03:30.732+0000] {dag.py:3954} INFO - Setting next_dagrun for cell_kpi_spatial_analytics_pipeline to None, run_after=None
[2026-08-21T10:03:30.745+0000] {processor.py:183} INFO - Processing /opt/airflow/dags/kpi_hourly_dag.py took 0.094 seconds
[2026-08-21T10:04:00.846+0000] {processor.py:161} INFO - Started process (PID=2993) to work on /opt/airflow/dags/kpi_hourly_dag.py
[2026-08-21T10:04:00.846+0000] {processor.py:830} INFO - Processing file /opt/airflow/dags/kpi_hourly_dag.py for tasks to queue
[2026-08-21T10:04:00.848+0000] {logging_mixin.py:188} INFO - [2026-08-21T10:04:00.847+0000] {dagbag.py:545} INFO - Filling up the DagBag from /opt/airflow/dags/kpi_hourly_dag.py
[2026-08-21T10:04:00.894+0000] {processor.py:840} INFO - DAG(s) 'cell_kpi_spatial_analytics_pipeline' retrieved from /opt/airflow/dags/kpi_hourly_dag.py
[2026-08-21T10:04:00.906+0000] {logging_mixin.py:188} INFO - [2026-08-21T10:04:00.906+0000] {dag.py:3096} INFO - Sync 1 DAGs
[2026-08-21T10:04:00.923+0000] {logging_mixin.py:188} INFO - [2026-08-21T10:04:00.923+0000] {dag.py:3954} INFO - Setting next_dagrun for cell_kpi_spatial_analytics_pipeline to None, run_after=None
[2026-08-21T10:04:00.936+0000] {processor.py:183} INFO - Processing /opt/airflow/dags/kpi_hourly_dag.py took 0.095 seconds
[2026-08-21T10:04:31.037+0000] {processor.py:161} INFO - Started process (PID=3003) to work on /opt/airflow/dags/kpi_hourly_dag.py
[2026-08-21T10:04:31.038+0000] {processor.py:830} INFO - Processing file /opt/airflow/dags/kpi_hourly_dag.py for tasks to queue
[2026-08-21T10:04:31.039+0000] {logging_mixin.py:188} INFO - [2026-08-21T10:04:31.039+0000] {dagbag.py:545} INFO - Filling up the DagBag from /opt/airflow/dags/kpi_hourly_dag.py
[2026-08-21T10:04:31.083+0000] {processor.py:840} INFO - DAG(s) 'cell_kpi_spatial_analytics_pipeline' retrieved from /opt/airflow/dags/kpi_hourly_dag.py
[2026-08-21T10:04:31.094+0000] {logging_mixin.py:188} INFO - [2026-08-21T10:04:31.094+0000] {dag.py:3096} INFO - Sync 1 DAGs
[2026-08-21T10:04:31.112+0000] {logging_mixin.py:188} INFO - [2026-08-21T10:04:31.112+0000] {dag.py:3954} INFO - Setting next_dagrun for cell_kpi_spatial_analytics_pipeline to None, run_after=None
[2026-08-21T10:04:31.125+0000] {processor.py:183} INFO - Processing /opt/airflow/dags/kpi_hourly_dag.py took 0.093 seconds
[2026-08-21T10:05:01.235+0000] {processor.py:161} INFO - Started process (PID=3013) to work on /opt/airflow/dags/kpi_hourly_dag.py
[2026-08-21T10:05:01.236+0000] {processor.py:830} INFO - Processing file /opt/airflow/dags/kpi_hourly_dag.py for tasks to queue
[2026-08-21T10:05:01.237+0000] {logging_mixin.py:188} INFO - [2026-08-21T10:05:01.237+0000] {dagbag.py:545} INFO - Filling up the DagBag from /opt/airflow/dags/kpi_hourly_dag.py
[2026-08-21T10:05:01.282+0000] {processor.py:840} INFO - DAG(s) 'cell_kpi_spatial_analytics_pipeline' retrieved from /opt/airflow/dags/kpi_hourly_dag.py
[2026-08-21T10:05:01.292+0000] {logging_mixin.py:188} INFO - [2026-08-21T10:05:01.292+0000] {dag.py:3096} INFO - Sync 1 DAGs
[2026-08-21T10:05:01.315+0000] {logging_mixin.py:188} INFO - [2026-08-21T10:05:01.315+0000] {dag.py:3954} INFO - Setting next_dagrun for cell_kpi_spatial_analytics_pipeline to None, run_after=None
[2026-08-21T10:05:01.330+0000] {processor.py:183} INFO - Processing /opt/airflow/dags/kpi_hourly_dag.py took 0.101 seconds
[2026-08-21T10:05:31.443+0000] {processor.py:161} INFO - Started process (PID=3023) to work on /opt/airflow/dags/kpi_hourly_dag.py
[2026-08-21T10:05:31.444+0000] {processor.py:830} INFO - Processing file /opt/airflow/dags/kpi_hourly_dag.py for tasks to queue
[2026-08-21T10:05:31.446+0000] {logging_mixin.py:188} INFO - [2026-08-21T10:05:31.445+0000] {dagbag.py:545} INFO - Filling up the DagBag from /opt/airflow/dags/kpi_hourly_dag.py
[2026-08-21T10:05:31.490+0000] {processor.py:840} INFO - DAG(s) 'cell_kpi_spatial_analytics_pipeline' retrieved from /opt/airflow/dags/kpi_hourly_dag.py
[2026-08-21T10:05:31.501+0000] {logging_mixin.py:188} INFO - [2026-08-21T10:05:31.501+0000] {dag.py:3096} INFO - Sync 1 DAGs
[2026-08-21T10:05:31.519+0000] {logging_mixin.py:188} INFO - [2026-08-21T10:05:31.519+0000] {dag.py:3954} INFO - Setting next_dagrun for cell_kpi_spatial_analytics_pipeline to None, run_after=None
[2026-08-21T10:05:31.533+0000] {processor.py:183} INFO - Processing /opt/airflow/dags/kpi_hourly_dag.py took 0.095 seconds
[2026-08-21T10:06:01.647+0000] {processor.py:161} INFO - Started process (PID=3033) to work on /opt/airflow/dags/kpi_hourly_dag.py
[2026-08-21T10:06:01.647+0000] {processor.py:830} INFO - Processing file /opt/airflow/dags/kpi_hourly_dag.py for tasks to queue
[2026-08-21T10:06:01.649+0000] {logging_mixin.py:188} INFO - [2026-08-21T10:06:01.648+0000] {dagbag.py:545} INFO - Filling up the DagBag from /opt/airflow/dags/kpi_hourly_dag.py
[2026-08-21T10:06:01.693+0000] {processor.py:840} INFO - DAG(s) 'cell_kpi_spatial_analytics_pipeline' retrieved from /opt/airflow/dags/kpi_hourly_dag.py
[2026-08-21T10:06:01.704+0000] {logging_mixin.py:188} INFO - [2026-08-21T10:06:01.704+0000] {dag.py:3096} INFO - Sync 1 DAGs
[2026-08-21T10:06:01.720+0000] {logging_mixin.py:188} INFO - [2026-08-21T10:06:01.720+0000] {dag.py:3954} INFO - Setting next_dagrun for cell_kpi_spatial_analytics_pipeline to None, run_after=None
[2026-08-21T10:06:01.734+0000] {processor.py:183} INFO - Processing /opt/airflow/dags/kpi_hourly_dag.py took 0.093 seconds
[2026-08-21T10:06:31.838+0000] {processor.py:161} INFO - Started process (PID=3043) to work on /opt/airflow/dags/kpi_hourly_dag.py
[2026-08-21T10:06:31.839+0000] {processor.py:830} INFO - Processing file /opt/airflow/dags/kpi_hourly_dag.py for tasks to queue
[2026-08-21T10:06:31.840+0000] {logging_mixin.py:188} INFO - [2026-08-21T10:06:31.840+0000] {dagbag.py:545} INFO - Filling up the DagBag from /opt/airflow/dags/kpi_hourly_dag.py
[2026-08-21T10:06:31.886+0000] {processor.py:840} INFO - DAG(s) 'cell_kpi_spatial_analytics_pipeline' retrieved from /opt/airflow/dags/kpi_hourly_dag.py
[2026-08-21T10:06:31.897+0000] {logging_mixin.py:188} INFO - [2026-08-21T10:06:31.897+0000] {dag.py:3096} INFO - Sync 1 DAGs
[2026-08-21T10:06:31.921+0000] {logging_mixin.py:188} INFO - [2026-08-21T10:06:31.921+0000] {dag.py:3954} INFO - Setting next_dagrun for cell_kpi_spatial_analytics_pipeline to None, run_after=None
[2026-08-21T10:06:31.934+0000] {processor.py:183} INFO - Processing /opt/airflow/dags/kpi_hourly_dag.py took 0.102 seconds
[2026-08-21T10:07:02.042+0000] {processor.py:161} INFO - Started process (PID=3053) to work on /opt/airflow/dags/kpi_hourly_dag.py
[2026-08-21T10:07:02.043+0000] {processor.py:830} INFO - Processing file /opt/airflow/dags/kpi_hourly_dag.py for tasks to queue
[2026-08-21T10:07:02.045+0000] {logging_mixin.py:188} INFO - [2026-08-21T10:07:02.044+0000] {dagbag.py:545} INFO - Filling up the DagBag from /opt/airflow/dags/kpi_hourly_dag.py
[2026-08-21T10:07:02.090+0000] {processor.py:840} INFO - DAG(s) 'cell_kpi_spatial_analytics_pipeline' retrieved from /opt/airflow/dags/kpi_hourly_dag.py
[2026-08-21T10:07:02.101+0000] {logging_mixin.py:188} INFO - [2026-08-21T10:07:02.100+0000] {dag.py:3096} INFO - Sync 1 DAGs
[2026-08-21T10:07:02.121+0000] {logging_mixin.py:188} INFO - [2026-08-21T10:07:02.120+0000] {dag.py:3954} INFO - Setting next_dagrun for cell_kpi_spatial_analytics_pipeline to None, run_after=None
[2026-08-21T10:07:02.135+0000] {processor.py:183} INFO - Processing /opt/airflow/dags/kpi_hourly_dag.py took 0.098 seconds
[2026-08-21T10:07:32.238+0000] {processor.py:161} INFO - Started process (PID=3063) to work on /opt/airflow/dags/kpi_hourly_dag.py
[2026-08-21T10:07:32.239+0000] {processor.py:830} INFO - Processing file /opt/airflow/dags/kpi_hourly_dag.py for tasks to queue
[2026-08-21T10:07:32.240+0000] {logging_mixin.py:188} INFO - [2026-08-21T10:07:32.240+0000] {dagbag.py:545} INFO - Filling up the DagBag from /opt/airflow/dags/kpi_hourly_dag.py
[2026-08-21T10:07:32.285+0000] {processor.py:840} INFO - DAG(s) 'cell_kpi_spatial_analytics_pipeline' retrieved from /opt/airflow/dags/kpi_hourly_dag.py
[2026-08-21T10:07:32.299+0000] {logging_mixin.py:188} INFO - [2026-08-21T10:07:32.299+0000] {dag.py:3096} INFO - Sync 1 DAGs
[2026-08-21T10:07:32.323+0000] {logging_mixin.py:188} INFO - [2026-08-21T10:07:32.322+0000] {dag.py:3954} INFO - Setting next_dagrun for cell_kpi_spatial_analytics_pipeline to None, run_after=None
[2026-08-21T10:07:32.340+0000] {processor.py:183} INFO - Processing /opt/airflow/dags/kpi_hourly_dag.py took 0.107 seconds
[2026-08-21T10:08:02.439+0000] {processor.py:161} INFO - Started process (PID=3073) to work on /opt/airflow/dags/kpi_hourly_dag.py
[2026-08-21T10:08:02.440+0000] {processor.py:830} INFO - Processing file /opt/airflow/dags/kpi_hourly_dag.py for tasks to queue
[2026-08-21T10:08:02.442+0000] {logging_mixin.py:188} INFO - [2026-08-21T10:08:02.441+0000] {dagbag.py:545} INFO - Filling up the DagBag from /opt/airflow/dags/kpi_hourly_dag.py
[2026-08-21T10:08:02.490+0000] {processor.py:840} INFO - DAG(s) 'cell_kpi_spatial_analytics_pipeline' retrieved from /opt/airflow/dags/kpi_hourly_dag.py
[2026-08-21T10:08:02.502+0000] {logging_mixin.py:188} INFO - [2026-08-21T10:08:02.501+0000] {dag.py:3096} INFO - Sync 1 DAGs
[2026-08-21T10:08:02.519+0000] {logging_mixin.py:188} INFO - [2026-08-21T10:08:02.519+0000] {dag.py:3954} INFO - Setting next_dagrun for cell_kpi_spatial_analytics_pipeline to None, run_after=None
[2026-08-21T10:08:02.535+0000] {processor.py:183} INFO - Processing /opt/airflow/dags/kpi_hourly_dag.py took 0.104 seconds
[2026-08-21T10:08:32.644+0000] {processor.py:161} INFO - Started process (PID=3083) to work on /opt/airflow/dags/kpi_hourly_dag.py
[2026-08-21T10:08:32.645+0000] {processor.py:830} INFO - Processing file /opt/airflow/dags/kpi_hourly_dag.py for tasks to queue
[2026-08-21T10:08:32.646+0000] {logging_mixin.py:188} INFO - [2026-08-21T10:08:32.646+0000] {dagbag.py:545} INFO - Filling up the DagBag from /opt/airflow/dags/kpi_hourly_dag.py
[2026-08-21T10:08:32.689+0000] {processor.py:840} INFO - DAG(s) 'cell_kpi_spatial_analytics_pipeline' retrieved from /opt/airflow/dags/kpi_hourly_dag.py
[2026-08-21T10:08:32.699+0000] {logging_mixin.py:188} INFO - [2026-08-21T10:08:32.699+0000] {dag.py:3096} INFO - Sync 1 DAGs
[2026-08-21T10:08:32.717+0000] {logging_mixin.py:188} INFO - [2026-08-21T10:08:32.717+0000] {dag.py:3954} INFO - Setting next_dagrun for cell_kpi_spatial_analytics_pipeline to None, run_after=None
[2026-08-21T10:08:32.730+0000] {processor.py:183} INFO - Processing /opt/airflow/dags/kpi_hourly_dag.py took 0.091 seconds
[2026-08-21T10:09:02.842+0000] {processor.py:161} INFO - Started process (PID=3093) to work on /opt/airflow/dags/kpi_hourly_dag.py
[2026-08-21T10:09:02.843+0000] {processor.py:830} INFO - Processing file /opt/airflow/dags/kpi_hourly_dag.py for tasks to queue
[2026-08-21T10:09:02.844+0000] {logging_mixin.py:188} INFO - [2026-08-21T10:09:02.844+0000] {dagbag.py:545} INFO - Filling up the DagBag from /opt/airflow/dags/kpi_hourly_dag.py
[2026-08-21T10:09:02.889+0000] {processor.py:840} INFO - DAG(s) 'cell_kpi_spatial_analytics_pipeline' retrieved from /opt/airflow/dags/kpi_hourly_dag.py
[2026-08-21T10:09:02.899+0000] {logging_mixin.py:188} INFO - [2026-08-21T10:09:02.899+0000] {dag.py:3096} INFO - Sync 1 DAGs
[2026-08-21T10:09:02.918+0000] {logging_mixin.py:188} INFO - [2026-08-21T10:09:02.918+0000] {dag.py:3954} INFO - Setting next_dagrun for cell_kpi_spatial_analytics_pipeline to None, run_after=None
[2026-08-21T10:09:02.931+0000] {processor.py:183} INFO - Processing /opt/airflow/dags/kpi_hourly_dag.py took 0.095 seconds
[2026-08-21T10:09:33.043+0000] {processor.py:161} INFO - Started process (PID=3103) to work on /opt/airflow/dags/kpi_hourly_dag.py
[2026-08-21T10:09:33.044+0000] {processor.py:830} INFO - Processing file /opt/airflow/dags/kpi_hourly_dag.py for tasks to queue
[2026-08-21T10:09:33.045+0000] {logging_mixin.py:188} INFO - [2026-08-21T10:09:33.045+0000] {dagbag.py:545} INFO - Filling up the DagBag from /opt/airflow/dags/kpi_hourly_dag.py
[2026-08-21T10:09:33.089+0000] {processor.py:840} INFO - DAG(s) 'cell_kpi_spatial_analytics_pipeline' retrieved from /opt/airflow/dags/kpi_hourly_dag.py
[2026-08-21T10:09:33.099+0000] {logging_mixin.py:188} INFO - [2026-08-21T10:09:33.099+0000] {dag.py:3096} INFO - Sync 1 DAGs
[2026-08-21T10:09:33.117+0000] {logging_mixin.py:188} INFO - [2026-08-21T10:09:33.116+0000] {dag.py:3954} INFO - Setting next_dagrun for cell_kpi_spatial_analytics_pipeline to None, run_after=None
[2026-08-21T10:09:33.130+0000] {processor.py:183} INFO - Processing /opt/airflow/dags/kpi_hourly_dag.py took 0.093 seconds
[2026-08-21T10:10:03.234+0000] {processor.py:161} INFO - Started process (PID=3113) to work on /opt/airflow/dags/kpi_hourly_dag.py
[2026-08-21T10:10:03.235+0000] {processor.py:830} INFO - Processing file /opt/airflow/dags/kpi_hourly_dag.py for tasks to queue
[2026-08-21T10:10:03.236+0000] {logging_mixin.py:188} INFO - [2026-08-21T10:10:03.236+0000] {dagbag.py:545} INFO - Filling up the DagBag from /opt/airflow/dags/kpi_hourly_dag.py
[2026-08-21T10:10:03.280+0000] {processor.py:840} INFO - DAG(s) 'cell_kpi_spatial_analytics_pipeline' retrieved from /opt/airflow/dags/kpi_hourly_dag.py
[2026-08-21T10:10:03.292+0000] {logging_mixin.py:188} INFO - [2026-08-21T10:10:03.291+0000] {dag.py:3096} INFO - Sync 1 DAGs
[2026-08-21T10:10:03.308+0000] {logging_mixin.py:188} INFO - [2026-08-21T10:10:03.308+0000] {dag.py:3954} INFO - Setting next_dagrun for cell_kpi_spatial_analytics_pipeline to None, run_after=None
[2026-08-21T10:10:03.322+0000] {processor.py:183} INFO - Processing /opt/airflow/dags/kpi_hourly_dag.py took 0.093 seconds
[2026-08-21T10:10:33.432+0000] {processor.py:161} INFO - Started process (PID=3123) to work on /opt/airflow/dags/kpi_hourly_dag.py
[2026-08-21T10:10:33.433+0000] {processor.py:830} INFO - Processing file /opt/airflow/dags/kpi_hourly_dag.py for tasks to queue
[2026-08-21T10:10:33.434+0000] {logging_mixin.py:188} INFO - [2026-08-21T10:10:33.434+0000] {dagbag.py:545} INFO - Filling up the DagBag from /opt/airflow/dags/kpi_hourly_dag.py
[2026-08-21T10:10:33.478+0000] {processor.py:840} INFO - DAG(s) 'cell_kpi_spatial_analytics_pipeline' retrieved from /opt/airflow/dags/kpi_hourly_dag.py
[2026-08-21T10:10:33.488+0000] {logging_mixin.py:188} INFO - [2026-08-21T10:10:33.488+0000] {dag.py:3096} INFO - Sync 1 DAGs
[2026-08-21T10:10:33.508+0000] {logging_mixin.py:188} INFO - [2026-08-21T10:10:33.507+0000] {dag.py:3954} INFO - Setting next_dagrun for cell_kpi_spatial_analytics_pipeline to None, run_after=None
[2026-08-21T10:10:33.521+0000] {processor.py:183} INFO - Processing /opt/airflow/dags/kpi_hourly_dag.py took 0.095 seconds
[2026-08-21T10:11:03.636+0000] {processor.py:161} INFO - Started process (PID=3133) to work on /opt/airflow/dags/kpi_hourly_dag.py
[2026-08-21T10:11:03.637+0000] {processor.py:830} INFO - Processing file /opt/airflow/dags/kpi_hourly_dag.py for tasks to queue
[2026-08-21T10:11:03.639+0000] {logging_mixin.py:188} INFO - [2026-08-21T10:11:03.638+0000] {dagbag.py:545} INFO - Filling up the DagBag from /opt/airflow/dags/kpi_hourly_dag.py
[2026-08-21T10:11:03.682+0000] {processor.py:840} INFO - DAG(s) 'cell_kpi_spatial_analytics_pipeline' retrieved from /opt/airflow/dags/kpi_hourly_dag.py
[2026-08-21T10:11:03.692+0000] {logging_mixin.py:188} INFO - [2026-08-21T10:11:03.692+0000] {dag.py:3096} INFO - Sync 1 DAGs
[2026-08-21T10:11:03.710+0000] {logging_mixin.py:188} INFO - [2026-08-21T10:11:03.710+0000] {dag.py:3954} INFO - Setting next_dagrun for cell_kpi_spatial_analytics_pipeline to None, run_after=None
[2026-08-21T10:11:03.724+0000] {processor.py:183} INFO - Processing /opt/airflow/dags/kpi_hourly_dag.py took 0.093 seconds
[2026-08-21T10:11:33.838+0000] {processor.py:161} INFO - Started process (PID=3143) to work on /opt/airflow/dags/kpi_hourly_dag.py
[2026-08-21T10:11:33.841+0000] {processor.py:830} INFO - Processing file /opt/airflow/dags/kpi_hourly_dag.py for tasks to queue
[2026-08-21T10:11:33.843+0000] {logging_mixin.py:188} INFO - [2026-08-21T10:11:33.842+0000] {dagbag.py:545} INFO - Filling up the DagBag from /opt/airflow/dags/kpi_hourly_dag.py
[2026-08-21T10:11:33.889+0000] {processor.py:840} INFO - DAG(s) 'cell_kpi_spatial_analytics_pipeline' retrieved from /opt/airflow/dags/kpi_hourly_dag.py
[2026-08-21T10:11:33.900+0000] {logging_mixin.py:188} INFO - [2026-08-21T10:11:33.899+0000] {dag.py:3096} INFO - Sync 1 DAGs
[2026-08-21T10:11:33.916+0000] {logging_mixin.py:188} INFO - [2026-08-21T10:11:33.916+0000] {dag.py:3954} INFO - Setting next_dagrun for cell_kpi_spatial_analytics_pipeline to None, run_after=None
[2026-08-21T10:11:33.930+0000] {processor.py:183} INFO - Processing /opt/airflow/dags/kpi_hourly_dag.py took 0.098 seconds
[2026-08-21T10:12:04.043+0000] {processor.py:161} INFO - Started process (PID=3153) to work on /opt/airflow/dags/kpi_hourly_dag.py
[2026-08-21T10:12:04.043+0000] {processor.py:830} INFO - Processing file /opt/airflow/dags/kpi_hourly_dag.py for tasks to queue
[2026-08-21T10:12:04.045+0000] {logging_mixin.py:188} INFO - [2026-08-21T10:12:04.044+0000] {dagbag.py:545} INFO - Filling up the DagBag from /opt/airflow/dags/kpi_hourly_dag.py
[2026-08-21T10:12:04.091+0000] {processor.py:840} INFO - DAG(s) 'cell_kpi_spatial_analytics_pipeline' retrieved from /opt/airflow/dags/kpi_hourly_dag.py
[2026-08-21T10:12:04.103+0000] {logging_mixin.py:188} INFO - [2026-08-21T10:12:04.103+0000] {dag.py:3096} INFO - Sync 1 DAGs
[2026-08-21T10:12:04.121+0000] {logging_mixin.py:188} INFO - [2026-08-21T10:12:04.121+0000] {dag.py:3954} INFO - Setting next_dagrun for cell_kpi_spatial_analytics_pipeline to None, run_after=None
[2026-08-21T10:12:04.136+0000] {processor.py:183} INFO - Processing /opt/airflow/dags/kpi_hourly_dag.py took 0.099 seconds
[2026-08-21T10:12:34.246+0000] {processor.py:161} INFO - Started process (PID=3163) to work on /opt/airflow/dags/kpi_hourly_dag.py
[2026-08-21T10:12:34.247+0000] {processor.py:830} INFO - Processing file /opt/airflow/dags/kpi_hourly_dag.py for tasks to queue
[2026-08-21T10:12:34.248+0000] {logging_mixin.py:188} INFO - [2026-08-21T10:12:34.248+0000] {dagbag.py:545} INFO - Filling up the DagBag from /opt/airflow/dags/kpi_hourly_dag.py
[2026-08-21T10:12:34.293+0000] {processor.py:840} INFO - DAG(s) 'cell_kpi_spatial_analytics_pipeline' retrieved from /opt/airflow/dags/kpi_hourly_dag.py
[2026-08-21T10:12:34.304+0000] {logging_mixin.py:188} INFO - [2026-08-21T10:12:34.304+0000] {dag.py:3096} INFO - Sync 1 DAGs
[2026-08-21T10:12:34.323+0000] {logging_mixin.py:188} INFO - [2026-08-21T10:12:34.323+0000] {dag.py:3954} INFO - Setting next_dagrun for cell_kpi_spatial_analytics_pipeline to None, run_after=None
[2026-08-21T10:12:34.340+0000] {processor.py:183} INFO - Processing /opt/airflow/dags/kpi_hourly_dag.py took 0.100 seconds
[2026-08-21T10:13:04.454+0000] {processor.py:161} INFO - Started process (PID=3173) to work on /opt/airflow/dags/kpi_hourly_dag.py
[2026-08-21T10:13:04.455+0000] {processor.py:830} INFO - Processing file /opt/airflow/dags/kpi_hourly_dag.py for tasks to queue
[2026-08-21T10:13:04.457+0000] {logging_mixin.py:188} INFO - [2026-08-21T10:13:04.456+0000] {dagbag.py:545} INFO - Filling up the DagBag from /opt/airflow/dags/kpi_hourly_dag.py
[2026-08-21T10:13:04.500+0000] {processor.py:840} INFO - DAG(s) 'cell_kpi_spatial_analytics_pipeline' retrieved from /opt/airflow/dags/kpi_hourly_dag.py
[2026-08-21T10:13:04.510+0000] {logging_mixin.py:188} INFO - [2026-08-21T10:13:04.510+0000] {dag.py:3096} INFO - Sync 1 DAGs
[2026-08-21T10:13:04.528+0000] {logging_mixin.py:188} INFO - [2026-08-21T10:13:04.528+0000] {dag.py:3954} INFO - Setting next_dagrun for cell_kpi_spatial_analytics_pipeline to None, run_after=None
[2026-08-21T10:13:04.543+0000] {processor.py:183} INFO - Processing /opt/airflow/dags/kpi_hourly_dag.py took 0.095 seconds
[2026-08-21T10:13:34.654+0000] {processor.py:161} INFO - Started process (PID=3183) to work on /opt/airflow/dags/kpi_hourly_dag.py
[2026-08-21T10:13:34.655+0000] {processor.py:830} INFO - Processing file /opt/airflow/dags/kpi_hourly_dag.py for tasks to queue
[2026-08-21T10:13:34.656+0000] {logging_mixin.py:188} INFO - [2026-08-21T10:13:34.656+0000] {dagbag.py:545} INFO - Filling up the DagBag from /opt/airflow/dags/kpi_hourly_dag.py
[2026-08-21T10:13:34.703+0000] {processor.py:840} INFO - DAG(s) 'cell_kpi_spatial_analytics_pipeline' retrieved from /opt/airflow/dags/kpi_hourly_dag.py
[2026-08-21T10:13:34.714+0000] {logging_mixin.py:188} INFO - [2026-08-21T10:13:34.714+0000] {dag.py:3096} INFO - Sync 1 DAGs
[2026-08-21T10:13:34.731+0000] {logging_mixin.py:188} INFO - [2026-08-21T10:13:34.731+0000] {dag.py:3954} INFO - Setting next_dagrun for cell_kpi_spatial_analytics_pipeline to None, run_after=None
[2026-08-21T10:13:34.745+0000] {processor.py:183} INFO - Processing /opt/airflow/dags/kpi_hourly_dag.py took 0.096 seconds
[2026-08-21T10:14:04.855+0000] {processor.py:161} INFO - Started process (PID=3193) to work on /opt/airflow/dags/kpi_hourly_dag.py
[2026-08-21T10:14:04.856+0000] {processor.py:830} INFO - Processing file /opt/airflow/dags/kpi_hourly_dag.py for tasks to queue
[2026-08-21T10:14:04.858+0000] {logging_mixin.py:188} INFO - [2026-08-21T10:14:04.857+0000] {dagbag.py:545} INFO - Filling up the DagBag from /opt/airflow/dags/kpi_hourly_dag.py
[2026-08-21T10:14:04.903+0000] {processor.py:840} INFO - DAG(s) 'cell_kpi_spatial_analytics_pipeline' retrieved from /opt/airflow/dags/kpi_hourly_dag.py
[2026-08-21T10:14:04.917+0000] {logging_mixin.py:188} INFO - [2026-08-21T10:14:04.917+0000] {dag.py:3096} INFO - Sync 1 DAGs
[2026-08-21T10:14:04.946+0000] {logging_mixin.py:188} INFO - [2026-08-21T10:14:04.946+0000] {dag.py:3954} INFO - Setting next_dagrun for cell_kpi_spatial_analytics_pipeline to None, run_after=None
[2026-08-21T10:14:04.963+0000] {processor.py:183} INFO - Processing /opt/airflow/dags/kpi_hourly_dag.py took 0.113 seconds
[2026-08-21T10:14:35.077+0000] {processor.py:161} INFO - Started process (PID=3203) to work on /opt/airflow/dags/kpi_hourly_dag.py
[2026-08-21T10:14:35.078+0000] {processor.py:830} INFO - Processing file /opt/airflow/dags/kpi_hourly_dag.py for tasks to queue
[2026-08-21T10:14:35.080+0000] {logging_mixin.py:188} INFO - [2026-08-21T10:14:35.079+0000] {dagbag.py:545} INFO - Filling up the DagBag from /opt/airflow/dags/kpi_hourly_dag.py
[2026-08-21T10:14:35.127+0000] {processor.py:840} INFO - DAG(s) 'cell_kpi_spatial_analytics_pipeline' retrieved from /opt/airflow/dags/kpi_hourly_dag.py
[2026-08-21T10:14:35.137+0000] {logging_mixin.py:188} INFO - [2026-08-21T10:14:35.137+0000] {dag.py:3096} INFO - Sync 1 DAGs
[2026-08-21T10:14:35.155+0000] {logging_mixin.py:188} INFO - [2026-08-21T10:14:35.154+0000] {dag.py:3954} INFO - Setting next_dagrun for cell_kpi_spatial_analytics_pipeline to None, run_after=None
[2026-08-21T10:14:35.168+0000] {processor.py:183} INFO - Processing /opt/airflow/dags/kpi_hourly_dag.py took 0.096 seconds
[2026-08-21T10:15:05.279+0000] {processor.py:161} INFO - Started process (PID=3213) to work on /opt/airflow/dags/kpi_hourly_dag.py
[2026-08-21T10:15:05.280+0000] {processor.py:830} INFO - Processing file /opt/airflow/dags/kpi_hourly_dag.py for tasks to queue
[2026-08-21T10:15:05.282+0000] {logging_mixin.py:188} INFO - [2026-08-21T10:15:05.281+0000] {dagbag.py:545} INFO - Filling up the DagBag from /opt/airflow/dags/kpi_hourly_dag.py
[2026-08-21T10:15:05.326+0000] {processor.py:840} INFO - DAG(s) 'cell_kpi_spatial_analytics_pipeline' retrieved from /opt/airflow/dags/kpi_hourly_dag.py
[2026-08-21T10:15:05.336+0000] {logging_mixin.py:188} INFO - [2026-08-21T10:15:05.336+0000] {dag.py:3096} INFO - Sync 1 DAGs
[2026-08-21T10:15:05.354+0000] {logging_mixin.py:188} INFO - [2026-08-21T10:15:05.354+0000] {dag.py:3954} INFO - Setting next_dagrun for cell_kpi_spatial_analytics_pipeline to None, run_after=None
[2026-08-21T10:15:05.367+0000] {processor.py:183} INFO - Processing /opt/airflow/dags/kpi_hourly_dag.py took 0.093 seconds
[2026-08-21T10:15:35.496+0000] {processor.py:161} INFO - Started process (PID=3223) to work on /opt/airflow/dags/kpi_hourly_dag.py
[2026-08-21T10:15:35.497+0000] {processor.py:830} INFO - Processing file /opt/airflow/dags/kpi_hourly_dag.py for tasks to queue
[2026-08-21T10:15:35.499+0000] {logging_mixin.py:188} INFO - [2026-08-21T10:15:35.499+0000] {dagbag.py:545} INFO - Filling up the DagBag from /opt/airflow/dags/kpi_hourly_dag.py
[2026-08-21T10:15:35.546+0000] {processor.py:840} INFO - DAG(s) 'cell_kpi_spatial_analytics_pipeline' retrieved from /opt/airflow/dags/kpi_hourly_dag.py
[2026-08-21T10:15:35.557+0000] {logging_mixin.py:188} INFO - [2026-08-21T10:15:35.557+0000] {dag.py:3096} INFO - Sync 1 DAGs
[2026-08-21T10:15:35.579+0000] {logging_mixin.py:188} INFO - [2026-08-21T10:15:35.579+0000] {dag.py:3954} INFO - Setting next_dagrun for cell_kpi_spatial_analytics_pipeline to None, run_after=None
[2026-08-21T10:15:35.597+0000] {processor.py:183} INFO - Processing /opt/airflow/dags/kpi_hourly_dag.py took 0.109 seconds
[2026-08-21T10:16:05.752+0000] {processor.py:161} INFO - Started process (PID=3233) to work on /opt/airflow/dags/kpi_hourly_dag.py
[2026-08-21T10:16:05.756+0000] {processor.py:830} INFO - Processing file /opt/airflow/dags/kpi_hourly_dag.py for tasks to queue
[2026-08-21T10:16:05.759+0000] {logging_mixin.py:188} INFO - [2026-08-21T10:16:05.758+0000] {dagbag.py:545} INFO - Filling up the DagBag from /opt/airflow/dags/kpi_hourly_dag.py
[2026-08-21T10:16:05.808+0000] {processor.py:840} INFO - DAG(s) 'cell_kpi_spatial_analytics_pipeline' retrieved from /opt/airflow/dags/kpi_hourly_dag.py
[2026-08-21T10:16:05.820+0000] {logging_mixin.py:188} INFO - [2026-08-21T10:16:05.819+0000] {dag.py:3096} INFO - Sync 1 DAGs
[2026-08-21T10:16:05.839+0000] {logging_mixin.py:188} INFO - [2026-08-21T10:16:05.839+0000] {dag.py:3954} INFO - Setting next_dagrun for cell_kpi_spatial_analytics_pipeline to None, run_after=None
[2026-08-21T10:16:05.857+0000] {processor.py:183} INFO - Processing /opt/airflow/dags/kpi_hourly_dag.py took 0.117 seconds
[2026-08-21T10:16:35.966+0000] {processor.py:161} INFO - Started process (PID=3309) to work on /opt/airflow/dags/kpi_hourly_dag.py
[2026-08-21T10:16:35.967+0000] {processor.py:830} INFO - Processing file /opt/airflow/dags/kpi_hourly_dag.py for tasks to queue
[2026-08-21T10:16:35.969+0000] {logging_mixin.py:188} INFO - [2026-08-21T10:16:35.968+0000] {dagbag.py:545} INFO - Filling up the DagBag from /opt/airflow/dags/kpi_hourly_dag.py
[2026-08-21T10:16:36.032+0000] {processor.py:840} INFO - DAG(s) 'cell_kpi_spatial_analytics_pipeline' retrieved from /opt/airflow/dags/kpi_hourly_dag.py
[2026-08-21T10:16:36.048+0000] {logging_mixin.py:188} INFO - [2026-08-21T10:16:36.048+0000] {dag.py:3096} INFO - Sync 1 DAGs
[2026-08-21T10:16:36.078+0000] {logging_mixin.py:188} INFO - [2026-08-21T10:16:36.078+0000] {dag.py:3954} INFO - Setting next_dagrun for cell_kpi_spatial_analytics_pipeline to None, run_after=None
[2026-08-21T10:16:36.098+0000] {processor.py:183} INFO - Processing /opt/airflow/dags/kpi_hourly_dag.py took 0.138 seconds
[2026-08-21T10:17:06.350+0000] {processor.py:161} INFO - Started process (PID=3447) to work on /opt/airflow/dags/kpi_hourly_dag.py
[2026-08-21T10:17:06.352+0000] {processor.py:830} INFO - Processing file /opt/airflow/dags/kpi_hourly_dag.py for tasks to queue
[2026-08-21T10:17:06.353+0000] {logging_mixin.py:188} INFO - [2026-08-21T10:17:06.353+0000] {dagbag.py:545} INFO - Filling up the DagBag from /opt/airflow/dags/kpi_hourly_dag.py
[2026-08-21T10:17:06.422+0000] {processor.py:840} INFO - DAG(s) 'cell_kpi_spatial_analytics_pipeline' retrieved from /opt/airflow/dags/kpi_hourly_dag.py
[2026-08-21T10:17:06.442+0000] {logging_mixin.py:188} INFO - [2026-08-21T10:17:06.441+0000] {dag.py:3096} INFO - Sync 1 DAGs
[2026-08-21T10:17:06.473+0000] {logging_mixin.py:188} INFO - [2026-08-21T10:17:06.473+0000] {dag.py:3954} INFO - Setting next_dagrun for cell_kpi_spatial_analytics_pipeline to None, run_after=None
[2026-08-21T10:17:06.541+0000] {processor.py:183} INFO - Processing /opt/airflow/dags/kpi_hourly_dag.py took 0.210 seconds
[2026-08-21T10:17:36.776+0000] {processor.py:161} INFO - Started process (PID=3636) to work on /opt/airflow/dags/kpi_hourly_dag.py
[2026-08-21T10:17:36.777+0000] {processor.py:830} INFO - Processing file /opt/airflow/dags/kpi_hourly_dag.py for tasks to queue
[2026-08-21T10:17:36.778+0000] {logging_mixin.py:188} INFO - [2026-08-21T10:17:36.778+0000] {dagbag.py:545} INFO - Filling up the DagBag from /opt/airflow/dags/kpi_hourly_dag.py
[2026-08-21T10:17:36.828+0000] {processor.py:840} INFO - DAG(s) 'cell_kpi_spatial_analytics_pipeline' retrieved from /opt/airflow/dags/kpi_hourly_dag.py
[2026-08-21T10:17:36.840+0000] {logging_mixin.py:188} INFO - [2026-08-21T10:17:36.840+0000] {dag.py:3096} INFO - Sync 1 DAGs
[2026-08-21T10:17:36.860+0000] {logging_mixin.py:188} INFO - [2026-08-21T10:17:36.860+0000] {dag.py:3954} INFO - Setting next_dagrun for cell_kpi_spatial_analytics_pipeline to None, run_after=None
[2026-08-21T10:17:36.884+0000] {processor.py:183} INFO - Processing /opt/airflow/dags/kpi_hourly_dag.py took 0.115 seconds
[2026-08-21T10:18:07.183+0000] {processor.py:161} INFO - Started process (PID=3766) to work on /opt/airflow/dags/kpi_hourly_dag.py
[2026-08-21T10:18:07.184+0000] {processor.py:830} INFO - Processing file /opt/airflow/dags/kpi_hourly_dag.py for tasks to queue
[2026-08-21T10:18:07.186+0000] {logging_mixin.py:188} INFO - [2026-08-21T10:18:07.186+0000] {dagbag.py:545} INFO - Filling up the DagBag from /opt/airflow/dags/kpi_hourly_dag.py
[2026-08-21T10:18:07.254+0000] {processor.py:840} INFO - DAG(s) 'cell_kpi_spatial_analytics_pipeline' retrieved from /opt/airflow/dags/kpi_hourly_dag.py
[2026-08-21T10:18:07.278+0000] {logging_mixin.py:188} INFO - [2026-08-21T10:18:07.278+0000] {dag.py:3096} INFO - Sync 1 DAGs
[2026-08-21T10:18:07.308+0000] {logging_mixin.py:188} INFO - [2026-08-21T10:18:07.308+0000] {dag.py:3954} INFO - Setting next_dagrun for cell_kpi_spatial_analytics_pipeline to None, run_after=None
[2026-08-21T10:18:07.331+0000] {processor.py:183} INFO - Processing /opt/airflow/dags/kpi_hourly_dag.py took 0.159 seconds
[2026-08-21T10:18:37.647+0000] {processor.py:161} INFO - Started process (PID=4080) to work on /opt/airflow/dags/kpi_hourly_dag.py
[2026-08-21T10:18:37.648+0000] {processor.py:830} INFO - Processing file /opt/airflow/dags/kpi_hourly_dag.py for tasks to queue
[2026-08-21T10:18:37.650+0000] {logging_mixin.py:188} INFO - [2026-08-21T10:18:37.649+0000] {dagbag.py:545} INFO - Filling up the DagBag from /opt/airflow/dags/kpi_hourly_dag.py
[2026-08-21T10:18:37.694+0000] {processor.py:840} INFO - DAG(s) 'cell_kpi_spatial_analytics_pipeline' retrieved from /opt/airflow/dags/kpi_hourly_dag.py
[2026-08-21T10:18:37.705+0000] {logging_mixin.py:188} INFO - [2026-08-21T10:18:37.704+0000] {dag.py:3096} INFO - Sync 1 DAGs
[2026-08-21T10:18:37.723+0000] {logging_mixin.py:188} INFO - [2026-08-21T10:18:37.723+0000] {dag.py:3954} INFO - Setting next_dagrun for cell_kpi_spatial_analytics_pipeline to None, run_after=None
[2026-08-21T10:18:37.737+0000] {processor.py:183} INFO - Processing /opt/airflow/dags/kpi_hourly_dag.py took 0.095 seconds
[2026-08-21T10:19:07.852+0000] {processor.py:161} INFO - Started process (PID=4094) to work on /opt/airflow/dags/kpi_hourly_dag.py
[2026-08-21T10:19:07.853+0000] {processor.py:830} INFO - Processing file /opt/airflow/dags/kpi_hourly_dag.py for tasks to queue
[2026-08-21T10:19:07.854+0000] {logging_mixin.py:188} INFO - [2026-08-21T10:19:07.854+0000] {dagbag.py:545} INFO - Filling up the DagBag from /opt/airflow/dags/kpi_hourly_dag.py
[2026-08-21T10:19:07.898+0000] {processor.py:840} INFO - DAG(s) 'cell_kpi_spatial_analytics_pipeline' retrieved from /opt/airflow/dags/kpi_hourly_dag.py
[2026-08-21T10:19:07.909+0000] {logging_mixin.py:188} INFO - [2026-08-21T10:19:07.908+0000] {dag.py:3096} INFO - Sync 1 DAGs
[2026-08-21T10:19:07.927+0000] {logging_mixin.py:188} INFO - [2026-08-21T10:19:07.926+0000] {dag.py:3954} INFO - Setting next_dagrun for cell_kpi_spatial_analytics_pipeline to None, run_after=None
[2026-08-21T10:19:07.943+0000] {processor.py:183} INFO - Processing /opt/airflow/dags/kpi_hourly_dag.py took 0.097 seconds
[2026-08-21T10:19:38.063+0000] {processor.py:161} INFO - Started process (PID=4104) to work on /opt/airflow/dags/kpi_hourly_dag.py
[2026-08-21T10:19:38.063+0000] {processor.py:830} INFO - Processing file /opt/airflow/dags/kpi_hourly_dag.py for tasks to queue
[2026-08-21T10:19:38.065+0000] {logging_mixin.py:188} INFO - [2026-08-21T10:19:38.065+0000] {dagbag.py:545} INFO - Filling up the DagBag from /opt/airflow/dags/kpi_hourly_dag.py
[2026-08-21T10:19:38.108+0000] {processor.py:840} INFO - DAG(s) 'cell_kpi_spatial_analytics_pipeline' retrieved from /opt/airflow/dags/kpi_hourly_dag.py
[2026-08-21T10:19:38.119+0000] {logging_mixin.py:188} INFO - [2026-08-21T10:19:38.119+0000] {dag.py:3096} INFO - Sync 1 DAGs
[2026-08-21T10:19:38.136+0000] {logging_mixin.py:188} INFO - [2026-08-21T10:19:38.136+0000] {dag.py:3954} INFO - Setting next_dagrun for cell_kpi_spatial_analytics_pipeline to None, run_after=None
[2026-08-21T10:19:38.149+0000] {processor.py:183} INFO - Processing /opt/airflow/dags/kpi_hourly_dag.py took 0.092 seconds
[2026-08-21T10:20:08.276+0000] {processor.py:161} INFO - Started process (PID=4114) to work on /opt/airflow/dags/kpi_hourly_dag.py
[2026-08-21T10:20:08.276+0000] {processor.py:830} INFO - Processing file /opt/airflow/dags/kpi_hourly_dag.py for tasks to queue
[2026-08-21T10:20:08.278+0000] {logging_mixin.py:188} INFO - [2026-08-21T10:20:08.277+0000] {dagbag.py:545} INFO - Filling up the DagBag from /opt/airflow/dags/kpi_hourly_dag.py
[2026-08-21T10:20:08.322+0000] {processor.py:840} INFO - DAG(s) 'cell_kpi_spatial_analytics_pipeline' retrieved from /opt/airflow/dags/kpi_hourly_dag.py
[2026-08-21T10:20:08.332+0000] {logging_mixin.py:188} INFO - [2026-08-21T10:20:08.332+0000] {dag.py:3096} INFO - Sync 1 DAGs
[2026-08-21T10:20:08.349+0000] {logging_mixin.py:188} INFO - [2026-08-21T10:20:08.349+0000] {dag.py:3954} INFO - Setting next_dagrun for cell_kpi_spatial_analytics_pipeline to None, run_after=None
[2026-08-21T10:20:08.362+0000] {processor.py:183} INFO - Processing /opt/airflow/dags/kpi_hourly_dag.py took 0.092 seconds
[2026-08-21T10:20:38.485+0000] {processor.py:161} INFO - Started process (PID=4124) to work on /opt/airflow/dags/kpi_hourly_dag.py
[2026-08-21T10:20:38.486+0000] {processor.py:830} INFO - Processing file /opt/airflow/dags/kpi_hourly_dag.py for tasks to queue
[2026-08-21T10:20:38.487+0000] {logging_mixin.py:188} INFO - [2026-08-21T10:20:38.487+0000] {dagbag.py:545} INFO - Filling up the DagBag from /opt/airflow/dags/kpi_hourly_dag.py
[2026-08-21T10:20:38.537+0000] {processor.py:840} INFO - DAG(s) 'cell_kpi_spatial_analytics_pipeline' retrieved from /opt/airflow/dags/kpi_hourly_dag.py
[2026-08-21T10:20:38.552+0000] {logging_mixin.py:188} INFO - [2026-08-21T10:20:38.552+0000] {dag.py:3096} INFO - Sync 1 DAGs
[2026-08-21T10:20:38.578+0000] {logging_mixin.py:188} INFO - [2026-08-21T10:20:38.578+0000] {dag.py:3954} INFO - Setting next_dagrun for cell_kpi_spatial_analytics_pipeline to None, run_after=None
[2026-08-21T10:20:38.597+0000] {processor.py:183} INFO - Processing /opt/airflow/dags/kpi_hourly_dag.py took 0.118 seconds
[2026-08-21T10:21:08.679+0000] {processor.py:161} INFO - Started process (PID=4134) to work on /opt/airflow/dags/kpi_hourly_dag.py
[2026-08-21T10:21:08.679+0000] {processor.py:830} INFO - Processing file /opt/airflow/dags/kpi_hourly_dag.py for tasks to queue
[2026-08-21T10:21:08.681+0000] {logging_mixin.py:188} INFO - [2026-08-21T10:21:08.680+0000] {dagbag.py:545} INFO - Filling up the DagBag from /opt/airflow/dags/kpi_hourly_dag.py
[2026-08-21T10:21:08.726+0000] {processor.py:840} INFO - DAG(s) 'cell_kpi_spatial_analytics_pipeline' retrieved from /opt/airflow/dags/kpi_hourly_dag.py
[2026-08-21T10:21:08.738+0000] {logging_mixin.py:188} INFO - [2026-08-21T10:21:08.738+0000] {dag.py:3096} INFO - Sync 1 DAGs
[2026-08-21T10:21:08.761+0000] {logging_mixin.py:188} INFO - [2026-08-21T10:21:08.761+0000] {dag.py:3954} INFO - Setting next_dagrun for cell_kpi_spatial_analytics_pipeline to None, run_after=None
[2026-08-21T10:21:08.774+0000] {processor.py:183} INFO - Processing /opt/airflow/dags/kpi_hourly_dag.py took 0.100 seconds
[2026-08-21T10:21:38.876+0000] {processor.py:161} INFO - Started process (PID=4144) to work on /opt/airflow/dags/kpi_hourly_dag.py
[2026-08-21T10:21:38.877+0000] {processor.py:830} INFO - Processing file /opt/airflow/dags/kpi_hourly_dag.py for tasks to queue
[2026-08-21T10:21:38.879+0000] {logging_mixin.py:188} INFO - [2026-08-21T10:21:38.878+0000] {dagbag.py:545} INFO - Filling up the DagBag from /opt/airflow/dags/kpi_hourly_dag.py
[2026-08-21T10:21:38.925+0000] {processor.py:840} INFO - DAG(s) 'cell_kpi_spatial_analytics_pipeline' retrieved from /opt/airflow/dags/kpi_hourly_dag.py
[2026-08-21T10:21:38.938+0000] {logging_mixin.py:188} INFO - [2026-08-21T10:21:38.937+0000] {dag.py:3096} INFO - Sync 1 DAGs
[2026-08-21T10:21:38.960+0000] {logging_mixin.py:188} INFO - [2026-08-21T10:21:38.960+0000] {dag.py:3954} INFO - Setting next_dagrun for cell_kpi_spatial_analytics_pipeline to None, run_after=None
[2026-08-21T10:21:38.974+0000] {processor.py:183} INFO - Processing /opt/airflow/dags/kpi_hourly_dag.py took 0.103 seconds
[2026-08-21T10:22:09.070+0000] {processor.py:161} INFO - Started process (PID=4154) to work on /opt/airflow/dags/kpi_hourly_dag.py
[2026-08-21T10:22:09.071+0000] {processor.py:830} INFO - Processing file /opt/airflow/dags/kpi_hourly_dag.py for tasks to queue
[2026-08-21T10:22:09.072+0000] {logging_mixin.py:188} INFO - [2026-08-21T10:22:09.072+0000] {dagbag.py:545} INFO - Filling up the DagBag from /opt/airflow/dags/kpi_hourly_dag.py
[2026-08-21T10:22:09.115+0000] {processor.py:840} INFO - DAG(s) 'cell_kpi_spatial_analytics_pipeline' retrieved from /opt/airflow/dags/kpi_hourly_dag.py
[2026-08-21T10:22:09.126+0000] {logging_mixin.py:188} INFO - [2026-08-21T10:22:09.126+0000] {dag.py:3096} INFO - Sync 1 DAGs
[2026-08-21T10:22:09.142+0000] {logging_mixin.py:188} INFO - [2026-08-21T10:22:09.142+0000] {dag.py:3954} INFO - Setting next_dagrun for cell_kpi_spatial_analytics_pipeline to None, run_after=None
[2026-08-21T10:22:09.157+0000] {processor.py:183} INFO - Processing /opt/airflow/dags/kpi_hourly_dag.py took 0.092 seconds
[2026-08-21T10:22:39.187+0000] {processor.py:161} INFO - Started process (PID=4164) to work on /opt/airflow/dags/kpi_hourly_dag.py
[2026-08-21T10:22:39.188+0000] {processor.py:830} INFO - Processing file /opt/airflow/dags/kpi_hourly_dag.py for tasks to queue
[2026-08-21T10:22:39.189+0000] {logging_mixin.py:188} INFO - [2026-08-21T10:22:39.189+0000] {dagbag.py:545} INFO - Filling up the DagBag from /opt/airflow/dags/kpi_hourly_dag.py
[2026-08-21T10:22:39.247+0000] {processor.py:840} INFO - DAG(s) 'cell_kpi_spatial_analytics_pipeline' retrieved from /opt/airflow/dags/kpi_hourly_dag.py
[2026-08-21T10:22:39.258+0000] {logging_mixin.py:188} INFO - [2026-08-21T10:22:39.257+0000] {dag.py:3096} INFO - Sync 1 DAGs
[2026-08-21T10:22:39.277+0000] {logging_mixin.py:188} INFO - [2026-08-21T10:22:39.277+0000] {dag.py:3954} INFO - Setting next_dagrun for cell_kpi_spatial_analytics_pipeline to None, run_after=None
[2026-08-21T10:22:39.290+0000] {processor.py:183} INFO - Processing /opt/airflow/dags/kpi_hourly_dag.py took 0.111 seconds
[2026-08-21T10:23:09.404+0000] {processor.py:161} INFO - Started process (PID=4174) to work on /opt/airflow/dags/kpi_hourly_dag.py
[2026-08-21T10:23:09.405+0000] {processor.py:830} INFO - Processing file /opt/airflow/dags/kpi_hourly_dag.py for tasks to queue
[2026-08-21T10:23:09.406+0000] {logging_mixin.py:188} INFO - [2026-08-21T10:23:09.406+0000] {dagbag.py:545} INFO - Filling up the DagBag from /opt/airflow/dags/kpi_hourly_dag.py
[2026-08-21T10:23:09.450+0000] {processor.py:840} INFO - DAG(s) 'cell_kpi_spatial_analytics_pipeline' retrieved from /opt/airflow/dags/kpi_hourly_dag.py
[2026-08-21T10:23:09.460+0000] {logging_mixin.py:188} INFO - [2026-08-21T10:23:09.460+0000] {dag.py:3096} INFO - Sync 1 DAGs
[2026-08-21T10:23:09.478+0000] {logging_mixin.py:188} INFO - [2026-08-21T10:23:09.478+0000] {dag.py:3954} INFO - Setting next_dagrun for cell_kpi_spatial_analytics_pipeline to None, run_after=None
[2026-08-21T10:23:09.491+0000] {processor.py:183} INFO - Processing /opt/airflow/dags/kpi_hourly_dag.py took 0.092 seconds
[2026-08-21T10:23:39.610+0000] {processor.py:161} INFO - Started process (PID=4184) to work on /opt/airflow/dags/kpi_hourly_dag.py
[2026-08-21T10:23:39.611+0000] {processor.py:830} INFO - Processing file /opt/airflow/dags/kpi_hourly_dag.py for tasks to queue
[2026-08-21T10:23:39.612+0000] {logging_mixin.py:188} INFO - [2026-08-21T10:23:39.612+0000] {dagbag.py:545} INFO - Filling up the DagBag from /opt/airflow/dags/kpi_hourly_dag.py
[2026-08-21T10:23:39.657+0000] {processor.py:840} INFO - DAG(s) 'cell_kpi_spatial_analytics_pipeline' retrieved from /opt/airflow/dags/kpi_hourly_dag.py
[2026-08-21T10:23:39.668+0000] {logging_mixin.py:188} INFO - [2026-08-21T10:23:39.667+0000] {dag.py:3096} INFO - Sync 1 DAGs
[2026-08-21T10:23:39.685+0000] {logging_mixin.py:188} INFO - [2026-08-21T10:23:39.685+0000] {dag.py:3954} INFO - Setting next_dagrun for cell_kpi_spatial_analytics_pipeline to None, run_after=None
[2026-08-21T10:23:39.698+0000] {processor.py:183} INFO - Processing /opt/airflow/dags/kpi_hourly_dag.py took 0.093 seconds
[2026-08-21T10:24:09.816+0000] {processor.py:161} INFO - Started process (PID=4194) to work on /opt/airflow/dags/kpi_hourly_dag.py
[2026-08-21T10:24:09.817+0000] {processor.py:830} INFO - Processing file /opt/airflow/dags/kpi_hourly_dag.py for tasks to queue
[2026-08-21T10:24:09.818+0000] {logging_mixin.py:188} INFO - [2026-08-21T10:24:09.818+0000] {dagbag.py:545} INFO - Filling up the DagBag from /opt/airflow/dags/kpi_hourly_dag.py
[2026-08-21T10:24:09.861+0000] {processor.py:840} INFO - DAG(s) 'cell_kpi_spatial_analytics_pipeline' retrieved from /opt/airflow/dags/kpi_hourly_dag.py
[2026-08-21T10:24:09.871+0000] {logging_mixin.py:188} INFO - [2026-08-21T10:24:09.870+0000] {dag.py:3096} INFO - Sync 1 DAGs
[2026-08-21T10:24:09.887+0000] {logging_mixin.py:188} INFO - [2026-08-21T10:24:09.887+0000] {dag.py:3954} INFO - Setting next_dagrun for cell_kpi_spatial_analytics_pipeline to None, run_after=None
[2026-08-21T10:24:09.900+0000] {processor.py:183} INFO - Processing /opt/airflow/dags/kpi_hourly_dag.py took 0.090 seconds
[2026-08-21T10:24:40.025+0000] {processor.py:161} INFO - Started process (PID=4204) to work on /opt/airflow/dags/kpi_hourly_dag.py
[2026-08-21T10:24:40.026+0000] {processor.py:830} INFO - Processing file /opt/airflow/dags/kpi_hourly_dag.py for tasks to queue
[2026-08-21T10:24:40.027+0000] {logging_mixin.py:188} INFO - [2026-08-21T10:24:40.027+0000] {dagbag.py:545} INFO - Filling up the DagBag from /opt/airflow/dags/kpi_hourly_dag.py
[2026-08-21T10:24:40.072+0000] {processor.py:840} INFO - DAG(s) 'cell_kpi_spatial_analytics_pipeline' retrieved from /opt/airflow/dags/kpi_hourly_dag.py
[2026-08-21T10:24:40.082+0000] {logging_mixin.py:188} INFO - [2026-08-21T10:24:40.082+0000] {dag.py:3096} INFO - Sync 1 DAGs
[2026-08-21T10:24:40.100+0000] {logging_mixin.py:188} INFO - [2026-08-21T10:24:40.100+0000] {dag.py:3954} INFO - Setting next_dagrun for cell_kpi_spatial_analytics_pipeline to None, run_after=None
[2026-08-21T10:24:40.114+0000] {processor.py:183} INFO - Processing /opt/airflow/dags/kpi_hourly_dag.py took 0.095 seconds
[2026-08-21T10:25:10.142+0000] {processor.py:161} INFO - Started process (PID=4214) to work on /opt/airflow/dags/kpi_hourly_dag.py
[2026-08-21T10:25:10.143+0000] {processor.py:830} INFO - Processing file /opt/airflow/dags/kpi_hourly_dag.py for tasks to queue
[2026-08-21T10:25:10.144+0000] {logging_mixin.py:188} INFO - [2026-08-21T10:25:10.144+0000] {dagbag.py:545} INFO - Filling up the DagBag from /opt/airflow/dags/kpi_hourly_dag.py
[2026-08-21T10:25:10.189+0000] {processor.py:840} INFO - DAG(s) 'cell_kpi_spatial_analytics_pipeline' retrieved from /opt/airflow/dags/kpi_hourly_dag.py
[2026-08-21T10:25:10.200+0000] {logging_mixin.py:188} INFO - [2026-08-21T10:25:10.200+0000] {dag.py:3096} INFO - Sync 1 DAGs
[2026-08-21T10:25:10.218+0000] {logging_mixin.py:188} INFO - [2026-08-21T10:25:10.218+0000] {dag.py:3954} INFO - Setting next_dagrun for cell_kpi_spatial_analytics_pipeline to None, run_after=None
[2026-08-21T10:25:10.232+0000] {processor.py:183} INFO - Processing /opt/airflow/dags/kpi_hourly_dag.py took 0.097 seconds
[2026-08-21T10:25:40.357+0000] {processor.py:161} INFO - Started process (PID=4224) to work on /opt/airflow/dags/kpi_hourly_dag.py
[2026-08-21T10:25:40.358+0000] {processor.py:830} INFO - Processing file /opt/airflow/dags/kpi_hourly_dag.py for tasks to queue
[2026-08-21T10:25:40.359+0000] {logging_mixin.py:188} INFO - [2026-08-21T10:25:40.359+0000] {dagbag.py:545} INFO - Filling up the DagBag from /opt/airflow/dags/kpi_hourly_dag.py
[2026-08-21T10:25:40.406+0000] {processor.py:840} INFO - DAG(s) 'cell_kpi_spatial_analytics_pipeline' retrieved from /opt/airflow/dags/kpi_hourly_dag.py
[2026-08-21T10:25:40.419+0000] {logging_mixin.py:188} INFO - [2026-08-21T10:25:40.419+0000] {dag.py:3096} INFO - Sync 1 DAGs
[2026-08-21T10:25:40.438+0000] {logging_mixin.py:188} INFO - [2026-08-21T10:25:40.438+0000] {dag.py:3954} INFO - Setting next_dagrun for cell_kpi_spatial_analytics_pipeline to None, run_after=None
[2026-08-21T10:25:40.452+0000] {processor.py:183} INFO - Processing /opt/airflow/dags/kpi_hourly_dag.py took 0.101 seconds
[2026-08-21T10:26:10.569+0000] {processor.py:161} INFO - Started process (PID=4234) to work on /opt/airflow/dags/kpi_hourly_dag.py
[2026-08-21T10:26:10.570+0000] {processor.py:830} INFO - Processing file /opt/airflow/dags/kpi_hourly_dag.py for tasks to queue
[2026-08-21T10:26:10.572+0000] {logging_mixin.py:188} INFO - [2026-08-21T10:26:10.571+0000] {dagbag.py:545} INFO - Filling up the DagBag from /opt/airflow/dags/kpi_hourly_dag.py
[2026-08-21T10:26:10.616+0000] {processor.py:840} INFO - DAG(s) 'cell_kpi_spatial_analytics_pipeline' retrieved from /opt/airflow/dags/kpi_hourly_dag.py
[2026-08-21T10:26:10.626+0000] {logging_mixin.py:188} INFO - [2026-08-21T10:26:10.626+0000] {dag.py:3096} INFO - Sync 1 DAGs
[2026-08-21T10:26:10.646+0000] {logging_mixin.py:188} INFO - [2026-08-21T10:26:10.645+0000] {dag.py:3954} INFO - Setting next_dagrun for cell_kpi_spatial_analytics_pipeline to None, run_after=None
[2026-08-21T10:26:10.660+0000] {processor.py:183} INFO - Processing /opt/airflow/dags/kpi_hourly_dag.py took 0.096 seconds
[2026-08-21T10:26:40.782+0000] {processor.py:161} INFO - Started process (PID=4244) to work on /opt/airflow/dags/kpi_hourly_dag.py
[2026-08-21T10:26:40.783+0000] {processor.py:830} INFO - Processing file /opt/airflow/dags/kpi_hourly_dag.py for tasks to queue
[2026-08-21T10:26:40.784+0000] {logging_mixin.py:188} INFO - [2026-08-21T10:26:40.784+0000] {dagbag.py:545} INFO - Filling up the DagBag from /opt/airflow/dags/kpi_hourly_dag.py
[2026-08-21T10:26:40.828+0000] {processor.py:840} INFO - DAG(s) 'cell_kpi_spatial_analytics_pipeline' retrieved from /opt/airflow/dags/kpi_hourly_dag.py
[2026-08-21T10:26:40.841+0000] {logging_mixin.py:188} INFO - [2026-08-21T10:26:40.841+0000] {dag.py:3096} INFO - Sync 1 DAGs
[2026-08-21T10:26:40.862+0000] {logging_mixin.py:188} INFO - [2026-08-21T10:26:40.862+0000] {dag.py:3954} INFO - Setting next_dagrun for cell_kpi_spatial_analytics_pipeline to None, run_after=None
[2026-08-21T10:26:40.875+0000] {processor.py:183} INFO - Processing /opt/airflow/dags/kpi_hourly_dag.py took 0.098 seconds
[2026-08-21T10:27:10.995+0000] {processor.py:161} INFO - Started process (PID=4254) to work on /opt/airflow/dags/kpi_hourly_dag.py
[2026-08-21T10:27:10.996+0000] {processor.py:830} INFO - Processing file /opt/airflow/dags/kpi_hourly_dag.py for tasks to queue
[2026-08-21T10:27:10.997+0000] {logging_mixin.py:188} INFO - [2026-08-21T10:27:10.997+0000] {dagbag.py:545} INFO - Filling up the DagBag from /opt/airflow/dags/kpi_hourly_dag.py
[2026-08-21T10:27:11.043+0000] {processor.py:840} INFO - DAG(s) 'cell_kpi_spatial_analytics_pipeline' retrieved from /opt/airflow/dags/kpi_hourly_dag.py
[2026-08-21T10:27:11.054+0000] {logging_mixin.py:188} INFO - [2026-08-21T10:27:11.054+0000] {dag.py:3096} INFO - Sync 1 DAGs
[2026-08-21T10:27:11.073+0000] {logging_mixin.py:188} INFO - [2026-08-21T10:27:11.073+0000] {dag.py:3954} INFO - Setting next_dagrun for cell_kpi_spatial_analytics_pipeline to None, run_after=None
[2026-08-21T10:27:11.087+0000] {processor.py:183} INFO - Processing /opt/airflow/dags/kpi_hourly_dag.py took 0.097 seconds
[2026-08-21T10:27:41.206+0000] {processor.py:161} INFO - Started process (PID=4264) to work on /opt/airflow/dags/kpi_hourly_dag.py
[2026-08-21T10:27:41.207+0000] {processor.py:830} INFO - Processing file /opt/airflow/dags/kpi_hourly_dag.py for tasks to queue
[2026-08-21T10:27:41.208+0000] {logging_mixin.py:188} INFO - [2026-08-21T10:27:41.208+0000] {dagbag.py:545} INFO - Filling up the DagBag from /opt/airflow/dags/kpi_hourly_dag.py
[2026-08-21T10:27:41.259+0000] {processor.py:840} INFO - DAG(s) 'cell_kpi_spatial_analytics_pipeline' retrieved from /opt/airflow/dags/kpi_hourly_dag.py
[2026-08-21T10:27:41.271+0000] {logging_mixin.py:188} INFO - [2026-08-21T10:27:41.271+0000] {dag.py:3096} INFO - Sync 1 DAGs
[2026-08-21T10:27:41.294+0000] {logging_mixin.py:188} INFO - [2026-08-21T10:27:41.294+0000] {dag.py:3954} INFO - Setting next_dagrun for cell_kpi_spatial_analytics_pipeline to None, run_after=None
[2026-08-21T10:27:41.308+0000] {processor.py:183} INFO - Processing /opt/airflow/dags/kpi_hourly_dag.py took 0.108 seconds
[2026-08-21T10:28:11.399+0000] {processor.py:161} INFO - Started process (PID=4274) to work on /opt/airflow/dags/kpi_hourly_dag.py
[2026-08-21T10:28:11.400+0000] {processor.py:830} INFO - Processing file /opt/airflow/dags/kpi_hourly_dag.py for tasks to queue
[2026-08-21T10:28:11.401+0000] {logging_mixin.py:188} INFO - [2026-08-21T10:28:11.401+0000] {dagbag.py:545} INFO - Filling up the DagBag from /opt/airflow/dags/kpi_hourly_dag.py
[2026-08-21T10:28:11.447+0000] {processor.py:840} INFO - DAG(s) 'cell_kpi_spatial_analytics_pipeline' retrieved from /opt/airflow/dags/kpi_hourly_dag.py
[2026-08-21T10:28:11.460+0000] {logging_mixin.py:188} INFO - [2026-08-21T10:28:11.459+0000] {dag.py:3096} INFO - Sync 1 DAGs
[2026-08-21T10:28:11.476+0000] {logging_mixin.py:188} INFO - [2026-08-21T10:28:11.476+0000] {dag.py:3954} INFO - Setting next_dagrun for cell_kpi_spatial_analytics_pipeline to None, run_after=None
[2026-08-21T10:28:11.490+0000] {processor.py:183} INFO - Processing /opt/airflow/dags/kpi_hourly_dag.py took 0.097 seconds
[2026-08-21T10:28:41.585+0000] {processor.py:161} INFO - Started process (PID=4284) to work on /opt/airflow/dags/kpi_hourly_dag.py
[2026-08-21T10:28:41.586+0000] {processor.py:830} INFO - Processing file /opt/airflow/dags/kpi_hourly_dag.py for tasks to queue
[2026-08-21T10:28:41.587+0000] {logging_mixin.py:188} INFO - [2026-08-21T10:28:41.587+0000] {dagbag.py:545} INFO - Filling up the DagBag from /opt/airflow/dags/kpi_hourly_dag.py
[2026-08-21T10:28:41.641+0000] {processor.py:840} INFO - DAG(s) 'cell_kpi_spatial_analytics_pipeline' retrieved from /opt/airflow/dags/kpi_hourly_dag.py
[2026-08-21T10:28:41.655+0000] {logging_mixin.py:188} INFO - [2026-08-21T10:28:41.654+0000] {dag.py:3096} INFO - Sync 1 DAGs
[2026-08-21T10:28:41.677+0000] {logging_mixin.py:188} INFO - [2026-08-21T10:28:41.677+0000] {dag.py:3954} INFO - Setting next_dagrun for cell_kpi_spatial_analytics_pipeline to None, run_after=None
[2026-08-21T10:28:41.690+0000] {processor.py:183} INFO - Processing /opt/airflow/dags/kpi_hourly_dag.py took 0.111 seconds
[2026-08-21T10:29:11.773+0000] {processor.py:161} INFO - Started process (PID=4294) to work on /opt/airflow/dags/kpi_hourly_dag.py
[2026-08-21T10:29:11.774+0000] {processor.py:830} INFO - Processing file /opt/airflow/dags/kpi_hourly_dag.py for tasks to queue
[2026-08-21T10:29:11.776+0000] {logging_mixin.py:188} INFO - [2026-08-21T10:29:11.775+0000] {dagbag.py:545} INFO - Filling up the DagBag from /opt/airflow/dags/kpi_hourly_dag.py
[2026-08-21T10:29:11.820+0000] {processor.py:840} INFO - DAG(s) 'cell_kpi_spatial_analytics_pipeline' retrieved from /opt/airflow/dags/kpi_hourly_dag.py
[2026-08-21T10:29:11.832+0000] {logging_mixin.py:188} INFO - [2026-08-21T10:29:11.831+0000] {dag.py:3096} INFO - Sync 1 DAGs
[2026-08-21T10:29:11.852+0000] {logging_mixin.py:188} INFO - [2026-08-21T10:29:11.852+0000] {dag.py:3954} INFO - Setting next_dagrun for cell_kpi_spatial_analytics_pipeline to None, run_after=None
[2026-08-21T10:29:11.866+0000] {processor.py:183} INFO - Processing /opt/airflow/dags/kpi_hourly_dag.py took 0.098 seconds
[2026-08-21T10:29:41.979+0000] {processor.py:161} INFO - Started process (PID=4304) to work on /opt/airflow/dags/kpi_hourly_dag.py
[2026-08-21T10:29:41.980+0000] {processor.py:830} INFO - Processing file /opt/airflow/dags/kpi_hourly_dag.py for tasks to queue
[2026-08-21T10:29:41.981+0000] {logging_mixin.py:188} INFO - [2026-08-21T10:29:41.981+0000] {dagbag.py:545} INFO - Filling up the DagBag from /opt/airflow/dags/kpi_hourly_dag.py
[2026-08-21T10:29:42.024+0000] {processor.py:840} INFO - DAG(s) 'cell_kpi_spatial_analytics_pipeline' retrieved from /opt/airflow/dags/kpi_hourly_dag.py
[2026-08-21T10:29:42.034+0000] {logging_mixin.py:188} INFO - [2026-08-21T10:29:42.034+0000] {dag.py:3096} INFO - Sync 1 DAGs
[2026-08-21T10:29:42.051+0000] {logging_mixin.py:188} INFO - [2026-08-21T10:29:42.051+0000] {dag.py:3954} INFO - Setting next_dagrun for cell_kpi_spatial_analytics_pipeline to None, run_after=None
[2026-08-21T10:29:42.068+0000] {processor.py:183} INFO - Processing /opt/airflow/dags/kpi_hourly_dag.py took 0.094 seconds
[2026-08-21T10:30:12.108+0000] {processor.py:161} INFO - Started process (PID=4314) to work on /opt/airflow/dags/kpi_hourly_dag.py
[2026-08-21T10:30:12.109+0000] {processor.py:830} INFO - Processing file /opt/airflow/dags/kpi_hourly_dag.py for tasks to queue
[2026-08-21T10:30:12.110+0000] {logging_mixin.py:188} INFO - [2026-08-21T10:30:12.110+0000] {dagbag.py:545} INFO - Filling up the DagBag from /opt/airflow/dags/kpi_hourly_dag.py
[2026-08-21T10:30:12.155+0000] {processor.py:840} INFO - DAG(s) 'cell_kpi_spatial_analytics_pipeline' retrieved from /opt/airflow/dags/kpi_hourly_dag.py
[2026-08-21T10:30:12.168+0000] {logging_mixin.py:188} INFO - [2026-08-21T10:30:12.168+0000] {dag.py:3096} INFO - Sync 1 DAGs
[2026-08-21T10:30:12.186+0000] {logging_mixin.py:188} INFO - [2026-08-21T10:30:12.186+0000] {dag.py:3954} INFO - Setting next_dagrun for cell_kpi_spatial_analytics_pipeline to None, run_after=None
[2026-08-21T10:30:12.199+0000] {processor.py:183} INFO - Processing /opt/airflow/dags/kpi_hourly_dag.py took 0.096 seconds
[2026-08-21T10:30:42.321+0000] {processor.py:161} INFO - Started process (PID=4324) to work on /opt/airflow/dags/kpi_hourly_dag.py
[2026-08-21T10:30:42.321+0000] {processor.py:830} INFO - Processing file /opt/airflow/dags/kpi_hourly_dag.py for tasks to queue
[2026-08-21T10:30:42.323+0000] {logging_mixin.py:188} INFO - [2026-08-21T10:30:42.322+0000] {dagbag.py:545} INFO - Filling up the DagBag from /opt/airflow/dags/kpi_hourly_dag.py
[2026-08-21T10:30:42.366+0000] {processor.py:840} INFO - DAG(s) 'cell_kpi_spatial_analytics_pipeline' retrieved from /opt/airflow/dags/kpi_hourly_dag.py
[2026-08-21T10:30:42.377+0000] {logging_mixin.py:188} INFO - [2026-08-21T10:30:42.376+0000] {dag.py:3096} INFO - Sync 1 DAGs
[2026-08-21T10:30:42.394+0000] {logging_mixin.py:188} INFO - [2026-08-21T10:30:42.394+0000] {dag.py:3954} INFO - Setting next_dagrun for cell_kpi_spatial_analytics_pipeline to None, run_after=None
[2026-08-21T10:30:42.408+0000] {processor.py:183} INFO - Processing /opt/airflow/dags/kpi_hourly_dag.py took 0.093 seconds
[2026-08-21T10:31:12.528+0000] {processor.py:161} INFO - Started process (PID=4334) to work on /opt/airflow/dags/kpi_hourly_dag.py
[2026-08-21T10:31:12.529+0000] {processor.py:830} INFO - Processing file /opt/airflow/dags/kpi_hourly_dag.py for tasks to queue
[2026-08-21T10:31:12.530+0000] {logging_mixin.py:188} INFO - [2026-08-21T10:31:12.530+0000] {dagbag.py:545} INFO - Filling up the DagBag from /opt/airflow/dags/kpi_hourly_dag.py
[2026-08-21T10:31:12.573+0000] {processor.py:840} INFO - DAG(s) 'cell_kpi_spatial_analytics_pipeline' retrieved from /opt/airflow/dags/kpi_hourly_dag.py
[2026-08-21T10:31:12.584+0000] {logging_mixin.py:188} INFO - [2026-08-21T10:31:12.583+0000] {dag.py:3096} INFO - Sync 1 DAGs
[2026-08-21T10:31:12.602+0000] {logging_mixin.py:188} INFO - [2026-08-21T10:31:12.601+0000] {dag.py:3954} INFO - Setting next_dagrun for cell_kpi_spatial_analytics_pipeline to None, run_after=None
[2026-08-21T10:31:12.615+0000] {processor.py:183} INFO - Processing /opt/airflow/dags/kpi_hourly_dag.py took 0.092 seconds
[2026-08-21T10:31:42.650+0000] {processor.py:161} INFO - Started process (PID=4344) to work on /opt/airflow/dags/kpi_hourly_dag.py
[2026-08-21T10:31:42.651+0000] {processor.py:830} INFO - Processing file /opt/airflow/dags/kpi_hourly_dag.py for tasks to queue
[2026-08-21T10:31:42.653+0000] {logging_mixin.py:188} INFO - [2026-08-21T10:31:42.652+0000] {dagbag.py:545} INFO - Filling up the DagBag from /opt/airflow/dags/kpi_hourly_dag.py
[2026-08-21T10:31:42.696+0000] {processor.py:840} INFO - DAG(s) 'cell_kpi_spatial_analytics_pipeline' retrieved from /opt/airflow/dags/kpi_hourly_dag.py
[2026-08-21T10:31:42.707+0000] {logging_mixin.py:188} INFO - [2026-08-21T10:31:42.707+0000] {dag.py:3096} INFO - Sync 1 DAGs
[2026-08-21T10:31:42.724+0000] {logging_mixin.py:188} INFO - [2026-08-21T10:31:42.724+0000] {dag.py:3954} INFO - Setting next_dagrun for cell_kpi_spatial_analytics_pipeline to None, run_after=None
[2026-08-21T10:31:42.737+0000] {processor.py:183} INFO - Processing /opt/airflow/dags/kpi_hourly_dag.py took 0.091 seconds
[2026-08-21T10:32:12.853+0000] {processor.py:161} INFO - Started process (PID=4354) to work on /opt/airflow/dags/kpi_hourly_dag.py
[2026-08-21T10:32:12.854+0000] {processor.py:830} INFO - Processing file /opt/airflow/dags/kpi_hourly_dag.py for tasks to queue
[2026-08-21T10:32:12.855+0000] {logging_mixin.py:188} INFO - [2026-08-21T10:32:12.855+0000] {dagbag.py:545} INFO - Filling up the DagBag from /opt/airflow/dags/kpi_hourly_dag.py
[2026-08-21T10:32:12.898+0000] {processor.py:840} INFO - DAG(s) 'cell_kpi_spatial_analytics_pipeline' retrieved from /opt/airflow/dags/kpi_hourly_dag.py
[2026-08-21T10:32:12.909+0000] {logging_mixin.py:188} INFO - [2026-08-21T10:32:12.908+0000] {dag.py:3096} INFO - Sync 1 DAGs
[2026-08-21T10:32:12.925+0000] {logging_mixin.py:188} INFO - [2026-08-21T10:32:12.925+0000] {dag.py:3954} INFO - Setting next_dagrun for cell_kpi_spatial_analytics_pipeline to None, run_after=None
[2026-08-21T10:32:12.938+0000] {processor.py:183} INFO - Processing /opt/airflow/dags/kpi_hourly_dag.py took 0.092 seconds
[2026-08-21T10:32:43.065+0000] {processor.py:161} INFO - Started process (PID=4364) to work on /opt/airflow/dags/kpi_hourly_dag.py
[2026-08-21T10:32:43.066+0000] {processor.py:830} INFO - Processing file /opt/airflow/dags/kpi_hourly_dag.py for tasks to queue
[2026-08-21T10:32:43.067+0000] {logging_mixin.py:188} INFO - [2026-08-21T10:32:43.067+0000] {dagbag.py:545} INFO - Filling up the DagBag from /opt/airflow/dags/kpi_hourly_dag.py
[2026-08-21T10:32:43.110+0000] {processor.py:840} INFO - DAG(s) 'cell_kpi_spatial_analytics_pipeline' retrieved from /opt/airflow/dags/kpi_hourly_dag.py
[2026-08-21T10:32:43.120+0000] {logging_mixin.py:188} INFO - [2026-08-21T10:32:43.120+0000] {dag.py:3096} INFO - Sync 1 DAGs
[2026-08-21T10:32:43.139+0000] {logging_mixin.py:188} INFO - [2026-08-21T10:32:43.139+0000] {dag.py:3954} INFO - Setting next_dagrun for cell_kpi_spatial_analytics_pipeline to None, run_after=None
[2026-08-21T10:32:43.155+0000] {processor.py:183} INFO - Processing /opt/airflow/dags/kpi_hourly_dag.py took 0.095 seconds
[2026-08-21T10:33:13.274+0000] {processor.py:161} INFO - Started process (PID=4374) to work on /opt/airflow/dags/kpi_hourly_dag.py
[2026-08-21T10:33:13.275+0000] {processor.py:830} INFO - Processing file /opt/airflow/dags/kpi_hourly_dag.py for tasks to queue
[2026-08-21T10:33:13.276+0000] {logging_mixin.py:188} INFO - [2026-08-21T10:33:13.276+0000] {dagbag.py:545} INFO - Filling up the DagBag from /opt/airflow/dags/kpi_hourly_dag.py
[2026-08-21T10:33:13.318+0000] {processor.py:840} INFO - DAG(s) 'cell_kpi_spatial_analytics_pipeline' retrieved from /opt/airflow/dags/kpi_hourly_dag.py
[2026-08-21T10:33:13.329+0000] {logging_mixin.py:188} INFO - [2026-08-21T10:33:13.329+0000] {dag.py:3096} INFO - Sync 1 DAGs
[2026-08-21T10:33:13.351+0000] {logging_mixin.py:188} INFO - [2026-08-21T10:33:13.351+0000] {dag.py:3954} INFO - Setting next_dagrun for cell_kpi_spatial_analytics_pipeline to None, run_after=None
[2026-08-21T10:33:13.365+0000] {processor.py:183} INFO - Processing /opt/airflow/dags/kpi_hourly_dag.py took 0.096 seconds
[2026-08-21T10:33:43.391+0000] {processor.py:161} INFO - Started process (PID=4384) to work on /opt/airflow/dags/kpi_hourly_dag.py
[2026-08-21T10:33:43.392+0000] {processor.py:830} INFO - Processing file /opt/airflow/dags/kpi_hourly_dag.py for tasks to queue
[2026-08-21T10:33:43.393+0000] {logging_mixin.py:188} INFO - [2026-08-21T10:33:43.393+0000] {dagbag.py:545} INFO - Filling up the DagBag from /opt/airflow/dags/kpi_hourly_dag.py
[2026-08-21T10:33:43.437+0000] {processor.py:840} INFO - DAG(s) 'cell_kpi_spatial_analytics_pipeline' retrieved from /opt/airflow/dags/kpi_hourly_dag.py
[2026-08-21T10:33:43.448+0000] {logging_mixin.py:188} INFO - [2026-08-21T10:33:43.447+0000] {dag.py:3096} INFO - Sync 1 DAGs
[2026-08-21T10:33:43.466+0000] {logging_mixin.py:188} INFO - [2026-08-21T10:33:43.466+0000] {dag.py:3954} INFO - Setting next_dagrun for cell_kpi_spatial_analytics_pipeline to None, run_after=None
[2026-08-21T10:33:43.480+0000] {processor.py:183} INFO - Processing /opt/airflow/dags/kpi_hourly_dag.py took 0.095 seconds
[2026-08-21T10:34:13.594+0000] {processor.py:161} INFO - Started process (PID=4394) to work on /opt/airflow/dags/kpi_hourly_dag.py
[2026-08-21T10:34:13.594+0000] {processor.py:830} INFO - Processing file /opt/airflow/dags/kpi_hourly_dag.py for tasks to queue
[2026-08-21T10:34:13.596+0000] {logging_mixin.py:188} INFO - [2026-08-21T10:34:13.595+0000] {dagbag.py:545} INFO - Filling up the DagBag from /opt/airflow/dags/kpi_hourly_dag.py
[2026-08-21T10:34:13.639+0000] {processor.py:840} INFO - DAG(s) 'cell_kpi_spatial_analytics_pipeline' retrieved from /opt/airflow/dags/kpi_hourly_dag.py
[2026-08-21T10:34:13.650+0000] {logging_mixin.py:188} INFO - [2026-08-21T10:34:13.650+0000] {dag.py:3096} INFO - Sync 1 DAGs
[2026-08-21T10:34:13.667+0000] {logging_mixin.py:188} INFO - [2026-08-21T10:34:13.667+0000] {dag.py:3954} INFO - Setting next_dagrun for cell_kpi_spatial_analytics_pipeline to None, run_after=None
[2026-08-21T10:34:13.682+0000] {processor.py:183} INFO - Processing /opt/airflow/dags/kpi_hourly_dag.py took 0.094 seconds
[2026-08-21T10:34:43.805+0000] {processor.py:161} INFO - Started process (PID=4404) to work on /opt/airflow/dags/kpi_hourly_dag.py
[2026-08-21T10:34:43.805+0000] {processor.py:830} INFO - Processing file /opt/airflow/dags/kpi_hourly_dag.py for tasks to queue
[2026-08-21T10:34:43.807+0000] {logging_mixin.py:188} INFO - [2026-08-21T10:34:43.807+0000] {dagbag.py:545} INFO - Filling up the DagBag from /opt/airflow/dags/kpi_hourly_dag.py
[2026-08-21T10:34:43.859+0000] {processor.py:840} INFO - DAG(s) 'cell_kpi_spatial_analytics_pipeline' retrieved from /opt/airflow/dags/kpi_hourly_dag.py
[2026-08-21T10:34:43.869+0000] {logging_mixin.py:188} INFO - [2026-08-21T10:34:43.869+0000] {dag.py:3096} INFO - Sync 1 DAGs
[2026-08-21T10:34:43.887+0000] {logging_mixin.py:188} INFO - [2026-08-21T10:34:43.887+0000] {dag.py:3954} INFO - Setting next_dagrun for cell_kpi_spatial_analytics_pipeline to None, run_after=None
[2026-08-21T10:34:43.900+0000] {processor.py:183} INFO - Processing /opt/airflow/dags/kpi_hourly_dag.py took 0.101 seconds
[2026-08-21T10:35:14.033+0000] {processor.py:161} INFO - Started process (PID=4414) to work on /opt/airflow/dags/kpi_hourly_dag.py
[2026-08-21T10:35:14.034+0000] {processor.py:830} INFO - Processing file /opt/airflow/dags/kpi_hourly_dag.py for tasks to queue
[2026-08-21T10:35:14.035+0000] {logging_mixin.py:188} INFO - [2026-08-21T10:35:14.035+0000] {dagbag.py:545} INFO - Filling up the DagBag from /opt/airflow/dags/kpi_hourly_dag.py
[2026-08-21T10:35:14.081+0000] {processor.py:840} INFO - DAG(s) 'cell_kpi_spatial_analytics_pipeline' retrieved from /opt/airflow/dags/kpi_hourly_dag.py
[2026-08-21T10:35:14.092+0000] {logging_mixin.py:188} INFO - [2026-08-21T10:35:14.092+0000] {dag.py:3096} INFO - Sync 1 DAGs
[2026-08-21T10:35:14.113+0000] {logging_mixin.py:188} INFO - [2026-08-21T10:35:14.112+0000] {dag.py:3954} INFO - Setting next_dagrun for cell_kpi_spatial_analytics_pipeline to None, run_after=None
[2026-08-21T10:35:14.128+0000] {processor.py:183} INFO - Processing /opt/airflow/dags/kpi_hourly_dag.py took 0.100 seconds
[2026-08-21T10:35:44.237+0000] {processor.py:161} INFO - Started process (PID=4424) to work on /opt/airflow/dags/kpi_hourly_dag.py
[2026-08-21T10:35:44.238+0000] {processor.py:830} INFO - Processing file /opt/airflow/dags/kpi_hourly_dag.py for tasks to queue
[2026-08-21T10:35:44.240+0000] {logging_mixin.py:188} INFO - [2026-08-21T10:35:44.239+0000] {dagbag.py:545} INFO - Filling up the DagBag from /opt/airflow/dags/kpi_hourly_dag.py
[2026-08-21T10:35:44.284+0000] {processor.py:840} INFO - DAG(s) 'cell_kpi_spatial_analytics_pipeline' retrieved from /opt/airflow/dags/kpi_hourly_dag.py
[2026-08-21T10:35:44.295+0000] {logging_mixin.py:188} INFO - [2026-08-21T10:35:44.295+0000] {dag.py:3096} INFO - Sync 1 DAGs
[2026-08-21T10:35:44.312+0000] {logging_mixin.py:188} INFO - [2026-08-21T10:35:44.312+0000] {dag.py:3954} INFO - Setting next_dagrun for cell_kpi_spatial_analytics_pipeline to None, run_after=None
[2026-08-21T10:35:44.325+0000] {processor.py:183} INFO - Processing /opt/airflow/dags/kpi_hourly_dag.py took 0.095 seconds
[2026-08-21T10:36:14.424+0000] {processor.py:161} INFO - Started process (PID=4434) to work on /opt/airflow/dags/kpi_hourly_dag.py
[2026-08-21T10:36:14.425+0000] {processor.py:830} INFO - Processing file /opt/airflow/dags/kpi_hourly_dag.py for tasks to queue
[2026-08-21T10:36:14.426+0000] {logging_mixin.py:188} INFO - [2026-08-21T10:36:14.426+0000] {dagbag.py:545} INFO - Filling up the DagBag from /opt/airflow/dags/kpi_hourly_dag.py
[2026-08-21T10:36:14.474+0000] {processor.py:840} INFO - DAG(s) 'cell_kpi_spatial_analytics_pipeline' retrieved from /opt/airflow/dags/kpi_hourly_dag.py
[2026-08-21T10:36:14.485+0000] {logging_mixin.py:188} INFO - [2026-08-21T10:36:14.484+0000] {dag.py:3096} INFO - Sync 1 DAGs
[2026-08-21T10:36:14.502+0000] {logging_mixin.py:188} INFO - [2026-08-21T10:36:14.501+0000] {dag.py:3954} INFO - Setting next_dagrun for cell_kpi_spatial_analytics_pipeline to None, run_after=None
[2026-08-21T10:36:14.515+0000] {processor.py:183} INFO - Processing /opt/airflow/dags/kpi_hourly_dag.py took 0.096 seconds
[2026-08-21T10:36:44.607+0000] {processor.py:161} INFO - Started process (PID=4444) to work on /opt/airflow/dags/kpi_hourly_dag.py
[2026-08-21T10:36:44.608+0000] {processor.py:830} INFO - Processing file /opt/airflow/dags/kpi_hourly_dag.py for tasks to queue
[2026-08-21T10:36:44.609+0000] {logging_mixin.py:188} INFO - [2026-08-21T10:36:44.609+0000] {dagbag.py:545} INFO - Filling up the DagBag from /opt/airflow/dags/kpi_hourly_dag.py
[2026-08-21T10:36:44.655+0000] {processor.py:840} INFO - DAG(s) 'cell_kpi_spatial_analytics_pipeline' retrieved from /opt/airflow/dags/kpi_hourly_dag.py
[2026-08-21T10:36:44.667+0000] {logging_mixin.py:188} INFO - [2026-08-21T10:36:44.667+0000] {dag.py:3096} INFO - Sync 1 DAGs
[2026-08-21T10:36:44.687+0000] {logging_mixin.py:188} INFO - [2026-08-21T10:36:44.687+0000] {dag.py:3954} INFO - Setting next_dagrun for cell_kpi_spatial_analytics_pipeline to None, run_after=None
[2026-08-21T10:36:44.702+0000] {processor.py:183} INFO - Processing /opt/airflow/dags/kpi_hourly_dag.py took 0.100 seconds
[2026-08-21T10:37:14.799+0000] {processor.py:161} INFO - Started process (PID=4454) to work on /opt/airflow/dags/kpi_hourly_dag.py
[2026-08-21T10:37:14.800+0000] {processor.py:830} INFO - Processing file /opt/airflow/dags/kpi_hourly_dag.py for tasks to queue
[2026-08-21T10:37:14.801+0000] {logging_mixin.py:188} INFO - [2026-08-21T10:37:14.801+0000] {dagbag.py:545} INFO - Filling up the DagBag from /opt/airflow/dags/kpi_hourly_dag.py
[2026-08-21T10:37:14.847+0000] {processor.py:840} INFO - DAG(s) 'cell_kpi_spatial_analytics_pipeline' retrieved from /opt/airflow/dags/kpi_hourly_dag.py
[2026-08-21T10:37:14.859+0000] {logging_mixin.py:188} INFO - [2026-08-21T10:37:14.859+0000] {dag.py:3096} INFO - Sync 1 DAGs
[2026-08-21T10:37:14.876+0000] {logging_mixin.py:188} INFO - [2026-08-21T10:37:14.876+0000] {dag.py:3954} INFO - Setting next_dagrun for cell_kpi_spatial_analytics_pipeline to None, run_after=None
[2026-08-21T10:37:14.889+0000] {processor.py:183} INFO - Processing /opt/airflow/dags/kpi_hourly_dag.py took 0.096 seconds
[2026-08-21T10:37:44.986+0000] {processor.py:161} INFO - Started process (PID=4464) to work on /opt/airflow/dags/kpi_hourly_dag.py
[2026-08-21T10:37:44.987+0000] {processor.py:830} INFO - Processing file /opt/airflow/dags/kpi_hourly_dag.py for tasks to queue
[2026-08-21T10:37:44.988+0000] {logging_mixin.py:188} INFO - [2026-08-21T10:37:44.988+0000] {dagbag.py:545} INFO - Filling up the DagBag from /opt/airflow/dags/kpi_hourly_dag.py
[2026-08-21T10:37:45.034+0000] {processor.py:840} INFO - DAG(s) 'cell_kpi_spatial_analytics_pipeline' retrieved from /opt/airflow/dags/kpi_hourly_dag.py
[2026-08-21T10:37:45.047+0000] {logging_mixin.py:188} INFO - [2026-08-21T10:37:45.047+0000] {dag.py:3096} INFO - Sync 1 DAGs
[2026-08-21T10:37:45.064+0000] {logging_mixin.py:188} INFO - [2026-08-21T10:37:45.063+0000] {dag.py:3954} INFO - Setting next_dagrun for cell_kpi_spatial_analytics_pipeline to None, run_after=None
[2026-08-21T10:37:45.077+0000] {processor.py:183} INFO - Processing /opt/airflow/dags/kpi_hourly_dag.py took 0.096 seconds
[2026-08-21T10:38:15.203+0000] {processor.py:161} INFO - Started process (PID=4474) to work on /opt/airflow/dags/kpi_hourly_dag.py
[2026-08-21T10:38:15.204+0000] {processor.py:830} INFO - Processing file /opt/airflow/dags/kpi_hourly_dag.py for tasks to queue
[2026-08-21T10:38:15.206+0000] {logging_mixin.py:188} INFO - [2026-08-21T10:38:15.205+0000] {dagbag.py:545} INFO - Filling up the DagBag from /opt/airflow/dags/kpi_hourly_dag.py
[2026-08-21T10:38:15.252+0000] {processor.py:840} INFO - DAG(s) 'cell_kpi_spatial_analytics_pipeline' retrieved from /opt/airflow/dags/kpi_hourly_dag.py
[2026-08-21T10:38:15.262+0000] {logging_mixin.py:188} INFO - [2026-08-21T10:38:15.262+0000] {dag.py:3096} INFO - Sync 1 DAGs
[2026-08-21T10:38:15.279+0000] {logging_mixin.py:188} INFO - [2026-08-21T10:38:15.279+0000] {dag.py:3954} INFO - Setting next_dagrun for cell_kpi_spatial_analytics_pipeline to None, run_after=None
[2026-08-21T10:38:15.294+0000] {processor.py:183} INFO - Processing /opt/airflow/dags/kpi_hourly_dag.py took 0.097 seconds
[2026-08-21T10:38:45.321+0000] {processor.py:161} INFO - Started process (PID=4484) to work on /opt/airflow/dags/kpi_hourly_dag.py
[2026-08-21T10:38:45.322+0000] {processor.py:830} INFO - Processing file /opt/airflow/dags/kpi_hourly_dag.py for tasks to queue
[2026-08-21T10:38:45.323+0000] {logging_mixin.py:188} INFO - [2026-08-21T10:38:45.323+0000] {dagbag.py:545} INFO - Filling up the DagBag from /opt/airflow/dags/kpi_hourly_dag.py
[2026-08-21T10:38:45.370+0000] {processor.py:840} INFO - DAG(s) 'cell_kpi_spatial_analytics_pipeline' retrieved from /opt/airflow/dags/kpi_hourly_dag.py
[2026-08-21T10:38:45.381+0000] {logging_mixin.py:188} INFO - [2026-08-21T10:38:45.381+0000] {dag.py:3096} INFO - Sync 1 DAGs
[2026-08-21T10:38:45.402+0000] {logging_mixin.py:188} INFO - [2026-08-21T10:38:45.402+0000] {dag.py:3954} INFO - Setting next_dagrun for cell_kpi_spatial_analytics_pipeline to None, run_after=None
[2026-08-21T10:38:45.419+0000] {processor.py:183} INFO - Processing /opt/airflow/dags/kpi_hourly_dag.py took 0.103 seconds
[2026-08-21T10:39:15.541+0000] {processor.py:161} INFO - Started process (PID=4494) to work on /opt/airflow/dags/kpi_hourly_dag.py
[2026-08-21T10:39:15.542+0000] {processor.py:830} INFO - Processing file /opt/airflow/dags/kpi_hourly_dag.py for tasks to queue
[2026-08-21T10:39:15.544+0000] {logging_mixin.py:188} INFO - [2026-08-21T10:39:15.543+0000] {dagbag.py:545} INFO - Filling up the DagBag from /opt/airflow/dags/kpi_hourly_dag.py
[2026-08-21T10:39:15.588+0000] {processor.py:840} INFO - DAG(s) 'cell_kpi_spatial_analytics_pipeline' retrieved from /opt/airflow/dags/kpi_hourly_dag.py
[2026-08-21T10:39:15.599+0000] {logging_mixin.py:188} INFO - [2026-08-21T10:39:15.599+0000] {dag.py:3096} INFO - Sync 1 DAGs
[2026-08-21T10:39:15.617+0000] {logging_mixin.py:188} INFO - [2026-08-21T10:39:15.617+0000] {dag.py:3954} INFO - Setting next_dagrun for cell_kpi_spatial_analytics_pipeline to None, run_after=None
[2026-08-21T10:39:15.631+0000] {processor.py:183} INFO - Processing /opt/airflow/dags/kpi_hourly_dag.py took 0.095 seconds
[2026-08-21T10:39:45.763+0000] {processor.py:161} INFO - Started process (PID=4504) to work on /opt/airflow/dags/kpi_hourly_dag.py
[2026-08-21T10:39:45.764+0000] {processor.py:830} INFO - Processing file /opt/airflow/dags/kpi_hourly_dag.py for tasks to queue
[2026-08-21T10:39:45.765+0000] {logging_mixin.py:188} INFO - [2026-08-21T10:39:45.765+0000] {dagbag.py:545} INFO - Filling up the DagBag from /opt/airflow/dags/kpi_hourly_dag.py
[2026-08-21T10:39:45.810+0000] {processor.py:840} INFO - DAG(s) 'cell_kpi_spatial_analytics_pipeline' retrieved from /opt/airflow/dags/kpi_hourly_dag.py
[2026-08-21T10:39:45.822+0000] {logging_mixin.py:188} INFO - [2026-08-21T10:39:45.821+0000] {dag.py:3096} INFO - Sync 1 DAGs
[2026-08-21T10:39:45.839+0000] {logging_mixin.py:188} INFO - [2026-08-21T10:39:45.839+0000] {dag.py:3954} INFO - Setting next_dagrun for cell_kpi_spatial_analytics_pipeline to None, run_after=None
[2026-08-21T10:39:45.854+0000] {processor.py:183} INFO - Processing /opt/airflow/dags/kpi_hourly_dag.py took 0.096 seconds
[2026-08-21T10:40:15.991+0000] {processor.py:161} INFO - Started process (PID=4514) to work on /opt/airflow/dags/kpi_hourly_dag.py
[2026-08-21T10:40:15.991+0000] {processor.py:830} INFO - Processing file /opt/airflow/dags/kpi_hourly_dag.py for tasks to queue
[2026-08-21T10:40:15.993+0000] {logging_mixin.py:188} INFO - [2026-08-21T10:40:15.992+0000] {dagbag.py:545} INFO - Filling up the DagBag from /opt/airflow/dags/kpi_hourly_dag.py
[2026-08-21T10:40:16.042+0000] {processor.py:840} INFO - DAG(s) 'cell_kpi_spatial_analytics_pipeline' retrieved from /opt/airflow/dags/kpi_hourly_dag.py
[2026-08-21T10:40:16.055+0000] {logging_mixin.py:188} INFO - [2026-08-21T10:40:16.055+0000] {dag.py:3096} INFO - Sync 1 DAGs
[2026-08-21T10:40:16.075+0000] {logging_mixin.py:188} INFO - [2026-08-21T10:40:16.075+0000] {dag.py:3954} INFO - Setting next_dagrun for cell_kpi_spatial_analytics_pipeline to None, run_after=None
[2026-08-21T10:40:16.096+0000] {processor.py:183} INFO - Processing /opt/airflow/dags/kpi_hourly_dag.py took 0.110 seconds
[2026-08-21T10:40:46.191+0000] {processor.py:161} INFO - Started process (PID=4527) to work on /opt/airflow/dags/kpi_hourly_dag.py
[2026-08-21T10:40:46.192+0000] {processor.py:830} INFO - Processing file /opt/airflow/dags/kpi_hourly_dag.py for tasks to queue
[2026-08-21T10:40:46.193+0000] {logging_mixin.py:188} INFO - [2026-08-21T10:40:46.193+0000] {dagbag.py:545} INFO - Filling up the DagBag from /opt/airflow/dags/kpi_hourly_dag.py
[2026-08-21T10:40:46.238+0000] {processor.py:840} INFO - DAG(s) 'cell_kpi_spatial_analytics_pipeline' retrieved from /opt/airflow/dags/kpi_hourly_dag.py
[2026-08-21T10:40:46.251+0000] {logging_mixin.py:188} INFO - [2026-08-21T10:40:46.251+0000] {dag.py:3096} INFO - Sync 1 DAGs
[2026-08-21T10:40:46.270+0000] {logging_mixin.py:188} INFO - [2026-08-21T10:40:46.270+0000] {dag.py:3954} INFO - Setting next_dagrun for cell_kpi_spatial_analytics_pipeline to None, run_after=None
[2026-08-21T10:40:46.284+0000] {processor.py:183} INFO - Processing /opt/airflow/dags/kpi_hourly_dag.py took 0.098 seconds
[2026-08-21T10:41:16.381+0000] {processor.py:161} INFO - Started process (PID=4537) to work on /opt/airflow/dags/kpi_hourly_dag.py
[2026-08-21T10:41:16.382+0000] {processor.py:830} INFO - Processing file /opt/airflow/dags/kpi_hourly_dag.py for tasks to queue
[2026-08-21T10:41:16.383+0000] {logging_mixin.py:188} INFO - [2026-08-21T10:41:16.383+0000] {dagbag.py:545} INFO - Filling up the DagBag from /opt/airflow/dags/kpi_hourly_dag.py
[2026-08-21T10:41:16.427+0000] {processor.py:840} INFO - DAG(s) 'cell_kpi_spatial_analytics_pipeline' retrieved from /opt/airflow/dags/kpi_hourly_dag.py
[2026-08-21T10:41:16.438+0000] {logging_mixin.py:188} INFO - [2026-08-21T10:41:16.438+0000] {dag.py:3096} INFO - Sync 1 DAGs
[2026-08-21T10:41:16.456+0000] {logging_mixin.py:188} INFO - [2026-08-21T10:41:16.455+0000] {dag.py:3954} INFO - Setting next_dagrun for cell_kpi_spatial_analytics_pipeline to None, run_after=None
[2026-08-21T10:41:16.469+0000] {processor.py:183} INFO - Processing /opt/airflow/dags/kpi_hourly_dag.py took 0.094 seconds
[2026-08-21T10:41:46.574+0000] {processor.py:161} INFO - Started process (PID=4547) to work on /opt/airflow/dags/kpi_hourly_dag.py
[2026-08-21T10:41:46.575+0000] {processor.py:830} INFO - Processing file /opt/airflow/dags/kpi_hourly_dag.py for tasks to queue
[2026-08-21T10:41:46.576+0000] {logging_mixin.py:188} INFO - [2026-08-21T10:41:46.576+0000] {dagbag.py:545} INFO - Filling up the DagBag from /opt/airflow/dags/kpi_hourly_dag.py
[2026-08-21T10:41:46.622+0000] {processor.py:840} INFO - DAG(s) 'cell_kpi_spatial_analytics_pipeline' retrieved from /opt/airflow/dags/kpi_hourly_dag.py
[2026-08-21T10:41:46.633+0000] {logging_mixin.py:188} INFO - [2026-08-21T10:41:46.632+0000] {dag.py:3096} INFO - Sync 1 DAGs
[2026-08-21T10:41:46.650+0000] {logging_mixin.py:188} INFO - [2026-08-21T10:41:46.650+0000] {dag.py:3954} INFO - Setting next_dagrun for cell_kpi_spatial_analytics_pipeline to None, run_after=None
[2026-08-21T10:41:46.664+0000] {processor.py:183} INFO - Processing /opt/airflow/dags/kpi_hourly_dag.py took 0.095 seconds
[2026-08-21T10:42:16.690+0000] {processor.py:161} INFO - Started process (PID=4557) to work on /opt/airflow/dags/kpi_hourly_dag.py
[2026-08-21T10:42:16.691+0000] {processor.py:830} INFO - Processing file /opt/airflow/dags/kpi_hourly_dag.py for tasks to queue
[2026-08-21T10:42:16.692+0000] {logging_mixin.py:188} INFO - [2026-08-21T10:42:16.692+0000] {dagbag.py:545} INFO - Filling up the DagBag from /opt/airflow/dags/kpi_hourly_dag.py
[2026-08-21T10:42:16.743+0000] {processor.py:840} INFO - DAG(s) 'cell_kpi_spatial_analytics_pipeline' retrieved from /opt/airflow/dags/kpi_hourly_dag.py
[2026-08-21T10:42:16.755+0000] {logging_mixin.py:188} INFO - [2026-08-21T10:42:16.755+0000] {dag.py:3096} INFO - Sync 1 DAGs
[2026-08-21T10:42:16.778+0000] {logging_mixin.py:188} INFO - [2026-08-21T10:42:16.778+0000] {dag.py:3954} INFO - Setting next_dagrun for cell_kpi_spatial_analytics_pipeline to None, run_after=None
[2026-08-21T10:42:16.793+0000] {processor.py:183} INFO - Processing /opt/airflow/dags/kpi_hourly_dag.py took 0.109 seconds
[2026-08-21T10:42:46.990+0000] {processor.py:161} INFO - Started process (PID=4693) to work on /opt/airflow/dags/kpi_hourly_dag.py
[2026-08-21T10:42:46.991+0000] {processor.py:830} INFO - Processing file /opt/airflow/dags/kpi_hourly_dag.py for tasks to queue
[2026-08-21T10:42:46.993+0000] {logging_mixin.py:188} INFO - [2026-08-21T10:42:46.993+0000] {dagbag.py:545} INFO - Filling up the DagBag from /opt/airflow/dags/kpi_hourly_dag.py
[2026-08-21T10:42:47.046+0000] {processor.py:840} INFO - DAG(s) 'cell_kpi_spatial_analytics_pipeline' retrieved from /opt/airflow/dags/kpi_hourly_dag.py
[2026-08-21T10:42:47.063+0000] {logging_mixin.py:188} INFO - [2026-08-21T10:42:47.063+0000] {dag.py:3096} INFO - Sync 1 DAGs
[2026-08-21T10:42:47.099+0000] {logging_mixin.py:188} INFO - [2026-08-21T10:42:47.098+0000] {dag.py:3954} INFO - Setting next_dagrun for cell_kpi_spatial_analytics_pipeline to None, run_after=None
[2026-08-21T10:42:47.116+0000] {processor.py:183} INFO - Processing /opt/airflow/dags/kpi_hourly_dag.py took 0.133 seconds
[2026-08-21T10:43:17.204+0000] {processor.py:161} INFO - Started process (PID=4845) to work on /opt/airflow/dags/kpi_hourly_dag.py
[2026-08-21T10:43:17.207+0000] {processor.py:830} INFO - Processing file /opt/airflow/dags/kpi_hourly_dag.py for tasks to queue
[2026-08-21T10:43:17.209+0000] {logging_mixin.py:188} INFO - [2026-08-21T10:43:17.209+0000] {dagbag.py:545} INFO - Filling up the DagBag from /opt/airflow/dags/kpi_hourly_dag.py
[2026-08-21T10:43:17.299+0000] {processor.py:840} INFO - DAG(s) 'cell_kpi_spatial_analytics_pipeline' retrieved from /opt/airflow/dags/kpi_hourly_dag.py
[2026-08-21T10:43:17.317+0000] {logging_mixin.py:188} INFO - [2026-08-21T10:43:17.316+0000] {dag.py:3096} INFO - Sync 1 DAGs
[2026-08-21T10:43:17.351+0000] {logging_mixin.py:188} INFO - [2026-08-21T10:43:17.350+0000] {dag.py:3954} INFO - Setting next_dagrun for cell_kpi_spatial_analytics_pipeline to None, run_after=None
[2026-08-21T10:43:17.379+0000] {processor.py:183} INFO - Processing /opt/airflow/dags/kpi_hourly_dag.py took 0.186 seconds
[2026-08-21T10:43:47.756+0000] {processor.py:161} INFO - Started process (PID=5031) to work on /opt/airflow/dags/kpi_hourly_dag.py
[2026-08-21T10:43:47.758+0000] {processor.py:830} INFO - Processing file /opt/airflow/dags/kpi_hourly_dag.py for tasks to queue
[2026-08-21T10:43:47.763+0000] {logging_mixin.py:188} INFO - [2026-08-21T10:43:47.762+0000] {dagbag.py:545} INFO - Filling up the DagBag from /opt/airflow/dags/kpi_hourly_dag.py
[2026-08-21T10:43:48.077+0000] {processor.py:840} INFO - DAG(s) 'cell_kpi_spatial_analytics_pipeline' retrieved from /opt/airflow/dags/kpi_hourly_dag.py
[2026-08-21T10:43:48.130+0000] {logging_mixin.py:188} INFO - [2026-08-21T10:43:48.130+0000] {dag.py:3096} INFO - Sync 1 DAGs
[2026-08-21T10:43:48.173+0000] {logging_mixin.py:188} INFO - [2026-08-21T10:43:48.173+0000] {dag.py:3954} INFO - Setting next_dagrun for cell_kpi_spatial_analytics_pipeline to None, run_after=None
[2026-08-21T10:43:48.229+0000] {processor.py:183} INFO - Processing /opt/airflow/dags/kpi_hourly_dag.py took 0.546 seconds
[2026-08-21T10:44:19.007+0000] {processor.py:161} INFO - Started process (PID=5148) to work on /opt/airflow/dags/kpi_hourly_dag.py
[2026-08-21T10:44:19.008+0000] {processor.py:830} INFO - Processing file /opt/airflow/dags/kpi_hourly_dag.py for tasks to queue
[2026-08-21T10:44:19.010+0000] {logging_mixin.py:188} INFO - [2026-08-21T10:44:19.010+0000] {dagbag.py:545} INFO - Filling up the DagBag from /opt/airflow/dags/kpi_hourly_dag.py
[2026-08-21T10:44:19.154+0000] {processor.py:840} INFO - DAG(s) 'cell_kpi_spatial_analytics_pipeline' retrieved from /opt/airflow/dags/kpi_hourly_dag.py
[2026-08-21T10:44:19.171+0000] {logging_mixin.py:188} INFO - [2026-08-21T10:44:19.170+0000] {dag.py:3096} INFO - Sync 1 DAGs
[2026-08-21T10:44:19.198+0000] {logging_mixin.py:188} INFO - [2026-08-21T10:44:19.198+0000] {dag.py:3954} INFO - Setting next_dagrun for cell_kpi_spatial_analytics_pipeline to None, run_after=None
[2026-08-21T10:44:19.244+0000] {processor.py:183} INFO - Processing /opt/airflow/dags/kpi_hourly_dag.py took 0.245 seconds
[2026-08-21T10:44:49.326+0000] {processor.py:161} INFO - Started process (PID=5417) to work on /opt/airflow/dags/kpi_hourly_dag.py
[2026-08-21T10:44:49.327+0000] {processor.py:830} INFO - Processing file /opt/airflow/dags/kpi_hourly_dag.py for tasks to queue
[2026-08-21T10:44:49.329+0000] {logging_mixin.py:188} INFO - [2026-08-21T10:44:49.329+0000] {dagbag.py:545} INFO - Filling up the DagBag from /opt/airflow/dags/kpi_hourly_dag.py
[2026-08-21T10:44:49.392+0000] {processor.py:840} INFO - DAG(s) 'cell_kpi_spatial_analytics_pipeline' retrieved from /opt/airflow/dags/kpi_hourly_dag.py
[2026-08-21T10:44:49.408+0000] {logging_mixin.py:188} INFO - [2026-08-21T10:44:49.408+0000] {dag.py:3096} INFO - Sync 1 DAGs
[2026-08-21T10:44:49.436+0000] {logging_mixin.py:188} INFO - [2026-08-21T10:44:49.435+0000] {dag.py:3954} INFO - Setting next_dagrun for cell_kpi_spatial_analytics_pipeline to None, run_after=None
[2026-08-21T10:44:49.453+0000] {processor.py:183} INFO - Processing /opt/airflow/dags/kpi_hourly_dag.py took 0.138 seconds
[2026-08-21T10:45:19.752+0000] {processor.py:161} INFO - Started process (PID=5615) to work on /opt/airflow/dags/kpi_hourly_dag.py
[2026-08-21T10:45:19.753+0000] {processor.py:830} INFO - Processing file /opt/airflow/dags/kpi_hourly_dag.py for tasks to queue
[2026-08-21T10:45:19.755+0000] {logging_mixin.py:188} INFO - [2026-08-21T10:45:19.755+0000] {dagbag.py:545} INFO - Filling up the DagBag from /opt/airflow/dags/kpi_hourly_dag.py
[2026-08-21T10:45:19.828+0000] {processor.py:840} INFO - DAG(s) 'cell_kpi_spatial_analytics_pipeline' retrieved from /opt/airflow/dags/kpi_hourly_dag.py
[2026-08-21T10:45:19.854+0000] {logging_mixin.py:188} INFO - [2026-08-21T10:45:19.854+0000] {dag.py:3096} INFO - Sync 1 DAGs
[2026-08-21T10:45:19.894+0000] {logging_mixin.py:188} INFO - [2026-08-21T10:45:19.894+0000] {dag.py:3954} INFO - Setting next_dagrun for cell_kpi_spatial_analytics_pipeline to None, run_after=None
[2026-08-21T10:45:19.921+0000] {processor.py:183} INFO - Processing /opt/airflow/dags/kpi_hourly_dag.py took 0.176 seconds
[2026-08-21T10:45:50.064+0000] {processor.py:161} INFO - Started process (PID=5629) to work on /opt/airflow/dags/kpi_hourly_dag.py
[2026-08-21T10:45:50.065+0000] {processor.py:830} INFO - Processing file /opt/airflow/dags/kpi_hourly_dag.py for tasks to queue
[2026-08-21T10:45:50.066+0000] {logging_mixin.py:188} INFO - [2026-08-21T10:45:50.066+0000] {dagbag.py:545} INFO - Filling up the DagBag from /opt/airflow/dags/kpi_hourly_dag.py
[2026-08-21T10:45:50.113+0000] {processor.py:840} INFO - DAG(s) 'cell_kpi_spatial_analytics_pipeline' retrieved from /opt/airflow/dags/kpi_hourly_dag.py
[2026-08-21T10:45:50.124+0000] {logging_mixin.py:188} INFO - [2026-08-21T10:45:50.124+0000] {dag.py:3096} INFO - Sync 1 DAGs
[2026-08-21T10:45:50.142+0000] {logging_mixin.py:188} INFO - [2026-08-21T10:45:50.142+0000] {dag.py:3954} INFO - Setting next_dagrun for cell_kpi_spatial_analytics_pipeline to None, run_after=None
[2026-08-21T10:45:50.157+0000] {processor.py:183} INFO - Processing /opt/airflow/dags/kpi_hourly_dag.py took 0.098 seconds
[2026-08-21T10:46:20.275+0000] {processor.py:161} INFO - Started process (PID=5639) to work on /opt/airflow/dags/kpi_hourly_dag.py
[2026-08-21T10:46:20.276+0000] {processor.py:830} INFO - Processing file /opt/airflow/dags/kpi_hourly_dag.py for tasks to queue
[2026-08-21T10:46:20.277+0000] {logging_mixin.py:188} INFO - [2026-08-21T10:46:20.277+0000] {dagbag.py:545} INFO - Filling up the DagBag from /opt/airflow/dags/kpi_hourly_dag.py
[2026-08-21T10:46:20.322+0000] {processor.py:840} INFO - DAG(s) 'cell_kpi_spatial_analytics_pipeline' retrieved from /opt/airflow/dags/kpi_hourly_dag.py
[2026-08-21T10:46:20.333+0000] {logging_mixin.py:188} INFO - [2026-08-21T10:46:20.333+0000] {dag.py:3096} INFO - Sync 1 DAGs
[2026-08-21T10:46:20.354+0000] {logging_mixin.py:188} INFO - [2026-08-21T10:46:20.354+0000] {dag.py:3954} INFO - Setting next_dagrun for cell_kpi_spatial_analytics_pipeline to None, run_after=None
[2026-08-21T10:46:20.370+0000] {processor.py:183} INFO - Processing /opt/airflow/dags/kpi_hourly_dag.py took 0.101 seconds
[2026-08-21T10:46:50.500+0000] {processor.py:161} INFO - Started process (PID=5649) to work on /opt/airflow/dags/kpi_hourly_dag.py
[2026-08-21T10:46:50.500+0000] {processor.py:830} INFO - Processing file /opt/airflow/dags/kpi_hourly_dag.py for tasks to queue
[2026-08-21T10:46:50.501+0000] {logging_mixin.py:188} INFO - [2026-08-21T10:46:50.501+0000] {dagbag.py:545} INFO - Filling up the DagBag from /opt/airflow/dags/kpi_hourly_dag.py
[2026-08-21T10:46:50.546+0000] {processor.py:840} INFO - DAG(s) 'cell_kpi_spatial_analytics_pipeline' retrieved from /opt/airflow/dags/kpi_hourly_dag.py
[2026-08-21T10:46:50.557+0000] {logging_mixin.py:188} INFO - [2026-08-21T10:46:50.557+0000] {dag.py:3096} INFO - Sync 1 DAGs
[2026-08-21T10:46:50.575+0000] {logging_mixin.py:188} INFO - [2026-08-21T10:46:50.574+0000] {dag.py:3954} INFO - Setting next_dagrun for cell_kpi_spatial_analytics_pipeline to None, run_after=None
[2026-08-21T10:46:50.588+0000] {processor.py:183} INFO - Processing /opt/airflow/dags/kpi_hourly_dag.py took 0.095 seconds
[2026-08-21T10:47:20.618+0000] {processor.py:161} INFO - Started process (PID=5659) to work on /opt/airflow/dags/kpi_hourly_dag.py
[2026-08-21T10:47:20.619+0000] {processor.py:830} INFO - Processing file /opt/airflow/dags/kpi_hourly_dag.py for tasks to queue
[2026-08-21T10:47:20.620+0000] {logging_mixin.py:188} INFO - [2026-08-21T10:47:20.620+0000] {dagbag.py:545} INFO - Filling up the DagBag from /opt/airflow/dags/kpi_hourly_dag.py
[2026-08-21T10:47:20.665+0000] {processor.py:840} INFO - DAG(s) 'cell_kpi_spatial_analytics_pipeline' retrieved from /opt/airflow/dags/kpi_hourly_dag.py
[2026-08-21T10:47:20.677+0000] {logging_mixin.py:188} INFO - [2026-08-21T10:47:20.676+0000] {dag.py:3096} INFO - Sync 1 DAGs
[2026-08-21T10:47:20.695+0000] {logging_mixin.py:188} INFO - [2026-08-21T10:47:20.695+0000] {dag.py:3954} INFO - Setting next_dagrun for cell_kpi_spatial_analytics_pipeline to None, run_after=None
[2026-08-21T10:47:20.711+0000] {processor.py:183} INFO - Processing /opt/airflow/dags/kpi_hourly_dag.py took 0.098 seconds
[2026-08-21T10:47:50.836+0000] {processor.py:161} INFO - Started process (PID=5669) to work on /opt/airflow/dags/kpi_hourly_dag.py
[2026-08-21T10:47:50.837+0000] {processor.py:830} INFO - Processing file /opt/airflow/dags/kpi_hourly_dag.py for tasks to queue
[2026-08-21T10:47:50.838+0000] {logging_mixin.py:188} INFO - [2026-08-21T10:47:50.838+0000] {dagbag.py:545} INFO - Filling up the DagBag from /opt/airflow/dags/kpi_hourly_dag.py
[2026-08-21T10:47:50.898+0000] {processor.py:840} INFO - DAG(s) 'cell_kpi_spatial_analytics_pipeline' retrieved from /opt/airflow/dags/kpi_hourly_dag.py
[2026-08-21T10:47:50.911+0000] {logging_mixin.py:188} INFO - [2026-08-21T10:47:50.911+0000] {dag.py:3096} INFO - Sync 1 DAGs
[2026-08-21T10:47:50.930+0000] {logging_mixin.py:188} INFO - [2026-08-21T10:47:50.930+0000] {dag.py:3954} INFO - Setting next_dagrun for cell_kpi_spatial_analytics_pipeline to None, run_after=None
[2026-08-21T10:47:50.944+0000] {processor.py:183} INFO - Processing /opt/airflow/dags/kpi_hourly_dag.py took 0.114 seconds
[2026-08-21T10:48:21.068+0000] {processor.py:161} INFO - Started process (PID=5679) to work on /opt/airflow/dags/kpi_hourly_dag.py
[2026-08-21T10:48:21.069+0000] {processor.py:830} INFO - Processing file /opt/airflow/dags/kpi_hourly_dag.py for tasks to queue
[2026-08-21T10:48:21.070+0000] {logging_mixin.py:188} INFO - [2026-08-21T10:48:21.070+0000] {dagbag.py:545} INFO - Filling up the DagBag from /opt/airflow/dags/kpi_hourly_dag.py
[2026-08-21T10:48:21.116+0000] {processor.py:840} INFO - DAG(s) 'cell_kpi_spatial_analytics_pipeline' retrieved from /opt/airflow/dags/kpi_hourly_dag.py
[2026-08-21T10:48:21.127+0000] {logging_mixin.py:188} INFO - [2026-08-21T10:48:21.127+0000] {dag.py:3096} INFO - Sync 1 DAGs
[2026-08-21T10:48:21.147+0000] {logging_mixin.py:188} INFO - [2026-08-21T10:48:21.146+0000] {dag.py:3954} INFO - Setting next_dagrun for cell_kpi_spatial_analytics_pipeline to None, run_after=None
[2026-08-21T10:48:21.161+0000] {processor.py:183} INFO - Processing /opt/airflow/dags/kpi_hourly_dag.py took 0.098 seconds
[2026-08-21T10:48:51.264+0000] {processor.py:161} INFO - Started process (PID=5689) to work on /opt/airflow/dags/kpi_hourly_dag.py
[2026-08-21T10:48:51.265+0000] {processor.py:830} INFO - Processing file /opt/airflow/dags/kpi_hourly_dag.py for tasks to queue
[2026-08-21T10:48:51.266+0000] {logging_mixin.py:188} INFO - [2026-08-21T10:48:51.266+0000] {dagbag.py:545} INFO - Filling up the DagBag from /opt/airflow/dags/kpi_hourly_dag.py
[2026-08-21T10:48:51.310+0000] {processor.py:840} INFO - DAG(s) 'cell_kpi_spatial_analytics_pipeline' retrieved from /opt/airflow/dags/kpi_hourly_dag.py
[2026-08-21T10:48:51.321+0000] {logging_mixin.py:188} INFO - [2026-08-21T10:48:51.321+0000] {dag.py:3096} INFO - Sync 1 DAGs
[2026-08-21T10:48:51.342+0000] {logging_mixin.py:188} INFO - [2026-08-21T10:48:51.342+0000] {dag.py:3954} INFO - Setting next_dagrun for cell_kpi_spatial_analytics_pipeline to None, run_after=None
[2026-08-21T10:48:51.357+0000] {processor.py:183} INFO - Processing /opt/airflow/dags/kpi_hourly_dag.py took 0.099 seconds
[2026-08-21T10:49:21.461+0000] {processor.py:161} INFO - Started process (PID=5699) to work on /opt/airflow/dags/kpi_hourly_dag.py
[2026-08-21T10:49:21.462+0000] {processor.py:830} INFO - Processing file /opt/airflow/dags/kpi_hourly_dag.py for tasks to queue
[2026-08-21T10:49:21.463+0000] {logging_mixin.py:188} INFO - [2026-08-21T10:49:21.463+0000] {dagbag.py:545} INFO - Filling up the DagBag from /opt/airflow/dags/kpi_hourly_dag.py
[2026-08-21T10:49:21.506+0000] {processor.py:840} INFO - DAG(s) 'cell_kpi_spatial_analytics_pipeline' retrieved from /opt/airflow/dags/kpi_hourly_dag.py
[2026-08-21T10:49:21.517+0000] {logging_mixin.py:188} INFO - [2026-08-21T10:49:21.517+0000] {dag.py:3096} INFO - Sync 1 DAGs
[2026-08-21T10:49:21.535+0000] {logging_mixin.py:188} INFO - [2026-08-21T10:49:21.535+0000] {dag.py:3954} INFO - Setting next_dagrun for cell_kpi_spatial_analytics_pipeline to None, run_after=None
[2026-08-21T10:49:21.551+0000] {processor.py:183} INFO - Processing /opt/airflow/dags/kpi_hourly_dag.py took 0.096 seconds
[2026-08-21T10:49:51.662+0000] {processor.py:161} INFO - Started process (PID=5709) to work on /opt/airflow/dags/kpi_hourly_dag.py
[2026-08-21T10:49:51.662+0000] {processor.py:830} INFO - Processing file /opt/airflow/dags/kpi_hourly_dag.py for tasks to queue
[2026-08-21T10:49:51.664+0000] {logging_mixin.py:188} INFO - [2026-08-21T10:49:51.663+0000] {dagbag.py:545} INFO - Filling up the DagBag from /opt/airflow/dags/kpi_hourly_dag.py
[2026-08-21T10:49:51.717+0000] {processor.py:840} INFO - DAG(s) 'cell_kpi_spatial_analytics_pipeline' retrieved from /opt/airflow/dags/kpi_hourly_dag.py
[2026-08-21T10:49:51.730+0000] {logging_mixin.py:188} INFO - [2026-08-21T10:49:51.730+0000] {dag.py:3096} INFO - Sync 1 DAGs
[2026-08-21T10:49:51.752+0000] {logging_mixin.py:188} INFO - [2026-08-21T10:49:51.752+0000] {dag.py:3954} INFO - Setting next_dagrun for cell_kpi_spatial_analytics_pipeline to None, run_after=None
[2026-08-21T10:49:51.766+0000] {processor.py:183} INFO - Processing /opt/airflow/dags/kpi_hourly_dag.py took 0.109 seconds
[2026-08-21T10:50:21.862+0000] {processor.py:161} INFO - Started process (PID=5719) to work on /opt/airflow/dags/kpi_hourly_dag.py
[2026-08-21T10:50:21.863+0000] {processor.py:830} INFO - Processing file /opt/airflow/dags/kpi_hourly_dag.py for tasks to queue
[2026-08-21T10:50:21.864+0000] {logging_mixin.py:188} INFO - [2026-08-21T10:50:21.864+0000] {dagbag.py:545} INFO - Filling up the DagBag from /opt/airflow/dags/kpi_hourly_dag.py
[2026-08-21T10:50:21.909+0000] {processor.py:840} INFO - DAG(s) 'cell_kpi_spatial_analytics_pipeline' retrieved from /opt/airflow/dags/kpi_hourly_dag.py
[2026-08-21T10:50:21.920+0000] {logging_mixin.py:188} INFO - [2026-08-21T10:50:21.920+0000] {dag.py:3096} INFO - Sync 1 DAGs
[2026-08-21T10:50:21.938+0000] {logging_mixin.py:188} INFO - [2026-08-21T10:50:21.938+0000] {dag.py:3954} INFO - Setting next_dagrun for cell_kpi_spatial_analytics_pipeline to None, run_after=None
[2026-08-21T10:50:21.954+0000] {processor.py:183} INFO - Processing /opt/airflow/dags/kpi_hourly_dag.py took 0.098 seconds
[2026-08-21T10:50:52.084+0000] {processor.py:161} INFO - Started process (PID=5729) to work on /opt/airflow/dags/kpi_hourly_dag.py
[2026-08-21T10:50:52.085+0000] {processor.py:830} INFO - Processing file /opt/airflow/dags/kpi_hourly_dag.py for tasks to queue
[2026-08-21T10:50:52.086+0000] {logging_mixin.py:188} INFO - [2026-08-21T10:50:52.086+0000] {dagbag.py:545} INFO - Filling up the DagBag from /opt/airflow/dags/kpi_hourly_dag.py
[2026-08-21T10:50:52.136+0000] {processor.py:840} INFO - DAG(s) 'cell_kpi_spatial_analytics_pipeline' retrieved from /opt/airflow/dags/kpi_hourly_dag.py
[2026-08-21T10:50:52.149+0000] {logging_mixin.py:188} INFO - [2026-08-21T10:50:52.149+0000] {dag.py:3096} INFO - Sync 1 DAGs
[2026-08-21T10:50:52.168+0000] {logging_mixin.py:188} INFO - [2026-08-21T10:50:52.168+0000] {dag.py:3954} INFO - Setting next_dagrun for cell_kpi_spatial_analytics_pipeline to None, run_after=None
[2026-08-21T10:50:52.182+0000] {processor.py:183} INFO - Processing /opt/airflow/dags/kpi_hourly_dag.py took 0.105 seconds
[2026-08-21T10:51:22.306+0000] {processor.py:161} INFO - Started process (PID=5739) to work on /opt/airflow/dags/kpi_hourly_dag.py
[2026-08-21T10:51:22.307+0000] {processor.py:830} INFO - Processing file /opt/airflow/dags/kpi_hourly_dag.py for tasks to queue
[2026-08-21T10:51:22.308+0000] {logging_mixin.py:188} INFO - [2026-08-21T10:51:22.308+0000] {dagbag.py:545} INFO - Filling up the DagBag from /opt/airflow/dags/kpi_hourly_dag.py
[2026-08-21T10:51:22.358+0000] {processor.py:840} INFO - DAG(s) 'cell_kpi_spatial_analytics_pipeline' retrieved from /opt/airflow/dags/kpi_hourly_dag.py
[2026-08-21T10:51:22.370+0000] {logging_mixin.py:188} INFO - [2026-08-21T10:51:22.370+0000] {dag.py:3096} INFO - Sync 1 DAGs
[2026-08-21T10:51:22.387+0000] {logging_mixin.py:188} INFO - [2026-08-21T10:51:22.387+0000] {dag.py:3954} INFO - Setting next_dagrun for cell_kpi_spatial_analytics_pipeline to None, run_after=None
[2026-08-21T10:51:22.400+0000] {processor.py:183} INFO - Processing /opt/airflow/dags/kpi_hourly_dag.py took 0.100 seconds
[2026-08-21T10:51:52.528+0000] {processor.py:161} INFO - Started process (PID=5749) to work on /opt/airflow/dags/kpi_hourly_dag.py
[2026-08-21T10:51:52.529+0000] {processor.py:830} INFO - Processing file /opt/airflow/dags/kpi_hourly_dag.py for tasks to queue
[2026-08-21T10:51:52.530+0000] {logging_mixin.py:188} INFO - [2026-08-21T10:51:52.530+0000] {dagbag.py:545} INFO - Filling up the DagBag from /opt/airflow/dags/kpi_hourly_dag.py
[2026-08-21T10:51:52.576+0000] {processor.py:840} INFO - DAG(s) 'cell_kpi_spatial_analytics_pipeline' retrieved from /opt/airflow/dags/kpi_hourly_dag.py
[2026-08-21T10:51:52.590+0000] {logging_mixin.py:188} INFO - [2026-08-21T10:51:52.590+0000] {dag.py:3096} INFO - Sync 1 DAGs
[2026-08-21T10:51:52.609+0000] {logging_mixin.py:188} INFO - [2026-08-21T10:51:52.609+0000] {dag.py:3954} INFO - Setting next_dagrun for cell_kpi_spatial_analytics_pipeline to None, run_after=None
[2026-08-21T10:51:52.623+0000] {processor.py:183} INFO - Processing /opt/airflow/dags/kpi_hourly_dag.py took 0.100 seconds
[2026-08-21T10:52:22.726+0000] {processor.py:161} INFO - Started process (PID=5759) to work on /opt/airflow/dags/kpi_hourly_dag.py
[2026-08-21T10:52:22.727+0000] {processor.py:830} INFO - Processing file /opt/airflow/dags/kpi_hourly_dag.py for tasks to queue
[2026-08-21T10:52:22.728+0000] {logging_mixin.py:188} INFO - [2026-08-21T10:52:22.728+0000] {dagbag.py:545} INFO - Filling up the DagBag from /opt/airflow/dags/kpi_hourly_dag.py
[2026-08-21T10:52:22.779+0000] {processor.py:840} INFO - DAG(s) 'cell_kpi_spatial_analytics_pipeline' retrieved from /opt/airflow/dags/kpi_hourly_dag.py
[2026-08-21T10:52:22.791+0000] {logging_mixin.py:188} INFO - [2026-08-21T10:52:22.791+0000] {dag.py:3096} INFO - Sync 1 DAGs
[2026-08-21T10:52:22.814+0000] {logging_mixin.py:188} INFO - [2026-08-21T10:52:22.813+0000] {dag.py:3954} INFO - Setting next_dagrun for cell_kpi_spatial_analytics_pipeline to None, run_after=None
[2026-08-21T10:52:22.831+0000] {processor.py:183} INFO - Processing /opt/airflow/dags/kpi_hourly_dag.py took 0.111 seconds
[2026-08-21T10:52:52.919+0000] {processor.py:161} INFO - Started process (PID=5769) to work on /opt/airflow/dags/kpi_hourly_dag.py
[2026-08-21T10:52:52.920+0000] {processor.py:830} INFO - Processing file /opt/airflow/dags/kpi_hourly_dag.py for tasks to queue
[2026-08-21T10:52:52.921+0000] {logging_mixin.py:188} INFO - [2026-08-21T10:52:52.921+0000] {dagbag.py:545} INFO - Filling up the DagBag from /opt/airflow/dags/kpi_hourly_dag.py
[2026-08-21T10:52:52.966+0000] {processor.py:840} INFO - DAG(s) 'cell_kpi_spatial_analytics_pipeline' retrieved from /opt/airflow/dags/kpi_hourly_dag.py
[2026-08-21T10:52:52.976+0000] {logging_mixin.py:188} INFO - [2026-08-21T10:52:52.976+0000] {dag.py:3096} INFO - Sync 1 DAGs
[2026-08-21T10:52:52.999+0000] {logging_mixin.py:188} INFO - [2026-08-21T10:52:52.999+0000] {dag.py:3954} INFO - Setting next_dagrun for cell_kpi_spatial_analytics_pipeline to None, run_after=None
[2026-08-21T10:52:53.017+0000] {processor.py:183} INFO - Processing /opt/airflow/dags/kpi_hourly_dag.py took 0.103 seconds
[2026-08-21T10:53:23.120+0000] {processor.py:161} INFO - Started process (PID=5779) to work on /opt/airflow/dags/kpi_hourly_dag.py
[2026-08-21T10:53:23.120+0000] {processor.py:830} INFO - Processing file /opt/airflow/dags/kpi_hourly_dag.py for tasks to queue
[2026-08-21T10:53:23.122+0000] {logging_mixin.py:188} INFO - [2026-08-21T10:53:23.122+0000] {dagbag.py:545} INFO - Filling up the DagBag from /opt/airflow/dags/kpi_hourly_dag.py
[2026-08-21T10:53:23.166+0000] {processor.py:840} INFO - DAG(s) 'cell_kpi_spatial_analytics_pipeline' retrieved from /opt/airflow/dags/kpi_hourly_dag.py
[2026-08-21T10:53:23.177+0000] {logging_mixin.py:188} INFO - [2026-08-21T10:53:23.177+0000] {dag.py:3096} INFO - Sync 1 DAGs
[2026-08-21T10:53:23.194+0000] {logging_mixin.py:188} INFO - [2026-08-21T10:53:23.194+0000] {dag.py:3954} INFO - Setting next_dagrun for cell_kpi_spatial_analytics_pipeline to None, run_after=None
[2026-08-21T10:53:23.208+0000] {processor.py:183} INFO - Processing /opt/airflow/dags/kpi_hourly_dag.py took 0.094 seconds
[2026-08-21T10:53:53.318+0000] {processor.py:161} INFO - Started process (PID=5789) to work on /opt/airflow/dags/kpi_hourly_dag.py
[2026-08-21T10:53:53.319+0000] {processor.py:830} INFO - Processing file /opt/airflow/dags/kpi_hourly_dag.py for tasks to queue
[2026-08-21T10:53:53.320+0000] {logging_mixin.py:188} INFO - [2026-08-21T10:53:53.320+0000] {dagbag.py:545} INFO - Filling up the DagBag from /opt/airflow/dags/kpi_hourly_dag.py
[2026-08-21T10:53:53.364+0000] {processor.py:840} INFO - DAG(s) 'cell_kpi_spatial_analytics_pipeline' retrieved from /opt/airflow/dags/kpi_hourly_dag.py
[2026-08-21T10:53:53.375+0000] {logging_mixin.py:188} INFO - [2026-08-21T10:53:53.375+0000] {dag.py:3096} INFO - Sync 1 DAGs
[2026-08-21T10:53:53.393+0000] {logging_mixin.py:188} INFO - [2026-08-21T10:53:53.393+0000] {dag.py:3954} INFO - Setting next_dagrun for cell_kpi_spatial_analytics_pipeline to None, run_after=None
[2026-08-21T10:53:53.408+0000] {processor.py:183} INFO - Processing /opt/airflow/dags/kpi_hourly_dag.py took 0.095 seconds
[2026-08-21T10:54:23.514+0000] {processor.py:161} INFO - Started process (PID=5799) to work on /opt/airflow/dags/kpi_hourly_dag.py
[2026-08-21T10:54:23.515+0000] {processor.py:830} INFO - Processing file /opt/airflow/dags/kpi_hourly_dag.py for tasks to queue
[2026-08-21T10:54:23.516+0000] {logging_mixin.py:188} INFO - [2026-08-21T10:54:23.516+0000] {dagbag.py:545} INFO - Filling up the DagBag from /opt/airflow/dags/kpi_hourly_dag.py
[2026-08-21T10:54:23.566+0000] {processor.py:840} INFO - DAG(s) 'cell_kpi_spatial_analytics_pipeline' retrieved from /opt/airflow/dags/kpi_hourly_dag.py
[2026-08-21T10:54:23.580+0000] {logging_mixin.py:188} INFO - [2026-08-21T10:54:23.580+0000] {dag.py:3096} INFO - Sync 1 DAGs
[2026-08-21T10:54:23.603+0000] {logging_mixin.py:188} INFO - [2026-08-21T10:54:23.603+0000] {dag.py:3954} INFO - Setting next_dagrun for cell_kpi_spatial_analytics_pipeline to None, run_after=None
[2026-08-21T10:54:23.620+0000] {processor.py:183} INFO - Processing /opt/airflow/dags/kpi_hourly_dag.py took 0.112 seconds
[2026-08-21T10:54:53.709+0000] {processor.py:161} INFO - Started process (PID=5809) to work on /opt/airflow/dags/kpi_hourly_dag.py
[2026-08-21T10:54:53.709+0000] {processor.py:830} INFO - Processing file /opt/airflow/dags/kpi_hourly_dag.py for tasks to queue
[2026-08-21T10:54:53.711+0000] {logging_mixin.py:188} INFO - [2026-08-21T10:54:53.710+0000] {dagbag.py:545} INFO - Filling up the DagBag from /opt/airflow/dags/kpi_hourly_dag.py
[2026-08-21T10:54:53.758+0000] {processor.py:840} INFO - DAG(s) 'cell_kpi_spatial_analytics_pipeline' retrieved from /opt/airflow/dags/kpi_hourly_dag.py
[2026-08-21T10:54:53.768+0000] {logging_mixin.py:188} INFO - [2026-08-21T10:54:53.768+0000] {dag.py:3096} INFO - Sync 1 DAGs
[2026-08-21T10:54:53.787+0000] {logging_mixin.py:188} INFO - [2026-08-21T10:54:53.787+0000] {dag.py:3954} INFO - Setting next_dagrun for cell_kpi_spatial_analytics_pipeline to None, run_after=None
[2026-08-21T10:54:53.801+0000] {processor.py:183} INFO - Processing /opt/airflow/dags/kpi_hourly_dag.py took 0.098 seconds
[2026-08-21T10:55:23.830+0000] {processor.py:161} INFO - Started process (PID=5819) to work on /opt/airflow/dags/kpi_hourly_dag.py
[2026-08-21T10:55:23.831+0000] {processor.py:830} INFO - Processing file /opt/airflow/dags/kpi_hourly_dag.py for tasks to queue
[2026-08-21T10:55:23.832+0000] {logging_mixin.py:188} INFO - [2026-08-21T10:55:23.832+0000] {dagbag.py:545} INFO - Filling up the DagBag from /opt/airflow/dags/kpi_hourly_dag.py
[2026-08-21T10:55:23.879+0000] {processor.py:840} INFO - DAG(s) 'cell_kpi_spatial_analytics_pipeline' retrieved from /opt/airflow/dags/kpi_hourly_dag.py
[2026-08-21T10:55:23.891+0000] {logging_mixin.py:188} INFO - [2026-08-21T10:55:23.890+0000] {dag.py:3096} INFO - Sync 1 DAGs
[2026-08-21T10:55:23.908+0000] {logging_mixin.py:188} INFO - [2026-08-21T10:55:23.908+0000] {dag.py:3954} INFO - Setting next_dagrun for cell_kpi_spatial_analytics_pipeline to None, run_after=None
[2026-08-21T10:55:23.922+0000] {processor.py:183} INFO - Processing /opt/airflow/dags/kpi_hourly_dag.py took 0.097 seconds
[2026-08-21T10:55:54.046+0000] {processor.py:161} INFO - Started process (PID=5829) to work on /opt/airflow/dags/kpi_hourly_dag.py
[2026-08-21T10:55:54.047+0000] {processor.py:830} INFO - Processing file /opt/airflow/dags/kpi_hourly_dag.py for tasks to queue
[2026-08-21T10:55:54.049+0000] {logging_mixin.py:188} INFO - [2026-08-21T10:55:54.048+0000] {dagbag.py:545} INFO - Filling up the DagBag from /opt/airflow/dags/kpi_hourly_dag.py
[2026-08-21T10:55:54.102+0000] {processor.py:840} INFO - DAG(s) 'cell_kpi_spatial_analytics_pipeline' retrieved from /opt/airflow/dags/kpi_hourly_dag.py
[2026-08-21T10:55:54.113+0000] {logging_mixin.py:188} INFO - [2026-08-21T10:55:54.113+0000] {dag.py:3096} INFO - Sync 1 DAGs
[2026-08-21T10:55:54.132+0000] {logging_mixin.py:188} INFO - [2026-08-21T10:55:54.131+0000] {dag.py:3954} INFO - Setting next_dagrun for cell_kpi_spatial_analytics_pipeline to None, run_after=None
[2026-08-21T10:55:54.146+0000] {processor.py:183} INFO - Processing /opt/airflow/dags/kpi_hourly_dag.py took 0.108 seconds
[2026-08-21T10:56:24.273+0000] {processor.py:161} INFO - Started process (PID=5839) to work on /opt/airflow/dags/kpi_hourly_dag.py
[2026-08-21T10:56:24.273+0000] {processor.py:830} INFO - Processing file /opt/airflow/dags/kpi_hourly_dag.py for tasks to queue
[2026-08-21T10:56:24.275+0000] {logging_mixin.py:188} INFO - [2026-08-21T10:56:24.274+0000] {dagbag.py:545} INFO - Filling up the DagBag from /opt/airflow/dags/kpi_hourly_dag.py
[2026-08-21T10:56:24.318+0000] {processor.py:840} INFO - DAG(s) 'cell_kpi_spatial_analytics_pipeline' retrieved from /opt/airflow/dags/kpi_hourly_dag.py
[2026-08-21T10:56:24.329+0000] {logging_mixin.py:188} INFO - [2026-08-21T10:56:24.329+0000] {dag.py:3096} INFO - Sync 1 DAGs
[2026-08-21T10:56:24.351+0000] {logging_mixin.py:188} INFO - [2026-08-21T10:56:24.351+0000] {dag.py:3954} INFO - Setting next_dagrun for cell_kpi_spatial_analytics_pipeline to None, run_after=None
[2026-08-21T10:56:24.366+0000] {processor.py:183} INFO - Processing /opt/airflow/dags/kpi_hourly_dag.py took 0.098 seconds
[2026-08-21T10:56:54.485+0000] {processor.py:161} INFO - Started process (PID=5849) to work on /opt/airflow/dags/kpi_hourly_dag.py
[2026-08-21T10:56:54.486+0000] {processor.py:830} INFO - Processing file /opt/airflow/dags/kpi_hourly_dag.py for tasks to queue
[2026-08-21T10:56:54.487+0000] {logging_mixin.py:188} INFO - [2026-08-21T10:56:54.487+0000] {dagbag.py:545} INFO - Filling up the DagBag from /opt/airflow/dags/kpi_hourly_dag.py
[2026-08-21T10:56:54.530+0000] {processor.py:840} INFO - DAG(s) 'cell_kpi_spatial_analytics_pipeline' retrieved from /opt/airflow/dags/kpi_hourly_dag.py
[2026-08-21T10:56:54.541+0000] {logging_mixin.py:188} INFO - [2026-08-21T10:56:54.541+0000] {dag.py:3096} INFO - Sync 1 DAGs
[2026-08-21T10:56:54.560+0000] {logging_mixin.py:188} INFO - [2026-08-21T10:56:54.560+0000] {dag.py:3954} INFO - Setting next_dagrun for cell_kpi_spatial_analytics_pipeline to None, run_after=None
[2026-08-21T10:56:54.574+0000] {processor.py:183} INFO - Processing /opt/airflow/dags/kpi_hourly_dag.py took 0.094 seconds
[2026-08-21T10:57:24.693+0000] {processor.py:161} INFO - Started process (PID=5862) to work on /opt/airflow/dags/kpi_hourly_dag.py
[2026-08-21T10:57:24.693+0000] {processor.py:830} INFO - Processing file /opt/airflow/dags/kpi_hourly_dag.py for tasks to queue
[2026-08-21T10:57:24.695+0000] {logging_mixin.py:188} INFO - [2026-08-21T10:57:24.694+0000] {dagbag.py:545} INFO - Filling up the DagBag from /opt/airflow/dags/kpi_hourly_dag.py
[2026-08-21T10:57:24.741+0000] {processor.py:840} INFO - DAG(s) 'cell_kpi_spatial_analytics_pipeline' retrieved from /opt/airflow/dags/kpi_hourly_dag.py
[2026-08-21T10:57:24.754+0000] {logging_mixin.py:188} INFO - [2026-08-21T10:57:24.754+0000] {dag.py:3096} INFO - Sync 1 DAGs
[2026-08-21T10:57:24.772+0000] {logging_mixin.py:188} INFO - [2026-08-21T10:57:24.772+0000] {dag.py:3954} INFO - Setting next_dagrun for cell_kpi_spatial_analytics_pipeline to None, run_after=None
[2026-08-21T10:57:24.786+0000] {processor.py:183} INFO - Processing /opt/airflow/dags/kpi_hourly_dag.py took 0.098 seconds
[2026-08-21T10:57:55.019+0000] {processor.py:161} INFO - Started process (PID=5890) to work on /opt/airflow/dags/kpi_hourly_dag.py
[2026-08-21T10:57:55.020+0000] {processor.py:830} INFO - Processing file /opt/airflow/dags/kpi_hourly_dag.py for tasks to queue
[2026-08-21T10:57:55.021+0000] {logging_mixin.py:188} INFO - [2026-08-21T10:57:55.021+0000] {dagbag.py:545} INFO - Filling up the DagBag from /opt/airflow/dags/kpi_hourly_dag.py
[2026-08-21T10:57:55.069+0000] {processor.py:840} INFO - DAG(s) 'cell_kpi_spatial_analytics_pipeline' retrieved from /opt/airflow/dags/kpi_hourly_dag.py
[2026-08-21T10:57:55.080+0000] {logging_mixin.py:188} INFO - [2026-08-21T10:57:55.079+0000] {dag.py:3096} INFO - Sync 1 DAGs
[2026-08-21T10:57:55.098+0000] {logging_mixin.py:188} INFO - [2026-08-21T10:57:55.098+0000] {dag.py:3954} INFO - Setting next_dagrun for cell_kpi_spatial_analytics_pipeline to None, run_after=None
[2026-08-21T10:57:55.112+0000] {processor.py:183} INFO - Processing /opt/airflow/dags/kpi_hourly_dag.py took 0.099 seconds
[2026-08-21T10:58:25.321+0000] {processor.py:161} INFO - Started process (PID=5907) to work on /opt/airflow/dags/kpi_hourly_dag.py
[2026-08-21T10:58:25.322+0000] {processor.py:830} INFO - Processing file /opt/airflow/dags/kpi_hourly_dag.py for tasks to queue
[2026-08-21T10:58:25.323+0000] {logging_mixin.py:188} INFO - [2026-08-21T10:58:25.323+0000] {dagbag.py:545} INFO - Filling up the DagBag from /opt/airflow/dags/kpi_hourly_dag.py
[2026-08-21T10:58:25.373+0000] {processor.py:840} INFO - DAG(s) 'cell_kpi_spatial_analytics_pipeline' retrieved from /opt/airflow/dags/kpi_hourly_dag.py
[2026-08-21T10:58:25.383+0000] {logging_mixin.py:188} INFO - [2026-08-21T10:58:25.383+0000] {dag.py:3096} INFO - Sync 1 DAGs
[2026-08-21T10:58:25.401+0000] {logging_mixin.py:188} INFO - [2026-08-21T10:58:25.401+0000] {dag.py:3954} INFO - Setting next_dagrun for cell_kpi_spatial_analytics_pipeline to None, run_after=None
[2026-08-21T10:58:25.417+0000] {processor.py:183} INFO - Processing /opt/airflow/dags/kpi_hourly_dag.py took 0.101 seconds
[2026-08-21T10:58:55.520+0000] {processor.py:161} INFO - Started process (PID=5917) to work on /opt/airflow/dags/kpi_hourly_dag.py
[2026-08-21T10:58:55.521+0000] {processor.py:830} INFO - Processing file /opt/airflow/dags/kpi_hourly_dag.py for tasks to queue
[2026-08-21T10:58:55.522+0000] {logging_mixin.py:188} INFO - [2026-08-21T10:58:55.522+0000] {dagbag.py:545} INFO - Filling up the DagBag from /opt/airflow/dags/kpi_hourly_dag.py
[2026-08-21T10:58:55.566+0000] {processor.py:840} INFO - DAG(s) 'cell_kpi_spatial_analytics_pipeline' retrieved from /opt/airflow/dags/kpi_hourly_dag.py
[2026-08-21T10:58:55.577+0000] {logging_mixin.py:188} INFO - [2026-08-21T10:58:55.576+0000] {dag.py:3096} INFO - Sync 1 DAGs
[2026-08-21T10:58:55.595+0000] {logging_mixin.py:188} INFO - [2026-08-21T10:58:55.595+0000] {dag.py:3954} INFO - Setting next_dagrun for cell_kpi_spatial_analytics_pipeline to None, run_after=None
[2026-08-21T10:58:55.609+0000] {processor.py:183} INFO - Processing /opt/airflow/dags/kpi_hourly_dag.py took 0.095 seconds
[2026-08-21T10:59:25.745+0000] {processor.py:161} INFO - Started process (PID=5927) to work on /opt/airflow/dags/kpi_hourly_dag.py
[2026-08-21T10:59:25.746+0000] {processor.py:830} INFO - Processing file /opt/airflow/dags/kpi_hourly_dag.py for tasks to queue
[2026-08-21T10:59:25.747+0000] {logging_mixin.py:188} INFO - [2026-08-21T10:59:25.747+0000] {dagbag.py:545} INFO - Filling up the DagBag from /opt/airflow/dags/kpi_hourly_dag.py
[2026-08-21T10:59:25.794+0000] {processor.py:840} INFO - DAG(s) 'cell_kpi_spatial_analytics_pipeline' retrieved from /opt/airflow/dags/kpi_hourly_dag.py
[2026-08-21T10:59:25.805+0000] {logging_mixin.py:188} INFO - [2026-08-21T10:59:25.805+0000] {dag.py:3096} INFO - Sync 1 DAGs
[2026-08-21T10:59:25.823+0000] {logging_mixin.py:188} INFO - [2026-08-21T10:59:25.823+0000] {dag.py:3954} INFO - Setting next_dagrun for cell_kpi_spatial_analytics_pipeline to None, run_after=None
[2026-08-21T10:59:25.840+0000] {processor.py:183} INFO - Processing /opt/airflow/dags/kpi_hourly_dag.py took 0.101 seconds
[2026-08-21T10:59:55.965+0000] {processor.py:161} INFO - Started process (PID=5937) to work on /opt/airflow/dags/kpi_hourly_dag.py
[2026-08-21T10:59:55.966+0000] {processor.py:830} INFO - Processing file /opt/airflow/dags/kpi_hourly_dag.py for tasks to queue
[2026-08-21T10:59:55.967+0000] {logging_mixin.py:188} INFO - [2026-08-21T10:59:55.967+0000] {dagbag.py:545} INFO - Filling up the DagBag from /opt/airflow/dags/kpi_hourly_dag.py
[2026-08-21T10:59:56.016+0000] {processor.py:840} INFO - DAG(s) 'cell_kpi_spatial_analytics_pipeline' retrieved from /opt/airflow/dags/kpi_hourly_dag.py
[2026-08-21T10:59:56.029+0000] {logging_mixin.py:188} INFO - [2026-08-21T10:59:56.029+0000] {dag.py:3096} INFO - Sync 1 DAGs
[2026-08-21T10:59:56.050+0000] {logging_mixin.py:188} INFO - [2026-08-21T10:59:56.050+0000] {dag.py:3954} INFO - Setting next_dagrun for cell_kpi_spatial_analytics_pipeline to None, run_after=None
[2026-08-21T10:59:56.064+0000] {processor.py:183} INFO - Processing /opt/airflow/dags/kpi_hourly_dag.py took 0.104 seconds
[2026-08-21T11:00:26.090+0000] {processor.py:161} INFO - Started process (PID=5947) to work on /opt/airflow/dags/kpi_hourly_dag.py
[2026-08-21T11:00:26.091+0000] {processor.py:830} INFO - Processing file /opt/airflow/dags/kpi_hourly_dag.py for tasks to queue
[2026-08-21T11:00:26.092+0000] {logging_mixin.py:188} INFO - [2026-08-21T11:00:26.092+0000] {dagbag.py:545} INFO - Filling up the DagBag from /opt/airflow/dags/kpi_hourly_dag.py
[2026-08-21T11:00:26.137+0000] {processor.py:840} INFO - DAG(s) 'cell_kpi_spatial_analytics_pipeline' retrieved from /opt/airflow/dags/kpi_hourly_dag.py
[2026-08-21T11:00:26.149+0000] {logging_mixin.py:188} INFO - [2026-08-21T11:00:26.148+0000] {dag.py:3096} INFO - Sync 1 DAGs
[2026-08-21T11:00:26.168+0000] {logging_mixin.py:188} INFO - [2026-08-21T11:00:26.168+0000] {dag.py:3954} INFO - Setting next_dagrun for cell_kpi_spatial_analytics_pipeline to None, run_after=None
[2026-08-21T11:00:26.183+0000] {processor.py:183} INFO - Processing /opt/airflow/dags/kpi_hourly_dag.py took 0.099 seconds
[2026-08-21T11:00:56.311+0000] {processor.py:161} INFO - Started process (PID=5957) to work on /opt/airflow/dags/kpi_hourly_dag.py
[2026-08-21T11:00:56.312+0000] {processor.py:830} INFO - Processing file /opt/airflow/dags/kpi_hourly_dag.py for tasks to queue
[2026-08-21T11:00:56.313+0000] {logging_mixin.py:188} INFO - [2026-08-21T11:00:56.313+0000] {dagbag.py:545} INFO - Filling up the DagBag from /opt/airflow/dags/kpi_hourly_dag.py
[2026-08-21T11:00:56.359+0000] {processor.py:840} INFO - DAG(s) 'cell_kpi_spatial_analytics_pipeline' retrieved from /opt/airflow/dags/kpi_hourly_dag.py
[2026-08-21T11:00:56.372+0000] {logging_mixin.py:188} INFO - [2026-08-21T11:00:56.371+0000] {dag.py:3096} INFO - Sync 1 DAGs
[2026-08-21T11:00:56.394+0000] {logging_mixin.py:188} INFO - [2026-08-21T11:00:56.394+0000] {dag.py:3954} INFO - Setting next_dagrun for cell_kpi_spatial_analytics_pipeline to None, run_after=None
[2026-08-21T11:00:56.408+0000] {processor.py:183} INFO - Processing /opt/airflow/dags/kpi_hourly_dag.py took 0.102 seconds
[2026-08-21T11:01:26.547+0000] {processor.py:161} INFO - Started process (PID=5967) to work on /opt/airflow/dags/kpi_hourly_dag.py
[2026-08-21T11:01:26.548+0000] {processor.py:830} INFO - Processing file /opt/airflow/dags/kpi_hourly_dag.py for tasks to queue
[2026-08-21T11:01:26.550+0000] {logging_mixin.py:188} INFO - [2026-08-21T11:01:26.550+0000] {dagbag.py:545} INFO - Filling up the DagBag from /opt/airflow/dags/kpi_hourly_dag.py
[2026-08-21T11:01:26.600+0000] {processor.py:840} INFO - DAG(s) 'cell_kpi_spatial_analytics_pipeline' retrieved from /opt/airflow/dags/kpi_hourly_dag.py
[2026-08-21T11:01:26.613+0000] {logging_mixin.py:188} INFO - [2026-08-21T11:01:26.613+0000] {dag.py:3096} INFO - Sync 1 DAGs
[2026-08-21T11:01:26.630+0000] {logging_mixin.py:188} INFO - [2026-08-21T11:01:26.630+0000] {dag.py:3954} INFO - Setting next_dagrun for cell_kpi_spatial_analytics_pipeline to None, run_after=None
[2026-08-21T11:01:26.644+0000] {processor.py:183} INFO - Processing /opt/airflow/dags/kpi_hourly_dag.py took 0.104 seconds
[2026-08-21T11:01:56.742+0000] {processor.py:161} INFO - Started process (PID=5977) to work on /opt/airflow/dags/kpi_hourly_dag.py
[2026-08-21T11:01:56.743+0000] {processor.py:830} INFO - Processing file /opt/airflow/dags/kpi_hourly_dag.py for tasks to queue
[2026-08-21T11:01:56.745+0000] {logging_mixin.py:188} INFO - [2026-08-21T11:01:56.745+0000] {dagbag.py:545} INFO - Filling up the DagBag from /opt/airflow/dags/kpi_hourly_dag.py
[2026-08-21T11:01:56.791+0000] {processor.py:840} INFO - DAG(s) 'cell_kpi_spatial_analytics_pipeline' retrieved from /opt/airflow/dags/kpi_hourly_dag.py
[2026-08-21T11:01:56.803+0000] {logging_mixin.py:188} INFO - [2026-08-21T11:01:56.803+0000] {dag.py:3096} INFO - Sync 1 DAGs
[2026-08-21T11:01:56.823+0000] {logging_mixin.py:188} INFO - [2026-08-21T11:01:56.822+0000] {dag.py:3954} INFO - Setting next_dagrun for cell_kpi_spatial_analytics_pipeline to None, run_after=None
[2026-08-21T11:01:56.837+0000] {processor.py:183} INFO - Processing /opt/airflow/dags/kpi_hourly_dag.py took 0.102 seconds
[2026-08-21T11:02:26.951+0000] {processor.py:161} INFO - Started process (PID=5987) to work on /opt/airflow/dags/kpi_hourly_dag.py
[2026-08-21T11:02:26.952+0000] {processor.py:830} INFO - Processing file /opt/airflow/dags/kpi_hourly_dag.py for tasks to queue
[2026-08-21T11:02:26.954+0000] {logging_mixin.py:188} INFO - [2026-08-21T11:02:26.954+0000] {dagbag.py:545} INFO - Filling up the DagBag from /opt/airflow/dags/kpi_hourly_dag.py
[2026-08-21T11:02:26.999+0000] {processor.py:840} INFO - DAG(s) 'cell_kpi_spatial_analytics_pipeline' retrieved from /opt/airflow/dags/kpi_hourly_dag.py
[2026-08-21T11:02:27.010+0000] {logging_mixin.py:188} INFO - [2026-08-21T11:02:27.010+0000] {dag.py:3096} INFO - Sync 1 DAGs
[2026-08-21T11:02:27.029+0000] {logging_mixin.py:188} INFO - [2026-08-21T11:02:27.029+0000] {dag.py:3954} INFO - Setting next_dagrun for cell_kpi_spatial_analytics_pipeline to None, run_after=None
[2026-08-21T11:02:27.044+0000] {processor.py:183} INFO - Processing /opt/airflow/dags/kpi_hourly_dag.py took 0.100 seconds
[2026-08-21T11:02:57.145+0000] {processor.py:161} INFO - Started process (PID=5997) to work on /opt/airflow/dags/kpi_hourly_dag.py
[2026-08-21T11:02:57.146+0000] {processor.py:830} INFO - Processing file /opt/airflow/dags/kpi_hourly_dag.py for tasks to queue
[2026-08-21T11:02:57.148+0000] {logging_mixin.py:188} INFO - [2026-08-21T11:02:57.147+0000] {dagbag.py:545} INFO - Filling up the DagBag from /opt/airflow/dags/kpi_hourly_dag.py
[2026-08-21T11:02:57.201+0000] {processor.py:840} INFO - DAG(s) 'cell_kpi_spatial_analytics_pipeline' retrieved from /opt/airflow/dags/kpi_hourly_dag.py
[2026-08-21T11:02:57.215+0000] {logging_mixin.py:188} INFO - [2026-08-21T11:02:57.214+0000] {dag.py:3096} INFO - Sync 1 DAGs
[2026-08-21T11:02:57.237+0000] {logging_mixin.py:188} INFO - [2026-08-21T11:02:57.237+0000] {dag.py:3954} INFO - Setting next_dagrun for cell_kpi_spatial_analytics_pipeline to None, run_after=None
[2026-08-21T11:02:57.252+0000] {processor.py:183} INFO - Processing /opt/airflow/dags/kpi_hourly_dag.py took 0.112 seconds
[2026-08-21T11:03:27.337+0000] {processor.py:161} INFO - Started process (PID=6007) to work on /opt/airflow/dags/kpi_hourly_dag.py
[2026-08-21T11:03:27.338+0000] {processor.py:830} INFO - Processing file /opt/airflow/dags/kpi_hourly_dag.py for tasks to queue
[2026-08-21T11:03:27.339+0000] {logging_mixin.py:188} INFO - [2026-08-21T11:03:27.339+0000] {dagbag.py:545} INFO - Filling up the DagBag from /opt/airflow/dags/kpi_hourly_dag.py
[2026-08-21T11:03:27.387+0000] {processor.py:840} INFO - DAG(s) 'cell_kpi_spatial_analytics_pipeline' retrieved from /opt/airflow/dags/kpi_hourly_dag.py
[2026-08-21T11:03:27.398+0000] {logging_mixin.py:188} INFO - [2026-08-21T11:03:27.398+0000] {dag.py:3096} INFO - Sync 1 DAGs
[2026-08-21T11:03:27.420+0000] {logging_mixin.py:188} INFO - [2026-08-21T11:03:27.419+0000] {dag.py:3954} INFO - Setting next_dagrun for cell_kpi_spatial_analytics_pipeline to None, run_after=None
[2026-08-21T11:03:27.435+0000] {processor.py:183} INFO - Processing /opt/airflow/dags/kpi_hourly_dag.py took 0.104 seconds
[2026-08-21T11:03:57.527+0000] {processor.py:161} INFO - Started process (PID=6017) to work on /opt/airflow/dags/kpi_hourly_dag.py
[2026-08-21T11:03:57.528+0000] {processor.py:830} INFO - Processing file /opt/airflow/dags/kpi_hourly_dag.py for tasks to queue
[2026-08-21T11:03:57.529+0000] {logging_mixin.py:188} INFO - [2026-08-21T11:03:57.529+0000] {dagbag.py:545} INFO - Filling up the DagBag from /opt/airflow/dags/kpi_hourly_dag.py
[2026-08-21T11:03:57.580+0000] {processor.py:840} INFO - DAG(s) 'cell_kpi_spatial_analytics_pipeline' retrieved from /opt/airflow/dags/kpi_hourly_dag.py
[2026-08-21T11:03:57.591+0000] {logging_mixin.py:188} INFO - [2026-08-21T11:03:57.591+0000] {dag.py:3096} INFO - Sync 1 DAGs
[2026-08-21T11:03:57.609+0000] {logging_mixin.py:188} INFO - [2026-08-21T11:03:57.609+0000] {dag.py:3954} INFO - Setting next_dagrun for cell_kpi_spatial_analytics_pipeline to None, run_after=None
[2026-08-21T11:03:57.622+0000] {processor.py:183} INFO - Processing /opt/airflow/dags/kpi_hourly_dag.py took 0.100 seconds
[2026-08-21T11:04:27.718+0000] {processor.py:161} INFO - Started process (PID=6027) to work on /opt/airflow/dags/kpi_hourly_dag.py
[2026-08-21T11:04:27.719+0000] {processor.py:830} INFO - Processing file /opt/airflow/dags/kpi_hourly_dag.py for tasks to queue
[2026-08-21T11:04:27.721+0000] {logging_mixin.py:188} INFO - [2026-08-21T11:04:27.720+0000] {dagbag.py:545} INFO - Filling up the DagBag from /opt/airflow/dags/kpi_hourly_dag.py
[2026-08-21T11:04:27.768+0000] {processor.py:840} INFO - DAG(s) 'cell_kpi_spatial_analytics_pipeline' retrieved from /opt/airflow/dags/kpi_hourly_dag.py
[2026-08-21T11:04:27.778+0000] {logging_mixin.py:188} INFO - [2026-08-21T11:04:27.778+0000] {dag.py:3096} INFO - Sync 1 DAGs
[2026-08-21T11:04:27.797+0000] {logging_mixin.py:188} INFO - [2026-08-21T11:04:27.796+0000] {dag.py:3954} INFO - Setting next_dagrun for cell_kpi_spatial_analytics_pipeline to None, run_after=None
[2026-08-21T11:04:27.811+0000] {processor.py:183} INFO - Processing /opt/airflow/dags/kpi_hourly_dag.py took 0.098 seconds
[2026-08-21T11:04:57.920+0000] {processor.py:161} INFO - Started process (PID=6037) to work on /opt/airflow/dags/kpi_hourly_dag.py
[2026-08-21T11:04:57.921+0000] {processor.py:830} INFO - Processing file /opt/airflow/dags/kpi_hourly_dag.py for tasks to queue
[2026-08-21T11:04:57.923+0000] {logging_mixin.py:188} INFO - [2026-08-21T11:04:57.922+0000] {dagbag.py:545} INFO - Filling up the DagBag from /opt/airflow/dags/kpi_hourly_dag.py
[2026-08-21T11:04:57.972+0000] {processor.py:840} INFO - DAG(s) 'cell_kpi_spatial_analytics_pipeline' retrieved from /opt/airflow/dags/kpi_hourly_dag.py
[2026-08-21T11:04:57.982+0000] {logging_mixin.py:188} INFO - [2026-08-21T11:04:57.982+0000] {dag.py:3096} INFO - Sync 1 DAGs
[2026-08-21T11:04:58.000+0000] {logging_mixin.py:188} INFO - [2026-08-21T11:04:58.000+0000] {dag.py:3954} INFO - Setting next_dagrun for cell_kpi_spatial_analytics_pipeline to None, run_after=None
[2026-08-21T11:04:58.015+0000] {processor.py:183} INFO - Processing /opt/airflow/dags/kpi_hourly_dag.py took 0.099 seconds
[2026-08-21T11:05:28.121+0000] {processor.py:161} INFO - Started process (PID=6047) to work on /opt/airflow/dags/kpi_hourly_dag.py
[2026-08-21T11:05:28.122+0000] {processor.py:830} INFO - Processing file /opt/airflow/dags/kpi_hourly_dag.py for tasks to queue
[2026-08-21T11:05:28.124+0000] {logging_mixin.py:188} INFO - [2026-08-21T11:05:28.123+0000] {dagbag.py:545} INFO - Filling up the DagBag from /opt/airflow/dags/kpi_hourly_dag.py
[2026-08-21T11:05:28.172+0000] {processor.py:840} INFO - DAG(s) 'cell_kpi_spatial_analytics_pipeline' retrieved from /opt/airflow/dags/kpi_hourly_dag.py
[2026-08-21T11:05:28.183+0000] {logging_mixin.py:188} INFO - [2026-08-21T11:05:28.183+0000] {dag.py:3096} INFO - Sync 1 DAGs
[2026-08-21T11:05:28.201+0000] {logging_mixin.py:188} INFO - [2026-08-21T11:05:28.201+0000] {dag.py:3954} INFO - Setting next_dagrun for cell_kpi_spatial_analytics_pipeline to None, run_after=None
[2026-08-21T11:05:28.215+0000] {processor.py:183} INFO - Processing /opt/airflow/dags/kpi_hourly_dag.py took 0.099 seconds
[2026-08-21T11:05:58.311+0000] {processor.py:161} INFO - Started process (PID=6057) to work on /opt/airflow/dags/kpi_hourly_dag.py
[2026-08-21T11:05:58.312+0000] {processor.py:830} INFO - Processing file /opt/airflow/dags/kpi_hourly_dag.py for tasks to queue
[2026-08-21T11:05:58.313+0000] {logging_mixin.py:188} INFO - [2026-08-21T11:05:58.313+0000] {dagbag.py:545} INFO - Filling up the DagBag from /opt/airflow/dags/kpi_hourly_dag.py
[2026-08-21T11:05:58.360+0000] {processor.py:840} INFO - DAG(s) 'cell_kpi_spatial_analytics_pipeline' retrieved from /opt/airflow/dags/kpi_hourly_dag.py
[2026-08-21T11:05:58.371+0000] {logging_mixin.py:188} INFO - [2026-08-21T11:05:58.371+0000] {dag.py:3096} INFO - Sync 1 DAGs
[2026-08-21T11:05:58.393+0000] {logging_mixin.py:188} INFO - [2026-08-21T11:05:58.393+0000] {dag.py:3954} INFO - Setting next_dagrun for cell_kpi_spatial_analytics_pipeline to None, run_after=None
[2026-08-21T11:05:58.409+0000] {processor.py:183} INFO - Processing /opt/airflow/dags/kpi_hourly_dag.py took 0.103 seconds
[2026-08-21T11:06:28.499+0000] {processor.py:161} INFO - Started process (PID=6067) to work on /opt/airflow/dags/kpi_hourly_dag.py
[2026-08-21T11:06:28.500+0000] {processor.py:830} INFO - Processing file /opt/airflow/dags/kpi_hourly_dag.py for tasks to queue
[2026-08-21T11:06:28.501+0000] {logging_mixin.py:188} INFO - [2026-08-21T11:06:28.501+0000] {dagbag.py:545} INFO - Filling up the DagBag from /opt/airflow/dags/kpi_hourly_dag.py
[2026-08-21T11:06:28.549+0000] {processor.py:840} INFO - DAG(s) 'cell_kpi_spatial_analytics_pipeline' retrieved from /opt/airflow/dags/kpi_hourly_dag.py
[2026-08-21T11:06:28.560+0000] {logging_mixin.py:188} INFO - [2026-08-21T11:06:28.560+0000] {dag.py:3096} INFO - Sync 1 DAGs
[2026-08-21T11:06:28.578+0000] {logging_mixin.py:188} INFO - [2026-08-21T11:06:28.578+0000] {dag.py:3954} INFO - Setting next_dagrun for cell_kpi_spatial_analytics_pipeline to None, run_after=None
[2026-08-21T11:06:28.592+0000] {processor.py:183} INFO - Processing /opt/airflow/dags/kpi_hourly_dag.py took 0.098 seconds
[2026-08-21T11:06:58.685+0000] {processor.py:161} INFO - Started process (PID=6077) to work on /opt/airflow/dags/kpi_hourly_dag.py
[2026-08-21T11:06:58.686+0000] {processor.py:830} INFO - Processing file /opt/airflow/dags/kpi_hourly_dag.py for tasks to queue
[2026-08-21T11:06:58.687+0000] {logging_mixin.py:188} INFO - [2026-08-21T11:06:58.687+0000] {dagbag.py:545} INFO - Filling up the DagBag from /opt/airflow/dags/kpi_hourly_dag.py
[2026-08-21T11:06:58.743+0000] {processor.py:840} INFO - DAG(s) 'cell_kpi_spatial_analytics_pipeline' retrieved from /opt/airflow/dags/kpi_hourly_dag.py
[2026-08-21T11:06:58.760+0000] {logging_mixin.py:188} INFO - [2026-08-21T11:06:58.760+0000] {dag.py:3096} INFO - Sync 1 DAGs
[2026-08-21T11:06:58.790+0000] {logging_mixin.py:188} INFO - [2026-08-21T11:06:58.790+0000] {dag.py:3954} INFO - Setting next_dagrun for cell_kpi_spatial_analytics_pipeline to None, run_after=None
[2026-08-21T11:06:58.812+0000] {processor.py:183} INFO - Processing /opt/airflow/dags/kpi_hourly_dag.py took 0.132 seconds
[2026-08-21T11:07:28.885+0000] {processor.py:161} INFO - Started process (PID=6087) to work on /opt/airflow/dags/kpi_hourly_dag.py
[2026-08-21T11:07:28.886+0000] {processor.py:830} INFO - Processing file /opt/airflow/dags/kpi_hourly_dag.py for tasks to queue
[2026-08-21T11:07:28.887+0000] {logging_mixin.py:188} INFO - [2026-08-21T11:07:28.887+0000] {dagbag.py:545} INFO - Filling up the DagBag from /opt/airflow/dags/kpi_hourly_dag.py
[2026-08-21T11:07:28.932+0000] {processor.py:840} INFO - DAG(s) 'cell_kpi_spatial_analytics_pipeline' retrieved from /opt/airflow/dags/kpi_hourly_dag.py
[2026-08-21T11:07:28.946+0000] {logging_mixin.py:188} INFO - [2026-08-21T11:07:28.946+0000] {dag.py:3096} INFO - Sync 1 DAGs
[2026-08-21T11:07:28.969+0000] {logging_mixin.py:188} INFO - [2026-08-21T11:07:28.969+0000] {dag.py:3954} INFO - Setting next_dagrun for cell_kpi_spatial_analytics_pipeline to None, run_after=None
[2026-08-21T11:07:28.987+0000] {processor.py:183} INFO - Processing /opt/airflow/dags/kpi_hourly_dag.py took 0.107 seconds
[2026-08-21T11:07:59.083+0000] {processor.py:161} INFO - Started process (PID=6097) to work on /opt/airflow/dags/kpi_hourly_dag.py
[2026-08-21T11:07:59.084+0000] {processor.py:830} INFO - Processing file /opt/airflow/dags/kpi_hourly_dag.py for tasks to queue
[2026-08-21T11:07:59.085+0000] {logging_mixin.py:188} INFO - [2026-08-21T11:07:59.085+0000] {dagbag.py:545} INFO - Filling up the DagBag from /opt/airflow/dags/kpi_hourly_dag.py
[2026-08-21T11:07:59.130+0000] {processor.py:840} INFO - DAG(s) 'cell_kpi_spatial_analytics_pipeline' retrieved from /opt/airflow/dags/kpi_hourly_dag.py
[2026-08-21T11:07:59.145+0000] {logging_mixin.py:188} INFO - [2026-08-21T11:07:59.145+0000] {dag.py:3096} INFO - Sync 1 DAGs
[2026-08-21T11:07:59.165+0000] {logging_mixin.py:188} INFO - [2026-08-21T11:07:59.165+0000] {dag.py:3954} INFO - Setting next_dagrun for cell_kpi_spatial_analytics_pipeline to None, run_after=None
[2026-08-21T11:07:59.179+0000] {processor.py:183} INFO - Processing /opt/airflow/dags/kpi_hourly_dag.py took 0.101 seconds
[2026-08-21T11:08:29.280+0000] {processor.py:161} INFO - Started process (PID=6107) to work on /opt/airflow/dags/kpi_hourly_dag.py
[2026-08-21T11:08:29.281+0000] {processor.py:830} INFO - Processing file /opt/airflow/dags/kpi_hourly_dag.py for tasks to queue
[2026-08-21T11:08:29.282+0000] {logging_mixin.py:188} INFO - [2026-08-21T11:08:29.282+0000] {dagbag.py:545} INFO - Filling up the DagBag from /opt/airflow/dags/kpi_hourly_dag.py
[2026-08-21T11:08:29.327+0000] {processor.py:840} INFO - DAG(s) 'cell_kpi_spatial_analytics_pipeline' retrieved from /opt/airflow/dags/kpi_hourly_dag.py
[2026-08-21T11:08:29.339+0000] {logging_mixin.py:188} INFO - [2026-08-21T11:08:29.339+0000] {dag.py:3096} INFO - Sync 1 DAGs
[2026-08-21T11:08:29.359+0000] {logging_mixin.py:188} INFO - [2026-08-21T11:08:29.359+0000] {dag.py:3954} INFO - Setting next_dagrun for cell_kpi_spatial_analytics_pipeline to None, run_after=None
[2026-08-21T11:08:29.373+0000] {processor.py:183} INFO - Processing /opt/airflow/dags/kpi_hourly_dag.py took 0.098 seconds
[2026-08-21T11:08:59.477+0000] {processor.py:161} INFO - Started process (PID=6117) to work on /opt/airflow/dags/kpi_hourly_dag.py
[2026-08-21T11:08:59.478+0000] {processor.py:830} INFO - Processing file /opt/airflow/dags/kpi_hourly_dag.py for tasks to queue
[2026-08-21T11:08:59.480+0000] {logging_mixin.py:188} INFO - [2026-08-21T11:08:59.479+0000] {dagbag.py:545} INFO - Filling up the DagBag from /opt/airflow/dags/kpi_hourly_dag.py
[2026-08-21T11:08:59.524+0000] {processor.py:840} INFO - DAG(s) 'cell_kpi_spatial_analytics_pipeline' retrieved from /opt/airflow/dags/kpi_hourly_dag.py
[2026-08-21T11:08:59.535+0000] {logging_mixin.py:188} INFO - [2026-08-21T11:08:59.535+0000] {dag.py:3096} INFO - Sync 1 DAGs
[2026-08-21T11:08:59.555+0000] {logging_mixin.py:188} INFO - [2026-08-21T11:08:59.555+0000] {dag.py:3954} INFO - Setting next_dagrun for cell_kpi_spatial_analytics_pipeline to None, run_after=None
[2026-08-21T11:08:59.570+0000] {processor.py:183} INFO - Processing /opt/airflow/dags/kpi_hourly_dag.py took 0.098 seconds
[2026-08-21T11:09:29.672+0000] {processor.py:161} INFO - Started process (PID=6127) to work on /opt/airflow/dags/kpi_hourly_dag.py
[2026-08-21T11:09:29.673+0000] {processor.py:830} INFO - Processing file /opt/airflow/dags/kpi_hourly_dag.py for tasks to queue
[2026-08-21T11:09:29.675+0000] {logging_mixin.py:188} INFO - [2026-08-21T11:09:29.674+0000] {dagbag.py:545} INFO - Filling up the DagBag from /opt/airflow/dags/kpi_hourly_dag.py
[2026-08-21T11:09:29.718+0000] {processor.py:840} INFO - DAG(s) 'cell_kpi_spatial_analytics_pipeline' retrieved from /opt/airflow/dags/kpi_hourly_dag.py
[2026-08-21T11:09:29.730+0000] {logging_mixin.py:188} INFO - [2026-08-21T11:09:29.729+0000] {dag.py:3096} INFO - Sync 1 DAGs
[2026-08-21T11:09:29.747+0000] {logging_mixin.py:188} INFO - [2026-08-21T11:09:29.747+0000] {dag.py:3954} INFO - Setting next_dagrun for cell_kpi_spatial_analytics_pipeline to None, run_after=None
[2026-08-21T11:09:29.761+0000] {processor.py:183} INFO - Processing /opt/airflow/dags/kpi_hourly_dag.py took 0.094 seconds
[2026-08-21T11:09:59.787+0000] {processor.py:161} INFO - Started process (PID=6137) to work on /opt/airflow/dags/kpi_hourly_dag.py
[2026-08-21T11:09:59.788+0000] {processor.py:830} INFO - Processing file /opt/airflow/dags/kpi_hourly_dag.py for tasks to queue
[2026-08-21T11:09:59.789+0000] {logging_mixin.py:188} INFO - [2026-08-21T11:09:59.789+0000] {dagbag.py:545} INFO - Filling up the DagBag from /opt/airflow/dags/kpi_hourly_dag.py
[2026-08-21T11:09:59.833+0000] {processor.py:840} INFO - DAG(s) 'cell_kpi_spatial_analytics_pipeline' retrieved from /opt/airflow/dags/kpi_hourly_dag.py
[2026-08-21T11:09:59.845+0000] {logging_mixin.py:188} INFO - [2026-08-21T11:09:59.845+0000] {dag.py:3096} INFO - Sync 1 DAGs
[2026-08-21T11:09:59.864+0000] {logging_mixin.py:188} INFO - [2026-08-21T11:09:59.864+0000] {dag.py:3954} INFO - Setting next_dagrun for cell_kpi_spatial_analytics_pipeline to None, run_after=None
[2026-08-21T11:09:59.877+0000] {processor.py:183} INFO - Processing /opt/airflow/dags/kpi_hourly_dag.py took 0.095 seconds
[2026-08-21T11:10:30.005+0000] {processor.py:161} INFO - Started process (PID=6147) to work on /opt/airflow/dags/kpi_hourly_dag.py
[2026-08-21T11:10:30.006+0000] {processor.py:830} INFO - Processing file /opt/airflow/dags/kpi_hourly_dag.py for tasks to queue
[2026-08-21T11:10:30.007+0000] {logging_mixin.py:188} INFO - [2026-08-21T11:10:30.007+0000] {dagbag.py:545} INFO - Filling up the DagBag from /opt/airflow/dags/kpi_hourly_dag.py
[2026-08-21T11:10:30.056+0000] {processor.py:840} INFO - DAG(s) 'cell_kpi_spatial_analytics_pipeline' retrieved from /opt/airflow/dags/kpi_hourly_dag.py
[2026-08-21T11:10:30.073+0000] {logging_mixin.py:188} INFO - [2026-08-21T11:10:30.072+0000] {dag.py:3096} INFO - Sync 1 DAGs
[2026-08-21T11:10:30.098+0000] {logging_mixin.py:188} INFO - [2026-08-21T11:10:30.098+0000] {dag.py:3954} INFO - Setting next_dagrun for cell_kpi_spatial_analytics_pipeline to None, run_after=None
[2026-08-21T11:10:30.124+0000] {processor.py:183} INFO - Processing /opt/airflow/dags/kpi_hourly_dag.py took 0.124 seconds
[2026-08-21T11:11:00.253+0000] {processor.py:161} INFO - Started process (PID=6157) to work on /opt/airflow/dags/kpi_hourly_dag.py
[2026-08-21T11:11:00.254+0000] {processor.py:830} INFO - Processing file /opt/airflow/dags/kpi_hourly_dag.py for tasks to queue
[2026-08-21T11:11:00.256+0000] {logging_mixin.py:188} INFO - [2026-08-21T11:11:00.255+0000] {dagbag.py:545} INFO - Filling up the DagBag from /opt/airflow/dags/kpi_hourly_dag.py
[2026-08-21T11:11:00.302+0000] {processor.py:840} INFO - DAG(s) 'cell_kpi_spatial_analytics_pipeline' retrieved from /opt/airflow/dags/kpi_hourly_dag.py
[2026-08-21T11:11:00.313+0000] {logging_mixin.py:188} INFO - [2026-08-21T11:11:00.313+0000] {dag.py:3096} INFO - Sync 1 DAGs
[2026-08-21T11:11:00.332+0000] {logging_mixin.py:188} INFO - [2026-08-21T11:11:00.332+0000] {dag.py:3954} INFO - Setting next_dagrun for cell_kpi_spatial_analytics_pipeline to None, run_after=None
[2026-08-21T11:11:00.349+0000] {processor.py:183} INFO - Processing /opt/airflow/dags/kpi_hourly_dag.py took 0.101 seconds
[2026-08-21T11:11:30.461+0000] {processor.py:161} INFO - Started process (PID=6167) to work on /opt/airflow/dags/kpi_hourly_dag.py
[2026-08-21T11:11:30.462+0000] {processor.py:830} INFO - Processing file /opt/airflow/dags/kpi_hourly_dag.py for tasks to queue
[2026-08-21T11:11:30.464+0000] {logging_mixin.py:188} INFO - [2026-08-21T11:11:30.464+0000] {dagbag.py:545} INFO - Filling up the DagBag from /opt/airflow/dags/kpi_hourly_dag.py
[2026-08-21T11:11:30.510+0000] {processor.py:840} INFO - DAG(s) 'cell_kpi_spatial_analytics_pipeline' retrieved from /opt/airflow/dags/kpi_hourly_dag.py
[2026-08-21T11:11:30.522+0000] {logging_mixin.py:188} INFO - [2026-08-21T11:11:30.522+0000] {dag.py:3096} INFO - Sync 1 DAGs
[2026-08-21T11:11:30.542+0000] {logging_mixin.py:188} INFO - [2026-08-21T11:11:30.542+0000] {dag.py:3954} INFO - Setting next_dagrun for cell_kpi_spatial_analytics_pipeline to None, run_after=None
[2026-08-21T11:11:30.558+0000] {processor.py:183} INFO - Processing /opt/airflow/dags/kpi_hourly_dag.py took 0.105 seconds
[2026-08-21T11:12:00.649+0000] {processor.py:161} INFO - Started process (PID=6177) to work on /opt/airflow/dags/kpi_hourly_dag.py
[2026-08-21T11:12:00.650+0000] {processor.py:830} INFO - Processing file /opt/airflow/dags/kpi_hourly_dag.py for tasks to queue
[2026-08-21T11:12:00.651+0000] {logging_mixin.py:188} INFO - [2026-08-21T11:12:00.651+0000] {dagbag.py:545} INFO - Filling up the DagBag from /opt/airflow/dags/kpi_hourly_dag.py
[2026-08-21T11:12:00.696+0000] {processor.py:840} INFO - DAG(s) 'cell_kpi_spatial_analytics_pipeline' retrieved from /opt/airflow/dags/kpi_hourly_dag.py
[2026-08-21T11:12:00.707+0000] {logging_mixin.py:188} INFO - [2026-08-21T11:12:00.707+0000] {dag.py:3096} INFO - Sync 1 DAGs
[2026-08-21T11:12:00.725+0000] {logging_mixin.py:188} INFO - [2026-08-21T11:12:00.725+0000] {dag.py:3954} INFO - Setting next_dagrun for cell_kpi_spatial_analytics_pipeline to None, run_after=None
[2026-08-21T11:12:00.739+0000] {processor.py:183} INFO - Processing /opt/airflow/dags/kpi_hourly_dag.py took 0.096 seconds
[2026-08-21T11:12:30.840+0000] {processor.py:161} INFO - Started process (PID=6187) to work on /opt/airflow/dags/kpi_hourly_dag.py
[2026-08-21T11:12:30.841+0000] {processor.py:830} INFO - Processing file /opt/airflow/dags/kpi_hourly_dag.py for tasks to queue
[2026-08-21T11:12:30.842+0000] {logging_mixin.py:188} INFO - [2026-08-21T11:12:30.842+0000] {dagbag.py:545} INFO - Filling up the DagBag from /opt/airflow/dags/kpi_hourly_dag.py
[2026-08-21T11:12:30.888+0000] {processor.py:840} INFO - DAG(s) 'cell_kpi_spatial_analytics_pipeline' retrieved from /opt/airflow/dags/kpi_hourly_dag.py
[2026-08-21T11:12:30.898+0000] {logging_mixin.py:188} INFO - [2026-08-21T11:12:30.898+0000] {dag.py:3096} INFO - Sync 1 DAGs
[2026-08-21T11:12:30.917+0000] {logging_mixin.py:188} INFO - [2026-08-21T11:12:30.917+0000] {dag.py:3954} INFO - Setting next_dagrun for cell_kpi_spatial_analytics_pipeline to None, run_after=None
[2026-08-21T11:12:30.931+0000] {processor.py:183} INFO - Processing /opt/airflow/dags/kpi_hourly_dag.py took 0.096 seconds
[2026-08-21T11:13:01.033+0000] {processor.py:161} INFO - Started process (PID=6197) to work on /opt/airflow/dags/kpi_hourly_dag.py
[2026-08-21T11:13:01.034+0000] {processor.py:830} INFO - Processing file /opt/airflow/dags/kpi_hourly_dag.py for tasks to queue
[2026-08-21T11:13:01.036+0000] {logging_mixin.py:188} INFO - [2026-08-21T11:13:01.035+0000] {dagbag.py:545} INFO - Filling up the DagBag from /opt/airflow/dags/kpi_hourly_dag.py
[2026-08-21T11:13:01.088+0000] {processor.py:840} INFO - DAG(s) 'cell_kpi_spatial_analytics_pipeline' retrieved from /opt/airflow/dags/kpi_hourly_dag.py
[2026-08-21T11:13:01.099+0000] {logging_mixin.py:188} INFO - [2026-08-21T11:13:01.099+0000] {dag.py:3096} INFO - Sync 1 DAGs
[2026-08-21T11:13:01.124+0000] {logging_mixin.py:188} INFO - [2026-08-21T11:13:01.123+0000] {dag.py:3954} INFO - Setting next_dagrun for cell_kpi_spatial_analytics_pipeline to None, run_after=None
[2026-08-21T11:13:01.141+0000] {processor.py:183} INFO - Processing /opt/airflow/dags/kpi_hourly_dag.py took 0.114 seconds
[2026-08-21T11:13:31.223+0000] {processor.py:161} INFO - Started process (PID=6207) to work on /opt/airflow/dags/kpi_hourly_dag.py
[2026-08-21T11:13:31.224+0000] {processor.py:830} INFO - Processing file /opt/airflow/dags/kpi_hourly_dag.py for tasks to queue
[2026-08-21T11:13:31.225+0000] {logging_mixin.py:188} INFO - [2026-08-21T11:13:31.225+0000] {dagbag.py:545} INFO - Filling up the DagBag from /opt/airflow/dags/kpi_hourly_dag.py
[2026-08-21T11:13:31.269+0000] {processor.py:840} INFO - DAG(s) 'cell_kpi_spatial_analytics_pipeline' retrieved from /opt/airflow/dags/kpi_hourly_dag.py
[2026-08-21T11:13:31.281+0000] {logging_mixin.py:188} INFO - [2026-08-21T11:13:31.281+0000] {dag.py:3096} INFO - Sync 1 DAGs
[2026-08-21T11:13:31.300+0000] {logging_mixin.py:188} INFO - [2026-08-21T11:13:31.300+0000] {dag.py:3954} INFO - Setting next_dagrun for cell_kpi_spatial_analytics_pipeline to None, run_after=None
[2026-08-21T11:13:31.316+0000] {processor.py:183} INFO - Processing /opt/airflow/dags/kpi_hourly_dag.py took 0.098 seconds
[2026-08-21T11:14:01.419+0000] {processor.py:161} INFO - Started process (PID=6217) to work on /opt/airflow/dags/kpi_hourly_dag.py
[2026-08-21T11:14:01.420+0000] {processor.py:830} INFO - Processing file /opt/airflow/dags/kpi_hourly_dag.py for tasks to queue
[2026-08-21T11:14:01.421+0000] {logging_mixin.py:188} INFO - [2026-08-21T11:14:01.421+0000] {dagbag.py:545} INFO - Filling up the DagBag from /opt/airflow/dags/kpi_hourly_dag.py
[2026-08-21T11:14:01.471+0000] {processor.py:840} INFO - DAG(s) 'cell_kpi_spatial_analytics_pipeline' retrieved from /opt/airflow/dags/kpi_hourly_dag.py
[2026-08-21T11:14:01.482+0000] {logging_mixin.py:188} INFO - [2026-08-21T11:14:01.481+0000] {dag.py:3096} INFO - Sync 1 DAGs
[2026-08-21T11:14:01.500+0000] {logging_mixin.py:188} INFO - [2026-08-21T11:14:01.500+0000] {dag.py:3954} INFO - Setting next_dagrun for cell_kpi_spatial_analytics_pipeline to None, run_after=None
[2026-08-21T11:14:01.514+0000] {processor.py:183} INFO - Processing /opt/airflow/dags/kpi_hourly_dag.py took 0.100 seconds
[2026-08-21T11:14:31.614+0000] {processor.py:161} INFO - Started process (PID=6227) to work on /opt/airflow/dags/kpi_hourly_dag.py
[2026-08-21T11:14:31.615+0000] {processor.py:830} INFO - Processing file /opt/airflow/dags/kpi_hourly_dag.py for tasks to queue
[2026-08-21T11:14:31.616+0000] {logging_mixin.py:188} INFO - [2026-08-21T11:14:31.616+0000] {dagbag.py:545} INFO - Filling up the DagBag from /opt/airflow/dags/kpi_hourly_dag.py
[2026-08-21T11:14:31.666+0000] {processor.py:840} INFO - DAG(s) 'cell_kpi_spatial_analytics_pipeline' retrieved from /opt/airflow/dags/kpi_hourly_dag.py
[2026-08-21T11:14:31.677+0000] {logging_mixin.py:188} INFO - [2026-08-21T11:14:31.677+0000] {dag.py:3096} INFO - Sync 1 DAGs
[2026-08-21T11:14:31.696+0000] {logging_mixin.py:188} INFO - [2026-08-21T11:14:31.696+0000] {dag.py:3954} INFO - Setting next_dagrun for cell_kpi_spatial_analytics_pipeline to None, run_after=None
[2026-08-21T11:14:31.710+0000] {processor.py:183} INFO - Processing /opt/airflow/dags/kpi_hourly_dag.py took 0.102 seconds
[2026-08-21T11:15:01.810+0000] {processor.py:161} INFO - Started process (PID=6237) to work on /opt/airflow/dags/kpi_hourly_dag.py
[2026-08-21T11:15:01.811+0000] {processor.py:830} INFO - Processing file /opt/airflow/dags/kpi_hourly_dag.py for tasks to queue
[2026-08-21T11:15:01.812+0000] {logging_mixin.py:188} INFO - [2026-08-21T11:15:01.812+0000] {dagbag.py:545} INFO - Filling up the DagBag from /opt/airflow/dags/kpi_hourly_dag.py
[2026-08-21T11:15:01.861+0000] {processor.py:840} INFO - DAG(s) 'cell_kpi_spatial_analytics_pipeline' retrieved from /opt/airflow/dags/kpi_hourly_dag.py
[2026-08-21T11:15:01.872+0000] {logging_mixin.py:188} INFO - [2026-08-21T11:15:01.872+0000] {dag.py:3096} INFO - Sync 1 DAGs
[2026-08-21T11:15:01.891+0000] {logging_mixin.py:188} INFO - [2026-08-21T11:15:01.891+0000] {dag.py:3954} INFO - Setting next_dagrun for cell_kpi_spatial_analytics_pipeline to None, run_after=None
[2026-08-21T11:15:01.904+0000] {processor.py:183} INFO - Processing /opt/airflow/dags/kpi_hourly_dag.py took 0.100 seconds
[2026-08-21T11:15:32.013+0000] {processor.py:161} INFO - Started process (PID=6247) to work on /opt/airflow/dags/kpi_hourly_dag.py
[2026-08-21T11:15:32.014+0000] {processor.py:830} INFO - Processing file /opt/airflow/dags/kpi_hourly_dag.py for tasks to queue
[2026-08-21T11:15:32.015+0000] {logging_mixin.py:188} INFO - [2026-08-21T11:15:32.015+0000] {dagbag.py:545} INFO - Filling up the DagBag from /opt/airflow/dags/kpi_hourly_dag.py
[2026-08-21T11:15:32.061+0000] {processor.py:840} INFO - DAG(s) 'cell_kpi_spatial_analytics_pipeline' retrieved from /opt/airflow/dags/kpi_hourly_dag.py
[2026-08-21T11:15:32.073+0000] {logging_mixin.py:188} INFO - [2026-08-21T11:15:32.073+0000] {dag.py:3096} INFO - Sync 1 DAGs
[2026-08-21T11:15:32.090+0000] {logging_mixin.py:188} INFO - [2026-08-21T11:15:32.090+0000] {dag.py:3954} INFO - Setting next_dagrun for cell_kpi_spatial_analytics_pipeline to None, run_after=None
[2026-08-21T11:15:32.104+0000] {processor.py:183} INFO - Processing /opt/airflow/dags/kpi_hourly_dag.py took 0.097 seconds
[2026-08-21T11:16:02.203+0000] {processor.py:161} INFO - Started process (PID=6257) to work on /opt/airflow/dags/kpi_hourly_dag.py
[2026-08-21T11:16:02.204+0000] {processor.py:830} INFO - Processing file /opt/airflow/dags/kpi_hourly_dag.py for tasks to queue
[2026-08-21T11:16:02.206+0000] {logging_mixin.py:188} INFO - [2026-08-21T11:16:02.205+0000] {dagbag.py:545} INFO - Filling up the DagBag from /opt/airflow/dags/kpi_hourly_dag.py
[2026-08-21T11:16:02.255+0000] {processor.py:840} INFO - DAG(s) 'cell_kpi_spatial_analytics_pipeline' retrieved from /opt/airflow/dags/kpi_hourly_dag.py
[2026-08-21T11:16:02.266+0000] {logging_mixin.py:188} INFO - [2026-08-21T11:16:02.266+0000] {dag.py:3096} INFO - Sync 1 DAGs
[2026-08-21T11:16:02.284+0000] {logging_mixin.py:188} INFO - [2026-08-21T11:16:02.284+0000] {dag.py:3954} INFO - Setting next_dagrun for cell_kpi_spatial_analytics_pipeline to None, run_after=None
[2026-08-21T11:16:02.297+0000] {processor.py:183} INFO - Processing /opt/airflow/dags/kpi_hourly_dag.py took 0.100 seconds
[2026-08-21T11:16:32.403+0000] {processor.py:161} INFO - Started process (PID=6267) to work on /opt/airflow/dags/kpi_hourly_dag.py
[2026-08-21T11:16:32.404+0000] {processor.py:830} INFO - Processing file /opt/airflow/dags/kpi_hourly_dag.py for tasks to queue
[2026-08-21T11:16:32.405+0000] {logging_mixin.py:188} INFO - [2026-08-21T11:16:32.405+0000] {dagbag.py:545} INFO - Filling up the DagBag from /opt/airflow/dags/kpi_hourly_dag.py
[2026-08-21T11:16:32.454+0000] {processor.py:840} INFO - DAG(s) 'cell_kpi_spatial_analytics_pipeline' retrieved from /opt/airflow/dags/kpi_hourly_dag.py
[2026-08-21T11:16:32.466+0000] {logging_mixin.py:188} INFO - [2026-08-21T11:16:32.465+0000] {dag.py:3096} INFO - Sync 1 DAGs
[2026-08-21T11:16:32.485+0000] {logging_mixin.py:188} INFO - [2026-08-21T11:16:32.485+0000] {dag.py:3954} INFO - Setting next_dagrun for cell_kpi_spatial_analytics_pipeline to None, run_after=None
[2026-08-21T11:16:32.498+0000] {processor.py:183} INFO - Processing /opt/airflow/dags/kpi_hourly_dag.py took 0.101 seconds
[2026-08-21T11:17:02.607+0000] {processor.py:161} INFO - Started process (PID=6277) to work on /opt/airflow/dags/kpi_hourly_dag.py
[2026-08-21T11:17:02.608+0000] {processor.py:830} INFO - Processing file /opt/airflow/dags/kpi_hourly_dag.py for tasks to queue
[2026-08-21T11:17:02.609+0000] {logging_mixin.py:188} INFO - [2026-08-21T11:17:02.609+0000] {dagbag.py:545} INFO - Filling up the DagBag from /opt/airflow/dags/kpi_hourly_dag.py
[2026-08-21T11:17:02.657+0000] {processor.py:840} INFO - DAG(s) 'cell_kpi_spatial_analytics_pipeline' retrieved from /opt/airflow/dags/kpi_hourly_dag.py
[2026-08-21T11:17:02.669+0000] {logging_mixin.py:188} INFO - [2026-08-21T11:17:02.668+0000] {dag.py:3096} INFO - Sync 1 DAGs
[2026-08-21T11:17:02.687+0000] {logging_mixin.py:188} INFO - [2026-08-21T11:17:02.687+0000] {dag.py:3954} INFO - Setting next_dagrun for cell_kpi_spatial_analytics_pipeline to None, run_after=None
[2026-08-21T11:17:02.701+0000] {processor.py:183} INFO - Processing /opt/airflow/dags/kpi_hourly_dag.py took 0.100 seconds
[2026-08-21T11:17:32.800+0000] {processor.py:161} INFO - Started process (PID=6287) to work on /opt/airflow/dags/kpi_hourly_dag.py
[2026-08-21T11:17:32.801+0000] {processor.py:830} INFO - Processing file /opt/airflow/dags/kpi_hourly_dag.py for tasks to queue
[2026-08-21T11:17:32.802+0000] {logging_mixin.py:188} INFO - [2026-08-21T11:17:32.802+0000] {dagbag.py:545} INFO - Filling up the DagBag from /opt/airflow/dags/kpi_hourly_dag.py
[2026-08-21T11:17:32.848+0000] {processor.py:840} INFO - DAG(s) 'cell_kpi_spatial_analytics_pipeline' retrieved from /opt/airflow/dags/kpi_hourly_dag.py
[2026-08-21T11:17:32.862+0000] {logging_mixin.py:188} INFO - [2026-08-21T11:17:32.862+0000] {dag.py:3096} INFO - Sync 1 DAGs
[2026-08-21T11:17:32.883+0000] {logging_mixin.py:188} INFO - [2026-08-21T11:17:32.883+0000] {dag.py:3954} INFO - Setting next_dagrun for cell_kpi_spatial_analytics_pipeline to None, run_after=None
[2026-08-21T11:17:32.897+0000] {processor.py:183} INFO - Processing /opt/airflow/dags/kpi_hourly_dag.py took 0.102 seconds
[2026-08-21T11:18:03.030+0000] {processor.py:161} INFO - Started process (PID=6297) to work on /opt/airflow/dags/kpi_hourly_dag.py
[2026-08-21T11:18:03.031+0000] {processor.py:830} INFO - Processing file /opt/airflow/dags/kpi_hourly_dag.py for tasks to queue
[2026-08-21T11:18:03.032+0000] {logging_mixin.py:188} INFO - [2026-08-21T11:18:03.032+0000] {dagbag.py:545} INFO - Filling up the DagBag from /opt/airflow/dags/kpi_hourly_dag.py
[2026-08-21T11:18:03.083+0000] {processor.py:840} INFO - DAG(s) 'cell_kpi_spatial_analytics_pipeline' retrieved from /opt/airflow/dags/kpi_hourly_dag.py
[2026-08-21T11:18:03.095+0000] {logging_mixin.py:188} INFO - [2026-08-21T11:18:03.094+0000] {dag.py:3096} INFO - Sync 1 DAGs
[2026-08-21T11:18:03.117+0000] {logging_mixin.py:188} INFO - [2026-08-21T11:18:03.117+0000] {dag.py:3954} INFO - Setting next_dagrun for cell_kpi_spatial_analytics_pipeline to None, run_after=None
[2026-08-21T11:18:03.133+0000] {processor.py:183} INFO - Processing /opt/airflow/dags/kpi_hourly_dag.py took 0.108 seconds
[2026-08-21T11:18:33.232+0000] {processor.py:161} INFO - Started process (PID=6307) to work on /opt/airflow/dags/kpi_hourly_dag.py
[2026-08-21T11:18:33.233+0000] {processor.py:830} INFO - Processing file /opt/airflow/dags/kpi_hourly_dag.py for tasks to queue
[2026-08-21T11:18:33.235+0000] {logging_mixin.py:188} INFO - [2026-08-21T11:18:33.235+0000] {dagbag.py:545} INFO - Filling up the DagBag from /opt/airflow/dags/kpi_hourly_dag.py
[2026-08-21T11:18:33.286+0000] {processor.py:840} INFO - DAG(s) 'cell_kpi_spatial_analytics_pipeline' retrieved from /opt/airflow/dags/kpi_hourly_dag.py
[2026-08-21T11:18:33.298+0000] {logging_mixin.py:188} INFO - [2026-08-21T11:18:33.298+0000] {dag.py:3096} INFO - Sync 1 DAGs
[2026-08-21T11:18:33.325+0000] {logging_mixin.py:188} INFO - [2026-08-21T11:18:33.325+0000] {dag.py:3954} INFO - Setting next_dagrun for cell_kpi_spatial_analytics_pipeline to None, run_after=None
[2026-08-21T11:18:33.343+0000] {processor.py:183} INFO - Processing /opt/airflow/dags/kpi_hourly_dag.py took 0.116 seconds
[2026-08-21T11:19:03.433+0000] {processor.py:161} INFO - Started process (PID=6317) to work on /opt/airflow/dags/kpi_hourly_dag.py
[2026-08-21T11:19:03.434+0000] {processor.py:830} INFO - Processing file /opt/airflow/dags/kpi_hourly_dag.py for tasks to queue
[2026-08-21T11:19:03.435+0000] {logging_mixin.py:188} INFO - [2026-08-21T11:19:03.435+0000] {dagbag.py:545} INFO - Filling up the DagBag from /opt/airflow/dags/kpi_hourly_dag.py
[2026-08-21T11:19:03.485+0000] {processor.py:840} INFO - DAG(s) 'cell_kpi_spatial_analytics_pipeline' retrieved from /opt/airflow/dags/kpi_hourly_dag.py
[2026-08-21T11:19:03.496+0000] {logging_mixin.py:188} INFO - [2026-08-21T11:19:03.496+0000] {dag.py:3096} INFO - Sync 1 DAGs
[2026-08-21T11:19:03.516+0000] {logging_mixin.py:188} INFO - [2026-08-21T11:19:03.515+0000] {dag.py:3954} INFO - Setting next_dagrun for cell_kpi_spatial_analytics_pipeline to None, run_after=None
[2026-08-21T11:19:03.530+0000] {processor.py:183} INFO - Processing /opt/airflow/dags/kpi_hourly_dag.py took 0.103 seconds
[2026-08-21T11:19:33.628+0000] {processor.py:161} INFO - Started process (PID=6327) to work on /opt/airflow/dags/kpi_hourly_dag.py
[2026-08-21T11:19:33.629+0000] {processor.py:830} INFO - Processing file /opt/airflow/dags/kpi_hourly_dag.py for tasks to queue
[2026-08-21T11:19:33.630+0000] {logging_mixin.py:188} INFO - [2026-08-21T11:19:33.630+0000] {dagbag.py:545} INFO - Filling up the DagBag from /opt/airflow/dags/kpi_hourly_dag.py
[2026-08-21T11:19:33.677+0000] {processor.py:840} INFO - DAG(s) 'cell_kpi_spatial_analytics_pipeline' retrieved from /opt/airflow/dags/kpi_hourly_dag.py
[2026-08-21T11:19:33.693+0000] {logging_mixin.py:188} INFO - [2026-08-21T11:19:33.692+0000] {dag.py:3096} INFO - Sync 1 DAGs
[2026-08-21T11:19:33.714+0000] {logging_mixin.py:188} INFO - [2026-08-21T11:19:33.713+0000] {dag.py:3954} INFO - Setting next_dagrun for cell_kpi_spatial_analytics_pipeline to None, run_after=None
[2026-08-21T11:19:33.733+0000] {processor.py:183} INFO - Processing /opt/airflow/dags/kpi_hourly_dag.py took 0.110 seconds
[2026-08-21T11:20:03.818+0000] {processor.py:161} INFO - Started process (PID=6337) to work on /opt/airflow/dags/kpi_hourly_dag.py
[2026-08-21T11:20:03.819+0000] {processor.py:830} INFO - Processing file /opt/airflow/dags/kpi_hourly_dag.py for tasks to queue
[2026-08-21T11:20:03.820+0000] {logging_mixin.py:188} INFO - [2026-08-21T11:20:03.820+0000] {dagbag.py:545} INFO - Filling up the DagBag from /opt/airflow/dags/kpi_hourly_dag.py
[2026-08-21T11:20:03.866+0000] {processor.py:840} INFO - DAG(s) 'cell_kpi_spatial_analytics_pipeline' retrieved from /opt/airflow/dags/kpi_hourly_dag.py
[2026-08-21T11:20:03.879+0000] {logging_mixin.py:188} INFO - [2026-08-21T11:20:03.879+0000] {dag.py:3096} INFO - Sync 1 DAGs
[2026-08-21T11:20:03.904+0000] {logging_mixin.py:188} INFO - [2026-08-21T11:20:03.904+0000] {dag.py:3954} INFO - Setting next_dagrun for cell_kpi_spatial_analytics_pipeline to None, run_after=None
[2026-08-21T11:20:03.922+0000] {processor.py:183} INFO - Processing /opt/airflow/dags/kpi_hourly_dag.py took 0.110 seconds
[2026-08-21T11:20:34.022+0000] {processor.py:161} INFO - Started process (PID=6347) to work on /opt/airflow/dags/kpi_hourly_dag.py
[2026-08-21T11:20:34.023+0000] {processor.py:830} INFO - Processing file /opt/airflow/dags/kpi_hourly_dag.py for tasks to queue
[2026-08-21T11:20:34.025+0000] {logging_mixin.py:188} INFO - [2026-08-21T11:20:34.024+0000] {dagbag.py:545} INFO - Filling up the DagBag from /opt/airflow/dags/kpi_hourly_dag.py
[2026-08-21T11:20:34.075+0000] {processor.py:840} INFO - DAG(s) 'cell_kpi_spatial_analytics_pipeline' retrieved from /opt/airflow/dags/kpi_hourly_dag.py
[2026-08-21T11:20:34.085+0000] {logging_mixin.py:188} INFO - [2026-08-21T11:20:34.085+0000] {dag.py:3096} INFO - Sync 1 DAGs
[2026-08-21T11:20:34.104+0000] {logging_mixin.py:188} INFO - [2026-08-21T11:20:34.104+0000] {dag.py:3954} INFO - Setting next_dagrun for cell_kpi_spatial_analytics_pipeline to None, run_after=None
[2026-08-21T11:20:34.119+0000] {processor.py:183} INFO - Processing /opt/airflow/dags/kpi_hourly_dag.py took 0.102 seconds
[2026-08-21T11:21:04.221+0000] {processor.py:161} INFO - Started process (PID=6357) to work on /opt/airflow/dags/kpi_hourly_dag.py
[2026-08-21T11:21:04.222+0000] {processor.py:830} INFO - Processing file /opt/airflow/dags/kpi_hourly_dag.py for tasks to queue
[2026-08-21T11:21:04.223+0000] {logging_mixin.py:188} INFO - [2026-08-21T11:21:04.223+0000] {dagbag.py:545} INFO - Filling up the DagBag from /opt/airflow/dags/kpi_hourly_dag.py
[2026-08-21T11:21:04.272+0000] {processor.py:840} INFO - DAG(s) 'cell_kpi_spatial_analytics_pipeline' retrieved from /opt/airflow/dags/kpi_hourly_dag.py
[2026-08-21T11:21:04.283+0000] {logging_mixin.py:188} INFO - [2026-08-21T11:21:04.282+0000] {dag.py:3096} INFO - Sync 1 DAGs
[2026-08-21T11:21:04.302+0000] {logging_mixin.py:188} INFO - [2026-08-21T11:21:04.302+0000] {dag.py:3954} INFO - Setting next_dagrun for cell_kpi_spatial_analytics_pipeline to None, run_after=None
[2026-08-21T11:21:04.316+0000] {processor.py:183} INFO - Processing /opt/airflow/dags/kpi_hourly_dag.py took 0.101 seconds
[2026-08-21T11:21:34.418+0000] {processor.py:161} INFO - Started process (PID=6367) to work on /opt/airflow/dags/kpi_hourly_dag.py
[2026-08-21T11:21:34.419+0000] {processor.py:830} INFO - Processing file /opt/airflow/dags/kpi_hourly_dag.py for tasks to queue
[2026-08-21T11:21:34.421+0000] {logging_mixin.py:188} INFO - [2026-08-21T11:21:34.421+0000] {dagbag.py:545} INFO - Filling up the DagBag from /opt/airflow/dags/kpi_hourly_dag.py
[2026-08-21T11:21:34.479+0000] {processor.py:840} INFO - DAG(s) 'cell_kpi_spatial_analytics_pipeline' retrieved from /opt/airflow/dags/kpi_hourly_dag.py
[2026-08-21T11:21:34.493+0000] {logging_mixin.py:188} INFO - [2026-08-21T11:21:34.493+0000] {dag.py:3096} INFO - Sync 1 DAGs
[2026-08-21T11:21:34.517+0000] {logging_mixin.py:188} INFO - [2026-08-21T11:21:34.517+0000] {dag.py:3954} INFO - Setting next_dagrun for cell_kpi_spatial_analytics_pipeline to None, run_after=None
[2026-08-21T11:21:34.531+0000] {processor.py:183} INFO - Processing /opt/airflow/dags/kpi_hourly_dag.py took 0.119 seconds
[2026-08-21T11:22:04.622+0000] {processor.py:161} INFO - Started process (PID=6377) to work on /opt/airflow/dags/kpi_hourly_dag.py
[2026-08-21T11:22:04.623+0000] {processor.py:830} INFO - Processing file /opt/airflow/dags/kpi_hourly_dag.py for tasks to queue
[2026-08-21T11:22:04.624+0000] {logging_mixin.py:188} INFO - [2026-08-21T11:22:04.624+0000] {dagbag.py:545} INFO - Filling up the DagBag from /opt/airflow/dags/kpi_hourly_dag.py
[2026-08-21T11:22:04.675+0000] {processor.py:840} INFO - DAG(s) 'cell_kpi_spatial_analytics_pipeline' retrieved from /opt/airflow/dags/kpi_hourly_dag.py
[2026-08-21T11:22:04.686+0000] {logging_mixin.py:188} INFO - [2026-08-21T11:22:04.686+0000] {dag.py:3096} INFO - Sync 1 DAGs
[2026-08-21T11:22:04.705+0000] {logging_mixin.py:188} INFO - [2026-08-21T11:22:04.704+0000] {dag.py:3954} INFO - Setting next_dagrun for cell_kpi_spatial_analytics_pipeline to None, run_after=None
[2026-08-21T11:22:04.730+0000] {processor.py:183} INFO - Processing /opt/airflow/dags/kpi_hourly_dag.py took 0.113 seconds
[2026-08-21T11:22:34.827+0000] {processor.py:161} INFO - Started process (PID=6387) to work on /opt/airflow/dags/kpi_hourly_dag.py
[2026-08-21T11:22:34.828+0000] {processor.py:830} INFO - Processing file /opt/airflow/dags/kpi_hourly_dag.py for tasks to queue
[2026-08-21T11:22:34.829+0000] {logging_mixin.py:188} INFO - [2026-08-21T11:22:34.829+0000] {dagbag.py:545} INFO - Filling up the DagBag from /opt/airflow/dags/kpi_hourly_dag.py
[2026-08-21T11:22:34.874+0000] {processor.py:840} INFO - DAG(s) 'cell_kpi_spatial_analytics_pipeline' retrieved from /opt/airflow/dags/kpi_hourly_dag.py
[2026-08-21T11:22:34.885+0000] {logging_mixin.py:188} INFO - [2026-08-21T11:22:34.885+0000] {dag.py:3096} INFO - Sync 1 DAGs
[2026-08-21T11:22:34.904+0000] {logging_mixin.py:188} INFO - [2026-08-21T11:22:34.904+0000] {dag.py:3954} INFO - Setting next_dagrun for cell_kpi_spatial_analytics_pipeline to None, run_after=None
[2026-08-21T11:22:34.919+0000] {processor.py:183} INFO - Processing /opt/airflow/dags/kpi_hourly_dag.py took 0.097 seconds
[2026-08-21T11:23:05.045+0000] {processor.py:161} INFO - Started process (PID=6397) to work on /opt/airflow/dags/kpi_hourly_dag.py
[2026-08-21T11:23:05.046+0000] {processor.py:830} INFO - Processing file /opt/airflow/dags/kpi_hourly_dag.py for tasks to queue
[2026-08-21T11:23:05.047+0000] {logging_mixin.py:188} INFO - [2026-08-21T11:23:05.047+0000] {dagbag.py:545} INFO - Filling up the DagBag from /opt/airflow/dags/kpi_hourly_dag.py
[2026-08-21T11:23:05.095+0000] {processor.py:840} INFO - DAG(s) 'cell_kpi_spatial_analytics_pipeline' retrieved from /opt/airflow/dags/kpi_hourly_dag.py
[2026-08-21T11:23:05.106+0000] {logging_mixin.py:188} INFO - [2026-08-21T11:23:05.106+0000] {dag.py:3096} INFO - Sync 1 DAGs
[2026-08-21T11:23:05.125+0000] {logging_mixin.py:188} INFO - [2026-08-21T11:23:05.125+0000] {dag.py:3954} INFO - Setting next_dagrun for cell_kpi_spatial_analytics_pipeline to None, run_after=None
[2026-08-21T11:23:05.139+0000] {processor.py:183} INFO - Processing /opt/airflow/dags/kpi_hourly_dag.py took 0.099 seconds
[2026-08-21T11:23:35.250+0000] {processor.py:161} INFO - Started process (PID=6407) to work on /opt/airflow/dags/kpi_hourly_dag.py
[2026-08-21T11:23:35.251+0000] {processor.py:830} INFO - Processing file /opt/airflow/dags/kpi_hourly_dag.py for tasks to queue
[2026-08-21T11:23:35.253+0000] {logging_mixin.py:188} INFO - [2026-08-21T11:23:35.252+0000] {dagbag.py:545} INFO - Filling up the DagBag from /opt/airflow/dags/kpi_hourly_dag.py
[2026-08-21T11:23:35.298+0000] {processor.py:840} INFO - DAG(s) 'cell_kpi_spatial_analytics_pipeline' retrieved from /opt/airflow/dags/kpi_hourly_dag.py
[2026-08-21T11:23:35.310+0000] {logging_mixin.py:188} INFO - [2026-08-21T11:23:35.309+0000] {dag.py:3096} INFO - Sync 1 DAGs
[2026-08-21T11:23:35.328+0000] {logging_mixin.py:188} INFO - [2026-08-21T11:23:35.328+0000] {dag.py:3954} INFO - Setting next_dagrun for cell_kpi_spatial_analytics_pipeline to None, run_after=None
[2026-08-21T11:23:35.343+0000] {processor.py:183} INFO - Processing /opt/airflow/dags/kpi_hourly_dag.py took 0.101 seconds
[2026-08-21T11:24:05.457+0000] {processor.py:161} INFO - Started process (PID=6417) to work on /opt/airflow/dags/kpi_hourly_dag.py
[2026-08-21T11:24:05.458+0000] {processor.py:830} INFO - Processing file /opt/airflow/dags/kpi_hourly_dag.py for tasks to queue
[2026-08-21T11:24:05.459+0000] {logging_mixin.py:188} INFO - [2026-08-21T11:24:05.459+0000] {dagbag.py:545} INFO - Filling up the DagBag from /opt/airflow/dags/kpi_hourly_dag.py
[2026-08-21T11:24:05.506+0000] {processor.py:840} INFO - DAG(s) 'cell_kpi_spatial_analytics_pipeline' retrieved from /opt/airflow/dags/kpi_hourly_dag.py
[2026-08-21T11:24:05.519+0000] {logging_mixin.py:188} INFO - [2026-08-21T11:24:05.518+0000] {dag.py:3096} INFO - Sync 1 DAGs
[2026-08-21T11:24:05.537+0000] {logging_mixin.py:188} INFO - [2026-08-21T11:24:05.536+0000] {dag.py:3954} INFO - Setting next_dagrun for cell_kpi_spatial_analytics_pipeline to None, run_after=None
[2026-08-21T11:24:05.553+0000] {processor.py:183} INFO - Processing /opt/airflow/dags/kpi_hourly_dag.py took 0.101 seconds
[2026-08-21T11:24:35.660+0000] {processor.py:161} INFO - Started process (PID=6427) to work on /opt/airflow/dags/kpi_hourly_dag.py
[2026-08-21T11:24:35.661+0000] {processor.py:830} INFO - Processing file /opt/airflow/dags/kpi_hourly_dag.py for tasks to queue
[2026-08-21T11:24:35.662+0000] {logging_mixin.py:188} INFO - [2026-08-21T11:24:35.662+0000] {dagbag.py:545} INFO - Filling up the DagBag from /opt/airflow/dags/kpi_hourly_dag.py
[2026-08-21T11:24:35.709+0000] {processor.py:840} INFO - DAG(s) 'cell_kpi_spatial_analytics_pipeline' retrieved from /opt/airflow/dags/kpi_hourly_dag.py
[2026-08-21T11:24:35.722+0000] {logging_mixin.py:188} INFO - [2026-08-21T11:24:35.721+0000] {dag.py:3096} INFO - Sync 1 DAGs
[2026-08-21T11:24:35.742+0000] {logging_mixin.py:188} INFO - [2026-08-21T11:24:35.742+0000] {dag.py:3954} INFO - Setting next_dagrun for cell_kpi_spatial_analytics_pipeline to None, run_after=None
[2026-08-21T11:24:35.758+0000] {processor.py:183} INFO - Processing /opt/airflow/dags/kpi_hourly_dag.py took 0.104 seconds
[2026-08-21T11:25:05.872+0000] {processor.py:161} INFO - Started process (PID=6437) to work on /opt/airflow/dags/kpi_hourly_dag.py
[2026-08-21T11:25:05.873+0000] {processor.py:830} INFO - Processing file /opt/airflow/dags/kpi_hourly_dag.py for tasks to queue
[2026-08-21T11:25:05.874+0000] {logging_mixin.py:188} INFO - [2026-08-21T11:25:05.874+0000] {dagbag.py:545} INFO - Filling up the DagBag from /opt/airflow/dags/kpi_hourly_dag.py
[2026-08-21T11:25:05.921+0000] {processor.py:840} INFO - DAG(s) 'cell_kpi_spatial_analytics_pipeline' retrieved from /opt/airflow/dags/kpi_hourly_dag.py
[2026-08-21T11:25:05.932+0000] {logging_mixin.py:188} INFO - [2026-08-21T11:25:05.932+0000] {dag.py:3096} INFO - Sync 1 DAGs
[2026-08-21T11:25:05.952+0000] {logging_mixin.py:188} INFO - [2026-08-21T11:25:05.951+0000] {dag.py:3954} INFO - Setting next_dagrun for cell_kpi_spatial_analytics_pipeline to None, run_after=None
[2026-08-21T11:25:05.966+0000] {processor.py:183} INFO - Processing /opt/airflow/dags/kpi_hourly_dag.py took 0.099 seconds
[2026-08-21T11:25:36.081+0000] {processor.py:161} INFO - Started process (PID=6447) to work on /opt/airflow/dags/kpi_hourly_dag.py
[2026-08-21T11:25:36.081+0000] {processor.py:830} INFO - Processing file /opt/airflow/dags/kpi_hourly_dag.py for tasks to queue
[2026-08-21T11:25:36.083+0000] {logging_mixin.py:188} INFO - [2026-08-21T11:25:36.082+0000] {dagbag.py:545} INFO - Filling up the DagBag from /opt/airflow/dags/kpi_hourly_dag.py
[2026-08-21T11:25:36.127+0000] {processor.py:840} INFO - DAG(s) 'cell_kpi_spatial_analytics_pipeline' retrieved from /opt/airflow/dags/kpi_hourly_dag.py
[2026-08-21T11:25:36.140+0000] {logging_mixin.py:188} INFO - [2026-08-21T11:25:36.139+0000] {dag.py:3096} INFO - Sync 1 DAGs
[2026-08-21T11:25:36.159+0000] {logging_mixin.py:188} INFO - [2026-08-21T11:25:36.159+0000] {dag.py:3954} INFO - Setting next_dagrun for cell_kpi_spatial_analytics_pipeline to None, run_after=None
[2026-08-21T11:25:36.172+0000] {processor.py:183} INFO - Processing /opt/airflow/dags/kpi_hourly_dag.py took 0.097 seconds
[2026-08-21T11:26:06.278+0000] {processor.py:161} INFO - Started process (PID=6457) to work on /opt/airflow/dags/kpi_hourly_dag.py
[2026-08-21T11:26:06.279+0000] {processor.py:830} INFO - Processing file /opt/airflow/dags/kpi_hourly_dag.py for tasks to queue
[2026-08-21T11:26:06.280+0000] {logging_mixin.py:188} INFO - [2026-08-21T11:26:06.280+0000] {dagbag.py:545} INFO - Filling up the DagBag from /opt/airflow/dags/kpi_hourly_dag.py
[2026-08-21T11:26:06.324+0000] {processor.py:840} INFO - DAG(s) 'cell_kpi_spatial_analytics_pipeline' retrieved from /opt/airflow/dags/kpi_hourly_dag.py
[2026-08-21T11:26:06.335+0000] {logging_mixin.py:188} INFO - [2026-08-21T11:26:06.335+0000] {dag.py:3096} INFO - Sync 1 DAGs
[2026-08-21T11:26:06.354+0000] {logging_mixin.py:188} INFO - [2026-08-21T11:26:06.354+0000] {dag.py:3954} INFO - Setting next_dagrun for cell_kpi_spatial_analytics_pipeline to None, run_after=None
[2026-08-21T11:26:06.367+0000] {processor.py:183} INFO - Processing /opt/airflow/dags/kpi_hourly_dag.py took 0.095 seconds
[2026-08-21T11:26:36.471+0000] {processor.py:161} INFO - Started process (PID=6467) to work on /opt/airflow/dags/kpi_hourly_dag.py
[2026-08-21T11:26:36.472+0000] {processor.py:830} INFO - Processing file /opt/airflow/dags/kpi_hourly_dag.py for tasks to queue
[2026-08-21T11:26:36.473+0000] {logging_mixin.py:188} INFO - [2026-08-21T11:26:36.473+0000] {dagbag.py:545} INFO - Filling up the DagBag from /opt/airflow/dags/kpi_hourly_dag.py
[2026-08-21T11:26:36.520+0000] {processor.py:840} INFO - DAG(s) 'cell_kpi_spatial_analytics_pipeline' retrieved from /opt/airflow/dags/kpi_hourly_dag.py
[2026-08-21T11:26:36.532+0000] {logging_mixin.py:188} INFO - [2026-08-21T11:26:36.532+0000] {dag.py:3096} INFO - Sync 1 DAGs
[2026-08-21T11:26:36.555+0000] {logging_mixin.py:188} INFO - [2026-08-21T11:26:36.555+0000] {dag.py:3954} INFO - Setting next_dagrun for cell_kpi_spatial_analytics_pipeline to None, run_after=None
[2026-08-21T11:26:36.569+0000] {processor.py:183} INFO - Processing /opt/airflow/dags/kpi_hourly_dag.py took 0.103 seconds
[2026-08-21T11:27:06.664+0000] {processor.py:161} INFO - Started process (PID=6477) to work on /opt/airflow/dags/kpi_hourly_dag.py
[2026-08-21T11:27:06.665+0000] {processor.py:830} INFO - Processing file /opt/airflow/dags/kpi_hourly_dag.py for tasks to queue
[2026-08-21T11:27:06.666+0000] {logging_mixin.py:188} INFO - [2026-08-21T11:27:06.666+0000] {dagbag.py:545} INFO - Filling up the DagBag from /opt/airflow/dags/kpi_hourly_dag.py
[2026-08-21T11:27:06.710+0000] {processor.py:840} INFO - DAG(s) 'cell_kpi_spatial_analytics_pipeline' retrieved from /opt/airflow/dags/kpi_hourly_dag.py
[2026-08-21T11:27:06.722+0000] {logging_mixin.py:188} INFO - [2026-08-21T11:27:06.722+0000] {dag.py:3096} INFO - Sync 1 DAGs
[2026-08-21T11:27:06.743+0000] {logging_mixin.py:188} INFO - [2026-08-21T11:27:06.743+0000] {dag.py:3954} INFO - Setting next_dagrun for cell_kpi_spatial_analytics_pipeline to None, run_after=None
[2026-08-21T11:27:06.758+0000] {processor.py:183} INFO - Processing /opt/airflow/dags/kpi_hourly_dag.py took 0.100 seconds
