[2026-08-21T04:16:40.425+0000] {local_task_job_runner.py:120} INFO - ::group::Pre task execution logs
[2026-08-21T04:16:40.458+0000] {taskinstance.py:2076} INFO - Dependencies all met for dep_context=non-requeueable deps ti=<TaskInstance: cell_kpi_hourly_anomaly_pipeline.2_qc_hourly_silver scheduled__2025-05-31T17:00:00+00:00 [queued]>
[2026-08-21T04:16:40.481+0000] {taskinstance.py:2076} INFO - Dependencies all met for dep_context=requeueable deps ti=<TaskInstance: cell_kpi_hourly_anomaly_pipeline.2_qc_hourly_silver scheduled__2025-05-31T17:00:00+00:00 [queued]>
[2026-08-21T04:16:40.483+0000] {taskinstance.py:2306} INFO - Starting attempt 1 of 2
[2026-08-21T04:16:40.501+0000] {taskinstance.py:2330} INFO - Executing <Task(SparkSubmitOperator): 2_qc_hourly_silver> on 2025-05-31 17:00:00+00:00
[2026-08-21T04:16:40.509+0000] {standard_task_runner.py:63} INFO - Started process 5109 to run task
[2026-08-21T04:16:40.515+0000] {standard_task_runner.py:90} INFO - Running: ['***', 'tasks', 'run', 'cell_kpi_hourly_anomaly_pipeline', '2_qc_hourly_silver', 'scheduled__2025-05-31T17:00:00+00:00', '--job-id', '50', '--raw', '--subdir', 'DAGS_FOLDER/cell_kpi_hourly_anomaly.py', '--cfg-path', '/tmp/tmp1wwgheg9']
[2026-08-21T04:16:40.519+0000] {standard_task_runner.py:91} INFO - Job 50: Subtask 2_qc_hourly_silver
[2026-08-21T04:16:40.615+0000] {task_command.py:426} INFO - Running <TaskInstance: cell_kpi_hourly_anomaly_pipeline.2_qc_hourly_silver scheduled__2025-05-31T17:00:00+00:00 [running]> on host c90a551abb73
[2026-08-21T04:16:40.709+0000] {logging_mixin.py:188} WARNING - /home/***/.local/lib/python3.10/site-packages/***/utils/context.py:212 AirflowContextDeprecationWarning: Accessing 'execution_date' from the template is deprecated and will be removed in a future version. Please use 'data_interval_start' or 'logical_date' instead.
[2026-08-21T04:16:40.763+0000] {taskinstance.py:2648} INFO - Exporting env vars: AIRFLOW_CTX_DAG_OWNER='data_engineer_team' AIRFLOW_CTX_DAG_ID='cell_kpi_hourly_anomaly_pipeline' AIRFLOW_CTX_TASK_ID='2_qc_hourly_silver' AIRFLOW_CTX_EXECUTION_DATE='2025-05-31T17:00:00+00:00' AIRFLOW_CTX_TRY_NUMBER='1' AIRFLOW_CTX_DAG_RUN_ID='scheduled__2025-05-31T17:00:00+00:00'
[2026-08-21T04:16:40.766+0000] {taskinstance.py:430} INFO - ::endgroup::
[2026-08-21T04:16:40.789+0000] {base.py:84} INFO - Using connection ID 'spark-master' for task execution.
[2026-08-21T04:16:40.792+0000] {spark_submit.py:401} INFO - Spark-Submit cmd: spark-submit --master spark://spark-master:7077 --name arrow-spark --deploy-mode client /opt/spark_scripts/2_qc_cell_kpi.py --target_date_hour 2025-06-01-00
[2026-08-21T04:16:40.932+0000] {spark_submit.py:571} INFO - /home/***/.local/lib/python3.10/site-packages/pyspark/bin/load-spark-env.sh: line 68: ps: command not found
[2026-08-21T04:16:44.850+0000] {spark_submit.py:571} INFO - python3: can't open file '/opt/spark_scripts/2_qc_cell_kpi.py': [Errno 2] No such file or directory
[2026-08-21T04:16:44.866+0000] {spark_submit.py:571} INFO - 26/08/21 04:16:44 INFO ShutdownHookManager: Shutdown hook called
[2026-08-21T04:16:44.876+0000] {spark_submit.py:571} INFO - 26/08/21 04:16:44 INFO ShutdownHookManager: Deleting directory /tmp/spark-c7881c09-66d1-4036-a48a-9127721dd2db
[2026-08-21T04:16:44.922+0000] {taskinstance.py:441} INFO - ::group::Post task execution logs
[2026-08-21T04:16:44.932+0000] {taskinstance.py:2905} ERROR - Task failed with exception
Traceback (most recent call last):
  File "/home/airflow/.local/lib/python3.10/site-packages/airflow/models/taskinstance.py", line 465, in _execute_task
    result = _execute_callable(context=context, **execute_callable_kwargs)
  File "/home/airflow/.local/lib/python3.10/site-packages/airflow/models/taskinstance.py", line 432, in _execute_callable
    return execute_callable(context=context, **execute_callable_kwargs)
  File "/home/airflow/.local/lib/python3.10/site-packages/airflow/models/baseoperator.py", line 400, in wrapper
    return func(self, *args, **kwargs)
  File "/home/airflow/.local/lib/python3.10/site-packages/airflow/providers/apache/spark/operators/spark_submit.py", line 174, in execute
    self._hook.submit(self.application)
  File "/home/airflow/.local/lib/python3.10/site-packages/airflow/providers/apache/spark/hooks/spark_submit.py", line 502, in submit
    raise AirflowException(
airflow.exceptions.AirflowException: Cannot execute: spark-submit --master spark://spark-master:7077 --name arrow-spark --deploy-mode client /opt/spark_scripts/2_qc_cell_kpi.py --target_date_hour 2025-06-01-00. Error code is: 2.
[2026-08-21T04:16:44.936+0000] {taskinstance.py:1206} INFO - Marking task as UP_FOR_RETRY. dag_id=cell_kpi_hourly_anomaly_pipeline, task_id=2_qc_hourly_silver, run_id=scheduled__2025-05-31T17:00:00+00:00, execution_date=20250531T170000, start_date=20260821T041640, end_date=20260821T041644
[2026-08-21T04:16:44.951+0000] {standard_task_runner.py:110} ERROR - Failed to execute job 50 for task 2_qc_hourly_silver (Cannot execute: spark-submit --master spark://spark-master:7077 --name arrow-spark --deploy-mode client /opt/spark_scripts/2_qc_cell_kpi.py --target_date_hour 2025-06-01-00. Error code is: 2.; 5109)
[2026-08-21T04:16:44.991+0000] {local_task_job_runner.py:240} INFO - Task exited with return code 1
[2026-08-21T04:16:45.013+0000] {taskinstance.py:3498} INFO - 0 downstream tasks scheduled from follow-on schedule check
[2026-08-21T04:16:45.016+0000] {local_task_job_runner.py:222} INFO - ::endgroup::
[2026-08-21T04:28:15.013+0000] {local_task_job_runner.py:120} INFO - ::group::Pre task execution logs
[2026-08-21T04:28:15.028+0000] {taskinstance.py:2076} INFO - Dependencies all met for dep_context=non-requeueable deps ti=<TaskInstance: cell_kpi_hourly_anomaly_pipeline.2_qc_hourly_silver scheduled__2025-05-31T17:00:00+00:00 [queued]>
[2026-08-21T04:28:15.034+0000] {taskinstance.py:2076} INFO - Dependencies all met for dep_context=requeueable deps ti=<TaskInstance: cell_kpi_hourly_anomaly_pipeline.2_qc_hourly_silver scheduled__2025-05-31T17:00:00+00:00 [queued]>
[2026-08-21T04:28:15.034+0000] {taskinstance.py:2306} INFO - Starting attempt 1 of 2
[2026-08-21T04:28:15.043+0000] {taskinstance.py:2330} INFO - Executing <Task(SparkSubmitOperator): 2_qc_hourly_silver> on 2025-05-31 17:00:00+00:00
[2026-08-21T04:28:15.049+0000] {standard_task_runner.py:63} INFO - Started process 6300 to run task
[2026-08-21T04:28:15.051+0000] {standard_task_runner.py:90} INFO - Running: ['***', 'tasks', 'run', 'cell_kpi_hourly_anomaly_pipeline', '2_qc_hourly_silver', 'scheduled__2025-05-31T17:00:00+00:00', '--job-id', '56', '--raw', '--subdir', 'DAGS_FOLDER/cell_kpi_hourly_anomaly.py', '--cfg-path', '/tmp/tmpo82cirvi']
[2026-08-21T04:28:15.053+0000] {standard_task_runner.py:91} INFO - Job 56: Subtask 2_qc_hourly_silver
[2026-08-21T04:28:15.091+0000] {task_command.py:426} INFO - Running <TaskInstance: cell_kpi_hourly_anomaly_pipeline.2_qc_hourly_silver scheduled__2025-05-31T17:00:00+00:00 [running]> on host c90a551abb73
[2026-08-21T04:28:15.136+0000] {logging_mixin.py:188} WARNING - /home/***/.local/lib/python3.10/site-packages/***/utils/context.py:212 AirflowContextDeprecationWarning: Accessing 'execution_date' from the template is deprecated and will be removed in a future version. Please use 'data_interval_start' or 'logical_date' instead.
[2026-08-21T04:28:15.160+0000] {taskinstance.py:2648} INFO - Exporting env vars: AIRFLOW_CTX_DAG_OWNER='data_engineer_team' AIRFLOW_CTX_DAG_ID='cell_kpi_hourly_anomaly_pipeline' AIRFLOW_CTX_TASK_ID='2_qc_hourly_silver' AIRFLOW_CTX_EXECUTION_DATE='2025-05-31T17:00:00+00:00' AIRFLOW_CTX_TRY_NUMBER='1' AIRFLOW_CTX_DAG_RUN_ID='scheduled__2025-05-31T17:00:00+00:00'
[2026-08-21T04:28:15.161+0000] {taskinstance.py:430} INFO - ::endgroup::
[2026-08-21T04:28:15.177+0000] {base.py:84} INFO - Using connection ID 'spark-master' for task execution.
[2026-08-21T04:28:15.178+0000] {spark_submit.py:401} INFO - Spark-Submit cmd: spark-submit --master spark://spark-master:7077 --name arrow-spark --deploy-mode client /opt/spark_scripts/2_qc_cell_kpi.py --target_date_hour 2025-06-01-00
[2026-08-21T04:28:15.258+0000] {spark_submit.py:571} INFO - /home/***/.local/lib/python3.10/site-packages/pyspark/bin/load-spark-env.sh: line 68: ps: command not found
[2026-08-21T04:28:16.895+0000] {spark_submit.py:571} INFO - python3: can't open file '/opt/spark_scripts/2_qc_cell_kpi.py': [Errno 2] No such file or directory
[2026-08-21T04:28:16.906+0000] {spark_submit.py:571} INFO - 26/08/21 04:28:16 INFO ShutdownHookManager: Shutdown hook called
[2026-08-21T04:28:16.908+0000] {spark_submit.py:571} INFO - 26/08/21 04:28:16 INFO ShutdownHookManager: Deleting directory /tmp/spark-cfe018aa-95ee-4883-96c6-948e144ad905
[2026-08-21T04:28:16.955+0000] {taskinstance.py:441} INFO - ::group::Post task execution logs
[2026-08-21T04:28:16.962+0000] {taskinstance.py:2905} ERROR - Task failed with exception
Traceback (most recent call last):
  File "/home/airflow/.local/lib/python3.10/site-packages/airflow/models/taskinstance.py", line 465, in _execute_task
    result = _execute_callable(context=context, **execute_callable_kwargs)
  File "/home/airflow/.local/lib/python3.10/site-packages/airflow/models/taskinstance.py", line 432, in _execute_callable
    return execute_callable(context=context, **execute_callable_kwargs)
  File "/home/airflow/.local/lib/python3.10/site-packages/airflow/models/baseoperator.py", line 400, in wrapper
    return func(self, *args, **kwargs)
  File "/home/airflow/.local/lib/python3.10/site-packages/airflow/providers/apache/spark/operators/spark_submit.py", line 174, in execute
    self._hook.submit(self.application)
  File "/home/airflow/.local/lib/python3.10/site-packages/airflow/providers/apache/spark/hooks/spark_submit.py", line 502, in submit
    raise AirflowException(
airflow.exceptions.AirflowException: Cannot execute: spark-submit --master spark://spark-master:7077 --name arrow-spark --deploy-mode client /opt/spark_scripts/2_qc_cell_kpi.py --target_date_hour 2025-06-01-00. Error code is: 2.
[2026-08-21T04:28:16.965+0000] {taskinstance.py:1206} INFO - Marking task as UP_FOR_RETRY. dag_id=cell_kpi_hourly_anomaly_pipeline, task_id=2_qc_hourly_silver, run_id=scheduled__2025-05-31T17:00:00+00:00, execution_date=20250531T170000, start_date=20260821T042815, end_date=20260821T042816
[2026-08-21T04:28:16.975+0000] {standard_task_runner.py:110} ERROR - Failed to execute job 56 for task 2_qc_hourly_silver (Cannot execute: spark-submit --master spark://spark-master:7077 --name arrow-spark --deploy-mode client /opt/spark_scripts/2_qc_cell_kpi.py --target_date_hour 2025-06-01-00. Error code is: 2.; 6300)
[2026-08-21T04:28:16.995+0000] {local_task_job_runner.py:240} INFO - Task exited with return code 1
[2026-08-21T04:28:17.008+0000] {taskinstance.py:3498} INFO - 0 downstream tasks scheduled from follow-on schedule check
[2026-08-21T04:28:17.009+0000] {local_task_job_runner.py:222} INFO - ::endgroup::
[2026-08-21T04:33:20.937+0000] {local_task_job_runner.py:120} INFO - ::group::Pre task execution logs
[2026-08-21T04:33:20.966+0000] {taskinstance.py:2076} INFO - Dependencies all met for dep_context=non-requeueable deps ti=<TaskInstance: cell_kpi_hourly_anomaly_pipeline.2_qc_hourly_silver scheduled__2025-05-31T17:00:00+00:00 [queued]>
[2026-08-21T04:33:20.976+0000] {taskinstance.py:2076} INFO - Dependencies all met for dep_context=requeueable deps ti=<TaskInstance: cell_kpi_hourly_anomaly_pipeline.2_qc_hourly_silver scheduled__2025-05-31T17:00:00+00:00 [queued]>
[2026-08-21T04:33:20.976+0000] {taskinstance.py:2306} INFO - Starting attempt 1 of 2
[2026-08-21T04:33:20.990+0000] {taskinstance.py:2330} INFO - Executing <Task(SparkSubmitOperator): 2_qc_hourly_silver> on 2025-05-31 17:00:00+00:00
[2026-08-21T04:33:21.003+0000] {standard_task_runner.py:63} INFO - Started process 6893 to run task
[2026-08-21T04:33:21.010+0000] {standard_task_runner.py:90} INFO - Running: ['***', 'tasks', 'run', 'cell_kpi_hourly_anomaly_pipeline', '2_qc_hourly_silver', 'scheduled__2025-05-31T17:00:00+00:00', '--job-id', '61', '--raw', '--subdir', 'DAGS_FOLDER/cell_kpi_hourly_anomaly.py', '--cfg-path', '/tmp/tmpyqqub1pp']
[2026-08-21T04:33:21.017+0000] {standard_task_runner.py:91} INFO - Job 61: Subtask 2_qc_hourly_silver
[2026-08-21T04:33:21.106+0000] {task_command.py:426} INFO - Running <TaskInstance: cell_kpi_hourly_anomaly_pipeline.2_qc_hourly_silver scheduled__2025-05-31T17:00:00+00:00 [running]> on host c90a551abb73
[2026-08-21T04:33:21.196+0000] {logging_mixin.py:188} WARNING - /home/***/.local/lib/python3.10/site-packages/***/utils/context.py:212 AirflowContextDeprecationWarning: Accessing 'execution_date' from the template is deprecated and will be removed in a future version. Please use 'data_interval_start' or 'logical_date' instead.
[2026-08-21T04:33:21.244+0000] {taskinstance.py:2648} INFO - Exporting env vars: AIRFLOW_CTX_DAG_OWNER='data_engineer_team' AIRFLOW_CTX_DAG_ID='cell_kpi_hourly_anomaly_pipeline' AIRFLOW_CTX_TASK_ID='2_qc_hourly_silver' AIRFLOW_CTX_EXECUTION_DATE='2025-05-31T17:00:00+00:00' AIRFLOW_CTX_TRY_NUMBER='1' AIRFLOW_CTX_DAG_RUN_ID='scheduled__2025-05-31T17:00:00+00:00'
[2026-08-21T04:33:21.245+0000] {taskinstance.py:430} INFO - ::endgroup::
[2026-08-21T04:33:21.273+0000] {base.py:84} INFO - Using connection ID 'spark-master' for task execution.
[2026-08-21T04:33:21.274+0000] {spark_submit.py:401} INFO - Spark-Submit cmd: spark-submit --master spark://spark-master:7077 --name arrow-spark --deploy-mode client /opt/spark_scripts/2_qc_hourly_silver.py --target_date_hour 2025-06-01-00
[2026-08-21T04:33:21.420+0000] {spark_submit.py:571} INFO - /home/***/.local/lib/python3.10/site-packages/pyspark/bin/load-spark-env.sh: line 68: ps: command not found
[2026-08-21T04:33:26.661+0000] {spark_submit.py:571} INFO - 26/08/21 04:33:26 INFO SparkContext: Running Spark version 3.5.1
[2026-08-21T04:33:26.662+0000] {spark_submit.py:571} INFO - 26/08/21 04:33:26 INFO SparkContext: OS info Linux, 6.8.0-1052-azure, amd64
[2026-08-21T04:33:26.662+0000] {spark_submit.py:571} INFO - 26/08/21 04:33:26 INFO SparkContext: Java version 17.0.20
[2026-08-21T04:33:26.726+0000] {spark_submit.py:571} INFO - 26/08/21 04:33:26 WARN NativeCodeLoader: Unable to load native-hadoop library for your platform... using builtin-java classes where applicable
[2026-08-21T04:33:26.866+0000] {spark_submit.py:571} INFO - 26/08/21 04:33:26 INFO ResourceUtils: ==============================================================
[2026-08-21T04:33:26.867+0000] {spark_submit.py:571} INFO - 26/08/21 04:33:26 INFO ResourceUtils: No custom resources configured for spark.driver.
[2026-08-21T04:33:26.868+0000] {spark_submit.py:571} INFO - 26/08/21 04:33:26 INFO ResourceUtils: ==============================================================
[2026-08-21T04:33:26.869+0000] {spark_submit.py:571} INFO - 26/08/21 04:33:26 INFO SparkContext: Submitted application: QC_Silver_2025-06-01-00
[2026-08-21T04:33:26.902+0000] {spark_submit.py:571} INFO - 26/08/21 04:33:26 INFO ResourceProfile: Default ResourceProfile created, executor resources: Map(memory -> name: memory, amount: 1024, script: , vendor: , offHeap -> name: offHeap, amount: 0, script: , vendor: ), task resources: Map(cpus -> name: cpus, amount: 1.0)
[2026-08-21T04:33:26.912+0000] {spark_submit.py:571} INFO - 26/08/21 04:33:26 INFO ResourceProfile: Limiting resource is cpu
[2026-08-21T04:33:26.913+0000] {spark_submit.py:571} INFO - 26/08/21 04:33:26 INFO ResourceProfileManager: Added ResourceProfile id: 0
[2026-08-21T04:33:26.980+0000] {spark_submit.py:571} INFO - 26/08/21 04:33:26 INFO SecurityManager: Changing view acls to: ***
[2026-08-21T04:33:26.988+0000] {spark_submit.py:571} INFO - 26/08/21 04:33:26 INFO SecurityManager: Changing modify acls to: ***
[2026-08-21T04:33:26.989+0000] {spark_submit.py:571} INFO - 26/08/21 04:33:26 INFO SecurityManager: Changing view acls groups to:
[2026-08-21T04:33:26.989+0000] {spark_submit.py:571} INFO - 26/08/21 04:33:26 INFO SecurityManager: Changing modify acls groups to:
[2026-08-21T04:33:26.989+0000] {spark_submit.py:571} INFO - 26/08/21 04:33:26 INFO SecurityManager: SecurityManager: authentication disabled; ui acls disabled; users with view permissions: ***; groups with view permissions: EMPTY; users with modify permissions: ***; groups with modify permissions: EMPTY
[2026-08-21T04:33:27.284+0000] {spark_submit.py:571} INFO - 26/08/21 04:33:27 INFO Utils: Successfully started service 'sparkDriver' on port 34949.
[2026-08-21T04:33:27.351+0000] {spark_submit.py:571} INFO - 26/08/21 04:33:27 INFO SparkEnv: Registering MapOutputTracker
[2026-08-21T04:33:27.397+0000] {spark_submit.py:571} INFO - 26/08/21 04:33:27 INFO SparkEnv: Registering BlockManagerMaster
[2026-08-21T04:33:27.420+0000] {spark_submit.py:571} INFO - 26/08/21 04:33:27 INFO BlockManagerMasterEndpoint: Using org.apache.spark.storage.DefaultTopologyMapper for getting topology information
[2026-08-21T04:33:27.422+0000] {spark_submit.py:571} INFO - 26/08/21 04:33:27 INFO BlockManagerMasterEndpoint: BlockManagerMasterEndpoint up
[2026-08-21T04:33:27.430+0000] {spark_submit.py:571} INFO - 26/08/21 04:33:27 INFO SparkEnv: Registering BlockManagerMasterHeartbeat
[2026-08-21T04:33:27.488+0000] {spark_submit.py:571} INFO - 26/08/21 04:33:27 INFO DiskBlockManager: Created local directory at /tmp/blockmgr-52c31731-06b8-4cec-b2f4-ff0ba3edc18c
[2026-08-21T04:33:27.551+0000] {spark_submit.py:571} INFO - 26/08/21 04:33:27 INFO MemoryStore: MemoryStore started with capacity 434.4 MiB
[2026-08-21T04:33:27.579+0000] {spark_submit.py:571} INFO - 26/08/21 04:33:27 INFO SparkEnv: Registering OutputCommitCoordinator
[2026-08-21T04:33:27.773+0000] {spark_submit.py:571} INFO - 26/08/21 04:33:27 INFO JettyUtils: Start Jetty 0.0.0.0:4040 for SparkUI
[2026-08-21T04:33:27.852+0000] {spark_submit.py:571} INFO - 26/08/21 04:33:27 INFO Utils: Successfully started service 'SparkUI' on port 4040.
[2026-08-21T04:33:28.109+0000] {spark_submit.py:571} INFO - 26/08/21 04:33:28 INFO StandaloneAppClient$ClientEndpoint: Connecting to master spark://spark-master:7077...
[2026-08-21T04:33:28.238+0000] {spark_submit.py:571} INFO - 26/08/21 04:33:28 INFO TransportClientFactory: Successfully created connection to spark-master/172.18.0.4:7077 after 39 ms (0 ms spent in bootstraps)
[2026-08-21T04:33:28.502+0000] {spark_submit.py:571} INFO - 26/08/21 04:33:28 INFO StandaloneSchedulerBackend: Connected to Spark cluster with app ID app-20260821043328-0020
[2026-08-21T04:33:28.559+0000] {spark_submit.py:571} INFO - 26/08/21 04:33:28 INFO Utils: Successfully started service 'org.apache.spark.network.netty.NettyBlockTransferService' on port 40427.
[2026-08-21T04:33:28.562+0000] {spark_submit.py:571} INFO - 26/08/21 04:33:28 INFO NettyBlockTransferService: Server created on c90a551abb73:40427
[2026-08-21T04:33:28.563+0000] {spark_submit.py:571} INFO - 26/08/21 04:33:28 INFO BlockManager: Using org.apache.spark.storage.RandomBlockReplicationPolicy for block replication policy
[2026-08-21T04:33:28.608+0000] {spark_submit.py:571} INFO - 26/08/21 04:33:28 INFO BlockManagerMaster: Registering BlockManager BlockManagerId(driver, c90a551abb73, 40427, None)
[2026-08-21T04:33:28.612+0000] {spark_submit.py:571} INFO - 26/08/21 04:33:28 INFO BlockManagerMasterEndpoint: Registering block manager c90a551abb73:40427 with 434.4 MiB RAM, BlockManagerId(driver, c90a551abb73, 40427, None)
[2026-08-21T04:33:28.625+0000] {spark_submit.py:571} INFO - 26/08/21 04:33:28 INFO BlockManagerMaster: Registered BlockManager BlockManagerId(driver, c90a551abb73, 40427, None)
[2026-08-21T04:33:28.631+0000] {spark_submit.py:571} INFO - 26/08/21 04:33:28 INFO BlockManager: Initialized BlockManager: BlockManagerId(driver, c90a551abb73, 40427, None)
[2026-08-21T04:33:29.067+0000] {spark_submit.py:571} INFO - 26/08/21 04:33:29 INFO StandaloneSchedulerBackend: SchedulerBackend is ready for scheduling beginning after reached minRegisteredResourcesRatio: 0.0
[2026-08-21T04:33:29.396+0000] {spark_submit.py:571} INFO - Bắt đầu Quality Check (QC) cho ca: 2025-06-01-00
[2026-08-21T04:33:29.546+0000] {spark_submit.py:571} INFO - 26/08/21 04:33:29 INFO SharedState: Setting hive.metastore.warehouse.dir ('null') to the value of spark.sql.warehouse.dir.
[2026-08-21T04:33:29.557+0000] {spark_submit.py:571} INFO - 26/08/21 04:33:29 INFO SharedState: Warehouse path is 'file:/opt/***/spark-warehouse'.
[2026-08-21T04:33:31.814+0000] {spark_submit.py:571} INFO - 26/08/21 04:33:31 WARN MetricsConfig: Cannot locate configuration: tried hadoop-metrics2-s3a-file-system.properties,hadoop-metrics2.properties
[2026-08-21T04:33:31.838+0000] {spark_submit.py:571} INFO - 26/08/21 04:33:31 INFO MetricsSystemImpl: Scheduled Metric snapshot period at 10 second(s).
[2026-08-21T04:33:31.839+0000] {spark_submit.py:571} INFO - 26/08/21 04:33:31 INFO MetricsSystemImpl: s3a-file-system metrics system started
[2026-08-21T04:33:33.965+0000] {spark_submit.py:571} INFO - 26/08/21 04:33:33 INFO DelegatingLogStore: LogStore `LogStoreAdapter(io.delta.storage.S3SingleDriverLogStore)` is used for scheme `s3a`
[2026-08-21T04:33:34.215+0000] {spark_submit.py:571} INFO - 26/08/21 04:33:34 INFO DeltaLog: Loading version 0.
[2026-08-21T04:33:38.180+0000] {spark_submit.py:571} INFO - 26/08/21 04:33:38 INFO DeltaLogFileIndex: Created DeltaLogFileIndex(JSON, numFilesInSegment: 1, totalFileSize: 5821)
[2026-08-21T04:33:40.688+0000] {spark_submit.py:571} INFO - 26/08/21 04:33:40 INFO DataSourceStrategy: Pruning directories with:
[2026-08-21T04:33:40.698+0000] {spark_submit.py:571} INFO - 26/08/21 04:33:40 INFO FileSourceStrategy: Pushed Filters:
[2026-08-21T04:33:40.700+0000] {spark_submit.py:571} INFO - 26/08/21 04:33:40 INFO FileSourceStrategy: Post-Scan Filters: ((isnotnull(protocol#11.minReaderVersion) OR isnotnull(metaData#10.id)) OR (isnotnull(commitInfo#12.inCommitTimestamp) AND (version#13L = 0)))
[2026-08-21T04:33:42.058+0000] {spark_submit.py:571} INFO - 26/08/21 04:33:42 INFO CodeGenerator: Code generated in 770.566557 ms
[2026-08-21T04:33:42.286+0000] {spark_submit.py:571} INFO - 26/08/21 04:33:42 INFO MemoryStore: Block broadcast_0 stored as values in memory (estimated size 201.6 KiB, free 434.2 MiB)
[2026-08-21T04:33:42.481+0000] {spark_submit.py:571} INFO - 26/08/21 04:33:42 INFO MemoryStore: Block broadcast_0_piece0 stored as bytes in memory (estimated size 35.0 KiB, free 434.2 MiB)
[2026-08-21T04:33:42.487+0000] {spark_submit.py:571} INFO - 26/08/21 04:33:42 INFO BlockManagerInfo: Added broadcast_0_piece0 in memory on c90a551abb73:40427 (size: 35.0 KiB, free: 434.4 MiB)
[2026-08-21T04:33:42.507+0000] {spark_submit.py:571} INFO - 26/08/21 04:33:42 INFO SparkContext: Created broadcast 0 from $anonfun$recordDeltaOperationInternal$1 at DatabricksLogging.scala:128
[2026-08-21T04:33:42.562+0000] {spark_submit.py:571} INFO - 26/08/21 04:33:42 INFO FileSourceScanExec: Planning scan with bin packing, max size: 4194304 bytes, open cost is considered as scanning 4194304 bytes.
[2026-08-21T04:33:42.917+0000] {spark_submit.py:571} INFO - 26/08/21 04:33:42 INFO SparkContext: Starting job: $anonfun$recordDeltaOperationInternal$1 at DatabricksLogging.scala:128
[2026-08-21T04:33:42.954+0000] {spark_submit.py:571} INFO - 26/08/21 04:33:42 INFO DAGScheduler: Got job 0 ($anonfun$recordDeltaOperationInternal$1 at DatabricksLogging.scala:128) with 1 output partitions
[2026-08-21T04:33:42.954+0000] {spark_submit.py:571} INFO - 26/08/21 04:33:42 INFO DAGScheduler: Final stage: ResultStage 0 ($anonfun$recordDeltaOperationInternal$1 at DatabricksLogging.scala:128)
[2026-08-21T04:33:42.957+0000] {spark_submit.py:571} INFO - 26/08/21 04:33:42 INFO DAGScheduler: Parents of final stage: List()
[2026-08-21T04:33:42.957+0000] {spark_submit.py:571} INFO - 26/08/21 04:33:42 INFO DAGScheduler: Missing parents: List()
[2026-08-21T04:33:42.965+0000] {spark_submit.py:571} INFO - 26/08/21 04:33:42 INFO DAGScheduler: Submitting ResultStage 0 (MapPartitionsRDD[3] at $anonfun$recordDeltaOperationInternal$1 at DatabricksLogging.scala:128), which has no missing parents
[2026-08-21T04:33:43.047+0000] {spark_submit.py:571} INFO - 26/08/21 04:33:43 INFO MemoryStore: Block broadcast_1 stored as values in memory (estimated size 55.2 KiB, free 434.1 MiB)
[2026-08-21T04:33:43.077+0000] {spark_submit.py:571} INFO - 26/08/21 04:33:43 INFO MemoryStore: Block broadcast_1_piece0 stored as bytes in memory (estimated size 17.1 KiB, free 434.1 MiB)
[2026-08-21T04:33:43.097+0000] {spark_submit.py:571} INFO - 26/08/21 04:33:43 INFO BlockManagerInfo: Added broadcast_1_piece0 in memory on c90a551abb73:40427 (size: 17.1 KiB, free: 434.3 MiB)
[2026-08-21T04:33:43.101+0000] {spark_submit.py:571} INFO - 26/08/21 04:33:43 INFO SparkContext: Created broadcast 1 from broadcast at DAGScheduler.scala:1585
[2026-08-21T04:33:43.166+0000] {spark_submit.py:571} INFO - 26/08/21 04:33:43 INFO DAGScheduler: Submitting 1 missing tasks from ResultStage 0 (MapPartitionsRDD[3] at $anonfun$recordDeltaOperationInternal$1 at DatabricksLogging.scala:128) (first 15 tasks are for partitions Vector(0))
[2026-08-21T04:33:43.173+0000] {spark_submit.py:571} INFO - 26/08/21 04:33:43 INFO TaskSchedulerImpl: Adding task set 0.0 with 1 tasks resource profile 0
[2026-08-21T04:33:58.194+0000] {spark_submit.py:571} INFO - 26/08/21 04:33:58 WARN TaskSchedulerImpl: Initial job has not accepted any resources; check your cluster UI to ensure that workers are registered and have sufficient resources
[2026-08-21T04:34:13.193+0000] {spark_submit.py:571} INFO - 26/08/21 04:34:13 WARN TaskSchedulerImpl: Initial job has not accepted any resources; check your cluster UI to ensure that workers are registered and have sufficient resources
[2026-08-21T04:34:20.834+0000] {spark_submit.py:571} INFO - 26/08/21 04:34:20 INFO StandaloneAppClient$ClientEndpoint: Executor added: app-20260821043328-0020/0 on worker-20260821021253-172.18.0.6-39045 (172.18.0.6:39045) with 2 core(s)
[2026-08-21T04:34:20.845+0000] {spark_submit.py:571} INFO - 26/08/21 04:34:20 INFO StandaloneSchedulerBackend: Granted executor ID app-20260821043328-0020/0 on hostPort 172.18.0.6:39045 with 2 core(s), 1024.0 MiB RAM
[2026-08-21T04:34:20.847+0000] {spark_submit.py:571} INFO - 26/08/21 04:34:20 INFO StandaloneAppClient$ClientEndpoint: Executor added: app-20260821043328-0020/1 on worker-20260821021253-172.18.0.7-44957 (172.18.0.7:44957) with 2 core(s)
[2026-08-21T04:34:20.847+0000] {spark_submit.py:571} INFO - 26/08/21 04:34:20 INFO StandaloneSchedulerBackend: Granted executor ID app-20260821043328-0020/1 on hostPort 172.18.0.7:44957 with 2 core(s), 1024.0 MiB RAM
[2026-08-21T04:34:21.010+0000] {spark_submit.py:571} INFO - 26/08/21 04:34:21 INFO StandaloneAppClient$ClientEndpoint: Executor updated: app-20260821043328-0020/0 is now RUNNING
[2026-08-21T04:34:21.011+0000] {spark_submit.py:571} INFO - 26/08/21 04:34:21 INFO StandaloneAppClient$ClientEndpoint: Executor updated: app-20260821043328-0020/1 is now RUNNING
[2026-08-21T04:34:26.525+0000] {spark_submit.py:571} INFO - 26/08/21 04:34:26 INFO StandaloneSchedulerBackend$StandaloneDriverEndpoint: Registered executor NettyRpcEndpointRef(spark-client://Executor) (172.18.0.6:41496) with ID 0,  ResourceProfileId 0
[2026-08-21T04:34:26.566+0000] {spark_submit.py:571} INFO - 26/08/21 04:34:26 INFO StandaloneSchedulerBackend$StandaloneDriverEndpoint: Registered executor NettyRpcEndpointRef(spark-client://Executor) (172.18.0.7:58772) with ID 1,  ResourceProfileId 0
[2026-08-21T04:34:26.679+0000] {spark_submit.py:571} INFO - 26/08/21 04:34:26 INFO BlockManagerMasterEndpoint: Registering block manager 172.18.0.6:40477 with 434.4 MiB RAM, BlockManagerId(0, 172.18.0.6, 40477, None)
[2026-08-21T04:34:26.691+0000] {spark_submit.py:571} INFO - 26/08/21 04:34:26 INFO BlockManagerMasterEndpoint: Registering block manager 172.18.0.7:33475 with 434.4 MiB RAM, BlockManagerId(1, 172.18.0.7, 33475, None)
[2026-08-21T04:34:26.819+0000] {spark_submit.py:571} INFO - 26/08/21 04:34:26 INFO TaskSetManager: Starting task 0.0 in stage 0.0 (TID 0) (172.18.0.6, executor 0, partition 0, PROCESS_LOCAL, 8295 bytes)
[2026-08-21T04:34:27.115+0000] {spark_submit.py:571} INFO - 26/08/21 04:34:27 INFO BlockManagerInfo: Added broadcast_1_piece0 in memory on 172.18.0.6:40477 (size: 17.1 KiB, free: 434.4 MiB)
[2026-08-21T04:34:28.772+0000] {spark_submit.py:571} INFO - 26/08/21 04:34:28 INFO BlockManagerInfo: Added broadcast_0_piece0 in memory on 172.18.0.6:40477 (size: 35.0 KiB, free: 434.3 MiB)
[2026-08-21T04:34:31.182+0000] {spark_submit.py:571} INFO - 26/08/21 04:34:31 INFO TaskSetManager: Finished task 0.0 in stage 0.0 (TID 0) in 4387 ms on 172.18.0.6 (executor 0) (1/1)
[2026-08-21T04:34:31.186+0000] {spark_submit.py:571} INFO - 26/08/21 04:34:31 INFO TaskSchedulerImpl: Removed TaskSet 0.0, whose tasks have all completed, from pool
[2026-08-21T04:34:31.189+0000] {spark_submit.py:571} INFO - 26/08/21 04:34:31 INFO DAGScheduler: ResultStage 0 ($anonfun$recordDeltaOperationInternal$1 at DatabricksLogging.scala:128) finished in 48.189 s
[2026-08-21T04:34:31.193+0000] {spark_submit.py:571} INFO - 26/08/21 04:34:31 INFO DAGScheduler: Job 0 is finished. Cancelling potential speculative or zombie tasks for this job
[2026-08-21T04:34:31.195+0000] {spark_submit.py:571} INFO - 26/08/21 04:34:31 INFO TaskSchedulerImpl: Killing all running tasks in stage 0: Stage finished
[2026-08-21T04:34:31.197+0000] {spark_submit.py:571} INFO - 26/08/21 04:34:31 INFO DAGScheduler: Job 0 finished: $anonfun$recordDeltaOperationInternal$1 at DatabricksLogging.scala:128, took 48.279949 s
[2026-08-21T04:34:31.285+0000] {spark_submit.py:571} INFO - 26/08/21 04:34:31 INFO CodeGenerator: Code generated in 57.043232 ms
[2026-08-21T04:34:31.370+0000] {spark_submit.py:571} INFO - 26/08/21 04:34:31 INFO Snapshot: [tableId=a5a68823-2adb-47ae-a204-811e629ff969] Created snapshot Snapshot(path=s3a://bronze/cell_kpi_raw/_delta_log, version=0, metadata=Metadata(553802dd-42b6-4cf1-8af2-e0916230ea16,null,null,Format(parquet,Map()),{"type":"struct","fields":[{"name":"enb_name","type":"string","nullable":true,"metadata":{}},{"name":"cell_name","type":"string","nullable":true,"metadata":{}},{"name":"date_hour","type":"string","nullable":true,"metadata":{}},{"name":"dl_traffic_gb","type":"double","nullable":true,"metadata":{}},{"name":"ul_traffic_gb","type":"double","nullable":true,"metadata":{}},{"name":"total_traffic_gb","type":"double","nullable":true,"metadata":{}},{"name":"max_rrc_connected_user","type":"integer","nullable":true,"metadata":{}},{"name":"ul_prb","type":"double","nullable":true,"metadata":{}},{"name":"ul_prb_used","type":"double","nullable":true,"metadata":{}},{"name":"ul_prb_available_total","type":"double","nullable":true,"metadata":{}},{"name":"dl_prb","type":"double","nullable":true,"metadata":{}},{"name":"dl_prb_used","type":"double","nullable":true,"metadata":{}},{"name":"dl_prb_available_total","type":"double","nullable":true,"metadata":{}},{"name":"sector","type":"string","nullable":true,"metadata":{}},{"name":"azimuth","type":"integer","nullable":true,"metadata":{}},{"name":"cell_type","type":"string","nullable":true,"metadata":{}},{"name":"x","type":"double","nullable":true,"metadata":{}},{"name":"y","type":"double","nullable":true,"metadata":{}},{"name":"date","type":"string","nullable":true,"metadata":{}},{"name":"hour","type":"string","nullable":true,"metadata":{}}]},List(date, hour),Map(),Some(1787286784873)), logSegment=LogSegment(s3a://bronze/cell_kpi_raw/_delta_log,0,WrappedArray(S3AFileStatus{path=s3a://bronze/cell_kpi_raw/_delta_log/00000000000000000000.json; isDirectory=false; length=5821; replication=1; blocksize=33554432; modification_time=1787286797585; access_time=0; owner=***; group=***; permission=rw-rw-rw-; isSymlink=false; hasAcl=false; isEncrypted=true; isErasureCoded=false} isEmptyDirectory=FALSE eTag=75575b1ec5f43e5c51e4644a250c1bf4 versionId=null),org.apache.spark.sql.delta.EmptyCheckpointProvider$@5eedeacd,1787286797585), checksumOpt=None)
[2026-08-21T04:34:31.393+0000] {spark_submit.py:571} INFO - 26/08/21 04:34:31 INFO DeltaLog: Updated snapshot to Snapshot(path=s3a://bronze/cell_kpi_raw/_delta_log, version=0, metadata=Metadata(553802dd-42b6-4cf1-8af2-e0916230ea16,null,null,Format(parquet,Map()),{"type":"struct","fields":[{"name":"enb_name","type":"string","nullable":true,"metadata":{}},{"name":"cell_name","type":"string","nullable":true,"metadata":{}},{"name":"date_hour","type":"string","nullable":true,"metadata":{}},{"name":"dl_traffic_gb","type":"double","nullable":true,"metadata":{}},{"name":"ul_traffic_gb","type":"double","nullable":true,"metadata":{}},{"name":"total_traffic_gb","type":"double","nullable":true,"metadata":{}},{"name":"max_rrc_connected_user","type":"integer","nullable":true,"metadata":{}},{"name":"ul_prb","type":"double","nullable":true,"metadata":{}},{"name":"ul_prb_used","type":"double","nullable":true,"metadata":{}},{"name":"ul_prb_available_total","type":"double","nullable":true,"metadata":{}},{"name":"dl_prb","type":"double","nullable":true,"metadata":{}},{"name":"dl_prb_used","type":"double","nullable":true,"metadata":{}},{"name":"dl_prb_available_total","type":"double","nullable":true,"metadata":{}},{"name":"sector","type":"string","nullable":true,"metadata":{}},{"name":"azimuth","type":"integer","nullable":true,"metadata":{}},{"name":"cell_type","type":"string","nullable":true,"metadata":{}},{"name":"x","type":"double","nullable":true,"metadata":{}},{"name":"y","type":"double","nullable":true,"metadata":{}},{"name":"date","type":"string","nullable":true,"metadata":{}},{"name":"hour","type":"string","nullable":true,"metadata":{}}]},List(date, hour),Map(),Some(1787286784873)), logSegment=LogSegment(s3a://bronze/cell_kpi_raw/_delta_log,0,WrappedArray(S3AFileStatus{path=s3a://bronze/cell_kpi_raw/_delta_log/00000000000000000000.json; isDirectory=false; length=5821; replication=1; blocksize=33554432; modification_time=1787286797585; access_time=0; owner=***; group=***; permission=rw-rw-rw-; isSymlink=false; hasAcl=false; isEncrypted=true; isErasureCoded=false} isEmptyDirectory=FALSE eTag=75575b1ec5f43e5c51e4644a250c1bf4 versionId=null),org.apache.spark.sql.delta.EmptyCheckpointProvider$@5eedeacd,1787286797585), checksumOpt=None)
[2026-08-21T04:34:31.497+0000] {spark_submit.py:571} INFO - 26/08/21 04:34:31 INFO BlockManagerInfo: Removed broadcast_1_piece0 on 172.18.0.6:40477 in memory (size: 17.1 KiB, free: 434.4 MiB)
[2026-08-21T04:34:31.513+0000] {spark_submit.py:571} INFO - 26/08/21 04:34:31 INFO BlockManagerInfo: Removed broadcast_1_piece0 on c90a551abb73:40427 in memory (size: 17.1 KiB, free: 434.4 MiB)
[2026-08-21T04:34:31.739+0000] {spark_submit.py:571} INFO - 26/08/21 04:34:31 INFO DeltaLog: Loading version 1.
[2026-08-21T04:34:31.745+0000] {spark_submit.py:571} INFO - 26/08/21 04:34:31 INFO DeltaLogFileIndex: Created DeltaLogFileIndex(JSON, numFilesInSegment: 2, totalFileSize: 9799)
[2026-08-21T04:34:31.892+0000] {spark_submit.py:571} INFO - 26/08/21 04:34:31 INFO DataSourceStrategy: Pruning directories with:
[2026-08-21T04:34:31.893+0000] {spark_submit.py:571} INFO - 26/08/21 04:34:31 INFO FileSourceStrategy: Pushed Filters:
[2026-08-21T04:34:31.893+0000] {spark_submit.py:571} INFO - 26/08/21 04:34:31 INFO FileSourceStrategy: Post-Scan Filters: ((isnotnull(protocol#113.minReaderVersion) OR isnotnull(metaData#112.id)) OR (isnotnull(commitInfo#114.inCommitTimestamp) AND (version#115L = 1)))
[2026-08-21T04:34:32.031+0000] {spark_submit.py:571} INFO - 26/08/21 04:34:32 INFO CodeGenerator: Code generated in 95.727758 ms
[2026-08-21T04:34:32.051+0000] {spark_submit.py:571} INFO - 26/08/21 04:34:32 INFO MemoryStore: Block broadcast_2 stored as values in memory (estimated size 201.6 KiB, free 434.0 MiB)
[2026-08-21T04:34:32.066+0000] {spark_submit.py:571} INFO - 26/08/21 04:34:32 INFO MemoryStore: Block broadcast_2_piece0 stored as bytes in memory (estimated size 35.0 KiB, free 433.9 MiB)
[2026-08-21T04:34:32.069+0000] {spark_submit.py:571} INFO - 26/08/21 04:34:32 INFO BlockManagerInfo: Added broadcast_2_piece0 in memory on c90a551abb73:40427 (size: 35.0 KiB, free: 434.3 MiB)
[2026-08-21T04:34:32.070+0000] {spark_submit.py:571} INFO - 26/08/21 04:34:32 INFO SparkContext: Created broadcast 2 from $anonfun$recordDeltaOperationInternal$1 at DatabricksLogging.scala:128
[2026-08-21T04:34:32.071+0000] {spark_submit.py:571} INFO - 26/08/21 04:34:32 INFO FileSourceScanExec: Planning scan with bin packing, max size: 4194304 bytes, open cost is considered as scanning 4194304 bytes.
[2026-08-21T04:34:32.092+0000] {spark_submit.py:571} INFO - 26/08/21 04:34:32 INFO SparkContext: Starting job: $anonfun$recordDeltaOperationInternal$1 at DatabricksLogging.scala:128
[2026-08-21T04:34:32.093+0000] {spark_submit.py:571} INFO - 26/08/21 04:34:32 INFO DAGScheduler: Got job 1 ($anonfun$recordDeltaOperationInternal$1 at DatabricksLogging.scala:128) with 2 output partitions
[2026-08-21T04:34:32.093+0000] {spark_submit.py:571} INFO - 26/08/21 04:34:32 INFO DAGScheduler: Final stage: ResultStage 1 ($anonfun$recordDeltaOperationInternal$1 at DatabricksLogging.scala:128)
[2026-08-21T04:34:32.093+0000] {spark_submit.py:571} INFO - 26/08/21 04:34:32 INFO DAGScheduler: Parents of final stage: List()
[2026-08-21T04:34:32.094+0000] {spark_submit.py:571} INFO - 26/08/21 04:34:32 INFO DAGScheduler: Missing parents: List()
[2026-08-21T04:34:32.102+0000] {spark_submit.py:571} INFO - 26/08/21 04:34:32 INFO DAGScheduler: Submitting ResultStage 1 (MapPartitionsRDD[7] at $anonfun$recordDeltaOperationInternal$1 at DatabricksLogging.scala:128), which has no missing parents
[2026-08-21T04:34:32.104+0000] {spark_submit.py:571} INFO - 26/08/21 04:34:32 INFO MemoryStore: Block broadcast_3 stored as values in memory (estimated size 55.2 KiB, free 433.9 MiB)
[2026-08-21T04:34:32.108+0000] {spark_submit.py:571} INFO - 26/08/21 04:34:32 INFO MemoryStore: Block broadcast_3_piece0 stored as bytes in memory (estimated size 17.2 KiB, free 433.9 MiB)
[2026-08-21T04:34:32.108+0000] {spark_submit.py:571} INFO - 26/08/21 04:34:32 INFO BlockManagerInfo: Added broadcast_3_piece0 in memory on c90a551abb73:40427 (size: 17.2 KiB, free: 434.3 MiB)
[2026-08-21T04:34:32.108+0000] {spark_submit.py:571} INFO - 26/08/21 04:34:32 INFO SparkContext: Created broadcast 3 from broadcast at DAGScheduler.scala:1585
[2026-08-21T04:34:32.109+0000] {spark_submit.py:571} INFO - 26/08/21 04:34:32 INFO DAGScheduler: Submitting 2 missing tasks from ResultStage 1 (MapPartitionsRDD[7] at $anonfun$recordDeltaOperationInternal$1 at DatabricksLogging.scala:128) (first 15 tasks are for partitions Vector(0, 1))
[2026-08-21T04:34:32.110+0000] {spark_submit.py:571} INFO - 26/08/21 04:34:32 INFO TaskSchedulerImpl: Adding task set 1.0 with 2 tasks resource profile 0
[2026-08-21T04:34:32.113+0000] {spark_submit.py:571} INFO - 26/08/21 04:34:32 INFO TaskSetManager: Starting task 0.0 in stage 1.0 (TID 1) (172.18.0.7, executor 1, partition 0, PROCESS_LOCAL, 8295 bytes)
[2026-08-21T04:34:32.113+0000] {spark_submit.py:571} INFO - 26/08/21 04:34:32 INFO TaskSetManager: Starting task 1.0 in stage 1.0 (TID 2) (172.18.0.6, executor 0, partition 1, PROCESS_LOCAL, 8295 bytes)
[2026-08-21T04:34:32.186+0000] {spark_submit.py:571} INFO - 26/08/21 04:34:32 INFO BlockManagerInfo: Added broadcast_3_piece0 in memory on 172.18.0.6:40477 (size: 17.2 KiB, free: 434.3 MiB)
[2026-08-21T04:34:32.435+0000] {spark_submit.py:571} INFO - 26/08/21 04:34:32 INFO BlockManagerInfo: Added broadcast_3_piece0 in memory on 172.18.0.7:33475 (size: 17.2 KiB, free: 434.4 MiB)
[2026-08-21T04:34:32.545+0000] {spark_submit.py:571} INFO - 26/08/21 04:34:32 INFO BlockManagerInfo: Added broadcast_2_piece0 in memory on 172.18.0.6:40477 (size: 35.0 KiB, free: 434.3 MiB)
[2026-08-21T04:34:32.685+0000] {spark_submit.py:571} INFO - 26/08/21 04:34:32 INFO TaskSetManager: Finished task 1.0 in stage 1.0 (TID 2) in 564 ms on 172.18.0.6 (executor 0) (1/2)
[2026-08-21T04:34:34.424+0000] {spark_submit.py:571} INFO - 26/08/21 04:34:34 INFO BlockManagerInfo: Added broadcast_2_piece0 in memory on 172.18.0.7:33475 (size: 35.0 KiB, free: 434.3 MiB)
[2026-08-21T04:34:36.941+0000] {spark_submit.py:571} INFO - 26/08/21 04:34:36 INFO TaskSetManager: Finished task 0.0 in stage 1.0 (TID 1) in 4828 ms on 172.18.0.7 (executor 1) (2/2)
[2026-08-21T04:34:36.941+0000] {spark_submit.py:571} INFO - 26/08/21 04:34:36 INFO TaskSchedulerImpl: Removed TaskSet 1.0, whose tasks have all completed, from pool
[2026-08-21T04:34:36.944+0000] {spark_submit.py:571} INFO - 26/08/21 04:34:36 INFO DAGScheduler: ResultStage 1 ($anonfun$recordDeltaOperationInternal$1 at DatabricksLogging.scala:128) finished in 4.844 s
[2026-08-21T04:34:36.945+0000] {spark_submit.py:571} INFO - 26/08/21 04:34:36 INFO DAGScheduler: Job 1 is finished. Cancelling potential speculative or zombie tasks for this job
[2026-08-21T04:34:36.945+0000] {spark_submit.py:571} INFO - 26/08/21 04:34:36 INFO TaskSchedulerImpl: Killing all running tasks in stage 1: Stage finished
[2026-08-21T04:34:36.946+0000] {spark_submit.py:571} INFO - 26/08/21 04:34:36 INFO DAGScheduler: Job 1 finished: $anonfun$recordDeltaOperationInternal$1 at DatabricksLogging.scala:128, took 4.854582 s
[2026-08-21T04:34:36.985+0000] {spark_submit.py:571} INFO - 26/08/21 04:34:36 INFO Snapshot: [tableId=553802dd-42b6-4cf1-8af2-e0916230ea16] Created snapshot Snapshot(path=s3a://bronze/cell_kpi_raw/_delta_log, version=1, metadata=Metadata(553802dd-42b6-4cf1-8af2-e0916230ea16,null,null,Format(parquet,Map()),{"type":"struct","fields":[{"name":"enb_name","type":"string","nullable":true,"metadata":{}},{"name":"cell_name","type":"string","nullable":true,"metadata":{}},{"name":"date_hour","type":"string","nullable":true,"metadata":{}},{"name":"dl_traffic_gb","type":"double","nullable":true,"metadata":{}},{"name":"ul_traffic_gb","type":"double","nullable":true,"metadata":{}},{"name":"total_traffic_gb","type":"double","nullable":true,"metadata":{}},{"name":"max_rrc_connected_user","type":"integer","nullable":true,"metadata":{}},{"name":"ul_prb","type":"double","nullable":true,"metadata":{}},{"name":"ul_prb_used","type":"double","nullable":true,"metadata":{}},{"name":"ul_prb_available_total","type":"double","nullable":true,"metadata":{}},{"name":"dl_prb","type":"double","nullable":true,"metadata":{}},{"name":"dl_prb_used","type":"double","nullable":true,"metadata":{}},{"name":"dl_prb_available_total","type":"double","nullable":true,"metadata":{}},{"name":"sector","type":"string","nullable":true,"metadata":{}},{"name":"azimuth","type":"integer","nullable":true,"metadata":{}},{"name":"cell_type","type":"string","nullable":true,"metadata":{}},{"name":"x","type":"double","nullable":true,"metadata":{}},{"name":"y","type":"double","nullable":true,"metadata":{}},{"name":"date","type":"string","nullable":true,"metadata":{}},{"name":"hour","type":"string","nullable":true,"metadata":{}}]},List(date, hour),Map(),Some(1787286784873)), logSegment=LogSegment(s3a://bronze/cell_kpi_raw/_delta_log,1,WrappedArray(S3AFileStatus{path=s3a://bronze/cell_kpi_raw/_delta_log/00000000000000000000.json; isDirectory=false; length=5821; replication=1; blocksize=33554432; modification_time=1787286797585; access_time=0; owner=***; group=***; permission=rw-rw-rw-; isSymlink=false; hasAcl=false; isEncrypted=true; isErasureCoded=false} isEmptyDirectory=FALSE eTag=75575b1ec5f43e5c51e4644a250c1bf4 versionId=null, S3AFileStatus{path=s3a://bronze/cell_kpi_raw/_delta_log/00000000000000000001.json; isDirectory=false; length=3978; replication=1; blocksize=33554432; modification_time=1787286860216; access_time=0; owner=***; group=***; permission=rw-rw-rw-; isSymlink=false; hasAcl=false; isEncrypted=true; isErasureCoded=false} isEmptyDirectory=FALSE eTag=4b99acafbc48768b6984bd481eec7d46 versionId=null),org.apache.spark.sql.delta.EmptyCheckpointProvider$@5eedeacd,1787286860216), checksumOpt=None)
[2026-08-21T04:34:36.987+0000] {spark_submit.py:571} INFO - 26/08/21 04:34:36 INFO DeltaLog: Updated snapshot to Snapshot(path=s3a://bronze/cell_kpi_raw/_delta_log, version=1, metadata=Metadata(553802dd-42b6-4cf1-8af2-e0916230ea16,null,null,Format(parquet,Map()),{"type":"struct","fields":[{"name":"enb_name","type":"string","nullable":true,"metadata":{}},{"name":"cell_name","type":"string","nullable":true,"metadata":{}},{"name":"date_hour","type":"string","nullable":true,"metadata":{}},{"name":"dl_traffic_gb","type":"double","nullable":true,"metadata":{}},{"name":"ul_traffic_gb","type":"double","nullable":true,"metadata":{}},{"name":"total_traffic_gb","type":"double","nullable":true,"metadata":{}},{"name":"max_rrc_connected_user","type":"integer","nullable":true,"metadata":{}},{"name":"ul_prb","type":"double","nullable":true,"metadata":{}},{"name":"ul_prb_used","type":"double","nullable":true,"metadata":{}},{"name":"ul_prb_available_total","type":"double","nullable":true,"metadata":{}},{"name":"dl_prb","type":"double","nullable":true,"metadata":{}},{"name":"dl_prb_used","type":"double","nullable":true,"metadata":{}},{"name":"dl_prb_available_total","type":"double","nullable":true,"metadata":{}},{"name":"sector","type":"string","nullable":true,"metadata":{}},{"name":"azimuth","type":"integer","nullable":true,"metadata":{}},{"name":"cell_type","type":"string","nullable":true,"metadata":{}},{"name":"x","type":"double","nullable":true,"metadata":{}},{"name":"y","type":"double","nullable":true,"metadata":{}},{"name":"date","type":"string","nullable":true,"metadata":{}},{"name":"hour","type":"string","nullable":true,"metadata":{}}]},List(date, hour),Map(),Some(1787286784873)), logSegment=LogSegment(s3a://bronze/cell_kpi_raw/_delta_log,1,WrappedArray(S3AFileStatus{path=s3a://bronze/cell_kpi_raw/_delta_log/00000000000000000000.json; isDirectory=false; length=5821; replication=1; blocksize=33554432; modification_time=1787286797585; access_time=0; owner=***; group=***; permission=rw-rw-rw-; isSymlink=false; hasAcl=false; isEncrypted=true; isErasureCoded=false} isEmptyDirectory=FALSE eTag=75575b1ec5f43e5c51e4644a250c1bf4 versionId=null, S3AFileStatus{path=s3a://bronze/cell_kpi_raw/_delta_log/00000000000000000001.json; isDirectory=false; length=3978; replication=1; blocksize=33554432; modification_time=1787286860216; access_time=0; owner=***; group=***; permission=rw-rw-rw-; isSymlink=false; hasAcl=false; isEncrypted=true; isErasureCoded=false} isEmptyDirectory=FALSE eTag=4b99acafbc48768b6984bd481eec7d46 versionId=null),org.apache.spark.sql.delta.EmptyCheckpointProvider$@5eedeacd,1787286860216), checksumOpt=None)
[2026-08-21T04:34:37.005+0000] {spark_submit.py:571} INFO - 26/08/21 04:34:37 INFO PrepareDeltaScan: DELTA: Filtering files for query
[2026-08-21T04:34:37.028+0000] {spark_submit.py:571} INFO - 26/08/21 04:34:37 INFO MemoryStore: Block broadcast_4 stored as values in memory (estimated size 201.3 KiB, free 433.7 MiB)
[2026-08-21T04:34:37.038+0000] {spark_submit.py:571} INFO - 26/08/21 04:34:37 INFO MemoryStore: Block broadcast_4_piece0 stored as bytes in memory (estimated size 34.8 KiB, free 433.6 MiB)
[2026-08-21T04:34:37.039+0000] {spark_submit.py:571} INFO - 26/08/21 04:34:37 INFO BlockManagerInfo: Added broadcast_4_piece0 in memory on c90a551abb73:40427 (size: 34.8 KiB, free: 434.3 MiB)
[2026-08-21T04:34:37.040+0000] {spark_submit.py:571} INFO - 26/08/21 04:34:37 INFO SparkContext: Created broadcast 4 from $anonfun$recordDeltaOperationInternal$1 at DatabricksLogging.scala:128
[2026-08-21T04:34:37.339+0000] {spark_submit.py:571} INFO - 26/08/21 04:34:37 INFO BlockManagerInfo: Removed broadcast_3_piece0 on 172.18.0.6:40477 in memory (size: 17.2 KiB, free: 434.3 MiB)
[2026-08-21T04:34:37.340+0000] {spark_submit.py:571} INFO - 26/08/21 04:34:37 INFO BlockManagerInfo: Removed broadcast_3_piece0 on c90a551abb73:40427 in memory (size: 17.2 KiB, free: 434.3 MiB)
[2026-08-21T04:34:37.344+0000] {spark_submit.py:571} INFO - 26/08/21 04:34:37 INFO BlockManagerInfo: Removed broadcast_3_piece0 on 172.18.0.7:33475 in memory (size: 17.2 KiB, free: 434.4 MiB)
[2026-08-21T04:34:37.381+0000] {spark_submit.py:571} INFO - 26/08/21 04:34:37 INFO BlockManagerInfo: Removed broadcast_2_piece0 on c90a551abb73:40427 in memory (size: 35.0 KiB, free: 434.3 MiB)
[2026-08-21T04:34:37.382+0000] {spark_submit.py:571} INFO - 26/08/21 04:34:37 INFO BlockManagerInfo: Removed broadcast_2_piece0 on 172.18.0.6:40477 in memory (size: 35.0 KiB, free: 434.4 MiB)
[2026-08-21T04:34:37.383+0000] {spark_submit.py:571} INFO - 26/08/21 04:34:37 INFO BlockManagerInfo: Removed broadcast_2_piece0 on 172.18.0.7:33475 in memory (size: 35.0 KiB, free: 434.4 MiB)
[2026-08-21T04:34:38.447+0000] {spark_submit.py:571} INFO - 26/08/21 04:34:38 INFO DataSourceStrategy: Pruning directories with:
[2026-08-21T04:34:38.449+0000] {spark_submit.py:571} INFO - 26/08/21 04:34:38 INFO FileSourceStrategy: Pushed Filters:
[2026-08-21T04:34:38.449+0000] {spark_submit.py:571} INFO - 26/08/21 04:34:38 INFO FileSourceStrategy: Post-Scan Filters:
[2026-08-21T04:34:38.526+0000] {spark_submit.py:571} INFO - 26/08/21 04:34:38 INFO BlockManagerInfo: Removed broadcast_0_piece0 on 172.18.0.6:40477 in memory (size: 35.0 KiB, free: 434.4 MiB)
[2026-08-21T04:34:38.532+0000] {spark_submit.py:571} INFO - 26/08/21 04:34:38 INFO BlockManagerInfo: Removed broadcast_0_piece0 on c90a551abb73:40427 in memory (size: 35.0 KiB, free: 434.4 MiB)
[2026-08-21T04:34:38.683+0000] {spark_submit.py:571} INFO - 26/08/21 04:34:38 WARN SparkStringUtils: Truncated the string representation of a plan since it was too large. This behavior can be adjusted by setting 'spark.sql.debug.maxToStringFields'.
[2026-08-21T04:34:39.069+0000] {spark_submit.py:571} INFO - 26/08/21 04:34:39 INFO CodeGenerator: Code generated in 254.360948 ms
[2026-08-21T04:34:39.077+0000] {spark_submit.py:571} INFO - 26/08/21 04:34:39 INFO MemoryStore: Block broadcast_5 stored as values in memory (estimated size 201.6 KiB, free 434.0 MiB)
[2026-08-21T04:34:39.101+0000] {spark_submit.py:571} INFO - 26/08/21 04:34:39 INFO MemoryStore: Block broadcast_5_piece0 stored as bytes in memory (estimated size 35.0 KiB, free 433.9 MiB)
[2026-08-21T04:34:39.108+0000] {spark_submit.py:571} INFO - 26/08/21 04:34:39 INFO BlockManagerInfo: Added broadcast_5_piece0 in memory on c90a551abb73:40427 (size: 35.0 KiB, free: 434.3 MiB)
[2026-08-21T04:34:39.108+0000] {spark_submit.py:571} INFO - 26/08/21 04:34:39 INFO SparkContext: Created broadcast 5 from $anonfun$recordDeltaOperationInternal$1 at DatabricksLogging.scala:128
[2026-08-21T04:34:39.114+0000] {spark_submit.py:571} INFO - 26/08/21 04:34:39 INFO FileSourceScanExec: Planning scan with bin packing, max size: 4194304 bytes, open cost is considered as scanning 4194304 bytes.
[2026-08-21T04:34:39.306+0000] {spark_submit.py:571} INFO - 26/08/21 04:34:39 INFO DAGScheduler: Registering RDD 11 ($anonfun$recordDeltaOperationInternal$1 at DatabricksLogging.scala:128) as input to shuffle 0
[2026-08-21T04:34:39.315+0000] {spark_submit.py:571} INFO - 26/08/21 04:34:39 INFO DAGScheduler: Got map stage job 2 ($anonfun$recordDeltaOperationInternal$1 at DatabricksLogging.scala:128) with 2 output partitions
[2026-08-21T04:34:39.316+0000] {spark_submit.py:571} INFO - 26/08/21 04:34:39 INFO DAGScheduler: Final stage: ShuffleMapStage 2 ($anonfun$recordDeltaOperationInternal$1 at DatabricksLogging.scala:128)
[2026-08-21T04:34:39.318+0000] {spark_submit.py:571} INFO - 26/08/21 04:34:39 INFO DAGScheduler: Parents of final stage: List()
[2026-08-21T04:34:39.322+0000] {spark_submit.py:571} INFO - 26/08/21 04:34:39 INFO DAGScheduler: Missing parents: List()
[2026-08-21T04:34:39.323+0000] {spark_submit.py:571} INFO - 26/08/21 04:34:39 INFO DAGScheduler: Submitting ShuffleMapStage 2 (MapPartitionsRDD[11] at $anonfun$recordDeltaOperationInternal$1 at DatabricksLogging.scala:128), which has no missing parents
[2026-08-21T04:34:39.384+0000] {spark_submit.py:571} INFO - 26/08/21 04:34:39 INFO MemoryStore: Block broadcast_6 stored as values in memory (estimated size 105.9 KiB, free 433.8 MiB)
[2026-08-21T04:34:39.390+0000] {spark_submit.py:571} INFO - 26/08/21 04:34:39 INFO MemoryStore: Block broadcast_6_piece0 stored as bytes in memory (estimated size 32.7 KiB, free 433.8 MiB)
[2026-08-21T04:34:39.395+0000] {spark_submit.py:571} INFO - 26/08/21 04:34:39 INFO BlockManagerInfo: Added broadcast_6_piece0 in memory on c90a551abb73:40427 (size: 32.7 KiB, free: 434.3 MiB)
[2026-08-21T04:34:39.395+0000] {spark_submit.py:571} INFO - 26/08/21 04:34:39 INFO SparkContext: Created broadcast 6 from broadcast at DAGScheduler.scala:1585
[2026-08-21T04:34:39.403+0000] {spark_submit.py:571} INFO - 26/08/21 04:34:39 INFO DAGScheduler: Submitting 2 missing tasks from ShuffleMapStage 2 (MapPartitionsRDD[11] at $anonfun$recordDeltaOperationInternal$1 at DatabricksLogging.scala:128) (first 15 tasks are for partitions Vector(0, 1))
[2026-08-21T04:34:39.403+0000] {spark_submit.py:571} INFO - 26/08/21 04:34:39 INFO TaskSchedulerImpl: Adding task set 2.0 with 2 tasks resource profile 0
[2026-08-21T04:34:39.408+0000] {spark_submit.py:571} INFO - 26/08/21 04:34:39 INFO TaskSetManager: Starting task 0.0 in stage 2.0 (TID 3) (172.18.0.6, executor 0, partition 0, PROCESS_LOCAL, 8284 bytes)
[2026-08-21T04:34:39.409+0000] {spark_submit.py:571} INFO - 26/08/21 04:34:39 INFO TaskSetManager: Starting task 1.0 in stage 2.0 (TID 4) (172.18.0.7, executor 1, partition 1, PROCESS_LOCAL, 8284 bytes)
[2026-08-21T04:34:39.482+0000] {spark_submit.py:571} INFO - 26/08/21 04:34:39 INFO BlockManagerInfo: Added broadcast_6_piece0 in memory on 172.18.0.6:40477 (size: 32.7 KiB, free: 434.4 MiB)
[2026-08-21T04:34:39.490+0000] {spark_submit.py:571} INFO - 26/08/21 04:34:39 INFO BlockManagerInfo: Added broadcast_6_piece0 in memory on 172.18.0.7:33475 (size: 32.7 KiB, free: 434.4 MiB)
[2026-08-21T04:34:40.895+0000] {spark_submit.py:571} INFO - 26/08/21 04:34:40 INFO BlockManagerInfo: Added broadcast_5_piece0 in memory on 172.18.0.7:33475 (size: 35.0 KiB, free: 434.3 MiB)
[2026-08-21T04:34:41.508+0000] {spark_submit.py:571} INFO - 26/08/21 04:34:41 INFO BlockManagerInfo: Added broadcast_5_piece0 in memory on 172.18.0.6:40477 (size: 35.0 KiB, free: 434.3 MiB)
[2026-08-21T04:34:42.807+0000] {spark_submit.py:571} INFO - 26/08/21 04:34:42 INFO TaskSetManager: Finished task 1.0 in stage 2.0 (TID 4) in 3398 ms on 172.18.0.7 (executor 1) (1/2)
[2026-08-21T04:34:42.968+0000] {spark_submit.py:571} INFO - 26/08/21 04:34:42 INFO TaskSetManager: Finished task 0.0 in stage 2.0 (TID 3) in 3564 ms on 172.18.0.6 (executor 0) (2/2)
[2026-08-21T04:34:42.969+0000] {spark_submit.py:571} INFO - 26/08/21 04:34:42 INFO TaskSchedulerImpl: Removed TaskSet 2.0, whose tasks have all completed, from pool
[2026-08-21T04:34:42.975+0000] {spark_submit.py:571} INFO - 26/08/21 04:34:42 INFO DAGScheduler: ShuffleMapStage 2 ($anonfun$recordDeltaOperationInternal$1 at DatabricksLogging.scala:128) finished in 3.637 s
[2026-08-21T04:34:42.975+0000] {spark_submit.py:571} INFO - 26/08/21 04:34:42 INFO DAGScheduler: looking for newly runnable stages
[2026-08-21T04:34:42.976+0000] {spark_submit.py:571} INFO - 26/08/21 04:34:42 INFO DAGScheduler: running: Set()
[2026-08-21T04:34:42.976+0000] {spark_submit.py:571} INFO - 26/08/21 04:34:42 INFO DAGScheduler: waiting: Set()
[2026-08-21T04:34:42.976+0000] {spark_submit.py:571} INFO - 26/08/21 04:34:42 INFO DAGScheduler: failed: Set()
[2026-08-21T04:34:43.142+0000] {spark_submit.py:571} INFO - 26/08/21 04:34:43 INFO BlockManagerInfo: Removed broadcast_6_piece0 on c90a551abb73:40427 in memory (size: 32.7 KiB, free: 434.3 MiB)
[2026-08-21T04:34:43.145+0000] {spark_submit.py:571} INFO - 26/08/21 04:34:43 INFO BlockManagerInfo: Removed broadcast_6_piece0 on 172.18.0.6:40477 in memory (size: 32.7 KiB, free: 434.4 MiB)
[2026-08-21T04:34:43.155+0000] {spark_submit.py:571} INFO - 26/08/21 04:34:43 INFO BlockManagerInfo: Removed broadcast_6_piece0 on 172.18.0.7:33475 in memory (size: 32.7 KiB, free: 434.4 MiB)
[2026-08-21T04:34:43.588+0000] {spark_submit.py:571} INFO - 26/08/21 04:34:43 INFO CodeGenerator: Generated method too long to be JIT compiled: org.apache.spark.sql.catalyst.expressions.GeneratedClass$GeneratedIteratorForCodegenStage3.serializefromobject_doConsume_0$ is 25072 bytes
[2026-08-21T04:34:43.589+0000] {spark_submit.py:571} INFO - 26/08/21 04:34:43 INFO CodeGenerator: Code generated in 366.59279 ms
[2026-08-21T04:34:43.717+0000] {spark_submit.py:571} INFO - 26/08/21 04:34:43 INFO CodeGenerator: Code generated in 104.07861 ms
[2026-08-21T04:34:44.193+0000] {spark_submit.py:571} INFO - 26/08/21 04:34:44 INFO CodeGenerator: Code generated in 153.53719 ms
[2026-08-21T04:34:44.276+0000] {spark_submit.py:571} INFO - 26/08/21 04:34:44 INFO SparkContext: Starting job: $anonfun$recordDeltaOperationInternal$1 at DatabricksLogging.scala:128
[2026-08-21T04:34:44.284+0000] {spark_submit.py:571} INFO - 26/08/21 04:34:44 INFO DAGScheduler: Got job 3 ($anonfun$recordDeltaOperationInternal$1 at DatabricksLogging.scala:128) with 50 output partitions
[2026-08-21T04:34:44.285+0000] {spark_submit.py:571} INFO - 26/08/21 04:34:44 INFO DAGScheduler: Final stage: ResultStage 4 ($anonfun$recordDeltaOperationInternal$1 at DatabricksLogging.scala:128)
[2026-08-21T04:34:44.285+0000] {spark_submit.py:571} INFO - 26/08/21 04:34:44 INFO DAGScheduler: Parents of final stage: List(ShuffleMapStage 3)
[2026-08-21T04:34:44.285+0000] {spark_submit.py:571} INFO - 26/08/21 04:34:44 INFO DAGScheduler: Missing parents: List()
[2026-08-21T04:34:44.285+0000] {spark_submit.py:571} INFO - 26/08/21 04:34:44 INFO DAGScheduler: Submitting ResultStage 4 (MapPartitionsRDD[20] at $anonfun$recordDeltaOperationInternal$1 at DatabricksLogging.scala:128), which has no missing parents
[2026-08-21T04:34:44.305+0000] {spark_submit.py:571} INFO - 26/08/21 04:34:44 INFO MemoryStore: Block broadcast_7 stored as values in memory (estimated size 689.9 KiB, free 433.3 MiB)
[2026-08-21T04:34:44.309+0000] {spark_submit.py:571} INFO - 26/08/21 04:34:44 INFO MemoryStore: Block broadcast_7_piece0 stored as bytes in memory (estimated size 156.0 KiB, free 433.1 MiB)
[2026-08-21T04:34:44.309+0000] {spark_submit.py:571} INFO - 26/08/21 04:34:44 INFO BlockManagerInfo: Added broadcast_7_piece0 in memory on c90a551abb73:40427 (size: 156.0 KiB, free: 434.2 MiB)
[2026-08-21T04:34:44.311+0000] {spark_submit.py:571} INFO - 26/08/21 04:34:44 INFO SparkContext: Created broadcast 7 from broadcast at DAGScheduler.scala:1585
[2026-08-21T04:34:44.312+0000] {spark_submit.py:571} INFO - 26/08/21 04:34:44 INFO DAGScheduler: Submitting 50 missing tasks from ResultStage 4 (MapPartitionsRDD[20] at $anonfun$recordDeltaOperationInternal$1 at DatabricksLogging.scala:128) (first 15 tasks are for partitions Vector(0, 1, 2, 3, 4, 5, 6, 7, 8, 9, 10, 11, 12, 13, 14))
[2026-08-21T04:34:44.313+0000] {spark_submit.py:571} INFO - 26/08/21 04:34:44 INFO TaskSchedulerImpl: Adding task set 4.0 with 50 tasks resource profile 0
[2026-08-21T04:34:44.317+0000] {spark_submit.py:571} INFO - 26/08/21 04:34:44 INFO TaskSetManager: Starting task 24.0 in stage 4.0 (TID 5) (172.18.0.6, executor 0, partition 24, NODE_LOCAL, 7619 bytes)
[2026-08-21T04:34:44.318+0000] {spark_submit.py:571} INFO - 26/08/21 04:34:44 INFO TaskSetManager: Starting task 0.0 in stage 4.0 (TID 6) (172.18.0.7, executor 1, partition 0, NODE_LOCAL, 7619 bytes)
[2026-08-21T04:34:44.323+0000] {spark_submit.py:571} INFO - 26/08/21 04:34:44 INFO TaskSetManager: Starting task 30.0 in stage 4.0 (TID 7) (172.18.0.6, executor 0, partition 30, NODE_LOCAL, 7619 bytes)
[2026-08-21T04:34:44.324+0000] {spark_submit.py:571} INFO - 26/08/21 04:34:44 INFO TaskSetManager: Starting task 11.0 in stage 4.0 (TID 8) (172.18.0.7, executor 1, partition 11, NODE_LOCAL, 7619 bytes)
[2026-08-21T04:34:44.410+0000] {spark_submit.py:571} INFO - 26/08/21 04:34:44 INFO BlockManagerInfo: Added broadcast_7_piece0 in memory on 172.18.0.7:33475 (size: 156.0 KiB, free: 434.2 MiB)
[2026-08-21T04:34:44.412+0000] {spark_submit.py:571} INFO - 26/08/21 04:34:44 INFO BlockManagerInfo: Added broadcast_7_piece0 in memory on 172.18.0.6:40477 (size: 156.0 KiB, free: 434.2 MiB)
[2026-08-21T04:34:44.971+0000] {spark_submit.py:571} INFO - 26/08/21 04:34:44 INFO MapOutputTrackerMasterEndpoint: Asked to send map output locations for shuffle 0 to 172.18.0.6:41496
[2026-08-21T04:34:45.272+0000] {spark_submit.py:571} INFO - 26/08/21 04:34:45 INFO MapOutputTrackerMasterEndpoint: Asked to send map output locations for shuffle 0 to 172.18.0.7:58772
[2026-08-21T04:34:46.623+0000] {spark_submit.py:571} INFO - 26/08/21 04:34:46 INFO BlockManagerInfo: Added rdd_18_30 in memory on 172.18.0.6:40477 (size: 1157.0 B, free: 434.2 MiB)
[2026-08-21T04:34:46.629+0000] {spark_submit.py:571} INFO - 26/08/21 04:34:46 INFO BlockManagerInfo: Added rdd_18_24 in memory on 172.18.0.6:40477 (size: 1179.0 B, free: 434.2 MiB)
[2026-08-21T04:34:47.087+0000] {spark_submit.py:571} INFO - 26/08/21 04:34:47 INFO TaskSetManager: Starting task 42.0 in stage 4.0 (TID 9) (172.18.0.6, executor 0, partition 42, NODE_LOCAL, 7619 bytes)
[2026-08-21T04:34:47.096+0000] {spark_submit.py:571} INFO - 26/08/21 04:34:47 INFO TaskSetManager: Finished task 30.0 in stage 4.0 (TID 7) in 2774 ms on 172.18.0.6 (executor 0) (1/50)
[2026-08-21T04:34:47.102+0000] {spark_submit.py:571} INFO - 26/08/21 04:34:47 INFO TaskSetManager: Starting task 1.0 in stage 4.0 (TID 10) (172.18.0.6, executor 0, partition 1, PROCESS_LOCAL, 7619 bytes)
[2026-08-21T04:34:47.104+0000] {spark_submit.py:571} INFO - 26/08/21 04:34:47 INFO TaskSetManager: Finished task 24.0 in stage 4.0 (TID 5) in 2787 ms on 172.18.0.6 (executor 0) (2/50)
[2026-08-21T04:34:47.608+0000] {spark_submit.py:571} INFO - 26/08/21 04:34:47 INFO BlockManagerInfo: Added rdd_18_1 in memory on 172.18.0.6:40477 (size: 46.0 B, free: 434.2 MiB)
[2026-08-21T04:34:47.655+0000] {spark_submit.py:571} INFO - 26/08/21 04:34:47 INFO TaskSetManager: Starting task 2.0 in stage 4.0 (TID 11) (172.18.0.6, executor 0, partition 2, PROCESS_LOCAL, 7619 bytes)
[2026-08-21T04:34:47.662+0000] {spark_submit.py:571} INFO - 26/08/21 04:34:47 INFO TaskSetManager: Finished task 1.0 in stage 4.0 (TID 10) in 555 ms on 172.18.0.6 (executor 0) (3/50)
[2026-08-21T04:34:47.802+0000] {spark_submit.py:571} INFO - 26/08/21 04:34:47 INFO BlockManagerInfo: Added rdd_18_11 in memory on 172.18.0.7:33475 (size: 1152.0 B, free: 434.2 MiB)
[2026-08-21T04:34:47.816+0000] {spark_submit.py:571} INFO - 26/08/21 04:34:47 INFO BlockManagerInfo: Added rdd_18_0 in memory on 172.18.0.7:33475 (size: 1176.0 B, free: 434.2 MiB)
[2026-08-21T04:34:48.028+0000] {spark_submit.py:571} INFO - 26/08/21 04:34:48 INFO BlockManagerInfo: Added rdd_18_2 in memory on 172.18.0.6:40477 (size: 46.0 B, free: 434.2 MiB)
[2026-08-21T04:34:48.070+0000] {spark_submit.py:571} INFO - 26/08/21 04:34:48 INFO TaskSetManager: Starting task 3.0 in stage 4.0 (TID 12) (172.18.0.6, executor 0, partition 3, PROCESS_LOCAL, 7619 bytes)
[2026-08-21T04:34:48.071+0000] {spark_submit.py:571} INFO - 26/08/21 04:34:48 INFO TaskSetManager: Finished task 2.0 in stage 4.0 (TID 11) in 417 ms on 172.18.0.6 (executor 0) (4/50)
[2026-08-21T04:34:48.259+0000] {spark_submit.py:571} INFO - 26/08/21 04:34:48 INFO TaskSetManager: Starting task 4.0 in stage 4.0 (TID 13) (172.18.0.7, executor 1, partition 4, PROCESS_LOCAL, 7619 bytes)
[2026-08-21T04:34:48.263+0000] {spark_submit.py:571} INFO - 26/08/21 04:34:48 INFO TaskSetManager: Starting task 5.0 in stage 4.0 (TID 14) (172.18.0.7, executor 1, partition 5, PROCESS_LOCAL, 7619 bytes)
[2026-08-21T04:34:48.265+0000] {spark_submit.py:571} INFO - 26/08/21 04:34:48 INFO TaskSetManager: Finished task 11.0 in stage 4.0 (TID 8) in 3939 ms on 172.18.0.7 (executor 1) (5/50)
[2026-08-21T04:34:48.266+0000] {spark_submit.py:571} INFO - 26/08/21 04:34:48 INFO TaskSetManager: Finished task 0.0 in stage 4.0 (TID 6) in 3946 ms on 172.18.0.7 (executor 1) (6/50)
[2026-08-21T04:34:48.286+0000] {spark_submit.py:571} INFO - 26/08/21 04:34:48 INFO BlockManagerInfo: Added rdd_18_3 in memory on 172.18.0.6:40477 (size: 46.0 B, free: 434.2 MiB)
[2026-08-21T04:34:48.317+0000] {spark_submit.py:571} INFO - 26/08/21 04:34:48 INFO TaskSetManager: Starting task 6.0 in stage 4.0 (TID 15) (172.18.0.6, executor 0, partition 6, PROCESS_LOCAL, 7619 bytes)
[2026-08-21T04:34:48.320+0000] {spark_submit.py:571} INFO - 26/08/21 04:34:48 INFO TaskSetManager: Finished task 3.0 in stage 4.0 (TID 12) in 256 ms on 172.18.0.6 (executor 0) (7/50)
[2026-08-21T04:34:48.490+0000] {spark_submit.py:571} INFO - 26/08/21 04:34:48 INFO BlockManagerInfo: Added rdd_18_5 in memory on 172.18.0.7:33475 (size: 46.0 B, free: 434.2 MiB)
[2026-08-21T04:34:48.520+0000] {spark_submit.py:571} INFO - 26/08/21 04:34:48 INFO TaskSetManager: Starting task 7.0 in stage 4.0 (TID 16) (172.18.0.7, executor 1, partition 7, PROCESS_LOCAL, 7619 bytes)
[2026-08-21T04:34:48.526+0000] {spark_submit.py:571} INFO - 26/08/21 04:34:48 INFO TaskSetManager: Finished task 5.0 in stage 4.0 (TID 14) in 266 ms on 172.18.0.7 (executor 1) (8/50)
[2026-08-21T04:34:48.586+0000] {spark_submit.py:571} INFO - 26/08/21 04:34:48 INFO BlockManagerInfo: Added rdd_18_6 in memory on 172.18.0.6:40477 (size: 46.0 B, free: 434.2 MiB)
[2026-08-21T04:34:48.626+0000] {spark_submit.py:571} INFO - 26/08/21 04:34:48 INFO BlockManagerInfo: Added rdd_18_42 in memory on 172.18.0.6:40477 (size: 699.0 B, free: 434.2 MiB)
[2026-08-21T04:34:48.627+0000] {spark_submit.py:571} INFO - 26/08/21 04:34:48 INFO TaskSetManager: Starting task 8.0 in stage 4.0 (TID 17) (172.18.0.6, executor 0, partition 8, PROCESS_LOCAL, 7619 bytes)
[2026-08-21T04:34:48.633+0000] {spark_submit.py:571} INFO - 26/08/21 04:34:48 INFO TaskSetManager: Finished task 6.0 in stage 4.0 (TID 15) in 314 ms on 172.18.0.6 (executor 0) (9/50)
[2026-08-21T04:34:48.657+0000] {spark_submit.py:571} INFO - 26/08/21 04:34:48 INFO TaskSetManager: Starting task 9.0 in stage 4.0 (TID 18) (172.18.0.6, executor 0, partition 9, PROCESS_LOCAL, 7619 bytes)
[2026-08-21T04:34:48.660+0000] {spark_submit.py:571} INFO - 26/08/21 04:34:48 INFO TaskSetManager: Finished task 42.0 in stage 4.0 (TID 9) in 1573 ms on 172.18.0.6 (executor 0) (10/50)
[2026-08-21T04:34:48.684+0000] {spark_submit.py:571} INFO - 26/08/21 04:34:48 INFO BlockManagerInfo: Added rdd_18_4 in memory on 172.18.0.7:33475 (size: 46.0 B, free: 434.2 MiB)
[2026-08-21T04:34:48.731+0000] {spark_submit.py:571} INFO - 26/08/21 04:34:48 INFO TaskSetManager: Starting task 10.0 in stage 4.0 (TID 19) (172.18.0.7, executor 1, partition 10, PROCESS_LOCAL, 7619 bytes)
[2026-08-21T04:34:48.736+0000] {spark_submit.py:571} INFO - 26/08/21 04:34:48 INFO TaskSetManager: Finished task 4.0 in stage 4.0 (TID 13) in 478 ms on 172.18.0.7 (executor 1) (11/50)
[2026-08-21T04:34:48.815+0000] {spark_submit.py:571} INFO - 26/08/21 04:34:48 INFO BlockManagerInfo: Added rdd_18_9 in memory on 172.18.0.6:40477 (size: 46.0 B, free: 434.2 MiB)
[2026-08-21T04:34:48.849+0000] {spark_submit.py:571} INFO - 26/08/21 04:34:48 INFO TaskSetManager: Starting task 12.0 in stage 4.0 (TID 20) (172.18.0.6, executor 0, partition 12, PROCESS_LOCAL, 7619 bytes)
[2026-08-21T04:34:48.859+0000] {spark_submit.py:571} INFO - 26/08/21 04:34:48 INFO TaskSetManager: Finished task 9.0 in stage 4.0 (TID 18) in 202 ms on 172.18.0.6 (executor 0) (12/50)
[2026-08-21T04:34:48.891+0000] {spark_submit.py:571} INFO - 26/08/21 04:34:48 INFO BlockManagerInfo: Added rdd_18_8 in memory on 172.18.0.6:40477 (size: 46.0 B, free: 434.2 MiB)
[2026-08-21T04:34:48.903+0000] {spark_submit.py:571} INFO - 26/08/21 04:34:48 INFO TaskSetManager: Starting task 13.0 in stage 4.0 (TID 21) (172.18.0.6, executor 0, partition 13, PROCESS_LOCAL, 7619 bytes)
[2026-08-21T04:34:48.903+0000] {spark_submit.py:571} INFO - 26/08/21 04:34:48 INFO TaskSetManager: Finished task 8.0 in stage 4.0 (TID 17) in 279 ms on 172.18.0.6 (executor 0) (13/50)
[2026-08-21T04:34:48.932+0000] {spark_submit.py:571} INFO - 26/08/21 04:34:48 INFO BlockManagerInfo: Added rdd_18_7 in memory on 172.18.0.7:33475 (size: 46.0 B, free: 434.2 MiB)
[2026-08-21T04:34:48.955+0000] {spark_submit.py:571} INFO - 26/08/21 04:34:48 INFO TaskSetManager: Starting task 14.0 in stage 4.0 (TID 22) (172.18.0.7, executor 1, partition 14, PROCESS_LOCAL, 7619 bytes)
[2026-08-21T04:34:48.959+0000] {spark_submit.py:571} INFO - 26/08/21 04:34:48 INFO TaskSetManager: Finished task 7.0 in stage 4.0 (TID 16) in 441 ms on 172.18.0.7 (executor 1) (14/50)
[2026-08-21T04:34:49.084+0000] {spark_submit.py:571} INFO - 26/08/21 04:34:49 INFO BlockManagerInfo: Added rdd_18_10 in memory on 172.18.0.7:33475 (size: 46.0 B, free: 434.2 MiB)
[2026-08-21T04:34:49.115+0000] {spark_submit.py:571} INFO - 26/08/21 04:34:49 INFO TaskSetManager: Starting task 15.0 in stage 4.0 (TID 23) (172.18.0.7, executor 1, partition 15, PROCESS_LOCAL, 7619 bytes)
[2026-08-21T04:34:49.119+0000] {spark_submit.py:571} INFO - 26/08/21 04:34:49 INFO TaskSetManager: Finished task 10.0 in stage 4.0 (TID 19) in 396 ms on 172.18.0.7 (executor 1) (15/50)
[2026-08-21T04:34:49.136+0000] {spark_submit.py:571} INFO - 26/08/21 04:34:49 INFO BlockManagerInfo: Added rdd_18_14 in memory on 172.18.0.7:33475 (size: 46.0 B, free: 434.2 MiB)
[2026-08-21T04:34:49.164+0000] {spark_submit.py:571} INFO - 26/08/21 04:34:49 INFO TaskSetManager: Starting task 16.0 in stage 4.0 (TID 24) (172.18.0.7, executor 1, partition 16, PROCESS_LOCAL, 7619 bytes)
[2026-08-21T04:34:49.165+0000] {spark_submit.py:571} INFO - 26/08/21 04:34:49 INFO TaskSetManager: Finished task 14.0 in stage 4.0 (TID 22) in 211 ms on 172.18.0.7 (executor 1) (16/50)
[2026-08-21T04:34:49.178+0000] {spark_submit.py:571} INFO - 26/08/21 04:34:49 INFO BlockManagerInfo: Added rdd_18_12 in memory on 172.18.0.6:40477 (size: 46.0 B, free: 434.2 MiB)
[2026-08-21T04:34:49.204+0000] {spark_submit.py:571} INFO - 26/08/21 04:34:49 INFO TaskSetManager: Starting task 17.0 in stage 4.0 (TID 25) (172.18.0.6, executor 0, partition 17, PROCESS_LOCAL, 7619 bytes)
[2026-08-21T04:34:49.207+0000] {spark_submit.py:571} INFO - 26/08/21 04:34:49 INFO TaskSetManager: Finished task 12.0 in stage 4.0 (TID 20) in 359 ms on 172.18.0.6 (executor 0) (17/50)
[2026-08-21T04:34:49.252+0000] {spark_submit.py:571} INFO - 26/08/21 04:34:49 INFO BlockManagerInfo: Added rdd_18_13 in memory on 172.18.0.6:40477 (size: 46.0 B, free: 434.2 MiB)
[2026-08-21T04:34:49.273+0000] {spark_submit.py:571} INFO - 26/08/21 04:34:49 INFO TaskSetManager: Starting task 18.0 in stage 4.0 (TID 26) (172.18.0.6, executor 0, partition 18, PROCESS_LOCAL, 7619 bytes)
[2026-08-21T04:34:49.279+0000] {spark_submit.py:571} INFO - 26/08/21 04:34:49 INFO TaskSetManager: Finished task 13.0 in stage 4.0 (TID 21) in 375 ms on 172.18.0.6 (executor 0) (18/50)
[2026-08-21T04:34:49.340+0000] {spark_submit.py:571} INFO - 26/08/21 04:34:49 INFO BlockManagerInfo: Added rdd_18_15 in memory on 172.18.0.7:33475 (size: 46.0 B, free: 434.2 MiB)
[2026-08-21T04:34:49.362+0000] {spark_submit.py:571} INFO - 26/08/21 04:34:49 INFO TaskSetManager: Starting task 19.0 in stage 4.0 (TID 27) (172.18.0.7, executor 1, partition 19, PROCESS_LOCAL, 7619 bytes)
[2026-08-21T04:34:49.367+0000] {spark_submit.py:571} INFO - 26/08/21 04:34:49 INFO TaskSetManager: Finished task 15.0 in stage 4.0 (TID 23) in 250 ms on 172.18.0.7 (executor 1) (19/50)
[2026-08-21T04:34:49.371+0000] {spark_submit.py:571} INFO - 26/08/21 04:34:49 INFO BlockManagerInfo: Added rdd_18_16 in memory on 172.18.0.7:33475 (size: 46.0 B, free: 434.2 MiB)
[2026-08-21T04:34:49.395+0000] {spark_submit.py:571} INFO - 26/08/21 04:34:49 INFO TaskSetManager: Starting task 20.0 in stage 4.0 (TID 28) (172.18.0.7, executor 1, partition 20, PROCESS_LOCAL, 7619 bytes)
[2026-08-21T04:34:49.397+0000] {spark_submit.py:571} INFO - 26/08/21 04:34:49 INFO TaskSetManager: Finished task 16.0 in stage 4.0 (TID 24) in 230 ms on 172.18.0.7 (executor 1) (20/50)
[2026-08-21T04:34:49.425+0000] {spark_submit.py:571} INFO - 26/08/21 04:34:49 INFO BlockManagerInfo: Added rdd_18_17 in memory on 172.18.0.6:40477 (size: 46.0 B, free: 434.2 MiB)
[2026-08-21T04:34:49.445+0000] {spark_submit.py:571} INFO - 26/08/21 04:34:49 INFO TaskSetManager: Starting task 21.0 in stage 4.0 (TID 29) (172.18.0.6, executor 0, partition 21, PROCESS_LOCAL, 7619 bytes)
[2026-08-21T04:34:49.449+0000] {spark_submit.py:571} INFO - 26/08/21 04:34:49 INFO TaskSetManager: Finished task 17.0 in stage 4.0 (TID 25) in 243 ms on 172.18.0.6 (executor 0) (21/50)
[2026-08-21T04:34:49.517+0000] {spark_submit.py:571} INFO - 26/08/21 04:34:49 INFO BlockManagerInfo: Added rdd_18_19 in memory on 172.18.0.7:33475 (size: 46.0 B, free: 434.2 MiB)
[2026-08-21T04:34:49.523+0000] {spark_submit.py:571} INFO - 26/08/21 04:34:49 INFO BlockManagerInfo: Added rdd_18_18 in memory on 172.18.0.6:40477 (size: 46.0 B, free: 434.2 MiB)
[2026-08-21T04:34:49.538+0000] {spark_submit.py:571} INFO - 26/08/21 04:34:49 INFO TaskSetManager: Starting task 22.0 in stage 4.0 (TID 30) (172.18.0.6, executor 0, partition 22, PROCESS_LOCAL, 7619 bytes)
[2026-08-21T04:34:49.542+0000] {spark_submit.py:571} INFO - 26/08/21 04:34:49 INFO TaskSetManager: Finished task 18.0 in stage 4.0 (TID 26) in 268 ms on 172.18.0.6 (executor 0) (22/50)
[2026-08-21T04:34:49.562+0000] {spark_submit.py:571} INFO - 26/08/21 04:34:49 INFO TaskSetManager: Starting task 23.0 in stage 4.0 (TID 31) (172.18.0.7, executor 1, partition 23, PROCESS_LOCAL, 7619 bytes)
[2026-08-21T04:34:49.567+0000] {spark_submit.py:571} INFO - 26/08/21 04:34:49 INFO TaskSetManager: Finished task 19.0 in stage 4.0 (TID 27) in 204 ms on 172.18.0.7 (executor 1) (23/50)
[2026-08-21T04:34:49.585+0000] {spark_submit.py:571} INFO - 26/08/21 04:34:49 INFO BlockManagerInfo: Added rdd_18_20 in memory on 172.18.0.7:33475 (size: 46.0 B, free: 434.2 MiB)
[2026-08-21T04:34:49.602+0000] {spark_submit.py:571} INFO - 26/08/21 04:34:49 INFO TaskSetManager: Starting task 25.0 in stage 4.0 (TID 32) (172.18.0.7, executor 1, partition 25, PROCESS_LOCAL, 7619 bytes)
[2026-08-21T04:34:49.603+0000] {spark_submit.py:571} INFO - 26/08/21 04:34:49 INFO TaskSetManager: Finished task 20.0 in stage 4.0 (TID 28) in 212 ms on 172.18.0.7 (executor 1) (24/50)
[2026-08-21T04:34:49.638+0000] {spark_submit.py:571} INFO - 26/08/21 04:34:49 INFO BlockManagerInfo: Added rdd_18_22 in memory on 172.18.0.6:40477 (size: 46.0 B, free: 434.2 MiB)
[2026-08-21T04:34:49.648+0000] {spark_submit.py:571} INFO - 26/08/21 04:34:49 INFO TaskSetManager: Starting task 26.0 in stage 4.0 (TID 33) (172.18.0.6, executor 0, partition 26, PROCESS_LOCAL, 7619 bytes)
[2026-08-21T04:34:49.649+0000] {spark_submit.py:571} INFO - 26/08/21 04:34:49 INFO TaskSetManager: Finished task 22.0 in stage 4.0 (TID 30) in 114 ms on 172.18.0.6 (executor 0) (25/50)
[2026-08-21T04:34:49.712+0000] {spark_submit.py:571} INFO - 26/08/21 04:34:49 INFO BlockManagerInfo: Added rdd_18_21 in memory on 172.18.0.6:40477 (size: 46.0 B, free: 434.2 MiB)
[2026-08-21T04:34:49.763+0000] {spark_submit.py:571} INFO - 26/08/21 04:34:49 INFO TaskSetManager: Starting task 27.0 in stage 4.0 (TID 34) (172.18.0.6, executor 0, partition 27, PROCESS_LOCAL, 7619 bytes)
[2026-08-21T04:34:49.764+0000] {spark_submit.py:571} INFO - 26/08/21 04:34:49 INFO TaskSetManager: Finished task 21.0 in stage 4.0 (TID 29) in 320 ms on 172.18.0.6 (executor 0) (26/50)
[2026-08-21T04:34:49.807+0000] {spark_submit.py:571} INFO - 26/08/21 04:34:49 INFO BlockManagerInfo: Added rdd_18_26 in memory on 172.18.0.6:40477 (size: 46.0 B, free: 434.2 MiB)
[2026-08-21T04:34:49.831+0000] {spark_submit.py:571} INFO - 26/08/21 04:34:49 INFO TaskSetManager: Starting task 28.0 in stage 4.0 (TID 35) (172.18.0.6, executor 0, partition 28, PROCESS_LOCAL, 7619 bytes)
[2026-08-21T04:34:49.831+0000] {spark_submit.py:571} INFO - 26/08/21 04:34:49 INFO TaskSetManager: Finished task 26.0 in stage 4.0 (TID 33) in 183 ms on 172.18.0.6 (executor 0) (27/50)
[2026-08-21T04:34:50.038+0000] {spark_submit.py:571} INFO - 26/08/21 04:34:50 INFO BlockManagerInfo: Added rdd_18_28 in memory on 172.18.0.6:40477 (size: 46.0 B, free: 434.2 MiB)
[2026-08-21T04:34:50.062+0000] {spark_submit.py:571} INFO - 26/08/21 04:34:50 INFO BlockManagerInfo: Added rdd_18_27 in memory on 172.18.0.6:40477 (size: 46.0 B, free: 434.2 MiB)
[2026-08-21T04:34:50.136+0000] {spark_submit.py:571} INFO - 26/08/21 04:34:50 INFO TaskSetManager: Starting task 29.0 in stage 4.0 (TID 36) (172.18.0.6, executor 0, partition 29, PROCESS_LOCAL, 7619 bytes)
[2026-08-21T04:34:50.137+0000] {spark_submit.py:571} INFO - 26/08/21 04:34:50 INFO BlockManagerInfo: Added rdd_18_23 in memory on 172.18.0.7:33475 (size: 46.0 B, free: 434.2 MiB)
[2026-08-21T04:34:50.140+0000] {spark_submit.py:571} INFO - 26/08/21 04:34:50 INFO TaskSetManager: Starting task 31.0 in stage 4.0 (TID 37) (172.18.0.6, executor 0, partition 31, PROCESS_LOCAL, 7619 bytes)
[2026-08-21T04:34:50.142+0000] {spark_submit.py:571} INFO - 26/08/21 04:34:50 INFO TaskSetManager: Finished task 27.0 in stage 4.0 (TID 34) in 383 ms on 172.18.0.6 (executor 0) (28/50)
[2026-08-21T04:34:50.146+0000] {spark_submit.py:571} INFO - 26/08/21 04:34:50 INFO TaskSetManager: Finished task 28.0 in stage 4.0 (TID 35) in 321 ms on 172.18.0.6 (executor 0) (29/50)
[2026-08-21T04:34:50.162+0000] {spark_submit.py:571} INFO - 26/08/21 04:34:50 INFO BlockManagerInfo: Added rdd_18_25 in memory on 172.18.0.7:33475 (size: 46.0 B, free: 434.2 MiB)
[2026-08-21T04:34:50.184+0000] {spark_submit.py:571} INFO - 26/08/21 04:34:50 INFO TaskSetManager: Starting task 32.0 in stage 4.0 (TID 38) (172.18.0.7, executor 1, partition 32, PROCESS_LOCAL, 7619 bytes)
[2026-08-21T04:34:50.192+0000] {spark_submit.py:571} INFO - 26/08/21 04:34:50 INFO TaskSetManager: Finished task 23.0 in stage 4.0 (TID 31) in 633 ms on 172.18.0.7 (executor 1) (30/50)
[2026-08-21T04:34:50.217+0000] {spark_submit.py:571} INFO - 26/08/21 04:34:50 INFO TaskSetManager: Starting task 33.0 in stage 4.0 (TID 39) (172.18.0.7, executor 1, partition 33, PROCESS_LOCAL, 7619 bytes)
[2026-08-21T04:34:50.221+0000] {spark_submit.py:571} INFO - 26/08/21 04:34:50 INFO TaskSetManager: Finished task 25.0 in stage 4.0 (TID 32) in 617 ms on 172.18.0.7 (executor 1) (31/50)
[2026-08-21T04:34:50.405+0000] {spark_submit.py:571} INFO - 26/08/21 04:34:50 INFO BlockManagerInfo: Added rdd_18_32 in memory on 172.18.0.7:33475 (size: 46.0 B, free: 434.2 MiB)
[2026-08-21T04:34:50.425+0000] {spark_submit.py:571} INFO - 26/08/21 04:34:50 INFO TaskSetManager: Starting task 34.0 in stage 4.0 (TID 40) (172.18.0.7, executor 1, partition 34, PROCESS_LOCAL, 7619 bytes)
[2026-08-21T04:34:50.432+0000] {spark_submit.py:571} INFO - 26/08/21 04:34:50 INFO TaskSetManager: Finished task 32.0 in stage 4.0 (TID 38) in 245 ms on 172.18.0.7 (executor 1) (32/50)
[2026-08-21T04:34:50.433+0000] {spark_submit.py:571} INFO - 26/08/21 04:34:50 INFO BlockManagerInfo: Added rdd_18_33 in memory on 172.18.0.7:33475 (size: 46.0 B, free: 434.2 MiB)
[2026-08-21T04:34:50.455+0000] {spark_submit.py:571} INFO - 26/08/21 04:34:50 INFO TaskSetManager: Starting task 35.0 in stage 4.0 (TID 41) (172.18.0.7, executor 1, partition 35, PROCESS_LOCAL, 7619 bytes)
[2026-08-21T04:34:50.456+0000] {spark_submit.py:571} INFO - 26/08/21 04:34:50 INFO TaskSetManager: Finished task 33.0 in stage 4.0 (TID 39) in 238 ms on 172.18.0.7 (executor 1) (33/50)
[2026-08-21T04:34:50.520+0000] {spark_submit.py:571} INFO - 26/08/21 04:34:50 INFO BlockManagerInfo: Added rdd_18_31 in memory on 172.18.0.6:40477 (size: 46.0 B, free: 434.2 MiB)
[2026-08-21T04:34:50.560+0000] {spark_submit.py:571} INFO - 26/08/21 04:34:50 INFO BlockManagerInfo: Added rdd_18_29 in memory on 172.18.0.6:40477 (size: 46.0 B, free: 434.2 MiB)
[2026-08-21T04:34:50.560+0000] {spark_submit.py:571} INFO - 26/08/21 04:34:50 INFO TaskSetManager: Starting task 36.0 in stage 4.0 (TID 42) (172.18.0.6, executor 0, partition 36, PROCESS_LOCAL, 7619 bytes)
[2026-08-21T04:34:50.560+0000] {spark_submit.py:571} INFO - 26/08/21 04:34:50 INFO TaskSetManager: Finished task 31.0 in stage 4.0 (TID 37) in 421 ms on 172.18.0.6 (executor 0) (34/50)
[2026-08-21T04:34:50.583+0000] {spark_submit.py:571} INFO - 26/08/21 04:34:50 INFO BlockManagerInfo: Added rdd_18_34 in memory on 172.18.0.7:33475 (size: 46.0 B, free: 434.2 MiB)
[2026-08-21T04:34:50.595+0000] {spark_submit.py:571} INFO - 26/08/21 04:34:50 INFO TaskSetManager: Starting task 37.0 in stage 4.0 (TID 43) (172.18.0.6, executor 0, partition 37, PROCESS_LOCAL, 7619 bytes)
[2026-08-21T04:34:50.600+0000] {spark_submit.py:571} INFO - 26/08/21 04:34:50 INFO TaskSetManager: Finished task 29.0 in stage 4.0 (TID 36) in 472 ms on 172.18.0.6 (executor 0) (35/50)
[2026-08-21T04:34:50.608+0000] {spark_submit.py:571} INFO - 26/08/21 04:34:50 INFO TaskSetManager: Starting task 38.0 in stage 4.0 (TID 44) (172.18.0.7, executor 1, partition 38, PROCESS_LOCAL, 7619 bytes)
[2026-08-21T04:34:50.610+0000] {spark_submit.py:571} INFO - 26/08/21 04:34:50 INFO TaskSetManager: Finished task 34.0 in stage 4.0 (TID 40) in 185 ms on 172.18.0.7 (executor 1) (36/50)
[2026-08-21T04:34:50.656+0000] {spark_submit.py:571} INFO - 26/08/21 04:34:50 INFO BlockManagerInfo: Added rdd_18_35 in memory on 172.18.0.7:33475 (size: 46.0 B, free: 434.2 MiB)
[2026-08-21T04:34:50.673+0000] {spark_submit.py:571} INFO - 26/08/21 04:34:50 INFO TaskSetManager: Starting task 39.0 in stage 4.0 (TID 45) (172.18.0.7, executor 1, partition 39, PROCESS_LOCAL, 7619 bytes)
[2026-08-21T04:34:50.682+0000] {spark_submit.py:571} INFO - 26/08/21 04:34:50 INFO TaskSetManager: Finished task 35.0 in stage 4.0 (TID 41) in 229 ms on 172.18.0.7 (executor 1) (37/50)
[2026-08-21T04:34:50.742+0000] {spark_submit.py:571} INFO - 26/08/21 04:34:50 INFO BlockManagerInfo: Added rdd_18_38 in memory on 172.18.0.7:33475 (size: 46.0 B, free: 434.2 MiB)
[2026-08-21T04:34:50.767+0000] {spark_submit.py:571} INFO - 26/08/21 04:34:50 INFO TaskSetManager: Starting task 40.0 in stage 4.0 (TID 46) (172.18.0.7, executor 1, partition 40, PROCESS_LOCAL, 7619 bytes)
[2026-08-21T04:34:50.768+0000] {spark_submit.py:571} INFO - 26/08/21 04:34:50 INFO TaskSetManager: Finished task 38.0 in stage 4.0 (TID 44) in 163 ms on 172.18.0.7 (executor 1) (38/50)
[2026-08-21T04:34:50.841+0000] {spark_submit.py:571} INFO - 26/08/21 04:34:50 INFO BlockManagerInfo: Added rdd_18_36 in memory on 172.18.0.6:40477 (size: 46.0 B, free: 434.2 MiB)
[2026-08-21T04:34:50.874+0000] {spark_submit.py:571} INFO - 26/08/21 04:34:50 INFO TaskSetManager: Starting task 41.0 in stage 4.0 (TID 47) (172.18.0.6, executor 0, partition 41, PROCESS_LOCAL, 7619 bytes)
[2026-08-21T04:34:50.874+0000] {spark_submit.py:571} INFO - 26/08/21 04:34:50 INFO TaskSetManager: Finished task 36.0 in stage 4.0 (TID 42) in 315 ms on 172.18.0.6 (executor 0) (39/50)
[2026-08-21T04:34:50.895+0000] {spark_submit.py:571} INFO - 26/08/21 04:34:50 INFO BlockManagerInfo: Added rdd_18_37 in memory on 172.18.0.6:40477 (size: 46.0 B, free: 434.2 MiB)
[2026-08-21T04:34:50.905+0000] {spark_submit.py:571} INFO - 26/08/21 04:34:50 INFO BlockManagerInfo: Added rdd_18_39 in memory on 172.18.0.7:33475 (size: 46.0 B, free: 434.2 MiB)
[2026-08-21T04:34:50.934+0000] {spark_submit.py:571} INFO - 26/08/21 04:34:50 INFO TaskSetManager: Starting task 43.0 in stage 4.0 (TID 48) (172.18.0.7, executor 1, partition 43, PROCESS_LOCAL, 7619 bytes)
[2026-08-21T04:34:50.937+0000] {spark_submit.py:571} INFO - 26/08/21 04:34:50 INFO TaskSetManager: Finished task 39.0 in stage 4.0 (TID 45) in 258 ms on 172.18.0.7 (executor 1) (40/50)
[2026-08-21T04:34:50.943+0000] {spark_submit.py:571} INFO - 26/08/21 04:34:50 INFO TaskSetManager: Starting task 44.0 in stage 4.0 (TID 49) (172.18.0.6, executor 0, partition 44, PROCESS_LOCAL, 7619 bytes)
[2026-08-21T04:34:50.944+0000] {spark_submit.py:571} INFO - 26/08/21 04:34:50 INFO TaskSetManager: Finished task 37.0 in stage 4.0 (TID 43) in 349 ms on 172.18.0.6 (executor 0) (41/50)
[2026-08-21T04:34:51.047+0000] {spark_submit.py:571} INFO - 26/08/21 04:34:51 INFO BlockManagerInfo: Added rdd_18_40 in memory on 172.18.0.7:33475 (size: 46.0 B, free: 434.2 MiB)
[2026-08-21T04:34:51.061+0000] {spark_submit.py:571} INFO - 26/08/21 04:34:51 INFO TaskSetManager: Starting task 45.0 in stage 4.0 (TID 50) (172.18.0.7, executor 1, partition 45, PROCESS_LOCAL, 7619 bytes)
[2026-08-21T04:34:51.064+0000] {spark_submit.py:571} INFO - 26/08/21 04:34:51 INFO TaskSetManager: Finished task 40.0 in stage 4.0 (TID 46) in 300 ms on 172.18.0.7 (executor 1) (42/50)
[2026-08-21T04:34:51.095+0000] {spark_submit.py:571} INFO - 26/08/21 04:34:51 INFO BlockManagerInfo: Added rdd_18_44 in memory on 172.18.0.6:40477 (size: 46.0 B, free: 434.2 MiB)
[2026-08-21T04:34:51.099+0000] {spark_submit.py:571} INFO - 26/08/21 04:34:51 INFO BlockManagerInfo: Added rdd_18_41 in memory on 172.18.0.6:40477 (size: 46.0 B, free: 434.2 MiB)
[2026-08-21T04:34:51.108+0000] {spark_submit.py:571} INFO - 26/08/21 04:34:51 INFO TaskSetManager: Starting task 46.0 in stage 4.0 (TID 51) (172.18.0.6, executor 0, partition 46, PROCESS_LOCAL, 7619 bytes)
[2026-08-21T04:34:51.111+0000] {spark_submit.py:571} INFO - 26/08/21 04:34:51 INFO TaskSetManager: Starting task 47.0 in stage 4.0 (TID 52) (172.18.0.6, executor 0, partition 47, PROCESS_LOCAL, 7619 bytes)
[2026-08-21T04:34:51.117+0000] {spark_submit.py:571} INFO - 26/08/21 04:34:51 INFO TaskSetManager: Finished task 44.0 in stage 4.0 (TID 49) in 174 ms on 172.18.0.6 (executor 0) (43/50)
[2026-08-21T04:34:51.119+0000] {spark_submit.py:571} INFO - 26/08/21 04:34:51 INFO TaskSetManager: Finished task 41.0 in stage 4.0 (TID 47) in 246 ms on 172.18.0.6 (executor 0) (44/50)
[2026-08-21T04:34:51.122+0000] {spark_submit.py:571} INFO - 26/08/21 04:34:51 INFO BlockManagerInfo: Added rdd_18_43 in memory on 172.18.0.7:33475 (size: 46.0 B, free: 434.2 MiB)
[2026-08-21T04:34:51.135+0000] {spark_submit.py:571} INFO - 26/08/21 04:34:51 INFO TaskSetManager: Starting task 48.0 in stage 4.0 (TID 53) (172.18.0.7, executor 1, partition 48, PROCESS_LOCAL, 7619 bytes)
[2026-08-21T04:34:51.137+0000] {spark_submit.py:571} INFO - 26/08/21 04:34:51 INFO TaskSetManager: Finished task 43.0 in stage 4.0 (TID 48) in 211 ms on 172.18.0.7 (executor 1) (45/50)
[2026-08-21T04:34:51.242+0000] {spark_submit.py:571} INFO - 26/08/21 04:34:51 INFO BlockManagerInfo: Added rdd_18_46 in memory on 172.18.0.6:40477 (size: 46.0 B, free: 434.2 MiB)
[2026-08-21T04:34:51.258+0000] {spark_submit.py:571} INFO - 26/08/21 04:34:51 INFO BlockManagerInfo: Added rdd_18_47 in memory on 172.18.0.6:40477 (size: 46.0 B, free: 434.2 MiB)
[2026-08-21T04:34:51.262+0000] {spark_submit.py:571} INFO - 26/08/21 04:34:51 INFO BlockManagerInfo: Added rdd_18_45 in memory on 172.18.0.7:33475 (size: 46.0 B, free: 434.2 MiB)
[2026-08-21T04:34:51.265+0000] {spark_submit.py:571} INFO - 26/08/21 04:34:51 INFO TaskSetManager: Starting task 49.0 in stage 4.0 (TID 54) (172.18.0.6, executor 0, partition 49, PROCESS_LOCAL, 7619 bytes)
[2026-08-21T04:34:51.266+0000] {spark_submit.py:571} INFO - 26/08/21 04:34:51 INFO TaskSetManager: Finished task 46.0 in stage 4.0 (TID 51) in 160 ms on 172.18.0.6 (executor 0) (46/50)
[2026-08-21T04:34:51.278+0000] {spark_submit.py:571} INFO - 26/08/21 04:34:51 INFO BlockManagerInfo: Added rdd_18_48 in memory on 172.18.0.7:33475 (size: 46.0 B, free: 434.2 MiB)
[2026-08-21T04:34:51.282+0000] {spark_submit.py:571} INFO - 26/08/21 04:34:51 INFO TaskSetManager: Finished task 47.0 in stage 4.0 (TID 52) in 173 ms on 172.18.0.6 (executor 0) (47/50)
[2026-08-21T04:34:51.282+0000] {spark_submit.py:571} INFO - 26/08/21 04:34:51 INFO TaskSetManager: Finished task 45.0 in stage 4.0 (TID 50) in 221 ms on 172.18.0.7 (executor 1) (48/50)
[2026-08-21T04:34:51.300+0000] {spark_submit.py:571} INFO - 26/08/21 04:34:51 INFO TaskSetManager: Finished task 48.0 in stage 4.0 (TID 53) in 167 ms on 172.18.0.7 (executor 1) (49/50)
[2026-08-21T04:34:51.343+0000] {spark_submit.py:571} INFO - 26/08/21 04:34:51 INFO BlockManagerInfo: Added rdd_18_49 in memory on 172.18.0.6:40477 (size: 46.0 B, free: 434.2 MiB)
[2026-08-21T04:34:51.350+0000] {spark_submit.py:571} INFO - 26/08/21 04:34:51 INFO TaskSetManager: Finished task 49.0 in stage 4.0 (TID 54) in 85 ms on 172.18.0.6 (executor 0) (50/50)
[2026-08-21T04:34:51.351+0000] {spark_submit.py:571} INFO - 26/08/21 04:34:51 INFO TaskSchedulerImpl: Removed TaskSet 4.0, whose tasks have all completed, from pool
[2026-08-21T04:34:51.351+0000] {spark_submit.py:571} INFO - 26/08/21 04:34:51 INFO DAGScheduler: ResultStage 4 ($anonfun$recordDeltaOperationInternal$1 at DatabricksLogging.scala:128) finished in 7.054 s
[2026-08-21T04:34:51.353+0000] {spark_submit.py:571} INFO - 26/08/21 04:34:51 INFO DAGScheduler: Job 3 is finished. Cancelling potential speculative or zombie tasks for this job
[2026-08-21T04:34:51.354+0000] {spark_submit.py:571} INFO - 26/08/21 04:34:51 INFO TaskSchedulerImpl: Killing all running tasks in stage 4: Stage finished
[2026-08-21T04:34:51.355+0000] {spark_submit.py:571} INFO - 26/08/21 04:34:51 INFO DAGScheduler: Job 3 finished: $anonfun$recordDeltaOperationInternal$1 at DatabricksLogging.scala:128, took 7.079409 s
[2026-08-21T04:34:51.416+0000] {spark_submit.py:571} INFO - 26/08/21 04:34:51 INFO CodeGenerator: Code generated in 22.086972 ms
[2026-08-21T04:34:51.418+0000] {spark_submit.py:571} INFO - 26/08/21 04:34:51 INFO Snapshot: [tableId=553802dd-42b6-4cf1-8af2-e0916230ea16] DELTA: Compute snapshot for version: 1
[2026-08-21T04:34:51.691+0000] {spark_submit.py:571} INFO - 26/08/21 04:34:51 INFO CodeGenerator: Code generated in 58.635554 ms
[2026-08-21T04:34:51.700+0000] {spark_submit.py:571} INFO - 26/08/21 04:34:51 INFO DAGScheduler: Registering RDD 23 ($anonfun$recordDeltaOperationInternal$1 at DatabricksLogging.scala:128) as input to shuffle 1
[2026-08-21T04:34:51.701+0000] {spark_submit.py:571} INFO - 26/08/21 04:34:51 INFO DAGScheduler: Got map stage job 4 ($anonfun$recordDeltaOperationInternal$1 at DatabricksLogging.scala:128) with 50 output partitions
[2026-08-21T04:34:51.702+0000] {spark_submit.py:571} INFO - 26/08/21 04:34:51 INFO DAGScheduler: Final stage: ShuffleMapStage 6 ($anonfun$recordDeltaOperationInternal$1 at DatabricksLogging.scala:128)
[2026-08-21T04:34:51.702+0000] {spark_submit.py:571} INFO - 26/08/21 04:34:51 INFO DAGScheduler: Parents of final stage: List(ShuffleMapStage 5)
[2026-08-21T04:34:51.702+0000] {spark_submit.py:571} INFO - 26/08/21 04:34:51 INFO DAGScheduler: Missing parents: List()
[2026-08-21T04:34:51.705+0000] {spark_submit.py:571} INFO - 26/08/21 04:34:51 INFO DAGScheduler: Submitting ShuffleMapStage 6 (MapPartitionsRDD[23] at $anonfun$recordDeltaOperationInternal$1 at DatabricksLogging.scala:128), which has no missing parents
[2026-08-21T04:34:51.728+0000] {spark_submit.py:571} INFO - 26/08/21 04:34:51 INFO MemoryStore: Block broadcast_8 stored as values in memory (estimated size 602.3 KiB, free 432.5 MiB)
[2026-08-21T04:34:51.730+0000] {spark_submit.py:571} INFO - 26/08/21 04:34:51 INFO MemoryStore: Block broadcast_8_piece0 stored as bytes in memory (estimated size 137.9 KiB, free 432.4 MiB)
[2026-08-21T04:34:51.733+0000] {spark_submit.py:571} INFO - 26/08/21 04:34:51 INFO BlockManagerInfo: Added broadcast_8_piece0 in memory on c90a551abb73:40427 (size: 137.9 KiB, free: 434.0 MiB)
[2026-08-21T04:34:51.734+0000] {spark_submit.py:571} INFO - 26/08/21 04:34:51 INFO SparkContext: Created broadcast 8 from broadcast at DAGScheduler.scala:1585
[2026-08-21T04:34:51.735+0000] {spark_submit.py:571} INFO - 26/08/21 04:34:51 INFO DAGScheduler: Submitting 50 missing tasks from ShuffleMapStage 6 (MapPartitionsRDD[23] at $anonfun$recordDeltaOperationInternal$1 at DatabricksLogging.scala:128) (first 15 tasks are for partitions Vector(0, 1, 2, 3, 4, 5, 6, 7, 8, 9, 10, 11, 12, 13, 14))
[2026-08-21T04:34:51.735+0000] {spark_submit.py:571} INFO - 26/08/21 04:34:51 INFO TaskSchedulerImpl: Adding task set 6.0 with 50 tasks resource profile 0
[2026-08-21T04:34:51.739+0000] {spark_submit.py:571} INFO - 26/08/21 04:34:51 INFO TaskSetManager: Starting task 0.0 in stage 6.0 (TID 55) (172.18.0.7, executor 1, partition 0, PROCESS_LOCAL, 7608 bytes)
[2026-08-21T04:34:51.740+0000] {spark_submit.py:571} INFO - 26/08/21 04:34:51 INFO TaskSetManager: Starting task 1.0 in stage 6.0 (TID 56) (172.18.0.6, executor 0, partition 1, PROCESS_LOCAL, 7608 bytes)
[2026-08-21T04:34:51.741+0000] {spark_submit.py:571} INFO - 26/08/21 04:34:51 INFO TaskSetManager: Starting task 4.0 in stage 6.0 (TID 57) (172.18.0.7, executor 1, partition 4, PROCESS_LOCAL, 7608 bytes)
[2026-08-21T04:34:51.744+0000] {spark_submit.py:571} INFO - 26/08/21 04:34:51 INFO TaskSetManager: Starting task 2.0 in stage 6.0 (TID 58) (172.18.0.6, executor 0, partition 2, PROCESS_LOCAL, 7608 bytes)
[2026-08-21T04:34:51.804+0000] {spark_submit.py:571} INFO - 26/08/21 04:34:51 INFO BlockManagerInfo: Added broadcast_8_piece0 in memory on 172.18.0.6:40477 (size: 137.9 KiB, free: 434.1 MiB)
[2026-08-21T04:34:51.806+0000] {spark_submit.py:571} INFO - 26/08/21 04:34:51 INFO BlockManagerInfo: Added broadcast_8_piece0 in memory on 172.18.0.7:33475 (size: 137.9 KiB, free: 434.1 MiB)
[2026-08-21T04:34:52.964+0000] {spark_submit.py:571} INFO - 26/08/21 04:34:52 INFO TaskSetManager: Starting task 3.0 in stage 6.0 (TID 59) (172.18.0.6, executor 0, partition 3, PROCESS_LOCAL, 7608 bytes)
[2026-08-21T04:34:52.967+0000] {spark_submit.py:571} INFO - 26/08/21 04:34:52 INFO TaskSetManager: Starting task 6.0 in stage 6.0 (TID 60) (172.18.0.6, executor 0, partition 6, PROCESS_LOCAL, 7608 bytes)
[2026-08-21T04:34:52.969+0000] {spark_submit.py:571} INFO - 26/08/21 04:34:52 INFO TaskSetManager: Finished task 1.0 in stage 6.0 (TID 56) in 1225 ms on 172.18.0.6 (executor 0) (1/50)
[2026-08-21T04:34:52.980+0000] {spark_submit.py:571} INFO - 26/08/21 04:34:52 INFO TaskSetManager: Finished task 2.0 in stage 6.0 (TID 58) in 1238 ms on 172.18.0.6 (executor 0) (2/50)
[2026-08-21T04:34:52.994+0000] {spark_submit.py:571} INFO - 26/08/21 04:34:52 INFO TaskSetManager: Starting task 5.0 in stage 6.0 (TID 61) (172.18.0.7, executor 1, partition 5, PROCESS_LOCAL, 7608 bytes)
[2026-08-21T04:34:53.004+0000] {spark_submit.py:571} INFO - 26/08/21 04:34:52 INFO TaskSetManager: Starting task 7.0 in stage 6.0 (TID 62) (172.18.0.7, executor 1, partition 7, PROCESS_LOCAL, 7608 bytes)
[2026-08-21T04:34:53.011+0000] {spark_submit.py:571} INFO - 26/08/21 04:34:52 INFO TaskSetManager: Finished task 4.0 in stage 6.0 (TID 57) in 1257 ms on 172.18.0.7 (executor 1) (3/50)
[2026-08-21T04:34:53.012+0000] {spark_submit.py:571} INFO - 26/08/21 04:34:52 INFO TaskSetManager: Finished task 0.0 in stage 6.0 (TID 55) in 1259 ms on 172.18.0.7 (executor 1) (4/50)
[2026-08-21T04:34:53.061+0000] {spark_submit.py:571} INFO - 26/08/21 04:34:53 INFO TaskSetManager: Starting task 8.0 in stage 6.0 (TID 63) (172.18.0.6, executor 0, partition 8, PROCESS_LOCAL, 7608 bytes)
[2026-08-21T04:34:53.063+0000] {spark_submit.py:571} INFO - 26/08/21 04:34:53 INFO TaskSetManager: Finished task 3.0 in stage 6.0 (TID 59) in 104 ms on 172.18.0.6 (executor 0) (5/50)
[2026-08-21T04:34:53.065+0000] {spark_submit.py:571} INFO - 26/08/21 04:34:53 INFO TaskSetManager: Starting task 9.0 in stage 6.0 (TID 64) (172.18.0.6, executor 0, partition 9, PROCESS_LOCAL, 7608 bytes)
[2026-08-21T04:34:53.065+0000] {spark_submit.py:571} INFO - 26/08/21 04:34:53 INFO TaskSetManager: Finished task 6.0 in stage 6.0 (TID 60) in 103 ms on 172.18.0.6 (executor 0) (6/50)
[2026-08-21T04:34:53.134+0000] {spark_submit.py:571} INFO - 26/08/21 04:34:53 INFO TaskSetManager: Starting task 12.0 in stage 6.0 (TID 65) (172.18.0.6, executor 0, partition 12, PROCESS_LOCAL, 7608 bytes)
[2026-08-21T04:34:53.135+0000] {spark_submit.py:571} INFO - 26/08/21 04:34:53 INFO TaskSetManager: Finished task 9.0 in stage 6.0 (TID 64) in 71 ms on 172.18.0.6 (executor 0) (7/50)
[2026-08-21T04:34:53.144+0000] {spark_submit.py:571} INFO - 26/08/21 04:34:53 INFO TaskSetManager: Starting task 13.0 in stage 6.0 (TID 66) (172.18.0.6, executor 0, partition 13, PROCESS_LOCAL, 7608 bytes)
[2026-08-21T04:34:53.145+0000] {spark_submit.py:571} INFO - 26/08/21 04:34:53 INFO TaskSetManager: Finished task 8.0 in stage 6.0 (TID 63) in 84 ms on 172.18.0.6 (executor 0) (8/50)
[2026-08-21T04:34:53.205+0000] {spark_submit.py:571} INFO - 26/08/21 04:34:53 INFO TaskSetManager: Starting task 17.0 in stage 6.0 (TID 67) (172.18.0.6, executor 0, partition 17, PROCESS_LOCAL, 7608 bytes)
[2026-08-21T04:34:53.209+0000] {spark_submit.py:571} INFO - 26/08/21 04:34:53 INFO TaskSetManager: Finished task 13.0 in stage 6.0 (TID 66) in 62 ms on 172.18.0.6 (executor 0) (9/50)
[2026-08-21T04:34:53.223+0000] {spark_submit.py:571} INFO - 26/08/21 04:34:53 INFO TaskSetManager: Starting task 10.0 in stage 6.0 (TID 68) (172.18.0.7, executor 1, partition 10, PROCESS_LOCAL, 7608 bytes)
[2026-08-21T04:34:53.227+0000] {spark_submit.py:571} INFO - 26/08/21 04:34:53 INFO TaskSetManager: Finished task 5.0 in stage 6.0 (TID 61) in 230 ms on 172.18.0.7 (executor 1) (10/50)
[2026-08-21T04:34:53.228+0000] {spark_submit.py:571} INFO - 26/08/21 04:34:53 INFO TaskSetManager: Starting task 18.0 in stage 6.0 (TID 69) (172.18.0.6, executor 0, partition 18, PROCESS_LOCAL, 7608 bytes)
[2026-08-21T04:34:53.229+0000] {spark_submit.py:571} INFO - 26/08/21 04:34:53 INFO TaskSetManager: Finished task 12.0 in stage 6.0 (TID 65) in 96 ms on 172.18.0.6 (executor 0) (11/50)
[2026-08-21T04:34:53.253+0000] {spark_submit.py:571} INFO - 26/08/21 04:34:53 INFO TaskSetManager: Starting task 11.0 in stage 6.0 (TID 70) (172.18.0.7, executor 1, partition 11, PROCESS_LOCAL, 7608 bytes)
[2026-08-21T04:34:53.254+0000] {spark_submit.py:571} INFO - 26/08/21 04:34:53 INFO TaskSetManager: Finished task 7.0 in stage 6.0 (TID 62) in 258 ms on 172.18.0.7 (executor 1) (12/50)
[2026-08-21T04:34:53.283+0000] {spark_submit.py:571} INFO - 26/08/21 04:34:53 INFO TaskSetManager: Starting task 21.0 in stage 6.0 (TID 71) (172.18.0.6, executor 0, partition 21, PROCESS_LOCAL, 7608 bytes)
[2026-08-21T04:34:53.283+0000] {spark_submit.py:571} INFO - 26/08/21 04:34:53 INFO TaskSetManager: Finished task 18.0 in stage 6.0 (TID 69) in 53 ms on 172.18.0.6 (executor 0) (13/50)
[2026-08-21T04:34:53.311+0000] {spark_submit.py:571} INFO - 26/08/21 04:34:53 INFO TaskSetManager: Starting task 22.0 in stage 6.0 (TID 72) (172.18.0.6, executor 0, partition 22, PROCESS_LOCAL, 7608 bytes)
[2026-08-21T04:34:53.312+0000] {spark_submit.py:571} INFO - 26/08/21 04:34:53 INFO TaskSetManager: Finished task 17.0 in stage 6.0 (TID 67) in 106 ms on 172.18.0.6 (executor 0) (14/50)
[2026-08-21T04:34:53.359+0000] {spark_submit.py:571} INFO - 26/08/21 04:34:53 INFO TaskSetManager: Starting task 14.0 in stage 6.0 (TID 73) (172.18.0.7, executor 1, partition 14, PROCESS_LOCAL, 7608 bytes)
[2026-08-21T04:34:53.359+0000] {spark_submit.py:571} INFO - 26/08/21 04:34:53 INFO TaskSetManager: Finished task 11.0 in stage 6.0 (TID 70) in 104 ms on 172.18.0.7 (executor 1) (15/50)
[2026-08-21T04:34:53.374+0000] {spark_submit.py:571} INFO - 26/08/21 04:34:53 INFO TaskSetManager: Starting task 15.0 in stage 6.0 (TID 74) (172.18.0.7, executor 1, partition 15, PROCESS_LOCAL, 7608 bytes)
[2026-08-21T04:34:53.376+0000] {spark_submit.py:571} INFO - 26/08/21 04:34:53 INFO TaskSetManager: Finished task 10.0 in stage 6.0 (TID 68) in 152 ms on 172.18.0.7 (executor 1) (16/50)
[2026-08-21T04:34:53.389+0000] {spark_submit.py:571} INFO - 26/08/21 04:34:53 INFO TaskSetManager: Starting task 24.0 in stage 6.0 (TID 75) (172.18.0.6, executor 0, partition 24, PROCESS_LOCAL, 7608 bytes)
[2026-08-21T04:34:53.390+0000] {spark_submit.py:571} INFO - 26/08/21 04:34:53 INFO TaskSetManager: Finished task 21.0 in stage 6.0 (TID 71) in 111 ms on 172.18.0.6 (executor 0) (17/50)
[2026-08-21T04:34:53.411+0000] {spark_submit.py:571} INFO - 26/08/21 04:34:53 INFO TaskSetManager: Starting task 26.0 in stage 6.0 (TID 76) (172.18.0.6, executor 0, partition 26, PROCESS_LOCAL, 7608 bytes)
[2026-08-21T04:34:53.414+0000] {spark_submit.py:571} INFO - 26/08/21 04:34:53 INFO TaskSetManager: Finished task 22.0 in stage 6.0 (TID 72) in 106 ms on 172.18.0.6 (executor 0) (18/50)
[2026-08-21T04:34:53.430+0000] {spark_submit.py:571} INFO - 26/08/21 04:34:53 INFO TaskSetManager: Starting task 27.0 in stage 6.0 (TID 77) (172.18.0.6, executor 0, partition 27, PROCESS_LOCAL, 7608 bytes)
[2026-08-21T04:34:53.432+0000] {spark_submit.py:571} INFO - 26/08/21 04:34:53 INFO TaskSetManager: Finished task 24.0 in stage 6.0 (TID 75) in 42 ms on 172.18.0.6 (executor 0) (19/50)
[2026-08-21T04:34:53.434+0000] {spark_submit.py:571} INFO - 26/08/21 04:34:53 INFO TaskSetManager: Starting task 16.0 in stage 6.0 (TID 78) (172.18.0.7, executor 1, partition 16, PROCESS_LOCAL, 7608 bytes)
[2026-08-21T04:34:53.438+0000] {spark_submit.py:571} INFO - 26/08/21 04:34:53 INFO TaskSetManager: Finished task 14.0 in stage 6.0 (TID 73) in 82 ms on 172.18.0.7 (executor 1) (20/50)
[2026-08-21T04:34:53.467+0000] {spark_submit.py:571} INFO - 26/08/21 04:34:53 INFO TaskSetManager: Starting task 19.0 in stage 6.0 (TID 79) (172.18.0.7, executor 1, partition 19, PROCESS_LOCAL, 7608 bytes)
[2026-08-21T04:34:53.471+0000] {spark_submit.py:571} INFO - 26/08/21 04:34:53 INFO TaskSetManager: Finished task 15.0 in stage 6.0 (TID 74) in 96 ms on 172.18.0.7 (executor 1) (21/50)
[2026-08-21T04:34:53.496+0000] {spark_submit.py:571} INFO - 26/08/21 04:34:53 INFO TaskSetManager: Starting task 28.0 in stage 6.0 (TID 80) (172.18.0.6, executor 0, partition 28, PROCESS_LOCAL, 7608 bytes)
[2026-08-21T04:34:53.502+0000] {spark_submit.py:571} INFO - 26/08/21 04:34:53 INFO TaskSetManager: Starting task 20.0 in stage 6.0 (TID 81) (172.18.0.7, executor 1, partition 20, PROCESS_LOCAL, 7608 bytes)
[2026-08-21T04:34:53.506+0000] {spark_submit.py:571} INFO - 26/08/21 04:34:53 INFO TaskSetManager: Finished task 26.0 in stage 6.0 (TID 76) in 94 ms on 172.18.0.6 (executor 0) (22/50)
[2026-08-21T04:34:53.509+0000] {spark_submit.py:571} INFO - 26/08/21 04:34:53 INFO TaskSetManager: Finished task 16.0 in stage 6.0 (TID 78) in 74 ms on 172.18.0.7 (executor 1) (23/50)
[2026-08-21T04:34:53.543+0000] {spark_submit.py:571} INFO - 26/08/21 04:34:53 INFO TaskSetManager: Starting task 29.0 in stage 6.0 (TID 82) (172.18.0.6, executor 0, partition 29, PROCESS_LOCAL, 7608 bytes)
[2026-08-21T04:34:53.544+0000] {spark_submit.py:571} INFO - 26/08/21 04:34:53 INFO TaskSetManager: Finished task 27.0 in stage 6.0 (TID 77) in 113 ms on 172.18.0.6 (executor 0) (24/50)
[2026-08-21T04:34:53.563+0000] {spark_submit.py:571} INFO - 26/08/21 04:34:53 INFO TaskSetManager: Starting task 23.0 in stage 6.0 (TID 83) (172.18.0.7, executor 1, partition 23, PROCESS_LOCAL, 7608 bytes)
[2026-08-21T04:34:53.566+0000] {spark_submit.py:571} INFO - 26/08/21 04:34:53 INFO TaskSetManager: Finished task 20.0 in stage 6.0 (TID 81) in 66 ms on 172.18.0.7 (executor 1) (25/50)
[2026-08-21T04:34:53.617+0000] {spark_submit.py:571} INFO - 26/08/21 04:34:53 INFO TaskSetManager: Starting task 30.0 in stage 6.0 (TID 84) (172.18.0.6, executor 0, partition 30, PROCESS_LOCAL, 7608 bytes)
[2026-08-21T04:34:53.617+0000] {spark_submit.py:571} INFO - 26/08/21 04:34:53 INFO TaskSetManager: Starting task 25.0 in stage 6.0 (TID 85) (172.18.0.7, executor 1, partition 25, PROCESS_LOCAL, 7608 bytes)
[2026-08-21T04:34:53.621+0000] {spark_submit.py:571} INFO - 26/08/21 04:34:53 INFO TaskSetManager: Finished task 28.0 in stage 6.0 (TID 80) in 122 ms on 172.18.0.6 (executor 0) (26/50)
[2026-08-21T04:34:53.622+0000] {spark_submit.py:571} INFO - 26/08/21 04:34:53 INFO TaskSetManager: Finished task 19.0 in stage 6.0 (TID 79) in 152 ms on 172.18.0.7 (executor 1) (27/50)
[2026-08-21T04:34:53.654+0000] {spark_submit.py:571} INFO - 26/08/21 04:34:53 INFO TaskSetManager: Starting task 32.0 in stage 6.0 (TID 86) (172.18.0.7, executor 1, partition 32, PROCESS_LOCAL, 7608 bytes)
[2026-08-21T04:34:53.655+0000] {spark_submit.py:571} INFO - 26/08/21 04:34:53 INFO TaskSetManager: Finished task 23.0 in stage 6.0 (TID 83) in 92 ms on 172.18.0.7 (executor 1) (28/50)
[2026-08-21T04:34:53.655+0000] {spark_submit.py:571} INFO - 26/08/21 04:34:53 INFO TaskSetManager: Starting task 31.0 in stage 6.0 (TID 87) (172.18.0.6, executor 0, partition 31, PROCESS_LOCAL, 7608 bytes)
[2026-08-21T04:34:53.659+0000] {spark_submit.py:571} INFO - 26/08/21 04:34:53 INFO TaskSetManager: Finished task 29.0 in stage 6.0 (TID 82) in 115 ms on 172.18.0.6 (executor 0) (29/50)
[2026-08-21T04:34:53.703+0000] {spark_submit.py:571} INFO - 26/08/21 04:34:53 INFO TaskSetManager: Starting task 36.0 in stage 6.0 (TID 88) (172.18.0.6, executor 0, partition 36, PROCESS_LOCAL, 7608 bytes)
[2026-08-21T04:34:53.704+0000] {spark_submit.py:571} INFO - 26/08/21 04:34:53 INFO TaskSetManager: Finished task 30.0 in stage 6.0 (TID 84) in 89 ms on 172.18.0.6 (executor 0) (30/50)
[2026-08-21T04:34:53.734+0000] {spark_submit.py:571} INFO - 26/08/21 04:34:53 INFO TaskSetManager: Starting task 37.0 in stage 6.0 (TID 89) (172.18.0.6, executor 0, partition 37, PROCESS_LOCAL, 7608 bytes)
[2026-08-21T04:34:53.735+0000] {spark_submit.py:571} INFO - 26/08/21 04:34:53 INFO TaskSetManager: Finished task 31.0 in stage 6.0 (TID 87) in 80 ms on 172.18.0.6 (executor 0) (31/50)
[2026-08-21T04:34:53.743+0000] {spark_submit.py:571} INFO - 26/08/21 04:34:53 INFO TaskSetManager: Starting task 33.0 in stage 6.0 (TID 90) (172.18.0.7, executor 1, partition 33, PROCESS_LOCAL, 7608 bytes)
[2026-08-21T04:34:53.747+0000] {spark_submit.py:571} INFO - 26/08/21 04:34:53 INFO TaskSetManager: Finished task 32.0 in stage 6.0 (TID 86) in 93 ms on 172.18.0.7 (executor 1) (32/50)
[2026-08-21T04:34:53.781+0000] {spark_submit.py:571} INFO - 26/08/21 04:34:53 INFO TaskSetManager: Starting task 34.0 in stage 6.0 (TID 91) (172.18.0.7, executor 1, partition 34, PROCESS_LOCAL, 7608 bytes)
[2026-08-21T04:34:53.783+0000] {spark_submit.py:571} INFO - 26/08/21 04:34:53 INFO TaskSetManager: Finished task 25.0 in stage 6.0 (TID 85) in 162 ms on 172.18.0.7 (executor 1) (33/50)
[2026-08-21T04:34:53.817+0000] {spark_submit.py:571} INFO - 26/08/21 04:34:53 INFO TaskSetManager: Starting task 41.0 in stage 6.0 (TID 92) (172.18.0.6, executor 0, partition 41, PROCESS_LOCAL, 7608 bytes)
[2026-08-21T04:34:53.820+0000] {spark_submit.py:571} INFO - 26/08/21 04:34:53 INFO TaskSetManager: Finished task 36.0 in stage 6.0 (TID 88) in 119 ms on 172.18.0.6 (executor 0) (34/50)
[2026-08-21T04:34:53.833+0000] {spark_submit.py:571} INFO - 26/08/21 04:34:53 INFO TaskSetManager: Starting task 42.0 in stage 6.0 (TID 93) (172.18.0.6, executor 0, partition 42, PROCESS_LOCAL, 7608 bytes)
[2026-08-21T04:34:53.836+0000] {spark_submit.py:571} INFO - 26/08/21 04:34:53 INFO TaskSetManager: Finished task 37.0 in stage 6.0 (TID 89) in 101 ms on 172.18.0.6 (executor 0) (35/50)
[2026-08-21T04:34:53.873+0000] {spark_submit.py:571} INFO - 26/08/21 04:34:53 INFO TaskSetManager: Starting task 35.0 in stage 6.0 (TID 94) (172.18.0.7, executor 1, partition 35, PROCESS_LOCAL, 7608 bytes)
[2026-08-21T04:34:53.875+0000] {spark_submit.py:571} INFO - 26/08/21 04:34:53 INFO TaskSetManager: Finished task 33.0 in stage 6.0 (TID 90) in 131 ms on 172.18.0.7 (executor 1) (36/50)
[2026-08-21T04:34:53.895+0000] {spark_submit.py:571} INFO - 26/08/21 04:34:53 INFO TaskSetManager: Starting task 38.0 in stage 6.0 (TID 95) (172.18.0.7, executor 1, partition 38, PROCESS_LOCAL, 7608 bytes)
[2026-08-21T04:34:53.898+0000] {spark_submit.py:571} INFO - 26/08/21 04:34:53 INFO TaskSetManager: Finished task 34.0 in stage 6.0 (TID 91) in 117 ms on 172.18.0.7 (executor 1) (37/50)
[2026-08-21T04:34:53.925+0000] {spark_submit.py:571} INFO - 26/08/21 04:34:53 INFO TaskSetManager: Starting task 44.0 in stage 6.0 (TID 96) (172.18.0.6, executor 0, partition 44, PROCESS_LOCAL, 7608 bytes)
[2026-08-21T04:34:53.926+0000] {spark_submit.py:571} INFO - 26/08/21 04:34:53 INFO TaskSetManager: Finished task 41.0 in stage 6.0 (TID 92) in 111 ms on 172.18.0.6 (executor 0) (38/50)
[2026-08-21T04:34:53.936+0000] {spark_submit.py:571} INFO - 26/08/21 04:34:53 INFO TaskSetManager: Starting task 46.0 in stage 6.0 (TID 97) (172.18.0.6, executor 0, partition 46, PROCESS_LOCAL, 7608 bytes)
[2026-08-21T04:34:53.939+0000] {spark_submit.py:571} INFO - 26/08/21 04:34:53 INFO TaskSetManager: Finished task 42.0 in stage 6.0 (TID 93) in 103 ms on 172.18.0.6 (executor 0) (39/50)
[2026-08-21T04:34:53.960+0000] {spark_submit.py:571} INFO - 26/08/21 04:34:53 INFO TaskSetManager: Starting task 39.0 in stage 6.0 (TID 98) (172.18.0.7, executor 1, partition 39, PROCESS_LOCAL, 7608 bytes)
[2026-08-21T04:34:53.965+0000] {spark_submit.py:571} INFO - 26/08/21 04:34:53 INFO TaskSetManager: Finished task 35.0 in stage 6.0 (TID 94) in 93 ms on 172.18.0.7 (executor 1) (40/50)
[2026-08-21T04:34:53.982+0000] {spark_submit.py:571} INFO - 26/08/21 04:34:53 INFO TaskSetManager: Starting task 40.0 in stage 6.0 (TID 99) (172.18.0.7, executor 1, partition 40, PROCESS_LOCAL, 7608 bytes)
[2026-08-21T04:34:53.983+0000] {spark_submit.py:571} INFO - 26/08/21 04:34:53 INFO TaskSetManager: Finished task 38.0 in stage 6.0 (TID 95) in 89 ms on 172.18.0.7 (executor 1) (41/50)
[2026-08-21T04:34:53.989+0000] {spark_submit.py:571} INFO - 26/08/21 04:34:53 INFO TaskSetManager: Starting task 47.0 in stage 6.0 (TID 100) (172.18.0.6, executor 0, partition 47, PROCESS_LOCAL, 7608 bytes)
[2026-08-21T04:34:53.994+0000] {spark_submit.py:571} INFO - 26/08/21 04:34:53 INFO TaskSetManager: Finished task 44.0 in stage 6.0 (TID 96) in 72 ms on 172.18.0.6 (executor 0) (42/50)
[2026-08-21T04:34:54.029+0000] {spark_submit.py:571} INFO - 26/08/21 04:34:54 INFO TaskSetManager: Finished task 46.0 in stage 6.0 (TID 97) in 93 ms on 172.18.0.6 (executor 0) (43/50)
[2026-08-21T04:34:54.030+0000] {spark_submit.py:571} INFO - 26/08/21 04:34:54 INFO TaskSetManager: Starting task 49.0 in stage 6.0 (TID 101) (172.18.0.6, executor 0, partition 49, PROCESS_LOCAL, 7608 bytes)
[2026-08-21T04:34:54.044+0000] {spark_submit.py:571} INFO - 26/08/21 04:34:54 INFO TaskSetManager: Starting task 43.0 in stage 6.0 (TID 102) (172.18.0.7, executor 1, partition 43, PROCESS_LOCAL, 7608 bytes)
[2026-08-21T04:34:54.044+0000] {spark_submit.py:571} INFO - 26/08/21 04:34:54 INFO TaskSetManager: Finished task 39.0 in stage 6.0 (TID 98) in 85 ms on 172.18.0.7 (executor 1) (44/50)
[2026-08-21T04:34:54.066+0000] {spark_submit.py:571} INFO - 26/08/21 04:34:54 INFO TaskSetManager: Starting task 45.0 in stage 6.0 (TID 103) (172.18.0.7, executor 1, partition 45, PROCESS_LOCAL, 7608 bytes)
[2026-08-21T04:34:54.068+0000] {spark_submit.py:571} INFO - 26/08/21 04:34:54 INFO TaskSetManager: Finished task 40.0 in stage 6.0 (TID 99) in 87 ms on 172.18.0.7 (executor 1) (45/50)
[2026-08-21T04:34:54.103+0000] {spark_submit.py:571} INFO - 26/08/21 04:34:54 INFO TaskSetManager: Finished task 47.0 in stage 6.0 (TID 100) in 114 ms on 172.18.0.6 (executor 0) (46/50)
[2026-08-21T04:34:54.114+0000] {spark_submit.py:571} INFO - 26/08/21 04:34:54 INFO TaskSetManager: Finished task 49.0 in stage 6.0 (TID 101) in 84 ms on 172.18.0.6 (executor 0) (47/50)
[2026-08-21T04:34:54.151+0000] {spark_submit.py:571} INFO - 26/08/21 04:34:54 INFO TaskSetManager: Starting task 48.0 in stage 6.0 (TID 104) (172.18.0.7, executor 1, partition 48, PROCESS_LOCAL, 7608 bytes)
[2026-08-21T04:34:54.153+0000] {spark_submit.py:571} INFO - 26/08/21 04:34:54 INFO TaskSetManager: Finished task 45.0 in stage 6.0 (TID 103) in 87 ms on 172.18.0.7 (executor 1) (48/50)
[2026-08-21T04:34:54.160+0000] {spark_submit.py:571} INFO - 26/08/21 04:34:54 INFO TaskSetManager: Finished task 43.0 in stage 6.0 (TID 102) in 116 ms on 172.18.0.7 (executor 1) (49/50)
[2026-08-21T04:34:54.197+0000] {spark_submit.py:571} INFO - 26/08/21 04:34:54 INFO TaskSetManager: Finished task 48.0 in stage 6.0 (TID 104) in 45 ms on 172.18.0.7 (executor 1) (50/50)
[2026-08-21T04:34:54.197+0000] {spark_submit.py:571} INFO - 26/08/21 04:34:54 INFO TaskSchedulerImpl: Removed TaskSet 6.0, whose tasks have all completed, from pool
[2026-08-21T04:34:54.198+0000] {spark_submit.py:571} INFO - 26/08/21 04:34:54 INFO DAGScheduler: ShuffleMapStage 6 ($anonfun$recordDeltaOperationInternal$1 at DatabricksLogging.scala:128) finished in 2.491 s
[2026-08-21T04:34:54.199+0000] {spark_submit.py:571} INFO - 26/08/21 04:34:54 INFO DAGScheduler: looking for newly runnable stages
[2026-08-21T04:34:54.199+0000] {spark_submit.py:571} INFO - 26/08/21 04:34:54 INFO DAGScheduler: running: Set()
[2026-08-21T04:34:54.199+0000] {spark_submit.py:571} INFO - 26/08/21 04:34:54 INFO DAGScheduler: waiting: Set()
[2026-08-21T04:34:54.199+0000] {spark_submit.py:571} INFO - 26/08/21 04:34:54 INFO DAGScheduler: failed: Set()
[2026-08-21T04:34:54.224+0000] {spark_submit.py:571} INFO - 26/08/21 04:34:54 INFO SparkContext: Starting job: $anonfun$recordDeltaOperationInternal$1 at DatabricksLogging.scala:128
[2026-08-21T04:34:54.229+0000] {spark_submit.py:571} INFO - 26/08/21 04:34:54 INFO DAGScheduler: Got job 5 ($anonfun$recordDeltaOperationInternal$1 at DatabricksLogging.scala:128) with 1 output partitions
[2026-08-21T04:34:54.230+0000] {spark_submit.py:571} INFO - 26/08/21 04:34:54 INFO DAGScheduler: Final stage: ResultStage 9 ($anonfun$recordDeltaOperationInternal$1 at DatabricksLogging.scala:128)
[2026-08-21T04:34:54.230+0000] {spark_submit.py:571} INFO - 26/08/21 04:34:54 INFO DAGScheduler: Parents of final stage: List(ShuffleMapStage 8)
[2026-08-21T04:34:54.230+0000] {spark_submit.py:571} INFO - 26/08/21 04:34:54 INFO DAGScheduler: Missing parents: List()
[2026-08-21T04:34:54.230+0000] {spark_submit.py:571} INFO - 26/08/21 04:34:54 INFO DAGScheduler: Submitting ResultStage 9 (MapPartitionsRDD[26] at $anonfun$recordDeltaOperationInternal$1 at DatabricksLogging.scala:128), which has no missing parents
[2026-08-21T04:34:54.240+0000] {spark_submit.py:571} INFO - 26/08/21 04:34:54 INFO MemoryStore: Block broadcast_9 stored as values in memory (estimated size 533.4 KiB, free 431.9 MiB)
[2026-08-21T04:34:54.247+0000] {spark_submit.py:571} INFO - 26/08/21 04:34:54 INFO MemoryStore: Block broadcast_9_piece0 stored as bytes in memory (estimated size 124.5 KiB, free 431.7 MiB)
[2026-08-21T04:34:54.249+0000] {spark_submit.py:571} INFO - 26/08/21 04:34:54 INFO BlockManagerInfo: Added broadcast_9_piece0 in memory on c90a551abb73:40427 (size: 124.5 KiB, free: 433.9 MiB)
[2026-08-21T04:34:54.251+0000] {spark_submit.py:571} INFO - 26/08/21 04:34:54 INFO SparkContext: Created broadcast 9 from broadcast at DAGScheduler.scala:1585
[2026-08-21T04:34:54.252+0000] {spark_submit.py:571} INFO - 26/08/21 04:34:54 INFO DAGScheduler: Submitting 1 missing tasks from ResultStage 9 (MapPartitionsRDD[26] at $anonfun$recordDeltaOperationInternal$1 at DatabricksLogging.scala:128) (first 15 tasks are for partitions Vector(0))
[2026-08-21T04:34:54.252+0000] {spark_submit.py:571} INFO - 26/08/21 04:34:54 INFO TaskSchedulerImpl: Adding task set 9.0 with 1 tasks resource profile 0
[2026-08-21T04:34:54.253+0000] {spark_submit.py:571} INFO - 26/08/21 04:34:54 INFO TaskSetManager: Starting task 0.0 in stage 9.0 (TID 105) (172.18.0.6, executor 0, partition 0, NODE_LOCAL, 7619 bytes)
[2026-08-21T04:34:54.277+0000] {spark_submit.py:571} INFO - 26/08/21 04:34:54 INFO BlockManagerInfo: Added broadcast_9_piece0 in memory on 172.18.0.6:40477 (size: 124.5 KiB, free: 434.0 MiB)
[2026-08-21T04:34:54.291+0000] {spark_submit.py:571} INFO - 26/08/21 04:34:54 INFO MapOutputTrackerMasterEndpoint: Asked to send map output locations for shuffle 1 to 172.18.0.6:41496
[2026-08-21T04:34:54.354+0000] {spark_submit.py:571} INFO - 26/08/21 04:34:54 INFO TaskSetManager: Finished task 0.0 in stage 9.0 (TID 105) in 101 ms on 172.18.0.6 (executor 0) (1/1)
[2026-08-21T04:34:54.354+0000] {spark_submit.py:571} INFO - 26/08/21 04:34:54 INFO TaskSchedulerImpl: Removed TaskSet 9.0, whose tasks have all completed, from pool
[2026-08-21T04:34:54.356+0000] {spark_submit.py:571} INFO - 26/08/21 04:34:54 INFO DAGScheduler: ResultStage 9 ($anonfun$recordDeltaOperationInternal$1 at DatabricksLogging.scala:128) finished in 0.127 s
[2026-08-21T04:34:54.356+0000] {spark_submit.py:571} INFO - 26/08/21 04:34:54 INFO DAGScheduler: Job 5 is finished. Cancelling potential speculative or zombie tasks for this job
[2026-08-21T04:34:54.356+0000] {spark_submit.py:571} INFO - 26/08/21 04:34:54 INFO TaskSchedulerImpl: Killing all running tasks in stage 9: Stage finished
[2026-08-21T04:34:54.357+0000] {spark_submit.py:571} INFO - 26/08/21 04:34:54 INFO DAGScheduler: Job 5 finished: $anonfun$recordDeltaOperationInternal$1 at DatabricksLogging.scala:128, took 0.131571 s
[2026-08-21T04:34:54.413+0000] {spark_submit.py:571} INFO - 26/08/21 04:34:54 INFO CodeGenerator: Code generated in 42.402942 ms
[2026-08-21T04:34:54.420+0000] {spark_submit.py:571} INFO - 26/08/21 04:34:54 INFO Snapshot: [tableId=553802dd-42b6-4cf1-8af2-e0916230ea16] DELTA: Done
[2026-08-21T04:34:54.421+0000] {spark_submit.py:571} INFO - 26/08/21 04:34:54 INFO PrepareDeltaScan: DELTA: Done
[2026-08-21T04:34:54.439+0000] {spark_submit.py:571} INFO - 26/08/21 04:34:54 INFO DataSourceStrategy: Pruning directories with: isnotnull(date#66),isnotnull(hour#67),(date#66 = 2025-06-01),(hour#67 = 00)
[2026-08-21T04:34:54.441+0000] {spark_submit.py:571} INFO - 26/08/21 04:34:54 INFO FileSourceStrategy: Pushed Filters:
[2026-08-21T04:34:54.441+0000] {spark_submit.py:571} INFO - 26/08/21 04:34:54 INFO FileSourceStrategy: Post-Scan Filters:
[2026-08-21T04:34:54.488+0000] {spark_submit.py:571} INFO - 26/08/21 04:34:54 INFO CodeGenerator: Code generated in 6.599993 ms
[2026-08-21T04:34:54.558+0000] {spark_submit.py:571} INFO - 26/08/21 04:34:54 INFO MemoryStore: Block broadcast_10 stored as values in memory (estimated size 202.7 KiB, free 431.5 MiB)
[2026-08-21T04:34:54.575+0000] {spark_submit.py:571} INFO - 26/08/21 04:34:54 INFO MemoryStore: Block broadcast_10_piece0 stored as bytes in memory (estimated size 35.3 KiB, free 431.5 MiB)
[2026-08-21T04:34:54.579+0000] {spark_submit.py:571} INFO - 26/08/21 04:34:54 INFO BlockManagerInfo: Added broadcast_10_piece0 in memory on c90a551abb73:40427 (size: 35.3 KiB, free: 433.9 MiB)
[2026-08-21T04:34:54.579+0000] {spark_submit.py:571} INFO - 26/08/21 04:34:54 INFO SparkContext: Created broadcast 10 from count at NativeMethodAccessorImpl.java:0
[2026-08-21T04:34:54.591+0000] {spark_submit.py:571} INFO - 26/08/21 04:34:54 INFO FileSourceScanExec: Planning scan with bin packing, max size: 4194304 bytes, open cost is considered as scanning 4194304 bytes.
[2026-08-21T04:34:54.597+0000] {spark_submit.py:571} INFO - 26/08/21 04:34:54 INFO DAGScheduler: Registering RDD 30 (count at NativeMethodAccessorImpl.java:0) as input to shuffle 2
[2026-08-21T04:34:54.597+0000] {spark_submit.py:571} INFO - 26/08/21 04:34:54 INFO DAGScheduler: Got map stage job 6 (count at NativeMethodAccessorImpl.java:0) with 2 output partitions
[2026-08-21T04:34:54.597+0000] {spark_submit.py:571} INFO - 26/08/21 04:34:54 INFO DAGScheduler: Final stage: ShuffleMapStage 10 (count at NativeMethodAccessorImpl.java:0)
[2026-08-21T04:34:54.598+0000] {spark_submit.py:571} INFO - 26/08/21 04:34:54 INFO DAGScheduler: Parents of final stage: List()
[2026-08-21T04:34:54.598+0000] {spark_submit.py:571} INFO - 26/08/21 04:34:54 INFO DAGScheduler: Missing parents: List()
[2026-08-21T04:34:54.598+0000] {spark_submit.py:571} INFO - 26/08/21 04:34:54 INFO DAGScheduler: Submitting ShuffleMapStage 10 (MapPartitionsRDD[30] at count at NativeMethodAccessorImpl.java:0), which has no missing parents
[2026-08-21T04:34:54.613+0000] {spark_submit.py:571} INFO - 26/08/21 04:34:54 INFO MemoryStore: Block broadcast_11 stored as values in memory (estimated size 22.1 KiB, free 431.5 MiB)
[2026-08-21T04:34:54.614+0000] {spark_submit.py:571} INFO - 26/08/21 04:34:54 INFO MemoryStore: Block broadcast_11_piece0 stored as bytes in memory (estimated size 9.6 KiB, free 431.5 MiB)
[2026-08-21T04:34:54.614+0000] {spark_submit.py:571} INFO - 26/08/21 04:34:54 INFO BlockManagerInfo: Added broadcast_11_piece0 in memory on c90a551abb73:40427 (size: 9.6 KiB, free: 433.9 MiB)
[2026-08-21T04:34:54.616+0000] {spark_submit.py:571} INFO - 26/08/21 04:34:54 INFO SparkContext: Created broadcast 11 from broadcast at DAGScheduler.scala:1585
[2026-08-21T04:34:54.616+0000] {spark_submit.py:571} INFO - 26/08/21 04:34:54 INFO DAGScheduler: Submitting 2 missing tasks from ShuffleMapStage 10 (MapPartitionsRDD[30] at count at NativeMethodAccessorImpl.java:0) (first 15 tasks are for partitions Vector(0, 1))
[2026-08-21T04:34:54.616+0000] {spark_submit.py:571} INFO - 26/08/21 04:34:54 INFO TaskSchedulerImpl: Adding task set 10.0 with 2 tasks resource profile 0
[2026-08-21T04:34:54.617+0000] {spark_submit.py:571} INFO - 26/08/21 04:34:54 INFO TaskSetManager: Starting task 0.0 in stage 10.0 (TID 106) (172.18.0.6, executor 0, partition 0, PROCESS_LOCAL, 8377 bytes)
[2026-08-21T04:34:54.617+0000] {spark_submit.py:571} INFO - 26/08/21 04:34:54 INFO TaskSetManager: Starting task 1.0 in stage 10.0 (TID 107) (172.18.0.7, executor 1, partition 1, PROCESS_LOCAL, 8377 bytes)
[2026-08-21T04:34:54.635+0000] {spark_submit.py:571} INFO - 26/08/21 04:34:54 INFO BlockManagerInfo: Added broadcast_11_piece0 in memory on 172.18.0.6:40477 (size: 9.6 KiB, free: 433.9 MiB)
[2026-08-21T04:34:54.651+0000] {spark_submit.py:571} INFO - 26/08/21 04:34:54 INFO BlockManagerInfo: Added broadcast_11_piece0 in memory on 172.18.0.7:33475 (size: 9.6 KiB, free: 434.1 MiB)
[2026-08-21T04:34:54.751+0000] {spark_submit.py:571} INFO - 26/08/21 04:34:54 INFO BlockManagerInfo: Added broadcast_10_piece0 in memory on 172.18.0.6:40477 (size: 35.3 KiB, free: 433.9 MiB)
[2026-08-21T04:34:54.784+0000] {spark_submit.py:571} INFO - 26/08/21 04:34:54 INFO BlockManagerInfo: Added broadcast_10_piece0 in memory on 172.18.0.7:33475 (size: 35.3 KiB, free: 434.0 MiB)
[2026-08-21T04:34:55.310+0000] {spark_submit.py:571} INFO - 26/08/21 04:34:55 INFO TaskSetManager: Finished task 0.0 in stage 10.0 (TID 106) in 692 ms on 172.18.0.6 (executor 0) (1/2)
[2026-08-21T04:34:55.315+0000] {spark_submit.py:571} INFO - 26/08/21 04:34:55 INFO TaskSetManager: Finished task 1.0 in stage 10.0 (TID 107) in 698 ms on 172.18.0.7 (executor 1) (2/2)
[2026-08-21T04:34:55.316+0000] {spark_submit.py:571} INFO - 26/08/21 04:34:55 INFO TaskSchedulerImpl: Removed TaskSet 10.0, whose tasks have all completed, from pool
[2026-08-21T04:34:55.316+0000] {spark_submit.py:571} INFO - 26/08/21 04:34:55 INFO DAGScheduler: ShuffleMapStage 10 (count at NativeMethodAccessorImpl.java:0) finished in 0.718 s
[2026-08-21T04:34:55.316+0000] {spark_submit.py:571} INFO - 26/08/21 04:34:55 INFO DAGScheduler: looking for newly runnable stages
[2026-08-21T04:34:55.316+0000] {spark_submit.py:571} INFO - 26/08/21 04:34:55 INFO DAGScheduler: running: Set()
[2026-08-21T04:34:55.317+0000] {spark_submit.py:571} INFO - 26/08/21 04:34:55 INFO DAGScheduler: waiting: Set()
[2026-08-21T04:34:55.317+0000] {spark_submit.py:571} INFO - 26/08/21 04:34:55 INFO DAGScheduler: failed: Set()
[2026-08-21T04:34:55.338+0000] {spark_submit.py:571} INFO - 26/08/21 04:34:55 INFO CodeGenerator: Code generated in 10.142989 ms
[2026-08-21T04:34:55.353+0000] {spark_submit.py:571} INFO - 26/08/21 04:34:55 INFO SparkContext: Starting job: count at NativeMethodAccessorImpl.java:0
[2026-08-21T04:34:55.356+0000] {spark_submit.py:571} INFO - 26/08/21 04:34:55 INFO DAGScheduler: Got job 7 (count at NativeMethodAccessorImpl.java:0) with 1 output partitions
[2026-08-21T04:34:55.358+0000] {spark_submit.py:571} INFO - 26/08/21 04:34:55 INFO DAGScheduler: Final stage: ResultStage 12 (count at NativeMethodAccessorImpl.java:0)
[2026-08-21T04:34:55.360+0000] {spark_submit.py:571} INFO - 26/08/21 04:34:55 INFO DAGScheduler: Parents of final stage: List(ShuffleMapStage 11)
[2026-08-21T04:34:55.362+0000] {spark_submit.py:571} INFO - 26/08/21 04:34:55 INFO DAGScheduler: Missing parents: List()
[2026-08-21T04:34:55.362+0000] {spark_submit.py:571} INFO - 26/08/21 04:34:55 INFO DAGScheduler: Submitting ResultStage 12 (MapPartitionsRDD[33] at count at NativeMethodAccessorImpl.java:0), which has no missing parents
[2026-08-21T04:34:55.363+0000] {spark_submit.py:571} INFO - 26/08/21 04:34:55 INFO MemoryStore: Block broadcast_12 stored as values in memory (estimated size 12.5 KiB, free 431.5 MiB)
[2026-08-21T04:34:55.363+0000] {spark_submit.py:571} INFO - 26/08/21 04:34:55 INFO MemoryStore: Block broadcast_12_piece0 stored as bytes in memory (estimated size 5.9 KiB, free 431.5 MiB)
[2026-08-21T04:34:55.363+0000] {spark_submit.py:571} INFO - 26/08/21 04:34:55 INFO BlockManagerInfo: Added broadcast_12_piece0 in memory on c90a551abb73:40427 (size: 5.9 KiB, free: 433.9 MiB)
[2026-08-21T04:34:55.364+0000] {spark_submit.py:571} INFO - 26/08/21 04:34:55 INFO SparkContext: Created broadcast 12 from broadcast at DAGScheduler.scala:1585
[2026-08-21T04:34:55.366+0000] {spark_submit.py:571} INFO - 26/08/21 04:34:55 INFO DAGScheduler: Submitting 1 missing tasks from ResultStage 12 (MapPartitionsRDD[33] at count at NativeMethodAccessorImpl.java:0) (first 15 tasks are for partitions Vector(0))
[2026-08-21T04:34:55.366+0000] {spark_submit.py:571} INFO - 26/08/21 04:34:55 INFO TaskSchedulerImpl: Adding task set 12.0 with 1 tasks resource profile 0
[2026-08-21T04:34:55.366+0000] {spark_submit.py:571} INFO - 26/08/21 04:34:55 INFO TaskSetManager: Starting task 0.0 in stage 12.0 (TID 108) (172.18.0.7, executor 1, partition 0, NODE_LOCAL, 7619 bytes)
[2026-08-21T04:34:55.380+0000] {spark_submit.py:571} INFO - 26/08/21 04:34:55 INFO BlockManagerInfo: Added broadcast_12_piece0 in memory on 172.18.0.7:33475 (size: 5.9 KiB, free: 434.0 MiB)
[2026-08-21T04:34:55.386+0000] {spark_submit.py:571} INFO - 26/08/21 04:34:55 INFO MapOutputTrackerMasterEndpoint: Asked to send map output locations for shuffle 2 to 172.18.0.7:58772
[2026-08-21T04:34:55.437+0000] {spark_submit.py:571} INFO - 26/08/21 04:34:55 INFO TaskSetManager: Finished task 0.0 in stage 12.0 (TID 108) in 72 ms on 172.18.0.7 (executor 1) (1/1)
[2026-08-21T04:34:55.437+0000] {spark_submit.py:571} INFO - 26/08/21 04:34:55 INFO TaskSchedulerImpl: Removed TaskSet 12.0, whose tasks have all completed, from pool
[2026-08-21T04:34:55.439+0000] {spark_submit.py:571} INFO - 26/08/21 04:34:55 INFO DAGScheduler: ResultStage 12 (count at NativeMethodAccessorImpl.java:0) finished in 0.079 s
[2026-08-21T04:34:55.440+0000] {spark_submit.py:571} INFO - 26/08/21 04:34:55 INFO DAGScheduler: Job 7 is finished. Cancelling potential speculative or zombie tasks for this job
[2026-08-21T04:34:55.440+0000] {spark_submit.py:571} INFO - 26/08/21 04:34:55 INFO TaskSchedulerImpl: Killing all running tasks in stage 12: Stage finished
[2026-08-21T04:34:55.441+0000] {spark_submit.py:571} INFO - 26/08/21 04:34:55 INFO DAGScheduler: Job 7 finished: count at NativeMethodAccessorImpl.java:0, took 0.087031 s
[2026-08-21T04:34:55.542+0000] {spark_submit.py:571} INFO - 26/08/21 04:34:55 INFO PrepareDeltaScan: DELTA: Filtering files for query
[2026-08-21T04:34:55.848+0000] {spark_submit.py:571} INFO - 26/08/21 04:34:55 INFO CodeGenerator: Code generated in 101.325338 ms
[2026-08-21T04:34:55.985+0000] {spark_submit.py:571} INFO - 26/08/21 04:34:55 INFO BlockManagerInfo: Removed broadcast_12_piece0 on c90a551abb73:40427 in memory (size: 5.9 KiB, free: 433.9 MiB)
[2026-08-21T04:34:55.992+0000] {spark_submit.py:571} INFO - 26/08/21 04:34:55 INFO BlockManagerInfo: Removed broadcast_12_piece0 on 172.18.0.7:33475 in memory (size: 5.9 KiB, free: 434.0 MiB)
[2026-08-21T04:34:55.998+0000] {spark_submit.py:571} INFO - 26/08/21 04:34:55 INFO BlockManagerInfo: Removed broadcast_8_piece0 on c90a551abb73:40427 in memory (size: 137.9 KiB, free: 434.0 MiB)
[2026-08-21T04:34:56.001+0000] {spark_submit.py:571} INFO - 26/08/21 04:34:56 INFO BlockManagerInfo: Removed broadcast_8_piece0 on 172.18.0.6:40477 in memory (size: 137.9 KiB, free: 434.0 MiB)
[2026-08-21T04:34:56.005+0000] {spark_submit.py:571} INFO - 26/08/21 04:34:56 INFO BlockManagerInfo: Removed broadcast_8_piece0 on 172.18.0.7:33475 in memory (size: 137.9 KiB, free: 434.2 MiB)
[2026-08-21T04:34:56.015+0000] {spark_submit.py:571} INFO - 26/08/21 04:34:56 INFO BlockManagerInfo: Removed broadcast_7_piece0 on 172.18.0.7:33475 in memory (size: 156.0 KiB, free: 434.3 MiB)
[2026-08-21T04:34:56.016+0000] {spark_submit.py:571} INFO - 26/08/21 04:34:56 INFO BlockManagerInfo: Removed broadcast_7_piece0 on 172.18.0.6:40477 in memory (size: 156.0 KiB, free: 434.2 MiB)
[2026-08-21T04:34:56.018+0000] {spark_submit.py:571} INFO - 26/08/21 04:34:56 INFO BlockManagerInfo: Removed broadcast_7_piece0 on c90a551abb73:40427 in memory (size: 156.0 KiB, free: 434.2 MiB)
[2026-08-21T04:34:56.043+0000] {spark_submit.py:571} INFO - 26/08/21 04:34:56 INFO BlockManagerInfo: Removed broadcast_11_piece0 on c90a551abb73:40427 in memory (size: 9.6 KiB, free: 434.2 MiB)
[2026-08-21T04:34:56.046+0000] {spark_submit.py:571} INFO - 26/08/21 04:34:56 INFO BlockManagerInfo: Removed broadcast_11_piece0 on 172.18.0.6:40477 in memory (size: 9.6 KiB, free: 434.2 MiB)
[2026-08-21T04:34:56.055+0000] {spark_submit.py:571} INFO - 26/08/21 04:34:56 INFO BlockManagerInfo: Removed broadcast_11_piece0 on 172.18.0.7:33475 in memory (size: 9.6 KiB, free: 434.3 MiB)
[2026-08-21T04:34:56.074+0000] {spark_submit.py:571} INFO - 26/08/21 04:34:56 INFO BlockManagerInfo: Removed broadcast_9_piece0 on c90a551abb73:40427 in memory (size: 124.5 KiB, free: 434.3 MiB)
[2026-08-21T04:34:56.076+0000] {spark_submit.py:571} INFO - 26/08/21 04:34:56 INFO BlockManagerInfo: Removed broadcast_9_piece0 on 172.18.0.6:40477 in memory (size: 124.5 KiB, free: 434.3 MiB)
[2026-08-21T04:34:56.094+0000] {spark_submit.py:571} INFO - 26/08/21 04:34:56 INFO CodeGenerator: Generated method too long to be JIT compiled: org.apache.spark.sql.catalyst.expressions.GeneratedClass$GeneratedIteratorForCodegenStage1.processNext is 9526 bytes
[2026-08-21T04:34:56.095+0000] {spark_submit.py:571} INFO - 26/08/21 04:34:56 INFO CodeGenerator: Code generated in 100.075699 ms
[2026-08-21T04:34:56.120+0000] {spark_submit.py:571} INFO - 26/08/21 04:34:56 INFO SparkContext: Starting job: $anonfun$recordDeltaOperationInternal$1 at DatabricksLogging.scala:128
[2026-08-21T04:34:56.122+0000] {spark_submit.py:571} INFO - 26/08/21 04:34:56 INFO DAGScheduler: Got job 8 ($anonfun$recordDeltaOperationInternal$1 at DatabricksLogging.scala:128) with 50 output partitions
[2026-08-21T04:34:56.122+0000] {spark_submit.py:571} INFO - 26/08/21 04:34:56 INFO DAGScheduler: Final stage: ResultStage 14 ($anonfun$recordDeltaOperationInternal$1 at DatabricksLogging.scala:128)
[2026-08-21T04:34:56.122+0000] {spark_submit.py:571} INFO - 26/08/21 04:34:56 INFO DAGScheduler: Parents of final stage: List(ShuffleMapStage 13)
[2026-08-21T04:34:56.124+0000] {spark_submit.py:571} INFO - 26/08/21 04:34:56 INFO DAGScheduler: Missing parents: List()
[2026-08-21T04:34:56.125+0000] {spark_submit.py:571} INFO - 26/08/21 04:34:56 INFO DAGScheduler: Submitting ResultStage 14 (MapPartitionsRDD[39] at $anonfun$recordDeltaOperationInternal$1 at DatabricksLogging.scala:128), which has no missing parents
[2026-08-21T04:34:56.132+0000] {spark_submit.py:571} INFO - 26/08/21 04:34:56 INFO MemoryStore: Block broadcast_13 stored as values in memory (estimated size 779.9 KiB, free 432.9 MiB)
[2026-08-21T04:34:56.134+0000] {spark_submit.py:571} INFO - 26/08/21 04:34:56 INFO MemoryStore: Block broadcast_13_piece0 stored as bytes in memory (estimated size 180.5 KiB, free 432.8 MiB)
[2026-08-21T04:34:56.135+0000] {spark_submit.py:571} INFO - 26/08/21 04:34:56 INFO BlockManagerInfo: Added broadcast_13_piece0 in memory on c90a551abb73:40427 (size: 180.5 KiB, free: 434.1 MiB)
[2026-08-21T04:34:56.135+0000] {spark_submit.py:571} INFO - 26/08/21 04:34:56 INFO SparkContext: Created broadcast 13 from broadcast at DAGScheduler.scala:1585
[2026-08-21T04:34:56.137+0000] {spark_submit.py:571} INFO - 26/08/21 04:34:56 INFO DAGScheduler: Submitting 50 missing tasks from ResultStage 14 (MapPartitionsRDD[39] at $anonfun$recordDeltaOperationInternal$1 at DatabricksLogging.scala:128) (first 15 tasks are for partitions Vector(0, 1, 2, 3, 4, 5, 6, 7, 8, 9, 10, 11, 12, 13, 14))
[2026-08-21T04:34:56.137+0000] {spark_submit.py:571} INFO - 26/08/21 04:34:56 INFO TaskSchedulerImpl: Adding task set 14.0 with 50 tasks resource profile 0
[2026-08-21T04:34:56.138+0000] {spark_submit.py:571} INFO - 26/08/21 04:34:56 INFO TaskSetManager: Starting task 1.0 in stage 14.0 (TID 109) (172.18.0.6, executor 0, partition 1, PROCESS_LOCAL, 7619 bytes)
[2026-08-21T04:34:56.138+0000] {spark_submit.py:571} INFO - 26/08/21 04:34:56 INFO TaskSetManager: Starting task 0.0 in stage 14.0 (TID 110) (172.18.0.7, executor 1, partition 0, PROCESS_LOCAL, 7619 bytes)
[2026-08-21T04:34:56.138+0000] {spark_submit.py:571} INFO - 26/08/21 04:34:56 INFO TaskSetManager: Starting task 2.0 in stage 14.0 (TID 111) (172.18.0.6, executor 0, partition 2, PROCESS_LOCAL, 7619 bytes)
[2026-08-21T04:34:56.138+0000] {spark_submit.py:571} INFO - 26/08/21 04:34:56 INFO TaskSetManager: Starting task 4.0 in stage 14.0 (TID 112) (172.18.0.7, executor 1, partition 4, PROCESS_LOCAL, 7619 bytes)
[2026-08-21T04:34:56.152+0000] {spark_submit.py:571} INFO - 26/08/21 04:34:56 INFO BlockManagerInfo: Added broadcast_13_piece0 in memory on 172.18.0.7:33475 (size: 180.5 KiB, free: 434.2 MiB)
[2026-08-21T04:34:56.169+0000] {spark_submit.py:571} INFO - 26/08/21 04:34:56 INFO BlockManagerInfo: Added broadcast_13_piece0 in memory on 172.18.0.6:40477 (size: 180.5 KiB, free: 434.2 MiB)
[2026-08-21T04:34:56.437+0000] {spark_submit.py:571} INFO - 26/08/21 04:34:56 INFO BlockManagerInfo: Added rdd_37_1 in memory on 172.18.0.6:40477 (size: 46.0 B, free: 434.2 MiB)
[2026-08-21T04:34:56.439+0000] {spark_submit.py:571} INFO - 26/08/21 04:34:56 INFO BlockManagerInfo: Added rdd_37_2 in memory on 172.18.0.6:40477 (size: 46.0 B, free: 434.2 MiB)
[2026-08-21T04:34:56.577+0000] {spark_submit.py:571} INFO - 26/08/21 04:34:56 INFO TaskSetManager: Starting task 3.0 in stage 14.0 (TID 113) (172.18.0.6, executor 0, partition 3, PROCESS_LOCAL, 7619 bytes)
[2026-08-21T04:34:56.580+0000] {spark_submit.py:571} INFO - 26/08/21 04:34:56 INFO TaskSetManager: Finished task 2.0 in stage 14.0 (TID 111) in 440 ms on 172.18.0.6 (executor 0) (1/50)
[2026-08-21T04:34:56.583+0000] {spark_submit.py:571} INFO - 26/08/21 04:34:56 INFO TaskSetManager: Starting task 6.0 in stage 14.0 (TID 114) (172.18.0.6, executor 0, partition 6, PROCESS_LOCAL, 7619 bytes)
[2026-08-21T04:34:56.586+0000] {spark_submit.py:571} INFO - 26/08/21 04:34:56 INFO TaskSetManager: Finished task 1.0 in stage 14.0 (TID 109) in 448 ms on 172.18.0.6 (executor 0) (2/50)
[2026-08-21T04:34:56.610+0000] {spark_submit.py:571} INFO - 26/08/21 04:34:56 INFO BlockManagerInfo: Added rdd_37_4 in memory on 172.18.0.7:33475 (size: 46.0 B, free: 434.2 MiB)
[2026-08-21T04:34:56.664+0000] {spark_submit.py:571} INFO - 26/08/21 04:34:56 INFO BlockManagerInfo: Added rdd_37_6 in memory on 172.18.0.6:40477 (size: 46.0 B, free: 434.2 MiB)
[2026-08-21T04:34:56.668+0000] {spark_submit.py:571} INFO - 26/08/21 04:34:56 INFO BlockManagerInfo: Added rdd_37_3 in memory on 172.18.0.6:40477 (size: 46.0 B, free: 434.2 MiB)
[2026-08-21T04:34:56.678+0000] {spark_submit.py:571} INFO - 26/08/21 04:34:56 INFO TaskSetManager: Starting task 8.0 in stage 14.0 (TID 115) (172.18.0.6, executor 0, partition 8, PROCESS_LOCAL, 7619 bytes)
[2026-08-21T04:34:56.681+0000] {spark_submit.py:571} INFO - 26/08/21 04:34:56 INFO BlockManagerInfo: Added rdd_37_0 in memory on 172.18.0.7:33475 (size: 859.0 B, free: 434.2 MiB)
[2026-08-21T04:34:56.682+0000] {spark_submit.py:571} INFO - 26/08/21 04:34:56 INFO TaskSetManager: Finished task 6.0 in stage 14.0 (TID 114) in 98 ms on 172.18.0.6 (executor 0) (3/50)
[2026-08-21T04:34:56.684+0000] {spark_submit.py:571} INFO - 26/08/21 04:34:56 INFO TaskSetManager: Starting task 9.0 in stage 14.0 (TID 116) (172.18.0.6, executor 0, partition 9, PROCESS_LOCAL, 7619 bytes)
[2026-08-21T04:34:56.685+0000] {spark_submit.py:571} INFO - 26/08/21 04:34:56 INFO TaskSetManager: Finished task 3.0 in stage 14.0 (TID 113) in 111 ms on 172.18.0.6 (executor 0) (4/50)
[2026-08-21T04:34:56.737+0000] {spark_submit.py:571} INFO - 26/08/21 04:34:56 INFO BlockManagerInfo: Added rdd_37_8 in memory on 172.18.0.6:40477 (size: 46.0 B, free: 434.2 MiB)
[2026-08-21T04:34:56.746+0000] {spark_submit.py:571} INFO - 26/08/21 04:34:56 INFO TaskSetManager: Starting task 12.0 in stage 14.0 (TID 117) (172.18.0.6, executor 0, partition 12, PROCESS_LOCAL, 7619 bytes)
[2026-08-21T04:34:56.749+0000] {spark_submit.py:571} INFO - 26/08/21 04:34:56 INFO BlockManagerInfo: Added rdd_37_9 in memory on 172.18.0.6:40477 (size: 46.0 B, free: 434.2 MiB)
[2026-08-21T04:34:56.757+0000] {spark_submit.py:571} INFO - 26/08/21 04:34:56 INFO TaskSetManager: Finished task 8.0 in stage 14.0 (TID 115) in 70 ms on 172.18.0.6 (executor 0) (5/50)
[2026-08-21T04:34:56.757+0000] {spark_submit.py:571} INFO - 26/08/21 04:34:56 INFO TaskSetManager: Starting task 5.0 in stage 14.0 (TID 118) (172.18.0.7, executor 1, partition 5, PROCESS_LOCAL, 7619 bytes)
[2026-08-21T04:34:56.758+0000] {spark_submit.py:571} INFO - 26/08/21 04:34:56 INFO TaskSetManager: Finished task 4.0 in stage 14.0 (TID 112) in 613 ms on 172.18.0.7 (executor 1) (6/50)
[2026-08-21T04:34:56.773+0000] {spark_submit.py:571} INFO - 26/08/21 04:34:56 INFO TaskSetManager: Starting task 13.0 in stage 14.0 (TID 119) (172.18.0.6, executor 0, partition 13, PROCESS_LOCAL, 7619 bytes)
[2026-08-21T04:34:56.776+0000] {spark_submit.py:571} INFO - 26/08/21 04:34:56 INFO TaskSetManager: Finished task 9.0 in stage 14.0 (TID 116) in 88 ms on 172.18.0.6 (executor 0) (7/50)
[2026-08-21T04:34:56.777+0000] {spark_submit.py:571} INFO - 26/08/21 04:34:56 INFO TaskSetManager: Starting task 7.0 in stage 14.0 (TID 120) (172.18.0.7, executor 1, partition 7, PROCESS_LOCAL, 7619 bytes)
[2026-08-21T04:34:56.781+0000] {spark_submit.py:571} INFO - 26/08/21 04:34:56 INFO TaskSetManager: Finished task 0.0 in stage 14.0 (TID 110) in 641 ms on 172.18.0.7 (executor 1) (8/50)
[2026-08-21T04:34:56.815+0000] {spark_submit.py:571} INFO - 26/08/21 04:34:56 INFO BlockManagerInfo: Added rdd_37_12 in memory on 172.18.0.6:40477 (size: 46.0 B, free: 434.2 MiB)
[2026-08-21T04:34:56.818+0000] {spark_submit.py:571} INFO - 26/08/21 04:34:56 INFO BlockManagerInfo: Added rdd_37_5 in memory on 172.18.0.7:33475 (size: 46.0 B, free: 434.2 MiB)
[2026-08-21T04:34:56.831+0000] {spark_submit.py:571} INFO - 26/08/21 04:34:56 INFO TaskSetManager: Starting task 17.0 in stage 14.0 (TID 121) (172.18.0.6, executor 0, partition 17, PROCESS_LOCAL, 7619 bytes)
[2026-08-21T04:34:56.835+0000] {spark_submit.py:571} INFO - 26/08/21 04:34:56 INFO TaskSetManager: Finished task 12.0 in stage 14.0 (TID 117) in 87 ms on 172.18.0.6 (executor 0) (9/50)
[2026-08-21T04:34:56.836+0000] {spark_submit.py:571} INFO - 26/08/21 04:34:56 INFO TaskSetManager: Starting task 10.0 in stage 14.0 (TID 122) (172.18.0.7, executor 1, partition 10, PROCESS_LOCAL, 7619 bytes)
[2026-08-21T04:34:56.837+0000] {spark_submit.py:571} INFO - 26/08/21 04:34:56 INFO TaskSetManager: Finished task 5.0 in stage 14.0 (TID 118) in 87 ms on 172.18.0.7 (executor 1) (10/50)
[2026-08-21T04:34:56.843+0000] {spark_submit.py:571} INFO - 26/08/21 04:34:56 INFO BlockManagerInfo: Added rdd_37_13 in memory on 172.18.0.6:40477 (size: 46.0 B, free: 434.2 MiB)
[2026-08-21T04:34:56.865+0000] {spark_submit.py:571} INFO - 26/08/21 04:34:56 INFO BlockManagerInfo: Added rdd_37_7 in memory on 172.18.0.7:33475 (size: 46.0 B, free: 434.2 MiB)
[2026-08-21T04:34:56.872+0000] {spark_submit.py:571} INFO - 26/08/21 04:34:56 INFO TaskSetManager: Starting task 18.0 in stage 14.0 (TID 123) (172.18.0.6, executor 0, partition 18, PROCESS_LOCAL, 7619 bytes)
[2026-08-21T04:34:56.873+0000] {spark_submit.py:571} INFO - 26/08/21 04:34:56 INFO TaskSetManager: Finished task 13.0 in stage 14.0 (TID 119) in 104 ms on 172.18.0.6 (executor 0) (11/50)
[2026-08-21T04:34:56.880+0000] {spark_submit.py:571} INFO - 26/08/21 04:34:56 INFO TaskSetManager: Starting task 11.0 in stage 14.0 (TID 124) (172.18.0.7, executor 1, partition 11, PROCESS_LOCAL, 7619 bytes)
[2026-08-21T04:34:56.886+0000] {spark_submit.py:571} INFO - 26/08/21 04:34:56 INFO TaskSetManager: Finished task 7.0 in stage 14.0 (TID 120) in 110 ms on 172.18.0.7 (executor 1) (12/50)
[2026-08-21T04:34:56.911+0000] {spark_submit.py:571} INFO - 26/08/21 04:34:56 INFO BlockManagerInfo: Added rdd_37_18 in memory on 172.18.0.6:40477 (size: 46.0 B, free: 434.2 MiB)
[2026-08-21T04:34:56.914+0000] {spark_submit.py:571} INFO - 26/08/21 04:34:56 INFO BlockManagerInfo: Added rdd_37_10 in memory on 172.18.0.7:33475 (size: 46.0 B, free: 434.2 MiB)
[2026-08-21T04:34:56.922+0000] {spark_submit.py:571} INFO - 26/08/21 04:34:56 INFO BlockManagerInfo: Added rdd_37_17 in memory on 172.18.0.6:40477 (size: 46.0 B, free: 434.2 MiB)
[2026-08-21T04:34:56.924+0000] {spark_submit.py:571} INFO - 26/08/21 04:34:56 INFO TaskSetManager: Starting task 21.0 in stage 14.0 (TID 125) (172.18.0.6, executor 0, partition 21, PROCESS_LOCAL, 7619 bytes)
[2026-08-21T04:34:56.925+0000] {spark_submit.py:571} INFO - 26/08/21 04:34:56 INFO TaskSetManager: Finished task 18.0 in stage 14.0 (TID 123) in 55 ms on 172.18.0.6 (executor 0) (13/50)
[2026-08-21T04:34:56.926+0000] {spark_submit.py:571} INFO - 26/08/21 04:34:56 INFO TaskSetManager: Starting task 14.0 in stage 14.0 (TID 126) (172.18.0.7, executor 1, partition 14, PROCESS_LOCAL, 7619 bytes)
[2026-08-21T04:34:56.929+0000] {spark_submit.py:571} INFO - 26/08/21 04:34:56 INFO TaskSetManager: Finished task 10.0 in stage 14.0 (TID 122) in 93 ms on 172.18.0.7 (executor 1) (14/50)
[2026-08-21T04:34:56.939+0000] {spark_submit.py:571} INFO - 26/08/21 04:34:56 INFO TaskSetManager: Starting task 22.0 in stage 14.0 (TID 127) (172.18.0.6, executor 0, partition 22, PROCESS_LOCAL, 7619 bytes)
[2026-08-21T04:34:56.944+0000] {spark_submit.py:571} INFO - 26/08/21 04:34:56 INFO TaskSetManager: Finished task 17.0 in stage 14.0 (TID 121) in 111 ms on 172.18.0.6 (executor 0) (15/50)
[2026-08-21T04:34:56.951+0000] {spark_submit.py:571} INFO - 26/08/21 04:34:56 INFO BlockManagerInfo: Added rdd_37_11 in memory on 172.18.0.7:33475 (size: 847.0 B, free: 434.2 MiB)
[2026-08-21T04:34:56.975+0000] {spark_submit.py:571} INFO - 26/08/21 04:34:56 INFO TaskSetManager: Starting task 15.0 in stage 14.0 (TID 128) (172.18.0.7, executor 1, partition 15, PROCESS_LOCAL, 7619 bytes)
[2026-08-21T04:34:56.977+0000] {spark_submit.py:571} INFO - 26/08/21 04:34:56 INFO TaskSetManager: Finished task 11.0 in stage 14.0 (TID 124) in 98 ms on 172.18.0.7 (executor 1) (16/50)
[2026-08-21T04:34:56.979+0000] {spark_submit.py:571} INFO - 26/08/21 04:34:56 INFO BlockManagerInfo: Added rdd_37_21 in memory on 172.18.0.6:40477 (size: 46.0 B, free: 434.2 MiB)
[2026-08-21T04:34:56.991+0000] {spark_submit.py:571} INFO - 26/08/21 04:34:56 INFO TaskSetManager: Starting task 24.0 in stage 14.0 (TID 129) (172.18.0.6, executor 0, partition 24, PROCESS_LOCAL, 7619 bytes)
[2026-08-21T04:34:56.992+0000] {spark_submit.py:571} INFO - 26/08/21 04:34:56 INFO BlockManagerInfo: Added rdd_37_14 in memory on 172.18.0.7:33475 (size: 46.0 B, free: 434.2 MiB)
[2026-08-21T04:34:56.993+0000] {spark_submit.py:571} INFO - 26/08/21 04:34:56 INFO TaskSetManager: Finished task 21.0 in stage 14.0 (TID 125) in 67 ms on 172.18.0.6 (executor 0) (17/50)
[2026-08-21T04:34:57.005+0000] {spark_submit.py:571} INFO - 26/08/21 04:34:57 INFO TaskSetManager: Starting task 16.0 in stage 14.0 (TID 130) (172.18.0.7, executor 1, partition 16, PROCESS_LOCAL, 7619 bytes)
[2026-08-21T04:34:57.007+0000] {spark_submit.py:571} INFO - 26/08/21 04:34:57 INFO TaskSetManager: Finished task 14.0 in stage 14.0 (TID 126) in 81 ms on 172.18.0.7 (executor 1) (18/50)
[2026-08-21T04:34:57.010+0000] {spark_submit.py:571} INFO - 26/08/21 04:34:57 INFO BlockManagerInfo: Added rdd_37_22 in memory on 172.18.0.6:40477 (size: 46.0 B, free: 434.2 MiB)
[2026-08-21T04:34:57.033+0000] {spark_submit.py:571} INFO - 26/08/21 04:34:57 INFO BlockManagerInfo: Added rdd_37_15 in memory on 172.18.0.7:33475 (size: 46.0 B, free: 434.2 MiB)
[2026-08-21T04:34:57.048+0000] {spark_submit.py:571} INFO - 26/08/21 04:34:57 INFO TaskSetManager: Starting task 19.0 in stage 14.0 (TID 131) (172.18.0.7, executor 1, partition 19, PROCESS_LOCAL, 7619 bytes)
[2026-08-21T04:34:57.052+0000] {spark_submit.py:571} INFO - 26/08/21 04:34:57 INFO TaskSetManager: Finished task 15.0 in stage 14.0 (TID 128) in 75 ms on 172.18.0.7 (executor 1) (19/50)
[2026-08-21T04:34:57.058+0000] {spark_submit.py:571} INFO - 26/08/21 04:34:57 INFO TaskSetManager: Starting task 26.0 in stage 14.0 (TID 132) (172.18.0.6, executor 0, partition 26, PROCESS_LOCAL, 7619 bytes)
[2026-08-21T04:34:57.061+0000] {spark_submit.py:571} INFO - 26/08/21 04:34:57 INFO TaskSetManager: Finished task 22.0 in stage 14.0 (TID 127) in 117 ms on 172.18.0.6 (executor 0) (20/50)
[2026-08-21T04:34:57.070+0000] {spark_submit.py:571} INFO - 26/08/21 04:34:57 INFO BlockManagerInfo: Added rdd_37_16 in memory on 172.18.0.7:33475 (size: 46.0 B, free: 434.2 MiB)
[2026-08-21T04:34:57.082+0000] {spark_submit.py:571} INFO - 26/08/21 04:34:57 INFO TaskSetManager: Starting task 20.0 in stage 14.0 (TID 133) (172.18.0.7, executor 1, partition 20, PROCESS_LOCAL, 7619 bytes)
[2026-08-21T04:34:57.083+0000] {spark_submit.py:571} INFO - 26/08/21 04:34:57 INFO TaskSetManager: Finished task 16.0 in stage 14.0 (TID 130) in 80 ms on 172.18.0.7 (executor 1) (21/50)
[2026-08-21T04:34:57.118+0000] {spark_submit.py:571} INFO - 26/08/21 04:34:57 INFO BlockManagerInfo: Added rdd_37_26 in memory on 172.18.0.6:40477 (size: 46.0 B, free: 434.2 MiB)
[2026-08-21T04:34:57.120+0000] {spark_submit.py:571} INFO - 26/08/21 04:34:57 INFO BlockManagerInfo: Added rdd_37_19 in memory on 172.18.0.7:33475 (size: 46.0 B, free: 434.2 MiB)
[2026-08-21T04:34:57.121+0000] {spark_submit.py:571} INFO - 26/08/21 04:34:57 INFO TaskSetManager: Starting task 27.0 in stage 14.0 (TID 134) (172.18.0.6, executor 0, partition 27, PROCESS_LOCAL, 7619 bytes)
[2026-08-21T04:34:57.121+0000] {spark_submit.py:571} INFO - 26/08/21 04:34:57 INFO TaskSetManager: Finished task 26.0 in stage 14.0 (TID 132) in 65 ms on 172.18.0.6 (executor 0) (22/50)
[2026-08-21T04:34:57.131+0000] {spark_submit.py:571} INFO - 26/08/21 04:34:57 INFO TaskSetManager: Starting task 23.0 in stage 14.0 (TID 135) (172.18.0.7, executor 1, partition 23, PROCESS_LOCAL, 7619 bytes)
[2026-08-21T04:34:57.133+0000] {spark_submit.py:571} INFO - 26/08/21 04:34:57 INFO TaskSetManager: Finished task 19.0 in stage 14.0 (TID 131) in 86 ms on 172.18.0.7 (executor 1) (23/50)
[2026-08-21T04:34:57.142+0000] {spark_submit.py:571} INFO - 26/08/21 04:34:57 INFO BlockManagerInfo: Added rdd_37_24 in memory on 172.18.0.6:40477 (size: 864.0 B, free: 434.1 MiB)
[2026-08-21T04:34:57.154+0000] {spark_submit.py:571} INFO - 26/08/21 04:34:57 INFO BlockManagerInfo: Added rdd_37_20 in memory on 172.18.0.7:33475 (size: 46.0 B, free: 434.1 MiB)
[2026-08-21T04:34:57.164+0000] {spark_submit.py:571} INFO - 26/08/21 04:34:57 INFO TaskSetManager: Starting task 25.0 in stage 14.0 (TID 136) (172.18.0.7, executor 1, partition 25, PROCESS_LOCAL, 7619 bytes)
[2026-08-21T04:34:57.178+0000] {spark_submit.py:571} INFO - 26/08/21 04:34:57 INFO TaskSetManager: Finished task 20.0 in stage 14.0 (TID 133) in 94 ms on 172.18.0.7 (executor 1) (24/50)
[2026-08-21T04:34:57.192+0000] {spark_submit.py:571} INFO - 26/08/21 04:34:57 INFO BlockManagerInfo: Added rdd_37_27 in memory on 172.18.0.6:40477 (size: 46.0 B, free: 434.1 MiB)
[2026-08-21T04:34:57.205+0000] {spark_submit.py:571} INFO - 26/08/21 04:34:57 INFO TaskSetManager: Starting task 28.0 in stage 14.0 (TID 137) (172.18.0.6, executor 0, partition 28, PROCESS_LOCAL, 7619 bytes)
[2026-08-21T04:34:57.206+0000] {spark_submit.py:571} INFO - 26/08/21 04:34:57 INFO TaskSetManager: Finished task 24.0 in stage 14.0 (TID 129) in 214 ms on 172.18.0.6 (executor 0) (25/50)
[2026-08-21T04:34:57.212+0000] {spark_submit.py:571} INFO - 26/08/21 04:34:57 INFO BlockManagerInfo: Added rdd_37_25 in memory on 172.18.0.7:33475 (size: 46.0 B, free: 434.1 MiB)
[2026-08-21T04:34:57.217+0000] {spark_submit.py:571} INFO - 26/08/21 04:34:57 INFO TaskSetManager: Starting task 29.0 in stage 14.0 (TID 138) (172.18.0.6, executor 0, partition 29, PROCESS_LOCAL, 7619 bytes)
[2026-08-21T04:34:57.233+0000] {spark_submit.py:571} INFO - 26/08/21 04:34:57 INFO TaskSetManager: Finished task 27.0 in stage 14.0 (TID 134) in 111 ms on 172.18.0.6 (executor 0) (26/50)
[2026-08-21T04:34:57.260+0000] {spark_submit.py:571} INFO - 26/08/21 04:34:57 INFO BlockManagerInfo: Added rdd_37_28 in memory on 172.18.0.6:40477 (size: 46.0 B, free: 434.1 MiB)
[2026-08-21T04:34:57.267+0000] {spark_submit.py:571} INFO - 26/08/21 04:34:57 INFO BlockManagerInfo: Added rdd_37_23 in memory on 172.18.0.7:33475 (size: 46.0 B, free: 434.1 MiB)
[2026-08-21T04:34:57.268+0000] {spark_submit.py:571} INFO - 26/08/21 04:34:57 INFO TaskSetManager: Starting task 32.0 in stage 14.0 (TID 139) (172.18.0.7, executor 1, partition 32, PROCESS_LOCAL, 7619 bytes)
[2026-08-21T04:34:57.269+0000] {spark_submit.py:571} INFO - 26/08/21 04:34:57 INFO TaskSetManager: Finished task 25.0 in stage 14.0 (TID 136) in 106 ms on 172.18.0.7 (executor 1) (27/50)
[2026-08-21T04:34:57.276+0000] {spark_submit.py:571} INFO - 26/08/21 04:34:57 INFO TaskSetManager: Starting task 30.0 in stage 14.0 (TID 140) (172.18.0.6, executor 0, partition 30, PROCESS_LOCAL, 7619 bytes)
[2026-08-21T04:34:57.277+0000] {spark_submit.py:571} INFO - 26/08/21 04:34:57 INFO TaskSetManager: Finished task 28.0 in stage 14.0 (TID 137) in 74 ms on 172.18.0.6 (executor 0) (28/50)
[2026-08-21T04:34:57.290+0000] {spark_submit.py:571} INFO - 26/08/21 04:34:57 INFO BlockManagerInfo: Added rdd_37_29 in memory on 172.18.0.6:40477 (size: 46.0 B, free: 434.1 MiB)
[2026-08-21T04:34:57.294+0000] {spark_submit.py:571} INFO - 26/08/21 04:34:57 INFO TaskSetManager: Starting task 33.0 in stage 14.0 (TID 141) (172.18.0.7, executor 1, partition 33, PROCESS_LOCAL, 7619 bytes)
[2026-08-21T04:34:57.296+0000] {spark_submit.py:571} INFO - 26/08/21 04:34:57 INFO TaskSetManager: Finished task 23.0 in stage 14.0 (TID 135) in 163 ms on 172.18.0.7 (executor 1) (29/50)
[2026-08-21T04:34:57.305+0000] {spark_submit.py:571} INFO - 26/08/21 04:34:57 INFO TaskSetManager: Starting task 31.0 in stage 14.0 (TID 142) (172.18.0.6, executor 0, partition 31, PROCESS_LOCAL, 7619 bytes)
[2026-08-21T04:34:57.306+0000] {spark_submit.py:571} INFO - 26/08/21 04:34:57 INFO TaskSetManager: Finished task 29.0 in stage 14.0 (TID 138) in 88 ms on 172.18.0.6 (executor 0) (30/50)
[2026-08-21T04:34:57.381+0000] {spark_submit.py:571} INFO - 26/08/21 04:34:57 INFO BlockManagerInfo: Added rdd_37_30 in memory on 172.18.0.6:40477 (size: 846.0 B, free: 434.1 MiB)
[2026-08-21T04:34:57.403+0000] {spark_submit.py:571} INFO - 26/08/21 04:34:57 INFO BlockManagerInfo: Added rdd_37_31 in memory on 172.18.0.6:40477 (size: 46.0 B, free: 434.1 MiB)
[2026-08-21T04:34:57.417+0000] {spark_submit.py:571} INFO - 26/08/21 04:34:57 INFO TaskSetManager: Starting task 36.0 in stage 14.0 (TID 143) (172.18.0.6, executor 0, partition 36, PROCESS_LOCAL, 7619 bytes)
[2026-08-21T04:34:57.421+0000] {spark_submit.py:571} INFO - 26/08/21 04:34:57 INFO TaskSetManager: Starting task 37.0 in stage 14.0 (TID 144) (172.18.0.6, executor 0, partition 37, PROCESS_LOCAL, 7619 bytes)
[2026-08-21T04:34:57.425+0000] {spark_submit.py:571} INFO - 26/08/21 04:34:57 INFO TaskSetManager: Finished task 30.0 in stage 14.0 (TID 140) in 141 ms on 172.18.0.6 (executor 0) (31/50)
[2026-08-21T04:34:57.426+0000] {spark_submit.py:571} INFO - 26/08/21 04:34:57 INFO TaskSetManager: Finished task 31.0 in stage 14.0 (TID 142) in 112 ms on 172.18.0.6 (executor 0) (32/50)
[2026-08-21T04:34:57.426+0000] {spark_submit.py:571} INFO - 26/08/21 04:34:57 INFO BlockManagerInfo: Added rdd_37_32 in memory on 172.18.0.7:33475 (size: 46.0 B, free: 434.1 MiB)
[2026-08-21T04:34:57.456+0000] {spark_submit.py:571} INFO - 26/08/21 04:34:57 INFO BlockManagerInfo: Added rdd_37_33 in memory on 172.18.0.7:33475 (size: 46.0 B, free: 434.1 MiB)
[2026-08-21T04:34:57.458+0000] {spark_submit.py:571} INFO - 26/08/21 04:34:57 INFO TaskSetManager: Starting task 34.0 in stage 14.0 (TID 145) (172.18.0.7, executor 1, partition 34, PROCESS_LOCAL, 7619 bytes)
[2026-08-21T04:34:57.463+0000] {spark_submit.py:571} INFO - 26/08/21 04:34:57 INFO TaskSetManager: Finished task 32.0 in stage 14.0 (TID 139) in 190 ms on 172.18.0.7 (executor 1) (33/50)
[2026-08-21T04:34:57.473+0000] {spark_submit.py:571} INFO - 26/08/21 04:34:57 INFO TaskSetManager: Starting task 35.0 in stage 14.0 (TID 146) (172.18.0.7, executor 1, partition 35, PROCESS_LOCAL, 7619 bytes)
[2026-08-21T04:34:57.474+0000] {spark_submit.py:571} INFO - 26/08/21 04:34:57 INFO TaskSetManager: Finished task 33.0 in stage 14.0 (TID 141) in 181 ms on 172.18.0.7 (executor 1) (34/50)
[2026-08-21T04:34:57.489+0000] {spark_submit.py:571} INFO - 26/08/21 04:34:57 INFO BlockManagerInfo: Added rdd_37_36 in memory on 172.18.0.6:40477 (size: 46.0 B, free: 434.1 MiB)
[2026-08-21T04:34:57.490+0000] {spark_submit.py:571} INFO - 26/08/21 04:34:57 INFO BlockManagerInfo: Added rdd_37_37 in memory on 172.18.0.6:40477 (size: 46.0 B, free: 434.1 MiB)
[2026-08-21T04:34:57.498+0000] {spark_submit.py:571} INFO - 26/08/21 04:34:57 INFO TaskSetManager: Starting task 41.0 in stage 14.0 (TID 147) (172.18.0.6, executor 0, partition 41, PROCESS_LOCAL, 7619 bytes)
[2026-08-21T04:34:57.499+0000] {spark_submit.py:571} INFO - 26/08/21 04:34:57 INFO TaskSetManager: Finished task 37.0 in stage 14.0 (TID 144) in 84 ms on 172.18.0.6 (executor 0) (35/50)
[2026-08-21T04:34:57.501+0000] {spark_submit.py:571} INFO - 26/08/21 04:34:57 INFO TaskSetManager: Starting task 42.0 in stage 14.0 (TID 148) (172.18.0.6, executor 0, partition 42, PROCESS_LOCAL, 7619 bytes)
[2026-08-21T04:34:57.503+0000] {spark_submit.py:571} INFO - 26/08/21 04:34:57 INFO TaskSetManager: Finished task 36.0 in stage 14.0 (TID 143) in 90 ms on 172.18.0.6 (executor 0) (36/50)
[2026-08-21T04:34:57.508+0000] {spark_submit.py:571} INFO - 26/08/21 04:34:57 INFO BlockManagerInfo: Added rdd_37_34 in memory on 172.18.0.7:33475 (size: 46.0 B, free: 434.1 MiB)
[2026-08-21T04:34:57.519+0000] {spark_submit.py:571} INFO - 26/08/21 04:34:57 INFO TaskSetManager: Starting task 38.0 in stage 14.0 (TID 149) (172.18.0.7, executor 1, partition 38, PROCESS_LOCAL, 7619 bytes)
[2026-08-21T04:34:57.520+0000] {spark_submit.py:571} INFO - 26/08/21 04:34:57 INFO TaskSetManager: Finished task 34.0 in stage 14.0 (TID 145) in 61 ms on 172.18.0.7 (executor 1) (37/50)
[2026-08-21T04:34:57.526+0000] {spark_submit.py:571} INFO - 26/08/21 04:34:57 INFO BlockManagerInfo: Added rdd_37_35 in memory on 172.18.0.7:33475 (size: 46.0 B, free: 434.1 MiB)
[2026-08-21T04:34:57.537+0000] {spark_submit.py:571} INFO - 26/08/21 04:34:57 INFO TaskSetManager: Starting task 39.0 in stage 14.0 (TID 150) (172.18.0.7, executor 1, partition 39, PROCESS_LOCAL, 7619 bytes)
[2026-08-21T04:34:57.538+0000] {spark_submit.py:571} INFO - 26/08/21 04:34:57 INFO TaskSetManager: Finished task 35.0 in stage 14.0 (TID 146) in 67 ms on 172.18.0.7 (executor 1) (38/50)
[2026-08-21T04:34:57.560+0000] {spark_submit.py:571} INFO - 26/08/21 04:34:57 INFO BlockManagerInfo: Added rdd_37_38 in memory on 172.18.0.7:33475 (size: 46.0 B, free: 434.1 MiB)
[2026-08-21T04:34:57.570+0000] {spark_submit.py:571} INFO - 26/08/21 04:34:57 INFO TaskSetManager: Starting task 40.0 in stage 14.0 (TID 151) (172.18.0.7, executor 1, partition 40, PROCESS_LOCAL, 7619 bytes)
[2026-08-21T04:34:57.573+0000] {spark_submit.py:571} INFO - 26/08/21 04:34:57 INFO TaskSetManager: Finished task 38.0 in stage 14.0 (TID 149) in 55 ms on 172.18.0.7 (executor 1) (39/50)
[2026-08-21T04:34:57.581+0000] {spark_submit.py:571} INFO - 26/08/21 04:34:57 INFO BlockManagerInfo: Added rdd_37_39 in memory on 172.18.0.7:33475 (size: 46.0 B, free: 434.1 MiB)
[2026-08-21T04:34:57.590+0000] {spark_submit.py:571} INFO - 26/08/21 04:34:57 INFO TaskSetManager: Starting task 43.0 in stage 14.0 (TID 152) (172.18.0.7, executor 1, partition 43, PROCESS_LOCAL, 7619 bytes)
[2026-08-21T04:34:57.591+0000] {spark_submit.py:571} INFO - 26/08/21 04:34:57 INFO TaskSetManager: Finished task 39.0 in stage 14.0 (TID 150) in 56 ms on 172.18.0.7 (executor 1) (40/50)
[2026-08-21T04:34:57.606+0000] {spark_submit.py:571} INFO - 26/08/21 04:34:57 INFO BlockManagerInfo: Added rdd_37_40 in memory on 172.18.0.7:33475 (size: 46.0 B, free: 434.1 MiB)
[2026-08-21T04:34:57.613+0000] {spark_submit.py:571} INFO - 26/08/21 04:34:57 INFO TaskSetManager: Starting task 45.0 in stage 14.0 (TID 153) (172.18.0.7, executor 1, partition 45, PROCESS_LOCAL, 7619 bytes)
[2026-08-21T04:34:57.614+0000] {spark_submit.py:571} INFO - 26/08/21 04:34:57 INFO TaskSetManager: Finished task 40.0 in stage 14.0 (TID 151) in 44 ms on 172.18.0.7 (executor 1) (41/50)
[2026-08-21T04:34:57.625+0000] {spark_submit.py:571} INFO - 26/08/21 04:34:57 INFO BlockManagerInfo: Added rdd_37_42 in memory on 172.18.0.6:40477 (size: 46.0 B, free: 434.1 MiB)
[2026-08-21T04:34:57.628+0000] {spark_submit.py:571} INFO - 26/08/21 04:34:57 INFO TaskSetManager: Starting task 44.0 in stage 14.0 (TID 154) (172.18.0.6, executor 0, partition 44, PROCESS_LOCAL, 7619 bytes)
[2026-08-21T04:34:57.629+0000] {spark_submit.py:571} INFO - 26/08/21 04:34:57 INFO TaskSetManager: Finished task 42.0 in stage 14.0 (TID 148) in 129 ms on 172.18.0.6 (executor 0) (42/50)
[2026-08-21T04:34:57.633+0000] {spark_submit.py:571} INFO - 26/08/21 04:34:57 INFO BlockManagerInfo: Added rdd_37_41 in memory on 172.18.0.6:40477 (size: 46.0 B, free: 434.1 MiB)
[2026-08-21T04:34:57.642+0000] {spark_submit.py:571} INFO - 26/08/21 04:34:57 INFO TaskSetManager: Starting task 46.0 in stage 14.0 (TID 155) (172.18.0.6, executor 0, partition 46, PROCESS_LOCAL, 7619 bytes)
[2026-08-21T04:34:57.643+0000] {spark_submit.py:571} INFO - 26/08/21 04:34:57 INFO TaskSetManager: Finished task 41.0 in stage 14.0 (TID 147) in 143 ms on 172.18.0.6 (executor 0) (43/50)
[2026-08-21T04:34:57.654+0000] {spark_submit.py:571} INFO - 26/08/21 04:34:57 INFO BlockManagerInfo: Added rdd_37_43 in memory on 172.18.0.7:33475 (size: 46.0 B, free: 434.1 MiB)
[2026-08-21T04:34:57.662+0000] {spark_submit.py:571} INFO - 26/08/21 04:34:57 INFO TaskSetManager: Starting task 48.0 in stage 14.0 (TID 156) (172.18.0.7, executor 1, partition 48, PROCESS_LOCAL, 7619 bytes)
[2026-08-21T04:34:57.664+0000] {spark_submit.py:571} INFO - 26/08/21 04:34:57 INFO TaskSetManager: Finished task 43.0 in stage 14.0 (TID 152) in 75 ms on 172.18.0.7 (executor 1) (44/50)
[2026-08-21T04:34:57.673+0000] {spark_submit.py:571} INFO - 26/08/21 04:34:57 INFO BlockManagerInfo: Added rdd_37_44 in memory on 172.18.0.6:40477 (size: 46.0 B, free: 434.1 MiB)
[2026-08-21T04:34:57.682+0000] {spark_submit.py:571} INFO - 26/08/21 04:34:57 INFO BlockManagerInfo: Added rdd_37_46 in memory on 172.18.0.6:40477 (size: 46.0 B, free: 434.1 MiB)
[2026-08-21T04:34:57.689+0000] {spark_submit.py:571} INFO - 26/08/21 04:34:57 INFO TaskSetManager: Starting task 47.0 in stage 14.0 (TID 157) (172.18.0.6, executor 0, partition 47, PROCESS_LOCAL, 7619 bytes)
[2026-08-21T04:34:57.690+0000] {spark_submit.py:571} INFO - 26/08/21 04:34:57 INFO TaskSetManager: Finished task 44.0 in stage 14.0 (TID 154) in 61 ms on 172.18.0.6 (executor 0) (45/50)
[2026-08-21T04:34:57.690+0000] {spark_submit.py:571} INFO - 26/08/21 04:34:57 INFO BlockManagerInfo: Added rdd_37_45 in memory on 172.18.0.7:33475 (size: 46.0 B, free: 434.1 MiB)
[2026-08-21T04:34:57.694+0000] {spark_submit.py:571} INFO - 26/08/21 04:34:57 INFO BlockManagerInfo: Added rdd_37_48 in memory on 172.18.0.7:33475 (size: 46.0 B, free: 434.1 MiB)
[2026-08-21T04:34:57.695+0000] {spark_submit.py:571} INFO - 26/08/21 04:34:57 INFO TaskSetManager: Starting task 49.0 in stage 14.0 (TID 158) (172.18.0.6, executor 0, partition 49, PROCESS_LOCAL, 7619 bytes)
[2026-08-21T04:34:57.695+0000] {spark_submit.py:571} INFO - 26/08/21 04:34:57 INFO TaskSetManager: Finished task 46.0 in stage 14.0 (TID 155) in 54 ms on 172.18.0.6 (executor 0) (46/50)
[2026-08-21T04:34:57.700+0000] {spark_submit.py:571} INFO - 26/08/21 04:34:57 INFO TaskSetManager: Finished task 48.0 in stage 14.0 (TID 156) in 36 ms on 172.18.0.7 (executor 1) (47/50)
[2026-08-21T04:34:57.712+0000] {spark_submit.py:571} INFO - 26/08/21 04:34:57 INFO TaskSetManager: Finished task 45.0 in stage 14.0 (TID 153) in 99 ms on 172.18.0.7 (executor 1) (48/50)
[2026-08-21T04:34:57.725+0000] {spark_submit.py:571} INFO - 26/08/21 04:34:57 INFO BlockManagerInfo: Added rdd_37_47 in memory on 172.18.0.6:40477 (size: 46.0 B, free: 434.1 MiB)
[2026-08-21T04:34:57.729+0000] {spark_submit.py:571} INFO - 26/08/21 04:34:57 INFO BlockManagerInfo: Added rdd_37_49 in memory on 172.18.0.6:40477 (size: 46.0 B, free: 434.1 MiB)
[2026-08-21T04:34:57.733+0000] {spark_submit.py:571} INFO - 26/08/21 04:34:57 INFO TaskSetManager: Finished task 47.0 in stage 14.0 (TID 157) in 45 ms on 172.18.0.6 (executor 0) (49/50)
[2026-08-21T04:34:57.773+0000] {spark_submit.py:571} INFO - 26/08/21 04:34:57 INFO TaskSetManager: Finished task 49.0 in stage 14.0 (TID 158) in 82 ms on 172.18.0.6 (executor 0) (50/50)
[2026-08-21T04:34:57.774+0000] {spark_submit.py:571} INFO - 26/08/21 04:34:57 INFO TaskSchedulerImpl: Removed TaskSet 14.0, whose tasks have all completed, from pool
[2026-08-21T04:34:57.777+0000] {spark_submit.py:571} INFO - 26/08/21 04:34:57 INFO DAGScheduler: ResultStage 14 ($anonfun$recordDeltaOperationInternal$1 at DatabricksLogging.scala:128) finished in 1.648 s
[2026-08-21T04:34:57.777+0000] {spark_submit.py:571} INFO - 26/08/21 04:34:57 INFO DAGScheduler: Job 8 is finished. Cancelling potential speculative or zombie tasks for this job
[2026-08-21T04:34:57.778+0000] {spark_submit.py:571} INFO - 26/08/21 04:34:57 INFO TaskSchedulerImpl: Killing all running tasks in stage 14: Stage finished
[2026-08-21T04:34:57.778+0000] {spark_submit.py:571} INFO - 26/08/21 04:34:57 INFO DAGScheduler: Job 8 finished: $anonfun$recordDeltaOperationInternal$1 at DatabricksLogging.scala:128, took 1.657292 s
[2026-08-21T04:34:57.790+0000] {spark_submit.py:571} INFO - 26/08/21 04:34:57 INFO PrepareDeltaScan: DELTA: Done
[2026-08-21T04:34:57.816+0000] {spark_submit.py:571} INFO - 26/08/21 04:34:57 INFO DataSourceStrategy: Pruning directories with: isnotnull(date#66),isnotnull(hour#67),(date#66 = 2025-06-01),(hour#67 = 00)
[2026-08-21T04:34:57.825+0000] {spark_submit.py:571} INFO - 26/08/21 04:34:57 INFO FileSourceStrategy: Pushed Filters: IsNotNull(total_traffic_gb),IsNotNull(dl_prb_used),IsNotNull(cell_name),IsNotNull(x),IsNotNull(y),GreaterThanOrEqual(total_traffic_gb,0.0),GreaterThanOrEqual(dl_prb_used,0.0)
[2026-08-21T04:34:57.825+0000] {spark_submit.py:571} INFO - 26/08/21 04:34:57 INFO FileSourceStrategy: Post-Scan Filters: isnotnull(total_traffic_gb#53),isnotnull(dl_prb_used#59),isnotnull(cell_name#49),isnotnull(x#64),isnotnull(y#65),(total_traffic_gb#53 >= 0.0),(dl_prb_used#59 >= 0.0)
[2026-08-21T04:34:57.882+0000] {spark_submit.py:571} INFO - 26/08/21 04:34:57 INFO CodeGenerator: Code generated in 21.395122 ms
[2026-08-21T04:34:57.887+0000] {spark_submit.py:571} INFO - 26/08/21 04:34:57 INFO MemoryStore: Block broadcast_14 stored as values in memory (estimated size 203.4 KiB, free 432.6 MiB)
[2026-08-21T04:34:57.896+0000] {spark_submit.py:571} INFO - 26/08/21 04:34:57 INFO MemoryStore: Block broadcast_14_piece0 stored as bytes in memory (estimated size 35.6 KiB, free 432.5 MiB)
[2026-08-21T04:34:57.897+0000] {spark_submit.py:571} INFO - 26/08/21 04:34:57 INFO BlockManagerInfo: Added broadcast_14_piece0 in memory on c90a551abb73:40427 (size: 35.6 KiB, free: 434.1 MiB)
[2026-08-21T04:34:57.897+0000] {spark_submit.py:571} INFO - 26/08/21 04:34:57 INFO SparkContext: Created broadcast 14 from count at NativeMethodAccessorImpl.java:0
[2026-08-21T04:34:57.899+0000] {spark_submit.py:571} INFO - 26/08/21 04:34:57 INFO FileSourceScanExec: Planning scan with bin packing, max size: 4194304 bytes, open cost is considered as scanning 4194304 bytes.
[2026-08-21T04:34:57.903+0000] {spark_submit.py:571} INFO - 26/08/21 04:34:57 INFO DAGScheduler: Registering RDD 43 (count at NativeMethodAccessorImpl.java:0) as input to shuffle 3
[2026-08-21T04:34:57.904+0000] {spark_submit.py:571} INFO - 26/08/21 04:34:57 INFO DAGScheduler: Got map stage job 9 (count at NativeMethodAccessorImpl.java:0) with 2 output partitions
[2026-08-21T04:34:57.904+0000] {spark_submit.py:571} INFO - 26/08/21 04:34:57 INFO DAGScheduler: Final stage: ShuffleMapStage 15 (count at NativeMethodAccessorImpl.java:0)
[2026-08-21T04:34:57.904+0000] {spark_submit.py:571} INFO - 26/08/21 04:34:57 INFO DAGScheduler: Parents of final stage: List()
[2026-08-21T04:34:57.905+0000] {spark_submit.py:571} INFO - 26/08/21 04:34:57 INFO DAGScheduler: Missing parents: List()
[2026-08-21T04:34:57.905+0000] {spark_submit.py:571} INFO - 26/08/21 04:34:57 INFO DAGScheduler: Submitting ShuffleMapStage 15 (MapPartitionsRDD[43] at count at NativeMethodAccessorImpl.java:0), which has no missing parents
[2026-08-21T04:34:57.908+0000] {spark_submit.py:571} INFO - 26/08/21 04:34:57 INFO MemoryStore: Block broadcast_15 stored as values in memory (estimated size 25.8 KiB, free 432.5 MiB)
[2026-08-21T04:34:57.908+0000] {spark_submit.py:571} INFO - 26/08/21 04:34:57 INFO MemoryStore: Block broadcast_15_piece0 stored as bytes in memory (estimated size 10.4 KiB, free 432.5 MiB)
[2026-08-21T04:34:57.909+0000] {spark_submit.py:571} INFO - 26/08/21 04:34:57 INFO BlockManagerInfo: Added broadcast_15_piece0 in memory on c90a551abb73:40427 (size: 10.4 KiB, free: 434.1 MiB)
[2026-08-21T04:34:57.910+0000] {spark_submit.py:571} INFO - 26/08/21 04:34:57 INFO SparkContext: Created broadcast 15 from broadcast at DAGScheduler.scala:1585
[2026-08-21T04:34:57.910+0000] {spark_submit.py:571} INFO - 26/08/21 04:34:57 INFO DAGScheduler: Submitting 2 missing tasks from ShuffleMapStage 15 (MapPartitionsRDD[43] at count at NativeMethodAccessorImpl.java:0) (first 15 tasks are for partitions Vector(0, 1))
[2026-08-21T04:34:57.910+0000] {spark_submit.py:571} INFO - 26/08/21 04:34:57 INFO TaskSchedulerImpl: Adding task set 15.0 with 2 tasks resource profile 0
[2026-08-21T04:34:57.911+0000] {spark_submit.py:571} INFO - 26/08/21 04:34:57 INFO TaskSetManager: Starting task 0.0 in stage 15.0 (TID 159) (172.18.0.7, executor 1, partition 0, PROCESS_LOCAL, 8377 bytes)
[2026-08-21T04:34:57.912+0000] {spark_submit.py:571} INFO - 26/08/21 04:34:57 INFO TaskSetManager: Starting task 1.0 in stage 15.0 (TID 160) (172.18.0.6, executor 0, partition 1, PROCESS_LOCAL, 8377 bytes)
[2026-08-21T04:34:57.928+0000] {spark_submit.py:571} INFO - 26/08/21 04:34:57 INFO BlockManagerInfo: Added broadcast_15_piece0 in memory on 172.18.0.6:40477 (size: 10.4 KiB, free: 434.1 MiB)
[2026-08-21T04:34:57.934+0000] {spark_submit.py:571} INFO - 26/08/21 04:34:57 INFO BlockManagerInfo: Added broadcast_15_piece0 in memory on 172.18.0.7:33475 (size: 10.4 KiB, free: 434.1 MiB)
[2026-08-21T04:34:57.988+0000] {spark_submit.py:571} INFO - 26/08/21 04:34:57 INFO BlockManagerInfo: Added broadcast_14_piece0 in memory on 172.18.0.7:33475 (size: 35.6 KiB, free: 434.1 MiB)
[2026-08-21T04:34:57.993+0000] {spark_submit.py:571} INFO - 26/08/21 04:34:57 INFO BlockManagerInfo: Added broadcast_14_piece0 in memory on 172.18.0.6:40477 (size: 35.6 KiB, free: 434.1 MiB)
[2026-08-21T04:34:58.449+0000] {spark_submit.py:571} INFO - 26/08/21 04:34:58 INFO TaskSetManager: Finished task 1.0 in stage 15.0 (TID 160) in 538 ms on 172.18.0.6 (executor 0) (1/2)
[2026-08-21T04:34:58.454+0000] {spark_submit.py:571} INFO - 26/08/21 04:34:58 INFO TaskSetManager: Finished task 0.0 in stage 15.0 (TID 159) in 543 ms on 172.18.0.7 (executor 1) (2/2)
[2026-08-21T04:34:58.454+0000] {spark_submit.py:571} INFO - 26/08/21 04:34:58 INFO TaskSchedulerImpl: Removed TaskSet 15.0, whose tasks have all completed, from pool
[2026-08-21T04:34:58.455+0000] {spark_submit.py:571} INFO - 26/08/21 04:34:58 INFO DAGScheduler: ShuffleMapStage 15 (count at NativeMethodAccessorImpl.java:0) finished in 0.551 s
[2026-08-21T04:34:58.456+0000] {spark_submit.py:571} INFO - 26/08/21 04:34:58 INFO DAGScheduler: looking for newly runnable stages
[2026-08-21T04:34:58.456+0000] {spark_submit.py:571} INFO - 26/08/21 04:34:58 INFO DAGScheduler: running: Set()
[2026-08-21T04:34:58.456+0000] {spark_submit.py:571} INFO - 26/08/21 04:34:58 INFO DAGScheduler: waiting: Set()
[2026-08-21T04:34:58.456+0000] {spark_submit.py:571} INFO - 26/08/21 04:34:58 INFO DAGScheduler: failed: Set()
[2026-08-21T04:34:58.469+0000] {spark_submit.py:571} INFO - 26/08/21 04:34:58 INFO SparkContext: Starting job: count at NativeMethodAccessorImpl.java:0
[2026-08-21T04:34:58.471+0000] {spark_submit.py:571} INFO - 26/08/21 04:34:58 INFO DAGScheduler: Got job 10 (count at NativeMethodAccessorImpl.java:0) with 1 output partitions
[2026-08-21T04:34:58.471+0000] {spark_submit.py:571} INFO - 26/08/21 04:34:58 INFO DAGScheduler: Final stage: ResultStage 17 (count at NativeMethodAccessorImpl.java:0)
[2026-08-21T04:34:58.471+0000] {spark_submit.py:571} INFO - 26/08/21 04:34:58 INFO DAGScheduler: Parents of final stage: List(ShuffleMapStage 16)
[2026-08-21T04:34:58.471+0000] {spark_submit.py:571} INFO - 26/08/21 04:34:58 INFO DAGScheduler: Missing parents: List()
[2026-08-21T04:34:58.471+0000] {spark_submit.py:571} INFO - 26/08/21 04:34:58 INFO DAGScheduler: Submitting ResultStage 17 (MapPartitionsRDD[46] at count at NativeMethodAccessorImpl.java:0), which has no missing parents
[2026-08-21T04:34:58.474+0000] {spark_submit.py:571} INFO - 26/08/21 04:34:58 INFO MemoryStore: Block broadcast_16 stored as values in memory (estimated size 12.5 KiB, free 432.5 MiB)
[2026-08-21T04:34:58.474+0000] {spark_submit.py:571} INFO - 26/08/21 04:34:58 INFO MemoryStore: Block broadcast_16_piece0 stored as bytes in memory (estimated size 5.9 KiB, free 432.5 MiB)
[2026-08-21T04:34:58.474+0000] {spark_submit.py:571} INFO - 26/08/21 04:34:58 INFO BlockManagerInfo: Added broadcast_16_piece0 in memory on c90a551abb73:40427 (size: 5.9 KiB, free: 434.1 MiB)
[2026-08-21T04:34:58.475+0000] {spark_submit.py:571} INFO - 26/08/21 04:34:58 INFO SparkContext: Created broadcast 16 from broadcast at DAGScheduler.scala:1585
[2026-08-21T04:34:58.475+0000] {spark_submit.py:571} INFO - 26/08/21 04:34:58 INFO DAGScheduler: Submitting 1 missing tasks from ResultStage 17 (MapPartitionsRDD[46] at count at NativeMethodAccessorImpl.java:0) (first 15 tasks are for partitions Vector(0))
[2026-08-21T04:34:58.475+0000] {spark_submit.py:571} INFO - 26/08/21 04:34:58 INFO TaskSchedulerImpl: Adding task set 17.0 with 1 tasks resource profile 0
[2026-08-21T04:34:58.476+0000] {spark_submit.py:571} INFO - 26/08/21 04:34:58 INFO TaskSetManager: Starting task 0.0 in stage 17.0 (TID 161) (172.18.0.6, executor 0, partition 0, NODE_LOCAL, 7619 bytes)
[2026-08-21T04:34:58.484+0000] {spark_submit.py:571} INFO - 26/08/21 04:34:58 INFO BlockManagerInfo: Added broadcast_16_piece0 in memory on 172.18.0.6:40477 (size: 5.9 KiB, free: 434.1 MiB)
[2026-08-21T04:34:58.488+0000] {spark_submit.py:571} INFO - 26/08/21 04:34:58 INFO MapOutputTrackerMasterEndpoint: Asked to send map output locations for shuffle 3 to 172.18.0.6:41496
[2026-08-21T04:34:58.507+0000] {spark_submit.py:571} INFO - 26/08/21 04:34:58 INFO TaskSetManager: Finished task 0.0 in stage 17.0 (TID 161) in 32 ms on 172.18.0.6 (executor 0) (1/1)
[2026-08-21T04:34:58.507+0000] {spark_submit.py:571} INFO - 26/08/21 04:34:58 INFO TaskSchedulerImpl: Removed TaskSet 17.0, whose tasks have all completed, from pool
[2026-08-21T04:34:58.508+0000] {spark_submit.py:571} INFO - 26/08/21 04:34:58 INFO DAGScheduler: ResultStage 17 (count at NativeMethodAccessorImpl.java:0) finished in 0.036 s
[2026-08-21T04:34:58.509+0000] {spark_submit.py:571} INFO - 26/08/21 04:34:58 INFO DAGScheduler: Job 10 is finished. Cancelling potential speculative or zombie tasks for this job
[2026-08-21T04:34:58.509+0000] {spark_submit.py:571} INFO - 26/08/21 04:34:58 INFO TaskSchedulerImpl: Killing all running tasks in stage 17: Stage finished
[2026-08-21T04:34:58.509+0000] {spark_submit.py:571} INFO - 26/08/21 04:34:58 INFO DAGScheduler: Job 10 finished: count at NativeMethodAccessorImpl.java:0, took 0.038853 s
[2026-08-21T04:34:58.556+0000] {spark_submit.py:571} INFO - 26/08/21 04:34:58 INFO PrepareDeltaScan: DELTA: Filtering files for query
[2026-08-21T04:34:58.729+0000] {spark_submit.py:571} INFO - 26/08/21 04:34:58 INFO CodeGenerator: Generated method too long to be JIT compiled: org.apache.spark.sql.catalyst.expressions.GeneratedClass$GeneratedIteratorForCodegenStage1.processNext is 8432 bytes
[2026-08-21T04:34:58.730+0000] {spark_submit.py:571} INFO - 26/08/21 04:34:58 INFO CodeGenerator: Code generated in 67.47612 ms
[2026-08-21T04:34:58.748+0000] {spark_submit.py:571} INFO - 26/08/21 04:34:58 INFO SparkContext: Starting job: $anonfun$recordDeltaOperationInternal$1 at DatabricksLogging.scala:128
[2026-08-21T04:34:58.750+0000] {spark_submit.py:571} INFO - 26/08/21 04:34:58 INFO DAGScheduler: Got job 11 ($anonfun$recordDeltaOperationInternal$1 at DatabricksLogging.scala:128) with 50 output partitions
[2026-08-21T04:34:58.750+0000] {spark_submit.py:571} INFO - 26/08/21 04:34:58 INFO DAGScheduler: Final stage: ResultStage 19 ($anonfun$recordDeltaOperationInternal$1 at DatabricksLogging.scala:128)
[2026-08-21T04:34:58.750+0000] {spark_submit.py:571} INFO - 26/08/21 04:34:58 INFO DAGScheduler: Parents of final stage: List(ShuffleMapStage 18)
[2026-08-21T04:34:58.752+0000] {spark_submit.py:571} INFO - 26/08/21 04:34:58 INFO DAGScheduler: Missing parents: List()
[2026-08-21T04:34:58.752+0000] {spark_submit.py:571} INFO - 26/08/21 04:34:58 INFO DAGScheduler: Submitting ResultStage 19 (MapPartitionsRDD[48] at $anonfun$recordDeltaOperationInternal$1 at DatabricksLogging.scala:128), which has no missing parents
[2026-08-21T04:34:58.758+0000] {spark_submit.py:571} INFO - 26/08/21 04:34:58 INFO MemoryStore: Block broadcast_17 stored as values in memory (estimated size 773.7 KiB, free 431.7 MiB)
[2026-08-21T04:34:58.759+0000] {spark_submit.py:571} INFO - 26/08/21 04:34:58 INFO MemoryStore: Block broadcast_17_piece0 stored as bytes in memory (estimated size 178.5 KiB, free 431.6 MiB)
[2026-08-21T04:34:58.760+0000] {spark_submit.py:571} INFO - 26/08/21 04:34:58 INFO BlockManagerInfo: Added broadcast_17_piece0 in memory on c90a551abb73:40427 (size: 178.5 KiB, free: 433.9 MiB)
[2026-08-21T04:34:58.760+0000] {spark_submit.py:571} INFO - 26/08/21 04:34:58 INFO SparkContext: Created broadcast 17 from broadcast at DAGScheduler.scala:1585
[2026-08-21T04:34:58.761+0000] {spark_submit.py:571} INFO - 26/08/21 04:34:58 INFO DAGScheduler: Submitting 50 missing tasks from ResultStage 19 (MapPartitionsRDD[48] at $anonfun$recordDeltaOperationInternal$1 at DatabricksLogging.scala:128) (first 15 tasks are for partitions Vector(0, 1, 2, 3, 4, 5, 6, 7, 8, 9, 10, 11, 12, 13, 14))
[2026-08-21T04:34:58.761+0000] {spark_submit.py:571} INFO - 26/08/21 04:34:58 INFO TaskSchedulerImpl: Adding task set 19.0 with 50 tasks resource profile 0
[2026-08-21T04:34:58.762+0000] {spark_submit.py:571} INFO - 26/08/21 04:34:58 INFO TaskSetManager: Starting task 1.0 in stage 19.0 (TID 162) (172.18.0.6, executor 0, partition 1, PROCESS_LOCAL, 7619 bytes)
[2026-08-21T04:34:58.762+0000] {spark_submit.py:571} INFO - 26/08/21 04:34:58 INFO TaskSetManager: Starting task 0.0 in stage 19.0 (TID 163) (172.18.0.7, executor 1, partition 0, PROCESS_LOCAL, 7619 bytes)
[2026-08-21T04:34:58.762+0000] {spark_submit.py:571} INFO - 26/08/21 04:34:58 INFO TaskSetManager: Starting task 2.0 in stage 19.0 (TID 164) (172.18.0.6, executor 0, partition 2, PROCESS_LOCAL, 7619 bytes)
[2026-08-21T04:34:58.762+0000] {spark_submit.py:571} INFO - 26/08/21 04:34:58 INFO TaskSetManager: Starting task 4.0 in stage 19.0 (TID 165) (172.18.0.7, executor 1, partition 4, PROCESS_LOCAL, 7619 bytes)
[2026-08-21T04:34:58.785+0000] {spark_submit.py:571} INFO - 26/08/21 04:34:58 INFO BlockManagerInfo: Added broadcast_17_piece0 in memory on 172.18.0.6:40477 (size: 178.5 KiB, free: 433.9 MiB)
[2026-08-21T04:34:58.786+0000] {spark_submit.py:571} INFO - 26/08/21 04:34:58 INFO BlockManagerInfo: Added broadcast_17_piece0 in memory on 172.18.0.7:33475 (size: 178.5 KiB, free: 433.9 MiB)
[2026-08-21T04:34:58.916+0000] {spark_submit.py:571} INFO - 26/08/21 04:34:58 INFO TaskSetManager: Starting task 3.0 in stage 19.0 (TID 166) (172.18.0.6, executor 0, partition 3, PROCESS_LOCAL, 7619 bytes)
[2026-08-21T04:34:58.918+0000] {spark_submit.py:571} INFO - 26/08/21 04:34:58 INFO TaskSetManager: Finished task 2.0 in stage 19.0 (TID 164) in 156 ms on 172.18.0.6 (executor 0) (1/50)
[2026-08-21T04:34:58.926+0000] {spark_submit.py:571} INFO - 26/08/21 04:34:58 INFO TaskSetManager: Starting task 6.0 in stage 19.0 (TID 167) (172.18.0.6, executor 0, partition 6, PROCESS_LOCAL, 7619 bytes)
[2026-08-21T04:34:58.928+0000] {spark_submit.py:571} INFO - 26/08/21 04:34:58 INFO TaskSetManager: Finished task 1.0 in stage 19.0 (TID 162) in 164 ms on 172.18.0.6 (executor 0) (2/50)
[2026-08-21T04:34:58.963+0000] {spark_submit.py:571} INFO - 26/08/21 04:34:58 INFO TaskSetManager: Starting task 8.0 in stage 19.0 (TID 168) (172.18.0.6, executor 0, partition 8, PROCESS_LOCAL, 7619 bytes)
[2026-08-21T04:34:58.964+0000] {spark_submit.py:571} INFO - 26/08/21 04:34:58 INFO TaskSetManager: Finished task 3.0 in stage 19.0 (TID 166) in 49 ms on 172.18.0.6 (executor 0) (3/50)
[2026-08-21T04:34:58.980+0000] {spark_submit.py:571} INFO - 26/08/21 04:34:58 INFO TaskSetManager: Starting task 9.0 in stage 19.0 (TID 169) (172.18.0.6, executor 0, partition 9, PROCESS_LOCAL, 7619 bytes)
[2026-08-21T04:34:58.987+0000] {spark_submit.py:571} INFO - 26/08/21 04:34:58 INFO TaskSetManager: Finished task 6.0 in stage 19.0 (TID 167) in 58 ms on 172.18.0.6 (executor 0) (4/50)
[2026-08-21T04:34:59.009+0000] {spark_submit.py:571} INFO - 26/08/21 04:34:59 INFO TaskSetManager: Starting task 12.0 in stage 19.0 (TID 170) (172.18.0.6, executor 0, partition 12, PROCESS_LOCAL, 7619 bytes)
[2026-08-21T04:34:59.010+0000] {spark_submit.py:571} INFO - 26/08/21 04:34:59 INFO TaskSetManager: Finished task 8.0 in stage 19.0 (TID 168) in 48 ms on 172.18.0.6 (executor 0) (5/50)
[2026-08-21T04:34:59.015+0000] {spark_submit.py:571} INFO - 26/08/21 04:34:59 INFO TaskSetManager: Starting task 13.0 in stage 19.0 (TID 171) (172.18.0.6, executor 0, partition 13, PROCESS_LOCAL, 7619 bytes)
[2026-08-21T04:34:59.018+0000] {spark_submit.py:571} INFO - 26/08/21 04:34:59 INFO TaskSetManager: Finished task 9.0 in stage 19.0 (TID 169) in 38 ms on 172.18.0.6 (executor 0) (6/50)
[2026-08-21T04:34:59.028+0000] {spark_submit.py:571} INFO - 26/08/21 04:34:59 INFO TaskSetManager: Starting task 5.0 in stage 19.0 (TID 172) (172.18.0.7, executor 1, partition 5, PROCESS_LOCAL, 7619 bytes)
[2026-08-21T04:34:59.032+0000] {spark_submit.py:571} INFO - 26/08/21 04:34:59 INFO TaskSetManager: Finished task 4.0 in stage 19.0 (TID 165) in 267 ms on 172.18.0.7 (executor 1) (7/50)
[2026-08-21T04:34:59.033+0000] {spark_submit.py:571} INFO - 26/08/21 04:34:59 INFO TaskSetManager: Starting task 7.0 in stage 19.0 (TID 173) (172.18.0.7, executor 1, partition 7, PROCESS_LOCAL, 7619 bytes)
[2026-08-21T04:34:59.033+0000] {spark_submit.py:571} INFO - 26/08/21 04:34:59 INFO TaskSetManager: Finished task 0.0 in stage 19.0 (TID 163) in 271 ms on 172.18.0.7 (executor 1) (8/50)
[2026-08-21T04:34:59.045+0000] {spark_submit.py:571} INFO - 26/08/21 04:34:59 INFO TaskSetManager: Starting task 17.0 in stage 19.0 (TID 174) (172.18.0.6, executor 0, partition 17, PROCESS_LOCAL, 7619 bytes)
[2026-08-21T04:34:59.046+0000] {spark_submit.py:571} INFO - 26/08/21 04:34:59 INFO TaskSetManager: Finished task 12.0 in stage 19.0 (TID 170) in 37 ms on 172.18.0.6 (executor 0) (9/50)
[2026-08-21T04:34:59.060+0000] {spark_submit.py:571} INFO - 26/08/21 04:34:59 INFO TaskSetManager: Starting task 10.0 in stage 19.0 (TID 175) (172.18.0.7, executor 1, partition 10, PROCESS_LOCAL, 7619 bytes)
[2026-08-21T04:34:59.061+0000] {spark_submit.py:571} INFO - 26/08/21 04:34:59 INFO TaskSetManager: Finished task 5.0 in stage 19.0 (TID 172) in 33 ms on 172.18.0.7 (executor 1) (10/50)
[2026-08-21T04:34:59.064+0000] {spark_submit.py:571} INFO - 26/08/21 04:34:59 INFO TaskSetManager: Starting task 18.0 in stage 19.0 (TID 176) (172.18.0.6, executor 0, partition 18, PROCESS_LOCAL, 7619 bytes)
[2026-08-21T04:34:59.064+0000] {spark_submit.py:571} INFO - 26/08/21 04:34:59 INFO TaskSetManager: Finished task 13.0 in stage 19.0 (TID 171) in 48 ms on 172.18.0.6 (executor 0) (11/50)
[2026-08-21T04:34:59.070+0000] {spark_submit.py:571} INFO - 26/08/21 04:34:59 INFO TaskSetManager: Starting task 11.0 in stage 19.0 (TID 177) (172.18.0.7, executor 1, partition 11, PROCESS_LOCAL, 7619 bytes)
[2026-08-21T04:34:59.070+0000] {spark_submit.py:571} INFO - 26/08/21 04:34:59 INFO TaskSetManager: Finished task 7.0 in stage 19.0 (TID 173) in 36 ms on 172.18.0.7 (executor 1) (12/50)
[2026-08-21T04:34:59.082+0000] {spark_submit.py:571} INFO - 26/08/21 04:34:59 INFO TaskSetManager: Starting task 21.0 in stage 19.0 (TID 178) (172.18.0.6, executor 0, partition 21, PROCESS_LOCAL, 7619 bytes)
[2026-08-21T04:34:59.083+0000] {spark_submit.py:571} INFO - 26/08/21 04:34:59 INFO TaskSetManager: Finished task 17.0 in stage 19.0 (TID 174) in 38 ms on 172.18.0.6 (executor 0) (13/50)
[2026-08-21T04:34:59.107+0000] {spark_submit.py:571} INFO - 26/08/21 04:34:59 INFO TaskSetManager: Starting task 14.0 in stage 19.0 (TID 179) (172.18.0.7, executor 1, partition 14, PROCESS_LOCAL, 7619 bytes)
[2026-08-21T04:34:59.110+0000] {spark_submit.py:571} INFO - 26/08/21 04:34:59 INFO TaskSetManager: Finished task 10.0 in stage 19.0 (TID 175) in 50 ms on 172.18.0.7 (executor 1) (14/50)
[2026-08-21T04:34:59.111+0000] {spark_submit.py:571} INFO - 26/08/21 04:34:59 INFO TaskSetManager: Starting task 15.0 in stage 19.0 (TID 180) (172.18.0.7, executor 1, partition 15, PROCESS_LOCAL, 7619 bytes)
[2026-08-21T04:34:59.119+0000] {spark_submit.py:571} INFO - 26/08/21 04:34:59 INFO TaskSetManager: Finished task 11.0 in stage 19.0 (TID 177) in 50 ms on 172.18.0.7 (executor 1) (15/50)
[2026-08-21T04:34:59.127+0000] {spark_submit.py:571} INFO - 26/08/21 04:34:59 INFO TaskSetManager: Starting task 16.0 in stage 19.0 (TID 181) (172.18.0.7, executor 1, partition 16, PROCESS_LOCAL, 7619 bytes)
[2026-08-21T04:34:59.131+0000] {spark_submit.py:571} INFO - 26/08/21 04:34:59 INFO TaskSetManager: Finished task 14.0 in stage 19.0 (TID 179) in 20 ms on 172.18.0.7 (executor 1) (16/50)
[2026-08-21T04:34:59.140+0000] {spark_submit.py:571} INFO - 26/08/21 04:34:59 INFO TaskSetManager: Starting task 22.0 in stage 19.0 (TID 182) (172.18.0.6, executor 0, partition 22, PROCESS_LOCAL, 7619 bytes)
[2026-08-21T04:34:59.143+0000] {spark_submit.py:571} INFO - 26/08/21 04:34:59 INFO TaskSetManager: Finished task 18.0 in stage 19.0 (TID 176) in 81 ms on 172.18.0.6 (executor 0) (17/50)
[2026-08-21T04:34:59.155+0000] {spark_submit.py:571} INFO - 26/08/21 04:34:59 INFO TaskSetManager: Starting task 24.0 in stage 19.0 (TID 183) (172.18.0.6, executor 0, partition 24, PROCESS_LOCAL, 7619 bytes)
[2026-08-21T04:34:59.156+0000] {spark_submit.py:571} INFO - 26/08/21 04:34:59 INFO TaskSetManager: Finished task 21.0 in stage 19.0 (TID 178) in 74 ms on 172.18.0.6 (executor 0) (18/50)
[2026-08-21T04:34:59.176+0000] {spark_submit.py:571} INFO - 26/08/21 04:34:59 INFO TaskSetManager: Starting task 19.0 in stage 19.0 (TID 184) (172.18.0.7, executor 1, partition 19, PROCESS_LOCAL, 7619 bytes)
[2026-08-21T04:34:59.178+0000] {spark_submit.py:571} INFO - 26/08/21 04:34:59 INFO TaskSetManager: Starting task 26.0 in stage 19.0 (TID 185) (172.18.0.6, executor 0, partition 26, PROCESS_LOCAL, 7619 bytes)
[2026-08-21T04:34:59.181+0000] {spark_submit.py:571} INFO - 26/08/21 04:34:59 INFO TaskSetManager: Finished task 15.0 in stage 19.0 (TID 180) in 70 ms on 172.18.0.7 (executor 1) (19/50)
[2026-08-21T04:34:59.181+0000] {spark_submit.py:571} INFO - 26/08/21 04:34:59 INFO TaskSetManager: Finished task 22.0 in stage 19.0 (TID 182) in 41 ms on 172.18.0.6 (executor 0) (20/50)
[2026-08-21T04:34:59.204+0000] {spark_submit.py:571} INFO - 26/08/21 04:34:59 INFO TaskSetManager: Starting task 27.0 in stage 19.0 (TID 186) (172.18.0.6, executor 0, partition 27, PROCESS_LOCAL, 7619 bytes)
[2026-08-21T04:34:59.205+0000] {spark_submit.py:571} INFO - 26/08/21 04:34:59 INFO TaskSetManager: Finished task 26.0 in stage 19.0 (TID 185) in 26 ms on 172.18.0.6 (executor 0) (21/50)
[2026-08-21T04:34:59.235+0000] {spark_submit.py:571} INFO - 26/08/21 04:34:59 INFO TaskSetManager: Starting task 20.0 in stage 19.0 (TID 187) (172.18.0.7, executor 1, partition 20, PROCESS_LOCAL, 7619 bytes)
[2026-08-21T04:34:59.236+0000] {spark_submit.py:571} INFO - 26/08/21 04:34:59 INFO TaskSetManager: Finished task 16.0 in stage 19.0 (TID 181) in 106 ms on 172.18.0.7 (executor 1) (22/50)
[2026-08-21T04:34:59.241+0000] {spark_submit.py:571} INFO - 26/08/21 04:34:59 INFO TaskSetManager: Starting task 23.0 in stage 19.0 (TID 188) (172.18.0.7, executor 1, partition 23, PROCESS_LOCAL, 7619 bytes)
[2026-08-21T04:34:59.242+0000] {spark_submit.py:571} INFO - 26/08/21 04:34:59 INFO TaskSetManager: Finished task 19.0 in stage 19.0 (TID 184) in 67 ms on 172.18.0.7 (executor 1) (23/50)
[2026-08-21T04:34:59.247+0000] {spark_submit.py:571} INFO - 26/08/21 04:34:59 INFO TaskSetManager: Starting task 28.0 in stage 19.0 (TID 189) (172.18.0.6, executor 0, partition 28, PROCESS_LOCAL, 7619 bytes)
[2026-08-21T04:34:59.247+0000] {spark_submit.py:571} INFO - 26/08/21 04:34:59 INFO TaskSetManager: Finished task 24.0 in stage 19.0 (TID 183) in 93 ms on 172.18.0.6 (executor 0) (24/50)
[2026-08-21T04:34:59.266+0000] {spark_submit.py:571} INFO - 26/08/21 04:34:59 INFO TaskSetManager: Starting task 29.0 in stage 19.0 (TID 190) (172.18.0.6, executor 0, partition 29, PROCESS_LOCAL, 7619 bytes)
[2026-08-21T04:34:59.267+0000] {spark_submit.py:571} INFO - 26/08/21 04:34:59 INFO TaskSetManager: Finished task 27.0 in stage 19.0 (TID 186) in 61 ms on 172.18.0.6 (executor 0) (25/50)
[2026-08-21T04:34:59.278+0000] {spark_submit.py:571} INFO - 26/08/21 04:34:59 INFO TaskSetManager: Starting task 25.0 in stage 19.0 (TID 191) (172.18.0.7, executor 1, partition 25, PROCESS_LOCAL, 7619 bytes)
[2026-08-21T04:34:59.281+0000] {spark_submit.py:571} INFO - 26/08/21 04:34:59 INFO TaskSetManager: Finished task 20.0 in stage 19.0 (TID 187) in 52 ms on 172.18.0.7 (executor 1) (26/50)
[2026-08-21T04:34:59.286+0000] {spark_submit.py:571} INFO - 26/08/21 04:34:59 INFO TaskSetManager: Starting task 30.0 in stage 19.0 (TID 192) (172.18.0.6, executor 0, partition 30, PROCESS_LOCAL, 7619 bytes)
[2026-08-21T04:34:59.288+0000] {spark_submit.py:571} INFO - 26/08/21 04:34:59 INFO TaskSetManager: Finished task 28.0 in stage 19.0 (TID 189) in 41 ms on 172.18.0.6 (executor 0) (27/50)
[2026-08-21T04:34:59.293+0000] {spark_submit.py:571} INFO - 26/08/21 04:34:59 INFO TaskSetManager: Starting task 32.0 in stage 19.0 (TID 193) (172.18.0.7, executor 1, partition 32, PROCESS_LOCAL, 7619 bytes)
[2026-08-21T04:34:59.293+0000] {spark_submit.py:571} INFO - 26/08/21 04:34:59 INFO TaskSetManager: Finished task 23.0 in stage 19.0 (TID 188) in 55 ms on 172.18.0.7 (executor 1) (28/50)
[2026-08-21T04:34:59.308+0000] {spark_submit.py:571} INFO - 26/08/21 04:34:59 INFO TaskSetManager: Starting task 31.0 in stage 19.0 (TID 194) (172.18.0.6, executor 0, partition 31, PROCESS_LOCAL, 7619 bytes)
[2026-08-21T04:34:59.310+0000] {spark_submit.py:571} INFO - 26/08/21 04:34:59 INFO TaskSetManager: Finished task 29.0 in stage 19.0 (TID 190) in 44 ms on 172.18.0.6 (executor 0) (29/50)
[2026-08-21T04:34:59.321+0000] {spark_submit.py:571} INFO - 26/08/21 04:34:59 INFO TaskSetManager: Starting task 33.0 in stage 19.0 (TID 195) (172.18.0.7, executor 1, partition 33, PROCESS_LOCAL, 7619 bytes)
[2026-08-21T04:34:59.323+0000] {spark_submit.py:571} INFO - 26/08/21 04:34:59 INFO TaskSetManager: Finished task 25.0 in stage 19.0 (TID 191) in 43 ms on 172.18.0.7 (executor 1) (30/50)
[2026-08-21T04:34:59.332+0000] {spark_submit.py:571} INFO - 26/08/21 04:34:59 INFO TaskSetManager: Starting task 36.0 in stage 19.0 (TID 196) (172.18.0.6, executor 0, partition 36, PROCESS_LOCAL, 7619 bytes)
[2026-08-21T04:34:59.332+0000] {spark_submit.py:571} INFO - 26/08/21 04:34:59 INFO TaskSetManager: Finished task 30.0 in stage 19.0 (TID 192) in 49 ms on 172.18.0.6 (executor 0) (31/50)
[2026-08-21T04:34:59.338+0000] {spark_submit.py:571} INFO - 26/08/21 04:34:59 INFO TaskSetManager: Starting task 34.0 in stage 19.0 (TID 197) (172.18.0.7, executor 1, partition 34, PROCESS_LOCAL, 7619 bytes)
[2026-08-21T04:34:59.341+0000] {spark_submit.py:571} INFO - 26/08/21 04:34:59 INFO TaskSetManager: Finished task 32.0 in stage 19.0 (TID 193) in 47 ms on 172.18.0.7 (executor 1) (32/50)
[2026-08-21T04:34:59.388+0000] {spark_submit.py:571} INFO - 26/08/21 04:34:59 INFO TaskSetManager: Starting task 37.0 in stage 19.0 (TID 198) (172.18.0.6, executor 0, partition 37, PROCESS_LOCAL, 7619 bytes)
[2026-08-21T04:34:59.389+0000] {spark_submit.py:571} INFO - 26/08/21 04:34:59 INFO TaskSetManager: Finished task 31.0 in stage 19.0 (TID 194) in 83 ms on 172.18.0.6 (executor 0) (33/50)
[2026-08-21T04:34:59.392+0000] {spark_submit.py:571} INFO - 26/08/21 04:34:59 INFO TaskSetManager: Starting task 35.0 in stage 19.0 (TID 199) (172.18.0.7, executor 1, partition 35, PROCESS_LOCAL, 7619 bytes)
[2026-08-21T04:34:59.395+0000] {spark_submit.py:571} INFO - 26/08/21 04:34:59 INFO TaskSetManager: Finished task 33.0 in stage 19.0 (TID 195) in 74 ms on 172.18.0.7 (executor 1) (34/50)
[2026-08-21T04:34:59.398+0000] {spark_submit.py:571} INFO - 26/08/21 04:34:59 INFO TaskSetManager: Starting task 41.0 in stage 19.0 (TID 200) (172.18.0.6, executor 0, partition 41, PROCESS_LOCAL, 7619 bytes)
[2026-08-21T04:34:59.399+0000] {spark_submit.py:571} INFO - 26/08/21 04:34:59 INFO TaskSetManager: Finished task 36.0 in stage 19.0 (TID 196) in 67 ms on 172.18.0.6 (executor 0) (35/50)
[2026-08-21T04:34:59.414+0000] {spark_submit.py:571} INFO - 26/08/21 04:34:59 INFO TaskSetManager: Starting task 38.0 in stage 19.0 (TID 201) (172.18.0.7, executor 1, partition 38, PROCESS_LOCAL, 7619 bytes)
[2026-08-21T04:34:59.415+0000] {spark_submit.py:571} INFO - 26/08/21 04:34:59 INFO TaskSetManager: Finished task 34.0 in stage 19.0 (TID 197) in 75 ms on 172.18.0.7 (executor 1) (36/50)
[2026-08-21T04:34:59.427+0000] {spark_submit.py:571} INFO - 26/08/21 04:34:59 INFO TaskSetManager: Starting task 42.0 in stage 19.0 (TID 202) (172.18.0.6, executor 0, partition 42, PROCESS_LOCAL, 7619 bytes)
[2026-08-21T04:34:59.429+0000] {spark_submit.py:571} INFO - 26/08/21 04:34:59 INFO TaskSetManager: Finished task 37.0 in stage 19.0 (TID 198) in 41 ms on 172.18.0.6 (executor 0) (37/50)
[2026-08-21T04:34:59.430+0000] {spark_submit.py:571} INFO - 26/08/21 04:34:59 INFO TaskSetManager: Starting task 39.0 in stage 19.0 (TID 203) (172.18.0.7, executor 1, partition 39, PROCESS_LOCAL, 7619 bytes)
[2026-08-21T04:34:59.433+0000] {spark_submit.py:571} INFO - 26/08/21 04:34:59 INFO TaskSetManager: Finished task 35.0 in stage 19.0 (TID 199) in 41 ms on 172.18.0.7 (executor 1) (38/50)
[2026-08-21T04:34:59.436+0000] {spark_submit.py:571} INFO - 26/08/21 04:34:59 INFO TaskSetManager: Starting task 44.0 in stage 19.0 (TID 204) (172.18.0.6, executor 0, partition 44, PROCESS_LOCAL, 7619 bytes)
[2026-08-21T04:34:59.440+0000] {spark_submit.py:571} INFO - 26/08/21 04:34:59 INFO TaskSetManager: Finished task 41.0 in stage 19.0 (TID 200) in 42 ms on 172.18.0.6 (executor 0) (39/50)
[2026-08-21T04:34:59.445+0000] {spark_submit.py:571} INFO - 26/08/21 04:34:59 INFO TaskSetManager: Starting task 40.0 in stage 19.0 (TID 205) (172.18.0.7, executor 1, partition 40, PROCESS_LOCAL, 7619 bytes)
[2026-08-21T04:34:59.446+0000] {spark_submit.py:571} INFO - 26/08/21 04:34:59 INFO TaskSetManager: Finished task 38.0 in stage 19.0 (TID 201) in 34 ms on 172.18.0.7 (executor 1) (40/50)
[2026-08-21T04:34:59.455+0000] {spark_submit.py:571} INFO - 26/08/21 04:34:59 INFO TaskSetManager: Starting task 46.0 in stage 19.0 (TID 206) (172.18.0.6, executor 0, partition 46, PROCESS_LOCAL, 7619 bytes)
[2026-08-21T04:34:59.456+0000] {spark_submit.py:571} INFO - 26/08/21 04:34:59 INFO TaskSetManager: Finished task 42.0 in stage 19.0 (TID 202) in 28 ms on 172.18.0.6 (executor 0) (41/50)
[2026-08-21T04:34:59.482+0000] {spark_submit.py:571} INFO - 26/08/21 04:34:59 INFO TaskSetManager: Starting task 47.0 in stage 19.0 (TID 207) (172.18.0.6, executor 0, partition 47, PROCESS_LOCAL, 7619 bytes)
[2026-08-21T04:34:59.484+0000] {spark_submit.py:571} INFO - 26/08/21 04:34:59 INFO TaskSetManager: Finished task 44.0 in stage 19.0 (TID 204) in 45 ms on 172.18.0.6 (executor 0) (42/50)
[2026-08-21T04:34:59.492+0000] {spark_submit.py:571} INFO - 26/08/21 04:34:59 INFO TaskSetManager: Starting task 43.0 in stage 19.0 (TID 208) (172.18.0.7, executor 1, partition 43, PROCESS_LOCAL, 7619 bytes)
[2026-08-21T04:34:59.495+0000] {spark_submit.py:571} INFO - 26/08/21 04:34:59 INFO TaskSetManager: Finished task 39.0 in stage 19.0 (TID 203) in 62 ms on 172.18.0.7 (executor 1) (43/50)
[2026-08-21T04:34:59.508+0000] {spark_submit.py:571} INFO - 26/08/21 04:34:59 INFO TaskSetManager: Starting task 45.0 in stage 19.0 (TID 209) (172.18.0.7, executor 1, partition 45, PROCESS_LOCAL, 7619 bytes)
[2026-08-21T04:34:59.510+0000] {spark_submit.py:571} INFO - 26/08/21 04:34:59 INFO TaskSetManager: Finished task 40.0 in stage 19.0 (TID 205) in 65 ms on 172.18.0.7 (executor 1) (44/50)
[2026-08-21T04:34:59.514+0000] {spark_submit.py:571} INFO - 26/08/21 04:34:59 INFO TaskSetManager: Starting task 49.0 in stage 19.0 (TID 210) (172.18.0.6, executor 0, partition 49, PROCESS_LOCAL, 7619 bytes)
[2026-08-21T04:34:59.517+0000] {spark_submit.py:571} INFO - 26/08/21 04:34:59 INFO TaskSetManager: Finished task 46.0 in stage 19.0 (TID 206) in 59 ms on 172.18.0.6 (executor 0) (45/50)
[2026-08-21T04:34:59.526+0000] {spark_submit.py:571} INFO - 26/08/21 04:34:59 INFO TaskSetManager: Starting task 48.0 in stage 19.0 (TID 211) (172.18.0.7, executor 1, partition 48, PROCESS_LOCAL, 7619 bytes)
[2026-08-21T04:34:59.528+0000] {spark_submit.py:571} INFO - 26/08/21 04:34:59 INFO TaskSetManager: Finished task 43.0 in stage 19.0 (TID 208) in 36 ms on 172.18.0.7 (executor 1) (46/50)
[2026-08-21T04:34:59.540+0000] {spark_submit.py:571} INFO - 26/08/21 04:34:59 INFO TaskSetManager: Finished task 47.0 in stage 19.0 (TID 207) in 62 ms on 172.18.0.6 (executor 0) (47/50)
[2026-08-21T04:34:59.545+0000] {spark_submit.py:571} INFO - 26/08/21 04:34:59 INFO TaskSetManager: Finished task 49.0 in stage 19.0 (TID 210) in 31 ms on 172.18.0.6 (executor 0) (48/50)
[2026-08-21T04:34:59.547+0000] {spark_submit.py:571} INFO - 26/08/21 04:34:59 INFO TaskSetManager: Finished task 45.0 in stage 19.0 (TID 209) in 40 ms on 172.18.0.7 (executor 1) (49/50)
[2026-08-21T04:34:59.550+0000] {spark_submit.py:571} INFO - 26/08/21 04:34:59 INFO TaskSetManager: Finished task 48.0 in stage 19.0 (TID 211) in 25 ms on 172.18.0.7 (executor 1) (50/50)
[2026-08-21T04:34:59.550+0000] {spark_submit.py:571} INFO - 26/08/21 04:34:59 INFO TaskSchedulerImpl: Removed TaskSet 19.0, whose tasks have all completed, from pool
[2026-08-21T04:34:59.551+0000] {spark_submit.py:571} INFO - 26/08/21 04:34:59 INFO DAGScheduler: ResultStage 19 ($anonfun$recordDeltaOperationInternal$1 at DatabricksLogging.scala:128) finished in 0.798 s
[2026-08-21T04:34:59.551+0000] {spark_submit.py:571} INFO - 26/08/21 04:34:59 INFO DAGScheduler: Job 11 is finished. Cancelling potential speculative or zombie tasks for this job
[2026-08-21T04:34:59.551+0000] {spark_submit.py:571} INFO - 26/08/21 04:34:59 INFO TaskSchedulerImpl: Killing all running tasks in stage 19: Stage finished
[2026-08-21T04:34:59.558+0000] {spark_submit.py:571} INFO - 26/08/21 04:34:59 INFO DAGScheduler: Job 11 finished: $anonfun$recordDeltaOperationInternal$1 at DatabricksLogging.scala:128, took 0.807896 s
[2026-08-21T04:34:59.573+0000] {spark_submit.py:571} INFO - 26/08/21 04:34:59 INFO PrepareDeltaScan: DELTA: Done
[2026-08-21T04:34:59.579+0000] {spark_submit.py:571} INFO - 26/08/21 04:34:59 INFO DataSourceStrategy: Pruning directories with: isnotnull(date#66),isnotnull(hour#67),(date#66 = 2025-06-01),(hour#67 = 00)
[2026-08-21T04:34:59.582+0000] {spark_submit.py:571} INFO - 26/08/21 04:34:59 INFO FileSourceStrategy: Pushed Filters: Or(Or(Or(Or(IsNull(cell_name),IsNull(x)),IsNull(y)),LessThan(total_traffic_gb,0.0)),LessThan(dl_prb_used,0.0))
[2026-08-21T04:34:59.582+0000] {spark_submit.py:571} INFO - 26/08/21 04:34:59 INFO FileSourceStrategy: Post-Scan Filters: ((((isnull(cell_name#49) OR isnull(x#64)) OR isnull(y#65)) OR (total_traffic_gb#53 < 0.0)) OR (dl_prb_used#59 < 0.0))
[2026-08-21T04:34:59.607+0000] {spark_submit.py:571} INFO - 26/08/21 04:34:59 INFO CodeGenerator: Code generated in 9.806511 ms
[2026-08-21T04:34:59.610+0000] {spark_submit.py:571} INFO - 26/08/21 04:34:59 INFO MemoryStore: Block broadcast_18 stored as values in memory (estimated size 203.4 KiB, free 431.4 MiB)
[2026-08-21T04:34:59.620+0000] {spark_submit.py:571} INFO - 26/08/21 04:34:59 INFO MemoryStore: Block broadcast_18_piece0 stored as bytes in memory (estimated size 35.6 KiB, free 431.3 MiB)
[2026-08-21T04:34:59.621+0000] {spark_submit.py:571} INFO - 26/08/21 04:34:59 INFO BlockManagerInfo: Added broadcast_18_piece0 in memory on c90a551abb73:40427 (size: 35.6 KiB, free: 433.9 MiB)
[2026-08-21T04:34:59.622+0000] {spark_submit.py:571} INFO - 26/08/21 04:34:59 INFO SparkContext: Created broadcast 18 from count at NativeMethodAccessorImpl.java:0
[2026-08-21T04:34:59.623+0000] {spark_submit.py:571} INFO - 26/08/21 04:34:59 INFO FileSourceScanExec: Planning scan with bin packing, max size: 4194304 bytes, open cost is considered as scanning 4194304 bytes.
[2026-08-21T04:34:59.639+0000] {spark_submit.py:571} INFO - 26/08/21 04:34:59 INFO SparkContext: Starting job: count at NativeMethodAccessorImpl.java:0
[2026-08-21T04:34:59.641+0000] {spark_submit.py:571} INFO - 26/08/21 04:34:59 INFO DAGScheduler: Registering RDD 52 (count at NativeMethodAccessorImpl.java:0) as input to shuffle 4
[2026-08-21T04:34:59.641+0000] {spark_submit.py:571} INFO - 26/08/21 04:34:59 INFO DAGScheduler: Got job 12 (count at NativeMethodAccessorImpl.java:0) with 1 output partitions
[2026-08-21T04:34:59.642+0000] {spark_submit.py:571} INFO - 26/08/21 04:34:59 INFO DAGScheduler: Final stage: ResultStage 21 (count at NativeMethodAccessorImpl.java:0)
[2026-08-21T04:34:59.642+0000] {spark_submit.py:571} INFO - 26/08/21 04:34:59 INFO DAGScheduler: Parents of final stage: List(ShuffleMapStage 20)
[2026-08-21T04:34:59.642+0000] {spark_submit.py:571} INFO - 26/08/21 04:34:59 INFO DAGScheduler: Missing parents: List()
[2026-08-21T04:34:59.643+0000] {spark_submit.py:571} INFO - 26/08/21 04:34:59 INFO DAGScheduler: Submitting ResultStage 21 (MapPartitionsRDD[55] at count at NativeMethodAccessorImpl.java:0), which has no missing parents
[2026-08-21T04:34:59.645+0000] {spark_submit.py:571} INFO - 26/08/21 04:34:59 INFO MemoryStore: Block broadcast_19 stored as values in memory (estimated size 12.5 KiB, free 431.3 MiB)
[2026-08-21T04:34:59.654+0000] {spark_submit.py:571} INFO - 26/08/21 04:34:59 INFO MemoryStore: Block broadcast_19_piece0 stored as bytes in memory (estimated size 5.9 KiB, free 431.3 MiB)
[2026-08-21T04:34:59.654+0000] {spark_submit.py:571} INFO - 26/08/21 04:34:59 INFO BlockManagerInfo: Added broadcast_19_piece0 in memory on c90a551abb73:40427 (size: 5.9 KiB, free: 433.9 MiB)
[2026-08-21T04:34:59.657+0000] {spark_submit.py:571} INFO - 26/08/21 04:34:59 INFO SparkContext: Created broadcast 19 from broadcast at DAGScheduler.scala:1585
[2026-08-21T04:34:59.657+0000] {spark_submit.py:571} INFO - 26/08/21 04:34:59 INFO DAGScheduler: Submitting 1 missing tasks from ResultStage 21 (MapPartitionsRDD[55] at count at NativeMethodAccessorImpl.java:0) (first 15 tasks are for partitions Vector(0))
[2026-08-21T04:34:59.657+0000] {spark_submit.py:571} INFO - 26/08/21 04:34:59 INFO TaskSchedulerImpl: Adding task set 21.0 with 1 tasks resource profile 0
[2026-08-21T04:34:59.657+0000] {spark_submit.py:571} INFO - 26/08/21 04:34:59 INFO TaskSetManager: Starting task 0.0 in stage 21.0 (TID 212) (172.18.0.6, executor 0, partition 0, PROCESS_LOCAL, 7619 bytes)
[2026-08-21T04:34:59.685+0000] {spark_submit.py:571} INFO - 26/08/21 04:34:59 INFO BlockManagerInfo: Added broadcast_19_piece0 in memory on 172.18.0.6:40477 (size: 5.9 KiB, free: 433.9 MiB)
[2026-08-21T04:34:59.689+0000] {spark_submit.py:571} INFO - 26/08/21 04:34:59 INFO MapOutputTrackerMasterEndpoint: Asked to send map output locations for shuffle 4 to 172.18.0.6:41496
[2026-08-21T04:34:59.700+0000] {spark_submit.py:571} INFO - 26/08/21 04:34:59 INFO TaskSetManager: Finished task 0.0 in stage 21.0 (TID 212) in 42 ms on 172.18.0.6 (executor 0) (1/1)
[2026-08-21T04:34:59.701+0000] {spark_submit.py:571} INFO - 26/08/21 04:34:59 INFO TaskSchedulerImpl: Removed TaskSet 21.0, whose tasks have all completed, from pool
[2026-08-21T04:34:59.702+0000] {spark_submit.py:571} INFO - 26/08/21 04:34:59 INFO DAGScheduler: ResultStage 21 (count at NativeMethodAccessorImpl.java:0) finished in 0.055 s
[2026-08-21T04:34:59.702+0000] {spark_submit.py:571} INFO - 26/08/21 04:34:59 INFO DAGScheduler: Job 12 is finished. Cancelling potential speculative or zombie tasks for this job
[2026-08-21T04:34:59.703+0000] {spark_submit.py:571} INFO - 26/08/21 04:34:59 INFO TaskSchedulerImpl: Killing all running tasks in stage 21: Stage finished
[2026-08-21T04:34:59.705+0000] {spark_submit.py:571} INFO - 26/08/21 04:34:59 INFO DAGScheduler: Job 12 finished: count at NativeMethodAccessorImpl.java:0, took 0.060474 s
[2026-08-21T04:34:59.708+0000] {spark_submit.py:571} INFO - Tổng số bản ghi: 3614 | Sạch: 3372 | Lỗi: 0
[2026-08-21T04:34:59.709+0000] {spark_submit.py:571} INFO - Ghi dữ liệu SẠCH xuống: s3a://silver/cell_kpi_clean/
[2026-08-21T04:34:59.793+0000] {spark_submit.py:571} INFO - 26/08/21 04:34:59 INFO DelegatingLogStore: LogStore `LogStoreAdapter(io.delta.storage.S3SingleDriverLogStore)` is used for scheme `s3a`
[2026-08-21T04:34:59.804+0000] {spark_submit.py:571} INFO - 26/08/21 04:34:59 INFO DeltaLog: Creating initial snapshot without metadata, because the directory is empty
[2026-08-21T04:34:59.807+0000] {spark_submit.py:571} INFO - 26/08/21 04:34:59 INFO InitialSnapshot: [tableId=3e2d6af7-3b16-4f9b-b98d-0b56497eeed2] Created snapshot InitialSnapshot(path=s3a://silver/cell_kpi_clean/_delta_log, version=-1, metadata=Metadata(fb91e6d0-d1a1-4699-af20-d7b1d4933cff,null,null,Format(parquet,Map()),null,List(),Map(),Some(1787286899806)), logSegment=LogSegment(s3a://silver/cell_kpi_clean/_delta_log,-1,List(),org.apache.spark.sql.delta.EmptyCheckpointProvider$@5eedeacd,-1), checksumOpt=None)
[2026-08-21T04:34:59.843+0000] {spark_submit.py:571} INFO - 26/08/21 04:34:59 INFO DeltaLog: Creating initial snapshot without metadata, because the directory is empty
[2026-08-21T04:34:59.844+0000] {spark_submit.py:571} INFO - 26/08/21 04:34:59 INFO InitialSnapshot: [tableId=fb91e6d0-d1a1-4699-af20-d7b1d4933cff] Created snapshot InitialSnapshot(path=s3a://silver/cell_kpi_clean/_delta_log, version=-1, metadata=Metadata(a273fe3a-ec1f-426e-92d2-b8217747dc0c,null,null,Format(parquet,Map()),null,List(),Map(),Some(1787286899843)), logSegment=LogSegment(s3a://silver/cell_kpi_clean/_delta_log,-1,List(),org.apache.spark.sql.delta.EmptyCheckpointProvider$@5eedeacd,-1), checksumOpt=None)
[2026-08-21T04:34:59.876+0000] {spark_submit.py:571} INFO - 26/08/21 04:34:59 INFO OptimisticTransaction: [tableId=a273fe3a,txnId=107916ae] Updated metadata from - to Metadata(8fd6b178-1d15-4009-98af-a535a11b587e,null,null,Format(parquet,Map()),{"type":"struct","fields":[{"name":"enb_name","type":"string","nullable":true,"metadata":{}},{"name":"cell_name","type":"string","nullable":true,"metadata":{}},{"name":"date_hour","type":"string","nullable":true,"metadata":{}},{"name":"dl_traffic_gb","type":"double","nullable":true,"metadata":{}},{"name":"ul_traffic_gb","type":"double","nullable":true,"metadata":{}},{"name":"total_traffic_gb","type":"double","nullable":true,"metadata":{}},{"name":"max_rrc_connected_user","type":"integer","nullable":true,"metadata":{}},{"name":"ul_prb","type":"double","nullable":true,"metadata":{}},{"name":"ul_prb_used","type":"double","nullable":true,"metadata":{}},{"name":"ul_prb_available_total","type":"double","nullable":true,"metadata":{}},{"name":"dl_prb","type":"double","nullable":true,"metadata":{}},{"name":"dl_prb_used","type":"double","nullable":true,"metadata":{}},{"name":"dl_prb_available_total","type":"double","nullable":true,"metadata":{}},{"name":"sector","type":"string","nullable":true,"metadata":{}},{"name":"azimuth","type":"integer","nullable":true,"metadata":{}},{"name":"cell_type","type":"string","nullable":true,"metadata":{}},{"name":"x","type":"double","nullable":true,"metadata":{}},{"name":"y","type":"double","nullable":true,"metadata":{}},{"name":"date","type":"string","nullable":true,"metadata":{}},{"name":"hour","type":"string","nullable":true,"metadata":{}}]},List(date, hour),Map(),Some(1787286899856))
[2026-08-21T04:35:00.156+0000] {spark_submit.py:571} INFO - 26/08/21 04:35:00 INFO PrepareDeltaScan: DELTA: Filtering files for query
[2026-08-21T04:35:00.265+0000] {spark_submit.py:571} INFO - 26/08/21 04:35:00 INFO SparkContext: Starting job: $anonfun$recordDeltaOperationInternal$1 at DatabricksLogging.scala:128
[2026-08-21T04:35:00.270+0000] {spark_submit.py:571} INFO - 26/08/21 04:35:00 INFO DAGScheduler: Got job 13 ($anonfun$recordDeltaOperationInternal$1 at DatabricksLogging.scala:128) with 50 output partitions
[2026-08-21T04:35:00.270+0000] {spark_submit.py:571} INFO - 26/08/21 04:35:00 INFO DAGScheduler: Final stage: ResultStage 23 ($anonfun$recordDeltaOperationInternal$1 at DatabricksLogging.scala:128)
[2026-08-21T04:35:00.271+0000] {spark_submit.py:571} INFO - 26/08/21 04:35:00 INFO DAGScheduler: Parents of final stage: List(ShuffleMapStage 22)
[2026-08-21T04:35:00.272+0000] {spark_submit.py:571} INFO - 26/08/21 04:35:00 INFO DAGScheduler: Missing parents: List()
[2026-08-21T04:35:00.276+0000] {spark_submit.py:571} INFO - 26/08/21 04:35:00 INFO DAGScheduler: Submitting ResultStage 23 (MapPartitionsRDD[57] at $anonfun$recordDeltaOperationInternal$1 at DatabricksLogging.scala:128), which has no missing parents
[2026-08-21T04:35:00.285+0000] {spark_submit.py:571} INFO - 26/08/21 04:35:00 INFO MemoryStore: Block broadcast_20 stored as values in memory (estimated size 779.9 KiB, free 430.5 MiB)
[2026-08-21T04:35:00.291+0000] {spark_submit.py:571} INFO - 26/08/21 04:35:00 INFO MemoryStore: Block broadcast_20_piece0 stored as bytes in memory (estimated size 180.5 KiB, free 430.4 MiB)
[2026-08-21T04:35:00.292+0000] {spark_submit.py:571} INFO - 26/08/21 04:35:00 INFO BlockManagerInfo: Added broadcast_20_piece0 in memory on c90a551abb73:40427 (size: 180.5 KiB, free: 433.7 MiB)
[2026-08-21T04:35:00.293+0000] {spark_submit.py:571} INFO - 26/08/21 04:35:00 INFO SparkContext: Created broadcast 20 from broadcast at DAGScheduler.scala:1585
[2026-08-21T04:35:00.295+0000] {spark_submit.py:571} INFO - 26/08/21 04:35:00 INFO DAGScheduler: Submitting 50 missing tasks from ResultStage 23 (MapPartitionsRDD[57] at $anonfun$recordDeltaOperationInternal$1 at DatabricksLogging.scala:128) (first 15 tasks are for partitions Vector(0, 1, 2, 3, 4, 5, 6, 7, 8, 9, 10, 11, 12, 13, 14))
[2026-08-21T04:35:00.296+0000] {spark_submit.py:571} INFO - 26/08/21 04:35:00 INFO TaskSchedulerImpl: Adding task set 23.0 with 50 tasks resource profile 0
[2026-08-21T04:35:00.297+0000] {spark_submit.py:571} INFO - 26/08/21 04:35:00 INFO TaskSetManager: Starting task 0.0 in stage 23.0 (TID 213) (172.18.0.7, executor 1, partition 0, PROCESS_LOCAL, 7619 bytes)
[2026-08-21T04:35:00.298+0000] {spark_submit.py:571} INFO - 26/08/21 04:35:00 INFO TaskSetManager: Starting task 1.0 in stage 23.0 (TID 214) (172.18.0.6, executor 0, partition 1, PROCESS_LOCAL, 7619 bytes)
[2026-08-21T04:35:00.299+0000] {spark_submit.py:571} INFO - 26/08/21 04:35:00 INFO TaskSetManager: Starting task 4.0 in stage 23.0 (TID 215) (172.18.0.7, executor 1, partition 4, PROCESS_LOCAL, 7619 bytes)
[2026-08-21T04:35:00.299+0000] {spark_submit.py:571} INFO - 26/08/21 04:35:00 INFO TaskSetManager: Starting task 2.0 in stage 23.0 (TID 216) (172.18.0.6, executor 0, partition 2, PROCESS_LOCAL, 7619 bytes)
[2026-08-21T04:35:00.335+0000] {spark_submit.py:571} INFO - 26/08/21 04:35:00 INFO BlockManagerInfo: Added broadcast_20_piece0 in memory on 172.18.0.7:33475 (size: 180.5 KiB, free: 433.8 MiB)
[2026-08-21T04:35:00.340+0000] {spark_submit.py:571} INFO - 26/08/21 04:35:00 INFO BlockManagerInfo: Added broadcast_20_piece0 in memory on 172.18.0.6:40477 (size: 180.5 KiB, free: 433.7 MiB)
[2026-08-21T04:35:00.409+0000] {spark_submit.py:571} INFO - 26/08/21 04:35:00 INFO TaskSetManager: Starting task 3.0 in stage 23.0 (TID 217) (172.18.0.6, executor 0, partition 3, PROCESS_LOCAL, 7619 bytes)
[2026-08-21T04:35:00.414+0000] {spark_submit.py:571} INFO - 26/08/21 04:35:00 INFO TaskSetManager: Finished task 1.0 in stage 23.0 (TID 214) in 99 ms on 172.18.0.6 (executor 0) (1/50)
[2026-08-21T04:35:00.417+0000] {spark_submit.py:571} INFO - 26/08/21 04:35:00 INFO TaskSetManager: Starting task 5.0 in stage 23.0 (TID 218) (172.18.0.7, executor 1, partition 5, PROCESS_LOCAL, 7619 bytes)
[2026-08-21T04:35:00.417+0000] {spark_submit.py:571} INFO - 26/08/21 04:35:00 INFO TaskSetManager: Finished task 4.0 in stage 23.0 (TID 215) in 110 ms on 172.18.0.7 (executor 1) (2/50)
[2026-08-21T04:35:00.420+0000] {spark_submit.py:571} INFO - 26/08/21 04:35:00 INFO TaskSetManager: Starting task 6.0 in stage 23.0 (TID 219) (172.18.0.6, executor 0, partition 6, PROCESS_LOCAL, 7619 bytes)
[2026-08-21T04:35:00.422+0000] {spark_submit.py:571} INFO - 26/08/21 04:35:00 INFO TaskSetManager: Finished task 2.0 in stage 23.0 (TID 216) in 113 ms on 172.18.0.6 (executor 0) (3/50)
[2026-08-21T04:35:00.422+0000] {spark_submit.py:571} INFO - 26/08/21 04:35:00 INFO TaskSetManager: Starting task 7.0 in stage 23.0 (TID 220) (172.18.0.7, executor 1, partition 7, PROCESS_LOCAL, 7619 bytes)
[2026-08-21T04:35:00.422+0000] {spark_submit.py:571} INFO - 26/08/21 04:35:00 INFO TaskSetManager: Finished task 0.0 in stage 23.0 (TID 213) in 117 ms on 172.18.0.7 (executor 1) (4/50)
[2026-08-21T04:35:00.443+0000] {spark_submit.py:571} INFO - 26/08/21 04:35:00 INFO TaskSetManager: Starting task 8.0 in stage 23.0 (TID 221) (172.18.0.6, executor 0, partition 8, PROCESS_LOCAL, 7619 bytes)
[2026-08-21T04:35:00.445+0000] {spark_submit.py:571} INFO - 26/08/21 04:35:00 INFO TaskSetManager: Finished task 6.0 in stage 23.0 (TID 219) in 38 ms on 172.18.0.6 (executor 0) (5/50)
[2026-08-21T04:35:00.453+0000] {spark_submit.py:571} INFO - 26/08/21 04:35:00 INFO TaskSetManager: Starting task 10.0 in stage 23.0 (TID 222) (172.18.0.7, executor 1, partition 10, PROCESS_LOCAL, 7619 bytes)
[2026-08-21T04:35:00.454+0000] {spark_submit.py:571} INFO - 26/08/21 04:35:00 INFO TaskSetManager: Finished task 7.0 in stage 23.0 (TID 220) in 42 ms on 172.18.0.7 (executor 1) (6/50)
[2026-08-21T04:35:00.471+0000] {spark_submit.py:571} INFO - 26/08/21 04:35:00 INFO TaskSetManager: Starting task 11.0 in stage 23.0 (TID 223) (172.18.0.7, executor 1, partition 11, PROCESS_LOCAL, 7619 bytes)
[2026-08-21T04:35:00.472+0000] {spark_submit.py:571} INFO - 26/08/21 04:35:00 INFO TaskSetManager: Starting task 9.0 in stage 23.0 (TID 224) (172.18.0.6, executor 0, partition 9, PROCESS_LOCAL, 7619 bytes)
[2026-08-21T04:35:00.473+0000] {spark_submit.py:571} INFO - 26/08/21 04:35:00 INFO TaskSetManager: Finished task 5.0 in stage 23.0 (TID 218) in 66 ms on 172.18.0.7 (executor 1) (7/50)
[2026-08-21T04:35:00.473+0000] {spark_submit.py:571} INFO - 26/08/21 04:35:00 INFO TaskSetManager: Finished task 3.0 in stage 23.0 (TID 217) in 82 ms on 172.18.0.6 (executor 0) (8/50)
[2026-08-21T04:35:00.483+0000] {spark_submit.py:571} INFO - 26/08/21 04:35:00 INFO TaskSetManager: Starting task 12.0 in stage 23.0 (TID 225) (172.18.0.6, executor 0, partition 12, PROCESS_LOCAL, 7619 bytes)
[2026-08-21T04:35:00.484+0000] {spark_submit.py:571} INFO - 26/08/21 04:35:00 INFO TaskSetManager: Finished task 8.0 in stage 23.0 (TID 221) in 41 ms on 172.18.0.6 (executor 0) (9/50)
[2026-08-21T04:35:00.504+0000] {spark_submit.py:571} INFO - 26/08/21 04:35:00 INFO TaskSetManager: Starting task 14.0 in stage 23.0 (TID 226) (172.18.0.7, executor 1, partition 14, PROCESS_LOCAL, 7619 bytes)
[2026-08-21T04:35:00.506+0000] {spark_submit.py:571} INFO - 26/08/21 04:35:00 INFO TaskSetManager: Finished task 10.0 in stage 23.0 (TID 222) in 53 ms on 172.18.0.7 (executor 1) (10/50)
[2026-08-21T04:35:00.522+0000] {spark_submit.py:571} INFO - 26/08/21 04:35:00 INFO TaskSetManager: Starting task 15.0 in stage 23.0 (TID 227) (172.18.0.7, executor 1, partition 15, PROCESS_LOCAL, 7619 bytes)
[2026-08-21T04:35:00.551+0000] {spark_submit.py:571} INFO - 26/08/21 04:35:00 INFO TaskSetManager: Finished task 11.0 in stage 23.0 (TID 223) in 53 ms on 172.18.0.7 (executor 1) (11/50)
[2026-08-21T04:35:00.555+0000] {spark_submit.py:571} INFO - 26/08/21 04:35:00 INFO TaskSetManager: Finished task 14.0 in stage 23.0 (TID 226) in 52 ms on 172.18.0.7 (executor 1) (12/50)
[2026-08-21T04:35:00.561+0000] {spark_submit.py:571} INFO - 26/08/21 04:35:00 INFO TaskSetManager: Starting task 16.0 in stage 23.0 (TID 228) (172.18.0.7, executor 1, partition 16, PROCESS_LOCAL, 7619 bytes)
[2026-08-21T04:35:00.565+0000] {spark_submit.py:571} INFO - 26/08/21 04:35:00 INFO TaskSetManager: Starting task 13.0 in stage 23.0 (TID 229) (172.18.0.6, executor 0, partition 13, PROCESS_LOCAL, 7619 bytes)
[2026-08-21T04:35:00.565+0000] {spark_submit.py:571} INFO - 26/08/21 04:35:00 INFO TaskSetManager: Starting task 17.0 in stage 23.0 (TID 230) (172.18.0.6, executor 0, partition 17, PROCESS_LOCAL, 7619 bytes)
[2026-08-21T04:35:00.566+0000] {spark_submit.py:571} INFO - 26/08/21 04:35:00 INFO TaskSetManager: Finished task 12.0 in stage 23.0 (TID 225) in 75 ms on 172.18.0.6 (executor 0) (13/50)
[2026-08-21T04:35:00.566+0000] {spark_submit.py:571} INFO - 26/08/21 04:35:00 INFO TaskSetManager: Finished task 9.0 in stage 23.0 (TID 224) in 89 ms on 172.18.0.6 (executor 0) (14/50)
[2026-08-21T04:35:00.568+0000] {spark_submit.py:571} INFO - 26/08/21 04:35:00 INFO BlockManagerInfo: Removed broadcast_17_piece0 on c90a551abb73:40427 in memory (size: 178.5 KiB, free: 433.9 MiB)
[2026-08-21T04:35:00.575+0000] {spark_submit.py:571} INFO - 26/08/21 04:35:00 INFO BlockManagerInfo: Removed broadcast_17_piece0 on 172.18.0.6:40477 in memory (size: 178.5 KiB, free: 433.9 MiB)
[2026-08-21T04:35:00.584+0000] {spark_submit.py:571} INFO - 26/08/21 04:35:00 INFO TaskSetManager: Starting task 18.0 in stage 23.0 (TID 231) (172.18.0.6, executor 0, partition 18, PROCESS_LOCAL, 7619 bytes)
[2026-08-21T04:35:00.584+0000] {spark_submit.py:571} INFO - 26/08/21 04:35:00 INFO TaskSetManager: Finished task 13.0 in stage 23.0 (TID 229) in 26 ms on 172.18.0.6 (executor 0) (15/50)
[2026-08-21T04:35:00.632+0000] {spark_submit.py:571} INFO - 26/08/21 04:35:00 INFO TaskSetManager: Starting task 19.0 in stage 23.0 (TID 232) (172.18.0.7, executor 1, partition 19, PROCESS_LOCAL, 7619 bytes)
[2026-08-21T04:35:00.634+0000] {spark_submit.py:571} INFO - 26/08/21 04:35:00 INFO TaskSetManager: Finished task 15.0 in stage 23.0 (TID 227) in 113 ms on 172.18.0.7 (executor 1) (16/50)
[2026-08-21T04:35:00.649+0000] {spark_submit.py:571} INFO - 26/08/21 04:35:00 INFO TaskSetManager: Starting task 21.0 in stage 23.0 (TID 233) (172.18.0.6, executor 0, partition 21, PROCESS_LOCAL, 7619 bytes)
[2026-08-21T04:35:00.653+0000] {spark_submit.py:571} INFO - 26/08/21 04:35:00 INFO TaskSetManager: Finished task 17.0 in stage 23.0 (TID 230) in 94 ms on 172.18.0.6 (executor 0) (17/50)
[2026-08-21T04:35:00.667+0000] {spark_submit.py:571} INFO - 26/08/21 04:35:00 INFO BlockManagerInfo: Removed broadcast_17_piece0 on 172.18.0.7:33475 in memory (size: 178.5 KiB, free: 433.9 MiB)
[2026-08-21T04:35:00.675+0000] {spark_submit.py:571} INFO - 26/08/21 04:35:00 INFO TaskSetManager: Finished task 18.0 in stage 23.0 (TID 231) in 91 ms on 172.18.0.6 (executor 0) (18/50)
[2026-08-21T04:35:00.678+0000] {spark_submit.py:571} INFO - 26/08/21 04:35:00 INFO TaskSetManager: Starting task 22.0 in stage 23.0 (TID 234) (172.18.0.6, executor 0, partition 22, PROCESS_LOCAL, 7619 bytes)
[2026-08-21T04:35:00.725+0000] {spark_submit.py:571} INFO - 26/08/21 04:35:00 INFO BlockManagerInfo: Removed broadcast_15_piece0 on c90a551abb73:40427 in memory (size: 10.4 KiB, free: 433.9 MiB)
[2026-08-21T04:35:00.743+0000] {spark_submit.py:571} INFO - 26/08/21 04:35:00 INFO TaskSetManager: Starting task 20.0 in stage 23.0 (TID 235) (172.18.0.7, executor 1, partition 20, PROCESS_LOCAL, 7619 bytes)
[2026-08-21T04:35:00.752+0000] {spark_submit.py:571} INFO - 26/08/21 04:35:00 INFO TaskSetManager: Finished task 16.0 in stage 23.0 (TID 228) in 188 ms on 172.18.0.7 (executor 1) (19/50)
[2026-08-21T04:35:00.786+0000] {spark_submit.py:571} INFO - 26/08/21 04:35:00 INFO TaskSetManager: Starting task 24.0 in stage 23.0 (TID 236) (172.18.0.6, executor 0, partition 24, PROCESS_LOCAL, 7619 bytes)
[2026-08-21T04:35:00.786+0000] {spark_submit.py:571} INFO - 26/08/21 04:35:00 INFO TaskSetManager: Finished task 21.0 in stage 23.0 (TID 233) in 115 ms on 172.18.0.6 (executor 0) (20/50)
[2026-08-21T04:35:00.786+0000] {spark_submit.py:571} INFO - 26/08/21 04:35:00 INFO BlockManagerInfo: Removed broadcast_15_piece0 on 172.18.0.6:40477 in memory (size: 10.4 KiB, free: 433.9 MiB)
[2026-08-21T04:35:00.845+0000] {spark_submit.py:571} INFO - 26/08/21 04:35:00 INFO BlockManagerInfo: Removed broadcast_15_piece0 on 172.18.0.7:33475 in memory (size: 10.4 KiB, free: 433.9 MiB)
[2026-08-21T04:35:00.869+0000] {spark_submit.py:571} INFO - 26/08/21 04:35:00 INFO TaskSetManager: Starting task 26.0 in stage 23.0 (TID 237) (172.18.0.6, executor 0, partition 26, PROCESS_LOCAL, 7619 bytes)
[2026-08-21T04:35:00.874+0000] {spark_submit.py:571} INFO - 26/08/21 04:35:00 INFO BlockManagerInfo: Removed broadcast_19_piece0 on c90a551abb73:40427 in memory (size: 5.9 KiB, free: 433.9 MiB)
[2026-08-21T04:35:00.874+0000] {spark_submit.py:571} INFO - 26/08/21 04:35:00 INFO TaskSetManager: Starting task 23.0 in stage 23.0 (TID 238) (172.18.0.7, executor 1, partition 23, PROCESS_LOCAL, 7619 bytes)
[2026-08-21T04:35:00.874+0000] {spark_submit.py:571} INFO - 26/08/21 04:35:00 INFO BlockManagerInfo: Removed broadcast_19_piece0 on 172.18.0.6:40477 in memory (size: 5.9 KiB, free: 433.9 MiB)
[2026-08-21T04:35:00.874+0000] {spark_submit.py:571} INFO - 26/08/21 04:35:00 INFO TaskSetManager: Starting task 25.0 in stage 23.0 (TID 239) (172.18.0.7, executor 1, partition 25, PROCESS_LOCAL, 7619 bytes)
[2026-08-21T04:35:00.874+0000] {spark_submit.py:571} INFO - 26/08/21 04:35:00 INFO TaskSetManager: Finished task 19.0 in stage 23.0 (TID 232) in 230 ms on 172.18.0.7 (executor 1) (21/50)
[2026-08-21T04:35:00.875+0000] {spark_submit.py:571} INFO - 26/08/21 04:35:00 INFO TaskSetManager: Finished task 22.0 in stage 23.0 (TID 234) in 184 ms on 172.18.0.6 (executor 0) (22/50)
[2026-08-21T04:35:00.875+0000] {spark_submit.py:571} INFO - 26/08/21 04:35:00 INFO TaskSetManager: Finished task 20.0 in stage 23.0 (TID 235) in 120 ms on 172.18.0.7 (executor 1) (23/50)
[2026-08-21T04:35:00.876+0000] {spark_submit.py:571} INFO - 26/08/21 04:35:00 INFO TaskSetManager: Starting task 27.0 in stage 23.0 (TID 240) (172.18.0.6, executor 0, partition 27, PROCESS_LOCAL, 7619 bytes)
[2026-08-21T04:35:00.876+0000] {spark_submit.py:571} INFO - 26/08/21 04:35:00 INFO TaskSetManager: Finished task 24.0 in stage 23.0 (TID 236) in 110 ms on 172.18.0.6 (executor 0) (24/50)
[2026-08-21T04:35:00.892+0000] {spark_submit.py:571} INFO - 26/08/21 04:35:00 INFO TaskSetManager: Starting task 28.0 in stage 23.0 (TID 241) (172.18.0.6, executor 0, partition 28, PROCESS_LOCAL, 7619 bytes)
[2026-08-21T04:35:00.895+0000] {spark_submit.py:571} INFO - 26/08/21 04:35:00 INFO TaskSetManager: Finished task 26.0 in stage 23.0 (TID 237) in 57 ms on 172.18.0.6 (executor 0) (25/50)
[2026-08-21T04:35:00.902+0000] {spark_submit.py:571} INFO - 26/08/21 04:35:00 INFO BlockManagerInfo: Removed broadcast_18_piece0 on c90a551abb73:40427 in memory (size: 35.6 KiB, free: 433.9 MiB)
[2026-08-21T04:35:00.904+0000] {spark_submit.py:571} INFO - 26/08/21 04:35:00 INFO TaskSetManager: Starting task 29.0 in stage 23.0 (TID 242) (172.18.0.6, executor 0, partition 29, PROCESS_LOCAL, 7619 bytes)
[2026-08-21T04:35:00.906+0000] {spark_submit.py:571} INFO - 26/08/21 04:35:00 INFO TaskSetManager: Finished task 27.0 in stage 23.0 (TID 240) in 43 ms on 172.18.0.6 (executor 0) (26/50)
[2026-08-21T04:35:00.943+0000] {spark_submit.py:571} INFO - 26/08/21 04:35:00 INFO TaskSetManager: Starting task 32.0 in stage 23.0 (TID 243) (172.18.0.7, executor 1, partition 32, PROCESS_LOCAL, 7619 bytes)
[2026-08-21T04:35:00.949+0000] {spark_submit.py:571} INFO - 26/08/21 04:35:00 INFO TaskSetManager: Starting task 30.0 in stage 23.0 (TID 244) (172.18.0.6, executor 0, partition 30, PROCESS_LOCAL, 7619 bytes)
[2026-08-21T04:35:00.952+0000] {spark_submit.py:571} INFO - 26/08/21 04:35:00 INFO TaskSetManager: Finished task 28.0 in stage 23.0 (TID 241) in 59 ms on 172.18.0.6 (executor 0) (27/50)
[2026-08-21T04:35:00.952+0000] {spark_submit.py:571} INFO - 26/08/21 04:35:00 INFO TaskSetManager: Finished task 25.0 in stage 23.0 (TID 239) in 88 ms on 172.18.0.7 (executor 1) (28/50)
[2026-08-21T04:35:00.953+0000] {spark_submit.py:571} INFO - 26/08/21 04:35:00 INFO BlockManagerInfo: Removed broadcast_13_piece0 on c90a551abb73:40427 in memory (size: 180.5 KiB, free: 434.1 MiB)
[2026-08-21T04:35:00.960+0000] {spark_submit.py:571} INFO - 26/08/21 04:35:00 INFO TaskSetManager: Starting task 31.0 in stage 23.0 (TID 245) (172.18.0.6, executor 0, partition 31, PROCESS_LOCAL, 7619 bytes)
[2026-08-21T04:35:00.961+0000] {spark_submit.py:571} INFO - 26/08/21 04:35:00 INFO TaskSetManager: Finished task 29.0 in stage 23.0 (TID 242) in 57 ms on 172.18.0.6 (executor 0) (29/50)
[2026-08-21T04:35:00.965+0000] {spark_submit.py:571} INFO - 26/08/21 04:35:00 INFO BlockManagerInfo: Removed broadcast_13_piece0 on 172.18.0.6:40477 in memory (size: 180.5 KiB, free: 434.1 MiB)
[2026-08-21T04:35:00.966+0000] {spark_submit.py:571} INFO - 26/08/21 04:35:00 INFO BlockManagerInfo: Removed broadcast_13_piece0 on 172.18.0.7:33475 in memory (size: 180.5 KiB, free: 434.1 MiB)
[2026-08-21T04:35:00.983+0000] {spark_submit.py:571} INFO - 26/08/21 04:35:00 INFO TaskSetManager: Starting task 33.0 in stage 23.0 (TID 246) (172.18.0.7, executor 1, partition 33, PROCESS_LOCAL, 7619 bytes)
[2026-08-21T04:35:00.987+0000] {spark_submit.py:571} INFO - 26/08/21 04:35:00 INFO TaskSetManager: Finished task 23.0 in stage 23.0 (TID 238) in 136 ms on 172.18.0.7 (executor 1) (30/50)
[2026-08-21T04:35:00.995+0000] {spark_submit.py:571} INFO - 26/08/21 04:35:00 INFO BlockManagerInfo: Removed broadcast_16_piece0 on c90a551abb73:40427 in memory (size: 5.9 KiB, free: 434.1 MiB)
[2026-08-21T04:35:01.009+0000] {spark_submit.py:571} INFO - 26/08/21 04:35:01 INFO TaskSetManager: Starting task 34.0 in stage 23.0 (TID 247) (172.18.0.7, executor 1, partition 34, PROCESS_LOCAL, 7619 bytes)
[2026-08-21T04:35:01.012+0000] {spark_submit.py:571} INFO - 26/08/21 04:35:01 INFO TaskSetManager: Finished task 32.0 in stage 23.0 (TID 243) in 69 ms on 172.18.0.7 (executor 1) (31/50)
[2026-08-21T04:35:01.013+0000] {spark_submit.py:571} INFO - 26/08/21 04:35:01 INFO BlockManagerInfo: Removed broadcast_16_piece0 on 172.18.0.6:40477 in memory (size: 5.9 KiB, free: 434.1 MiB)
[2026-08-21T04:35:01.025+0000] {spark_submit.py:571} INFO - 26/08/21 04:35:01 INFO TaskSetManager: Starting task 36.0 in stage 23.0 (TID 248) (172.18.0.6, executor 0, partition 36, PROCESS_LOCAL, 7619 bytes)
[2026-08-21T04:35:01.033+0000] {spark_submit.py:571} INFO - 26/08/21 04:35:01 INFO TaskSetManager: Finished task 31.0 in stage 23.0 (TID 245) in 73 ms on 172.18.0.6 (executor 0) (32/50)
[2026-08-21T04:35:01.034+0000] {spark_submit.py:571} INFO - 26/08/21 04:35:01 INFO TaskSetManager: Starting task 37.0 in stage 23.0 (TID 249) (172.18.0.6, executor 0, partition 37, PROCESS_LOCAL, 7619 bytes)
[2026-08-21T04:35:01.038+0000] {spark_submit.py:571} INFO - 26/08/21 04:35:01 INFO TaskSetManager: Finished task 30.0 in stage 23.0 (TID 244) in 88 ms on 172.18.0.6 (executor 0) (33/50)
[2026-08-21T04:35:01.045+0000] {spark_submit.py:571} INFO - 26/08/21 04:35:01 INFO BlockManagerInfo: Removed broadcast_14_piece0 on c90a551abb73:40427 in memory (size: 35.6 KiB, free: 434.1 MiB)
[2026-08-21T04:35:01.045+0000] {spark_submit.py:571} INFO - 26/08/21 04:35:01 INFO BlockManagerInfo: Removed broadcast_14_piece0 on 172.18.0.6:40477 in memory (size: 35.6 KiB, free: 434.1 MiB)
[2026-08-21T04:35:01.052+0000] {spark_submit.py:571} INFO - 26/08/21 04:35:01 INFO BlockManagerInfo: Removed broadcast_14_piece0 on 172.18.0.7:33475 in memory (size: 35.6 KiB, free: 434.1 MiB)
[2026-08-21T04:35:01.057+0000] {spark_submit.py:571} INFO - 26/08/21 04:35:01 INFO TaskSetManager: Starting task 35.0 in stage 23.0 (TID 250) (172.18.0.7, executor 1, partition 35, PROCESS_LOCAL, 7619 bytes)
[2026-08-21T04:35:01.058+0000] {spark_submit.py:571} INFO - 26/08/21 04:35:01 INFO TaskSetManager: Finished task 33.0 in stage 23.0 (TID 246) in 76 ms on 172.18.0.7 (executor 1) (34/50)
[2026-08-21T04:35:01.086+0000] {spark_submit.py:571} INFO - 26/08/21 04:35:01 INFO TaskSetManager: Starting task 38.0 in stage 23.0 (TID 251) (172.18.0.7, executor 1, partition 38, PROCESS_LOCAL, 7619 bytes)
[2026-08-21T04:35:01.093+0000] {spark_submit.py:571} INFO - 26/08/21 04:35:01 INFO TaskSetManager: Finished task 34.0 in stage 23.0 (TID 247) in 85 ms on 172.18.0.7 (executor 1) (35/50)
[2026-08-21T04:35:01.106+0000] {spark_submit.py:571} INFO - 26/08/21 04:35:01 INFO TaskSetManager: Starting task 41.0 in stage 23.0 (TID 252) (172.18.0.6, executor 0, partition 41, PROCESS_LOCAL, 7619 bytes)
[2026-08-21T04:35:01.107+0000] {spark_submit.py:571} INFO - 26/08/21 04:35:01 INFO TaskSetManager: Starting task 42.0 in stage 23.0 (TID 253) (172.18.0.6, executor 0, partition 42, PROCESS_LOCAL, 7619 bytes)
[2026-08-21T04:35:01.111+0000] {spark_submit.py:571} INFO - 26/08/21 04:35:01 INFO TaskSetManager: Finished task 37.0 in stage 23.0 (TID 249) in 73 ms on 172.18.0.6 (executor 0) (36/50)
[2026-08-21T04:35:01.111+0000] {spark_submit.py:571} INFO - 26/08/21 04:35:01 INFO TaskSetManager: Finished task 36.0 in stage 23.0 (TID 248) in 83 ms on 172.18.0.6 (executor 0) (37/50)
[2026-08-21T04:35:01.138+0000] {spark_submit.py:571} INFO - 26/08/21 04:35:01 INFO TaskSetManager: Starting task 39.0 in stage 23.0 (TID 254) (172.18.0.7, executor 1, partition 39, PROCESS_LOCAL, 7619 bytes)
[2026-08-21T04:35:01.140+0000] {spark_submit.py:571} INFO - 26/08/21 04:35:01 INFO TaskSetManager: Finished task 38.0 in stage 23.0 (TID 251) in 52 ms on 172.18.0.7 (executor 1) (38/50)
[2026-08-21T04:35:01.142+0000] {spark_submit.py:571} INFO - 26/08/21 04:35:01 INFO TaskSetManager: Starting task 40.0 in stage 23.0 (TID 255) (172.18.0.7, executor 1, partition 40, PROCESS_LOCAL, 7619 bytes)
[2026-08-21T04:35:01.144+0000] {spark_submit.py:571} INFO - 26/08/21 04:35:01 INFO TaskSetManager: Finished task 35.0 in stage 23.0 (TID 250) in 85 ms on 172.18.0.7 (executor 1) (39/50)
[2026-08-21T04:35:01.179+0000] {spark_submit.py:571} INFO - 26/08/21 04:35:01 INFO TaskSetManager: Starting task 44.0 in stage 23.0 (TID 256) (172.18.0.6, executor 0, partition 44, PROCESS_LOCAL, 7619 bytes)
[2026-08-21T04:35:01.180+0000] {spark_submit.py:571} INFO - 26/08/21 04:35:01 INFO TaskSetManager: Finished task 42.0 in stage 23.0 (TID 253) in 74 ms on 172.18.0.6 (executor 0) (40/50)
[2026-08-21T04:35:01.198+0000] {spark_submit.py:571} INFO - 26/08/21 04:35:01 INFO TaskSetManager: Starting task 46.0 in stage 23.0 (TID 257) (172.18.0.6, executor 0, partition 46, PROCESS_LOCAL, 7619 bytes)
[2026-08-21T04:35:01.202+0000] {spark_submit.py:571} INFO - 26/08/21 04:35:01 INFO TaskSetManager: Starting task 47.0 in stage 23.0 (TID 258) (172.18.0.6, executor 0, partition 47, PROCESS_LOCAL, 7619 bytes)
[2026-08-21T04:35:01.205+0000] {spark_submit.py:571} INFO - 26/08/21 04:35:01 INFO TaskSetManager: Finished task 44.0 in stage 23.0 (TID 256) in 20 ms on 172.18.0.6 (executor 0) (41/50)
[2026-08-21T04:35:01.205+0000] {spark_submit.py:571} INFO - 26/08/21 04:35:01 INFO TaskSetManager: Finished task 41.0 in stage 23.0 (TID 252) in 95 ms on 172.18.0.6 (executor 0) (42/50)
[2026-08-21T04:35:01.222+0000] {spark_submit.py:571} INFO - 26/08/21 04:35:01 INFO TaskSetManager: Starting task 43.0 in stage 23.0 (TID 259) (172.18.0.7, executor 1, partition 43, PROCESS_LOCAL, 7619 bytes)
[2026-08-21T04:35:01.223+0000] {spark_submit.py:571} INFO - 26/08/21 04:35:01 INFO TaskSetManager: Finished task 39.0 in stage 23.0 (TID 254) in 85 ms on 172.18.0.7 (executor 1) (43/50)
[2026-08-21T04:35:01.230+0000] {spark_submit.py:571} INFO - 26/08/21 04:35:01 INFO TaskSetManager: Starting task 49.0 in stage 23.0 (TID 260) (172.18.0.6, executor 0, partition 49, PROCESS_LOCAL, 7619 bytes)
[2026-08-21T04:35:01.230+0000] {spark_submit.py:571} INFO - 26/08/21 04:35:01 INFO TaskSetManager: Finished task 46.0 in stage 23.0 (TID 257) in 34 ms on 172.18.0.6 (executor 0) (44/50)
[2026-08-21T04:35:01.232+0000] {spark_submit.py:571} INFO - 26/08/21 04:35:01 INFO TaskSetManager: Finished task 47.0 in stage 23.0 (TID 258) in 35 ms on 172.18.0.6 (executor 0) (45/50)
[2026-08-21T04:35:01.240+0000] {spark_submit.py:571} INFO - 26/08/21 04:35:01 INFO TaskSetManager: Starting task 45.0 in stage 23.0 (TID 261) (172.18.0.7, executor 1, partition 45, PROCESS_LOCAL, 7619 bytes)
[2026-08-21T04:35:01.242+0000] {spark_submit.py:571} INFO - 26/08/21 04:35:01 INFO TaskSetManager: Finished task 40.0 in stage 23.0 (TID 255) in 99 ms on 172.18.0.7 (executor 1) (46/50)
[2026-08-21T04:35:01.253+0000] {spark_submit.py:571} INFO - 26/08/21 04:35:01 INFO TaskSetManager: Finished task 49.0 in stage 23.0 (TID 260) in 23 ms on 172.18.0.6 (executor 0) (47/50)
[2026-08-21T04:35:01.265+0000] {spark_submit.py:571} INFO - 26/08/21 04:35:01 INFO TaskSetManager: Starting task 48.0 in stage 23.0 (TID 262) (172.18.0.7, executor 1, partition 48, PROCESS_LOCAL, 7619 bytes)
[2026-08-21T04:35:01.267+0000] {spark_submit.py:571} INFO - 26/08/21 04:35:01 INFO TaskSetManager: Finished task 45.0 in stage 23.0 (TID 261) in 24 ms on 172.18.0.7 (executor 1) (48/50)
[2026-08-21T04:35:01.267+0000] {spark_submit.py:571} INFO - 26/08/21 04:35:01 INFO TaskSetManager: Finished task 43.0 in stage 23.0 (TID 259) in 46 ms on 172.18.0.7 (executor 1) (49/50)
[2026-08-21T04:35:01.292+0000] {spark_submit.py:571} INFO - 26/08/21 04:35:01 INFO TaskSetManager: Finished task 48.0 in stage 23.0 (TID 262) in 27 ms on 172.18.0.7 (executor 1) (50/50)
[2026-08-21T04:35:01.296+0000] {spark_submit.py:571} INFO - 26/08/21 04:35:01 INFO TaskSchedulerImpl: Removed TaskSet 23.0, whose tasks have all completed, from pool
[2026-08-21T04:35:01.297+0000] {spark_submit.py:571} INFO - 26/08/21 04:35:01 INFO DAGScheduler: ResultStage 23 ($anonfun$recordDeltaOperationInternal$1 at DatabricksLogging.scala:128) finished in 1.017 s
[2026-08-21T04:35:01.297+0000] {spark_submit.py:571} INFO - 26/08/21 04:35:01 INFO DAGScheduler: Job 13 is finished. Cancelling potential speculative or zombie tasks for this job
[2026-08-21T04:35:01.298+0000] {spark_submit.py:571} INFO - 26/08/21 04:35:01 INFO TaskSchedulerImpl: Killing all running tasks in stage 23: Stage finished
[2026-08-21T04:35:01.299+0000] {spark_submit.py:571} INFO - 26/08/21 04:35:01 INFO DAGScheduler: Job 13 finished: $anonfun$recordDeltaOperationInternal$1 at DatabricksLogging.scala:128, took 1.029038 s
[2026-08-21T04:35:01.325+0000] {spark_submit.py:571} INFO - 26/08/21 04:35:01 INFO PrepareDeltaScan: DELTA: Done
[2026-08-21T04:35:01.335+0000] {spark_submit.py:571} INFO - 26/08/21 04:35:01 INFO DataSourceStrategy: Pruning directories with: isnotnull(date#66),isnotnull(hour#67),(date#66 = 2025-06-01),(hour#67 = 00)
[2026-08-21T04:35:01.339+0000] {spark_submit.py:571} INFO - 26/08/21 04:35:01 INFO FileSourceStrategy: Pushed Filters: IsNotNull(total_traffic_gb),IsNotNull(dl_prb_used),IsNotNull(cell_name),IsNotNull(x),IsNotNull(y),GreaterThanOrEqual(total_traffic_gb,0.0),GreaterThanOrEqual(dl_prb_used,0.0)
[2026-08-21T04:35:01.340+0000] {spark_submit.py:571} INFO - 26/08/21 04:35:01 INFO FileSourceStrategy: Post-Scan Filters: isnotnull(total_traffic_gb#53),isnotnull(dl_prb_used#59),isnotnull(cell_name#49),isnotnull(x#64),isnotnull(y#65),(total_traffic_gb#53 >= 0.0),(dl_prb_used#59 >= 0.0)
[2026-08-21T04:35:01.416+0000] {spark_submit.py:571} INFO - 26/08/21 04:35:01 INFO ParquetUtils: Using default output committer for Parquet: org.apache.parquet.hadoop.ParquetOutputCommitter
[2026-08-21T04:35:01.456+0000] {spark_submit.py:571} INFO - 26/08/21 04:35:01 INFO CodeGenerator: Code generated in 12.93442 ms
[2026-08-21T04:35:01.462+0000] {spark_submit.py:571} INFO - 26/08/21 04:35:01 INFO MemoryStore: Block broadcast_21 stored as values in memory (estimated size 205.1 KiB, free 432.6 MiB)
[2026-08-21T04:35:01.472+0000] {spark_submit.py:571} INFO - 26/08/21 04:35:01 INFO MemoryStore: Block broadcast_21_piece0 stored as bytes in memory (estimated size 36.0 KiB, free 432.5 MiB)
[2026-08-21T04:35:01.474+0000] {spark_submit.py:571} INFO - 26/08/21 04:35:01 INFO BlockManagerInfo: Added broadcast_21_piece0 in memory on c90a551abb73:40427 (size: 36.0 KiB, free: 434.1 MiB)
[2026-08-21T04:35:01.474+0000] {spark_submit.py:571} INFO - 26/08/21 04:35:01 INFO SparkContext: Created broadcast 21 from save at NativeMethodAccessorImpl.java:0
[2026-08-21T04:35:01.476+0000] {spark_submit.py:571} INFO - 26/08/21 04:35:01 INFO FileSourceScanExec: Planning scan with bin packing, max size: 4194304 bytes, open cost is considered as scanning 4194304 bytes.
[2026-08-21T04:35:01.524+0000] {spark_submit.py:571} INFO - 26/08/21 04:35:01 INFO SparkContext: Starting job: save at NativeMethodAccessorImpl.java:0
[2026-08-21T04:35:01.525+0000] {spark_submit.py:571} INFO - 26/08/21 04:35:01 INFO DAGScheduler: Got job 14 (save at NativeMethodAccessorImpl.java:0) with 2 output partitions
[2026-08-21T04:35:01.528+0000] {spark_submit.py:571} INFO - 26/08/21 04:35:01 INFO DAGScheduler: Final stage: ResultStage 24 (save at NativeMethodAccessorImpl.java:0)
[2026-08-21T04:35:01.528+0000] {spark_submit.py:571} INFO - 26/08/21 04:35:01 INFO DAGScheduler: Parents of final stage: List()
[2026-08-21T04:35:01.529+0000] {spark_submit.py:571} INFO - 26/08/21 04:35:01 INFO DAGScheduler: Missing parents: List()
[2026-08-21T04:35:01.529+0000] {spark_submit.py:571} INFO - 26/08/21 04:35:01 INFO DAGScheduler: Submitting ResultStage 24 (MapPartitionsRDD[62] at save at NativeMethodAccessorImpl.java:0), which has no missing parents
[2026-08-21T04:35:01.559+0000] {spark_submit.py:571} INFO - 26/08/21 04:35:01 INFO MemoryStore: Block broadcast_22 stored as values in memory (estimated size 378.8 KiB, free 432.2 MiB)
[2026-08-21T04:35:01.561+0000] {spark_submit.py:571} INFO - 26/08/21 04:35:01 INFO MemoryStore: Block broadcast_22_piece0 stored as bytes in memory (estimated size 133.9 KiB, free 432.0 MiB)
[2026-08-21T04:35:01.561+0000] {spark_submit.py:571} INFO - 26/08/21 04:35:01 INFO BlockManagerInfo: Added broadcast_22_piece0 in memory on c90a551abb73:40427 (size: 133.9 KiB, free: 434.0 MiB)
[2026-08-21T04:35:01.562+0000] {spark_submit.py:571} INFO - 26/08/21 04:35:01 INFO SparkContext: Created broadcast 22 from broadcast at DAGScheduler.scala:1585
[2026-08-21T04:35:01.563+0000] {spark_submit.py:571} INFO - 26/08/21 04:35:01 INFO DAGScheduler: Submitting 2 missing tasks from ResultStage 24 (MapPartitionsRDD[62] at save at NativeMethodAccessorImpl.java:0) (first 15 tasks are for partitions Vector(0, 1))
[2026-08-21T04:35:01.565+0000] {spark_submit.py:571} INFO - 26/08/21 04:35:01 INFO TaskSchedulerImpl: Adding task set 24.0 with 2 tasks resource profile 0
[2026-08-21T04:35:01.566+0000] {spark_submit.py:571} INFO - 26/08/21 04:35:01 INFO TaskSetManager: Starting task 0.0 in stage 24.0 (TID 263) (172.18.0.6, executor 0, partition 0, PROCESS_LOCAL, 8388 bytes)
[2026-08-21T04:35:01.567+0000] {spark_submit.py:571} INFO - 26/08/21 04:35:01 INFO TaskSetManager: Starting task 1.0 in stage 24.0 (TID 264) (172.18.0.7, executor 1, partition 1, PROCESS_LOCAL, 8388 bytes)
[2026-08-21T04:35:01.580+0000] {spark_submit.py:571} INFO - 26/08/21 04:35:01 INFO BlockManagerInfo: Added broadcast_22_piece0 in memory on 172.18.0.7:33475 (size: 133.9 KiB, free: 434.0 MiB)
[2026-08-21T04:35:01.595+0000] {spark_submit.py:571} INFO - 26/08/21 04:35:01 INFO BlockManagerInfo: Added broadcast_22_piece0 in memory on 172.18.0.6:40477 (size: 133.9 KiB, free: 434.0 MiB)
[2026-08-21T04:35:01.733+0000] {spark_submit.py:571} INFO - 26/08/21 04:35:01 INFO BlockManagerInfo: Added broadcast_21_piece0 in memory on 172.18.0.7:33475 (size: 36.0 KiB, free: 434.0 MiB)
[2026-08-21T04:35:01.791+0000] {spark_submit.py:571} INFO - 26/08/21 04:35:01 INFO BlockManagerInfo: Added broadcast_21_piece0 in memory on 172.18.0.6:40477 (size: 36.0 KiB, free: 434.0 MiB)
[2026-08-21T04:35:03.268+0000] {spark_submit.py:571} INFO - 26/08/21 04:35:03 INFO TaskSetManager: Finished task 1.0 in stage 24.0 (TID 264) in 1701 ms on 172.18.0.7 (executor 1) (1/2)
[2026-08-21T04:35:03.326+0000] {spark_submit.py:571} INFO - 26/08/21 04:35:03 INFO TaskSetManager: Finished task 0.0 in stage 24.0 (TID 263) in 1762 ms on 172.18.0.6 (executor 0) (2/2)
[2026-08-21T04:35:03.327+0000] {spark_submit.py:571} INFO - 26/08/21 04:35:03 INFO TaskSchedulerImpl: Removed TaskSet 24.0, whose tasks have all completed, from pool
[2026-08-21T04:35:03.327+0000] {spark_submit.py:571} INFO - 26/08/21 04:35:03 INFO DAGScheduler: ResultStage 24 (save at NativeMethodAccessorImpl.java:0) finished in 1.800 s
[2026-08-21T04:35:03.327+0000] {spark_submit.py:571} INFO - 26/08/21 04:35:03 INFO DAGScheduler: Job 14 is finished. Cancelling potential speculative or zombie tasks for this job
[2026-08-21T04:35:03.328+0000] {spark_submit.py:571} INFO - 26/08/21 04:35:03 INFO TaskSchedulerImpl: Killing all running tasks in stage 24: Stage finished
[2026-08-21T04:35:03.329+0000] {spark_submit.py:571} INFO - 26/08/21 04:35:03 INFO DAGScheduler: Job 14 finished: save at NativeMethodAccessorImpl.java:0, took 1.804150 s
[2026-08-21T04:35:03.329+0000] {spark_submit.py:571} INFO - 26/08/21 04:35:03 INFO DeltaFileFormatWriter: Start to commit write Job 581cace6-d9ab-41e7-abe2-26b2bfbfb908.
[2026-08-21T04:35:03.330+0000] {spark_submit.py:571} INFO - 26/08/21 04:35:03 INFO DeltaFileFormatWriter: Write Job 581cace6-d9ab-41e7-abe2-26b2bfbfb908 committed. Elapsed time: 0 ms.
[2026-08-21T04:35:03.332+0000] {spark_submit.py:571} INFO - 26/08/21 04:35:03 INFO DeltaFileFormatWriter: Finished processing stats for write job 581cace6-d9ab-41e7-abe2-26b2bfbfb908.
[2026-08-21T04:35:03.420+0000] {spark_submit.py:571} INFO - 26/08/21 04:35:03 INFO OptimisticTransaction: [tableId=a273fe3a,txnId=107916ae] Attempting to commit version 0 with 5 actions with Serializable isolation level
[2026-08-21T04:35:03.605+0000] {spark_submit.py:571} INFO - 26/08/21 04:35:03 INFO DeltaLog: Creating a new snapshot v0 for commit version 0
[2026-08-21T04:35:03.605+0000] {spark_submit.py:571} INFO - 26/08/21 04:35:03 INFO DeltaLog: Loading version 0.
[2026-08-21T04:35:03.609+0000] {spark_submit.py:571} INFO - 26/08/21 04:35:03 INFO DeltaLogFileIndex: Created DeltaLogFileIndex(JSON, numFilesInSegment: 1, totalFileSize: 5813)
[2026-08-21T04:35:03.630+0000] {spark_submit.py:571} INFO - 26/08/21 04:35:03 INFO DataSourceStrategy: Pruning directories with:
[2026-08-21T04:35:03.630+0000] {spark_submit.py:571} INFO - 26/08/21 04:35:03 INFO FileSourceStrategy: Pushed Filters:
[2026-08-21T04:35:03.631+0000] {spark_submit.py:571} INFO - 26/08/21 04:35:03 INFO FileSourceStrategy: Post-Scan Filters: ((isnotnull(protocol#1250.minReaderVersion) OR isnotnull(metaData#1249.id)) OR (isnotnull(commitInfo#1251.inCommitTimestamp) AND (version#1252L = 0)))
[2026-08-21T04:35:03.643+0000] {spark_submit.py:571} INFO - 26/08/21 04:35:03 INFO MemoryStore: Block broadcast_23 stored as values in memory (estimated size 201.8 KiB, free 431.8 MiB)
[2026-08-21T04:35:03.649+0000] {spark_submit.py:571} INFO - 26/08/21 04:35:03 INFO MemoryStore: Block broadcast_23_piece0 stored as bytes in memory (estimated size 35.0 KiB, free 431.8 MiB)
[2026-08-21T04:35:03.649+0000] {spark_submit.py:571} INFO - 26/08/21 04:35:03 INFO BlockManagerInfo: Added broadcast_23_piece0 in memory on c90a551abb73:40427 (size: 35.0 KiB, free: 433.9 MiB)
[2026-08-21T04:35:03.650+0000] {spark_submit.py:571} INFO - 26/08/21 04:35:03 INFO SparkContext: Created broadcast 23 from $anonfun$recordDeltaOperationInternal$1 at DatabricksLogging.scala:128
[2026-08-21T04:35:03.651+0000] {spark_submit.py:571} INFO - 26/08/21 04:35:03 INFO FileSourceScanExec: Planning scan with bin packing, max size: 4194304 bytes, open cost is considered as scanning 4194304 bytes.
[2026-08-21T04:35:03.663+0000] {spark_submit.py:571} INFO - 26/08/21 04:35:03 INFO SparkContext: Starting job: $anonfun$recordDeltaOperationInternal$1 at DatabricksLogging.scala:128
[2026-08-21T04:35:03.663+0000] {spark_submit.py:571} INFO - 26/08/21 04:35:03 INFO DAGScheduler: Got job 15 ($anonfun$recordDeltaOperationInternal$1 at DatabricksLogging.scala:128) with 1 output partitions
[2026-08-21T04:35:03.664+0000] {spark_submit.py:571} INFO - 26/08/21 04:35:03 INFO DAGScheduler: Final stage: ResultStage 25 ($anonfun$recordDeltaOperationInternal$1 at DatabricksLogging.scala:128)
[2026-08-21T04:35:03.664+0000] {spark_submit.py:571} INFO - 26/08/21 04:35:03 INFO DAGScheduler: Parents of final stage: List()
[2026-08-21T04:35:03.665+0000] {spark_submit.py:571} INFO - 26/08/21 04:35:03 INFO DAGScheduler: Missing parents: List()
[2026-08-21T04:35:03.665+0000] {spark_submit.py:571} INFO - 26/08/21 04:35:03 INFO DAGScheduler: Submitting ResultStage 25 (MapPartitionsRDD[66] at $anonfun$recordDeltaOperationInternal$1 at DatabricksLogging.scala:128), which has no missing parents
[2026-08-21T04:35:03.665+0000] {spark_submit.py:571} INFO - 26/08/21 04:35:03 INFO MemoryStore: Block broadcast_24 stored as values in memory (estimated size 55.2 KiB, free 431.7 MiB)
[2026-08-21T04:35:03.666+0000] {spark_submit.py:571} INFO - 26/08/21 04:35:03 INFO MemoryStore: Block broadcast_24_piece0 stored as bytes in memory (estimated size 17.2 KiB, free 431.7 MiB)
[2026-08-21T04:35:03.667+0000] {spark_submit.py:571} INFO - 26/08/21 04:35:03 INFO BlockManagerInfo: Added broadcast_24_piece0 in memory on c90a551abb73:40427 (size: 17.2 KiB, free: 433.9 MiB)
[2026-08-21T04:35:03.667+0000] {spark_submit.py:571} INFO - 26/08/21 04:35:03 INFO SparkContext: Created broadcast 24 from broadcast at DAGScheduler.scala:1585
[2026-08-21T04:35:03.668+0000] {spark_submit.py:571} INFO - 26/08/21 04:35:03 INFO DAGScheduler: Submitting 1 missing tasks from ResultStage 25 (MapPartitionsRDD[66] at $anonfun$recordDeltaOperationInternal$1 at DatabricksLogging.scala:128) (first 15 tasks are for partitions Vector(0))
[2026-08-21T04:35:03.668+0000] {spark_submit.py:571} INFO - 26/08/21 04:35:03 INFO TaskSchedulerImpl: Adding task set 25.0 with 1 tasks resource profile 0
[2026-08-21T04:35:03.668+0000] {spark_submit.py:571} INFO - 26/08/21 04:35:03 INFO TaskSetManager: Starting task 0.0 in stage 25.0 (TID 265) (172.18.0.6, executor 0, partition 0, PROCESS_LOCAL, 8297 bytes)
[2026-08-21T04:35:03.677+0000] {spark_submit.py:571} INFO - 26/08/21 04:35:03 INFO BlockManagerInfo: Added broadcast_24_piece0 in memory on 172.18.0.6:40477 (size: 17.2 KiB, free: 434.0 MiB)
[2026-08-21T04:35:03.693+0000] {spark_submit.py:571} INFO - 26/08/21 04:35:03 INFO BlockManagerInfo: Added broadcast_23_piece0 in memory on 172.18.0.6:40477 (size: 35.0 KiB, free: 433.9 MiB)
[2026-08-21T04:35:03.723+0000] {spark_submit.py:571} INFO - 26/08/21 04:35:03 INFO TaskSetManager: Finished task 0.0 in stage 25.0 (TID 265) in 55 ms on 172.18.0.6 (executor 0) (1/1)
[2026-08-21T04:35:03.724+0000] {spark_submit.py:571} INFO - 26/08/21 04:35:03 INFO TaskSchedulerImpl: Removed TaskSet 25.0, whose tasks have all completed, from pool
[2026-08-21T04:35:03.726+0000] {spark_submit.py:571} INFO - 26/08/21 04:35:03 INFO DAGScheduler: ResultStage 25 ($anonfun$recordDeltaOperationInternal$1 at DatabricksLogging.scala:128) finished in 0.060 s
[2026-08-21T04:35:03.726+0000] {spark_submit.py:571} INFO - 26/08/21 04:35:03 INFO DAGScheduler: Job 15 is finished. Cancelling potential speculative or zombie tasks for this job
[2026-08-21T04:35:03.726+0000] {spark_submit.py:571} INFO - 26/08/21 04:35:03 INFO TaskSchedulerImpl: Killing all running tasks in stage 25: Stage finished
[2026-08-21T04:35:03.726+0000] {spark_submit.py:571} INFO - 26/08/21 04:35:03 INFO DAGScheduler: Job 15 finished: $anonfun$recordDeltaOperationInternal$1 at DatabricksLogging.scala:128, took 0.062629 s
[2026-08-21T04:35:03.733+0000] {spark_submit.py:571} INFO - 26/08/21 04:35:03 INFO Snapshot: [tableId=a273fe3a-ec1f-426e-92d2-b8217747dc0c] Created snapshot Snapshot(path=s3a://silver/cell_kpi_clean/_delta_log, version=0, metadata=Metadata(8fd6b178-1d15-4009-98af-a535a11b587e,null,null,Format(parquet,Map()),{"type":"struct","fields":[{"name":"enb_name","type":"string","nullable":true,"metadata":{}},{"name":"cell_name","type":"string","nullable":true,"metadata":{}},{"name":"date_hour","type":"string","nullable":true,"metadata":{}},{"name":"dl_traffic_gb","type":"double","nullable":true,"metadata":{}},{"name":"ul_traffic_gb","type":"double","nullable":true,"metadata":{}},{"name":"total_traffic_gb","type":"double","nullable":true,"metadata":{}},{"name":"max_rrc_connected_user","type":"integer","nullable":true,"metadata":{}},{"name":"ul_prb","type":"double","nullable":true,"metadata":{}},{"name":"ul_prb_used","type":"double","nullable":true,"metadata":{}},{"name":"ul_prb_available_total","type":"double","nullable":true,"metadata":{}},{"name":"dl_prb","type":"double","nullable":true,"metadata":{}},{"name":"dl_prb_used","type":"double","nullable":true,"metadata":{}},{"name":"dl_prb_available_total","type":"double","nullable":true,"metadata":{}},{"name":"sector","type":"string","nullable":true,"metadata":{}},{"name":"azimuth","type":"integer","nullable":true,"metadata":{}},{"name":"cell_type","type":"string","nullable":true,"metadata":{}},{"name":"x","type":"double","nullable":true,"metadata":{}},{"name":"y","type":"double","nullable":true,"metadata":{}},{"name":"date","type":"string","nullable":true,"metadata":{}},{"name":"hour","type":"string","nullable":true,"metadata":{}}]},List(date, hour),Map(),Some(1787286899856)), logSegment=LogSegment(s3a://silver/cell_kpi_clean/_delta_log,0,List(S3AFileStatus{path=s3a://silver/cell_kpi_clean/_delta_log/00000000000000000000.json; isDirectory=false; length=5813; replication=1; blocksize=33554432; modification_time=1787286903000; access_time=0; owner=***; group=***; permission=rw-rw-rw-; isSymlink=false; hasAcl=false; isEncrypted=true; isErasureCoded=false} isEmptyDirectory=FALSE eTag=a61f93f542e7cbeb3c02c48bda3dd9d1 versionId=null),org.apache.spark.sql.delta.EmptyCheckpointProvider$@5eedeacd,1787286903000), checksumOpt=None)
[2026-08-21T04:35:03.734+0000] {spark_submit.py:571} INFO - 26/08/21 04:35:03 INFO DeltaLog: Updated snapshot to Snapshot(path=s3a://silver/cell_kpi_clean/_delta_log, version=0, metadata=Metadata(8fd6b178-1d15-4009-98af-a535a11b587e,null,null,Format(parquet,Map()),{"type":"struct","fields":[{"name":"enb_name","type":"string","nullable":true,"metadata":{}},{"name":"cell_name","type":"string","nullable":true,"metadata":{}},{"name":"date_hour","type":"string","nullable":true,"metadata":{}},{"name":"dl_traffic_gb","type":"double","nullable":true,"metadata":{}},{"name":"ul_traffic_gb","type":"double","nullable":true,"metadata":{}},{"name":"total_traffic_gb","type":"double","nullable":true,"metadata":{}},{"name":"max_rrc_connected_user","type":"integer","nullable":true,"metadata":{}},{"name":"ul_prb","type":"double","nullable":true,"metadata":{}},{"name":"ul_prb_used","type":"double","nullable":true,"metadata":{}},{"name":"ul_prb_available_total","type":"double","nullable":true,"metadata":{}},{"name":"dl_prb","type":"double","nullable":true,"metadata":{}},{"name":"dl_prb_used","type":"double","nullable":true,"metadata":{}},{"name":"dl_prb_available_total","type":"double","nullable":true,"metadata":{}},{"name":"sector","type":"string","nullable":true,"metadata":{}},{"name":"azimuth","type":"integer","nullable":true,"metadata":{}},{"name":"cell_type","type":"string","nullable":true,"metadata":{}},{"name":"x","type":"double","nullable":true,"metadata":{}},{"name":"y","type":"double","nullable":true,"metadata":{}},{"name":"date","type":"string","nullable":true,"metadata":{}},{"name":"hour","type":"string","nullable":true,"metadata":{}}]},List(date, hour),Map(),Some(1787286899856)), logSegment=LogSegment(s3a://silver/cell_kpi_clean/_delta_log,0,List(S3AFileStatus{path=s3a://silver/cell_kpi_clean/_delta_log/00000000000000000000.json; isDirectory=false; length=5813; replication=1; blocksize=33554432; modification_time=1787286903000; access_time=0; owner=***; group=***; permission=rw-rw-rw-; isSymlink=false; hasAcl=false; isEncrypted=true; isErasureCoded=false} isEmptyDirectory=FALSE eTag=a61f93f542e7cbeb3c02c48bda3dd9d1 versionId=null),org.apache.spark.sql.delta.EmptyCheckpointProvider$@5eedeacd,1787286903000), checksumOpt=None)
[2026-08-21T04:35:03.770+0000] {spark_submit.py:571} INFO - 26/08/21 04:35:03 INFO OptimisticTransaction: [tableId=a273fe3a,txnId=107916ae] Committed delta #0 to s3a://silver/cell_kpi_clean/_delta_log
[2026-08-21T04:35:03.773+0000] {spark_submit.py:571} INFO - 26/08/21 04:35:03 INFO SparkContext: SparkContext is stopping with exitCode 0.
[2026-08-21T04:35:03.775+0000] {spark_submit.py:571} INFO - Quy trình QC Silver hoàn tất!
[2026-08-21T04:35:03.783+0000] {spark_submit.py:571} INFO - 26/08/21 04:35:03 INFO SparkUI: Stopped Spark web UI at http://c90a551abb73:4040
[2026-08-21T04:35:03.787+0000] {spark_submit.py:571} INFO - 26/08/21 04:35:03 INFO StandaloneSchedulerBackend: Shutting down all executors
[2026-08-21T04:35:03.788+0000] {spark_submit.py:571} INFO - 26/08/21 04:35:03 INFO StandaloneSchedulerBackend$StandaloneDriverEndpoint: Asking each executor to shut down
[2026-08-21T04:35:03.828+0000] {spark_submit.py:571} INFO - 26/08/21 04:35:03 INFO MapOutputTrackerMasterEndpoint: MapOutputTrackerMasterEndpoint stopped!
[2026-08-21T04:35:03.868+0000] {spark_submit.py:571} INFO - 26/08/21 04:35:03 INFO MemoryStore: MemoryStore cleared
[2026-08-21T04:35:03.869+0000] {spark_submit.py:571} INFO - 26/08/21 04:35:03 INFO BlockManager: BlockManager stopped
[2026-08-21T04:35:03.875+0000] {spark_submit.py:571} INFO - 26/08/21 04:35:03 INFO BlockManagerMaster: BlockManagerMaster stopped
[2026-08-21T04:35:03.880+0000] {spark_submit.py:571} INFO - 26/08/21 04:35:03 INFO OutputCommitCoordinator$OutputCommitCoordinatorEndpoint: OutputCommitCoordinator stopped!
[2026-08-21T04:35:03.939+0000] {spark_submit.py:571} INFO - 26/08/21 04:35:03 INFO SparkContext: Successfully stopped SparkContext
[2026-08-21T04:35:04.469+0000] {spark_submit.py:571} INFO - 26/08/21 04:35:04 INFO ShutdownHookManager: Shutdown hook called
[2026-08-21T04:35:04.470+0000] {spark_submit.py:571} INFO - 26/08/21 04:35:04 INFO ShutdownHookManager: Deleting directory /tmp/spark-c8c61f4b-3442-469a-a7fb-b069d8821529
[2026-08-21T04:35:04.485+0000] {spark_submit.py:571} INFO - 26/08/21 04:35:04 INFO ShutdownHookManager: Deleting directory /tmp/spark-33f82570-518d-4297-82fb-dfc19648dd69
[2026-08-21T04:35:04.495+0000] {spark_submit.py:571} INFO - 26/08/21 04:35:04 INFO ShutdownHookManager: Deleting directory /tmp/spark-33f82570-518d-4297-82fb-dfc19648dd69/pyspark-c4b82619-fe2b-4683-98dc-a4ad88d7d31a
[2026-08-21T04:35:04.511+0000] {spark_submit.py:571} INFO - 26/08/21 04:35:04 INFO MetricsSystemImpl: Stopping s3a-file-system metrics system...
[2026-08-21T04:35:04.511+0000] {spark_submit.py:571} INFO - 26/08/21 04:35:04 INFO MetricsSystemImpl: s3a-file-system metrics system stopped.
[2026-08-21T04:35:04.511+0000] {spark_submit.py:571} INFO - 26/08/21 04:35:04 INFO MetricsSystemImpl: s3a-file-system metrics system shutdown complete.
[2026-08-21T04:35:04.643+0000] {taskinstance.py:441} INFO - ::group::Post task execution logs
[2026-08-21T04:35:04.660+0000] {taskinstance.py:1206} INFO - Marking task as SUCCESS. dag_id=cell_kpi_hourly_anomaly_pipeline, task_id=2_qc_hourly_silver, run_id=scheduled__2025-05-31T17:00:00+00:00, execution_date=20250531T170000, start_date=20260821T043320, end_date=20260821T043504
[2026-08-21T04:35:04.718+0000] {local_task_job_runner.py:240} INFO - Task exited with return code 0
[2026-08-21T04:35:04.736+0000] {taskinstance.py:3498} INFO - 0 downstream tasks scheduled from follow-on schedule check
[2026-08-21T04:35:04.738+0000] {local_task_job_runner.py:222} INFO - ::endgroup::
