[2026-08-21T01:11:22.659+0000] {manager.py:470} INFO - Processing files using up to 2 processes at a time 
[2026-08-21T01:11:22.660+0000] {manager.py:471} INFO - Process each file at most once every 30 seconds
[2026-08-21T01:11:22.660+0000] {manager.py:472} INFO - Checking for new files in /opt/airflow/dags every 300 seconds
[2026-08-21T01:11:22.661+0000] {manager.py:737} INFO - Searching for files in /opt/airflow/dags
[2026-08-21T01:11:22.662+0000] {manager.py:740} INFO - There are 0 files in /opt/airflow/dags
[2026-08-21T01:16:23.646+0000] {manager.py:737} INFO - Searching for files in /opt/airflow/dags
[2026-08-21T01:16:23.647+0000] {manager.py:740} INFO - There are 0 files in /opt/airflow/dags
[2026-08-21T01:21:24.584+0000] {manager.py:737} INFO - Searching for files in /opt/airflow/dags
[2026-08-21T01:21:24.585+0000] {manager.py:740} INFO - There are 0 files in /opt/airflow/dags
[2026-08-21T01:26:25.535+0000] {manager.py:737} INFO - Searching for files in /opt/airflow/dags
[2026-08-21T01:26:25.536+0000] {manager.py:740} INFO - There are 0 files in /opt/airflow/dags
[2026-08-21T01:31:26.493+0000] {manager.py:737} INFO - Searching for files in /opt/airflow/dags
[2026-08-21T01:31:26.493+0000] {manager.py:740} INFO - There are 0 files in /opt/airflow/dags
[2026-08-21T01:36:27.450+0000] {manager.py:737} INFO - Searching for files in /opt/airflow/dags
[2026-08-21T01:36:27.451+0000] {manager.py:740} INFO - There are 0 files in /opt/airflow/dags
[2026-08-21T01:41:28.422+0000] {manager.py:737} INFO - Searching for files in /opt/airflow/dags
[2026-08-21T01:41:28.423+0000] {manager.py:740} INFO - There are 0 files in /opt/airflow/dags
[2026-08-21T01:43:42.608+0000] {manager.py:452} INFO - Exiting gracefully upon receiving signal 15
[2026-08-21T02:14:06.519+0000] {manager.py:470} INFO - Processing files using up to 2 processes at a time 
[2026-08-21T02:14:06.521+0000] {manager.py:471} INFO - Process each file at most once every 30 seconds
[2026-08-21T02:14:06.521+0000] {manager.py:472} INFO - Checking for new files in /opt/airflow/dags every 300 seconds
[2026-08-21T02:14:06.522+0000] {manager.py:737} INFO - Searching for files in /opt/airflow/dags
[2026-08-21T02:14:06.523+0000] {manager.py:740} INFO - There are 0 files in /opt/airflow/dags
[2026-08-21T02:19:07.515+0000] {manager.py:737} INFO - Searching for files in /opt/airflow/dags
[2026-08-21T02:19:07.516+0000] {manager.py:740} INFO - There are 0 files in /opt/airflow/dags
[2026-08-21T02:24:08.463+0000] {manager.py:737} INFO - Searching for files in /opt/airflow/dags
[2026-08-21T02:24:08.464+0000] {manager.py:740} INFO - There are 0 files in /opt/airflow/dags
[2026-08-21T02:29:09.404+0000] {manager.py:737} INFO - Searching for files in /opt/airflow/dags
[2026-08-21T02:29:09.405+0000] {manager.py:740} INFO - There are 1 files in /opt/airflow/dags
[2026-08-21T02:29:09.828+0000] {manager.py:878} INFO - 
================================================================================
DAG File Processing Stats

File Path                              PID  Runtime      # DAGs    # Errors  Last Runtime    Last Run
-----------------------------------  -----  ---------  --------  ----------  --------------  ----------
/opt/airflow/dags/kpi_hourly_dag.py    160  0.01s             0           0
================================================================================
[2026-08-21T02:29:39.926+0000] {manager.py:878} INFO - 
================================================================================
DAG File Processing Stats

File Path                            PID    Runtime      # DAGs    # Errors  Last Runtime    Last Run
-----------------------------------  -----  ---------  --------  ----------  --------------  -------------------
/opt/airflow/dags/kpi_hourly_dag.py                           1           0  0.48s           2026-08-21T02:29:10
================================================================================
[2026-08-21T02:30:10.521+0000] {manager.py:878} INFO - 
================================================================================
DAG File Processing Stats

File Path                              PID  Runtime      # DAGs    # Errors  Last Runtime    Last Run
-----------------------------------  -----  ---------  --------  ----------  --------------  -------------------
/opt/airflow/dags/kpi_hourly_dag.py    170  0.01s             1           0  0.12s           2026-08-21T02:29:40
================================================================================
[2026-08-21T02:30:40.708+0000] {manager.py:878} INFO - 
================================================================================
DAG File Processing Stats

File Path                              PID  Runtime      # DAGs    # Errors  Last Runtime    Last Run
-----------------------------------  -----  ---------  --------  ----------  --------------  -------------------
/opt/airflow/dags/kpi_hourly_dag.py    175  0.00s             1           0  0.12s           2026-08-21T02:30:10
================================================================================
[2026-08-21T02:31:10.830+0000] {manager.py:878} INFO - 
================================================================================
DAG File Processing Stats

File Path                              PID  Runtime      # DAGs    # Errors  Last Runtime    Last Run
-----------------------------------  -----  ---------  --------  ----------  --------------  -------------------
/opt/airflow/dags/kpi_hourly_dag.py    180  0.00s             1           0  0.12s           2026-08-21T02:30:40
================================================================================
[2026-08-21T02:31:41.014+0000] {manager.py:878} INFO - 
================================================================================
DAG File Processing Stats

File Path                              PID  Runtime      # DAGs    # Errors  Last Runtime    Last Run
-----------------------------------  -----  ---------  --------  ----------  --------------  -------------------
/opt/airflow/dags/kpi_hourly_dag.py    185  0.01s             1           0  0.12s           2026-08-21T02:31:10
================================================================================
[2026-08-21T02:32:11.129+0000] {manager.py:878} INFO - 
================================================================================
DAG File Processing Stats

File Path                            PID    Runtime      # DAGs    # Errors  Last Runtime    Last Run
-----------------------------------  -----  ---------  --------  ----------  --------------  -------------------
/opt/airflow/dags/kpi_hourly_dag.py                           1           0  0.13s           2026-08-21T02:31:41
================================================================================
[2026-08-21T02:32:41.320+0000] {manager.py:878} INFO - 
================================================================================
DAG File Processing Stats

File Path                            PID    Runtime      # DAGs    # Errors  Last Runtime    Last Run
-----------------------------------  -----  ---------  --------  ----------  --------------  -------------------
/opt/airflow/dags/kpi_hourly_dag.py                           1           0  0.11s           2026-08-21T02:32:11
================================================================================
[2026-08-21T02:33:11.513+0000] {manager.py:878} INFO - 
================================================================================
DAG File Processing Stats

File Path                            PID    Runtime      # DAGs    # Errors  Last Runtime    Last Run
-----------------------------------  -----  ---------  --------  ----------  --------------  -------------------
/opt/airflow/dags/kpi_hourly_dag.py                           1           0  0.12s           2026-08-21T02:32:41
================================================================================
[2026-08-21T02:33:41.715+0000] {manager.py:878} INFO - 
================================================================================
DAG File Processing Stats

File Path                            PID    Runtime      # DAGs    # Errors  Last Runtime    Last Run
-----------------------------------  -----  ---------  --------  ----------  --------------  -------------------
/opt/airflow/dags/kpi_hourly_dag.py                           1           0  0.12s           2026-08-21T02:33:11
================================================================================
[2026-08-21T02:34:09.901+0000] {manager.py:737} INFO - Searching for files in /opt/airflow/dags
[2026-08-21T02:34:09.902+0000] {manager.py:740} INFO - There are 1 files in /opt/airflow/dags
[2026-08-21T02:34:11.918+0000] {manager.py:878} INFO - 
================================================================================
DAG File Processing Stats

File Path                            PID    Runtime      # DAGs    # Errors  Last Runtime    Last Run
-----------------------------------  -----  ---------  --------  ----------  --------------  -------------------
/opt/airflow/dags/kpi_hourly_dag.py                           1           0  0.12s           2026-08-21T02:33:41
================================================================================
[2026-08-21T02:34:42.126+0000] {manager.py:878} INFO - 
================================================================================
DAG File Processing Stats

File Path                            PID    Runtime      # DAGs    # Errors  Last Runtime    Last Run
-----------------------------------  -----  ---------  --------  ----------  --------------  -------------------
/opt/airflow/dags/kpi_hourly_dag.py                           1           0  0.13s           2026-08-21T02:34:12
================================================================================
[2026-08-21T02:35:12.342+0000] {manager.py:878} INFO - 
================================================================================
DAG File Processing Stats

File Path                            PID    Runtime      # DAGs    # Errors  Last Runtime    Last Run
-----------------------------------  -----  ---------  --------  ----------  --------------  -------------------
/opt/airflow/dags/kpi_hourly_dag.py                           1           0  0.12s           2026-08-21T02:34:42
================================================================================
[2026-08-21T02:35:42.673+0000] {manager.py:878} INFO - 
================================================================================
DAG File Processing Stats

File Path                            PID    Runtime      # DAGs    # Errors  Last Runtime    Last Run
-----------------------------------  -----  ---------  --------  ----------  --------------  -------------------
/opt/airflow/dags/kpi_hourly_dag.py                           1           0  0.20s           2026-08-21T02:35:30
================================================================================
[2026-08-21T02:36:13.019+0000] {manager.py:878} INFO - 
================================================================================
DAG File Processing Stats

File Path                            PID    Runtime      # DAGs    # Errors  Last Runtime    Last Run
-----------------------------------  -----  ---------  --------  ----------  --------------  -------------------
/opt/airflow/dags/kpi_hourly_dag.py                           1           0  0.23s           2026-08-21T02:36:01
================================================================================
[2026-08-21T02:36:43.326+0000] {manager.py:878} INFO - 
================================================================================
DAG File Processing Stats

File Path                            PID    Runtime      # DAGs    # Errors  Last Runtime    Last Run
-----------------------------------  -----  ---------  --------  ----------  --------------  -------------------
/opt/airflow/dags/kpi_hourly_dag.py                           1           0  0.13s           2026-08-21T02:36:31
================================================================================
[2026-08-21T02:37:13.544+0000] {manager.py:878} INFO - 
================================================================================
DAG File Processing Stats

File Path                            PID    Runtime      # DAGs    # Errors  Last Runtime    Last Run
-----------------------------------  -----  ---------  --------  ----------  --------------  -------------------
/opt/airflow/dags/kpi_hourly_dag.py                           1           0  0.12s           2026-08-21T02:37:01
================================================================================
[2026-08-21T02:37:43.750+0000] {manager.py:878} INFO - 
================================================================================
DAG File Processing Stats

File Path                            PID    Runtime      # DAGs    # Errors  Last Runtime    Last Run
-----------------------------------  -----  ---------  --------  ----------  --------------  -------------------
/opt/airflow/dags/kpi_hourly_dag.py                           1           0  0.11s           2026-08-21T02:37:31
================================================================================
[2026-08-21T02:38:14.195+0000] {manager.py:878} INFO - 
================================================================================
DAG File Processing Stats

File Path                            PID    Runtime      # DAGs    # Errors  Last Runtime    Last Run
-----------------------------------  -----  ---------  --------  ----------  --------------  -------------------
/opt/airflow/dags/kpi_hourly_dag.py                           1           0  0.11s           2026-08-21T02:38:10
================================================================================
[2026-08-21T02:38:44.323+0000] {manager.py:878} INFO - 
================================================================================
DAG File Processing Stats

File Path                            PID    Runtime      # DAGs    # Errors  Last Runtime    Last Run
-----------------------------------  -----  ---------  --------  ----------  --------------  -------------------
/opt/airflow/dags/kpi_hourly_dag.py                           1           0  0.12s           2026-08-21T02:38:40
================================================================================
[2026-08-21T02:39:10.414+0000] {manager.py:737} INFO - Searching for files in /opt/airflow/dags
[2026-08-21T02:39:10.416+0000] {manager.py:740} INFO - There are 1 files in /opt/airflow/dags
[2026-08-21T02:39:14.501+0000] {manager.py:878} INFO - 
================================================================================
DAG File Processing Stats

File Path                            PID    Runtime      # DAGs    # Errors  Last Runtime    Last Run
-----------------------------------  -----  ---------  --------  ----------  --------------  -------------------
/opt/airflow/dags/kpi_hourly_dag.py                           1           0  0.13s           2026-08-21T02:39:10
================================================================================
[2026-08-21T02:39:44.639+0000] {manager.py:878} INFO - 
================================================================================
DAG File Processing Stats

File Path                            PID    Runtime      # DAGs    # Errors  Last Runtime    Last Run
-----------------------------------  -----  ---------  --------  ----------  --------------  -------------------
/opt/airflow/dags/kpi_hourly_dag.py                           1           0  0.11s           2026-08-21T02:39:40
================================================================================
[2026-08-21T02:40:14.876+0000] {manager.py:878} INFO - 
================================================================================
DAG File Processing Stats

File Path                            PID    Runtime      # DAGs    # Errors  Last Runtime    Last Run
-----------------------------------  -----  ---------  --------  ----------  --------------  -------------------
/opt/airflow/dags/kpi_hourly_dag.py                           1           0  0.13s           2026-08-21T02:40:13
================================================================================
[2026-08-21T02:40:45.086+0000] {manager.py:878} INFO - 
================================================================================
DAG File Processing Stats

File Path                            PID    Runtime      # DAGs    # Errors  Last Runtime    Last Run
-----------------------------------  -----  ---------  --------  ----------  --------------  -------------------
/opt/airflow/dags/kpi_hourly_dag.py                           1           0  0.12s           2026-08-21T02:40:44
================================================================================
[2026-08-21T02:41:15.289+0000] {manager.py:878} INFO - 
================================================================================
DAG File Processing Stats

File Path                            PID    Runtime      # DAGs    # Errors  Last Runtime    Last Run
-----------------------------------  -----  ---------  --------  ----------  --------------  -------------------
/opt/airflow/dags/kpi_hourly_dag.py                           1           0  0.12s           2026-08-21T02:41:14
================================================================================
[2026-08-21T02:41:45.488+0000] {manager.py:878} INFO - 
================================================================================
DAG File Processing Stats

File Path                            PID    Runtime      # DAGs    # Errors  Last Runtime    Last Run
-----------------------------------  -----  ---------  --------  ----------  --------------  -------------------
/opt/airflow/dags/kpi_hourly_dag.py                           1           0  0.12s           2026-08-21T02:41:44
================================================================================
[2026-08-21T02:42:15.689+0000] {manager.py:878} INFO - 
================================================================================
DAG File Processing Stats

File Path                            PID    Runtime      # DAGs    # Errors  Last Runtime    Last Run
-----------------------------------  -----  ---------  --------  ----------  --------------  -------------------
/opt/airflow/dags/kpi_hourly_dag.py                           1           0  0.12s           2026-08-21T02:42:14
================================================================================
[2026-08-21T02:42:45.887+0000] {manager.py:878} INFO - 
================================================================================
DAG File Processing Stats

File Path                            PID    Runtime      # DAGs    # Errors  Last Runtime    Last Run
-----------------------------------  -----  ---------  --------  ----------  --------------  -------------------
/opt/airflow/dags/kpi_hourly_dag.py                           1           0  0.11s           2026-08-21T02:42:44
================================================================================
[2026-08-21T02:43:16.082+0000] {manager.py:878} INFO - 
================================================================================
DAG File Processing Stats

File Path                            PID    Runtime      # DAGs    # Errors  Last Runtime    Last Run
-----------------------------------  -----  ---------  --------  ----------  --------------  -------------------
/opt/airflow/dags/kpi_hourly_dag.py                           1           0  0.11s           2026-08-21T02:43:15
================================================================================
[2026-08-21T02:43:46.272+0000] {manager.py:878} INFO - 
================================================================================
DAG File Processing Stats

File Path                            PID    Runtime      # DAGs    # Errors  Last Runtime    Last Run
-----------------------------------  -----  ---------  --------  ----------  --------------  -------------------
/opt/airflow/dags/kpi_hourly_dag.py                           1           0  0.12s           2026-08-21T02:43:45
================================================================================
[2026-08-21T02:44:10.449+0000] {manager.py:737} INFO - Searching for files in /opt/airflow/dags
[2026-08-21T02:44:10.450+0000] {manager.py:740} INFO - There are 1 files in /opt/airflow/dags
[2026-08-21T02:44:16.482+0000] {manager.py:878} INFO - 
================================================================================
DAG File Processing Stats

File Path                            PID    Runtime      # DAGs    # Errors  Last Runtime    Last Run
-----------------------------------  -----  ---------  --------  ----------  --------------  -------------------
/opt/airflow/dags/kpi_hourly_dag.py                           1           0  0.12s           2026-08-21T02:44:15
================================================================================
[2026-08-21T02:44:46.681+0000] {manager.py:878} INFO - 
================================================================================
DAG File Processing Stats

File Path                            PID    Runtime      # DAGs    # Errors  Last Runtime    Last Run
-----------------------------------  -----  ---------  --------  ----------  --------------  -------------------
/opt/airflow/dags/kpi_hourly_dag.py                           1           0  0.12s           2026-08-21T02:44:45
================================================================================
[2026-08-21T02:45:16.880+0000] {manager.py:878} INFO - 
================================================================================
DAG File Processing Stats

File Path                            PID    Runtime      # DAGs    # Errors  Last Runtime    Last Run
-----------------------------------  -----  ---------  --------  ----------  --------------  -------------------
/opt/airflow/dags/kpi_hourly_dag.py                           1           0  0.11s           2026-08-21T02:45:15
================================================================================
[2026-08-21T02:45:47.074+0000] {manager.py:878} INFO - 
================================================================================
DAG File Processing Stats

File Path                            PID    Runtime      # DAGs    # Errors  Last Runtime    Last Run
-----------------------------------  -----  ---------  --------  ----------  --------------  -------------------
/opt/airflow/dags/kpi_hourly_dag.py                           1           0  0.11s           2026-08-21T02:45:46
================================================================================
[2026-08-21T02:46:17.270+0000] {manager.py:878} INFO - 
================================================================================
DAG File Processing Stats

File Path                            PID    Runtime      # DAGs    # Errors  Last Runtime    Last Run
-----------------------------------  -----  ---------  --------  ----------  --------------  -------------------
/opt/airflow/dags/kpi_hourly_dag.py                           1           0  0.12s           2026-08-21T02:46:16
================================================================================
[2026-08-21T02:46:47.471+0000] {manager.py:878} INFO - 
================================================================================
DAG File Processing Stats

File Path                            PID    Runtime      # DAGs    # Errors  Last Runtime    Last Run
-----------------------------------  -----  ---------  --------  ----------  --------------  -------------------
/opt/airflow/dags/kpi_hourly_dag.py                           1           0  0.12s           2026-08-21T02:46:46
================================================================================
[2026-08-21T02:47:17.664+0000] {manager.py:878} INFO - 
================================================================================
DAG File Processing Stats

File Path                            PID    Runtime      # DAGs    # Errors  Last Runtime    Last Run
-----------------------------------  -----  ---------  --------  ----------  --------------  -------------------
/opt/airflow/dags/kpi_hourly_dag.py                           1           0  0.18s           2026-08-21T02:47:16
================================================================================
[2026-08-21T02:47:47.852+0000] {manager.py:878} INFO - 
================================================================================
DAG File Processing Stats

File Path                            PID    Runtime      # DAGs    # Errors  Last Runtime    Last Run
-----------------------------------  -----  ---------  --------  ----------  --------------  -------------------
/opt/airflow/dags/kpi_hourly_dag.py                           1           0  0.10s           2026-08-21T02:47:18
================================================================================
[2026-08-21T02:48:17.972+0000] {manager.py:878} INFO - 
================================================================================
DAG File Processing Stats

File Path                            PID    Runtime      # DAGs    # Errors  Last Runtime    Last Run
-----------------------------------  -----  ---------  --------  ----------  --------------  -------------------
/opt/airflow/dags/kpi_hourly_dag.py                           1           0  0.12s           2026-08-21T02:47:48
================================================================================
[2026-08-21T02:48:48.161+0000] {manager.py:878} INFO - 
================================================================================
DAG File Processing Stats

File Path                            PID    Runtime      # DAGs    # Errors  Last Runtime    Last Run
-----------------------------------  -----  ---------  --------  ----------  --------------  -------------------
/opt/airflow/dags/kpi_hourly_dag.py                           1           0  0.13s           2026-08-21T02:48:19
================================================================================
[2026-08-21T02:49:11.259+0000] {manager.py:737} INFO - Searching for files in /opt/airflow/dags
[2026-08-21T02:49:11.261+0000] {manager.py:740} INFO - There are 1 files in /opt/airflow/dags
[2026-08-21T02:49:18.297+0000] {manager.py:878} INFO - 
================================================================================
DAG File Processing Stats

File Path                            PID    Runtime      # DAGs    # Errors  Last Runtime    Last Run
-----------------------------------  -----  ---------  --------  ----------  --------------  -------------------
/opt/airflow/dags/kpi_hourly_dag.py                           1           0  0.12s           2026-08-21T02:48:49
================================================================================
[2026-08-21T02:49:48.475+0000] {manager.py:878} INFO - 
================================================================================
DAG File Processing Stats

File Path                            PID    Runtime      # DAGs    # Errors  Last Runtime    Last Run
-----------------------------------  -----  ---------  --------  ----------  --------------  -------------------
/opt/airflow/dags/kpi_hourly_dag.py                           1           0  0.11s           2026-08-21T02:49:19
================================================================================
[2026-08-21T02:50:18.590+0000] {manager.py:878} INFO - 
================================================================================
DAG File Processing Stats

File Path                            PID    Runtime      # DAGs    # Errors  Last Runtime    Last Run
-----------------------------------  -----  ---------  --------  ----------  --------------  -------------------
/opt/airflow/dags/kpi_hourly_dag.py                           1           0  0.13s           2026-08-21T02:49:49
================================================================================
[2026-08-21T02:50:48.807+0000] {manager.py:878} INFO - 
================================================================================
DAG File Processing Stats

File Path                            PID    Runtime      # DAGs    # Errors  Last Runtime    Last Run
-----------------------------------  -----  ---------  --------  ----------  --------------  -------------------
/opt/airflow/dags/kpi_hourly_dag.py                           1           0  0.13s           2026-08-21T02:50:19
================================================================================
[2026-08-21T02:51:19.000+0000] {manager.py:878} INFO - 
================================================================================
DAG File Processing Stats

File Path                            PID    Runtime      # DAGs    # Errors  Last Runtime    Last Run
-----------------------------------  -----  ---------  --------  ----------  --------------  -------------------
/opt/airflow/dags/kpi_hourly_dag.py                           1           0  0.12s           2026-08-21T02:50:50
================================================================================
[2026-08-21T02:51:49.212+0000] {manager.py:878} INFO - 
================================================================================
DAG File Processing Stats

File Path                            PID    Runtime      # DAGs    # Errors  Last Runtime    Last Run
-----------------------------------  -----  ---------  --------  ----------  --------------  -------------------
/opt/airflow/dags/kpi_hourly_dag.py                           1           0  0.11s           2026-08-21T02:51:20
================================================================================
[2026-08-21T02:52:19.400+0000] {manager.py:878} INFO - 
================================================================================
DAG File Processing Stats

File Path                            PID    Runtime      # DAGs    # Errors  Last Runtime    Last Run
-----------------------------------  -----  ---------  --------  ----------  --------------  -------------------
/opt/airflow/dags/kpi_hourly_dag.py                           1           0  0.11s           2026-08-21T02:51:50
================================================================================
[2026-08-21T02:52:49.595+0000] {manager.py:878} INFO - 
================================================================================
DAG File Processing Stats

File Path                            PID    Runtime      # DAGs    # Errors  Last Runtime    Last Run
-----------------------------------  -----  ---------  --------  ----------  --------------  -------------------
/opt/airflow/dags/kpi_hourly_dag.py                           1           0  0.13s           2026-08-21T02:52:20
================================================================================
[2026-08-21T02:53:19.813+0000] {manager.py:878} INFO - 
================================================================================
DAG File Processing Stats

File Path                            PID    Runtime      # DAGs    # Errors  Last Runtime    Last Run
-----------------------------------  -----  ---------  --------  ----------  --------------  -------------------
/opt/airflow/dags/kpi_hourly_dag.py                           1           0  0.11s           2026-08-21T02:52:50
================================================================================
[2026-08-21T02:53:50.007+0000] {manager.py:878} INFO - 
================================================================================
DAG File Processing Stats

File Path                            PID    Runtime      # DAGs    # Errors  Last Runtime    Last Run
-----------------------------------  -----  ---------  --------  ----------  --------------  -------------------
/opt/airflow/dags/kpi_hourly_dag.py                           1           0  0.12s           2026-08-21T02:53:21
================================================================================
[2026-08-21T02:54:12.173+0000] {manager.py:737} INFO - Searching for files in /opt/airflow/dags
[2026-08-21T02:54:12.174+0000] {manager.py:740} INFO - There are 1 files in /opt/airflow/dags
[2026-08-21T02:54:20.400+0000] {manager.py:878} INFO - 
================================================================================
DAG File Processing Stats

File Path                            PID    Runtime      # DAGs    # Errors  Last Runtime    Last Run
-----------------------------------  -----  ---------  --------  ----------  --------------  -------------------
/opt/airflow/dags/kpi_hourly_dag.py                           1           0  0.11s           2026-08-21T02:54:17
================================================================================
[2026-08-21T02:54:50.610+0000] {manager.py:878} INFO - 
================================================================================
DAG File Processing Stats

File Path                            PID    Runtime      # DAGs    # Errors  Last Runtime    Last Run
-----------------------------------  -----  ---------  --------  ----------  --------------  -------------------
/opt/airflow/dags/kpi_hourly_dag.py                           1           0  0.11s           2026-08-21T02:54:35
================================================================================
[2026-08-21T02:55:20.724+0000] {manager.py:878} INFO - 
================================================================================
DAG File Processing Stats

File Path                            PID    Runtime      # DAGs    # Errors  Last Runtime    Last Run
-----------------------------------  -----  ---------  --------  ----------  --------------  -------------------
/opt/airflow/dags/kpi_hourly_dag.py                           1           0  0.20s           2026-08-21T02:55:05
================================================================================
[2026-08-21T02:55:51.013+0000] {manager.py:878} INFO - 
================================================================================
DAG File Processing Stats

File Path                            PID    Runtime      # DAGs    # Errors  Last Runtime    Last Run
-----------------------------------  -----  ---------  --------  ----------  --------------  -------------------
/opt/airflow/dags/kpi_hourly_dag.py                           1           0  0.12s           2026-08-21T02:55:36
================================================================================
[2026-08-21T02:56:21.220+0000] {manager.py:878} INFO - 
================================================================================
DAG File Processing Stats

File Path                            PID    Runtime      # DAGs    # Errors  Last Runtime    Last Run
-----------------------------------  -----  ---------  --------  ----------  --------------  -------------------
/opt/airflow/dags/kpi_hourly_dag.py                           1           0  0.84s           2026-08-21T02:56:06
================================================================================
[2026-08-21T02:56:52.094+0000] {manager.py:878} INFO - 
================================================================================
DAG File Processing Stats

File Path                            PID    Runtime      # DAGs    # Errors  Last Runtime    Last Run
-----------------------------------  -----  ---------  --------  ----------  --------------  -------------------
/opt/airflow/dags/kpi_hourly_dag.py                           1           0  0.12s           2026-08-21T02:56:37
================================================================================
[2026-08-21T02:57:22.295+0000] {manager.py:878} INFO - 
================================================================================
DAG File Processing Stats

File Path                            PID    Runtime      # DAGs    # Errors  Last Runtime    Last Run
-----------------------------------  -----  ---------  --------  ----------  --------------  -------------------
/opt/airflow/dags/kpi_hourly_dag.py                           1           0  0.62s           2026-08-21T02:57:07
================================================================================
[2026-08-21T02:57:53.031+0000] {manager.py:878} INFO - 
================================================================================
DAG File Processing Stats

File Path                            PID    Runtime      # DAGs    # Errors  Last Runtime    Last Run
-----------------------------------  -----  ---------  --------  ----------  --------------  -------------------
/opt/airflow/dags/kpi_hourly_dag.py                           1           0  0.20s           2026-08-21T02:57:38
================================================================================
[2026-08-21T02:58:23.328+0000] {manager.py:878} INFO - 
================================================================================
DAG File Processing Stats

File Path                            PID    Runtime      # DAGs    # Errors  Last Runtime    Last Run
-----------------------------------  -----  ---------  --------  ----------  --------------  -------------------
/opt/airflow/dags/kpi_hourly_dag.py                           1           0  0.12s           2026-08-21T02:58:08
================================================================================
[2026-08-21T02:58:53.531+0000] {manager.py:878} INFO - 
================================================================================
DAG File Processing Stats

File Path                            PID    Runtime      # DAGs    # Errors  Last Runtime    Last Run
-----------------------------------  -----  ---------  --------  ----------  --------------  -------------------
/opt/airflow/dags/kpi_hourly_dag.py                           1           0  0.13s           2026-08-21T02:58:38
================================================================================
[2026-08-21T02:59:12.307+0000] {manager.py:737} INFO - Searching for files in /opt/airflow/dags
[2026-08-21T02:59:12.309+0000] {manager.py:740} INFO - There are 1 files in /opt/airflow/dags
[2026-08-21T02:59:23.768+0000] {manager.py:878} INFO - 
================================================================================
DAG File Processing Stats

File Path                            PID    Runtime      # DAGs    # Errors  Last Runtime    Last Run
-----------------------------------  -----  ---------  --------  ----------  --------------  -------------------
/opt/airflow/dags/kpi_hourly_dag.py                           1           0  0.57s           2026-08-21T02:59:09
================================================================================
[2026-08-21T02:59:54.466+0000] {manager.py:878} INFO - 
================================================================================
DAG File Processing Stats

File Path                            PID    Runtime      # DAGs    # Errors  Last Runtime    Last Run
-----------------------------------  -----  ---------  --------  ----------  --------------  -------------------
/opt/airflow/dags/kpi_hourly_dag.py                           1           0  0.13s           2026-08-21T02:59:39
================================================================================
[2026-08-21T03:00:24.705+0000] {manager.py:878} INFO - 
================================================================================
DAG File Processing Stats

File Path                            PID    Runtime      # DAGs    # Errors  Last Runtime    Last Run
-----------------------------------  -----  ---------  --------  ----------  --------------  -------------------
/opt/airflow/dags/kpi_hourly_dag.py                           1           0  0.12s           2026-08-21T03:00:09
================================================================================
[2026-08-21T03:00:54.886+0000] {manager.py:878} INFO - 
================================================================================
DAG File Processing Stats

File Path                            PID    Runtime      # DAGs    # Errors  Last Runtime    Last Run
-----------------------------------  -----  ---------  --------  ----------  --------------  -------------------
/opt/airflow/dags/kpi_hourly_dag.py                           1           0  0.11s           2026-08-21T03:00:39
================================================================================
[2026-08-21T03:01:24.994+0000] {manager.py:878} INFO - 
================================================================================
DAG File Processing Stats

File Path                            PID    Runtime      # DAGs    # Errors  Last Runtime    Last Run
-----------------------------------  -----  ---------  --------  ----------  --------------  -------------------
/opt/airflow/dags/kpi_hourly_dag.py                           1           0  0.11s           2026-08-21T03:01:10
================================================================================
[2026-08-21T03:01:55.179+0000] {manager.py:878} INFO - 
================================================================================
DAG File Processing Stats

File Path                            PID    Runtime      # DAGs    # Errors  Last Runtime    Last Run
-----------------------------------  -----  ---------  --------  ----------  --------------  -------------------
/opt/airflow/dags/kpi_hourly_dag.py                           1           0  0.13s           2026-08-21T03:01:40
================================================================================
[2026-08-21T03:02:25.298+0000] {manager.py:878} INFO - 
================================================================================
DAG File Processing Stats

File Path                            PID    Runtime      # DAGs    # Errors  Last Runtime    Last Run
-----------------------------------  -----  ---------  --------  ----------  --------------  -------------------
/opt/airflow/dags/kpi_hourly_dag.py                           1           0  0.12s           2026-08-21T03:02:10
================================================================================
[2026-08-21T03:02:55.489+0000] {manager.py:878} INFO - 
================================================================================
DAG File Processing Stats

File Path                            PID    Runtime      # DAGs    # Errors  Last Runtime    Last Run
-----------------------------------  -----  ---------  --------  ----------  --------------  -------------------
/opt/airflow/dags/kpi_hourly_dag.py                           1           0  0.11s           2026-08-21T03:02:40
================================================================================
[2026-08-21T03:03:25.683+0000] {manager.py:878} INFO - 
================================================================================
DAG File Processing Stats

File Path                            PID    Runtime      # DAGs    # Errors  Last Runtime    Last Run
-----------------------------------  -----  ---------  --------  ----------  --------------  -------------------
/opt/airflow/dags/kpi_hourly_dag.py                           1           0  0.11s           2026-08-21T03:03:10
================================================================================
[2026-08-21T03:03:55.880+0000] {manager.py:878} INFO - 
================================================================================
DAG File Processing Stats

File Path                            PID    Runtime      # DAGs    # Errors  Last Runtime    Last Run
-----------------------------------  -----  ---------  --------  ----------  --------------  -------------------
/opt/airflow/dags/kpi_hourly_dag.py                           1           0  0.13s           2026-08-21T03:03:40
================================================================================
[2026-08-21T03:04:13.071+0000] {manager.py:737} INFO - Searching for files in /opt/airflow/dags
[2026-08-21T03:04:13.073+0000] {manager.py:740} INFO - There are 1 files in /opt/airflow/dags
[2026-08-21T03:04:26.127+0000] {manager.py:878} INFO - 
================================================================================
DAG File Processing Stats

File Path                            PID    Runtime      # DAGs    # Errors  Last Runtime    Last Run
-----------------------------------  -----  ---------  --------  ----------  --------------  -------------------
/opt/airflow/dags/kpi_hourly_dag.py                           1           0  0.12s           2026-08-21T03:04:11
================================================================================
[2026-08-21T03:04:56.244+0000] {manager.py:878} INFO - 
================================================================================
DAG File Processing Stats

File Path                            PID    Runtime      # DAGs    # Errors  Last Runtime    Last Run
-----------------------------------  -----  ---------  --------  ----------  --------------  -------------------
/opt/airflow/dags/kpi_hourly_dag.py                           1           0  0.11s           2026-08-21T03:04:41
================================================================================
[2026-08-21T03:05:26.426+0000] {manager.py:878} INFO - 
================================================================================
DAG File Processing Stats

File Path                            PID    Runtime      # DAGs    # Errors  Last Runtime    Last Run
-----------------------------------  -----  ---------  --------  ----------  --------------  -------------------
/opt/airflow/dags/kpi_hourly_dag.py                           1           0  0.11s           2026-08-21T03:05:11
================================================================================
[2026-08-21T03:05:56.535+0000] {manager.py:878} INFO - 
================================================================================
DAG File Processing Stats

File Path                            PID    Runtime      # DAGs    # Errors  Last Runtime    Last Run
-----------------------------------  -----  ---------  --------  ----------  --------------  -------------------
/opt/airflow/dags/kpi_hourly_dag.py                           1           0  0.11s           2026-08-21T03:05:41
================================================================================
[2026-08-21T03:06:26.730+0000] {manager.py:878} INFO - 
================================================================================
DAG File Processing Stats

File Path                            PID    Runtime      # DAGs    # Errors  Last Runtime    Last Run
-----------------------------------  -----  ---------  --------  ----------  --------------  -------------------
/opt/airflow/dags/kpi_hourly_dag.py                           1           0  0.11s           2026-08-21T03:06:11
================================================================================
[2026-08-21T03:06:56.923+0000] {manager.py:878} INFO - 
================================================================================
DAG File Processing Stats

File Path                            PID    Runtime      # DAGs    # Errors  Last Runtime    Last Run
-----------------------------------  -----  ---------  --------  ----------  --------------  -------------------
/opt/airflow/dags/kpi_hourly_dag.py                           1           0  0.12s           2026-08-21T03:06:41
================================================================================
[2026-08-21T03:07:27.131+0000] {manager.py:878} INFO - 
================================================================================
DAG File Processing Stats

File Path                            PID    Runtime      # DAGs    # Errors  Last Runtime    Last Run
-----------------------------------  -----  ---------  --------  ----------  --------------  -------------------
/opt/airflow/dags/kpi_hourly_dag.py                           1           0  0.11s           2026-08-21T03:07:12
================================================================================
[2026-08-21T03:07:57.324+0000] {manager.py:878} INFO - 
================================================================================
DAG File Processing Stats

File Path                            PID    Runtime      # DAGs    # Errors  Last Runtime    Last Run
-----------------------------------  -----  ---------  --------  ----------  --------------  -------------------
/opt/airflow/dags/kpi_hourly_dag.py                           1           0  0.11s           2026-08-21T03:07:42
================================================================================
[2026-08-21T03:08:27.522+0000] {manager.py:878} INFO - 
================================================================================
DAG File Processing Stats

File Path                            PID    Runtime      # DAGs    # Errors  Last Runtime    Last Run
-----------------------------------  -----  ---------  --------  ----------  --------------  -------------------
/opt/airflow/dags/kpi_hourly_dag.py                           1           0  0.12s           2026-08-21T03:08:12
================================================================================
[2026-08-21T03:08:57.724+0000] {manager.py:878} INFO - 
================================================================================
DAG File Processing Stats

File Path                            PID    Runtime      # DAGs    # Errors  Last Runtime    Last Run
-----------------------------------  -----  ---------  --------  ----------  --------------  -------------------
/opt/airflow/dags/kpi_hourly_dag.py                           1           0  0.11s           2026-08-21T03:08:42
================================================================================
[2026-08-21T03:09:13.864+0000] {manager.py:737} INFO - Searching for files in /opt/airflow/dags
[2026-08-21T03:09:13.865+0000] {manager.py:740} INFO - There are 1 files in /opt/airflow/dags
[2026-08-21T03:09:27.922+0000] {manager.py:878} INFO - 
================================================================================
DAG File Processing Stats

File Path                            PID    Runtime      # DAGs    # Errors  Last Runtime    Last Run
-----------------------------------  -----  ---------  --------  ----------  --------------  -------------------
/opt/airflow/dags/kpi_hourly_dag.py                           1           0  0.11s           2026-08-21T03:09:12
================================================================================
[2026-08-21T03:09:58.101+0000] {manager.py:878} INFO - 
================================================================================
DAG File Processing Stats

File Path                            PID    Runtime      # DAGs    # Errors  Last Runtime    Last Run
-----------------------------------  -----  ---------  --------  ----------  --------------  -------------------
/opt/airflow/dags/kpi_hourly_dag.py                           1           0  0.11s           2026-08-21T03:09:43
================================================================================
[2026-08-21T03:10:28.214+0000] {manager.py:878} INFO - 
================================================================================
DAG File Processing Stats

File Path                            PID    Runtime      # DAGs    # Errors  Last Runtime    Last Run
-----------------------------------  -----  ---------  --------  ----------  --------------  -------------------
/opt/airflow/dags/kpi_hourly_dag.py                           1           0  0.11s           2026-08-21T03:10:13
================================================================================
[2026-08-21T03:10:58.400+0000] {manager.py:878} INFO - 
================================================================================
DAG File Processing Stats

File Path                            PID    Runtime      # DAGs    # Errors  Last Runtime    Last Run
-----------------------------------  -----  ---------  --------  ----------  --------------  -------------------
/opt/airflow/dags/kpi_hourly_dag.py                           1           0  0.12s           2026-08-21T03:10:43
================================================================================
[2026-08-21T03:11:28.517+0000] {manager.py:878} INFO - 
================================================================================
DAG File Processing Stats

File Path                            PID    Runtime      # DAGs    # Errors  Last Runtime    Last Run
-----------------------------------  -----  ---------  --------  ----------  --------------  -------------------
/opt/airflow/dags/kpi_hourly_dag.py                           1           0  0.11s           2026-08-21T03:11:13
================================================================================
[2026-08-21T03:11:58.692+0000] {manager.py:878} INFO - 
================================================================================
DAG File Processing Stats

File Path                            PID    Runtime      # DAGs    # Errors  Last Runtime    Last Run
-----------------------------------  -----  ---------  --------  ----------  --------------  -------------------
/opt/airflow/dags/kpi_hourly_dag.py                           1           0  0.11s           2026-08-21T03:11:43
================================================================================
[2026-08-21T03:12:28.807+0000] {manager.py:878} INFO - 
================================================================================
DAG File Processing Stats

File Path                            PID    Runtime      # DAGs    # Errors  Last Runtime    Last Run
-----------------------------------  -----  ---------  --------  ----------  --------------  -------------------
/opt/airflow/dags/kpi_hourly_dag.py                           1           0  0.11s           2026-08-21T03:12:13
================================================================================
[2026-08-21T03:12:58.987+0000] {manager.py:878} INFO - 
================================================================================
DAG File Processing Stats

File Path                            PID    Runtime      # DAGs    # Errors  Last Runtime    Last Run
-----------------------------------  -----  ---------  --------  ----------  --------------  -------------------
/opt/airflow/dags/kpi_hourly_dag.py                           1           0  0.12s           2026-08-21T03:12:43
================================================================================
[2026-08-21T03:13:29.103+0000] {manager.py:878} INFO - 
================================================================================
DAG File Processing Stats

File Path                            PID    Runtime      # DAGs    # Errors  Last Runtime    Last Run
-----------------------------------  -----  ---------  --------  ----------  --------------  -------------------
/opt/airflow/dags/kpi_hourly_dag.py                           1           0  0.11s           2026-08-21T03:13:14
================================================================================
[2026-08-21T03:13:59.278+0000] {manager.py:878} INFO - 
================================================================================
DAG File Processing Stats

File Path                            PID    Runtime      # DAGs    # Errors  Last Runtime    Last Run
-----------------------------------  -----  ---------  --------  ----------  --------------  -------------------
/opt/airflow/dags/kpi_hourly_dag.py                           1           0  0.12s           2026-08-21T03:13:44
================================================================================
[2026-08-21T03:14:14.334+0000] {manager.py:737} INFO - Searching for files in /opt/airflow/dags
[2026-08-21T03:14:14.335+0000] {manager.py:740} INFO - There are 1 files in /opt/airflow/dags
[2026-08-21T03:14:29.411+0000] {manager.py:878} INFO - 
================================================================================
DAG File Processing Stats

File Path                            PID    Runtime      # DAGs    # Errors  Last Runtime    Last Run
-----------------------------------  -----  ---------  --------  ----------  --------------  -------------------
/opt/airflow/dags/kpi_hourly_dag.py                           1           0  0.12s           2026-08-21T03:14:14
================================================================================
[2026-08-21T03:14:59.613+0000] {manager.py:878} INFO - 
================================================================================
DAG File Processing Stats

File Path                            PID    Runtime      # DAGs    # Errors  Last Runtime    Last Run
-----------------------------------  -----  ---------  --------  ----------  --------------  -------------------
/opt/airflow/dags/kpi_hourly_dag.py                           1           0  0.12s           2026-08-21T03:14:44
================================================================================
[2026-08-21T03:15:29.832+0000] {manager.py:878} INFO - 
================================================================================
DAG File Processing Stats

File Path                            PID    Runtime      # DAGs    # Errors  Last Runtime    Last Run
-----------------------------------  -----  ---------  --------  ----------  --------------  -------------------
/opt/airflow/dags/kpi_hourly_dag.py                           1           0  0.14s           2026-08-21T03:15:14
================================================================================
[2026-08-21T03:16:00.054+0000] {manager.py:878} INFO - 
================================================================================
DAG File Processing Stats

File Path                            PID    Runtime      # DAGs    # Errors  Last Runtime    Last Run
-----------------------------------  -----  ---------  --------  ----------  --------------  -------------------
/opt/airflow/dags/kpi_hourly_dag.py                           1           0  0.11s           2026-08-21T03:15:45
================================================================================
[2026-08-21T03:16:30.251+0000] {manager.py:878} INFO - 
================================================================================
DAG File Processing Stats

File Path                            PID    Runtime      # DAGs    # Errors  Last Runtime    Last Run
-----------------------------------  -----  ---------  --------  ----------  --------------  -------------------
/opt/airflow/dags/kpi_hourly_dag.py                           1           0  0.11s           2026-08-21T03:16:15
================================================================================
[2026-08-21T03:17:00.446+0000] {manager.py:878} INFO - 
================================================================================
DAG File Processing Stats

File Path                            PID    Runtime      # DAGs    # Errors  Last Runtime    Last Run
-----------------------------------  -----  ---------  --------  ----------  --------------  -------------------
/opt/airflow/dags/kpi_hourly_dag.py                           1           0  0.13s           2026-08-21T03:16:45
================================================================================
[2026-08-21T03:17:30.655+0000] {manager.py:878} INFO - 
================================================================================
DAG File Processing Stats

File Path                            PID    Runtime      # DAGs    # Errors  Last Runtime    Last Run
-----------------------------------  -----  ---------  --------  ----------  --------------  -------------------
/opt/airflow/dags/kpi_hourly_dag.py                           1           0  0.11s           2026-08-21T03:17:15
================================================================================
[2026-08-21T03:18:00.854+0000] {manager.py:878} INFO - 
================================================================================
DAG File Processing Stats

File Path                            PID    Runtime      # DAGs    # Errors  Last Runtime    Last Run
-----------------------------------  -----  ---------  --------  ----------  --------------  -------------------
/opt/airflow/dags/kpi_hourly_dag.py                           1           0  0.12s           2026-08-21T03:17:45
================================================================================
[2026-08-21T03:18:31.063+0000] {manager.py:878} INFO - 
================================================================================
DAG File Processing Stats

File Path                            PID    Runtime      # DAGs    # Errors  Last Runtime    Last Run
-----------------------------------  -----  ---------  --------  ----------  --------------  -------------------
/opt/airflow/dags/kpi_hourly_dag.py                           1           0  0.12s           2026-08-21T03:18:16
================================================================================
[2026-08-21T03:19:01.250+0000] {manager.py:878} INFO - 
================================================================================
DAG File Processing Stats

File Path                            PID    Runtime      # DAGs    # Errors  Last Runtime    Last Run
-----------------------------------  -----  ---------  --------  ----------  --------------  -------------------
/opt/airflow/dags/kpi_hourly_dag.py                           1           0  0.11s           2026-08-21T03:18:46
================================================================================
[2026-08-21T03:19:14.379+0000] {manager.py:737} INFO - Searching for files in /opt/airflow/dags
[2026-08-21T03:19:14.381+0000] {manager.py:740} INFO - There are 2 files in /opt/airflow/dags
[2026-08-21T03:19:31.463+0000] {manager.py:878} INFO - 
================================================================================
DAG File Processing Stats

File Path                                     PID    Runtime      # DAGs    # Errors  Last Runtime    Last Run
--------------------------------------------  -----  ---------  --------  ----------  --------------  -------------------
/opt/airflow/dags/cell_kpi_hourly_anomaly.py                           1           0  0.21s           2026-08-21T03:19:14
/opt/airflow/dags/kpi_hourly_dag.py                                    1           0  0.11s           2026-08-21T03:19:16
================================================================================
[2026-08-21T03:20:01.667+0000] {manager.py:878} INFO - 
================================================================================
DAG File Processing Stats

File Path                                     PID    Runtime      # DAGs    # Errors  Last Runtime    Last Run
--------------------------------------------  -----  ---------  --------  ----------  --------------  -------------------
/opt/airflow/dags/kpi_hourly_dag.py                                    1           0  0.12s           2026-08-21T03:19:46
/opt/airflow/dags/cell_kpi_hourly_anomaly.py                           1           0  0.09s           2026-08-21T03:19:45
================================================================================
[2026-08-21T03:20:31.871+0000] {manager.py:878} INFO - 
================================================================================
DAG File Processing Stats

File Path                                     PID    Runtime      # DAGs    # Errors  Last Runtime    Last Run
--------------------------------------------  -----  ---------  --------  ----------  --------------  -------------------
/opt/airflow/dags/kpi_hourly_dag.py                                    1           0  0.11s           2026-08-21T03:20:16
/opt/airflow/dags/cell_kpi_hourly_anomaly.py                           1           0  0.09s           2026-08-21T03:20:15
================================================================================
[2026-08-21T03:21:02.063+0000] {manager.py:878} INFO - 
================================================================================
DAG File Processing Stats

File Path                                     PID    Runtime      # DAGs    # Errors  Last Runtime    Last Run
--------------------------------------------  -----  ---------  --------  ----------  --------------  -------------------
/opt/airflow/dags/kpi_hourly_dag.py                                    1           0  0.11s           2026-08-21T03:20:47
/opt/airflow/dags/cell_kpi_hourly_anomaly.py                           1           0  0.09s           2026-08-21T03:20:46
================================================================================
[2026-08-21T03:21:32.266+0000] {manager.py:878} INFO - 
================================================================================
DAG File Processing Stats

File Path                                     PID    Runtime      # DAGs    # Errors  Last Runtime    Last Run
--------------------------------------------  -----  ---------  --------  ----------  --------------  -------------------
/opt/airflow/dags/kpi_hourly_dag.py                                    1           0  0.11s           2026-08-21T03:21:17
/opt/airflow/dags/cell_kpi_hourly_anomaly.py                           1           0  0.09s           2026-08-21T03:21:16
================================================================================
[2026-08-21T03:22:02.470+0000] {manager.py:878} INFO - 
================================================================================
DAG File Processing Stats

File Path                                     PID    Runtime      # DAGs    # Errors  Last Runtime    Last Run
--------------------------------------------  -----  ---------  --------  ----------  --------------  -------------------
/opt/airflow/dags/kpi_hourly_dag.py                                    1           0  0.12s           2026-08-21T03:21:47
/opt/airflow/dags/cell_kpi_hourly_anomaly.py                           1           0  0.09s           2026-08-21T03:21:46
================================================================================
[2026-08-21T03:22:32.673+0000] {manager.py:878} INFO - 
================================================================================
DAG File Processing Stats

File Path                                     PID    Runtime      # DAGs    # Errors  Last Runtime    Last Run
--------------------------------------------  -----  ---------  --------  ----------  --------------  -------------------
/opt/airflow/dags/kpi_hourly_dag.py                                    1           0  0.12s           2026-08-21T03:22:17
/opt/airflow/dags/cell_kpi_hourly_anomaly.py                           1           0  0.09s           2026-08-21T03:22:16
================================================================================
[2026-08-21T03:23:02.889+0000] {manager.py:878} INFO - 
================================================================================
DAG File Processing Stats

File Path                                     PID    Runtime      # DAGs    # Errors  Last Runtime    Last Run
--------------------------------------------  -----  ---------  --------  ----------  --------------  -------------------
/opt/airflow/dags/kpi_hourly_dag.py                                    1           0  0.13s           2026-08-21T03:22:47
/opt/airflow/dags/cell_kpi_hourly_anomaly.py                           1           0  0.11s           2026-08-21T03:22:46
================================================================================
[2026-08-21T03:23:33.102+0000] {manager.py:878} INFO - 
================================================================================
DAG File Processing Stats

File Path                                     PID    Runtime      # DAGs    # Errors  Last Runtime    Last Run
--------------------------------------------  -----  ---------  --------  ----------  --------------  -------------------
/opt/airflow/dags/kpi_hourly_dag.py                                    1           0  0.11s           2026-08-21T03:23:18
/opt/airflow/dags/cell_kpi_hourly_anomaly.py                           1           0  0.11s           2026-08-21T03:23:17
================================================================================
[2026-08-21T03:24:03.311+0000] {manager.py:878} INFO - 
================================================================================
DAG File Processing Stats

File Path                                     PID    Runtime      # DAGs    # Errors  Last Runtime    Last Run
--------------------------------------------  -----  ---------  --------  ----------  --------------  -------------------
/opt/airflow/dags/kpi_hourly_dag.py                                    1           0  0.13s           2026-08-21T03:23:48
/opt/airflow/dags/cell_kpi_hourly_anomaly.py                           1           0  0.10s           2026-08-21T03:23:47
================================================================================
[2026-08-21T03:24:15.350+0000] {manager.py:737} INFO - Searching for files in /opt/airflow/dags
[2026-08-21T03:24:15.352+0000] {manager.py:740} INFO - There are 2 files in /opt/airflow/dags
[2026-08-21T03:24:33.538+0000] {manager.py:878} INFO - 
================================================================================
DAG File Processing Stats

File Path                                     PID    Runtime      # DAGs    # Errors  Last Runtime    Last Run
--------------------------------------------  -----  ---------  --------  ----------  --------------  -------------------
/opt/airflow/dags/kpi_hourly_dag.py                                    1           0  0.12s           2026-08-21T03:24:18
/opt/airflow/dags/cell_kpi_hourly_anomaly.py                           1           0  0.09s           2026-08-21T03:24:31
================================================================================
[2026-08-21T03:25:03.714+0000] {manager.py:878} INFO - 
================================================================================
DAG File Processing Stats

File Path                                     PID    Runtime      # DAGs    # Errors  Last Runtime    Last Run
--------------------------------------------  -----  ---------  --------  ----------  --------------  -------------------
/opt/airflow/dags/kpi_hourly_dag.py                                    1           0  0.13s           2026-08-21T03:24:48
/opt/airflow/dags/cell_kpi_hourly_anomaly.py                           0           1  0.05s           2026-08-21T03:24:41
================================================================================
[2026-08-21T03:25:33.867+0000] {manager.py:878} INFO - 
================================================================================
DAG File Processing Stats

File Path                                     PID    Runtime      # DAGs    # Errors  Last Runtime    Last Run
--------------------------------------------  -----  ---------  --------  ----------  --------------  -------------------
/opt/airflow/dags/kpi_hourly_dag.py                                    1           0  0.12s           2026-08-21T03:25:18
/opt/airflow/dags/cell_kpi_hourly_anomaly.py                           0           1  0.05s           2026-08-21T03:25:11
================================================================================
[2026-08-21T03:26:04.074+0000] {manager.py:878} INFO - 
================================================================================
DAG File Processing Stats

File Path                                     PID    Runtime      # DAGs    # Errors  Last Runtime    Last Run
--------------------------------------------  -----  ---------  --------  ----------  --------------  -------------------
/opt/airflow/dags/cell_kpi_hourly_anomaly.py                           1           0  0.17s           2026-08-21T03:25:57
/opt/airflow/dags/kpi_hourly_dag.py                                    1           0  0.13s           2026-08-21T03:25:49
================================================================================
[2026-08-21T03:26:34.294+0000] {manager.py:878} INFO - 
================================================================================
DAG File Processing Stats

File Path                                     PID    Runtime      # DAGs    # Errors  Last Runtime    Last Run
--------------------------------------------  -----  ---------  --------  ----------  --------------  -------------------
/opt/airflow/dags/kpi_hourly_dag.py                                    1           0  0.11s           2026-08-21T03:26:19
/opt/airflow/dags/cell_kpi_hourly_anomaly.py                           1           0  0.09s           2026-08-21T03:26:27
================================================================================
[2026-08-21T03:27:04.516+0000] {manager.py:878} INFO - 
================================================================================
DAG File Processing Stats

File Path                                     PID    Runtime      # DAGs    # Errors  Last Runtime    Last Run
--------------------------------------------  -----  ---------  --------  ----------  --------------  -------------------
/opt/airflow/dags/kpi_hourly_dag.py                                    1           0  0.12s           2026-08-21T03:26:49
/opt/airflow/dags/cell_kpi_hourly_anomaly.py                           1           0  0.09s           2026-08-21T03:26:57
================================================================================
[2026-08-21T03:27:34.734+0000] {manager.py:878} INFO - 
================================================================================
DAG File Processing Stats

File Path                                     PID    Runtime      # DAGs    # Errors  Last Runtime    Last Run
--------------------------------------------  -----  ---------  --------  ----------  --------------  -------------------
/opt/airflow/dags/kpi_hourly_dag.py                                    1           0  0.11s           2026-08-21T03:27:19
/opt/airflow/dags/cell_kpi_hourly_anomaly.py                           1           0  0.09s           2026-08-21T03:27:27
================================================================================
[2026-08-21T03:28:04.965+0000] {manager.py:878} INFO - 
================================================================================
DAG File Processing Stats

File Path                                     PID    Runtime      # DAGs    # Errors  Last Runtime    Last Run
--------------------------------------------  -----  ---------  --------  ----------  --------------  -------------------
/opt/airflow/dags/cell_kpi_hourly_anomaly.py                           1           0  0.18s           2026-08-21T03:27:58
/opt/airflow/dags/kpi_hourly_dag.py                                    1           0  0.11s           2026-08-21T03:27:49
================================================================================
[2026-08-21T03:28:35.183+0000] {manager.py:878} INFO - 
================================================================================
DAG File Processing Stats

File Path                                     PID    Runtime      # DAGs    # Errors  Last Runtime    Last Run
--------------------------------------------  -----  ---------  --------  ----------  --------------  -------------------
/opt/airflow/dags/kpi_hourly_dag.py                                    1           0  0.11s           2026-08-21T03:28:20
/opt/airflow/dags/cell_kpi_hourly_anomaly.py                           1           0  0.09s           2026-08-21T03:28:28
================================================================================
[2026-08-21T03:29:05.307+0000] {manager.py:878} INFO - 
================================================================================
DAG File Processing Stats

File Path                                     PID    Runtime      # DAGs    # Errors  Last Runtime    Last Run
--------------------------------------------  -----  ---------  --------  ----------  --------------  -------------------
/opt/airflow/dags/kpi_hourly_dag.py                                    1           0  0.11s           2026-08-21T03:28:50
/opt/airflow/dags/cell_kpi_hourly_anomaly.py                           1           0  0.08s           2026-08-21T03:28:58
================================================================================
[2026-08-21T03:29:15.404+0000] {manager.py:737} INFO - Searching for files in /opt/airflow/dags
[2026-08-21T03:29:15.405+0000] {manager.py:740} INFO - There are 2 files in /opt/airflow/dags
[2026-08-21T03:29:35.532+0000] {manager.py:878} INFO - 
================================================================================
DAG File Processing Stats

File Path                                     PID    Runtime      # DAGs    # Errors  Last Runtime    Last Run
--------------------------------------------  -----  ---------  --------  ----------  --------------  -------------------
/opt/airflow/dags/kpi_hourly_dag.py                                    1           0  0.12s           2026-08-21T03:29:20
/opt/airflow/dags/cell_kpi_hourly_anomaly.py                           1           0  0.09s           2026-08-21T03:29:28
================================================================================
[2026-08-21T03:30:05.653+0000] {manager.py:878} INFO - 
================================================================================
DAG File Processing Stats

File Path                                     PID    Runtime      # DAGs    # Errors  Last Runtime    Last Run
--------------------------------------------  -----  ---------  --------  ----------  --------------  -------------------
/opt/airflow/dags/kpi_hourly_dag.py                                    1           0  0.11s           2026-08-21T03:29:50
/opt/airflow/dags/cell_kpi_hourly_anomaly.py                           1           0  0.09s           2026-08-21T03:29:58
================================================================================
[2026-08-21T03:30:35.875+0000] {manager.py:878} INFO - 
================================================================================
DAG File Processing Stats

File Path                                     PID    Runtime      # DAGs    # Errors  Last Runtime    Last Run
--------------------------------------------  -----  ---------  --------  ----------  --------------  -------------------
/opt/airflow/dags/kpi_hourly_dag.py                                    1           0  0.12s           2026-08-21T03:30:20
/opt/airflow/dags/cell_kpi_hourly_anomaly.py                           1           0  0.09s           2026-08-21T03:30:28
================================================================================
[2026-08-21T03:31:06.002+0000] {manager.py:878} INFO - 
================================================================================
DAG File Processing Stats

File Path                                     PID    Runtime      # DAGs    # Errors  Last Runtime    Last Run
--------------------------------------------  -----  ---------  --------  ----------  --------------  -------------------
/opt/airflow/dags/kpi_hourly_dag.py                                    1           0  0.11s           2026-08-21T03:30:51
/opt/airflow/dags/cell_kpi_hourly_anomaly.py                           1           0  0.10s           2026-08-21T03:30:59
================================================================================
[2026-08-21T03:31:36.212+0000] {manager.py:878} INFO - 
================================================================================
DAG File Processing Stats

File Path                                     PID    Runtime      # DAGs    # Errors  Last Runtime    Last Run
--------------------------------------------  -----  ---------  --------  ----------  --------------  -------------------
/opt/airflow/dags/kpi_hourly_dag.py                                    1           0  0.11s           2026-08-21T03:31:21
/opt/airflow/dags/cell_kpi_hourly_anomaly.py                           1           0  0.09s           2026-08-21T03:31:29
================================================================================
[2026-08-21T03:32:06.425+0000] {manager.py:878} INFO - 
================================================================================
DAG File Processing Stats

File Path                                     PID    Runtime      # DAGs    # Errors  Last Runtime    Last Run
--------------------------------------------  -----  ---------  --------  ----------  --------------  -------------------
/opt/airflow/dags/kpi_hourly_dag.py                                    1           0  0.11s           2026-08-21T03:31:51
/opt/airflow/dags/cell_kpi_hourly_anomaly.py                           1           0  0.09s           2026-08-21T03:31:59
================================================================================
[2026-08-21T03:32:36.547+0000] {manager.py:878} INFO - 
================================================================================
DAG File Processing Stats

File Path                                     PID    Runtime      # DAGs    # Errors  Last Runtime    Last Run
--------------------------------------------  -----  ---------  --------  ----------  --------------  -------------------
/opt/airflow/dags/kpi_hourly_dag.py                                    1           0  0.11s           2026-08-21T03:32:21
/opt/airflow/dags/cell_kpi_hourly_anomaly.py                           1           0  0.09s           2026-08-21T03:32:29
================================================================================
[2026-08-21T03:33:06.761+0000] {manager.py:878} INFO - 
================================================================================
DAG File Processing Stats

File Path                                     PID    Runtime      # DAGs    # Errors  Last Runtime    Last Run
--------------------------------------------  -----  ---------  --------  ----------  --------------  -------------------
/opt/airflow/dags/kpi_hourly_dag.py                                    1           0  0.11s           2026-08-21T03:32:51
/opt/airflow/dags/cell_kpi_hourly_anomaly.py                           1           0  0.09s           2026-08-21T03:32:59
================================================================================
[2026-08-21T03:33:36.984+0000] {manager.py:878} INFO - 
================================================================================
DAG File Processing Stats

File Path                                     PID    Runtime      # DAGs    # Errors  Last Runtime    Last Run
--------------------------------------------  -----  ---------  --------  ----------  --------------  -------------------
/opt/airflow/dags/kpi_hourly_dag.py                                    1           0  0.12s           2026-08-21T03:33:21
/opt/airflow/dags/cell_kpi_hourly_anomaly.py                           1           0  0.10s           2026-08-21T03:33:29
================================================================================
[2026-08-21T03:34:07.106+0000] {manager.py:878} INFO - 
================================================================================
DAG File Processing Stats

File Path                                     PID    Runtime      # DAGs    # Errors  Last Runtime    Last Run
--------------------------------------------  -----  ---------  --------  ----------  --------------  -------------------
/opt/airflow/dags/kpi_hourly_dag.py                                    1           0  0.11s           2026-08-21T03:33:52
/opt/airflow/dags/cell_kpi_hourly_anomaly.py                           1           0  0.09s           2026-08-21T03:34:00
================================================================================
[2026-08-21T03:34:16.139+0000] {manager.py:737} INFO - Searching for files in /opt/airflow/dags
[2026-08-21T03:34:16.140+0000] {manager.py:740} INFO - There are 2 files in /opt/airflow/dags
[2026-08-21T03:34:37.355+0000] {manager.py:878} INFO - 
================================================================================
DAG File Processing Stats

File Path                                     PID    Runtime      # DAGs    # Errors  Last Runtime    Last Run
--------------------------------------------  -----  ---------  --------  ----------  --------------  -------------------
/opt/airflow/dags/kpi_hourly_dag.py                                    1           0  0.14s           2026-08-21T03:34:22
/opt/airflow/dags/cell_kpi_hourly_anomaly.py                           1           0  0.09s           2026-08-21T03:34:30
================================================================================
[2026-08-21T03:35:07.468+0000] {manager.py:878} INFO - 
================================================================================
DAG File Processing Stats

File Path                                     PID    Runtime      # DAGs    # Errors  Last Runtime    Last Run
--------------------------------------------  -----  ---------  --------  ----------  --------------  -------------------
/opt/airflow/dags/kpi_hourly_dag.py                                    1           0  0.11s           2026-08-21T03:34:52
/opt/airflow/dags/cell_kpi_hourly_anomaly.py                           1           0  0.09s           2026-08-21T03:35:00
================================================================================
[2026-08-21T03:35:37.689+0000] {manager.py:878} INFO - 
================================================================================
DAG File Processing Stats

File Path                                     PID    Runtime      # DAGs    # Errors  Last Runtime    Last Run
--------------------------------------------  -----  ---------  --------  ----------  --------------  -------------------
/opt/airflow/dags/kpi_hourly_dag.py                                    1           0  0.11s           2026-08-21T03:35:22
/opt/airflow/dags/cell_kpi_hourly_anomaly.py                           1           0  0.09s           2026-08-21T03:35:30
================================================================================
[2026-08-21T03:36:07.915+0000] {manager.py:878} INFO - 
================================================================================
DAG File Processing Stats

File Path                                     PID    Runtime      # DAGs    # Errors  Last Runtime    Last Run
--------------------------------------------  -----  ---------  --------  ----------  --------------  -------------------
/opt/airflow/dags/kpi_hourly_dag.py                                    1           0  0.11s           2026-08-21T03:35:52
/opt/airflow/dags/cell_kpi_hourly_anomaly.py                           1           0  0.09s           2026-08-21T03:36:00
================================================================================
[2026-08-21T03:36:38.038+0000] {manager.py:878} INFO - 
================================================================================
DAG File Processing Stats

File Path                                     PID    Runtime      # DAGs    # Errors  Last Runtime    Last Run
--------------------------------------------  -----  ---------  --------  ----------  --------------  -------------------
/opt/airflow/dags/kpi_hourly_dag.py                                    1           0  0.11s           2026-08-21T03:36:23
/opt/airflow/dags/cell_kpi_hourly_anomaly.py                           1           0  0.09s           2026-08-21T03:36:31
================================================================================
[2026-08-21T03:37:08.250+0000] {manager.py:878} INFO - 
================================================================================
DAG File Processing Stats

File Path                                     PID    Runtime      # DAGs    # Errors  Last Runtime    Last Run
--------------------------------------------  -----  ---------  --------  ----------  --------------  -------------------
/opt/airflow/dags/kpi_hourly_dag.py                                    1           0  0.11s           2026-08-21T03:36:53
/opt/airflow/dags/cell_kpi_hourly_anomaly.py                           1           0  0.11s           2026-08-21T03:37:01
================================================================================
[2026-08-21T03:37:38.473+0000] {manager.py:878} INFO - 
================================================================================
DAG File Processing Stats

File Path                                     PID    Runtime      # DAGs    # Errors  Last Runtime    Last Run
--------------------------------------------  -----  ---------  --------  ----------  --------------  -------------------
/opt/airflow/dags/kpi_hourly_dag.py                                    1           0  0.12s           2026-08-21T03:37:23
/opt/airflow/dags/cell_kpi_hourly_anomaly.py                           1           0  0.09s           2026-08-21T03:37:31
================================================================================
[2026-08-21T03:38:08.594+0000] {manager.py:878} INFO - 
================================================================================
DAG File Processing Stats

File Path                                     PID    Runtime      # DAGs    # Errors  Last Runtime    Last Run
--------------------------------------------  -----  ---------  --------  ----------  --------------  -------------------
/opt/airflow/dags/kpi_hourly_dag.py                                    1           0  0.11s           2026-08-21T03:37:53
/opt/airflow/dags/cell_kpi_hourly_anomaly.py                           1           0  0.09s           2026-08-21T03:38:01
================================================================================
[2026-08-21T03:38:38.820+0000] {manager.py:878} INFO - 
================================================================================
DAG File Processing Stats

File Path                                     PID    Runtime      # DAGs    # Errors  Last Runtime    Last Run
--------------------------------------------  -----  ---------  --------  ----------  --------------  -------------------
/opt/airflow/dags/kpi_hourly_dag.py                                    1           0  0.12s           2026-08-21T03:38:23
/opt/airflow/dags/cell_kpi_hourly_anomaly.py                           1           0  0.09s           2026-08-21T03:38:31
================================================================================
[2026-08-21T03:39:08.941+0000] {manager.py:878} INFO - 
================================================================================
DAG File Processing Stats

File Path                                     PID    Runtime      # DAGs    # Errors  Last Runtime    Last Run
--------------------------------------------  -----  ---------  --------  ----------  --------------  -------------------
/opt/airflow/dags/kpi_hourly_dag.py                                    1           0  0.13s           2026-08-21T03:38:53
/opt/airflow/dags/cell_kpi_hourly_anomaly.py                           1           0  0.09s           2026-08-21T03:39:01
================================================================================
[2026-08-21T03:39:16.970+0000] {manager.py:737} INFO - Searching for files in /opt/airflow/dags
[2026-08-21T03:39:16.972+0000] {manager.py:740} INFO - There are 2 files in /opt/airflow/dags
[2026-08-21T03:39:39.162+0000] {manager.py:878} INFO - 
================================================================================
DAG File Processing Stats

File Path                                     PID    Runtime      # DAGs    # Errors  Last Runtime    Last Run
--------------------------------------------  -----  ---------  --------  ----------  --------------  -------------------
/opt/airflow/dags/kpi_hourly_dag.py                                    1           0  0.11s           2026-08-21T03:39:24
/opt/airflow/dags/cell_kpi_hourly_anomaly.py                           1           0  0.09s           2026-08-21T03:39:32
================================================================================
[2026-08-21T03:40:09.374+0000] {manager.py:878} INFO - 
================================================================================
DAG File Processing Stats

File Path                                     PID    Runtime      # DAGs    # Errors  Last Runtime    Last Run
--------------------------------------------  -----  ---------  --------  ----------  --------------  -------------------
/opt/airflow/dags/kpi_hourly_dag.py                                    1           0  0.11s           2026-08-21T03:39:54
/opt/airflow/dags/cell_kpi_hourly_anomaly.py                           1           0  0.09s           2026-08-21T03:40:02
================================================================================
[2026-08-21T03:40:39.493+0000] {manager.py:878} INFO - 
================================================================================
DAG File Processing Stats

File Path                                     PID    Runtime      # DAGs    # Errors  Last Runtime    Last Run
--------------------------------------------  -----  ---------  --------  ----------  --------------  -------------------
/opt/airflow/dags/kpi_hourly_dag.py                                    1           0  0.12s           2026-08-21T03:40:24
/opt/airflow/dags/cell_kpi_hourly_anomaly.py                           1           0  0.09s           2026-08-21T03:40:32
================================================================================
[2026-08-21T03:41:09.708+0000] {manager.py:878} INFO - 
================================================================================
DAG File Processing Stats

File Path                                     PID    Runtime      # DAGs    # Errors  Last Runtime    Last Run
--------------------------------------------  -----  ---------  --------  ----------  --------------  -------------------
/opt/airflow/dags/kpi_hourly_dag.py                                    1           0  0.11s           2026-08-21T03:40:54
/opt/airflow/dags/cell_kpi_hourly_anomaly.py                           1           0  0.09s           2026-08-21T03:41:02
================================================================================
[2026-08-21T03:41:39.836+0000] {manager.py:878} INFO - 
================================================================================
DAG File Processing Stats

File Path                                     PID    Runtime      # DAGs    # Errors  Last Runtime    Last Run
--------------------------------------------  -----  ---------  --------  ----------  --------------  -------------------
/opt/airflow/dags/kpi_hourly_dag.py                                    1           0  0.12s           2026-08-21T03:41:24
/opt/airflow/dags/cell_kpi_hourly_anomaly.py                           1           0  0.09s           2026-08-21T03:41:32
================================================================================
[2026-08-21T03:42:10.049+0000] {manager.py:878} INFO - 
================================================================================
DAG File Processing Stats

File Path                                     PID    Runtime      # DAGs    # Errors  Last Runtime    Last Run
--------------------------------------------  -----  ---------  --------  ----------  --------------  -------------------
/opt/airflow/dags/kpi_hourly_dag.py                                    1           0  0.11s           2026-08-21T03:41:54
/opt/airflow/dags/cell_kpi_hourly_anomaly.py                           1           0  0.09s           2026-08-21T03:42:03
================================================================================
[2026-08-21T03:42:40.309+0000] {manager.py:878} INFO - 
================================================================================
DAG File Processing Stats

File Path                                     PID    Runtime      # DAGs    # Errors  Last Runtime    Last Run
--------------------------------------------  -----  ---------  --------  ----------  --------------  -------------------
/opt/airflow/dags/cell_kpi_hourly_anomaly.py                           1           0  0.16s           2026-08-21T03:42:33
/opt/airflow/dags/kpi_hourly_dag.py                                    1           0  0.13s           2026-08-21T03:42:25
================================================================================
[2026-08-21T03:43:10.734+0000] {manager.py:878} INFO - 
================================================================================
DAG File Processing Stats

File Path                                     PID    Runtime      # DAGs    # Errors  Last Runtime    Last Run
--------------------------------------------  -----  ---------  --------  ----------  --------------  -------------------
/opt/airflow/dags/cell_kpi_hourly_anomaly.py                           1           0  0.25s           2026-08-21T03:43:03
/opt/airflow/dags/kpi_hourly_dag.py                                    1           0  0.16s           2026-08-21T03:42:55
================================================================================
[2026-08-21T03:43:40.995+0000] {manager.py:878} INFO - 
================================================================================
DAG File Processing Stats

File Path                                     PID    Runtime      # DAGs    # Errors  Last Runtime    Last Run
--------------------------------------------  -----  ---------  --------  ----------  --------------  -------------------
/opt/airflow/dags/kpi_hourly_dag.py                                    1           0  0.12s           2026-08-21T03:43:25
/opt/airflow/dags/cell_kpi_hourly_anomaly.py                           1           0  0.09s           2026-08-21T03:43:34
================================================================================
[2026-08-21T03:44:11.207+0000] {manager.py:878} INFO - 
================================================================================
DAG File Processing Stats

File Path                                     PID    Runtime      # DAGs    # Errors  Last Runtime    Last Run
--------------------------------------------  -----  ---------  --------  ----------  --------------  -------------------
/opt/airflow/dags/kpi_hourly_dag.py                                    1           0  0.11s           2026-08-21T03:43:56
/opt/airflow/dags/cell_kpi_hourly_anomaly.py                           1           0  0.09s           2026-08-21T03:44:04
================================================================================
[2026-08-21T03:44:17.229+0000] {manager.py:737} INFO - Searching for files in /opt/airflow/dags
[2026-08-21T03:44:17.230+0000] {manager.py:740} INFO - There are 2 files in /opt/airflow/dags
[2026-08-21T03:44:41.345+0000] {manager.py:878} INFO - 
================================================================================
DAG File Processing Stats

File Path                                     PID    Runtime      # DAGs    # Errors  Last Runtime    Last Run
--------------------------------------------  -----  ---------  --------  ----------  --------------  -------------------
/opt/airflow/dags/kpi_hourly_dag.py                                    1           0  0.11s           2026-08-21T03:44:26
/opt/airflow/dags/cell_kpi_hourly_anomaly.py                           1           0  0.09s           2026-08-21T03:44:34
================================================================================
[2026-08-21T03:45:11.569+0000] {manager.py:878} INFO - 
================================================================================
DAG File Processing Stats

File Path                                     PID    Runtime      # DAGs    # Errors  Last Runtime    Last Run
--------------------------------------------  -----  ---------  --------  ----------  --------------  -------------------
/opt/airflow/dags/kpi_hourly_dag.py                                    1           0  0.12s           2026-08-21T03:44:56
/opt/airflow/dags/cell_kpi_hourly_anomaly.py                           1           0  0.09s           2026-08-21T03:45:04
================================================================================
[2026-08-21T03:45:41.697+0000] {manager.py:878} INFO - 
================================================================================
DAG File Processing Stats

File Path                                     PID    Runtime      # DAGs    # Errors  Last Runtime    Last Run
--------------------------------------------  -----  ---------  --------  ----------  --------------  -------------------
/opt/airflow/dags/kpi_hourly_dag.py                                    1           0  0.12s           2026-08-21T03:45:26
/opt/airflow/dags/cell_kpi_hourly_anomaly.py                           1           0  0.09s           2026-08-21T03:45:34
================================================================================
[2026-08-21T03:46:11.907+0000] {manager.py:878} INFO - 
================================================================================
DAG File Processing Stats

File Path                                     PID    Runtime      # DAGs    # Errors  Last Runtime    Last Run
--------------------------------------------  -----  ---------  --------  ----------  --------------  -------------------
/opt/airflow/dags/kpi_hourly_dag.py                                    1           0  0.11s           2026-08-21T03:45:56
/opt/airflow/dags/cell_kpi_hourly_anomaly.py                           1           0  0.09s           2026-08-21T03:46:04
================================================================================
[2026-08-21T03:46:42.129+0000] {manager.py:878} INFO - 
================================================================================
DAG File Processing Stats

File Path                                     PID    Runtime      # DAGs    # Errors  Last Runtime    Last Run
--------------------------------------------  -----  ---------  --------  ----------  --------------  -------------------
/opt/airflow/dags/kpi_hourly_dag.py                                    1           0  0.12s           2026-08-21T03:46:27
/opt/airflow/dags/cell_kpi_hourly_anomaly.py                           1           0  0.10s           2026-08-21T03:46:35
================================================================================
[2026-08-21T03:47:12.251+0000] {manager.py:878} INFO - 
================================================================================
DAG File Processing Stats

File Path                                     PID    Runtime      # DAGs    # Errors  Last Runtime    Last Run
--------------------------------------------  -----  ---------  --------  ----------  --------------  -------------------
/opt/airflow/dags/kpi_hourly_dag.py                                    1           0  0.12s           2026-08-21T03:46:57
/opt/airflow/dags/cell_kpi_hourly_anomaly.py                           1           0  0.09s           2026-08-21T03:47:05
================================================================================
[2026-08-21T03:47:42.485+0000] {manager.py:878} INFO - 
================================================================================
DAG File Processing Stats

File Path                                     PID    Runtime      # DAGs    # Errors  Last Runtime    Last Run
--------------------------------------------  -----  ---------  --------  ----------  --------------  -------------------
/opt/airflow/dags/kpi_hourly_dag.py                                    1           0  0.13s           2026-08-21T03:47:27
/opt/airflow/dags/cell_kpi_hourly_anomaly.py                           1           0  0.09s           2026-08-21T03:47:35
================================================================================
[2026-08-21T03:48:12.609+0000] {manager.py:878} INFO - 
================================================================================
DAG File Processing Stats

File Path                                     PID    Runtime      # DAGs    # Errors  Last Runtime    Last Run
--------------------------------------------  -----  ---------  --------  ----------  --------------  -------------------
/opt/airflow/dags/kpi_hourly_dag.py                                    1           0  0.12s           2026-08-21T03:47:57
/opt/airflow/dags/cell_kpi_hourly_anomaly.py                           1           0  0.09s           2026-08-21T03:48:05
================================================================================
[2026-08-21T03:48:42.821+0000] {manager.py:878} INFO - 
================================================================================
DAG File Processing Stats

File Path                                     PID    Runtime      # DAGs    # Errors  Last Runtime    Last Run
--------------------------------------------  -----  ---------  --------  ----------  --------------  -------------------
/opt/airflow/dags/kpi_hourly_dag.py                                    1           0  0.11s           2026-08-21T03:48:27
/opt/airflow/dags/cell_kpi_hourly_anomaly.py                           1           0  0.09s           2026-08-21T03:48:35
================================================================================
[2026-08-21T03:49:12.954+0000] {manager.py:878} INFO - 
================================================================================
DAG File Processing Stats

File Path                                     PID    Runtime      # DAGs    # Errors  Last Runtime    Last Run
--------------------------------------------  -----  ---------  --------  ----------  --------------  -------------------
/opt/airflow/dags/kpi_hourly_dag.py                                    1           0  0.12s           2026-08-21T03:48:57
/opt/airflow/dags/cell_kpi_hourly_anomaly.py                           1           0  0.09s           2026-08-21T03:49:06
================================================================================
[2026-08-21T03:49:17.973+0000] {manager.py:737} INFO - Searching for files in /opt/airflow/dags
[2026-08-21T03:49:17.974+0000] {manager.py:740} INFO - There are 2 files in /opt/airflow/dags
[2026-08-21T03:49:43.183+0000] {manager.py:878} INFO - 
================================================================================
DAG File Processing Stats

File Path                                     PID    Runtime      # DAGs    # Errors  Last Runtime    Last Run
--------------------------------------------  -----  ---------  --------  ----------  --------------  -------------------
/opt/airflow/dags/kpi_hourly_dag.py                                    1           0  0.12s           2026-08-21T03:49:28
/opt/airflow/dags/cell_kpi_hourly_anomaly.py                           1           0  0.09s           2026-08-21T03:49:36
================================================================================
[2026-08-21T03:50:13.425+0000] {manager.py:878} INFO - 
================================================================================
DAG File Processing Stats

File Path                                     PID    Runtime      # DAGs    # Errors  Last Runtime    Last Run
--------------------------------------------  -----  ---------  --------  ----------  --------------  -------------------
/opt/airflow/dags/kpi_hourly_dag.py                                    1           0  0.45s           2026-08-21T03:49:58
/opt/airflow/dags/cell_kpi_hourly_anomaly.py                           1           0  0.18s           2026-08-21T03:50:06
================================================================================
[2026-08-21T03:50:43.828+0000] {manager.py:878} INFO - 
================================================================================
DAG File Processing Stats

File Path                                     PID    Runtime      # DAGs    # Errors  Last Runtime    Last Run
--------------------------------------------  -----  ---------  --------  ----------  --------------  -------------------
/opt/airflow/dags/kpi_hourly_dag.py                                    1           0  0.25s           2026-08-21T03:50:29
/opt/airflow/dags/cell_kpi_hourly_anomaly.py                           1           0  0.09s           2026-08-21T03:50:36
================================================================================
[2026-08-21T03:51:13.949+0000] {manager.py:878} INFO - 
================================================================================
DAG File Processing Stats

File Path                                     PID    Runtime      # DAGs    # Errors  Last Runtime    Last Run
--------------------------------------------  -----  ---------  --------  ----------  --------------  -------------------
/opt/airflow/dags/kpi_hourly_dag.py                                    1           0  0.12s           2026-08-21T03:51:00
/opt/airflow/dags/cell_kpi_hourly_anomaly.py                           1           0  0.09s           2026-08-21T03:51:07
================================================================================
[2026-08-21T03:51:44.164+0000] {manager.py:878} INFO - 
================================================================================
DAG File Processing Stats

File Path                                     PID    Runtime      # DAGs    # Errors  Last Runtime    Last Run
--------------------------------------------  -----  ---------  --------  ----------  --------------  -------------------
/opt/airflow/dags/kpi_hourly_dag.py                                    1           0  0.11s           2026-08-21T03:51:30
/opt/airflow/dags/cell_kpi_hourly_anomaly.py                           1           0  0.09s           2026-08-21T03:51:37
================================================================================
[2026-08-21T03:52:14.289+0000] {manager.py:878} INFO - 
================================================================================
DAG File Processing Stats

File Path                                     PID    Runtime      # DAGs    # Errors  Last Runtime    Last Run
--------------------------------------------  -----  ---------  --------  ----------  --------------  -------------------
/opt/airflow/dags/kpi_hourly_dag.py                                    1           0  0.11s           2026-08-21T03:52:00
/opt/airflow/dags/cell_kpi_hourly_anomaly.py                           1           0  0.09s           2026-08-21T03:52:07
================================================================================
[2026-08-21T03:52:44.502+0000] {manager.py:878} INFO - 
================================================================================
DAG File Processing Stats

File Path                                     PID    Runtime      # DAGs    # Errors  Last Runtime    Last Run
--------------------------------------------  -----  ---------  --------  ----------  --------------  -------------------
/opt/airflow/dags/kpi_hourly_dag.py                                    1           0  0.11s           2026-08-21T03:52:30
/opt/airflow/dags/cell_kpi_hourly_anomaly.py                           1           0  0.09s           2026-08-21T03:52:37
================================================================================
[2026-08-21T03:53:14.622+0000] {manager.py:878} INFO - 
================================================================================
DAG File Processing Stats

File Path                                     PID    Runtime      # DAGs    # Errors  Last Runtime    Last Run
--------------------------------------------  -----  ---------  --------  ----------  --------------  -------------------
/opt/airflow/dags/kpi_hourly_dag.py                                    1           0  0.12s           2026-08-21T03:53:00
/opt/airflow/dags/cell_kpi_hourly_anomaly.py                           1           0  0.10s           2026-08-21T03:53:07
================================================================================
[2026-08-21T03:53:44.834+0000] {manager.py:878} INFO - 
================================================================================
DAG File Processing Stats

File Path                                     PID    Runtime      # DAGs    # Errors  Last Runtime    Last Run
--------------------------------------------  -----  ---------  --------  ----------  --------------  -------------------
/opt/airflow/dags/kpi_hourly_dag.py                                    1           0  0.11s           2026-08-21T03:53:30
/opt/airflow/dags/cell_kpi_hourly_anomaly.py                           1           0  0.09s           2026-08-21T03:53:37
================================================================================
[2026-08-21T03:54:15.049+0000] {manager.py:878} INFO - 
================================================================================
DAG File Processing Stats

File Path                                     PID    Runtime      # DAGs    # Errors  Last Runtime    Last Run
--------------------------------------------  -----  ---------  --------  ----------  --------------  -------------------
/opt/airflow/dags/kpi_hourly_dag.py                                    1           0  0.11s           2026-08-21T03:54:01
/opt/airflow/dags/cell_kpi_hourly_anomaly.py                           1           0  0.09s           2026-08-21T03:54:08
================================================================================
[2026-08-21T03:54:18.058+0000] {manager.py:737} INFO - Searching for files in /opt/airflow/dags
[2026-08-21T03:54:18.059+0000] {manager.py:740} INFO - There are 2 files in /opt/airflow/dags
[2026-08-21T03:54:45.179+0000] {manager.py:878} INFO - 
================================================================================
DAG File Processing Stats

File Path                                     PID    Runtime      # DAGs    # Errors  Last Runtime    Last Run
--------------------------------------------  -----  ---------  --------  ----------  --------------  -------------------
/opt/airflow/dags/kpi_hourly_dag.py                                    1           0  0.12s           2026-08-21T03:54:31
/opt/airflow/dags/cell_kpi_hourly_anomaly.py                           1           0  0.09s           2026-08-21T03:54:38
================================================================================
[2026-08-21T03:55:15.404+0000] {manager.py:878} INFO - 
================================================================================
DAG File Processing Stats

File Path                                     PID    Runtime      # DAGs    # Errors  Last Runtime    Last Run
--------------------------------------------  -----  ---------  --------  ----------  --------------  -------------------
/opt/airflow/dags/kpi_hourly_dag.py                                    1           0  0.12s           2026-08-21T03:55:01
/opt/airflow/dags/cell_kpi_hourly_anomaly.py                           1           0  0.09s           2026-08-21T03:55:08
================================================================================
[2026-08-21T03:55:45.690+0000] {manager.py:878} INFO - 
================================================================================
DAG File Processing Stats

File Path                                     PID    Runtime      # DAGs    # Errors  Last Runtime    Last Run
--------------------------------------------  -----  ---------  --------  ----------  --------------  -------------------
/opt/airflow/dags/kpi_hourly_dag.py                                    1           0  0.54s           2026-08-21T03:55:32
/opt/airflow/dags/cell_kpi_hourly_anomaly.py                           1           0  0.51s           2026-08-21T03:55:39
================================================================================
[2026-08-21T03:56:15.787+0000] {manager.py:878} INFO - 
================================================================================
DAG File Processing Stats

File Path                                     PID    Runtime      # DAGs    # Errors  Last Runtime    Last Run
--------------------------------------------  -----  ---------  --------  ----------  --------------  -------------------
/opt/airflow/dags/kpi_hourly_dag.py                                    1           0  0.39s           2026-08-21T03:56:02
/opt/airflow/dags/cell_kpi_hourly_anomaly.py                           1           0  0.28s           2026-08-21T03:56:09
================================================================================
[2026-08-21T03:56:46.085+0000] {manager.py:878} INFO - 
================================================================================
DAG File Processing Stats

File Path                                     PID    Runtime      # DAGs    # Errors  Last Runtime    Last Run
--------------------------------------------  -----  ---------  --------  ----------  --------------  -------------------
/opt/airflow/dags/kpi_hourly_dag.py                                    1           0  0.22s           2026-08-21T03:56:33
/opt/airflow/dags/cell_kpi_hourly_anomaly.py                           1           0  0.17s           2026-08-21T03:56:40
================================================================================
[2026-08-21T03:57:16.313+0000] {manager.py:878} INFO - 
================================================================================
DAG File Processing Stats

File Path                                     PID    Runtime      # DAGs    # Errors  Last Runtime    Last Run
--------------------------------------------  -----  ---------  --------  ----------  --------------  -------------------
/opt/airflow/dags/kpi_hourly_dag.py                                    1           0  0.11s           2026-08-21T03:57:03
/opt/airflow/dags/cell_kpi_hourly_anomaly.py                           1           0  0.09s           2026-08-21T03:57:10
================================================================================
[2026-08-21T03:57:46.530+0000] {manager.py:878} INFO - 
================================================================================
DAG File Processing Stats

File Path                                     PID    Runtime      # DAGs    # Errors  Last Runtime    Last Run
--------------------------------------------  -----  ---------  --------  ----------  --------------  -------------------
/opt/airflow/dags/kpi_hourly_dag.py                                    1           0  0.11s           2026-08-21T03:57:33
/opt/airflow/dags/cell_kpi_hourly_anomaly.py                           1           0  0.09s           2026-08-21T03:57:40
================================================================================
[2026-08-21T03:58:16.659+0000] {manager.py:878} INFO - 
================================================================================
DAG File Processing Stats

File Path                                     PID    Runtime      # DAGs    # Errors  Last Runtime    Last Run
--------------------------------------------  -----  ---------  --------  ----------  --------------  -------------------
/opt/airflow/dags/kpi_hourly_dag.py                                    1           0  0.14s           2026-08-21T03:58:03
/opt/airflow/dags/cell_kpi_hourly_anomaly.py                           1           0  0.09s           2026-08-21T03:58:10
================================================================================
[2026-08-21T03:58:46.830+0000] {manager.py:878} INFO - 
================================================================================
DAG File Processing Stats

File Path                                     PID    Runtime      # DAGs    # Errors  Last Runtime    Last Run
--------------------------------------------  -----  ---------  --------  ----------  --------------  -------------------
/opt/airflow/dags/kpi_hourly_dag.py                                    1           0  0.26s           2026-08-21T03:58:34
/opt/airflow/dags/cell_kpi_hourly_anomaly.py                           1           0  0.10s           2026-08-21T03:58:40
================================================================================
[2026-08-21T03:59:17.047+0000] {manager.py:878} INFO - 
================================================================================
DAG File Processing Stats

File Path                                     PID    Runtime      # DAGs    # Errors  Last Runtime    Last Run
--------------------------------------------  -----  ---------  --------  ----------  --------------  -------------------
/opt/airflow/dags/kpi_hourly_dag.py                                    1           0  0.11s           2026-08-21T03:59:05
/opt/airflow/dags/cell_kpi_hourly_anomaly.py                           1           0  0.09s           2026-08-21T03:59:11
================================================================================
[2026-08-21T03:59:18.083+0000] {manager.py:737} INFO - Searching for files in /opt/airflow/dags
[2026-08-21T03:59:18.085+0000] {manager.py:740} INFO - There are 2 files in /opt/airflow/dags
[2026-08-21T03:59:47.181+0000] {manager.py:878} INFO - 
================================================================================
DAG File Processing Stats

File Path                                     PID    Runtime      # DAGs    # Errors  Last Runtime    Last Run
--------------------------------------------  -----  ---------  --------  ----------  --------------  -------------------
/opt/airflow/dags/kpi_hourly_dag.py                                    1           0  0.13s           2026-08-21T03:59:35
/opt/airflow/dags/cell_kpi_hourly_anomaly.py                           1           0  0.09s           2026-08-21T03:59:41
================================================================================
[2026-08-21T04:00:17.417+0000] {manager.py:878} INFO - 
================================================================================
DAG File Processing Stats

File Path                                     PID    Runtime      # DAGs    # Errors  Last Runtime    Last Run
--------------------------------------------  -----  ---------  --------  ----------  --------------  -------------------
/opt/airflow/dags/kpi_hourly_dag.py                                    1           0  0.13s           2026-08-21T04:00:05
/opt/airflow/dags/cell_kpi_hourly_anomaly.py                           1           0  0.09s           2026-08-21T04:00:11
================================================================================
[2026-08-21T04:00:47.533+0000] {manager.py:878} INFO - 
================================================================================
DAG File Processing Stats

File Path                                     PID    Runtime      # DAGs    # Errors  Last Runtime    Last Run
--------------------------------------------  -----  ---------  --------  ----------  --------------  -------------------
/opt/airflow/dags/kpi_hourly_dag.py                                    1           0  0.24s           2026-08-21T04:00:35
/opt/airflow/dags/cell_kpi_hourly_anomaly.py                           1           0  0.09s           2026-08-21T04:00:41
================================================================================
[2026-08-21T04:01:17.749+0000] {manager.py:878} INFO - 
================================================================================
DAG File Processing Stats

File Path                                     PID    Runtime      # DAGs    # Errors  Last Runtime    Last Run
--------------------------------------------  -----  ---------  --------  ----------  --------------  -------------------
/opt/airflow/dags/kpi_hourly_dag.py                                    1           0  0.11s           2026-08-21T04:01:06
/opt/airflow/dags/cell_kpi_hourly_anomaly.py                           1           0  0.08s           2026-08-21T04:01:11
================================================================================
[2026-08-21T04:01:48.109+0000] {manager.py:878} INFO - 
================================================================================
DAG File Processing Stats

File Path                                     PID    Runtime      # DAGs    # Errors  Last Runtime    Last Run
--------------------------------------------  -----  ---------  --------  ----------  --------------  -------------------
/opt/airflow/dags/cell_kpi_hourly_anomaly.py                           1           0  0.56s           2026-08-21T04:01:42
/opt/airflow/dags/kpi_hourly_dag.py                                    1           0  0.18s           2026-08-21T04:01:37
================================================================================
[2026-08-21T04:02:18.563+0000] {manager.py:878} INFO - 
================================================================================
DAG File Processing Stats

File Path                                     PID    Runtime      # DAGs    # Errors  Last Runtime    Last Run
--------------------------------------------  -----  ---------  --------  ----------  --------------  -------------------
/opt/airflow/dags/kpi_hourly_dag.py                                    1           0  0.19s           2026-08-21T04:02:07
/opt/airflow/dags/cell_kpi_hourly_anomaly.py                           1           0  0.19s           2026-08-21T04:02:12
================================================================================
[2026-08-21T04:02:49.018+0000] {manager.py:878} INFO - 
================================================================================
DAG File Processing Stats

File Path                                     PID    Runtime      # DAGs    # Errors  Last Runtime    Last Run
--------------------------------------------  -----  ---------  --------  ----------  --------------  -------------------
/opt/airflow/dags/kpi_hourly_dag.py                                    1           0  0.80s           2026-08-21T04:02:38
/opt/airflow/dags/cell_kpi_hourly_anomaly.py                           1           0  0.49s           2026-08-21T04:02:43
================================================================================
[2026-08-21T04:03:19.623+0000] {manager.py:878} INFO - 
================================================================================
DAG File Processing Stats

File Path                                     PID    Runtime      # DAGs    # Errors  Last Runtime    Last Run
--------------------------------------------  -----  ---------  --------  ----------  --------------  -------------------
/opt/airflow/dags/kpi_hourly_dag.py                                    1           0  0.23s           2026-08-21T04:03:08
/opt/airflow/dags/cell_kpi_hourly_anomaly.py                           1           0  0.09s           2026-08-21T04:03:13
================================================================================
[2026-08-21T04:03:49.866+0000] {manager.py:878} INFO - 
================================================================================
DAG File Processing Stats

File Path                                     PID    Runtime      # DAGs    # Errors  Last Runtime    Last Run
--------------------------------------------  -----  ---------  --------  ----------  --------------  -------------------
/opt/airflow/dags/kpi_hourly_dag.py                                    1           0  0.14s           2026-08-21T04:03:39
/opt/airflow/dags/cell_kpi_hourly_anomaly.py                           1           0  0.09s           2026-08-21T04:03:43
================================================================================
[2026-08-21T04:04:18.973+0000] {manager.py:737} INFO - Searching for files in /opt/airflow/dags
[2026-08-21T04:04:18.975+0000] {manager.py:740} INFO - There are 2 files in /opt/airflow/dags
[2026-08-21T04:04:19.985+0000] {manager.py:878} INFO - 
================================================================================
DAG File Processing Stats

File Path                                     PID    Runtime      # DAGs    # Errors  Last Runtime    Last Run
--------------------------------------------  -----  ---------  --------  ----------  --------------  -------------------
/opt/airflow/dags/kpi_hourly_dag.py                                    1           0  0.11s           2026-08-21T04:04:10
/opt/airflow/dags/cell_kpi_hourly_anomaly.py                           1           0  0.09s           2026-08-21T04:04:14
================================================================================
[2026-08-21T04:04:50.159+0000] {manager.py:878} INFO - 
================================================================================
DAG File Processing Stats

File Path                                     PID    Runtime      # DAGs    # Errors  Last Runtime    Last Run
--------------------------------------------  -----  ---------  --------  ----------  --------------  -------------------
/opt/airflow/dags/kpi_hourly_dag.py                                    1           0  0.25s           2026-08-21T04:04:40
/opt/airflow/dags/cell_kpi_hourly_anomaly.py                           1           0  0.09s           2026-08-21T04:04:44
================================================================================
[2026-08-21T04:05:20.327+0000] {manager.py:878} INFO - 
================================================================================
DAG File Processing Stats

File Path                                     PID    Runtime      # DAGs    # Errors  Last Runtime    Last Run
--------------------------------------------  -----  ---------  --------  ----------  --------------  -------------------
/opt/airflow/dags/kpi_hourly_dag.py                                    1           0  0.27s           2026-08-21T04:05:11
/opt/airflow/dags/cell_kpi_hourly_anomaly.py                           1           0  0.09s           2026-08-21T04:05:14
================================================================================
[2026-08-21T04:05:50.550+0000] {manager.py:878} INFO - 
================================================================================
DAG File Processing Stats

File Path                                     PID    Runtime      # DAGs    # Errors  Last Runtime    Last Run
--------------------------------------------  -----  ---------  --------  ----------  --------------  -------------------
/opt/airflow/dags/kpi_hourly_dag.py                                    1           0  0.11s           2026-08-21T04:05:42
/opt/airflow/dags/cell_kpi_hourly_anomaly.py                           1           0  0.10s           2026-08-21T04:05:44
================================================================================
[2026-08-21T04:06:20.672+0000] {manager.py:878} INFO - 
================================================================================
DAG File Processing Stats

File Path                                     PID    Runtime      # DAGs    # Errors  Last Runtime    Last Run
--------------------------------------------  -----  ---------  --------  ----------  --------------  -------------------
/opt/airflow/dags/kpi_hourly_dag.py                                    1           0  0.11s           2026-08-21T04:06:12
/opt/airflow/dags/cell_kpi_hourly_anomaly.py                           1           0  0.10s           2026-08-21T04:06:14
================================================================================
[2026-08-21T04:06:50.854+0000] {manager.py:878} INFO - 
================================================================================
DAG File Processing Stats

File Path                                     PID    Runtime      # DAGs    # Errors  Last Runtime    Last Run
--------------------------------------------  -----  ---------  --------  ----------  --------------  -------------------
/opt/airflow/dags/kpi_hourly_dag.py                                    1           0  0.27s           2026-08-21T04:06:43
/opt/airflow/dags/cell_kpi_hourly_anomaly.py                           1           0  0.09s           2026-08-21T04:06:44
================================================================================
[2026-08-21T04:07:21.026+0000] {manager.py:878} INFO - 
================================================================================
DAG File Processing Stats

File Path                                     PID    Runtime      # DAGs    # Errors  Last Runtime    Last Run
--------------------------------------------  -----  ---------  --------  ----------  --------------  -------------------
/opt/airflow/dags/kpi_hourly_dag.py                                    1           0  0.24s           2026-08-21T04:07:14
/opt/airflow/dags/cell_kpi_hourly_anomaly.py                           1           0  0.09s           2026-08-21T04:07:15
================================================================================
[2026-08-21T04:07:51.237+0000] {manager.py:878} INFO - 
================================================================================
DAG File Processing Stats

File Path                                     PID    Runtime      # DAGs    # Errors  Last Runtime    Last Run
--------------------------------------------  -----  ---------  --------  ----------  --------------  -------------------
/opt/airflow/dags/kpi_hourly_dag.py                                    1           0  0.26s           2026-08-21T04:07:45
/opt/airflow/dags/cell_kpi_hourly_anomaly.py                           1           0  0.10s           2026-08-21T04:07:45
================================================================================
[2026-08-21T04:08:21.669+0000] {manager.py:878} INFO - 
================================================================================
DAG File Processing Stats

File Path                                     PID    Runtime      # DAGs    # Errors  Last Runtime    Last Run
--------------------------------------------  -----  ---------  --------  ----------  --------------  -------------------
/opt/airflow/dags/cell_kpi_hourly_anomaly.py                           1           0  0.32s           2026-08-21T04:08:15
/opt/airflow/dags/kpi_hourly_dag.py                                    1           0  0.26s           2026-08-21T04:08:15
================================================================================
[2026-08-21T04:08:51.872+0000] {manager.py:878} INFO - 
================================================================================
DAG File Processing Stats

File Path                                     PID    Runtime      # DAGs    # Errors  Last Runtime    Last Run
--------------------------------------------  -----  ---------  --------  ----------  --------------  -------------------
/opt/airflow/dags/kpi_hourly_dag.py                                    1           0  0.23s           2026-08-21T04:08:45
/opt/airflow/dags/cell_kpi_hourly_anomaly.py                           1           0  0.09s           2026-08-21T04:08:45
================================================================================
[2026-08-21T04:09:19.063+0000] {manager.py:737} INFO - Searching for files in /opt/airflow/dags
[2026-08-21T04:09:19.065+0000] {manager.py:740} INFO - There are 2 files in /opt/airflow/dags
[2026-08-21T04:09:22.083+0000] {manager.py:878} INFO - 
================================================================================
DAG File Processing Stats

File Path                                     PID    Runtime      # DAGs    # Errors  Last Runtime    Last Run
--------------------------------------------  -----  ---------  --------  ----------  --------------  -------------------
/opt/airflow/dags/kpi_hourly_dag.py                                    1           0  0.24s           2026-08-21T04:09:16
/opt/airflow/dags/cell_kpi_hourly_anomaly.py                           1           0  0.09s           2026-08-21T04:09:16
================================================================================
[2026-08-21T04:09:52.273+0000] {manager.py:878} INFO - 
================================================================================
DAG File Processing Stats

File Path                                     PID    Runtime      # DAGs    # Errors  Last Runtime    Last Run
--------------------------------------------  -----  ---------  --------  ----------  --------------  -------------------
/opt/airflow/dags/kpi_hourly_dag.py                                    1           0  0.22s           2026-08-21T04:09:47
/opt/airflow/dags/cell_kpi_hourly_anomaly.py                           1           0  0.09s           2026-08-21T04:09:46
================================================================================
[2026-08-21T04:10:22.704+0000] {manager.py:878} INFO - 
================================================================================
DAG File Processing Stats

File Path                                     PID    Runtime      # DAGs    # Errors  Last Runtime    Last Run
--------------------------------------------  -----  ---------  --------  ----------  --------------  -------------------
/opt/airflow/dags/cell_kpi_hourly_anomaly.py                           1           0  0.21s           2026-08-21T04:10:16
/opt/airflow/dags/kpi_hourly_dag.py                                    1           0  0.11s           2026-08-21T04:10:17
================================================================================
[2026-08-21T04:10:52.892+0000] {manager.py:878} INFO - 
================================================================================
DAG File Processing Stats

File Path                                     PID    Runtime      # DAGs    # Errors  Last Runtime    Last Run
--------------------------------------------  -----  ---------  --------  ----------  --------------  -------------------
/opt/airflow/dags/kpi_hourly_dag.py                                    1           0  0.24s           2026-08-21T04:10:48
/opt/airflow/dags/cell_kpi_hourly_anomaly.py                           1           0  0.09s           2026-08-21T04:10:46
================================================================================
[2026-08-21T04:11:23.082+0000] {manager.py:878} INFO - 
================================================================================
DAG File Processing Stats

File Path                                     PID    Runtime      # DAGs    # Errors  Last Runtime    Last Run
--------------------------------------------  -----  ---------  --------  ----------  --------------  -------------------
/opt/airflow/dags/kpi_hourly_dag.py                                    1           0  0.25s           2026-08-21T04:11:18
/opt/airflow/dags/cell_kpi_hourly_anomaly.py                           1           0  0.08s           2026-08-21T04:11:17
================================================================================
[2026-08-21T04:11:53.286+0000] {manager.py:878} INFO - 
================================================================================
DAG File Processing Stats

File Path                                     PID    Runtime      # DAGs    # Errors  Last Runtime    Last Run
--------------------------------------------  -----  ---------  --------  ----------  --------------  -------------------
/opt/airflow/dags/kpi_hourly_dag.py                                    1           0  0.25s           2026-08-21T04:11:49
/opt/airflow/dags/cell_kpi_hourly_anomaly.py                           1           0  0.10s           2026-08-21T04:11:47
================================================================================
[2026-08-21T04:12:23.592+0000] {manager.py:878} INFO - 
================================================================================
DAG File Processing Stats

File Path                                     PID    Runtime      # DAGs    # Errors  Last Runtime    Last Run
--------------------------------------------  -----  ---------  --------  ----------  --------------  -------------------
/opt/airflow/dags/kpi_hourly_dag.py                                    1           0  0.23s           2026-08-21T04:12:19
/opt/airflow/dags/cell_kpi_hourly_anomaly.py                           1           0  0.20s           2026-08-21T04:12:17
================================================================================
[2026-08-21T04:12:53.792+0000] {manager.py:878} INFO - 
================================================================================
DAG File Processing Stats

File Path                                     PID    Runtime      # DAGs    # Errors  Last Runtime    Last Run
--------------------------------------------  -----  ---------  --------  ----------  --------------  -------------------
/opt/airflow/dags/kpi_hourly_dag.py                                    1           0  0.25s           2026-08-21T04:12:50
/opt/airflow/dags/cell_kpi_hourly_anomaly.py                           1           0  0.09s           2026-08-21T04:12:47
================================================================================
[2026-08-21T04:13:23.993+0000] {manager.py:878} INFO - 
================================================================================
DAG File Processing Stats

File Path                                     PID    Runtime      # DAGs    # Errors  Last Runtime    Last Run
--------------------------------------------  -----  ---------  --------  ----------  --------------  -------------------
/opt/airflow/dags/kpi_hourly_dag.py                                    1           0  0.28s           2026-08-21T04:13:21
/opt/airflow/dags/cell_kpi_hourly_anomaly.py                           1           0  0.11s           2026-08-21T04:13:17
================================================================================
[2026-08-21T04:13:54.189+0000] {manager.py:878} INFO - 
================================================================================
DAG File Processing Stats

File Path                                     PID    Runtime      # DAGs    # Errors  Last Runtime    Last Run
--------------------------------------------  -----  ---------  --------  ----------  --------------  -------------------
/opt/airflow/dags/kpi_hourly_dag.py                                    1           0  0.23s           2026-08-21T04:13:51
/opt/airflow/dags/cell_kpi_hourly_anomaly.py                           1           0  0.09s           2026-08-21T04:13:48
================================================================================
[2026-08-21T04:14:19.276+0000] {manager.py:737} INFO - Searching for files in /opt/airflow/dags
[2026-08-21T04:14:19.277+0000] {manager.py:740} INFO - There are 2 files in /opt/airflow/dags
[2026-08-21T04:14:24.514+0000] {manager.py:878} INFO - 
================================================================================
DAG File Processing Stats

File Path                                     PID    Runtime      # DAGs    # Errors  Last Runtime    Last Run
--------------------------------------------  -----  ---------  --------  ----------  --------------  -------------------
/opt/airflow/dags/kpi_hourly_dag.py                                    1           0  0.23s           2026-08-21T04:14:21
/opt/airflow/dags/cell_kpi_hourly_anomaly.py                           1           0  0.22s           2026-08-21T04:14:18
================================================================================
[2026-08-21T04:14:54.844+0000] {manager.py:878} INFO - 
================================================================================
DAG File Processing Stats

File Path                                     PID    Runtime      # DAGs    # Errors  Last Runtime    Last Run
--------------------------------------------  -----  ---------  --------  ----------  --------------  -------------------
/opt/airflow/dags/kpi_hourly_dag.py                                    1           0  0.23s           2026-08-21T04:14:52
/opt/airflow/dags/cell_kpi_hourly_anomaly.py                           1           0  0.22s           2026-08-21T04:14:48
================================================================================
[2026-08-21T04:15:25.039+0000] {manager.py:878} INFO - 
================================================================================
DAG File Processing Stats

File Path                                     PID    Runtime      # DAGs    # Errors  Last Runtime    Last Run
--------------------------------------------  -----  ---------  --------  ----------  --------------  -------------------
/opt/airflow/dags/kpi_hourly_dag.py                                    1           0  0.23s           2026-08-21T04:15:23
/opt/airflow/dags/cell_kpi_hourly_anomaly.py                           1           0  0.09s           2026-08-21T04:15:19
================================================================================
[2026-08-21T04:15:55.158+0000] {manager.py:878} INFO - 
================================================================================
DAG File Processing Stats

File Path                                     PID    Runtime      # DAGs    # Errors  Last Runtime    Last Run
--------------------------------------------  -----  ---------  --------  ----------  --------------  -------------------
/opt/airflow/dags/kpi_hourly_dag.py                                    1           0  0.79s           2026-08-21T04:15:54
/opt/airflow/dags/cell_kpi_hourly_anomaly.py                           1           0  0.41s           2026-08-21T04:15:49
================================================================================
[2026-08-21T04:16:25.297+0000] {manager.py:878} INFO - 
================================================================================
DAG File Processing Stats

File Path                                     PID    Runtime      # DAGs    # Errors  Last Runtime    Last Run
--------------------------------------------  -----  ---------  --------  ----------  --------------  -------------------
/opt/airflow/dags/kpi_hourly_dag.py                                    1           0  0.41s           2026-08-21T04:16:24
/opt/airflow/dags/cell_kpi_hourly_anomaly.py                           1           0  0.39s           2026-08-21T04:16:20
================================================================================
[2026-08-21T04:16:55.898+0000] {manager.py:878} INFO - 
================================================================================
DAG File Processing Stats

File Path                                     PID    Runtime      # DAGs    # Errors  Last Runtime    Last Run
--------------------------------------------  -----  ---------  --------  ----------  --------------  -------------------
/opt/airflow/dags/cell_kpi_hourly_anomaly.py                           1           0  0.39s           2026-08-21T04:16:50
/opt/airflow/dags/kpi_hourly_dag.py                                    1           0  0.38s           2026-08-21T04:16:55
================================================================================
[2026-08-21T04:17:26.477+0000] {manager.py:878} INFO - 
================================================================================
DAG File Processing Stats

File Path                                     PID    Runtime      # DAGs    # Errors  Last Runtime    Last Run
--------------------------------------------  -----  ---------  --------  ----------  --------------  -------------------
/opt/airflow/dags/cell_kpi_hourly_anomaly.py                           1           0  0.36s           2026-08-21T04:17:21
/opt/airflow/dags/kpi_hourly_dag.py                                    1           0  0.35s           2026-08-21T04:17:25
================================================================================
[2026-08-21T04:17:56.610+0000] {manager.py:878} INFO - 
================================================================================
DAG File Processing Stats

File Path                                       PID  Runtime      # DAGs    # Errors  Last Runtime    Last Run
--------------------------------------------  -----  ---------  --------  ----------  --------------  -------------------
/opt/airflow/dags/kpi_hourly_dag.py            5413  0.00s             1           0  0.35s           2026-08-21T04:17:25
/opt/airflow/dags/cell_kpi_hourly_anomaly.py                           1           0  0.09s           2026-08-21T04:17:51
================================================================================
[2026-08-21T04:18:26.947+0000] {manager.py:878} INFO - 
================================================================================
DAG File Processing Stats

File Path                                       PID  Runtime      # DAGs    # Errors  Last Runtime    Last Run
--------------------------------------------  -----  ---------  --------  ----------  --------------  -------------------
/opt/airflow/dags/kpi_hourly_dag.py            5423  0.00s             1           0  0.24s           2026-08-21T04:17:56
/opt/airflow/dags/cell_kpi_hourly_anomaly.py                           1           0  0.21s           2026-08-21T04:18:21
================================================================================
[2026-08-21T04:18:57.270+0000] {manager.py:878} INFO - 
================================================================================
DAG File Processing Stats

File Path                                       PID  Runtime      # DAGs    # Errors  Last Runtime    Last Run
--------------------------------------------  -----  ---------  --------  ----------  --------------  -------------------
/opt/airflow/dags/kpi_hourly_dag.py            5433  0.01s             1           0  0.23s           2026-08-21T04:18:27
/opt/airflow/dags/cell_kpi_hourly_anomaly.py                           1           0  0.21s           2026-08-21T04:18:52
================================================================================
[2026-08-21T04:19:19.386+0000] {manager.py:737} INFO - Searching for files in /opt/airflow/dags
[2026-08-21T04:19:19.388+0000] {manager.py:740} INFO - There are 2 files in /opt/airflow/dags
[2026-08-21T04:19:27.590+0000] {manager.py:878} INFO - 
================================================================================
DAG File Processing Stats

File Path                                       PID  Runtime      # DAGs    # Errors  Last Runtime    Last Run
--------------------------------------------  -----  ---------  --------  ----------  --------------  -------------------
/opt/airflow/dags/kpi_hourly_dag.py            5443  0.00s             1           0  0.23s           2026-08-21T04:18:57
/opt/airflow/dags/cell_kpi_hourly_anomaly.py                           1           0  0.22s           2026-08-21T04:19:22
================================================================================
[2026-08-21T04:19:57.738+0000] {manager.py:878} INFO - 
================================================================================
DAG File Processing Stats

File Path                                     PID    Runtime      # DAGs    # Errors  Last Runtime    Last Run
--------------------------------------------  -----  ---------  --------  ----------  --------------  -------------------
/opt/airflow/dags/kpi_hourly_dag.py                                    1           0  0.25s           2026-08-21T04:19:27
/opt/airflow/dags/cell_kpi_hourly_anomaly.py                           1           0  0.09s           2026-08-21T04:19:52
================================================================================
[2026-08-21T04:20:28.068+0000] {manager.py:878} INFO - 
================================================================================
DAG File Processing Stats

File Path                                     PID    Runtime      # DAGs    # Errors  Last Runtime    Last Run
--------------------------------------------  -----  ---------  --------  ----------  --------------  -------------------
/opt/airflow/dags/kpi_hourly_dag.py                                    1           0  0.24s           2026-08-21T04:19:58
/opt/airflow/dags/cell_kpi_hourly_anomaly.py                           1           0  0.21s           2026-08-21T04:20:23
================================================================================
[2026-08-21T04:20:58.379+0000] {manager.py:878} INFO - 
================================================================================
DAG File Processing Stats

File Path                                     PID    Runtime      # DAGs    # Errors  Last Runtime    Last Run
--------------------------------------------  -----  ---------  --------  ----------  --------------  -------------------
/opt/airflow/dags/kpi_hourly_dag.py                                    1           0  0.22s           2026-08-21T04:20:29
/opt/airflow/dags/cell_kpi_hourly_anomaly.py                           1           0  0.21s           2026-08-21T04:20:53
================================================================================
[2026-08-21T04:21:28.694+0000] {manager.py:878} INFO - 
================================================================================
DAG File Processing Stats

File Path                                     PID    Runtime      # DAGs    # Errors  Last Runtime    Last Run
--------------------------------------------  -----  ---------  --------  ----------  --------------  -------------------
/opt/airflow/dags/kpi_hourly_dag.py                                    1           0  0.22s           2026-08-21T04:20:59
/opt/airflow/dags/cell_kpi_hourly_anomaly.py                           1           0  0.21s           2026-08-21T04:21:23
================================================================================
[2026-08-21T04:21:59.014+0000] {manager.py:878} INFO - 
================================================================================
DAG File Processing Stats

File Path                                     PID    Runtime      # DAGs    # Errors  Last Runtime    Last Run
--------------------------------------------  -----  ---------  --------  ----------  --------------  -------------------
/opt/airflow/dags/kpi_hourly_dag.py                                    1           0  0.23s           2026-08-21T04:21:29
/opt/airflow/dags/cell_kpi_hourly_anomaly.py                           1           0  0.10s           2026-08-21T04:21:54
================================================================================
[2026-08-21T04:22:29.201+0000] {manager.py:878} INFO - 
================================================================================
DAG File Processing Stats

File Path                                     PID    Runtime      # DAGs    # Errors  Last Runtime    Last Run
--------------------------------------------  -----  ---------  --------  ----------  --------------  -------------------
/opt/airflow/dags/kpi_hourly_dag.py                                    1           0  0.11s           2026-08-21T04:22:00
/opt/airflow/dags/cell_kpi_hourly_anomaly.py                           1           0  0.09s           2026-08-21T04:22:24
================================================================================
[2026-08-21T04:22:59.415+0000] {manager.py:878} INFO - 
================================================================================
DAG File Processing Stats

File Path                                     PID    Runtime      # DAGs    # Errors  Last Runtime    Last Run
--------------------------------------------  -----  ---------  --------  ----------  --------------  -------------------
/opt/airflow/dags/kpi_hourly_dag.py                                    1           0  0.11s           2026-08-21T04:22:30
/opt/airflow/dags/cell_kpi_hourly_anomaly.py                           1           0  0.11s           2026-08-21T04:22:54
================================================================================
[2026-08-21T04:23:29.615+0000] {manager.py:878} INFO - 
================================================================================
DAG File Processing Stats

File Path                                     PID    Runtime      # DAGs    # Errors  Last Runtime    Last Run
--------------------------------------------  -----  ---------  --------  ----------  --------------  -------------------
/opt/airflow/dags/kpi_hourly_dag.py                                    1           0  0.11s           2026-08-21T04:23:00
/opt/airflow/dags/cell_kpi_hourly_anomaly.py                           1           0  0.09s           2026-08-21T04:23:24
================================================================================
[2026-08-21T04:23:59.814+0000] {manager.py:878} INFO - 
================================================================================
DAG File Processing Stats

File Path                                     PID    Runtime      # DAGs    # Errors  Last Runtime    Last Run
--------------------------------------------  -----  ---------  --------  ----------  --------------  -------------------
/opt/airflow/dags/kpi_hourly_dag.py                                    1           0  0.11s           2026-08-21T04:23:30
/opt/airflow/dags/cell_kpi_hourly_anomaly.py                           1           0  0.10s           2026-08-21T04:23:54
================================================================================
[2026-08-21T04:24:19.967+0000] {manager.py:737} INFO - Searching for files in /opt/airflow/dags
[2026-08-21T04:24:19.969+0000] {manager.py:740} INFO - There are 2 files in /opt/airflow/dags
[2026-08-21T04:24:30.022+0000] {manager.py:878} INFO - 
================================================================================
DAG File Processing Stats

File Path                                     PID    Runtime      # DAGs    # Errors  Last Runtime    Last Run
--------------------------------------------  -----  ---------  --------  ----------  --------------  -------------------
/opt/airflow/dags/cell_kpi_hourly_anomaly.py                           1           0  0.12s           2026-08-21T04:24:25
/opt/airflow/dags/kpi_hourly_dag.py                                    1           0  0.11s           2026-08-21T04:24:00
================================================================================
[2026-08-21T04:25:00.237+0000] {manager.py:878} INFO - 
================================================================================
DAG File Processing Stats

File Path                                     PID    Runtime      # DAGs    # Errors  Last Runtime    Last Run
--------------------------------------------  -----  ---------  --------  ----------  --------------  -------------------
/opt/airflow/dags/kpi_hourly_dag.py                                    1           0  0.14s           2026-08-21T04:24:31
/opt/airflow/dags/cell_kpi_hourly_anomaly.py                           1           0  0.09s           2026-08-21T04:24:55
================================================================================
[2026-08-21T04:25:30.434+0000] {manager.py:878} INFO - 
================================================================================
DAG File Processing Stats

File Path                                     PID    Runtime      # DAGs    # Errors  Last Runtime    Last Run
--------------------------------------------  -----  ---------  --------  ----------  --------------  -------------------
/opt/airflow/dags/kpi_hourly_dag.py                                    1           0  0.11s           2026-08-21T04:25:01
/opt/airflow/dags/cell_kpi_hourly_anomaly.py                           1           0  0.09s           2026-08-21T04:25:25
================================================================================
[2026-08-21T04:26:00.627+0000] {manager.py:878} INFO - 
================================================================================
DAG File Processing Stats

File Path                                     PID    Runtime      # DAGs    # Errors  Last Runtime    Last Run
--------------------------------------------  -----  ---------  --------  ----------  --------------  -------------------
/opt/airflow/dags/kpi_hourly_dag.py                                    1           0  0.11s           2026-08-21T04:25:31
/opt/airflow/dags/cell_kpi_hourly_anomaly.py                           1           0  0.09s           2026-08-21T04:25:55
================================================================================
[2026-08-21T04:26:31.052+0000] {manager.py:878} INFO - 
================================================================================
DAG File Processing Stats

File Path                                     PID    Runtime      # DAGs    # Errors  Last Runtime    Last Run
--------------------------------------------  -----  ---------  --------  ----------  --------------  -------------------
/opt/airflow/dags/cell_kpi_hourly_anomaly.py                           1           0  0.33s           2026-08-21T04:26:26
/opt/airflow/dags/kpi_hourly_dag.py                                    1           0  0.11s           2026-08-21T04:26:01
================================================================================
[2026-08-21T04:27:01.500+0000] {manager.py:878} INFO - 
================================================================================
DAG File Processing Stats

File Path                                     PID    Runtime      # DAGs    # Errors  Last Runtime    Last Run
--------------------------------------------  -----  ---------  --------  ----------  --------------  -------------------
/opt/airflow/dags/kpi_hourly_dag.py                                    1           0  0.28s           2026-08-21T04:26:32
/opt/airflow/dags/cell_kpi_hourly_anomaly.py                           1           0  0.17s           2026-08-21T04:26:56
================================================================================
[2026-08-21T04:27:31.794+0000] {manager.py:878} INFO - 
================================================================================
DAG File Processing Stats

File Path                                     PID    Runtime      # DAGs    # Errors  Last Runtime    Last Run
--------------------------------------------  -----  ---------  --------  ----------  --------------  -------------------
/opt/airflow/dags/kpi_hourly_dag.py                                    1           0  0.32s           2026-08-21T04:27:02
/opt/airflow/dags/cell_kpi_hourly_anomaly.py                           1           0  0.15s           2026-08-21T04:27:26
================================================================================
[2026-08-21T04:28:02.398+0000] {manager.py:878} INFO - 
================================================================================
DAG File Processing Stats

File Path                                     PID    Runtime      # DAGs    # Errors  Last Runtime    Last Run
--------------------------------------------  -----  ---------  --------  ----------  --------------  -------------------
/opt/airflow/dags/cell_kpi_hourly_anomaly.py                           1           0  0.29s           2026-08-21T04:27:57
/opt/airflow/dags/kpi_hourly_dag.py                                    1           0  0.29s           2026-08-21T04:27:33
================================================================================
[2026-08-21T04:28:32.621+0000] {manager.py:878} INFO - 
================================================================================
DAG File Processing Stats

File Path                                     PID    Runtime      # DAGs    # Errors  Last Runtime    Last Run
--------------------------------------------  -----  ---------  --------  ----------  --------------  -------------------
/opt/airflow/dags/kpi_hourly_dag.py                                    1           0  0.25s           2026-08-21T04:28:03
/opt/airflow/dags/cell_kpi_hourly_anomaly.py                           1           0  0.09s           2026-08-21T04:28:27
================================================================================
[2026-08-21T04:29:02.898+0000] {manager.py:878} INFO - 
================================================================================
DAG File Processing Stats

File Path                                     PID    Runtime      # DAGs    # Errors  Last Runtime    Last Run
--------------------------------------------  -----  ---------  --------  ----------  --------------  -------------------
/opt/airflow/dags/kpi_hourly_dag.py                                    1           0  0.12s           2026-08-21T04:28:33
/opt/airflow/dags/cell_kpi_hourly_anomaly.py                           1           0  0.10s           2026-08-21T04:28:57
================================================================================
[2026-08-21T04:29:19.971+0000] {manager.py:737} INFO - Searching for files in /opt/airflow/dags
[2026-08-21T04:29:19.973+0000] {manager.py:740} INFO - There are 2 files in /opt/airflow/dags
[2026-08-21T04:29:33.106+0000] {manager.py:878} INFO - 
================================================================================
DAG File Processing Stats

File Path                                     PID    Runtime      # DAGs    # Errors  Last Runtime    Last Run
--------------------------------------------  -----  ---------  --------  ----------  --------------  -------------------
/opt/airflow/dags/kpi_hourly_dag.py                                    1           0  0.12s           2026-08-21T04:29:04
/opt/airflow/dags/cell_kpi_hourly_anomaly.py                           1           0  0.09s           2026-08-21T04:29:28
================================================================================
[2026-08-21T04:30:03.417+0000] {manager.py:878} INFO - 
================================================================================
DAG File Processing Stats

File Path                                     PID    Runtime      # DAGs    # Errors  Last Runtime    Last Run
--------------------------------------------  -----  ---------  --------  ----------  --------------  -------------------
/opt/airflow/dags/kpi_hourly_dag.py                                    1           0  0.11s           2026-08-21T04:29:34
/opt/airflow/dags/cell_kpi_hourly_anomaly.py                           1           0  0.09s           2026-08-21T04:29:44
================================================================================
[2026-08-21T04:30:33.632+0000] {manager.py:878} INFO - 
================================================================================
DAG File Processing Stats

File Path                                     PID    Runtime      # DAGs    # Errors  Last Runtime    Last Run
--------------------------------------------  -----  ---------  --------  ----------  --------------  -------------------
/opt/airflow/dags/cell_kpi_hourly_anomaly.py                           1           0  0.15s           2026-08-21T04:30:14
/opt/airflow/dags/kpi_hourly_dag.py                                    1           0  0.12s           2026-08-21T04:30:04
================================================================================
[2026-08-21T04:31:03.845+0000] {manager.py:878} INFO - 
================================================================================
DAG File Processing Stats

File Path                                     PID    Runtime      # DAGs    # Errors  Last Runtime    Last Run
--------------------------------------------  -----  ---------  --------  ----------  --------------  -------------------
/opt/airflow/dags/kpi_hourly_dag.py                                    1           0  0.12s           2026-08-21T04:30:34
/opt/airflow/dags/cell_kpi_hourly_anomaly.py                           1           0  0.08s           2026-08-21T04:30:44
================================================================================
[2026-08-21T04:31:33.973+0000] {manager.py:878} INFO - 
================================================================================
DAG File Processing Stats

File Path                                     PID    Runtime      # DAGs    # Errors  Last Runtime    Last Run
--------------------------------------------  -----  ---------  --------  ----------  --------------  -------------------
/opt/airflow/dags/kpi_hourly_dag.py                                    1           0  0.11s           2026-08-21T04:31:04
/opt/airflow/dags/cell_kpi_hourly_anomaly.py                           1           0  0.09s           2026-08-21T04:31:14
================================================================================
[2026-08-21T04:32:04.195+0000] {manager.py:878} INFO - 
================================================================================
DAG File Processing Stats

File Path                                     PID    Runtime      # DAGs    # Errors  Last Runtime    Last Run
--------------------------------------------  -----  ---------  --------  ----------  --------------  -------------------
/opt/airflow/dags/kpi_hourly_dag.py                                    1           0  0.12s           2026-08-21T04:31:35
/opt/airflow/dags/cell_kpi_hourly_anomaly.py                           1           0  0.09s           2026-08-21T04:31:45
================================================================================
[2026-08-21T04:32:34.541+0000] {manager.py:878} INFO - 
================================================================================
DAG File Processing Stats

File Path                                     PID    Runtime      # DAGs    # Errors  Last Runtime    Last Run
--------------------------------------------  -----  ---------  --------  ----------  --------------  -------------------
/opt/airflow/dags/cell_kpi_hourly_anomaly.py                           1           0  0.17s           2026-08-21T04:32:15
/opt/airflow/dags/kpi_hourly_dag.py                                    1           0  0.14s           2026-08-21T04:32:05
================================================================================
[2026-08-21T04:33:04.897+0000] {manager.py:878} INFO - 
================================================================================
DAG File Processing Stats

File Path                                     PID    Runtime      # DAGs    # Errors  Last Runtime    Last Run
--------------------------------------------  -----  ---------  --------  ----------  --------------  -------------------
/opt/airflow/dags/cell_kpi_hourly_anomaly.py                           1           0  0.22s           2026-08-21T04:32:45
/opt/airflow/dags/kpi_hourly_dag.py                                    1           0  0.19s           2026-08-21T04:32:35
================================================================================
[2026-08-21T04:33:35.164+0000] {manager.py:878} INFO - 
================================================================================
DAG File Processing Stats

File Path                                     PID    Runtime      # DAGs    # Errors  Last Runtime    Last Run
--------------------------------------------  -----  ---------  --------  ----------  --------------  -------------------
/opt/airflow/dags/kpi_hourly_dag.py                                    1           0  0.29s           2026-08-21T04:33:06
/opt/airflow/dags/cell_kpi_hourly_anomaly.py                           1           0  0.16s           2026-08-21T04:33:16
================================================================================
[2026-08-21T04:34:05.611+0000] {manager.py:878} INFO - 
================================================================================
DAG File Processing Stats

File Path                                     PID    Runtime      # DAGs    # Errors  Last Runtime    Last Run
--------------------------------------------  -----  ---------  --------  ----------  --------------  -------------------
/opt/airflow/dags/kpi_hourly_dag.py                                    1           0  0.53s           2026-08-21T04:33:36
/opt/airflow/dags/cell_kpi_hourly_anomaly.py                           1           0  0.11s           2026-08-21T04:33:46
================================================================================
[2026-08-21T04:34:20.006+0000] {manager.py:737} INFO - Searching for files in /opt/airflow/dags
[2026-08-21T04:34:20.010+0000] {manager.py:740} INFO - There are 2 files in /opt/airflow/dags
[2026-08-21T04:34:35.961+0000] {manager.py:878} INFO - 
================================================================================
DAG File Processing Stats

File Path                                     PID    Runtime      # DAGs    # Errors  Last Runtime    Last Run
--------------------------------------------  -----  ---------  --------  ----------  --------------  -------------------
/opt/airflow/dags/kpi_hourly_dag.py                                    1           0  0.42s           2026-08-21T04:34:08
/opt/airflow/dags/cell_kpi_hourly_anomaly.py                           1           0  0.21s           2026-08-21T04:34:16
================================================================================
[2026-08-21T04:35:06.390+0000] {manager.py:878} INFO - 
================================================================================
DAG File Processing Stats

File Path                                     PID    Runtime      # DAGs    # Errors  Last Runtime    Last Run
--------------------------------------------  -----  ---------  --------  ----------  --------------  -------------------
/opt/airflow/dags/kpi_hourly_dag.py                                    1           0  0.27s           2026-08-21T04:34:38
/opt/airflow/dags/cell_kpi_hourly_anomaly.py                           1           0  0.23s           2026-08-21T04:34:47
================================================================================
[2026-08-21T04:35:37.130+0000] {manager.py:878} INFO - 
================================================================================
DAG File Processing Stats

File Path                                     PID    Runtime      # DAGs    # Errors  Last Runtime    Last Run
--------------------------------------------  -----  ---------  --------  ----------  --------------  -------------------
/opt/airflow/dags/cell_kpi_hourly_anomaly.py                           1           0  0.32s           2026-08-21T04:35:17
/opt/airflow/dags/kpi_hourly_dag.py                                    1           0  0.25s           2026-08-21T04:35:08
================================================================================
[2026-08-21T04:36:07.610+0000] {manager.py:878} INFO - 
================================================================================
DAG File Processing Stats

File Path                                     PID    Runtime      # DAGs    # Errors  Last Runtime    Last Run
--------------------------------------------  -----  ---------  --------  ----------  --------------  -------------------
/opt/airflow/dags/kpi_hourly_dag.py                                    1           0  0.21s           2026-08-21T04:35:39
/opt/airflow/dags/cell_kpi_hourly_anomaly.py                           1           0  0.18s           2026-08-21T04:35:48
================================================================================
[2026-08-21T04:36:37.898+0000] {manager.py:878} INFO - 
================================================================================
DAG File Processing Stats

File Path                                     PID    Runtime      # DAGs    # Errors  Last Runtime    Last Run
--------------------------------------------  -----  ---------  --------  ----------  --------------  -------------------
/opt/airflow/dags/kpi_hourly_dag.py                                    1           0  0.43s           2026-08-21T04:36:10
/opt/airflow/dags/cell_kpi_hourly_anomaly.py                           1           0  0.19s           2026-08-21T04:36:18
================================================================================
[2026-08-21T04:37:08.213+0000] {manager.py:878} INFO - 
================================================================================
DAG File Processing Stats

File Path                                     PID    Runtime      # DAGs    # Errors  Last Runtime    Last Run
--------------------------------------------  -----  ---------  --------  ----------  --------------  -------------------
/opt/airflow/dags/kpi_hourly_dag.py                                    1           0  0.53s           2026-08-21T04:36:41
/opt/airflow/dags/cell_kpi_hourly_anomaly.py                           1           0  0.14s           2026-08-21T04:36:49
================================================================================
[2026-08-21T04:37:38.581+0000] {manager.py:878} INFO - 
================================================================================
DAG File Processing Stats

File Path                                     PID    Runtime      # DAGs    # Errors  Last Runtime    Last Run
--------------------------------------------  -----  ---------  --------  ----------  --------------  -------------------
/opt/airflow/dags/cell_kpi_hourly_anomaly.py                           1           0  0.31s           2026-08-21T04:37:19
/opt/airflow/dags/kpi_hourly_dag.py                                    1           0  0.18s           2026-08-21T04:37:12
================================================================================
[2026-08-21T04:38:09.018+0000] {manager.py:878} INFO - 
================================================================================
DAG File Processing Stats

File Path                                     PID    Runtime      # DAGs    # Errors  Last Runtime    Last Run
--------------------------------------------  -----  ---------  --------  ----------  --------------  -------------------
/opt/airflow/dags/kpi_hourly_dag.py                                    1           0  0.31s           2026-08-21T04:37:42
/opt/airflow/dags/cell_kpi_hourly_anomaly.py                           1           0  0.09s           2026-08-21T04:37:50
================================================================================
[2026-08-21T04:38:39.230+0000] {manager.py:878} INFO - 
================================================================================
DAG File Processing Stats

File Path                                     PID    Runtime      # DAGs    # Errors  Last Runtime    Last Run
--------------------------------------------  -----  ---------  --------  ----------  --------------  -------------------
/opt/airflow/dags/kpi_hourly_dag.py                                    1           0  0.11s           2026-08-21T04:38:13
/opt/airflow/dags/cell_kpi_hourly_anomaly.py                           1           0  0.11s           2026-08-21T04:38:20
================================================================================
[2026-08-21T04:39:09.367+0000] {manager.py:878} INFO - 
================================================================================
DAG File Processing Stats

File Path                                     PID    Runtime      # DAGs    # Errors  Last Runtime    Last Run
--------------------------------------------  -----  ---------  --------  ----------  --------------  -------------------
/opt/airflow/dags/kpi_hourly_dag.py                                    1           0  0.12s           2026-08-21T04:38:43
/opt/airflow/dags/cell_kpi_hourly_anomaly.py                           1           0  0.09s           2026-08-21T04:38:50
================================================================================
[2026-08-21T04:39:20.466+0000] {manager.py:737} INFO - Searching for files in /opt/airflow/dags
[2026-08-21T04:39:20.467+0000] {manager.py:740} INFO - There are 2 files in /opt/airflow/dags
[2026-08-21T04:39:39.580+0000] {manager.py:878} INFO - 
================================================================================
DAG File Processing Stats

File Path                                     PID    Runtime      # DAGs    # Errors  Last Runtime    Last Run
--------------------------------------------  -----  ---------  --------  ----------  --------------  -------------------
/opt/airflow/dags/kpi_hourly_dag.py                                    1           0  0.11s           2026-08-21T04:39:13
/opt/airflow/dags/cell_kpi_hourly_anomaly.py                           1           0  0.09s           2026-08-21T04:39:20
================================================================================
[2026-08-21T04:40:09.713+0000] {manager.py:878} INFO - 
================================================================================
DAG File Processing Stats

File Path                                     PID    Runtime      # DAGs    # Errors  Last Runtime    Last Run
--------------------------------------------  -----  ---------  --------  ----------  --------------  -------------------
/opt/airflow/dags/kpi_hourly_dag.py                                    1           0  0.11s           2026-08-21T04:39:43
/opt/airflow/dags/cell_kpi_hourly_anomaly.py                           1           0  0.09s           2026-08-21T04:39:50
================================================================================
[2026-08-21T04:40:39.922+0000] {manager.py:878} INFO - 
================================================================================
DAG File Processing Stats

File Path                                     PID    Runtime      # DAGs    # Errors  Last Runtime    Last Run
--------------------------------------------  -----  ---------  --------  ----------  --------------  -------------------
/opt/airflow/dags/kpi_hourly_dag.py                                    1           0  0.11s           2026-08-21T04:40:13
/opt/airflow/dags/cell_kpi_hourly_anomaly.py                           1           0  0.09s           2026-08-21T04:40:20
================================================================================
[2026-08-21T04:41:10.054+0000] {manager.py:878} INFO - 
================================================================================
DAG File Processing Stats

File Path                                     PID    Runtime      # DAGs    # Errors  Last Runtime    Last Run
--------------------------------------------  -----  ---------  --------  ----------  --------------  -------------------
/opt/airflow/dags/kpi_hourly_dag.py                                    1           0  0.11s           2026-08-21T04:40:44
/opt/airflow/dags/cell_kpi_hourly_anomaly.py                           1           0  0.09s           2026-08-21T04:40:51
================================================================================
[2026-08-21T04:41:40.261+0000] {manager.py:878} INFO - 
================================================================================
DAG File Processing Stats

File Path                                     PID    Runtime      # DAGs    # Errors  Last Runtime    Last Run
--------------------------------------------  -----  ---------  --------  ----------  --------------  -------------------
/opt/airflow/dags/kpi_hourly_dag.py                                    1           0  0.11s           2026-08-21T04:41:14
/opt/airflow/dags/cell_kpi_hourly_anomaly.py                           1           0  0.09s           2026-08-21T04:41:21
================================================================================
[2026-08-21T04:42:10.389+0000] {manager.py:878} INFO - 
================================================================================
DAG File Processing Stats

File Path                                     PID    Runtime      # DAGs    # Errors  Last Runtime    Last Run
--------------------------------------------  -----  ---------  --------  ----------  --------------  -------------------
/opt/airflow/dags/kpi_hourly_dag.py                                    1           0  0.12s           2026-08-21T04:41:44
/opt/airflow/dags/cell_kpi_hourly_anomaly.py                           1           0  0.09s           2026-08-21T04:41:51
================================================================================
[2026-08-21T04:42:40.601+0000] {manager.py:878} INFO - 
================================================================================
DAG File Processing Stats

File Path                                     PID    Runtime      # DAGs    # Errors  Last Runtime    Last Run
--------------------------------------------  -----  ---------  --------  ----------  --------------  -------------------
/opt/airflow/dags/kpi_hourly_dag.py                                    1           0  0.11s           2026-08-21T04:42:14
/opt/airflow/dags/cell_kpi_hourly_anomaly.py                           1           0  0.09s           2026-08-21T04:42:21
================================================================================
[2026-08-21T04:43:10.807+0000] {manager.py:878} INFO - 
================================================================================
DAG File Processing Stats

File Path                                     PID    Runtime      # DAGs    # Errors  Last Runtime    Last Run
--------------------------------------------  -----  ---------  --------  ----------  --------------  -------------------
/opt/airflow/dags/kpi_hourly_dag.py                                    1           0  0.11s           2026-08-21T04:42:44
/opt/airflow/dags/cell_kpi_hourly_anomaly.py                           1           0  0.09s           2026-08-21T04:42:51
================================================================================
[2026-08-21T04:43:40.927+0000] {manager.py:878} INFO - 
================================================================================
DAG File Processing Stats

File Path                                     PID    Runtime      # DAGs    # Errors  Last Runtime    Last Run
--------------------------------------------  -----  ---------  --------  ----------  --------------  -------------------
/opt/airflow/dags/kpi_hourly_dag.py                                    1           0  0.12s           2026-08-21T04:43:14
/opt/airflow/dags/cell_kpi_hourly_anomaly.py                           1           0  0.09s           2026-08-21T04:43:21
================================================================================
[2026-08-21T04:44:11.152+0000] {manager.py:878} INFO - 
================================================================================
DAG File Processing Stats

File Path                                     PID    Runtime      # DAGs    # Errors  Last Runtime    Last Run
--------------------------------------------  -----  ---------  --------  ----------  --------------  -------------------
/opt/airflow/dags/kpi_hourly_dag.py                                    1           0  0.12s           2026-08-21T04:43:45
/opt/airflow/dags/cell_kpi_hourly_anomaly.py                           1           0  0.08s           2026-08-21T04:43:52
================================================================================
[2026-08-21T04:44:21.197+0000] {manager.py:737} INFO - Searching for files in /opt/airflow/dags
[2026-08-21T04:44:21.199+0000] {manager.py:740} INFO - There are 2 files in /opt/airflow/dags
[2026-08-21T04:44:41.353+0000] {manager.py:878} INFO - 
================================================================================
DAG File Processing Stats

File Path                                     PID    Runtime      # DAGs    # Errors  Last Runtime    Last Run
--------------------------------------------  -----  ---------  --------  ----------  --------------  -------------------
/opt/airflow/dags/kpi_hourly_dag.py                                    1           0  0.11s           2026-08-21T04:44:15
/opt/airflow/dags/cell_kpi_hourly_anomaly.py                           1           0  0.09s           2026-08-21T04:44:22
================================================================================
[2026-08-21T04:45:11.478+0000] {manager.py:878} INFO - 
================================================================================
DAG File Processing Stats

File Path                                     PID    Runtime      # DAGs    # Errors  Last Runtime    Last Run
--------------------------------------------  -----  ---------  --------  ----------  --------------  -------------------
/opt/airflow/dags/kpi_hourly_dag.py                                    1           0  0.11s           2026-08-21T04:44:45
/opt/airflow/dags/cell_kpi_hourly_anomaly.py                           1           0  0.09s           2026-08-21T04:44:52
================================================================================
[2026-08-21T04:45:41.691+0000] {manager.py:878} INFO - 
================================================================================
DAG File Processing Stats

File Path                                     PID    Runtime      # DAGs    # Errors  Last Runtime    Last Run
--------------------------------------------  -----  ---------  --------  ----------  --------------  -------------------
/opt/airflow/dags/kpi_hourly_dag.py                                    1           0  0.11s           2026-08-21T04:45:15
/opt/airflow/dags/cell_kpi_hourly_anomaly.py                           1           0  0.09s           2026-08-21T04:45:22
================================================================================
[2026-08-21T04:46:11.820+0000] {manager.py:878} INFO - 
================================================================================
DAG File Processing Stats

File Path                                     PID    Runtime      # DAGs    # Errors  Last Runtime    Last Run
--------------------------------------------  -----  ---------  --------  ----------  --------------  -------------------
/opt/airflow/dags/kpi_hourly_dag.py                                    1           0  0.11s           2026-08-21T04:45:45
/opt/airflow/dags/cell_kpi_hourly_anomaly.py                           1           0  0.10s           2026-08-21T04:45:52
================================================================================
[2026-08-21T04:46:42.034+0000] {manager.py:878} INFO - 
================================================================================
DAG File Processing Stats

File Path                                     PID    Runtime      # DAGs    # Errors  Last Runtime    Last Run
--------------------------------------------  -----  ---------  --------  ----------  --------------  -------------------
/opt/airflow/dags/kpi_hourly_dag.py                                    1           0  0.11s           2026-08-21T04:46:15
/opt/airflow/dags/cell_kpi_hourly_anomaly.py                           1           0  0.09s           2026-08-21T04:46:23
================================================================================
[2026-08-21T04:47:12.161+0000] {manager.py:878} INFO - 
================================================================================
DAG File Processing Stats

File Path                                     PID    Runtime      # DAGs    # Errors  Last Runtime    Last Run
--------------------------------------------  -----  ---------  --------  ----------  --------------  -------------------
/opt/airflow/dags/kpi_hourly_dag.py                                    1           0  0.13s           2026-08-21T04:46:46
/opt/airflow/dags/cell_kpi_hourly_anomaly.py                           1           0  0.09s           2026-08-21T04:46:53
================================================================================
[2026-08-21T04:47:42.334+0000] {manager.py:878} INFO - 
================================================================================
DAG File Processing Stats

File Path                                     PID    Runtime      # DAGs    # Errors  Last Runtime    Last Run
--------------------------------------------  -----  ---------  --------  ----------  --------------  -------------------
/opt/airflow/dags/kpi_hourly_dag.py                                    1           0  0.11s           2026-08-21T04:47:16
/opt/airflow/dags/cell_kpi_hourly_anomaly.py                           1           0  0.09s           2026-08-21T04:47:23
================================================================================
[2026-08-21T04:48:12.553+0000] {manager.py:878} INFO - 
================================================================================
DAG File Processing Stats

File Path                                     PID    Runtime      # DAGs    # Errors  Last Runtime    Last Run
--------------------------------------------  -----  ---------  --------  ----------  --------------  -------------------
/opt/airflow/dags/kpi_hourly_dag.py                                    1           0  0.12s           2026-08-21T04:47:46
/opt/airflow/dags/cell_kpi_hourly_anomaly.py                           1           0  0.09s           2026-08-21T04:47:53
================================================================================
[2026-08-21T04:48:42.680+0000] {manager.py:878} INFO - 
================================================================================
DAG File Processing Stats

File Path                                     PID    Runtime      # DAGs    # Errors  Last Runtime    Last Run
--------------------------------------------  -----  ---------  --------  ----------  --------------  -------------------
/opt/airflow/dags/kpi_hourly_dag.py                                    1           0  0.11s           2026-08-21T04:48:16
/opt/airflow/dags/cell_kpi_hourly_anomaly.py                           1           0  0.09s           2026-08-21T04:48:23
================================================================================
[2026-08-21T04:49:12.893+0000] {manager.py:878} INFO - 
================================================================================
DAG File Processing Stats

File Path                                     PID    Runtime      # DAGs    # Errors  Last Runtime    Last Run
--------------------------------------------  -----  ---------  --------  ----------  --------------  -------------------
/opt/airflow/dags/kpi_hourly_dag.py                                    1           0  0.11s           2026-08-21T04:48:46
/opt/airflow/dags/cell_kpi_hourly_anomaly.py                           1           0  0.08s           2026-08-21T04:48:53
================================================================================
[2026-08-21T04:49:21.934+0000] {manager.py:737} INFO - Searching for files in /opt/airflow/dags
[2026-08-21T04:49:21.936+0000] {manager.py:740} INFO - There are 2 files in /opt/airflow/dags
[2026-08-21T04:49:43.025+0000] {manager.py:878} INFO - 
================================================================================
DAG File Processing Stats

File Path                                     PID    Runtime      # DAGs    # Errors  Last Runtime    Last Run
--------------------------------------------  -----  ---------  --------  ----------  --------------  -------------------
/opt/airflow/dags/kpi_hourly_dag.py                                    1           0  0.11s           2026-08-21T04:49:17
/opt/airflow/dags/cell_kpi_hourly_anomaly.py                           1           0  0.08s           2026-08-21T04:49:24
================================================================================
[2026-08-21T04:50:13.232+0000] {manager.py:878} INFO - 
================================================================================
DAG File Processing Stats

File Path                                     PID    Runtime      # DAGs    # Errors  Last Runtime    Last Run
--------------------------------------------  -----  ---------  --------  ----------  --------------  -------------------
/opt/airflow/dags/kpi_hourly_dag.py                                    1           0  0.11s           2026-08-21T04:49:47
/opt/airflow/dags/cell_kpi_hourly_anomaly.py                           1           0  0.09s           2026-08-21T04:49:54
================================================================================
[2026-08-21T04:50:43.357+0000] {manager.py:878} INFO - 
================================================================================
DAG File Processing Stats

File Path                                     PID    Runtime      # DAGs    # Errors  Last Runtime    Last Run
--------------------------------------------  -----  ---------  --------  ----------  --------------  -------------------
/opt/airflow/dags/kpi_hourly_dag.py                                    1           0  0.11s           2026-08-21T04:50:17
/opt/airflow/dags/cell_kpi_hourly_anomaly.py                           1           0  0.09s           2026-08-21T04:50:24
================================================================================
[2026-08-21T04:51:13.592+0000] {manager.py:878} INFO - 
================================================================================
DAG File Processing Stats

File Path                                     PID    Runtime      # DAGs    # Errors  Last Runtime    Last Run
--------------------------------------------  -----  ---------  --------  ----------  --------------  -------------------
/opt/airflow/dags/kpi_hourly_dag.py                                    1           0  0.13s           2026-08-21T04:50:47
/opt/airflow/dags/cell_kpi_hourly_anomaly.py                           1           0  0.09s           2026-08-21T04:50:54
================================================================================
[2026-08-21T04:51:43.716+0000] {manager.py:878} INFO - 
================================================================================
DAG File Processing Stats

File Path                                     PID    Runtime      # DAGs    # Errors  Last Runtime    Last Run
--------------------------------------------  -----  ---------  --------  ----------  --------------  -------------------
/opt/airflow/dags/kpi_hourly_dag.py                                    1           0  0.11s           2026-08-21T04:51:17
/opt/airflow/dags/cell_kpi_hourly_anomaly.py                           1           0  0.09s           2026-08-21T04:51:24
================================================================================
[2026-08-21T04:52:13.931+0000] {manager.py:878} INFO - 
================================================================================
DAG File Processing Stats

File Path                                     PID    Runtime      # DAGs    # Errors  Last Runtime    Last Run
--------------------------------------------  -----  ---------  --------  ----------  --------------  -------------------
/opt/airflow/dags/kpi_hourly_dag.py                                    1           0  0.11s           2026-08-21T04:51:47
/opt/airflow/dags/cell_kpi_hourly_anomaly.py                           1           0  0.09s           2026-08-21T04:51:54
================================================================================
[2026-08-21T04:52:44.056+0000] {manager.py:878} INFO - 
================================================================================
DAG File Processing Stats

File Path                                     PID    Runtime      # DAGs    # Errors  Last Runtime    Last Run
--------------------------------------------  -----  ---------  --------  ----------  --------------  -------------------
/opt/airflow/dags/kpi_hourly_dag.py                                    1           0  0.11s           2026-08-21T04:52:18
/opt/airflow/dags/cell_kpi_hourly_anomaly.py                           1           0  0.08s           2026-08-21T04:52:25
================================================================================
[2026-08-21T04:53:14.269+0000] {manager.py:878} INFO - 
================================================================================
DAG File Processing Stats

File Path                                     PID    Runtime      # DAGs    # Errors  Last Runtime    Last Run
--------------------------------------------  -----  ---------  --------  ----------  --------------  -------------------
/opt/airflow/dags/kpi_hourly_dag.py                                    1           0  0.11s           2026-08-21T04:52:48
/opt/airflow/dags/cell_kpi_hourly_anomaly.py                           1           0  0.09s           2026-08-21T04:52:55
================================================================================
[2026-08-21T04:53:44.394+0000] {manager.py:878} INFO - 
================================================================================
DAG File Processing Stats

File Path                                     PID    Runtime      # DAGs    # Errors  Last Runtime    Last Run
--------------------------------------------  -----  ---------  --------  ----------  --------------  -------------------
/opt/airflow/dags/kpi_hourly_dag.py                                    1           0  0.11s           2026-08-21T04:53:18
/opt/airflow/dags/cell_kpi_hourly_anomaly.py                           1           0  0.08s           2026-08-21T04:53:25
================================================================================
[2026-08-21T04:54:14.610+0000] {manager.py:878} INFO - 
================================================================================
DAG File Processing Stats

File Path                                     PID    Runtime      # DAGs    # Errors  Last Runtime    Last Run
--------------------------------------------  -----  ---------  --------  ----------  --------------  -------------------
/opt/airflow/dags/kpi_hourly_dag.py                                    1           0  0.11s           2026-08-21T04:53:48
/opt/airflow/dags/cell_kpi_hourly_anomaly.py                           1           0  0.10s           2026-08-21T04:53:55
================================================================================
[2026-08-21T04:54:22.655+0000] {manager.py:737} INFO - Searching for files in /opt/airflow/dags
[2026-08-21T04:54:22.656+0000] {manager.py:740} INFO - There are 2 files in /opt/airflow/dags
[2026-08-21T04:54:44.820+0000] {manager.py:878} INFO - 
================================================================================
DAG File Processing Stats

File Path                                     PID    Runtime      # DAGs    # Errors  Last Runtime    Last Run
--------------------------------------------  -----  ---------  --------  ----------  --------------  -------------------
/opt/airflow/dags/kpi_hourly_dag.py                                    1           0  0.11s           2026-08-21T04:54:18
/opt/airflow/dags/cell_kpi_hourly_anomaly.py                           1           0  0.10s           2026-08-21T04:54:25
================================================================================
[2026-08-21T04:55:14.950+0000] {manager.py:878} INFO - 
================================================================================
DAG File Processing Stats

File Path                                     PID    Runtime      # DAGs    # Errors  Last Runtime    Last Run
--------------------------------------------  -----  ---------  --------  ----------  --------------  -------------------
/opt/airflow/dags/kpi_hourly_dag.py                                    1           0  0.11s           2026-08-21T04:54:48
/opt/airflow/dags/cell_kpi_hourly_anomaly.py                           1           0  0.09s           2026-08-21T04:54:55
================================================================================
[2026-08-21T04:55:45.159+0000] {manager.py:878} INFO - 
================================================================================
DAG File Processing Stats

File Path                                     PID    Runtime      # DAGs    # Errors  Last Runtime    Last Run
--------------------------------------------  -----  ---------  --------  ----------  --------------  -------------------
/opt/airflow/dags/kpi_hourly_dag.py                                    1           0  0.11s           2026-08-21T04:55:19
/opt/airflow/dags/cell_kpi_hourly_anomaly.py                           1           0  0.09s           2026-08-21T04:55:26
================================================================================
[2026-08-21T04:56:15.282+0000] {manager.py:878} INFO - 
================================================================================
DAG File Processing Stats

File Path                                     PID    Runtime      # DAGs    # Errors  Last Runtime    Last Run
--------------------------------------------  -----  ---------  --------  ----------  --------------  -------------------
/opt/airflow/dags/kpi_hourly_dag.py                                    1           0  0.11s           2026-08-21T04:55:49
/opt/airflow/dags/cell_kpi_hourly_anomaly.py                           1           0  0.08s           2026-08-21T04:55:56
================================================================================
[2026-08-21T04:56:45.493+0000] {manager.py:878} INFO - 
================================================================================
DAG File Processing Stats

File Path                                     PID    Runtime      # DAGs    # Errors  Last Runtime    Last Run
--------------------------------------------  -----  ---------  --------  ----------  --------------  -------------------
/opt/airflow/dags/kpi_hourly_dag.py                                    1           0  0.11s           2026-08-21T04:56:19
/opt/airflow/dags/cell_kpi_hourly_anomaly.py                           1           0  0.09s           2026-08-21T04:56:26
================================================================================
[2026-08-21T04:57:15.624+0000] {manager.py:878} INFO - 
================================================================================
DAG File Processing Stats

File Path                                     PID    Runtime      # DAGs    # Errors  Last Runtime    Last Run
--------------------------------------------  -----  ---------  --------  ----------  --------------  -------------------
/opt/airflow/dags/kpi_hourly_dag.py                                    1           0  0.11s           2026-08-21T04:56:49
/opt/airflow/dags/cell_kpi_hourly_anomaly.py                           1           0  0.09s           2026-08-21T04:56:56
================================================================================
[2026-08-21T04:57:45.837+0000] {manager.py:878} INFO - 
================================================================================
DAG File Processing Stats

File Path                                     PID    Runtime      # DAGs    # Errors  Last Runtime    Last Run
--------------------------------------------  -----  ---------  --------  ----------  --------------  -------------------
/opt/airflow/dags/kpi_hourly_dag.py                                    1           0  0.11s           2026-08-21T04:57:19
/opt/airflow/dags/cell_kpi_hourly_anomaly.py                           1           0  0.10s           2026-08-21T04:57:26
================================================================================
[2026-08-21T04:58:15.973+0000] {manager.py:878} INFO - 
================================================================================
DAG File Processing Stats

File Path                                     PID    Runtime      # DAGs    # Errors  Last Runtime    Last Run
--------------------------------------------  -----  ---------  --------  ----------  --------------  -------------------
/opt/airflow/dags/kpi_hourly_dag.py                                    1           0  0.11s           2026-08-21T04:57:49
/opt/airflow/dags/cell_kpi_hourly_anomaly.py                           1           0  0.09s           2026-08-21T04:57:56
================================================================================
[2026-08-21T04:58:46.182+0000] {manager.py:878} INFO - 
================================================================================
DAG File Processing Stats

File Path                                     PID    Runtime      # DAGs    # Errors  Last Runtime    Last Run
--------------------------------------------  -----  ---------  --------  ----------  --------------  -------------------
/opt/airflow/dags/kpi_hourly_dag.py                                    1           0  0.11s           2026-08-21T04:58:20
/opt/airflow/dags/cell_kpi_hourly_anomaly.py                           1           0  0.08s           2026-08-21T04:58:27
================================================================================
[2026-08-21T04:59:16.311+0000] {manager.py:878} INFO - 
================================================================================
DAG File Processing Stats

File Path                                     PID    Runtime      # DAGs    # Errors  Last Runtime    Last Run
--------------------------------------------  -----  ---------  --------  ----------  --------------  -------------------
/opt/airflow/dags/kpi_hourly_dag.py                                    1           0  0.11s           2026-08-21T04:58:50
/opt/airflow/dags/cell_kpi_hourly_anomaly.py                           1           0  0.08s           2026-08-21T04:58:57
================================================================================
[2026-08-21T04:59:23.391+0000] {manager.py:737} INFO - Searching for files in /opt/airflow/dags
[2026-08-21T04:59:23.393+0000] {manager.py:740} INFO - There are 2 files in /opt/airflow/dags
[2026-08-21T04:59:46.528+0000] {manager.py:878} INFO - 
================================================================================
DAG File Processing Stats

File Path                                     PID    Runtime      # DAGs    # Errors  Last Runtime    Last Run
--------------------------------------------  -----  ---------  --------  ----------  --------------  -------------------
/opt/airflow/dags/kpi_hourly_dag.py                                    1           0  0.12s           2026-08-21T04:59:20
/opt/airflow/dags/cell_kpi_hourly_anomaly.py                           1           0  0.09s           2026-08-21T04:59:27
================================================================================
[2026-08-21T05:00:16.648+0000] {manager.py:878} INFO - 
================================================================================
DAG File Processing Stats

File Path                                     PID    Runtime      # DAGs    # Errors  Last Runtime    Last Run
--------------------------------------------  -----  ---------  --------  ----------  --------------  -------------------
/opt/airflow/dags/kpi_hourly_dag.py                                    1           0  0.12s           2026-08-21T04:59:50
/opt/airflow/dags/cell_kpi_hourly_anomaly.py                           1           0  0.09s           2026-08-21T04:59:57
================================================================================
[2026-08-21T05:00:46.830+0000] {manager.py:878} INFO - 
================================================================================
DAG File Processing Stats

File Path                                     PID    Runtime      # DAGs    # Errors  Last Runtime    Last Run
--------------------------------------------  -----  ---------  --------  ----------  --------------  -------------------
/opt/airflow/dags/kpi_hourly_dag.py                                    1           0  0.13s           2026-08-21T05:00:20
/opt/airflow/dags/cell_kpi_hourly_anomaly.py                           1           0  0.08s           2026-08-21T05:00:27
================================================================================
[2026-08-21T05:01:16.998+0000] {manager.py:878} INFO - 
================================================================================
DAG File Processing Stats

File Path                                     PID    Runtime      # DAGs    # Errors  Last Runtime    Last Run
--------------------------------------------  -----  ---------  --------  ----------  --------------  -------------------
/opt/airflow/dags/kpi_hourly_dag.py                                    1           0  0.11s           2026-08-21T05:00:51
/opt/airflow/dags/cell_kpi_hourly_anomaly.py                           1           0  0.09s           2026-08-21T05:00:58
================================================================================
[2026-08-21T05:01:47.212+0000] {manager.py:878} INFO - 
================================================================================
DAG File Processing Stats

File Path                                     PID    Runtime      # DAGs    # Errors  Last Runtime    Last Run
--------------------------------------------  -----  ---------  --------  ----------  --------------  -------------------
/opt/airflow/dags/kpi_hourly_dag.py                                    1           0  0.11s           2026-08-21T05:01:21
/opt/airflow/dags/cell_kpi_hourly_anomaly.py                           1           0  0.09s           2026-08-21T05:01:28
================================================================================
[2026-08-21T05:02:17.341+0000] {manager.py:878} INFO - 
================================================================================
DAG File Processing Stats

File Path                                     PID    Runtime      # DAGs    # Errors  Last Runtime    Last Run
--------------------------------------------  -----  ---------  --------  ----------  --------------  -------------------
/opt/airflow/dags/kpi_hourly_dag.py                                    1           0  0.11s           2026-08-21T05:01:51
/opt/airflow/dags/cell_kpi_hourly_anomaly.py                           1           0  0.09s           2026-08-21T05:01:58
================================================================================
[2026-08-21T05:02:47.552+0000] {manager.py:878} INFO - 
================================================================================
DAG File Processing Stats

File Path                                     PID    Runtime      # DAGs    # Errors  Last Runtime    Last Run
--------------------------------------------  -----  ---------  --------  ----------  --------------  -------------------
/opt/airflow/dags/kpi_hourly_dag.py                                    1           0  0.11s           2026-08-21T05:02:21
/opt/airflow/dags/cell_kpi_hourly_anomaly.py                           1           0  0.09s           2026-08-21T05:02:28
================================================================================
[2026-08-21T05:03:17.683+0000] {manager.py:878} INFO - 
================================================================================
DAG File Processing Stats

File Path                                     PID    Runtime      # DAGs    # Errors  Last Runtime    Last Run
--------------------------------------------  -----  ---------  --------  ----------  --------------  -------------------
/opt/airflow/dags/kpi_hourly_dag.py                                    1           0  0.12s           2026-08-21T05:02:51
/opt/airflow/dags/cell_kpi_hourly_anomaly.py                           1           0  0.08s           2026-08-21T05:02:58
================================================================================
[2026-08-21T05:03:47.895+0000] {manager.py:878} INFO - 
================================================================================
DAG File Processing Stats

File Path                                     PID    Runtime      # DAGs    # Errors  Last Runtime    Last Run
--------------------------------------------  -----  ---------  --------  ----------  --------------  -------------------
/opt/airflow/dags/kpi_hourly_dag.py                                    1           0  0.11s           2026-08-21T05:03:21
/opt/airflow/dags/cell_kpi_hourly_anomaly.py                           1           0  0.09s           2026-08-21T05:03:28
================================================================================
[2026-08-21T05:04:18.019+0000] {manager.py:878} INFO - 
================================================================================
DAG File Processing Stats

File Path                                     PID    Runtime      # DAGs    # Errors  Last Runtime    Last Run
--------------------------------------------  -----  ---------  --------  ----------  --------------  -------------------
/opt/airflow/dags/kpi_hourly_dag.py                                    1           0  0.11s           2026-08-21T05:03:52
/opt/airflow/dags/cell_kpi_hourly_anomaly.py                           1           0  0.09s           2026-08-21T05:03:59
================================================================================
[2026-08-21T05:04:24.090+0000] {manager.py:737} INFO - Searching for files in /opt/airflow/dags
[2026-08-21T05:04:24.091+0000] {manager.py:740} INFO - There are 2 files in /opt/airflow/dags
[2026-08-21T05:04:48.231+0000] {manager.py:878} INFO - 
================================================================================
DAG File Processing Stats

File Path                                     PID    Runtime      # DAGs    # Errors  Last Runtime    Last Run
--------------------------------------------  -----  ---------  --------  ----------  --------------  -------------------
/opt/airflow/dags/kpi_hourly_dag.py                                    1           0  0.11s           2026-08-21T05:04:22
/opt/airflow/dags/cell_kpi_hourly_anomaly.py                           1           0  0.09s           2026-08-21T05:04:29
================================================================================
[2026-08-21T05:05:18.356+0000] {manager.py:878} INFO - 
================================================================================
DAG File Processing Stats

File Path                                     PID    Runtime      # DAGs    # Errors  Last Runtime    Last Run
--------------------------------------------  -----  ---------  --------  ----------  --------------  -------------------
/opt/airflow/dags/kpi_hourly_dag.py                                    1           0  0.11s           2026-08-21T05:04:52
/opt/airflow/dags/cell_kpi_hourly_anomaly.py                           1           0  0.08s           2026-08-21T05:04:59
================================================================================
[2026-08-21T05:05:48.571+0000] {manager.py:878} INFO - 
================================================================================
DAG File Processing Stats

File Path                                     PID    Runtime      # DAGs    # Errors  Last Runtime    Last Run
--------------------------------------------  -----  ---------  --------  ----------  --------------  -------------------
/opt/airflow/dags/kpi_hourly_dag.py                                    1           0  0.11s           2026-08-21T05:05:22
/opt/airflow/dags/cell_kpi_hourly_anomaly.py                           1           0  0.09s           2026-08-21T05:05:29
================================================================================
[2026-08-21T05:06:18.783+0000] {manager.py:878} INFO - 
================================================================================
DAG File Processing Stats

File Path                                     PID    Runtime      # DAGs    # Errors  Last Runtime    Last Run
--------------------------------------------  -----  ---------  --------  ----------  --------------  -------------------
/opt/airflow/dags/kpi_hourly_dag.py                                    1           0  0.11s           2026-08-21T05:05:52
/opt/airflow/dags/cell_kpi_hourly_anomaly.py                           1           0  0.10s           2026-08-21T05:05:59
================================================================================
[2026-08-21T05:06:48.991+0000] {manager.py:878} INFO - 
================================================================================
DAG File Processing Stats

File Path                                     PID    Runtime      # DAGs    # Errors  Last Runtime    Last Run
--------------------------------------------  -----  ---------  --------  ----------  --------------  -------------------
/opt/airflow/dags/kpi_hourly_dag.py                                    1           0  0.11s           2026-08-21T05:06:22
/opt/airflow/dags/cell_kpi_hourly_anomaly.py                           1           0  0.10s           2026-08-21T05:06:29
================================================================================
[2026-08-21T05:07:19.196+0000] {manager.py:878} INFO - 
================================================================================
DAG File Processing Stats

File Path                                     PID    Runtime      # DAGs    # Errors  Last Runtime    Last Run
--------------------------------------------  -----  ---------  --------  ----------  --------------  -------------------
/opt/airflow/dags/kpi_hourly_dag.py                                    1           0  0.11s           2026-08-21T05:06:53
/opt/airflow/dags/cell_kpi_hourly_anomaly.py                           1           0  0.10s           2026-08-21T05:07:00
================================================================================
[2026-08-21T05:07:49.323+0000] {manager.py:878} INFO - 
================================================================================
DAG File Processing Stats

File Path                                     PID    Runtime      # DAGs    # Errors  Last Runtime    Last Run
--------------------------------------------  -----  ---------  --------  ----------  --------------  -------------------
/opt/airflow/dags/kpi_hourly_dag.py                                    1           0  0.11s           2026-08-21T05:07:23
/opt/airflow/dags/cell_kpi_hourly_anomaly.py                           1           0  0.09s           2026-08-21T05:07:30
================================================================================
[2026-08-21T05:08:19.541+0000] {manager.py:878} INFO - 
================================================================================
DAG File Processing Stats

File Path                                     PID    Runtime      # DAGs    # Errors  Last Runtime    Last Run
--------------------------------------------  -----  ---------  --------  ----------  --------------  -------------------
/opt/airflow/dags/kpi_hourly_dag.py                                    1           0  0.12s           2026-08-21T05:07:53
/opt/airflow/dags/cell_kpi_hourly_anomaly.py                           1           0  0.10s           2026-08-21T05:08:00
================================================================================
[2026-08-21T05:08:49.746+0000] {manager.py:878} INFO - 
================================================================================
DAG File Processing Stats

File Path                                     PID    Runtime      # DAGs    # Errors  Last Runtime    Last Run
--------------------------------------------  -----  ---------  --------  ----------  --------------  -------------------
/opt/airflow/dags/kpi_hourly_dag.py                                    1           0  0.11s           2026-08-21T05:08:23
/opt/airflow/dags/cell_kpi_hourly_anomaly.py                           1           0  0.09s           2026-08-21T05:08:30
================================================================================
[2026-08-21T05:09:19.954+0000] {manager.py:878} INFO - 
================================================================================
DAG File Processing Stats

File Path                                     PID    Runtime      # DAGs    # Errors  Last Runtime    Last Run
--------------------------------------------  -----  ---------  --------  ----------  --------------  -------------------
/opt/airflow/dags/kpi_hourly_dag.py                                    1           0  0.11s           2026-08-21T05:08:53
/opt/airflow/dags/cell_kpi_hourly_anomaly.py                           1           0  0.09s           2026-08-21T05:09:00
================================================================================
[2026-08-21T05:09:24.985+0000] {manager.py:737} INFO - Searching for files in /opt/airflow/dags
[2026-08-21T05:09:24.986+0000] {manager.py:740} INFO - There are 2 files in /opt/airflow/dags
[2026-08-21T05:09:50.161+0000] {manager.py:878} INFO - 
================================================================================
DAG File Processing Stats

File Path                                     PID    Runtime      # DAGs    # Errors  Last Runtime    Last Run
--------------------------------------------  -----  ---------  --------  ----------  --------------  -------------------
/opt/airflow/dags/kpi_hourly_dag.py                                    1           0  0.11s           2026-08-21T05:09:24
/opt/airflow/dags/cell_kpi_hourly_anomaly.py                           1           0  0.09s           2026-08-21T05:09:31
================================================================================
[2026-08-21T05:10:20.286+0000] {manager.py:878} INFO - 
================================================================================
DAG File Processing Stats

File Path                                     PID    Runtime      # DAGs    # Errors  Last Runtime    Last Run
--------------------------------------------  -----  ---------  --------  ----------  --------------  -------------------
/opt/airflow/dags/kpi_hourly_dag.py                                    1           0  0.11s           2026-08-21T05:09:54
/opt/airflow/dags/cell_kpi_hourly_anomaly.py                           1           0  0.09s           2026-08-21T05:10:01
================================================================================
[2026-08-21T05:10:50.495+0000] {manager.py:878} INFO - 
================================================================================
DAG File Processing Stats

File Path                                     PID    Runtime      # DAGs    # Errors  Last Runtime    Last Run
--------------------------------------------  -----  ---------  --------  ----------  --------------  -------------------
/opt/airflow/dags/kpi_hourly_dag.py                                    1           0  0.11s           2026-08-21T05:10:24
/opt/airflow/dags/cell_kpi_hourly_anomaly.py                           1           0  0.09s           2026-08-21T05:10:31
================================================================================
[2026-08-21T05:11:20.625+0000] {manager.py:878} INFO - 
================================================================================
DAG File Processing Stats

File Path                                     PID    Runtime      # DAGs    # Errors  Last Runtime    Last Run
--------------------------------------------  -----  ---------  --------  ----------  --------------  -------------------
/opt/airflow/dags/kpi_hourly_dag.py                                    1           0  0.11s           2026-08-21T05:10:54
/opt/airflow/dags/cell_kpi_hourly_anomaly.py                           1           0  0.09s           2026-08-21T05:11:01
================================================================================
[2026-08-21T05:11:50.838+0000] {manager.py:878} INFO - 
================================================================================
DAG File Processing Stats

File Path                                     PID    Runtime      # DAGs    # Errors  Last Runtime    Last Run
--------------------------------------------  -----  ---------  --------  ----------  --------------  -------------------
/opt/airflow/dags/kpi_hourly_dag.py                                    1           0  0.11s           2026-08-21T05:11:24
/opt/airflow/dags/cell_kpi_hourly_anomaly.py                           1           0  0.08s           2026-08-21T05:11:31
================================================================================
[2026-08-21T05:12:21.046+0000] {manager.py:878} INFO - 
================================================================================
DAG File Processing Stats

File Path                                     PID    Runtime      # DAGs    # Errors  Last Runtime    Last Run
--------------------------------------------  -----  ---------  --------  ----------  --------------  -------------------
/opt/airflow/dags/kpi_hourly_dag.py                                    1           0  0.11s           2026-08-21T05:11:54
/opt/airflow/dags/cell_kpi_hourly_anomaly.py                           1           0  0.10s           2026-08-21T05:12:01
================================================================================
[2026-08-21T05:12:51.168+0000] {manager.py:878} INFO - 
================================================================================
DAG File Processing Stats

File Path                                     PID    Runtime      # DAGs    # Errors  Last Runtime    Last Run
--------------------------------------------  -----  ---------  --------  ----------  --------------  -------------------
/opt/airflow/dags/kpi_hourly_dag.py                                    1           0  0.11s           2026-08-21T05:12:25
/opt/airflow/dags/cell_kpi_hourly_anomaly.py                           1           0  0.08s           2026-08-21T05:12:32
================================================================================
[2026-08-21T05:13:21.386+0000] {manager.py:878} INFO - 
================================================================================
DAG File Processing Stats

File Path                                     PID    Runtime      # DAGs    # Errors  Last Runtime    Last Run
--------------------------------------------  -----  ---------  --------  ----------  --------------  -------------------
/opt/airflow/dags/kpi_hourly_dag.py                                    1           0  0.12s           2026-08-21T05:12:55
/opt/airflow/dags/cell_kpi_hourly_anomaly.py                           1           0  0.10s           2026-08-21T05:13:02
================================================================================
[2026-08-21T05:13:51.590+0000] {manager.py:878} INFO - 
================================================================================
DAG File Processing Stats

File Path                                     PID    Runtime      # DAGs    # Errors  Last Runtime    Last Run
--------------------------------------------  -----  ---------  --------  ----------  --------------  -------------------
/opt/airflow/dags/kpi_hourly_dag.py                                    1           0  0.11s           2026-08-21T05:13:25
/opt/airflow/dags/cell_kpi_hourly_anomaly.py                           1           0  0.09s           2026-08-21T05:13:32
================================================================================
[2026-08-21T05:14:21.719+0000] {manager.py:878} INFO - 
================================================================================
DAG File Processing Stats

File Path                                     PID    Runtime      # DAGs    # Errors  Last Runtime    Last Run
--------------------------------------------  -----  ---------  --------  ----------  --------------  -------------------
/opt/airflow/dags/kpi_hourly_dag.py                                    1           0  0.12s           2026-08-21T05:13:55
/opt/airflow/dags/cell_kpi_hourly_anomaly.py                           1           0  0.08s           2026-08-21T05:14:02
================================================================================
[2026-08-21T05:14:25.734+0000] {manager.py:737} INFO - Searching for files in /opt/airflow/dags
[2026-08-21T05:14:25.736+0000] {manager.py:740} INFO - There are 2 files in /opt/airflow/dags
[2026-08-21T05:14:51.938+0000] {manager.py:878} INFO - 
================================================================================
DAG File Processing Stats

File Path                                     PID    Runtime      # DAGs    # Errors  Last Runtime    Last Run
--------------------------------------------  -----  ---------  --------  ----------  --------------  -------------------
/opt/airflow/dags/kpi_hourly_dag.py                                    1           0  0.11s           2026-08-21T05:14:25
/opt/airflow/dags/cell_kpi_hourly_anomaly.py                           1           0  0.09s           2026-08-21T05:14:32
================================================================================
[2026-08-21T05:15:22.064+0000] {manager.py:878} INFO - 
================================================================================
DAG File Processing Stats

File Path                                     PID    Runtime      # DAGs    # Errors  Last Runtime    Last Run
--------------------------------------------  -----  ---------  --------  ----------  --------------  -------------------
/opt/airflow/dags/kpi_hourly_dag.py                                    1           0  0.11s           2026-08-21T05:14:56
/opt/airflow/dags/cell_kpi_hourly_anomaly.py                           1           0  0.09s           2026-08-21T05:15:03
================================================================================
[2026-08-21T05:15:52.289+0000] {manager.py:878} INFO - 
================================================================================
DAG File Processing Stats

File Path                                     PID    Runtime      # DAGs    # Errors  Last Runtime    Last Run
--------------------------------------------  -----  ---------  --------  ----------  --------------  -------------------
/opt/airflow/dags/kpi_hourly_dag.py                                    1           0  0.12s           2026-08-21T05:15:26
/opt/airflow/dags/cell_kpi_hourly_anomaly.py                           1           0  0.08s           2026-08-21T05:15:33
================================================================================
[2026-08-21T05:16:22.416+0000] {manager.py:878} INFO - 
================================================================================
DAG File Processing Stats

File Path                                     PID    Runtime      # DAGs    # Errors  Last Runtime    Last Run
--------------------------------------------  -----  ---------  --------  ----------  --------------  -------------------
/opt/airflow/dags/kpi_hourly_dag.py                                    1           0  0.11s           2026-08-21T05:15:56
/opt/airflow/dags/cell_kpi_hourly_anomaly.py                           1           0  0.09s           2026-08-21T05:16:03
================================================================================
[2026-08-21T05:16:52.642+0000] {manager.py:878} INFO - 
================================================================================
DAG File Processing Stats

File Path                                     PID    Runtime      # DAGs    # Errors  Last Runtime    Last Run
--------------------------------------------  -----  ---------  --------  ----------  --------------  -------------------
/opt/airflow/dags/kpi_hourly_dag.py                                    1           0  0.12s           2026-08-21T05:16:26
/opt/airflow/dags/cell_kpi_hourly_anomaly.py                           1           0  0.11s           2026-08-21T05:16:33
================================================================================
[2026-08-21T05:17:22.857+0000] {manager.py:878} INFO - 
================================================================================
DAG File Processing Stats

File Path                                     PID    Runtime      # DAGs    # Errors  Last Runtime    Last Run
--------------------------------------------  -----  ---------  --------  ----------  --------------  -------------------
/opt/airflow/dags/cell_kpi_hourly_anomaly.py                           1           0  0.11s           2026-08-21T05:17:03
/opt/airflow/dags/kpi_hourly_dag.py                                    1           0  0.11s           2026-08-21T05:16:56
================================================================================
[2026-08-21T05:17:52.980+0000] {manager.py:878} INFO - 
================================================================================
DAG File Processing Stats

File Path                                     PID    Runtime      # DAGs    # Errors  Last Runtime    Last Run
--------------------------------------------  -----  ---------  --------  ----------  --------------  -------------------
/opt/airflow/dags/kpi_hourly_dag.py                                    1           0  0.11s           2026-08-21T05:17:26
/opt/airflow/dags/cell_kpi_hourly_anomaly.py                           1           0  0.08s           2026-08-21T05:17:33
================================================================================
[2026-08-21T05:18:23.192+0000] {manager.py:878} INFO - 
================================================================================
DAG File Processing Stats

File Path                                     PID    Runtime      # DAGs    # Errors  Last Runtime    Last Run
--------------------------------------------  -----  ---------  --------  ----------  --------------  -------------------
/opt/airflow/dags/kpi_hourly_dag.py                                    1           0  0.11s           2026-08-21T05:17:57
/opt/airflow/dags/cell_kpi_hourly_anomaly.py                           1           0  0.10s           2026-08-21T05:18:04
================================================================================
[2026-08-21T05:18:53.396+0000] {manager.py:878} INFO - 
================================================================================
DAG File Processing Stats

File Path                                     PID    Runtime      # DAGs    # Errors  Last Runtime    Last Run
--------------------------------------------  -----  ---------  --------  ----------  --------------  -------------------
/opt/airflow/dags/kpi_hourly_dag.py                                    1           0  0.11s           2026-08-21T05:18:27
/opt/airflow/dags/cell_kpi_hourly_anomaly.py                           1           0  0.09s           2026-08-21T05:18:34
================================================================================
[2026-08-21T05:19:23.525+0000] {manager.py:878} INFO - 
================================================================================
DAG File Processing Stats

File Path                                     PID    Runtime      # DAGs    # Errors  Last Runtime    Last Run
--------------------------------------------  -----  ---------  --------  ----------  --------------  -------------------
/opt/airflow/dags/kpi_hourly_dag.py                                    1           0  0.11s           2026-08-21T05:18:57
/opt/airflow/dags/cell_kpi_hourly_anomaly.py                           1           0  0.08s           2026-08-21T05:19:04
================================================================================
[2026-08-21T05:19:26.536+0000] {manager.py:737} INFO - Searching for files in /opt/airflow/dags
[2026-08-21T05:19:26.538+0000] {manager.py:740} INFO - There are 2 files in /opt/airflow/dags
[2026-08-21T05:19:53.734+0000] {manager.py:878} INFO - 
================================================================================
DAG File Processing Stats

File Path                                     PID    Runtime      # DAGs    # Errors  Last Runtime    Last Run
--------------------------------------------  -----  ---------  --------  ----------  --------------  -------------------
/opt/airflow/dags/kpi_hourly_dag.py                                    1           0  0.11s           2026-08-21T05:19:27
/opt/airflow/dags/cell_kpi_hourly_anomaly.py                           1           0  0.09s           2026-08-21T05:19:34
================================================================================
[2026-08-21T05:20:23.865+0000] {manager.py:878} INFO - 
================================================================================
DAG File Processing Stats

File Path                                     PID    Runtime      # DAGs    # Errors  Last Runtime    Last Run
--------------------------------------------  -----  ---------  --------  ----------  --------------  -------------------
/opt/airflow/dags/kpi_hourly_dag.py                                    1           0  0.12s           2026-08-21T05:19:57
/opt/airflow/dags/cell_kpi_hourly_anomaly.py                           1           0  0.09s           2026-08-21T05:20:04
================================================================================
[2026-08-21T05:20:54.080+0000] {manager.py:878} INFO - 
================================================================================
DAG File Processing Stats

File Path                                     PID    Runtime      # DAGs    # Errors  Last Runtime    Last Run
--------------------------------------------  -----  ---------  --------  ----------  --------------  -------------------
/opt/airflow/dags/kpi_hourly_dag.py                                    1           0  0.11s           2026-08-21T05:20:27
/opt/airflow/dags/cell_kpi_hourly_anomaly.py                           1           0  0.09s           2026-08-21T05:20:35
================================================================================
[2026-08-21T05:21:24.206+0000] {manager.py:878} INFO - 
================================================================================
DAG File Processing Stats

File Path                                     PID    Runtime      # DAGs    # Errors  Last Runtime    Last Run
--------------------------------------------  -----  ---------  --------  ----------  --------------  -------------------
/opt/airflow/dags/kpi_hourly_dag.py                                    1           0  0.11s           2026-08-21T05:20:58
/opt/airflow/dags/cell_kpi_hourly_anomaly.py                           1           0  0.09s           2026-08-21T05:21:05
================================================================================
[2026-08-21T05:21:54.427+0000] {manager.py:878} INFO - 
================================================================================
DAG File Processing Stats

File Path                                     PID    Runtime      # DAGs    # Errors  Last Runtime    Last Run
--------------------------------------------  -----  ---------  --------  ----------  --------------  -------------------
/opt/airflow/dags/kpi_hourly_dag.py                                    1           0  0.12s           2026-08-21T05:21:28
/opt/airflow/dags/cell_kpi_hourly_anomaly.py                           1           0  0.08s           2026-08-21T05:21:35
================================================================================
[2026-08-21T05:22:24.552+0000] {manager.py:878} INFO - 
================================================================================
DAG File Processing Stats

File Path                                     PID    Runtime      # DAGs    # Errors  Last Runtime    Last Run
--------------------------------------------  -----  ---------  --------  ----------  --------------  -------------------
/opt/airflow/dags/kpi_hourly_dag.py                                    1           0  0.11s           2026-08-21T05:21:58
/opt/airflow/dags/cell_kpi_hourly_anomaly.py                           1           0  0.08s           2026-08-21T05:22:05
================================================================================
[2026-08-21T05:22:54.764+0000] {manager.py:878} INFO - 
================================================================================
DAG File Processing Stats

File Path                                     PID    Runtime      # DAGs    # Errors  Last Runtime    Last Run
--------------------------------------------  -----  ---------  --------  ----------  --------------  -------------------
/opt/airflow/dags/kpi_hourly_dag.py                                    1           0  0.11s           2026-08-21T05:22:28
/opt/airflow/dags/cell_kpi_hourly_anomaly.py                           1           0  0.08s           2026-08-21T05:22:35
================================================================================
[2026-08-21T05:23:24.892+0000] {manager.py:878} INFO - 
================================================================================
DAG File Processing Stats

File Path                                     PID    Runtime      # DAGs    # Errors  Last Runtime    Last Run
--------------------------------------------  -----  ---------  --------  ----------  --------------  -------------------
/opt/airflow/dags/kpi_hourly_dag.py                                    1           0  0.11s           2026-08-21T05:22:58
/opt/airflow/dags/cell_kpi_hourly_anomaly.py                           1           0  0.09s           2026-08-21T05:23:05
================================================================================
[2026-08-21T05:23:55.106+0000] {manager.py:878} INFO - 
================================================================================
DAG File Processing Stats

File Path                                     PID    Runtime      # DAGs    # Errors  Last Runtime    Last Run
--------------------------------------------  -----  ---------  --------  ----------  --------------  -------------------
/opt/airflow/dags/kpi_hourly_dag.py                                    1           0  0.11s           2026-08-21T05:23:29
/opt/airflow/dags/cell_kpi_hourly_anomaly.py                           1           0  0.09s           2026-08-21T05:23:36
================================================================================
[2026-08-21T05:24:25.224+0000] {manager.py:878} INFO - 
================================================================================
DAG File Processing Stats

File Path                                     PID    Runtime      # DAGs    # Errors  Last Runtime    Last Run
--------------------------------------------  -----  ---------  --------  ----------  --------------  -------------------
/opt/airflow/dags/kpi_hourly_dag.py                                    1           0  0.11s           2026-08-21T05:23:59
/opt/airflow/dags/cell_kpi_hourly_anomaly.py                           1           0  0.09s           2026-08-21T05:24:06
================================================================================
[2026-08-21T05:24:27.232+0000] {manager.py:737} INFO - Searching for files in /opt/airflow/dags
[2026-08-21T05:24:27.233+0000] {manager.py:740} INFO - There are 2 files in /opt/airflow/dags
[2026-08-21T05:24:55.449+0000] {manager.py:878} INFO - 
================================================================================
DAG File Processing Stats

File Path                                     PID    Runtime      # DAGs    # Errors  Last Runtime    Last Run
--------------------------------------------  -----  ---------  --------  ----------  --------------  -------------------
/opt/airflow/dags/kpi_hourly_dag.py                                    1           0  0.11s           2026-08-21T05:24:29
/opt/airflow/dags/cell_kpi_hourly_anomaly.py                           1           0  0.09s           2026-08-21T05:24:36
================================================================================
[2026-08-21T05:25:25.576+0000] {manager.py:878} INFO - 
================================================================================
DAG File Processing Stats

File Path                                     PID    Runtime      # DAGs    # Errors  Last Runtime    Last Run
--------------------------------------------  -----  ---------  --------  ----------  --------------  -------------------
/opt/airflow/dags/kpi_hourly_dag.py                                    1           0  0.12s           2026-08-21T05:24:59
/opt/airflow/dags/cell_kpi_hourly_anomaly.py                           1           0  0.09s           2026-08-21T05:25:06
================================================================================
[2026-08-21T05:25:55.786+0000] {manager.py:878} INFO - 
================================================================================
DAG File Processing Stats

File Path                                     PID    Runtime      # DAGs    # Errors  Last Runtime    Last Run
--------------------------------------------  -----  ---------  --------  ----------  --------------  -------------------
/opt/airflow/dags/kpi_hourly_dag.py                                    1           0  0.11s           2026-08-21T05:25:29
/opt/airflow/dags/cell_kpi_hourly_anomaly.py                           1           0  0.09s           2026-08-21T05:25:36
================================================================================
[2026-08-21T05:26:25.910+0000] {manager.py:878} INFO - 
================================================================================
DAG File Processing Stats

File Path                                     PID    Runtime      # DAGs    # Errors  Last Runtime    Last Run
--------------------------------------------  -----  ---------  --------  ----------  --------------  -------------------
/opt/airflow/dags/kpi_hourly_dag.py                                    1           0  0.11s           2026-08-21T05:25:59
/opt/airflow/dags/cell_kpi_hourly_anomaly.py                           1           0  0.09s           2026-08-21T05:26:06
================================================================================
[2026-08-21T05:26:56.130+0000] {manager.py:878} INFO - 
================================================================================
DAG File Processing Stats

File Path                                     PID    Runtime      # DAGs    # Errors  Last Runtime    Last Run
--------------------------------------------  -----  ---------  --------  ----------  --------------  -------------------
/opt/airflow/dags/kpi_hourly_dag.py                                    1           0  0.11s           2026-08-21T05:26:30
/opt/airflow/dags/cell_kpi_hourly_anomaly.py                           1           0  0.08s           2026-08-21T05:26:37
================================================================================
[2026-08-21T05:27:26.254+0000] {manager.py:878} INFO - 
================================================================================
DAG File Processing Stats

File Path                                     PID    Runtime      # DAGs    # Errors  Last Runtime    Last Run
--------------------------------------------  -----  ---------  --------  ----------  --------------  -------------------
/opt/airflow/dags/kpi_hourly_dag.py                                    1           0  0.11s           2026-08-21T05:27:00
/opt/airflow/dags/cell_kpi_hourly_anomaly.py                           1           0  0.09s           2026-08-21T05:27:07
================================================================================
[2026-08-21T05:27:56.468+0000] {manager.py:878} INFO - 
================================================================================
DAG File Processing Stats

File Path                                     PID    Runtime      # DAGs    # Errors  Last Runtime    Last Run
--------------------------------------------  -----  ---------  --------  ----------  --------------  -------------------
/opt/airflow/dags/kpi_hourly_dag.py                                    1           0  0.11s           2026-08-21T05:27:30
/opt/airflow/dags/cell_kpi_hourly_anomaly.py                           1           0  0.09s           2026-08-21T05:27:37
================================================================================
[2026-08-21T05:28:26.599+0000] {manager.py:878} INFO - 
================================================================================
DAG File Processing Stats

File Path                                     PID    Runtime      # DAGs    # Errors  Last Runtime    Last Run
--------------------------------------------  -----  ---------  --------  ----------  --------------  -------------------
/opt/airflow/dags/kpi_hourly_dag.py                                    1           0  0.11s           2026-08-21T05:28:00
/opt/airflow/dags/cell_kpi_hourly_anomaly.py                           1           0  0.09s           2026-08-21T05:28:07
================================================================================
[2026-08-21T05:28:56.806+0000] {manager.py:878} INFO - 
================================================================================
DAG File Processing Stats

File Path                                     PID    Runtime      # DAGs    # Errors  Last Runtime    Last Run
--------------------------------------------  -----  ---------  --------  ----------  --------------  -------------------
/opt/airflow/dags/kpi_hourly_dag.py                                    1           0  0.11s           2026-08-21T05:28:30
/opt/airflow/dags/cell_kpi_hourly_anomaly.py                           1           0  0.09s           2026-08-21T05:28:37
================================================================================
[2026-08-21T05:29:27.019+0000] {manager.py:878} INFO - 
================================================================================
DAG File Processing Stats

File Path                                     PID    Runtime      # DAGs    # Errors  Last Runtime    Last Run
--------------------------------------------  -----  ---------  --------  ----------  --------------  -------------------
/opt/airflow/dags/kpi_hourly_dag.py                                    1           0  0.11s           2026-08-21T05:29:00
/opt/airflow/dags/cell_kpi_hourly_anomaly.py                           1           0  0.10s           2026-08-21T05:29:07
================================================================================
[2026-08-21T05:29:28.023+0000] {manager.py:737} INFO - Searching for files in /opt/airflow/dags
[2026-08-21T05:29:28.024+0000] {manager.py:740} INFO - There are 2 files in /opt/airflow/dags
[2026-08-21T05:29:57.153+0000] {manager.py:878} INFO - 
================================================================================
DAG File Processing Stats

File Path                                     PID    Runtime      # DAGs    # Errors  Last Runtime    Last Run
--------------------------------------------  -----  ---------  --------  ----------  --------------  -------------------
/opt/airflow/dags/kpi_hourly_dag.py                                    1           0  0.11s           2026-08-21T05:29:31
/opt/airflow/dags/cell_kpi_hourly_anomaly.py                           1           0  0.08s           2026-08-21T05:29:38
================================================================================
[2026-08-21T05:30:27.370+0000] {manager.py:878} INFO - 
================================================================================
DAG File Processing Stats

File Path                                     PID    Runtime      # DAGs    # Errors  Last Runtime    Last Run
--------------------------------------------  -----  ---------  --------  ----------  --------------  -------------------
/opt/airflow/dags/kpi_hourly_dag.py                                    1           0  0.11s           2026-08-21T05:30:01
/opt/airflow/dags/cell_kpi_hourly_anomaly.py                           1           0  0.09s           2026-08-21T05:30:08
================================================================================
[2026-08-21T06:43:25.963+0000] {manager.py:470} INFO - Processing files using up to 2 processes at a time 
[2026-08-21T06:43:26.025+0000] {manager.py:471} INFO - Process each file at most once every 30 seconds
[2026-08-21T06:43:26.026+0000] {manager.py:472} INFO - Checking for new files in /opt/airflow/dags every 300 seconds
[2026-08-21T06:43:26.026+0000] {manager.py:737} INFO - Searching for files in /opt/airflow/dags
[2026-08-21T06:43:26.029+0000] {manager.py:740} INFO - There are 2 files in /opt/airflow/dags
[2026-08-21T06:43:26.928+0000] {manager.py:878} INFO - 
================================================================================
DAG File Processing Stats

File Path                                       PID  Runtime      # DAGs    # Errors  Last Runtime    Last Run
--------------------------------------------  -----  ---------  --------  ----------  --------------  ----------
/opt/airflow/dags/cell_kpi_hourly_anomaly.py    160  0.03s             0           0
/opt/airflow/dags/kpi_hourly_dag.py             163  0.02s             0           0
================================================================================
[2026-08-21T06:43:57.242+0000] {manager.py:878} INFO - 
================================================================================
DAG File Processing Stats

File Path                                       PID  Runtime      # DAGs    # Errors  Last Runtime    Last Run
--------------------------------------------  -----  ---------  --------  ----------  --------------  -------------------
/opt/airflow/dags/kpi_hourly_dag.py                                    1           0  0.34s           2026-08-21T06:43:27
/opt/airflow/dags/cell_kpi_hourly_anomaly.py    170  0.00s             1           0  0.22s           2026-08-21T06:43:27
================================================================================
[2026-08-21T06:44:27.470+0000] {manager.py:878} INFO - 
================================================================================
DAG File Processing Stats

File Path                                     PID    Runtime      # DAGs    # Errors  Last Runtime    Last Run
--------------------------------------------  -----  ---------  --------  ----------  --------------  -------------------
/opt/airflow/dags/cell_kpi_hourly_anomaly.py                           1           0  0.41s           2026-08-21T06:43:57
/opt/airflow/dags/kpi_hourly_dag.py                                    1           0  0.30s           2026-08-21T06:43:57
================================================================================
[2026-08-21T06:44:57.988+0000] {manager.py:878} INFO - 
================================================================================
DAG File Processing Stats

File Path                                       PID  Runtime      # DAGs    # Errors  Last Runtime    Last Run
--------------------------------------------  -----  ---------  --------  ----------  --------------  -------------------
/opt/airflow/dags/kpi_hourly_dag.py             193  0.00s             1           0  0.14s           2026-08-21T06:44:27
/opt/airflow/dags/cell_kpi_hourly_anomaly.py    190  0.01s             1           0  0.11s           2026-08-21T06:44:27
================================================================================
[2026-08-21T06:45:28.217+0000] {manager.py:878} INFO - 
================================================================================
DAG File Processing Stats

File Path                                       PID  Runtime      # DAGs    # Errors  Last Runtime    Last Run
--------------------------------------------  -----  ---------  --------  ----------  --------------  -------------------
/opt/airflow/dags/kpi_hourly_dag.py             203  0.01s             1           0  0.15s           2026-08-21T06:44:58
/opt/airflow/dags/cell_kpi_hourly_anomaly.py    200  0.01s             1           0  0.12s           2026-08-21T06:44:58
================================================================================
[2026-08-21T06:45:58.429+0000] {manager.py:878} INFO - 
================================================================================
DAG File Processing Stats

File Path                                       PID  Runtime      # DAGs    # Errors  Last Runtime    Last Run
--------------------------------------------  -----  ---------  --------  ----------  --------------  -------------------
/opt/airflow/dags/kpi_hourly_dag.py             213  0.00s             1           0  0.13s           2026-08-21T06:45:28
/opt/airflow/dags/cell_kpi_hourly_anomaly.py    210  0.01s             1           0  0.10s           2026-08-21T06:45:28
================================================================================
[2026-08-21T06:46:28.640+0000] {manager.py:878} INFO - 
================================================================================
DAG File Processing Stats

File Path                                       PID  Runtime      # DAGs    # Errors  Last Runtime    Last Run
--------------------------------------------  -----  ---------  --------  ----------  --------------  -------------------
/opt/airflow/dags/kpi_hourly_dag.py             223  0.01s             1           0  0.13s           2026-08-21T06:45:58
/opt/airflow/dags/cell_kpi_hourly_anomaly.py    220  0.02s             1           0  0.10s           2026-08-21T06:45:58
================================================================================
[2026-08-21T06:46:58.856+0000] {manager.py:878} INFO - 
================================================================================
DAG File Processing Stats

File Path                                       PID  Runtime      # DAGs    # Errors  Last Runtime    Last Run
--------------------------------------------  -----  ---------  --------  ----------  --------------  -------------------
/opt/airflow/dags/kpi_hourly_dag.py             233  0.01s             1           0  0.12s           2026-08-21T06:46:28
/opt/airflow/dags/cell_kpi_hourly_anomaly.py    230  0.02s             1           0  0.10s           2026-08-21T06:46:28
================================================================================
[2026-08-21T06:47:29.068+0000] {manager.py:878} INFO - 
================================================================================
DAG File Processing Stats

File Path                                       PID  Runtime      # DAGs    # Errors  Last Runtime    Last Run
--------------------------------------------  -----  ---------  --------  ----------  --------------  -------------------
/opt/airflow/dags/kpi_hourly_dag.py             243  0.00s             1           0  0.12s           2026-08-21T06:46:58
/opt/airflow/dags/cell_kpi_hourly_anomaly.py    240  0.01s             1           0  0.10s           2026-08-21T06:46:58
================================================================================
[2026-08-21T06:47:59.295+0000] {manager.py:878} INFO - 
================================================================================
DAG File Processing Stats

File Path                                       PID  Runtime      # DAGs    # Errors  Last Runtime    Last Run
--------------------------------------------  -----  ---------  --------  ----------  --------------  -------------------
/opt/airflow/dags/kpi_hourly_dag.py             253  0.01s             1           0  0.12s           2026-08-21T06:47:29
/opt/airflow/dags/cell_kpi_hourly_anomaly.py    250  0.02s             1           0  0.10s           2026-08-21T06:47:29
================================================================================
[2026-08-21T06:48:26.488+0000] {manager.py:737} INFO - Searching for files in /opt/airflow/dags
[2026-08-21T06:48:26.490+0000] {manager.py:740} INFO - There are 2 files in /opt/airflow/dags
[2026-08-21T06:48:29.527+0000] {manager.py:878} INFO - 
================================================================================
DAG File Processing Stats

File Path                                       PID  Runtime      # DAGs    # Errors  Last Runtime    Last Run
--------------------------------------------  -----  ---------  --------  ----------  --------------  -------------------
/opt/airflow/dags/kpi_hourly_dag.py             263  0.00s             1           0  0.13s           2026-08-21T06:47:59
/opt/airflow/dags/cell_kpi_hourly_anomaly.py    260  0.01s             1           0  0.11s           2026-08-21T06:47:59
================================================================================
[2026-08-21T06:48:59.745+0000] {manager.py:878} INFO - 
================================================================================
DAG File Processing Stats

File Path                                       PID  Runtime      # DAGs    # Errors  Last Runtime    Last Run
--------------------------------------------  -----  ---------  --------  ----------  --------------  -------------------
/opt/airflow/dags/kpi_hourly_dag.py             273  0.00s             1           0  0.12s           2026-08-21T06:48:29
/opt/airflow/dags/cell_kpi_hourly_anomaly.py    270  0.01s             1           0  0.11s           2026-08-21T06:48:29
================================================================================
[2026-08-21T06:49:29.963+0000] {manager.py:878} INFO - 
================================================================================
DAG File Processing Stats

File Path                                       PID  Runtime      # DAGs    # Errors  Last Runtime    Last Run
--------------------------------------------  -----  ---------  --------  ----------  --------------  -------------------
/opt/airflow/dags/kpi_hourly_dag.py             283  0.01s             1           0  0.12s           2026-08-21T06:48:59
/opt/airflow/dags/cell_kpi_hourly_anomaly.py    280  0.02s             1           0  0.10s           2026-08-21T06:48:59
================================================================================
[2026-08-21T06:50:00.181+0000] {manager.py:878} INFO - 
================================================================================
DAG File Processing Stats

File Path                                       PID  Runtime      # DAGs    # Errors  Last Runtime    Last Run
--------------------------------------------  -----  ---------  --------  ----------  --------------  -------------------
/opt/airflow/dags/kpi_hourly_dag.py             293  0.01s             1           0  0.13s           2026-08-21T06:49:30
/opt/airflow/dags/cell_kpi_hourly_anomaly.py    290  0.02s             1           0  0.11s           2026-08-21T06:49:30
================================================================================
[2026-08-21T06:50:30.395+0000] {manager.py:878} INFO - 
================================================================================
DAG File Processing Stats

File Path                                       PID  Runtime      # DAGs    # Errors  Last Runtime    Last Run
--------------------------------------------  -----  ---------  --------  ----------  --------------  -------------------
/opt/airflow/dags/kpi_hourly_dag.py             303  0.01s             1           0  0.12s           2026-08-21T06:50:00
/opt/airflow/dags/cell_kpi_hourly_anomaly.py    300  0.01s             1           0  0.10s           2026-08-21T06:50:00
================================================================================
[2026-08-21T06:51:00.611+0000] {manager.py:878} INFO - 
================================================================================
DAG File Processing Stats

File Path                                       PID  Runtime      # DAGs    # Errors  Last Runtime    Last Run
--------------------------------------------  -----  ---------  --------  ----------  --------------  -------------------
/opt/airflow/dags/kpi_hourly_dag.py             313  0.01s             1           0  0.13s           2026-08-21T06:50:30
/opt/airflow/dags/cell_kpi_hourly_anomaly.py    310  0.02s             1           0  0.10s           2026-08-21T06:50:30
================================================================================
[2026-08-21T06:51:30.820+0000] {manager.py:878} INFO - 
================================================================================
DAG File Processing Stats

File Path                                       PID  Runtime      # DAGs    # Errors  Last Runtime    Last Run
--------------------------------------------  -----  ---------  --------  ----------  --------------  -------------------
/opt/airflow/dags/kpi_hourly_dag.py             323  0.01s             1           0  0.13s           2026-08-21T06:51:00
/opt/airflow/dags/cell_kpi_hourly_anomaly.py    320  0.02s             1           0  0.10s           2026-08-21T06:51:00
================================================================================
[2026-08-21T06:52:01.021+0000] {manager.py:878} INFO - 
================================================================================
DAG File Processing Stats

File Path                                       PID  Runtime      # DAGs    # Errors  Last Runtime    Last Run
--------------------------------------------  -----  ---------  --------  ----------  --------------  -------------------
/opt/airflow/dags/kpi_hourly_dag.py             333  0.00s             1           0  0.12s           2026-08-21T06:51:30
/opt/airflow/dags/cell_kpi_hourly_anomaly.py    330  0.02s             1           0  0.09s           2026-08-21T06:51:30
================================================================================
[2026-08-21T06:52:31.250+0000] {manager.py:878} INFO - 
================================================================================
DAG File Processing Stats

File Path                                       PID  Runtime      # DAGs    # Errors  Last Runtime    Last Run
--------------------------------------------  -----  ---------  --------  ----------  --------------  -------------------
/opt/airflow/dags/kpi_hourly_dag.py             343  0.01s             1           0  0.13s           2026-08-21T06:52:01
/opt/airflow/dags/cell_kpi_hourly_anomaly.py    340  0.02s             1           0  0.12s           2026-08-21T06:52:01
================================================================================
[2026-08-21T06:53:01.481+0000] {manager.py:878} INFO - 
================================================================================
DAG File Processing Stats

File Path                                       PID  Runtime      # DAGs    # Errors  Last Runtime    Last Run
--------------------------------------------  -----  ---------  --------  ----------  --------------  -------------------
/opt/airflow/dags/kpi_hourly_dag.py             353  0.01s             1           0  0.12s           2026-08-21T06:52:31
/opt/airflow/dags/cell_kpi_hourly_anomaly.py    350  0.02s             1           0  0.11s           2026-08-21T06:52:31
================================================================================
[2026-08-21T06:53:26.653+0000] {manager.py:737} INFO - Searching for files in /opt/airflow/dags
[2026-08-21T06:53:26.654+0000] {manager.py:740} INFO - There are 2 files in /opt/airflow/dags
[2026-08-21T06:53:31.705+0000] {manager.py:878} INFO - 
================================================================================
DAG File Processing Stats

File Path                                       PID  Runtime      # DAGs    # Errors  Last Runtime    Last Run
--------------------------------------------  -----  ---------  --------  ----------  --------------  -------------------
/opt/airflow/dags/kpi_hourly_dag.py             363  0.01s             1           0  0.12s           2026-08-21T06:53:01
/opt/airflow/dags/cell_kpi_hourly_anomaly.py    360  0.02s             1           0  0.10s           2026-08-21T06:53:01
================================================================================
[2026-08-21T06:54:01.936+0000] {manager.py:878} INFO - 
================================================================================
DAG File Processing Stats

File Path                                       PID  Runtime      # DAGs    # Errors  Last Runtime    Last Run
--------------------------------------------  -----  ---------  --------  ----------  --------------  -------------------
/opt/airflow/dags/kpi_hourly_dag.py             373  0.01s             1           0  0.15s           2026-08-21T06:53:31
/opt/airflow/dags/cell_kpi_hourly_anomaly.py    370  0.01s             1           0  0.13s           2026-08-21T06:53:31
================================================================================
[2026-08-21T06:54:32.155+0000] {manager.py:878} INFO - 
================================================================================
DAG File Processing Stats

File Path                                       PID  Runtime      # DAGs    # Errors  Last Runtime    Last Run
--------------------------------------------  -----  ---------  --------  ----------  --------------  -------------------
/opt/airflow/dags/kpi_hourly_dag.py             383  0.00s             1           0  0.14s           2026-08-21T06:54:02
/opt/airflow/dags/cell_kpi_hourly_anomaly.py    380  0.01s             1           0  0.11s           2026-08-21T06:54:02
================================================================================
[2026-08-21T06:55:02.371+0000] {manager.py:878} INFO - 
================================================================================
DAG File Processing Stats

File Path                                       PID  Runtime      # DAGs    # Errors  Last Runtime    Last Run
--------------------------------------------  -----  ---------  --------  ----------  --------------  -------------------
/opt/airflow/dags/kpi_hourly_dag.py             393  0.01s             1           0  0.13s           2026-08-21T06:54:32
/opt/airflow/dags/cell_kpi_hourly_anomaly.py    390  0.02s             1           0  0.10s           2026-08-21T06:54:32
================================================================================
[2026-08-21T06:55:32.601+0000] {manager.py:878} INFO - 
================================================================================
DAG File Processing Stats

File Path                                       PID  Runtime      # DAGs    # Errors  Last Runtime    Last Run
--------------------------------------------  -----  ---------  --------  ----------  --------------  -------------------
/opt/airflow/dags/kpi_hourly_dag.py             403  0.01s             1           0  0.15s           2026-08-21T06:55:02
/opt/airflow/dags/cell_kpi_hourly_anomaly.py    400  0.02s             1           0  0.12s           2026-08-21T06:55:02
================================================================================
[2026-08-21T06:56:02.810+0000] {manager.py:878} INFO - 
================================================================================
DAG File Processing Stats

File Path                                       PID  Runtime      # DAGs    # Errors  Last Runtime    Last Run
--------------------------------------------  -----  ---------  --------  ----------  --------------  -------------------
/opt/airflow/dags/kpi_hourly_dag.py             413  0.01s             1           0  0.12s           2026-08-21T06:55:32
/opt/airflow/dags/cell_kpi_hourly_anomaly.py    410  0.02s             1           0  0.10s           2026-08-21T06:55:32
================================================================================
[2026-08-21T06:56:33.037+0000] {manager.py:878} INFO - 
================================================================================
DAG File Processing Stats

File Path                                       PID  Runtime      # DAGs    # Errors  Last Runtime    Last Run
--------------------------------------------  -----  ---------  --------  ----------  --------------  -------------------
/opt/airflow/dags/kpi_hourly_dag.py             423  0.00s             1           0  0.14s           2026-08-21T06:56:02
/opt/airflow/dags/cell_kpi_hourly_anomaly.py    420  0.01s             1           0  0.12s           2026-08-21T06:56:02
================================================================================
[2026-08-21T06:57:03.263+0000] {manager.py:878} INFO - 
================================================================================
DAG File Processing Stats

File Path                                       PID  Runtime      # DAGs    # Errors  Last Runtime    Last Run
--------------------------------------------  -----  ---------  --------  ----------  --------------  -------------------
/opt/airflow/dags/kpi_hourly_dag.py             433  0.01s             1           0  0.14s           2026-08-21T06:56:33
/opt/airflow/dags/cell_kpi_hourly_anomaly.py    430  0.02s             1           0  0.11s           2026-08-21T06:56:33
================================================================================
[2026-08-21T06:57:33.467+0000] {manager.py:878} INFO - 
================================================================================
DAG File Processing Stats

File Path                                       PID  Runtime      # DAGs    # Errors  Last Runtime    Last Run
--------------------------------------------  -----  ---------  --------  ----------  --------------  -------------------
/opt/airflow/dags/kpi_hourly_dag.py             443  0.00s             1           0  0.12s           2026-08-21T06:57:03
/opt/airflow/dags/cell_kpi_hourly_anomaly.py    440  0.01s             1           0  0.10s           2026-08-21T06:57:03
================================================================================
[2026-08-21T06:58:03.683+0000] {manager.py:878} INFO - 
================================================================================
DAG File Processing Stats

File Path                                       PID  Runtime      # DAGs    # Errors  Last Runtime    Last Run
--------------------------------------------  -----  ---------  --------  ----------  --------------  -------------------
/opt/airflow/dags/kpi_hourly_dag.py             453  0.01s             1           0  0.13s           2026-08-21T06:57:33
/opt/airflow/dags/cell_kpi_hourly_anomaly.py    450  0.02s             1           0  0.11s           2026-08-21T06:57:33
================================================================================
[2026-08-21T06:58:26.852+0000] {manager.py:737} INFO - Searching for files in /opt/airflow/dags
[2026-08-21T06:58:26.854+0000] {manager.py:740} INFO - There are 2 files in /opt/airflow/dags
[2026-08-21T06:58:33.904+0000] {manager.py:878} INFO - 
================================================================================
DAG File Processing Stats

File Path                                       PID  Runtime      # DAGs    # Errors  Last Runtime    Last Run
--------------------------------------------  -----  ---------  --------  ----------  --------------  -------------------
/opt/airflow/dags/kpi_hourly_dag.py             463  0.00s             1           0  0.13s           2026-08-21T06:58:03
/opt/airflow/dags/cell_kpi_hourly_anomaly.py    460  0.01s             1           0  0.10s           2026-08-21T06:58:03
================================================================================
[2026-08-21T06:59:04.110+0000] {manager.py:878} INFO - 
================================================================================
DAG File Processing Stats

File Path                                       PID  Runtime      # DAGs    # Errors  Last Runtime    Last Run
--------------------------------------------  -----  ---------  --------  ----------  --------------  -------------------
/opt/airflow/dags/kpi_hourly_dag.py             473  0.00s             1           0  0.12s           2026-08-21T06:58:34
/opt/airflow/dags/cell_kpi_hourly_anomaly.py    470  0.01s             1           0  0.10s           2026-08-21T06:58:33
================================================================================
[2026-08-21T06:59:34.319+0000] {manager.py:878} INFO - 
================================================================================
DAG File Processing Stats

File Path                                       PID  Runtime      # DAGs    # Errors  Last Runtime    Last Run
--------------------------------------------  -----  ---------  --------  ----------  --------------  -------------------
/opt/airflow/dags/kpi_hourly_dag.py             483  0.01s             1           0  0.12s           2026-08-21T06:59:04
/opt/airflow/dags/cell_kpi_hourly_anomaly.py    480  0.01s             1           0  0.10s           2026-08-21T06:59:04
================================================================================
[2026-08-21T07:00:04.535+0000] {manager.py:878} INFO - 
================================================================================
DAG File Processing Stats

File Path                                       PID  Runtime      # DAGs    # Errors  Last Runtime    Last Run
--------------------------------------------  -----  ---------  --------  ----------  --------------  -------------------
/opt/airflow/dags/kpi_hourly_dag.py             493  0.01s             1           0  0.13s           2026-08-21T06:59:34
/opt/airflow/dags/cell_kpi_hourly_anomaly.py    490  0.01s             1           0  0.11s           2026-08-21T06:59:34
================================================================================
[2026-08-21T07:00:34.744+0000] {manager.py:878} INFO - 
================================================================================
DAG File Processing Stats

File Path                                       PID  Runtime      # DAGs    # Errors  Last Runtime    Last Run
--------------------------------------------  -----  ---------  --------  ----------  --------------  -------------------
/opt/airflow/dags/kpi_hourly_dag.py             503  0.00s             1           0  0.12s           2026-08-21T07:00:04
/opt/airflow/dags/cell_kpi_hourly_anomaly.py    500  0.01s             1           0  0.10s           2026-08-21T07:00:04
================================================================================
[2026-08-21T07:01:04.958+0000] {manager.py:878} INFO - 
================================================================================
DAG File Processing Stats

File Path                                       PID  Runtime      # DAGs    # Errors  Last Runtime    Last Run
--------------------------------------------  -----  ---------  --------  ----------  --------------  -------------------
/opt/airflow/dags/kpi_hourly_dag.py             513  0.01s             1           0  0.12s           2026-08-21T07:00:34
/opt/airflow/dags/cell_kpi_hourly_anomaly.py    510  0.02s             1           0  0.10s           2026-08-21T07:00:34
================================================================================
[2026-08-21T07:01:35.171+0000] {manager.py:878} INFO - 
================================================================================
DAG File Processing Stats

File Path                                       PID  Runtime      # DAGs    # Errors  Last Runtime    Last Run
--------------------------------------------  -----  ---------  --------  ----------  --------------  -------------------
/opt/airflow/dags/kpi_hourly_dag.py             523  0.01s             1           0  0.13s           2026-08-21T07:01:05
/opt/airflow/dags/cell_kpi_hourly_anomaly.py    520  0.01s             1           0  0.11s           2026-08-21T07:01:05
================================================================================
[2026-08-21T07:02:05.376+0000] {manager.py:878} INFO - 
================================================================================
DAG File Processing Stats

File Path                                       PID  Runtime      # DAGs    # Errors  Last Runtime    Last Run
--------------------------------------------  -----  ---------  --------  ----------  --------------  -------------------
/opt/airflow/dags/kpi_hourly_dag.py             533  0.00s             1           0  0.12s           2026-08-21T07:01:35
/opt/airflow/dags/cell_kpi_hourly_anomaly.py    530  0.01s             1           0  0.10s           2026-08-21T07:01:35
================================================================================
[2026-08-21T07:02:35.593+0000] {manager.py:878} INFO - 
================================================================================
DAG File Processing Stats

File Path                                       PID  Runtime      # DAGs    # Errors  Last Runtime    Last Run
--------------------------------------------  -----  ---------  --------  ----------  --------------  -------------------
/opt/airflow/dags/kpi_hourly_dag.py             543  0.01s             1           0  0.12s           2026-08-21T07:02:05
/opt/airflow/dags/cell_kpi_hourly_anomaly.py    540  0.02s             1           0  0.09s           2026-08-21T07:02:05
================================================================================
[2026-08-21T07:03:05.814+0000] {manager.py:878} INFO - 
================================================================================
DAG File Processing Stats

File Path                                       PID  Runtime      # DAGs    # Errors  Last Runtime    Last Run
--------------------------------------------  -----  ---------  --------  ----------  --------------  -------------------
/opt/airflow/dags/kpi_hourly_dag.py             553  0.00s             1           0  0.14s           2026-08-21T07:02:35
/opt/airflow/dags/cell_kpi_hourly_anomaly.py    550  0.01s             1           0  0.12s           2026-08-21T07:02:35
================================================================================
[2026-08-21T07:03:26.989+0000] {manager.py:737} INFO - Searching for files in /opt/airflow/dags
[2026-08-21T07:03:26.990+0000] {manager.py:740} INFO - There are 2 files in /opt/airflow/dags
[2026-08-21T07:03:36.048+0000] {manager.py:878} INFO - 
================================================================================
DAG File Processing Stats

File Path                                       PID  Runtime      # DAGs    # Errors  Last Runtime    Last Run
--------------------------------------------  -----  ---------  --------  ----------  --------------  -------------------
/opt/airflow/dags/kpi_hourly_dag.py             563  0.01s             1           0  0.13s           2026-08-21T07:03:05
/opt/airflow/dags/cell_kpi_hourly_anomaly.py    560  0.02s             1           0  0.11s           2026-08-21T07:03:05
================================================================================
[2026-08-21T07:04:06.259+0000] {manager.py:878} INFO - 
================================================================================
DAG File Processing Stats

File Path                                       PID  Runtime      # DAGs    # Errors  Last Runtime    Last Run
--------------------------------------------  -----  ---------  --------  ----------  --------------  -------------------
/opt/airflow/dags/kpi_hourly_dag.py             573  0.01s             1           0  0.12s           2026-08-21T07:03:36
/opt/airflow/dags/cell_kpi_hourly_anomaly.py    570  0.01s             1           0  0.10s           2026-08-21T07:03:36
================================================================================
[2026-08-21T07:04:36.472+0000] {manager.py:878} INFO - 
================================================================================
DAG File Processing Stats

File Path                                       PID  Runtime      # DAGs    # Errors  Last Runtime    Last Run
--------------------------------------------  -----  ---------  --------  ----------  --------------  -------------------
/opt/airflow/dags/kpi_hourly_dag.py             583  0.01s             1           0  0.12s           2026-08-21T07:04:06
/opt/airflow/dags/cell_kpi_hourly_anomaly.py    580  0.02s             1           0  0.10s           2026-08-21T07:04:06
================================================================================
[2026-08-21T07:05:06.682+0000] {manager.py:878} INFO - 
================================================================================
DAG File Processing Stats

File Path                                       PID  Runtime      # DAGs    # Errors  Last Runtime    Last Run
--------------------------------------------  -----  ---------  --------  ----------  --------------  -------------------
/opt/airflow/dags/kpi_hourly_dag.py             593  0.01s             1           0  0.12s           2026-08-21T07:04:36
/opt/airflow/dags/cell_kpi_hourly_anomaly.py    590  0.02s             1           0  0.10s           2026-08-21T07:04:36
================================================================================
[2026-08-21T07:05:36.895+0000] {manager.py:878} INFO - 
================================================================================
DAG File Processing Stats

File Path                                       PID  Runtime      # DAGs    # Errors  Last Runtime    Last Run
--------------------------------------------  -----  ---------  --------  ----------  --------------  -------------------
/opt/airflow/dags/kpi_hourly_dag.py             603  0.01s             1           0  0.13s           2026-08-21T07:05:06
/opt/airflow/dags/cell_kpi_hourly_anomaly.py    600  0.02s             1           0  0.11s           2026-08-21T07:05:06
================================================================================
[2026-08-21T07:06:07.111+0000] {manager.py:878} INFO - 
================================================================================
DAG File Processing Stats

File Path                                       PID  Runtime      # DAGs    # Errors  Last Runtime    Last Run
--------------------------------------------  -----  ---------  --------  ----------  --------------  -------------------
/opt/airflow/dags/kpi_hourly_dag.py             613  0.01s             1           0  0.12s           2026-08-21T07:05:37
/opt/airflow/dags/cell_kpi_hourly_anomaly.py    610  0.02s             1           0  0.10s           2026-08-21T07:05:36
================================================================================
[2026-08-21T07:06:37.327+0000] {manager.py:878} INFO - 
================================================================================
DAG File Processing Stats

File Path                                       PID  Runtime      # DAGs    # Errors  Last Runtime    Last Run
--------------------------------------------  -----  ---------  --------  ----------  --------------  -------------------
/opt/airflow/dags/kpi_hourly_dag.py             623  0.00s             1           0  0.13s           2026-08-21T07:06:07
/opt/airflow/dags/cell_kpi_hourly_anomaly.py    620  0.01s             1           0  0.11s           2026-08-21T07:06:07
================================================================================
[2026-08-21T07:07:07.550+0000] {manager.py:878} INFO - 
================================================================================
DAG File Processing Stats

File Path                                       PID  Runtime      # DAGs    # Errors  Last Runtime    Last Run
--------------------------------------------  -----  ---------  --------  ----------  --------------  -------------------
/opt/airflow/dags/kpi_hourly_dag.py             633  0.01s             1           0  0.13s           2026-08-21T07:06:37
/opt/airflow/dags/cell_kpi_hourly_anomaly.py    630  0.01s             1           0  0.11s           2026-08-21T07:06:37
================================================================================
[2026-08-21T07:07:37.766+0000] {manager.py:878} INFO - 
================================================================================
DAG File Processing Stats

File Path                                       PID  Runtime      # DAGs    # Errors  Last Runtime    Last Run
--------------------------------------------  -----  ---------  --------  ----------  --------------  -------------------
/opt/airflow/dags/kpi_hourly_dag.py             643  0.01s             1           0  0.13s           2026-08-21T07:07:07
/opt/airflow/dags/cell_kpi_hourly_anomaly.py    640  0.02s             1           0  0.11s           2026-08-21T07:07:07
================================================================================
[2026-08-21T07:08:07.973+0000] {manager.py:878} INFO - 
================================================================================
DAG File Processing Stats

File Path                                       PID  Runtime      # DAGs    # Errors  Last Runtime    Last Run
--------------------------------------------  -----  ---------  --------  ----------  --------------  -------------------
/opt/airflow/dags/kpi_hourly_dag.py             653  0.00s             1           0  0.12s           2026-08-21T07:07:37
/opt/airflow/dags/cell_kpi_hourly_anomaly.py    650  0.01s             1           0  0.10s           2026-08-21T07:07:37
================================================================================
[2026-08-21T07:08:27.141+0000] {manager.py:737} INFO - Searching for files in /opt/airflow/dags
[2026-08-21T07:08:27.143+0000] {manager.py:740} INFO - There are 2 files in /opt/airflow/dags
[2026-08-21T07:08:38.204+0000] {manager.py:878} INFO - 
================================================================================
DAG File Processing Stats

File Path                                       PID  Runtime      # DAGs    # Errors  Last Runtime    Last Run
--------------------------------------------  -----  ---------  --------  ----------  --------------  -------------------
/opt/airflow/dags/kpi_hourly_dag.py             663  0.00s             1           0  0.13s           2026-08-21T07:08:08
/opt/airflow/dags/cell_kpi_hourly_anomaly.py    660  0.01s             1           0  0.11s           2026-08-21T07:08:08
================================================================================
[2026-08-21T07:09:08.413+0000] {manager.py:878} INFO - 
================================================================================
DAG File Processing Stats

File Path                                       PID  Runtime      # DAGs    # Errors  Last Runtime    Last Run
--------------------------------------------  -----  ---------  --------  ----------  --------------  -------------------
/opt/airflow/dags/kpi_hourly_dag.py             673  0.01s             1           0  0.12s           2026-08-21T07:08:38
/opt/airflow/dags/cell_kpi_hourly_anomaly.py    670  0.01s             1           0  0.10s           2026-08-21T07:08:38
================================================================================
[2026-08-21T07:09:38.634+0000] {manager.py:878} INFO - 
================================================================================
DAG File Processing Stats

File Path                                       PID  Runtime      # DAGs    # Errors  Last Runtime    Last Run
--------------------------------------------  -----  ---------  --------  ----------  --------------  -------------------
/opt/airflow/dags/kpi_hourly_dag.py             683  0.01s             1           0  0.13s           2026-08-21T07:09:08
/opt/airflow/dags/cell_kpi_hourly_anomaly.py    680  0.01s             1           0  0.11s           2026-08-21T07:09:08
================================================================================
[2026-08-21T07:10:08.859+0000] {manager.py:878} INFO - 
================================================================================
DAG File Processing Stats

File Path                                       PID  Runtime      # DAGs    # Errors  Last Runtime    Last Run
--------------------------------------------  -----  ---------  --------  ----------  --------------  -------------------
/opt/airflow/dags/kpi_hourly_dag.py             693  0.00s             1           0  0.14s           2026-08-21T07:09:38
/opt/airflow/dags/cell_kpi_hourly_anomaly.py    690  0.01s             1           0  0.11s           2026-08-21T07:09:38
================================================================================
[2026-08-21T07:10:39.067+0000] {manager.py:878} INFO - 
================================================================================
DAG File Processing Stats

File Path                                       PID  Runtime      # DAGs    # Errors  Last Runtime    Last Run
--------------------------------------------  -----  ---------  --------  ----------  --------------  -------------------
/opt/airflow/dags/kpi_hourly_dag.py             703  0.00s             1           0  0.13s           2026-08-21T07:10:08
/opt/airflow/dags/cell_kpi_hourly_anomaly.py    700  0.01s             1           0  0.10s           2026-08-21T07:10:08
================================================================================
[2026-08-21T07:11:09.276+0000] {manager.py:878} INFO - 
================================================================================
DAG File Processing Stats

File Path                                       PID  Runtime      # DAGs    # Errors  Last Runtime    Last Run
--------------------------------------------  -----  ---------  --------  ----------  --------------  -------------------
/opt/airflow/dags/kpi_hourly_dag.py             713  0.00s             1           0  0.12s           2026-08-21T07:10:39
/opt/airflow/dags/cell_kpi_hourly_anomaly.py    710  0.01s             1           0  0.10s           2026-08-21T07:10:39
================================================================================
[2026-08-21T07:11:39.492+0000] {manager.py:878} INFO - 
================================================================================
DAG File Processing Stats

File Path                                       PID  Runtime      # DAGs    # Errors  Last Runtime    Last Run
--------------------------------------------  -----  ---------  --------  ----------  --------------  -------------------
/opt/airflow/dags/kpi_hourly_dag.py             723  0.01s             1           0  0.13s           2026-08-21T07:11:09
/opt/airflow/dags/cell_kpi_hourly_anomaly.py    720  0.01s             1           0  0.10s           2026-08-21T07:11:09
================================================================================
[2026-08-21T07:12:09.705+0000] {manager.py:878} INFO - 
================================================================================
DAG File Processing Stats

File Path                                       PID  Runtime      # DAGs    # Errors  Last Runtime    Last Run
--------------------------------------------  -----  ---------  --------  ----------  --------------  -------------------
/opt/airflow/dags/kpi_hourly_dag.py             733  0.01s             1           0  0.12s           2026-08-21T07:11:39
/opt/airflow/dags/cell_kpi_hourly_anomaly.py    730  0.02s             1           0  0.10s           2026-08-21T07:11:39
================================================================================
[2026-08-21T07:12:39.921+0000] {manager.py:878} INFO - 
================================================================================
DAG File Processing Stats

File Path                                       PID  Runtime      # DAGs    # Errors  Last Runtime    Last Run
--------------------------------------------  -----  ---------  --------  ----------  --------------  -------------------
/opt/airflow/dags/kpi_hourly_dag.py             743  0.01s             1           0  0.13s           2026-08-21T07:12:09
/opt/airflow/dags/cell_kpi_hourly_anomaly.py    740  0.01s             1           0  0.12s           2026-08-21T07:12:09
================================================================================
[2026-08-21T07:13:10.131+0000] {manager.py:878} INFO - 
================================================================================
DAG File Processing Stats

File Path                                       PID  Runtime      # DAGs    # Errors  Last Runtime    Last Run
--------------------------------------------  -----  ---------  --------  ----------  --------------  -------------------
/opt/airflow/dags/kpi_hourly_dag.py             753  0.01s             1           0  0.12s           2026-08-21T07:12:40
/opt/airflow/dags/cell_kpi_hourly_anomaly.py    750  0.01s             1           0  0.10s           2026-08-21T07:12:40
================================================================================
[2026-08-21T07:13:27.292+0000] {manager.py:737} INFO - Searching for files in /opt/airflow/dags
[2026-08-21T07:13:27.293+0000] {manager.py:740} INFO - There are 2 files in /opt/airflow/dags
[2026-08-21T07:13:40.362+0000] {manager.py:878} INFO - 
================================================================================
DAG File Processing Stats

File Path                                       PID  Runtime      # DAGs    # Errors  Last Runtime    Last Run
--------------------------------------------  -----  ---------  --------  ----------  --------------  -------------------
/opt/airflow/dags/kpi_hourly_dag.py             763  0.01s             1           0  0.13s           2026-08-21T07:13:10
/opt/airflow/dags/cell_kpi_hourly_anomaly.py    760  0.01s             1           0  0.11s           2026-08-21T07:13:10
================================================================================
[2026-08-21T07:14:10.574+0000] {manager.py:878} INFO - 
================================================================================
DAG File Processing Stats

File Path                                       PID  Runtime      # DAGs    # Errors  Last Runtime    Last Run
--------------------------------------------  -----  ---------  --------  ----------  --------------  -------------------
/opt/airflow/dags/kpi_hourly_dag.py             773  0.01s             1           0  0.12s           2026-08-21T07:13:40
/opt/airflow/dags/cell_kpi_hourly_anomaly.py    770  0.01s             1           0  0.10s           2026-08-21T07:13:40
================================================================================
[2026-08-21T07:14:40.791+0000] {manager.py:878} INFO - 
================================================================================
DAG File Processing Stats

File Path                                       PID  Runtime      # DAGs    # Errors  Last Runtime    Last Run
--------------------------------------------  -----  ---------  --------  ----------  --------------  -------------------
/opt/airflow/dags/kpi_hourly_dag.py             783  0.01s             1           0  0.13s           2026-08-21T07:14:10
/opt/airflow/dags/cell_kpi_hourly_anomaly.py    780  0.02s             1           0  0.10s           2026-08-21T07:14:10
================================================================================
[2026-08-21T07:15:10.999+0000] {manager.py:878} INFO - 
================================================================================
DAG File Processing Stats

File Path                                       PID  Runtime      # DAGs    # Errors  Last Runtime    Last Run
--------------------------------------------  -----  ---------  --------  ----------  --------------  -------------------
/opt/airflow/dags/kpi_hourly_dag.py             793  0.01s             1           0  0.12s           2026-08-21T07:14:40
/opt/airflow/dags/cell_kpi_hourly_anomaly.py    790  0.01s             1           0  0.10s           2026-08-21T07:14:40
================================================================================
[2026-08-21T07:15:41.224+0000] {manager.py:878} INFO - 
================================================================================
DAG File Processing Stats

File Path                                       PID  Runtime      # DAGs    # Errors  Last Runtime    Last Run
--------------------------------------------  -----  ---------  --------  ----------  --------------  -------------------
/opt/airflow/dags/kpi_hourly_dag.py             803  0.01s             1           0  0.13s           2026-08-21T07:15:11
/opt/airflow/dags/cell_kpi_hourly_anomaly.py    800  0.01s             1           0  0.11s           2026-08-21T07:15:11
================================================================================
[2026-08-21T07:16:11.444+0000] {manager.py:878} INFO - 
================================================================================
DAG File Processing Stats

File Path                                       PID  Runtime      # DAGs    # Errors  Last Runtime    Last Run
--------------------------------------------  -----  ---------  --------  ----------  --------------  -------------------
/opt/airflow/dags/kpi_hourly_dag.py             813  0.01s             1           0  0.12s           2026-08-21T07:15:41
/opt/airflow/dags/cell_kpi_hourly_anomaly.py    810  0.01s             1           0  0.10s           2026-08-21T07:15:41
================================================================================
[2026-08-21T07:16:41.669+0000] {manager.py:878} INFO - 
================================================================================
DAG File Processing Stats

File Path                                       PID  Runtime      # DAGs    # Errors  Last Runtime    Last Run
--------------------------------------------  -----  ---------  --------  ----------  --------------  -------------------
/opt/airflow/dags/kpi_hourly_dag.py             823  0.01s             1           0  0.13s           2026-08-21T07:16:11
/opt/airflow/dags/cell_kpi_hourly_anomaly.py    820  0.01s             1           0  0.11s           2026-08-21T07:16:11
================================================================================
[2026-08-21T07:17:11.900+0000] {manager.py:878} INFO - 
================================================================================
DAG File Processing Stats

File Path                                       PID  Runtime      # DAGs    # Errors  Last Runtime    Last Run
--------------------------------------------  -----  ---------  --------  ----------  --------------  -------------------
/opt/airflow/dags/kpi_hourly_dag.py             833  0.01s             1           0  0.14s           2026-08-21T07:16:41
/opt/airflow/dags/cell_kpi_hourly_anomaly.py    830  0.02s             1           0  0.12s           2026-08-21T07:16:41
================================================================================
[2026-08-21T07:17:42.115+0000] {manager.py:878} INFO - 
================================================================================
DAG File Processing Stats

File Path                                       PID  Runtime      # DAGs    # Errors  Last Runtime    Last Run
--------------------------------------------  -----  ---------  --------  ----------  --------------  -------------------
/opt/airflow/dags/kpi_hourly_dag.py             843  0.00s             1           0  0.14s           2026-08-21T07:17:12
/opt/airflow/dags/cell_kpi_hourly_anomaly.py    840  0.01s             1           0  0.11s           2026-08-21T07:17:11
================================================================================
[2026-08-21T07:18:12.328+0000] {manager.py:878} INFO - 
================================================================================
DAG File Processing Stats

File Path                                       PID  Runtime      # DAGs    # Errors  Last Runtime    Last Run
--------------------------------------------  -----  ---------  --------  ----------  --------------  -------------------
/opt/airflow/dags/kpi_hourly_dag.py             853  0.00s             1           0  0.13s           2026-08-21T07:17:42
/opt/airflow/dags/cell_kpi_hourly_anomaly.py    850  0.01s             1           0  0.11s           2026-08-21T07:17:42
================================================================================
[2026-08-21T07:18:27.478+0000] {manager.py:737} INFO - Searching for files in /opt/airflow/dags
[2026-08-21T07:18:27.479+0000] {manager.py:740} INFO - There are 2 files in /opt/airflow/dags
[2026-08-21T07:18:42.556+0000] {manager.py:878} INFO - 
================================================================================
DAG File Processing Stats

File Path                                       PID  Runtime      # DAGs    # Errors  Last Runtime    Last Run
--------------------------------------------  -----  ---------  --------  ----------  --------------  -------------------
/opt/airflow/dags/kpi_hourly_dag.py             863  0.01s             1           0  0.13s           2026-08-21T07:18:12
/opt/airflow/dags/cell_kpi_hourly_anomaly.py    860  0.02s             1           0  0.11s           2026-08-21T07:18:12
================================================================================
[2026-08-21T07:19:12.762+0000] {manager.py:878} INFO - 
================================================================================
DAG File Processing Stats

File Path                                       PID  Runtime      # DAGs    # Errors  Last Runtime    Last Run
--------------------------------------------  -----  ---------  --------  ----------  --------------  -------------------
/opt/airflow/dags/kpi_hourly_dag.py             873  0.01s             1           0  0.12s           2026-08-21T07:18:42
/opt/airflow/dags/cell_kpi_hourly_anomaly.py    870  0.02s             1           0  0.10s           2026-08-21T07:18:42
================================================================================
[2026-08-21T07:19:42.976+0000] {manager.py:878} INFO - 
================================================================================
DAG File Processing Stats

File Path                                       PID  Runtime      # DAGs    # Errors  Last Runtime    Last Run
--------------------------------------------  -----  ---------  --------  ----------  --------------  -------------------
/opt/airflow/dags/kpi_hourly_dag.py             883  0.00s             1           0  0.13s           2026-08-21T07:19:12
/opt/airflow/dags/cell_kpi_hourly_anomaly.py    880  0.01s             1           0  0.11s           2026-08-21T07:19:12
================================================================================
[2026-08-21T07:20:13.181+0000] {manager.py:878} INFO - 
================================================================================
DAG File Processing Stats

File Path                                       PID  Runtime      # DAGs    # Errors  Last Runtime    Last Run
--------------------------------------------  -----  ---------  --------  ----------  --------------  -------------------
/opt/airflow/dags/kpi_hourly_dag.py             893  0.00s             1           0  0.12s           2026-08-21T07:19:43
/opt/airflow/dags/cell_kpi_hourly_anomaly.py    890  0.01s             1           0  0.10s           2026-08-21T07:19:43
================================================================================
[2026-08-21T07:20:43.393+0000] {manager.py:878} INFO - 
================================================================================
DAG File Processing Stats

File Path                                       PID  Runtime      # DAGs    # Errors  Last Runtime    Last Run
--------------------------------------------  -----  ---------  --------  ----------  --------------  -------------------
/opt/airflow/dags/kpi_hourly_dag.py             903  0.00s             1           0  0.12s           2026-08-21T07:20:13
/opt/airflow/dags/cell_kpi_hourly_anomaly.py    900  0.01s             1           0  0.10s           2026-08-21T07:20:13
================================================================================
[2026-08-21T07:21:13.643+0000] {manager.py:878} INFO - 
================================================================================
DAG File Processing Stats

File Path                                       PID  Runtime      # DAGs    # Errors  Last Runtime    Last Run
--------------------------------------------  -----  ---------  --------  ----------  --------------  -------------------
/opt/airflow/dags/cell_kpi_hourly_anomaly.py                           1           0  0.16s           2026-08-21T07:20:47
/opt/airflow/dags/kpi_hourly_dag.py             915  0.00s             1           0  0.14s           2026-08-21T07:20:43
================================================================================
[2026-08-21T07:21:43.874+0000] {manager.py:878} INFO - 
================================================================================
DAG File Processing Stats

File Path                                       PID  Runtime      # DAGs    # Errors  Last Runtime    Last Run
--------------------------------------------  -----  ---------  --------  ----------  --------------  -------------------
/opt/airflow/dags/cell_kpi_hourly_anomaly.py                           1           0  0.11s           2026-08-21T07:21:17
/opt/airflow/dags/kpi_hourly_dag.py             925  0.00s             1           0  0.11s           2026-08-21T07:21:13
================================================================================
[2026-08-21T07:22:14.095+0000] {manager.py:878} INFO - 
================================================================================
DAG File Processing Stats

File Path                                       PID  Runtime      # DAGs    # Errors  Last Runtime    Last Run
--------------------------------------------  -----  ---------  --------  ----------  --------------  -------------------
/opt/airflow/dags/kpi_hourly_dag.py             935  0.00s             1           0  0.11s           2026-08-21T07:21:43
/opt/airflow/dags/cell_kpi_hourly_anomaly.py                           1           0  0.09s           2026-08-21T07:21:48
================================================================================
[2026-08-21T07:22:44.315+0000] {manager.py:878} INFO - 
================================================================================
DAG File Processing Stats

File Path                                       PID  Runtime      # DAGs    # Errors  Last Runtime    Last Run
--------------------------------------------  -----  ---------  --------  ----------  --------------  -------------------
/opt/airflow/dags/kpi_hourly_dag.py             945  0.00s             1           0  0.11s           2026-08-21T07:22:14
/opt/airflow/dags/cell_kpi_hourly_anomaly.py                           1           0  0.10s           2026-08-21T07:22:18
================================================================================
[2026-08-21T07:23:14.444+0000] {manager.py:878} INFO - 
================================================================================
DAG File Processing Stats

File Path                                       PID  Runtime      # DAGs    # Errors  Last Runtime    Last Run
--------------------------------------------  -----  ---------  --------  ----------  --------------  -------------------
/opt/airflow/dags/kpi_hourly_dag.py             955  0.01s             1           0  0.11s           2026-08-21T07:22:44
/opt/airflow/dags/cell_kpi_hourly_anomaly.py                           1           0  0.10s           2026-08-21T07:22:48
================================================================================
[2026-08-21T07:23:27.607+0000] {manager.py:737} INFO - Searching for files in /opt/airflow/dags
[2026-08-21T07:23:27.609+0000] {manager.py:740} INFO - There are 2 files in /opt/airflow/dags
[2026-08-21T07:23:44.684+0000] {manager.py:878} INFO - 
================================================================================
DAG File Processing Stats

File Path                                       PID  Runtime      # DAGs    # Errors  Last Runtime    Last Run
--------------------------------------------  -----  ---------  --------  ----------  --------------  -------------------
/opt/airflow/dags/kpi_hourly_dag.py             965  0.00s             1           0  0.12s           2026-08-21T07:23:14
/opt/airflow/dags/cell_kpi_hourly_anomaly.py                           1           0  0.10s           2026-08-21T07:23:18
================================================================================
[2026-08-21T07:24:14.817+0000] {manager.py:878} INFO - 
================================================================================
DAG File Processing Stats

File Path                                       PID  Runtime      # DAGs    # Errors  Last Runtime    Last Run
--------------------------------------------  -----  ---------  --------  ----------  --------------  -------------------
/opt/airflow/dags/kpi_hourly_dag.py             975  0.00s             1           0  0.12s           2026-08-21T07:23:44
/opt/airflow/dags/cell_kpi_hourly_anomaly.py                           1           0  0.09s           2026-08-21T07:23:48
================================================================================
[2026-08-21T07:24:45.034+0000] {manager.py:878} INFO - 
================================================================================
DAG File Processing Stats

File Path                                       PID  Runtime      # DAGs    # Errors  Last Runtime    Last Run
--------------------------------------------  -----  ---------  --------  ----------  --------------  -------------------
/opt/airflow/dags/kpi_hourly_dag.py             985  0.00s             1           0  0.11s           2026-08-21T07:24:14
/opt/airflow/dags/cell_kpi_hourly_anomaly.py                           1           0  0.10s           2026-08-21T07:24:18
================================================================================
[2026-08-21T07:25:15.254+0000] {manager.py:878} INFO - 
================================================================================
DAG File Processing Stats

File Path                                       PID  Runtime      # DAGs    # Errors  Last Runtime    Last Run
--------------------------------------------  -----  ---------  --------  ----------  --------------  -------------------
/opt/airflow/dags/kpi_hourly_dag.py             995  0.00s             1           0  0.12s           2026-08-21T07:24:45
/opt/airflow/dags/cell_kpi_hourly_anomaly.py                           1           0  0.11s           2026-08-21T07:24:49
================================================================================
[2026-08-21T07:25:45.471+0000] {manager.py:878} INFO - 
================================================================================
DAG File Processing Stats

File Path                                       PID  Runtime      # DAGs    # Errors  Last Runtime    Last Run
--------------------------------------------  -----  ---------  --------  ----------  --------------  -------------------
/opt/airflow/dags/kpi_hourly_dag.py            1005  0.00s             1           0  0.11s           2026-08-21T07:25:15
/opt/airflow/dags/cell_kpi_hourly_anomaly.py                           1           0  0.10s           2026-08-21T07:25:19
================================================================================
[2026-08-21T07:26:15.600+0000] {manager.py:878} INFO - 
================================================================================
DAG File Processing Stats

File Path                                       PID  Runtime      # DAGs    # Errors  Last Runtime    Last Run
--------------------------------------------  -----  ---------  --------  ----------  --------------  -------------------
/opt/airflow/dags/kpi_hourly_dag.py            1015  0.01s             1           0  0.11s           2026-08-21T07:25:45
/opt/airflow/dags/cell_kpi_hourly_anomaly.py                           1           0  0.09s           2026-08-21T07:25:49
================================================================================
[2026-08-21T07:26:45.825+0000] {manager.py:878} INFO - 
================================================================================
DAG File Processing Stats

File Path                                       PID  Runtime      # DAGs    # Errors  Last Runtime    Last Run
--------------------------------------------  -----  ---------  --------  ----------  --------------  -------------------
/opt/airflow/dags/kpi_hourly_dag.py            1025  0.00s             1           0  0.12s           2026-08-21T07:26:15
/opt/airflow/dags/cell_kpi_hourly_anomaly.py                           1           0  0.10s           2026-08-21T07:26:19
================================================================================
[2026-08-21T07:27:15.955+0000] {manager.py:878} INFO - 
================================================================================
DAG File Processing Stats

File Path                                       PID  Runtime      # DAGs    # Errors  Last Runtime    Last Run
--------------------------------------------  -----  ---------  --------  ----------  --------------  -------------------
/opt/airflow/dags/kpi_hourly_dag.py            1035  0.00s             1           0  0.12s           2026-08-21T07:26:45
/opt/airflow/dags/cell_kpi_hourly_anomaly.py                           1           0  0.09s           2026-08-21T07:26:49
================================================================================
[2026-08-21T08:46:54.157+0000] {manager.py:470} INFO - Processing files using up to 2 processes at a time 
[2026-08-21T08:46:54.197+0000] {manager.py:471} INFO - Process each file at most once every 30 seconds
[2026-08-21T08:46:54.198+0000] {manager.py:472} INFO - Checking for new files in /opt/airflow/dags every 300 seconds
[2026-08-21T08:46:54.198+0000] {manager.py:737} INFO - Searching for files in /opt/airflow/dags
[2026-08-21T08:46:54.201+0000] {manager.py:740} INFO - There are 2 files in /opt/airflow/dags
[2026-08-21T08:46:54.854+0000] {manager.py:878} INFO - 
================================================================================
DAG File Processing Stats

File Path                                       PID  Runtime      # DAGs    # Errors  Last Runtime    Last Run
--------------------------------------------  -----  ---------  --------  ----------  --------------  ----------
/opt/airflow/dags/cell_kpi_hourly_anomaly.py    160  0.04s             0           0
/opt/airflow/dags/kpi_hourly_dag.py             163  0.02s             0           0
================================================================================
[2026-08-21T08:47:25.117+0000] {manager.py:878} INFO - 
================================================================================
DAG File Processing Stats

File Path                                       PID  Runtime      # DAGs    # Errors  Last Runtime    Last Run
--------------------------------------------  -----  ---------  --------  ----------  --------------  -------------------
/opt/airflow/dags/kpi_hourly_dag.py                                    1           0  0.33s           2026-08-21T08:46:55
/opt/airflow/dags/cell_kpi_hourly_anomaly.py    170  0.00s             1           0  0.19s           2026-08-21T08:46:54
================================================================================
[2026-08-21T08:47:55.367+0000] {manager.py:878} INFO - 
================================================================================
DAG File Processing Stats

File Path                                     PID    Runtime      # DAGs    # Errors  Last Runtime    Last Run
--------------------------------------------  -----  ---------  --------  ----------  --------------  -------------------
/opt/airflow/dags/cell_kpi_hourly_anomaly.py                           1           0  0.36s           2026-08-21T08:47:25
/opt/airflow/dags/kpi_hourly_dag.py                                    1           0  0.22s           2026-08-21T08:47:25
================================================================================
[2026-08-21T08:48:25.790+0000] {manager.py:878} INFO - 
================================================================================
DAG File Processing Stats

File Path                                       PID  Runtime      # DAGs    # Errors  Last Runtime    Last Run
--------------------------------------------  -----  ---------  --------  ----------  --------------  -------------------
/opt/airflow/dags/kpi_hourly_dag.py             193  0.01s             1           0  0.13s           2026-08-21T08:47:55
/opt/airflow/dags/cell_kpi_hourly_anomaly.py    190  0.02s             1           0  0.10s           2026-08-21T08:47:55
================================================================================
[2026-08-21T08:48:55.994+0000] {manager.py:878} INFO - 
================================================================================
DAG File Processing Stats

File Path                                       PID  Runtime      # DAGs    # Errors  Last Runtime    Last Run
--------------------------------------------  -----  ---------  --------  ----------  --------------  -------------------
/opt/airflow/dags/kpi_hourly_dag.py             203  0.00s             1           0  0.12s           2026-08-21T08:48:25
/opt/airflow/dags/cell_kpi_hourly_anomaly.py    200  0.01s             1           0  0.10s           2026-08-21T08:48:25
================================================================================
[2026-08-21T08:49:26.211+0000] {manager.py:878} INFO - 
================================================================================
DAG File Processing Stats

File Path                                       PID  Runtime      # DAGs    # Errors  Last Runtime    Last Run
--------------------------------------------  -----  ---------  --------  ----------  --------------  -------------------
/opt/airflow/dags/kpi_hourly_dag.py             213  0.01s             1           0  0.12s           2026-08-21T08:48:56
/opt/airflow/dags/cell_kpi_hourly_anomaly.py    210  0.02s             1           0  0.10s           2026-08-21T08:48:56
================================================================================
[2026-08-21T08:49:56.434+0000] {manager.py:878} INFO - 
================================================================================
DAG File Processing Stats

File Path                                       PID  Runtime      # DAGs    # Errors  Last Runtime    Last Run
--------------------------------------------  -----  ---------  --------  ----------  --------------  -------------------
/opt/airflow/dags/kpi_hourly_dag.py             223  0.01s             1           0  0.13s           2026-08-21T08:49:26
/opt/airflow/dags/cell_kpi_hourly_anomaly.py    220  0.01s             1           0  0.11s           2026-08-21T08:49:26
================================================================================
[2026-08-21T08:50:26.651+0000] {manager.py:878} INFO - 
================================================================================
DAG File Processing Stats

File Path                                       PID  Runtime      # DAGs    # Errors  Last Runtime    Last Run
--------------------------------------------  -----  ---------  --------  ----------  --------------  -------------------
/opt/airflow/dags/kpi_hourly_dag.py             233  0.00s             1           0  0.12s           2026-08-21T08:49:56
/opt/airflow/dags/cell_kpi_hourly_anomaly.py    230  0.01s             1           0  0.11s           2026-08-21T08:49:56
================================================================================
[2026-08-21T08:50:56.881+0000] {manager.py:878} INFO - 
================================================================================
DAG File Processing Stats

File Path                                       PID  Runtime      # DAGs    # Errors  Last Runtime    Last Run
--------------------------------------------  -----  ---------  --------  ----------  --------------  -------------------
/opt/airflow/dags/kpi_hourly_dag.py             243  0.01s             1           0  0.13s           2026-08-21T08:50:26
/opt/airflow/dags/cell_kpi_hourly_anomaly.py    240  0.02s             1           0  0.11s           2026-08-21T08:50:26
================================================================================
[2026-08-21T08:51:27.098+0000] {manager.py:878} INFO - 
================================================================================
DAG File Processing Stats

File Path                                       PID  Runtime      # DAGs    # Errors  Last Runtime    Last Run
--------------------------------------------  -----  ---------  --------  ----------  --------------  -------------------
/opt/airflow/dags/kpi_hourly_dag.py             253  0.01s             1           0  0.13s           2026-08-21T08:50:56
/opt/airflow/dags/cell_kpi_hourly_anomaly.py    250  0.01s             1           0  0.11s           2026-08-21T08:50:56
================================================================================
[2026-08-21T08:51:54.293+0000] {manager.py:737} INFO - Searching for files in /opt/airflow/dags
[2026-08-21T08:51:54.296+0000] {manager.py:740} INFO - There are 2 files in /opt/airflow/dags
[2026-08-21T08:51:57.331+0000] {manager.py:878} INFO - 
================================================================================
DAG File Processing Stats

File Path                                       PID  Runtime      # DAGs    # Errors  Last Runtime    Last Run
--------------------------------------------  -----  ---------  --------  ----------  --------------  -------------------
/opt/airflow/dags/kpi_hourly_dag.py             263  0.01s             1           0  0.13s           2026-08-21T08:51:27
/opt/airflow/dags/cell_kpi_hourly_anomaly.py    260  0.01s             1           0  0.11s           2026-08-21T08:51:27
================================================================================
[2026-08-21T08:52:27.556+0000] {manager.py:878} INFO - 
================================================================================
DAG File Processing Stats

File Path                                       PID  Runtime      # DAGs    # Errors  Last Runtime    Last Run
--------------------------------------------  -----  ---------  --------  ----------  --------------  -------------------
/opt/airflow/dags/kpi_hourly_dag.py             273  0.01s             1           0  0.13s           2026-08-21T08:51:57
/opt/airflow/dags/cell_kpi_hourly_anomaly.py    270  0.02s             1           0  0.11s           2026-08-21T08:51:57
================================================================================
[2026-08-21T08:52:57.771+0000] {manager.py:878} INFO - 
================================================================================
DAG File Processing Stats

File Path                                       PID  Runtime      # DAGs    # Errors  Last Runtime    Last Run
--------------------------------------------  -----  ---------  --------  ----------  --------------  -------------------
/opt/airflow/dags/kpi_hourly_dag.py             283  0.01s             1           0  0.13s           2026-08-21T08:52:27
/opt/airflow/dags/cell_kpi_hourly_anomaly.py    280  0.01s             1           0  0.10s           2026-08-21T08:52:27
================================================================================
[2026-08-21T08:53:27.988+0000] {manager.py:878} INFO - 
================================================================================
DAG File Processing Stats

File Path                                       PID  Runtime      # DAGs    # Errors  Last Runtime    Last Run
--------------------------------------------  -----  ---------  --------  ----------  --------------  -------------------
/opt/airflow/dags/kpi_hourly_dag.py             293  0.01s             1           0  0.12s           2026-08-21T08:52:57
/opt/airflow/dags/cell_kpi_hourly_anomaly.py    290  0.02s             1           0  0.10s           2026-08-21T08:52:57
================================================================================
[2026-08-21T08:53:58.202+0000] {manager.py:878} INFO - 
================================================================================
DAG File Processing Stats

File Path                                       PID  Runtime      # DAGs    # Errors  Last Runtime    Last Run
--------------------------------------------  -----  ---------  --------  ----------  --------------  -------------------
/opt/airflow/dags/kpi_hourly_dag.py             303  0.00s             1           0  0.12s           2026-08-21T08:53:28
/opt/airflow/dags/cell_kpi_hourly_anomaly.py    300  0.01s             1           0  0.11s           2026-08-21T08:53:28
================================================================================
[2026-08-21T08:54:28.405+0000] {manager.py:878} INFO - 
================================================================================
DAG File Processing Stats

File Path                                       PID  Runtime      # DAGs    # Errors  Last Runtime    Last Run
--------------------------------------------  -----  ---------  --------  ----------  --------------  -------------------
/opt/airflow/dags/kpi_hourly_dag.py             313  0.01s             1           0  0.12s           2026-08-21T08:53:58
/opt/airflow/dags/cell_kpi_hourly_anomaly.py    310  0.01s             1           0  0.10s           2026-08-21T08:53:58
================================================================================
[2026-08-21T08:54:58.624+0000] {manager.py:878} INFO - 
================================================================================
DAG File Processing Stats

File Path                                       PID  Runtime      # DAGs    # Errors  Last Runtime    Last Run
--------------------------------------------  -----  ---------  --------  ----------  --------------  -------------------
/opt/airflow/dags/kpi_hourly_dag.py             323  0.01s             1           0  0.12s           2026-08-21T08:54:28
/opt/airflow/dags/cell_kpi_hourly_anomaly.py    320  0.02s             1           0  0.10s           2026-08-21T08:54:28
================================================================================
[2026-08-21T08:55:28.838+0000] {manager.py:878} INFO - 
================================================================================
DAG File Processing Stats

File Path                                       PID  Runtime      # DAGs    # Errors  Last Runtime    Last Run
--------------------------------------------  -----  ---------  --------  ----------  --------------  -------------------
/opt/airflow/dags/kpi_hourly_dag.py             333  0.01s             1           0  0.12s           2026-08-21T08:54:58
/opt/airflow/dags/cell_kpi_hourly_anomaly.py    330  0.02s             1           0  0.10s           2026-08-21T08:54:58
================================================================================
[2026-08-21T08:55:59.051+0000] {manager.py:878} INFO - 
================================================================================
DAG File Processing Stats

File Path                                       PID  Runtime      # DAGs    # Errors  Last Runtime    Last Run
--------------------------------------------  -----  ---------  --------  ----------  --------------  -------------------
/opt/airflow/dags/kpi_hourly_dag.py             343  0.01s             1           0  0.12s           2026-08-21T08:55:28
/opt/airflow/dags/cell_kpi_hourly_anomaly.py    340  0.01s             1           0  0.10s           2026-08-21T08:55:28
================================================================================
[2026-08-21T08:56:29.273+0000] {manager.py:878} INFO - 
================================================================================
DAG File Processing Stats

File Path                                       PID  Runtime      # DAGs    # Errors  Last Runtime    Last Run
--------------------------------------------  -----  ---------  --------  ----------  --------------  -------------------
/opt/airflow/dags/kpi_hourly_dag.py             353  0.01s             1           0  0.12s           2026-08-21T08:55:59
/opt/airflow/dags/cell_kpi_hourly_anomaly.py    350  0.02s             1           0  0.11s           2026-08-21T08:55:59
================================================================================
[2026-08-21T08:56:54.462+0000] {manager.py:737} INFO - Searching for files in /opt/airflow/dags
[2026-08-21T08:56:54.463+0000] {manager.py:740} INFO - There are 2 files in /opt/airflow/dags
[2026-08-21T08:56:59.507+0000] {manager.py:878} INFO - 
================================================================================
DAG File Processing Stats

File Path                                       PID  Runtime      # DAGs    # Errors  Last Runtime    Last Run
--------------------------------------------  -----  ---------  --------  ----------  --------------  -------------------
/opt/airflow/dags/kpi_hourly_dag.py             363  0.01s             1           0  0.13s           2026-08-21T08:56:29
/opt/airflow/dags/cell_kpi_hourly_anomaly.py    360  0.02s             1           0  0.12s           2026-08-21T08:56:29
================================================================================
[2026-08-21T09:30:07.285+0000] {manager.py:470} INFO - Processing files using up to 2 processes at a time 
[2026-08-21T09:30:07.287+0000] {manager.py:471} INFO - Process each file at most once every 30 seconds
[2026-08-21T09:30:07.287+0000] {manager.py:472} INFO - Checking for new files in /opt/airflow/dags every 300 seconds
[2026-08-21T09:30:07.288+0000] {manager.py:737} INFO - Searching for files in /opt/airflow/dags
[2026-08-21T09:30:07.296+0000] {manager.py:740} INFO - There are 2 files in /opt/airflow/dags
[2026-08-21T09:30:08.068+0000] {manager.py:878} INFO - 
================================================================================
DAG File Processing Stats

File Path                                       PID  Runtime      # DAGs    # Errors  Last Runtime    Last Run
--------------------------------------------  -----  ---------  --------  ----------  --------------  ----------
/opt/airflow/dags/cell_kpi_hourly_anomaly.py    160  0.03s             0           0
/opt/airflow/dags/kpi_hourly_dag.py             163  0.02s             0           0
================================================================================
[2026-08-21T09:30:38.293+0000] {manager.py:878} INFO - 
================================================================================
DAG File Processing Stats

File Path                                       PID  Runtime      # DAGs    # Errors  Last Runtime    Last Run
--------------------------------------------  -----  ---------  --------  ----------  --------------  -------------------
/opt/airflow/dags/kpi_hourly_dag.py                                    1           0  0.28s           2026-08-21T09:30:08
/opt/airflow/dags/cell_kpi_hourly_anomaly.py    170  0.00s             1           0  0.15s           2026-08-21T09:30:08
================================================================================
[2026-08-21T09:31:08.744+0000] {manager.py:878} INFO - 
================================================================================
DAG File Processing Stats

File Path                                       PID  Runtime      # DAGs    # Errors  Last Runtime    Last Run
--------------------------------------------  -----  ---------  --------  ----------  --------------  -------------------
/opt/airflow/dags/cell_kpi_hourly_anomaly.py    180  0.02s             1           0  0.32s           2026-08-21T09:30:38
/opt/airflow/dags/kpi_hourly_dag.py             183  0.01s             1           0  0.24s           2026-08-21T09:30:38
================================================================================
[2026-08-21T09:31:38.896+0000] {manager.py:878} INFO - 
================================================================================
DAG File Processing Stats

File Path                                     PID    Runtime      # DAGs    # Errors  Last Runtime    Last Run
--------------------------------------------  -----  ---------  --------  ----------  --------------  -------------------
/opt/airflow/dags/kpi_hourly_dag.py                                    1           0  1.35s           2026-08-21T09:31:10
/opt/airflow/dags/cell_kpi_hourly_anomaly.py                           1           0  1.07s           2026-08-21T09:31:09
================================================================================
[2026-08-21T09:32:09.004+0000] {manager.py:878} INFO - 
================================================================================
DAG File Processing Stats

File Path                                     PID    Runtime      # DAGs    # Errors  Last Runtime    Last Run
--------------------------------------------  -----  ---------  --------  ----------  --------------  -------------------
/opt/airflow/dags/kpi_hourly_dag.py                                    1           0  2.99s           2026-08-21T09:31:43
/opt/airflow/dags/cell_kpi_hourly_anomaly.py                           1           0  0.13s           2026-08-21T09:31:40
================================================================================
[2026-08-21T09:32:39.047+0000] {manager.py:878} INFO - 
================================================================================
DAG File Processing Stats

File Path                                     PID    Runtime      # DAGs    # Errors  Last Runtime    Last Run
--------------------------------------------  -----  ---------  --------  ----------  --------------  -------------------
/opt/airflow/dags/cell_kpi_hourly_anomaly.py                           1           0  0.78s           2026-08-21T09:32:10
/opt/airflow/dags/kpi_hourly_dag.py                                    1           0  0.18s           2026-08-21T09:32:14
================================================================================
[2026-08-21T09:33:09.209+0000] {manager.py:878} INFO - 
================================================================================
DAG File Processing Stats

File Path                                     PID    Runtime      # DAGs    # Errors  Last Runtime    Last Run
--------------------------------------------  -----  ---------  --------  ----------  --------------  -------------------
/opt/airflow/dags/cell_kpi_hourly_anomaly.py                           1           0  4.07s           2026-08-21T09:32:45
/opt/airflow/dags/kpi_hourly_dag.py                                    1           0  1.21s           2026-08-21T09:32:45
================================================================================
[2026-08-21T09:33:39.401+0000] {manager.py:878} INFO - 
================================================================================
DAG File Processing Stats

File Path                                     PID    Runtime      # DAGs    # Errors  Last Runtime    Last Run
--------------------------------------------  -----  ---------  --------  ----------  --------------  -------------------
/opt/airflow/dags/kpi_hourly_dag.py                                    1           0  0.11s           2026-08-21T09:33:16
/opt/airflow/dags/cell_kpi_hourly_anomaly.py                           1           0  0.09s           2026-08-21T09:33:15
================================================================================
[2026-08-21T09:34:09.600+0000] {manager.py:878} INFO - 
================================================================================
DAG File Processing Stats

File Path                                     PID    Runtime      # DAGs    # Errors  Last Runtime    Last Run
--------------------------------------------  -----  ---------  --------  ----------  --------------  -------------------
/opt/airflow/dags/kpi_hourly_dag.py                                    1           0  0.11s           2026-08-21T09:33:46
/opt/airflow/dags/cell_kpi_hourly_anomaly.py                           1           0  0.09s           2026-08-21T09:33:45
================================================================================
[2026-08-21T09:34:39.800+0000] {manager.py:878} INFO - 
================================================================================
DAG File Processing Stats

File Path                                     PID    Runtime      # DAGs    # Errors  Last Runtime    Last Run
--------------------------------------------  -----  ---------  --------  ----------  --------------  -------------------
/opt/airflow/dags/kpi_hourly_dag.py                                    1           0  0.16s           2026-08-21T09:34:16
/opt/airflow/dags/cell_kpi_hourly_anomaly.py                           1           0  0.09s           2026-08-21T09:34:15
================================================================================
[2026-08-21T09:35:08.001+0000] {manager.py:737} INFO - Searching for files in /opt/airflow/dags
[2026-08-21T09:35:08.002+0000] {manager.py:740} INFO - There are 2 files in /opt/airflow/dags
[2026-08-21T09:35:10.016+0000] {manager.py:878} INFO - 
================================================================================
DAG File Processing Stats

File Path                                     PID    Runtime      # DAGs    # Errors  Last Runtime    Last Run
--------------------------------------------  -----  ---------  --------  ----------  --------------  -------------------
/opt/airflow/dags/kpi_hourly_dag.py                                    1           0  0.11s           2026-08-21T09:34:46
/opt/airflow/dags/cell_kpi_hourly_anomaly.py                           1           0  0.10s           2026-08-21T09:34:45
================================================================================
[2026-08-21T09:35:40.216+0000] {manager.py:878} INFO - 
================================================================================
DAG File Processing Stats

File Path                                     PID    Runtime      # DAGs    # Errors  Last Runtime    Last Run
--------------------------------------------  -----  ---------  --------  ----------  --------------  -------------------
/opt/airflow/dags/kpi_hourly_dag.py                                    1           0  0.12s           2026-08-21T09:35:17
/opt/airflow/dags/cell_kpi_hourly_anomaly.py                           1           0  0.09s           2026-08-21T09:35:16
================================================================================
[2026-08-21T09:36:10.418+0000] {manager.py:878} INFO - 
================================================================================
DAG File Processing Stats

File Path                                     PID    Runtime      # DAGs    # Errors  Last Runtime    Last Run
--------------------------------------------  -----  ---------  --------  ----------  --------------  -------------------
/opt/airflow/dags/kpi_hourly_dag.py                                    1           0  0.13s           2026-08-21T09:35:47
/opt/airflow/dags/cell_kpi_hourly_anomaly.py                           1           0  0.09s           2026-08-21T09:35:46
================================================================================
[2026-08-21T09:36:40.654+0000] {manager.py:878} INFO - 
================================================================================
DAG File Processing Stats

File Path                                     PID    Runtime      # DAGs    # Errors  Last Runtime    Last Run
--------------------------------------------  -----  ---------  --------  ----------  --------------  -------------------
/opt/airflow/dags/kpi_hourly_dag.py                                    1           0  0.18s           2026-08-21T09:36:17
/opt/airflow/dags/cell_kpi_hourly_anomaly.py                           1           0  0.12s           2026-08-21T09:36:16
================================================================================
[2026-08-21T09:37:10.859+0000] {manager.py:878} INFO - 
================================================================================
DAG File Processing Stats

File Path                                     PID    Runtime      # DAGs    # Errors  Last Runtime    Last Run
--------------------------------------------  -----  ---------  --------  ----------  --------------  -------------------
/opt/airflow/dags/kpi_hourly_dag.py                                    1           0  0.11s           2026-08-21T09:36:47
/opt/airflow/dags/cell_kpi_hourly_anomaly.py                           1           0  0.09s           2026-08-21T09:36:46
================================================================================
[2026-08-21T09:37:41.056+0000] {manager.py:878} INFO - 
================================================================================
DAG File Processing Stats

File Path                                     PID    Runtime      # DAGs    # Errors  Last Runtime    Last Run
--------------------------------------------  -----  ---------  --------  ----------  --------------  -------------------
/opt/airflow/dags/kpi_hourly_dag.py                                    1           0  0.11s           2026-08-21T09:37:18
/opt/airflow/dags/cell_kpi_hourly_anomaly.py                           1           0  0.09s           2026-08-21T09:37:16
================================================================================
[2026-08-21T09:38:11.254+0000] {manager.py:878} INFO - 
================================================================================
DAG File Processing Stats

File Path                                     PID    Runtime      # DAGs    # Errors  Last Runtime    Last Run
--------------------------------------------  -----  ---------  --------  ----------  --------------  -------------------
/opt/airflow/dags/kpi_hourly_dag.py                                    1           0  0.11s           2026-08-21T09:37:48
/opt/airflow/dags/cell_kpi_hourly_anomaly.py                           1           0  0.09s           2026-08-21T09:37:47
================================================================================
[2026-08-21T09:38:41.454+0000] {manager.py:878} INFO - 
================================================================================
DAG File Processing Stats

File Path                                     PID    Runtime      # DAGs    # Errors  Last Runtime    Last Run
--------------------------------------------  -----  ---------  --------  ----------  --------------  -------------------
/opt/airflow/dags/kpi_hourly_dag.py                                    1           0  0.11s           2026-08-21T09:38:18
/opt/airflow/dags/cell_kpi_hourly_anomaly.py                           1           0  0.09s           2026-08-21T09:38:17
================================================================================
[2026-08-21T09:39:11.652+0000] {manager.py:878} INFO - 
================================================================================
DAG File Processing Stats

File Path                                     PID    Runtime      # DAGs    # Errors  Last Runtime    Last Run
--------------------------------------------  -----  ---------  --------  ----------  --------------  -------------------
/opt/airflow/dags/kpi_hourly_dag.py                                    1           0  0.12s           2026-08-21T09:38:48
/opt/airflow/dags/cell_kpi_hourly_anomaly.py                           1           0  0.09s           2026-08-21T09:38:47
================================================================================
[2026-08-21T09:39:41.851+0000] {manager.py:878} INFO - 
================================================================================
DAG File Processing Stats

File Path                                     PID    Runtime      # DAGs    # Errors  Last Runtime    Last Run
--------------------------------------------  -----  ---------  --------  ----------  --------------  -------------------
/opt/airflow/dags/kpi_hourly_dag.py                                    1           0  0.13s           2026-08-21T09:39:18
/opt/airflow/dags/cell_kpi_hourly_anomaly.py                           1           0  0.09s           2026-08-21T09:39:17
================================================================================
[2026-08-21T09:40:08.036+0000] {manager.py:737} INFO - Searching for files in /opt/airflow/dags
[2026-08-21T09:40:08.038+0000] {manager.py:740} INFO - There are 2 files in /opt/airflow/dags
[2026-08-21T09:40:12.057+0000] {manager.py:878} INFO - 
================================================================================
DAG File Processing Stats

File Path                                     PID    Runtime      # DAGs    # Errors  Last Runtime    Last Run
--------------------------------------------  -----  ---------  --------  ----------  --------------  -------------------
/opt/airflow/dags/kpi_hourly_dag.py                                    1           0  0.11s           2026-08-21T09:39:49
/opt/airflow/dags/cell_kpi_hourly_anomaly.py                           1           0  0.09s           2026-08-21T09:39:47
================================================================================
[2026-08-21T09:40:42.255+0000] {manager.py:878} INFO - 
================================================================================
DAG File Processing Stats

File Path                                     PID    Runtime      # DAGs    # Errors  Last Runtime    Last Run
--------------------------------------------  -----  ---------  --------  ----------  --------------  -------------------
/opt/airflow/dags/kpi_hourly_dag.py                                    1           0  0.13s           2026-08-21T09:40:19
/opt/airflow/dags/cell_kpi_hourly_anomaly.py                           1           0  0.09s           2026-08-21T09:40:18
================================================================================
[2026-08-21T09:41:12.456+0000] {manager.py:878} INFO - 
================================================================================
DAG File Processing Stats

File Path                                     PID    Runtime      # DAGs    # Errors  Last Runtime    Last Run
--------------------------------------------  -----  ---------  --------  ----------  --------------  -------------------
/opt/airflow/dags/kpi_hourly_dag.py                                    1           0  0.11s           2026-08-21T09:40:49
/opt/airflow/dags/cell_kpi_hourly_anomaly.py                           1           0  0.09s           2026-08-21T09:40:48
================================================================================
[2026-08-21T09:41:42.657+0000] {manager.py:878} INFO - 
================================================================================
DAG File Processing Stats

File Path                                     PID    Runtime      # DAGs    # Errors  Last Runtime    Last Run
--------------------------------------------  -----  ---------  --------  ----------  --------------  -------------------
/opt/airflow/dags/kpi_hourly_dag.py                                    1           0  0.14s           2026-08-21T09:41:19
/opt/airflow/dags/cell_kpi_hourly_anomaly.py                           1           0  0.09s           2026-08-21T09:41:18
================================================================================
[2026-08-21T09:42:12.855+0000] {manager.py:878} INFO - 
================================================================================
DAG File Processing Stats

File Path                                     PID    Runtime      # DAGs    # Errors  Last Runtime    Last Run
--------------------------------------------  -----  ---------  --------  ----------  --------------  -------------------
/opt/airflow/dags/kpi_hourly_dag.py                                    1           0  0.11s           2026-08-21T09:41:49
/opt/airflow/dags/cell_kpi_hourly_anomaly.py                           1           0  0.09s           2026-08-21T09:41:48
================================================================================
[2026-08-21T09:42:43.052+0000] {manager.py:878} INFO - 
================================================================================
DAG File Processing Stats

File Path                                     PID    Runtime      # DAGs    # Errors  Last Runtime    Last Run
--------------------------------------------  -----  ---------  --------  ----------  --------------  -------------------
/opt/airflow/dags/kpi_hourly_dag.py                                    1           0  0.12s           2026-08-21T09:42:20
/opt/airflow/dags/cell_kpi_hourly_anomaly.py                           1           0  0.09s           2026-08-21T09:42:18
================================================================================
[2026-08-21T09:43:13.248+0000] {manager.py:878} INFO - 
================================================================================
DAG File Processing Stats

File Path                                     PID    Runtime      # DAGs    # Errors  Last Runtime    Last Run
--------------------------------------------  -----  ---------  --------  ----------  --------------  -------------------
/opt/airflow/dags/kpi_hourly_dag.py                                    1           0  0.11s           2026-08-21T09:42:50
/opt/airflow/dags/cell_kpi_hourly_anomaly.py                           1           0  0.09s           2026-08-21T09:42:49
================================================================================
[2026-08-21T09:43:43.448+0000] {manager.py:878} INFO - 
================================================================================
DAG File Processing Stats

File Path                                     PID    Runtime      # DAGs    # Errors  Last Runtime    Last Run
--------------------------------------------  -----  ---------  --------  ----------  --------------  -------------------
/opt/airflow/dags/kpi_hourly_dag.py                                    1           0  0.12s           2026-08-21T09:43:20
/opt/airflow/dags/cell_kpi_hourly_anomaly.py                           1           0  0.09s           2026-08-21T09:43:19
================================================================================
[2026-08-21T09:44:13.675+0000] {manager.py:878} INFO - 
================================================================================
DAG File Processing Stats

File Path                                     PID    Runtime      # DAGs    # Errors  Last Runtime    Last Run
--------------------------------------------  -----  ---------  --------  ----------  --------------  -------------------
/opt/airflow/dags/cell_kpi_hourly_anomaly.py                           1           0  0.12s           2026-08-21T09:43:49
/opt/airflow/dags/kpi_hourly_dag.py                                    1           0  0.11s           2026-08-21T09:43:50
================================================================================
[2026-08-21T09:44:43.877+0000] {manager.py:878} INFO - 
================================================================================
DAG File Processing Stats

File Path                                     PID    Runtime      # DAGs    # Errors  Last Runtime    Last Run
--------------------------------------------  -----  ---------  --------  ----------  --------------  -------------------
/opt/airflow/dags/kpi_hourly_dag.py                                    1           0  0.16s           2026-08-21T09:44:20
/opt/airflow/dags/cell_kpi_hourly_anomaly.py                           1           0  0.09s           2026-08-21T09:44:19
================================================================================
[2026-08-21T09:45:08.056+0000] {manager.py:737} INFO - Searching for files in /opt/airflow/dags
[2026-08-21T09:45:08.057+0000] {manager.py:740} INFO - There are 2 files in /opt/airflow/dags
[2026-08-21T09:45:14.088+0000] {manager.py:878} INFO - 
================================================================================
DAG File Processing Stats

File Path                                     PID    Runtime      # DAGs    # Errors  Last Runtime    Last Run
--------------------------------------------  -----  ---------  --------  ----------  --------------  -------------------
/opt/airflow/dags/kpi_hourly_dag.py                                    1           0  0.11s           2026-08-21T09:44:51
/opt/airflow/dags/cell_kpi_hourly_anomaly.py                           1           0  0.09s           2026-08-21T09:44:49
================================================================================
[2026-08-21T09:45:44.298+0000] {manager.py:878} INFO - 
================================================================================
DAG File Processing Stats

File Path                                     PID    Runtime      # DAGs    # Errors  Last Runtime    Last Run
--------------------------------------------  -----  ---------  --------  ----------  --------------  -------------------
/opt/airflow/dags/kpi_hourly_dag.py                                    1           0  0.13s           2026-08-21T09:45:21
/opt/airflow/dags/cell_kpi_hourly_anomaly.py                           1           0  0.10s           2026-08-21T09:45:20
================================================================================
[2026-08-21T09:46:14.499+0000] {manager.py:878} INFO - 
================================================================================
DAG File Processing Stats

File Path                                     PID    Runtime      # DAGs    # Errors  Last Runtime    Last Run
--------------------------------------------  -----  ---------  --------  ----------  --------------  -------------------
/opt/airflow/dags/kpi_hourly_dag.py                                    1           0  0.13s           2026-08-21T09:45:51
/opt/airflow/dags/cell_kpi_hourly_anomaly.py                           1           0  0.09s           2026-08-21T09:45:50
================================================================================
[2026-08-21T09:46:44.705+0000] {manager.py:878} INFO - 
================================================================================
DAG File Processing Stats

File Path                                     PID    Runtime      # DAGs    # Errors  Last Runtime    Last Run
--------------------------------------------  -----  ---------  --------  ----------  --------------  -------------------
/opt/airflow/dags/kpi_hourly_dag.py                                    1           0  0.12s           2026-08-21T09:46:21
/opt/airflow/dags/cell_kpi_hourly_anomaly.py                           1           0  0.09s           2026-08-21T09:46:20
================================================================================
[2026-08-21T09:47:14.912+0000] {manager.py:878} INFO - 
================================================================================
DAG File Processing Stats

File Path                                     PID    Runtime      # DAGs    # Errors  Last Runtime    Last Run
--------------------------------------------  -----  ---------  --------  ----------  --------------  -------------------
/opt/airflow/dags/kpi_hourly_dag.py                                    1           0  0.12s           2026-08-21T09:46:51
/opt/airflow/dags/cell_kpi_hourly_anomaly.py                           1           0  0.10s           2026-08-21T09:46:50
================================================================================
[2026-08-21T09:47:45.111+0000] {manager.py:878} INFO - 
================================================================================
DAG File Processing Stats

File Path                                     PID    Runtime      # DAGs    # Errors  Last Runtime    Last Run
--------------------------------------------  -----  ---------  --------  ----------  --------------  -------------------
/opt/airflow/dags/kpi_hourly_dag.py                                    1           0  0.12s           2026-08-21T09:47:22
/opt/airflow/dags/cell_kpi_hourly_anomaly.py                           1           0  0.09s           2026-08-21T09:47:21
================================================================================
[2026-08-21T09:48:15.329+0000] {manager.py:878} INFO - 
================================================================================
DAG File Processing Stats

File Path                                     PID    Runtime      # DAGs    # Errors  Last Runtime    Last Run
--------------------------------------------  -----  ---------  --------  ----------  --------------  -------------------
/opt/airflow/dags/kpi_hourly_dag.py                                    1           0  0.11s           2026-08-21T09:47:52
/opt/airflow/dags/cell_kpi_hourly_anomaly.py                           1           0  0.08s           2026-08-21T09:48:14
================================================================================
[2026-08-21T09:48:45.556+0000] {manager.py:878} INFO - 
================================================================================
DAG File Processing Stats

File Path                                     PID    Runtime      # DAGs    # Errors  Last Runtime    Last Run
--------------------------------------------  -----  ---------  --------  ----------  --------------  -------------------
/opt/airflow/dags/cell_kpi_hourly_anomaly.py                           1           0  0.15s           2026-08-21T09:48:33
/opt/airflow/dags/kpi_hourly_dag.py                                    1           0  0.13s           2026-08-21T09:48:22
================================================================================
[2026-08-21T09:49:15.839+0000] {manager.py:878} INFO - 
================================================================================
DAG File Processing Stats

File Path                                     PID    Runtime      # DAGs    # Errors  Last Runtime    Last Run
--------------------------------------------  -----  ---------  --------  ----------  --------------  -------------------
/opt/airflow/dags/kpi_hourly_dag.py                                    1           0  0.11s           2026-08-21T09:48:52
/opt/airflow/dags/cell_kpi_hourly_anomaly.py                           1           0  0.09s           2026-08-21T09:49:04
================================================================================
[2026-08-21T09:49:46.043+0000] {manager.py:878} INFO - 
================================================================================
DAG File Processing Stats

File Path                                     PID    Runtime      # DAGs    # Errors  Last Runtime    Last Run
--------------------------------------------  -----  ---------  --------  ----------  --------------  -------------------
/opt/airflow/dags/kpi_hourly_dag.py                                    1           0  0.13s           2026-08-21T09:49:23
/opt/airflow/dags/cell_kpi_hourly_anomaly.py                           1           0  0.10s           2026-08-21T09:49:16
================================================================================
[2026-08-21T09:50:08.291+0000] {manager.py:737} INFO - Searching for files in /opt/airflow/dags
[2026-08-21T09:50:08.295+0000] {manager.py:740} INFO - There are 2 files in /opt/airflow/dags
[2026-08-21T09:50:16.351+0000] {manager.py:878} INFO - 
================================================================================
DAG File Processing Stats

File Path                                     PID    Runtime      # DAGs    # Errors  Last Runtime    Last Run
--------------------------------------------  -----  ---------  --------  ----------  --------------  -------------------
/opt/airflow/dags/kpi_hourly_dag.py                                    1           0  0.15s           2026-08-21T09:49:53
/opt/airflow/dags/cell_kpi_hourly_anomaly.py                           1           0  0.09s           2026-08-21T09:49:47
================================================================================
[2026-08-21T09:50:46.619+0000] {manager.py:878} INFO - 
================================================================================
DAG File Processing Stats

File Path                                     PID    Runtime      # DAGs    # Errors  Last Runtime    Last Run
--------------------------------------------  -----  ---------  --------  ----------  --------------  -------------------
/opt/airflow/dags/cell_kpi_hourly_anomaly.py                           1           0  0.15s           2026-08-21T09:50:17
/opt/airflow/dags/kpi_hourly_dag.py                                    1           0  0.12s           2026-08-21T09:50:23
================================================================================
[2026-08-21T09:51:16.830+0000] {manager.py:878} INFO - 
================================================================================
DAG File Processing Stats

File Path                                     PID    Runtime      # DAGs    # Errors  Last Runtime    Last Run
--------------------------------------------  -----  ---------  --------  ----------  --------------  -------------------
/opt/airflow/dags/kpi_hourly_dag.py                                    1           0  0.13s           2026-08-21T09:50:53
/opt/airflow/dags/cell_kpi_hourly_anomaly.py                           1           0  0.10s           2026-08-21T09:50:47
================================================================================
[2026-08-21T09:51:47.067+0000] {manager.py:878} INFO - 
================================================================================
DAG File Processing Stats

File Path                                     PID    Runtime      # DAGs    # Errors  Last Runtime    Last Run
--------------------------------------------  -----  ---------  --------  ----------  --------------  -------------------
/opt/airflow/dags/kpi_hourly_dag.py                                    1           0  0.18s           2026-08-21T09:51:24
/opt/airflow/dags/cell_kpi_hourly_anomaly.py                           1           0  0.13s           2026-08-21T09:51:17
================================================================================
[2026-08-21T09:52:17.344+0000] {manager.py:878} INFO - 
================================================================================
DAG File Processing Stats

File Path                                     PID    Runtime      # DAGs    # Errors  Last Runtime    Last Run
--------------------------------------------  -----  ---------  --------  ----------  --------------  -------------------
/opt/airflow/dags/kpi_hourly_dag.py                                    1           0  0.13s           2026-08-21T09:51:54
/opt/airflow/dags/cell_kpi_hourly_anomaly.py                           1           0  0.10s           2026-08-21T09:51:48
================================================================================
[2026-08-21T09:52:47.775+0000] {manager.py:878} INFO - 
================================================================================
DAG File Processing Stats

File Path                                     PID    Runtime      # DAGs    # Errors  Last Runtime    Last Run
--------------------------------------------  -----  ---------  --------  ----------  --------------  -------------------
/opt/airflow/dags/kpi_hourly_dag.py                                    1           0  0.23s           2026-08-21T09:52:24
/opt/airflow/dags/cell_kpi_hourly_anomaly.py                           1           0  0.19s           2026-08-21T09:52:18
================================================================================
[2026-08-21T09:53:18.115+0000] {manager.py:878} INFO - 
================================================================================
DAG File Processing Stats

File Path                                     PID    Runtime      # DAGs    # Errors  Last Runtime    Last Run
--------------------------------------------  -----  ---------  --------  ----------  --------------  -------------------
/opt/airflow/dags/cell_kpi_hourly_anomaly.py                           1           0  0.43s           2026-08-21T09:52:49
/opt/airflow/dags/kpi_hourly_dag.py                                    1           0  0.22s           2026-08-21T09:52:55
================================================================================
[2026-08-21T09:53:48.765+0000] {manager.py:878} INFO - 
================================================================================
DAG File Processing Stats

File Path                                     PID    Runtime      # DAGs    # Errors  Last Runtime    Last Run
--------------------------------------------  -----  ---------  --------  ----------  --------------  -------------------
/opt/airflow/dags/kpi_hourly_dag.py                                    1           0  0.22s           2026-08-21T09:53:25
/opt/airflow/dags/cell_kpi_hourly_anomaly.py                           1           0  0.21s           2026-08-21T09:53:19
================================================================================
[2026-08-21T09:54:19.475+0000] {manager.py:878} INFO - 
================================================================================
DAG File Processing Stats

File Path                                     PID    Runtime      # DAGs    # Errors  Last Runtime    Last Run
--------------------------------------------  -----  ---------  --------  ----------  --------------  -------------------
/opt/airflow/dags/cell_kpi_hourly_anomaly.py                           1           0  0.44s           2026-08-21T09:53:50
/opt/airflow/dags/kpi_hourly_dag.py                                    1           0  0.31s           2026-08-21T09:53:56
================================================================================
[2026-08-21T09:54:49.772+0000] {manager.py:878} INFO - 
================================================================================
DAG File Processing Stats

File Path                                     PID    Runtime      # DAGs    # Errors  Last Runtime    Last Run
--------------------------------------------  -----  ---------  --------  ----------  --------------  -------------------
/opt/airflow/dags/cell_kpi_hourly_anomaly.py                           1           0  0.42s           2026-08-21T09:54:20
/opt/airflow/dags/kpi_hourly_dag.py                                    1           0  0.22s           2026-08-21T09:54:26
================================================================================
[2026-08-21T09:55:08.379+0000] {manager.py:737} INFO - Searching for files in /opt/airflow/dags
[2026-08-21T09:55:08.381+0000] {manager.py:740} INFO - There are 2 files in /opt/airflow/dags
[2026-08-21T09:55:20.431+0000] {manager.py:878} INFO - 
================================================================================
DAG File Processing Stats

File Path                                     PID    Runtime      # DAGs    # Errors  Last Runtime    Last Run
--------------------------------------------  -----  ---------  --------  ----------  --------------  -------------------
/opt/airflow/dags/kpi_hourly_dag.py                                    1           0  0.38s           2026-08-21T09:54:57
/opt/airflow/dags/cell_kpi_hourly_anomaly.py                           1           0  0.26s           2026-08-21T09:54:51
================================================================================
[2026-08-21T09:55:50.641+0000] {manager.py:878} INFO - 
================================================================================
DAG File Processing Stats

File Path                                     PID    Runtime      # DAGs    # Errors  Last Runtime    Last Run
--------------------------------------------  -----  ---------  --------  ----------  --------------  -------------------
/opt/airflow/dags/kpi_hourly_dag.py                                    1           0  0.11s           2026-08-21T09:55:27
/opt/airflow/dags/cell_kpi_hourly_anomaly.py                           1           0  0.09s           2026-08-21T09:55:21
================================================================================
[2026-08-21T09:56:20.831+0000] {manager.py:878} INFO - 
================================================================================
DAG File Processing Stats

File Path                                     PID    Runtime      # DAGs    # Errors  Last Runtime    Last Run
--------------------------------------------  -----  ---------  --------  ----------  --------------  -------------------
/opt/airflow/dags/kpi_hourly_dag.py                                    1           0  0.11s           2026-08-21T09:55:57
/opt/airflow/dags/cell_kpi_hourly_anomaly.py                           1           0  0.09s           2026-08-21T09:55:51
================================================================================
[2026-08-21T09:56:51.027+0000] {manager.py:878} INFO - 
================================================================================
DAG File Processing Stats

File Path                                     PID    Runtime      # DAGs    # Errors  Last Runtime    Last Run
--------------------------------------------  -----  ---------  --------  ----------  --------------  -------------------
/opt/airflow/dags/kpi_hourly_dag.py                                    1           0  0.11s           2026-08-21T09:56:28
/opt/airflow/dags/cell_kpi_hourly_anomaly.py                           1           0  0.09s           2026-08-21T09:56:21
================================================================================
[2026-08-21T09:57:21.225+0000] {manager.py:878} INFO - 
================================================================================
DAG File Processing Stats

File Path                                     PID    Runtime      # DAGs    # Errors  Last Runtime    Last Run
--------------------------------------------  -----  ---------  --------  ----------  --------------  -------------------
/opt/airflow/dags/kpi_hourly_dag.py                                    1           0  0.11s           2026-08-21T09:56:58
/opt/airflow/dags/cell_kpi_hourly_anomaly.py                           1           0  0.09s           2026-08-21T09:56:52
================================================================================
[2026-08-21T09:57:51.418+0000] {manager.py:878} INFO - 
================================================================================
DAG File Processing Stats

File Path                                     PID    Runtime      # DAGs    # Errors  Last Runtime    Last Run
--------------------------------------------  -----  ---------  --------  ----------  --------------  -------------------
/opt/airflow/dags/kpi_hourly_dag.py                                    1           0  0.11s           2026-08-21T09:57:28
/opt/airflow/dags/cell_kpi_hourly_anomaly.py                           1           0  0.09s           2026-08-21T09:57:22
================================================================================
[2026-08-21T09:58:21.615+0000] {manager.py:878} INFO - 
================================================================================
DAG File Processing Stats

File Path                                     PID    Runtime      # DAGs    # Errors  Last Runtime    Last Run
--------------------------------------------  -----  ---------  --------  ----------  --------------  -------------------
/opt/airflow/dags/kpi_hourly_dag.py                                    1           0  0.12s           2026-08-21T09:57:58
/opt/airflow/dags/cell_kpi_hourly_anomaly.py                           1           0  0.09s           2026-08-21T09:57:52
================================================================================
[2026-08-21T09:58:51.815+0000] {manager.py:878} INFO - 
================================================================================
DAG File Processing Stats

File Path                                     PID    Runtime      # DAGs    # Errors  Last Runtime    Last Run
--------------------------------------------  -----  ---------  --------  ----------  --------------  -------------------
/opt/airflow/dags/kpi_hourly_dag.py                                    1           0  0.12s           2026-08-21T09:58:28
/opt/airflow/dags/cell_kpi_hourly_anomaly.py                           1           0  0.09s           2026-08-21T09:58:22
================================================================================
[2026-08-21T09:59:22.014+0000] {manager.py:878} INFO - 
================================================================================
DAG File Processing Stats

File Path                                     PID    Runtime      # DAGs    # Errors  Last Runtime    Last Run
--------------------------------------------  -----  ---------  --------  ----------  --------------  -------------------
/opt/airflow/dags/kpi_hourly_dag.py                                    1           0  0.11s           2026-08-21T09:58:59
/opt/airflow/dags/cell_kpi_hourly_anomaly.py                           1           0  0.09s           2026-08-21T09:58:52
================================================================================
[2026-08-21T09:59:52.209+0000] {manager.py:878} INFO - 
================================================================================
DAG File Processing Stats

File Path                                     PID    Runtime      # DAGs    # Errors  Last Runtime    Last Run
--------------------------------------------  -----  ---------  --------  ----------  --------------  -------------------
/opt/airflow/dags/kpi_hourly_dag.py                                    1           0  0.11s           2026-08-21T09:59:29
/opt/airflow/dags/cell_kpi_hourly_anomaly.py                           1           0  0.09s           2026-08-21T09:59:23
================================================================================
[2026-08-21T10:00:08.429+0000] {manager.py:737} INFO - Searching for files in /opt/airflow/dags
[2026-08-21T10:00:08.431+0000] {manager.py:740} INFO - There are 2 files in /opt/airflow/dags
[2026-08-21T10:00:22.410+0000] {manager.py:878} INFO - 
================================================================================
DAG File Processing Stats

File Path                                     PID    Runtime      # DAGs    # Errors  Last Runtime    Last Run
--------------------------------------------  -----  ---------  --------  ----------  --------------  -------------------
/opt/airflow/dags/kpi_hourly_dag.py                                    1           0  0.11s           2026-08-21T09:59:59
/opt/airflow/dags/cell_kpi_hourly_anomaly.py                           1           0  0.09s           2026-08-21T09:59:53
================================================================================
[2026-08-21T10:00:52.621+0000] {manager.py:878} INFO - 
================================================================================
DAG File Processing Stats

File Path                                     PID    Runtime      # DAGs    # Errors  Last Runtime    Last Run
--------------------------------------------  -----  ---------  --------  ----------  --------------  -------------------
/opt/airflow/dags/kpi_hourly_dag.py                                    1           0  0.11s           2026-08-21T10:00:29
/opt/airflow/dags/cell_kpi_hourly_anomaly.py                           1           0  0.11s           2026-08-21T10:00:23
================================================================================
[2026-08-21T10:01:22.814+0000] {manager.py:878} INFO - 
================================================================================
DAG File Processing Stats

File Path                                     PID    Runtime      # DAGs    # Errors  Last Runtime    Last Run
--------------------------------------------  -----  ---------  --------  ----------  --------------  -------------------
/opt/airflow/dags/kpi_hourly_dag.py                                    1           0  0.11s           2026-08-21T10:00:59
/opt/airflow/dags/cell_kpi_hourly_anomaly.py                           1           0  0.09s           2026-08-21T10:00:53
================================================================================
[2026-08-21T10:01:53.015+0000] {manager.py:878} INFO - 
================================================================================
DAG File Processing Stats

File Path                                     PID    Runtime      # DAGs    # Errors  Last Runtime    Last Run
--------------------------------------------  -----  ---------  --------  ----------  --------------  -------------------
/opt/airflow/dags/kpi_hourly_dag.py                                    1           0  0.11s           2026-08-21T10:01:29
/opt/airflow/dags/cell_kpi_hourly_anomaly.py                           1           0  0.09s           2026-08-21T10:01:23
================================================================================
[2026-08-21T10:02:23.219+0000] {manager.py:878} INFO - 
================================================================================
DAG File Processing Stats

File Path                                     PID    Runtime      # DAGs    # Errors  Last Runtime    Last Run
--------------------------------------------  -----  ---------  --------  ----------  --------------  -------------------
/opt/airflow/dags/kpi_hourly_dag.py                                    1           0  0.11s           2026-08-21T10:02:00
/opt/airflow/dags/cell_kpi_hourly_anomaly.py                           1           0  0.10s           2026-08-21T10:01:54
================================================================================
[2026-08-21T10:02:53.411+0000] {manager.py:878} INFO - 
================================================================================
DAG File Processing Stats

File Path                                     PID    Runtime      # DAGs    # Errors  Last Runtime    Last Run
--------------------------------------------  -----  ---------  --------  ----------  --------------  -------------------
/opt/airflow/dags/kpi_hourly_dag.py                                    1           0  0.11s           2026-08-21T10:02:30
/opt/airflow/dags/cell_kpi_hourly_anomaly.py                           1           0  0.09s           2026-08-21T10:02:24
================================================================================
[2026-08-21T10:03:23.603+0000] {manager.py:878} INFO - 
================================================================================
DAG File Processing Stats

File Path                                     PID    Runtime      # DAGs    # Errors  Last Runtime    Last Run
--------------------------------------------  -----  ---------  --------  ----------  --------------  -------------------
/opt/airflow/dags/kpi_hourly_dag.py                                    1           0  0.11s           2026-08-21T10:03:00
/opt/airflow/dags/cell_kpi_hourly_anomaly.py                           1           0  0.09s           2026-08-21T10:02:54
================================================================================
[2026-08-21T10:03:53.793+0000] {manager.py:878} INFO - 
================================================================================
DAG File Processing Stats

File Path                                     PID    Runtime      # DAGs    # Errors  Last Runtime    Last Run
--------------------------------------------  -----  ---------  --------  ----------  --------------  -------------------
/opt/airflow/dags/kpi_hourly_dag.py                                    1           0  0.11s           2026-08-21T10:03:30
/opt/airflow/dags/cell_kpi_hourly_anomaly.py                           1           0  0.09s           2026-08-21T10:03:24
================================================================================
[2026-08-21T10:04:23.984+0000] {manager.py:878} INFO - 
================================================================================
DAG File Processing Stats

File Path                                     PID    Runtime      # DAGs    # Errors  Last Runtime    Last Run
--------------------------------------------  -----  ---------  --------  ----------  --------------  -------------------
/opt/airflow/dags/kpi_hourly_dag.py                                    1           0  0.11s           2026-08-21T10:04:00
/opt/airflow/dags/cell_kpi_hourly_anomaly.py                           1           0  0.09s           2026-08-21T10:03:54
================================================================================
[2026-08-21T10:04:54.183+0000] {manager.py:878} INFO - 
================================================================================
DAG File Processing Stats

File Path                                     PID    Runtime      # DAGs    # Errors  Last Runtime    Last Run
--------------------------------------------  -----  ---------  --------  ----------  --------------  -------------------
/opt/airflow/dags/kpi_hourly_dag.py                                    1           0  0.11s           2026-08-21T10:04:31
/opt/airflow/dags/cell_kpi_hourly_anomaly.py                           1           0  0.10s           2026-08-21T10:04:25
================================================================================
[2026-08-21T10:05:09.329+0000] {manager.py:737} INFO - Searching for files in /opt/airflow/dags
[2026-08-21T10:05:09.330+0000] {manager.py:740} INFO - There are 2 files in /opt/airflow/dags
[2026-08-21T10:05:24.391+0000] {manager.py:878} INFO - 
================================================================================
DAG File Processing Stats

File Path                                     PID    Runtime      # DAGs    # Errors  Last Runtime    Last Run
--------------------------------------------  -----  ---------  --------  ----------  --------------  -------------------
/opt/airflow/dags/kpi_hourly_dag.py                                    1           0  0.12s           2026-08-21T10:05:01
/opt/airflow/dags/cell_kpi_hourly_anomaly.py                           1           0  0.09s           2026-08-21T10:04:55
================================================================================
[2026-08-21T10:05:54.592+0000] {manager.py:878} INFO - 
================================================================================
DAG File Processing Stats

File Path                                     PID    Runtime      # DAGs    # Errors  Last Runtime    Last Run
--------------------------------------------  -----  ---------  --------  ----------  --------------  -------------------
/opt/airflow/dags/kpi_hourly_dag.py                                    1           0  0.11s           2026-08-21T10:05:31
/opt/airflow/dags/cell_kpi_hourly_anomaly.py                           1           0  0.09s           2026-08-21T10:05:25
================================================================================
[2026-08-21T10:06:24.785+0000] {manager.py:878} INFO - 
================================================================================
DAG File Processing Stats

File Path                                     PID    Runtime      # DAGs    # Errors  Last Runtime    Last Run
--------------------------------------------  -----  ---------  --------  ----------  --------------  -------------------
/opt/airflow/dags/kpi_hourly_dag.py                                    1           0  0.11s           2026-08-21T10:06:01
/opt/airflow/dags/cell_kpi_hourly_anomaly.py                           1           0  0.09s           2026-08-21T10:05:55
================================================================================
[2026-08-21T10:06:54.988+0000] {manager.py:878} INFO - 
================================================================================
DAG File Processing Stats

File Path                                     PID    Runtime      # DAGs    # Errors  Last Runtime    Last Run
--------------------------------------------  -----  ---------  --------  ----------  --------------  -------------------
/opt/airflow/dags/kpi_hourly_dag.py                                    1           0  0.12s           2026-08-21T10:06:31
/opt/airflow/dags/cell_kpi_hourly_anomaly.py                           1           0  0.09s           2026-08-21T10:06:25
================================================================================
[2026-08-21T10:07:25.188+0000] {manager.py:878} INFO - 
================================================================================
DAG File Processing Stats

File Path                                     PID    Runtime      # DAGs    # Errors  Last Runtime    Last Run
--------------------------------------------  -----  ---------  --------  ----------  --------------  -------------------
/opt/airflow/dags/kpi_hourly_dag.py                                    1           0  0.12s           2026-08-21T10:07:02
/opt/airflow/dags/cell_kpi_hourly_anomaly.py                           1           0  0.09s           2026-08-21T10:06:56
================================================================================
[2026-08-21T10:07:55.380+0000] {manager.py:878} INFO - 
================================================================================
DAG File Processing Stats

File Path                                     PID    Runtime      # DAGs    # Errors  Last Runtime    Last Run
--------------------------------------------  -----  ---------  --------  ----------  --------------  -------------------
/opt/airflow/dags/kpi_hourly_dag.py                                    1           0  0.13s           2026-08-21T10:07:32
/opt/airflow/dags/cell_kpi_hourly_anomaly.py                           1           0  0.09s           2026-08-21T10:07:26
================================================================================
[2026-08-21T10:08:25.576+0000] {manager.py:878} INFO - 
================================================================================
DAG File Processing Stats

File Path                                     PID    Runtime      # DAGs    # Errors  Last Runtime    Last Run
--------------------------------------------  -----  ---------  --------  ----------  --------------  -------------------
/opt/airflow/dags/kpi_hourly_dag.py                                    1           0  0.13s           2026-08-21T10:08:02
/opt/airflow/dags/cell_kpi_hourly_anomaly.py                           1           0  0.09s           2026-08-21T10:07:56
================================================================================
[2026-08-21T10:08:55.769+0000] {manager.py:878} INFO - 
================================================================================
DAG File Processing Stats

File Path                                     PID    Runtime      # DAGs    # Errors  Last Runtime    Last Run
--------------------------------------------  -----  ---------  --------  ----------  --------------  -------------------
/opt/airflow/dags/kpi_hourly_dag.py                                    1           0  0.11s           2026-08-21T10:08:32
/opt/airflow/dags/cell_kpi_hourly_anomaly.py                           1           0  0.09s           2026-08-21T10:08:26
================================================================================
[2026-08-21T10:09:25.967+0000] {manager.py:878} INFO - 
================================================================================
DAG File Processing Stats

File Path                                     PID    Runtime      # DAGs    # Errors  Last Runtime    Last Run
--------------------------------------------  -----  ---------  --------  ----------  --------------  -------------------
/opt/airflow/dags/kpi_hourly_dag.py                                    1           0  0.12s           2026-08-21T10:09:02
/opt/airflow/dags/cell_kpi_hourly_anomaly.py                           1           0  0.09s           2026-08-21T10:08:56
================================================================================
[2026-08-21T10:09:56.173+0000] {manager.py:878} INFO - 
================================================================================
DAG File Processing Stats

File Path                                     PID    Runtime      # DAGs    # Errors  Last Runtime    Last Run
--------------------------------------------  -----  ---------  --------  ----------  --------------  -------------------
/opt/airflow/dags/kpi_hourly_dag.py                                    1           0  0.12s           2026-08-21T10:09:33
/opt/airflow/dags/cell_kpi_hourly_anomaly.py                           1           0  0.10s           2026-08-21T10:09:27
================================================================================
[2026-08-21T10:10:09.349+0000] {manager.py:737} INFO - Searching for files in /opt/airflow/dags
[2026-08-21T10:10:09.351+0000] {manager.py:740} INFO - There are 2 files in /opt/airflow/dags
[2026-08-21T10:10:26.374+0000] {manager.py:878} INFO - 
================================================================================
DAG File Processing Stats

File Path                                     PID    Runtime      # DAGs    # Errors  Last Runtime    Last Run
--------------------------------------------  -----  ---------  --------  ----------  --------------  -------------------
/opt/airflow/dags/kpi_hourly_dag.py                                    1           0  0.11s           2026-08-21T10:10:03
/opt/airflow/dags/cell_kpi_hourly_anomaly.py                           1           0  0.09s           2026-08-21T10:09:57
================================================================================
[2026-08-21T10:10:56.581+0000] {manager.py:878} INFO - 
================================================================================
DAG File Processing Stats

File Path                                     PID    Runtime      # DAGs    # Errors  Last Runtime    Last Run
--------------------------------------------  -----  ---------  --------  ----------  --------------  -------------------
/opt/airflow/dags/kpi_hourly_dag.py                                    1           0  0.11s           2026-08-21T10:10:33
/opt/airflow/dags/cell_kpi_hourly_anomaly.py                           1           0  0.10s           2026-08-21T10:10:27
================================================================================
[2026-08-21T10:11:26.778+0000] {manager.py:878} INFO - 
================================================================================
DAG File Processing Stats

File Path                                     PID    Runtime      # DAGs    # Errors  Last Runtime    Last Run
--------------------------------------------  -----  ---------  --------  ----------  --------------  -------------------
/opt/airflow/dags/kpi_hourly_dag.py                                    1           0  0.12s           2026-08-21T10:11:03
/opt/airflow/dags/cell_kpi_hourly_anomaly.py                           1           0  0.09s           2026-08-21T10:10:57
================================================================================
[2026-08-21T10:11:56.980+0000] {manager.py:878} INFO - 
================================================================================
DAG File Processing Stats

File Path                                     PID    Runtime      # DAGs    # Errors  Last Runtime    Last Run
--------------------------------------------  -----  ---------  --------  ----------  --------------  -------------------
/opt/airflow/dags/kpi_hourly_dag.py                                    1           0  0.12s           2026-08-21T10:11:33
/opt/airflow/dags/cell_kpi_hourly_anomaly.py                           1           0  0.10s           2026-08-21T10:11:27
================================================================================
[2026-08-21T10:12:27.180+0000] {manager.py:878} INFO - 
================================================================================
DAG File Processing Stats

File Path                                     PID    Runtime      # DAGs    # Errors  Last Runtime    Last Run
--------------------------------------------  -----  ---------  --------  ----------  --------------  -------------------
/opt/airflow/dags/kpi_hourly_dag.py                                    1           0  0.12s           2026-08-21T10:12:04
/opt/airflow/dags/cell_kpi_hourly_anomaly.py                           1           0  0.09s           2026-08-21T10:11:58
================================================================================
[2026-08-21T10:12:57.377+0000] {manager.py:878} INFO - 
================================================================================
DAG File Processing Stats

File Path                                     PID    Runtime      # DAGs    # Errors  Last Runtime    Last Run
--------------------------------------------  -----  ---------  --------  ----------  --------------  -------------------
/opt/airflow/dags/kpi_hourly_dag.py                                    1           0  0.12s           2026-08-21T10:12:34
/opt/airflow/dags/cell_kpi_hourly_anomaly.py                           1           0  0.09s           2026-08-21T10:12:28
================================================================================
[2026-08-21T10:13:27.573+0000] {manager.py:878} INFO - 
================================================================================
DAG File Processing Stats

File Path                                     PID    Runtime      # DAGs    # Errors  Last Runtime    Last Run
--------------------------------------------  -----  ---------  --------  ----------  --------------  -------------------
/opt/airflow/dags/kpi_hourly_dag.py                                    1           0  0.12s           2026-08-21T10:13:04
/opt/airflow/dags/cell_kpi_hourly_anomaly.py                           1           0  0.09s           2026-08-21T10:12:58
================================================================================
[2026-08-21T10:13:57.763+0000] {manager.py:878} INFO - 
================================================================================
DAG File Processing Stats

File Path                                     PID    Runtime      # DAGs    # Errors  Last Runtime    Last Run
--------------------------------------------  -----  ---------  --------  ----------  --------------  -------------------
/opt/airflow/dags/kpi_hourly_dag.py                                    1           0  0.12s           2026-08-21T10:13:34
/opt/airflow/dags/cell_kpi_hourly_anomaly.py                           1           0  0.09s           2026-08-21T10:13:28
================================================================================
[2026-08-21T10:14:27.971+0000] {manager.py:878} INFO - 
================================================================================
DAG File Processing Stats

File Path                                     PID    Runtime      # DAGs    # Errors  Last Runtime    Last Run
--------------------------------------------  -----  ---------  --------  ----------  --------------  -------------------
/opt/airflow/dags/kpi_hourly_dag.py                                    1           0  0.13s           2026-08-21T10:14:04
/opt/airflow/dags/cell_kpi_hourly_anomaly.py                           1           0  0.10s           2026-08-21T10:13:58
================================================================================
[2026-08-21T10:14:58.159+0000] {manager.py:878} INFO - 
================================================================================
DAG File Processing Stats

File Path                                     PID    Runtime      # DAGs    # Errors  Last Runtime    Last Run
--------------------------------------------  -----  ---------  --------  ----------  --------------  -------------------
/opt/airflow/dags/kpi_hourly_dag.py                                    1           0  0.11s           2026-08-21T10:14:35
/opt/airflow/dags/cell_kpi_hourly_anomaly.py                           1           0  0.09s           2026-08-21T10:14:29
================================================================================
[2026-08-21T10:15:09.390+0000] {manager.py:737} INFO - Searching for files in /opt/airflow/dags
[2026-08-21T10:15:09.392+0000] {manager.py:740} INFO - There are 2 files in /opt/airflow/dags
[2026-08-21T10:15:28.361+0000] {manager.py:878} INFO - 
================================================================================
DAG File Processing Stats

File Path                                     PID    Runtime      # DAGs    # Errors  Last Runtime    Last Run
--------------------------------------------  -----  ---------  --------  ----------  --------------  -------------------
/opt/airflow/dags/kpi_hourly_dag.py                                    1           0  0.11s           2026-08-21T10:15:05
/opt/airflow/dags/cell_kpi_hourly_anomaly.py                           1           0  0.10s           2026-08-21T10:14:59
================================================================================
[2026-08-21T10:15:58.685+0000] {manager.py:878} INFO - 
================================================================================
DAG File Processing Stats

File Path                                     PID    Runtime      # DAGs    # Errors  Last Runtime    Last Run
--------------------------------------------  -----  ---------  --------  ----------  --------------  -------------------
/opt/airflow/dags/cell_kpi_hourly_anomaly.py                           1           0  0.17s           2026-08-21T10:15:50
/opt/airflow/dags/kpi_hourly_dag.py                                    1           0  0.13s           2026-08-21T10:15:35
================================================================================
[2026-08-21T10:16:28.840+0000] {manager.py:878} INFO - 
================================================================================
DAG File Processing Stats

File Path                                     PID    Runtime      # DAGs    # Errors  Last Runtime    Last Run
--------------------------------------------  -----  ---------  --------  ----------  --------------  -------------------
/opt/airflow/dags/kpi_hourly_dag.py                                    1           0  0.15s           2026-08-21T10:16:05
/opt/airflow/dags/cell_kpi_hourly_anomaly.py                           1           0  0.09s           2026-08-21T10:16:20
================================================================================
[2026-08-21T10:16:59.259+0000] {manager.py:878} INFO - 
================================================================================
DAG File Processing Stats

File Path                                     PID    Runtime      # DAGs    # Errors  Last Runtime    Last Run
--------------------------------------------  -----  ---------  --------  ----------  --------------  -------------------
/opt/airflow/dags/cell_kpi_hourly_anomaly.py                           1           0  0.23s           2026-08-21T10:16:51
/opt/airflow/dags/kpi_hourly_dag.py                                    1           0  0.17s           2026-08-21T10:16:36
================================================================================
[2026-08-21T10:17:29.530+0000] {manager.py:878} INFO - 
================================================================================
DAG File Processing Stats

File Path                                     PID    Runtime      # DAGs    # Errors  Last Runtime    Last Run
--------------------------------------------  -----  ---------  --------  ----------  --------------  -------------------
/opt/airflow/dags/kpi_hourly_dag.py                                    1           0  0.28s           2026-08-21T10:17:06
/opt/airflow/dags/cell_kpi_hourly_anomaly.py                           1           0  0.20s           2026-08-21T10:17:21
================================================================================
[2026-08-21T10:18:00.081+0000] {manager.py:878} INFO - 
================================================================================
DAG File Processing Stats

File Path                                     PID    Runtime      # DAGs    # Errors  Last Runtime    Last Run
--------------------------------------------  -----  ---------  --------  ----------  --------------  -------------------
/opt/airflow/dags/cell_kpi_hourly_anomaly.py                           1           0  0.20s           2026-08-21T10:17:52
/opt/airflow/dags/kpi_hourly_dag.py                                    1           0  0.15s           2026-08-21T10:17:36
================================================================================
[2026-08-21T10:18:30.561+0000] {manager.py:878} INFO - 
================================================================================
DAG File Processing Stats

File Path                                     PID    Runtime      # DAGs    # Errors  Last Runtime    Last Run
--------------------------------------------  -----  ---------  --------  ----------  --------------  -------------------
/opt/airflow/dags/cell_kpi_hourly_anomaly.py                           1           0  0.31s           2026-08-21T10:18:22
/opt/airflow/dags/kpi_hourly_dag.py                                    1           0  0.21s           2026-08-21T10:18:07
================================================================================
[2026-08-21T10:19:00.810+0000] {manager.py:878} INFO - 
================================================================================
DAG File Processing Stats

File Path                                     PID    Runtime      # DAGs    # Errors  Last Runtime    Last Run
--------------------------------------------  -----  ---------  --------  ----------  --------------  -------------------
/opt/airflow/dags/kpi_hourly_dag.py                                    1           0  0.11s           2026-08-21T10:18:37
/opt/airflow/dags/cell_kpi_hourly_anomaly.py                           1           0  0.09s           2026-08-21T10:18:52
================================================================================
[2026-08-21T10:19:31.021+0000] {manager.py:878} INFO - 
================================================================================
DAG File Processing Stats

File Path                                     PID    Runtime      # DAGs    # Errors  Last Runtime    Last Run
--------------------------------------------  -----  ---------  --------  ----------  --------------  -------------------
/opt/airflow/dags/kpi_hourly_dag.py                                    1           0  0.12s           2026-08-21T10:19:07
/opt/airflow/dags/cell_kpi_hourly_anomaly.py                           1           0  0.09s           2026-08-21T10:19:23
================================================================================
[2026-08-21T10:20:01.232+0000] {manager.py:878} INFO - 
================================================================================
DAG File Processing Stats

File Path                                     PID    Runtime      # DAGs    # Errors  Last Runtime    Last Run
--------------------------------------------  -----  ---------  --------  ----------  --------------  -------------------
/opt/airflow/dags/kpi_hourly_dag.py                                    1           0  0.11s           2026-08-21T10:19:38
/opt/airflow/dags/cell_kpi_hourly_anomaly.py                           1           0  0.10s           2026-08-21T10:19:53
================================================================================
[2026-08-21T10:20:10.278+0000] {manager.py:737} INFO - Searching for files in /opt/airflow/dags
[2026-08-21T10:20:10.280+0000] {manager.py:740} INFO - There are 2 files in /opt/airflow/dags
[2026-08-21T10:20:31.444+0000] {manager.py:878} INFO - 
================================================================================
DAG File Processing Stats

File Path                                     PID    Runtime      # DAGs    # Errors  Last Runtime    Last Run
--------------------------------------------  -----  ---------  --------  ----------  --------------  -------------------
/opt/airflow/dags/kpi_hourly_dag.py                                    1           0  0.11s           2026-08-21T10:20:08
/opt/airflow/dags/cell_kpi_hourly_anomaly.py                           1           0  0.10s           2026-08-21T10:20:23
================================================================================
[2026-08-21T10:21:01.565+0000] {manager.py:878} INFO - 
================================================================================
DAG File Processing Stats

File Path                                     PID    Runtime      # DAGs    # Errors  Last Runtime    Last Run
--------------------------------------------  -----  ---------  --------  ----------  --------------  -------------------
/opt/airflow/dags/kpi_hourly_dag.py                                    1           0  0.14s           2026-08-21T10:20:38
/opt/airflow/dags/cell_kpi_hourly_anomaly.py                           1           0  0.09s           2026-08-21T10:20:53
================================================================================
[2026-08-21T10:21:31.753+0000] {manager.py:878} INFO - 
================================================================================
DAG File Processing Stats

File Path                                     PID    Runtime      # DAGs    # Errors  Last Runtime    Last Run
--------------------------------------------  -----  ---------  --------  ----------  --------------  -------------------
/opt/airflow/dags/kpi_hourly_dag.py                                    1           0  0.12s           2026-08-21T10:21:08
/opt/airflow/dags/cell_kpi_hourly_anomaly.py                           1           0  0.10s           2026-08-21T10:21:23
================================================================================
[2026-08-21T10:22:01.947+0000] {manager.py:878} INFO - 
================================================================================
DAG File Processing Stats

File Path                                     PID    Runtime      # DAGs    # Errors  Last Runtime    Last Run
--------------------------------------------  -----  ---------  --------  ----------  --------------  -------------------
/opt/airflow/dags/kpi_hourly_dag.py                                    1           0  0.12s           2026-08-21T10:21:38
/opt/airflow/dags/cell_kpi_hourly_anomaly.py                           1           0  0.10s           2026-08-21T10:21:54
================================================================================
[2026-08-21T10:22:32.145+0000] {manager.py:878} INFO - 
================================================================================
DAG File Processing Stats

File Path                                     PID    Runtime      # DAGs    # Errors  Last Runtime    Last Run
--------------------------------------------  -----  ---------  --------  ----------  --------------  -------------------
/opt/airflow/dags/kpi_hourly_dag.py                                    1           0  0.11s           2026-08-21T10:22:09
/opt/airflow/dags/cell_kpi_hourly_anomaly.py                           1           0  0.09s           2026-08-21T10:22:24
================================================================================
[2026-08-21T10:23:02.366+0000] {manager.py:878} INFO - 
================================================================================
DAG File Processing Stats

File Path                                     PID    Runtime      # DAGs    # Errors  Last Runtime    Last Run
--------------------------------------------  -----  ---------  --------  ----------  --------------  -------------------
/opt/airflow/dags/kpi_hourly_dag.py                                    1           0  0.13s           2026-08-21T10:22:39
/opt/airflow/dags/cell_kpi_hourly_anomaly.py                           1           0  0.09s           2026-08-21T10:22:54
================================================================================
[2026-08-21T10:23:32.570+0000] {manager.py:878} INFO - 
================================================================================
DAG File Processing Stats

File Path                                     PID    Runtime      # DAGs    # Errors  Last Runtime    Last Run
--------------------------------------------  -----  ---------  --------  ----------  --------------  -------------------
/opt/airflow/dags/kpi_hourly_dag.py                                    1           0  0.11s           2026-08-21T10:23:09
/opt/airflow/dags/cell_kpi_hourly_anomaly.py                           1           0  0.10s           2026-08-21T10:23:24
================================================================================
[2026-08-21T10:24:02.779+0000] {manager.py:878} INFO - 
================================================================================
DAG File Processing Stats

File Path                                     PID    Runtime      # DAGs    # Errors  Last Runtime    Last Run
--------------------------------------------  -----  ---------  --------  ----------  --------------  -------------------
/opt/airflow/dags/kpi_hourly_dag.py                                    1           0  0.11s           2026-08-21T10:23:39
/opt/airflow/dags/cell_kpi_hourly_anomaly.py                           1           0  0.10s           2026-08-21T10:23:54
================================================================================
[2026-08-21T10:24:32.985+0000] {manager.py:878} INFO - 
================================================================================
DAG File Processing Stats

File Path                                     PID    Runtime      # DAGs    # Errors  Last Runtime    Last Run
--------------------------------------------  -----  ---------  --------  ----------  --------------  -------------------
/opt/airflow/dags/cell_kpi_hourly_anomaly.py                           1           0  0.11s           2026-08-21T10:24:24
/opt/airflow/dags/kpi_hourly_dag.py                                    1           0  0.11s           2026-08-21T10:24:09
================================================================================
[2026-08-21T10:25:03.100+0000] {manager.py:878} INFO - 
================================================================================
DAG File Processing Stats

File Path                                     PID    Runtime      # DAGs    # Errors  Last Runtime    Last Run
--------------------------------------------  -----  ---------  --------  ----------  --------------  -------------------
/opt/airflow/dags/kpi_hourly_dag.py                                    1           0  0.11s           2026-08-21T10:24:40
/opt/airflow/dags/cell_kpi_hourly_anomaly.py                           1           0  0.09s           2026-08-21T10:24:55
================================================================================
[2026-08-21T10:25:11.214+0000] {manager.py:737} INFO - Searching for files in /opt/airflow/dags
[2026-08-21T10:25:11.215+0000] {manager.py:740} INFO - There are 2 files in /opt/airflow/dags
[2026-08-21T10:25:33.313+0000] {manager.py:878} INFO - 
================================================================================
DAG File Processing Stats

File Path                                     PID    Runtime      # DAGs    # Errors  Last Runtime    Last Run
--------------------------------------------  -----  ---------  --------  ----------  --------------  -------------------
/opt/airflow/dags/kpi_hourly_dag.py                                    1           0  0.12s           2026-08-21T10:25:10
/opt/airflow/dags/cell_kpi_hourly_anomaly.py                           1           0  0.10s           2026-08-21T10:25:25
================================================================================
[2026-08-21T10:26:03.526+0000] {manager.py:878} INFO - 
================================================================================
DAG File Processing Stats

File Path                                     PID    Runtime      # DAGs    # Errors  Last Runtime    Last Run
--------------------------------------------  -----  ---------  --------  ----------  --------------  -------------------
/opt/airflow/dags/kpi_hourly_dag.py                                    1           0  0.12s           2026-08-21T10:25:40
/opt/airflow/dags/cell_kpi_hourly_anomaly.py                           1           0  0.09s           2026-08-21T10:25:55
================================================================================
[2026-08-21T10:26:33.741+0000] {manager.py:878} INFO - 
================================================================================
DAG File Processing Stats

File Path                                     PID    Runtime      # DAGs    # Errors  Last Runtime    Last Run
--------------------------------------------  -----  ---------  --------  ----------  --------------  -------------------
/opt/airflow/dags/kpi_hourly_dag.py                                    1           0  0.12s           2026-08-21T10:26:10
/opt/airflow/dags/cell_kpi_hourly_anomaly.py                           1           0  0.09s           2026-08-21T10:26:25
================================================================================
[2026-08-21T10:27:03.955+0000] {manager.py:878} INFO - 
================================================================================
DAG File Processing Stats

File Path                                     PID    Runtime      # DAGs    # Errors  Last Runtime    Last Run
--------------------------------------------  -----  ---------  --------  ----------  --------------  -------------------
/opt/airflow/dags/kpi_hourly_dag.py                                    1           0  0.12s           2026-08-21T10:26:40
/opt/airflow/dags/cell_kpi_hourly_anomaly.py                           1           0  0.10s           2026-08-21T10:26:55
================================================================================
[2026-08-21T10:27:34.166+0000] {manager.py:878} INFO - 
================================================================================
DAG File Processing Stats

File Path                                     PID    Runtime      # DAGs    # Errors  Last Runtime    Last Run
--------------------------------------------  -----  ---------  --------  ----------  --------------  -------------------
/opt/airflow/dags/kpi_hourly_dag.py                                    1           0  0.12s           2026-08-21T10:27:11
/opt/airflow/dags/cell_kpi_hourly_anomaly.py                           1           0  0.10s           2026-08-21T10:27:26
================================================================================
[2026-08-21T10:28:04.285+0000] {manager.py:878} INFO - 
================================================================================
DAG File Processing Stats

File Path                                     PID    Runtime      # DAGs    # Errors  Last Runtime    Last Run
--------------------------------------------  -----  ---------  --------  ----------  --------------  -------------------
/opt/airflow/dags/kpi_hourly_dag.py                                    1           0  0.13s           2026-08-21T10:27:41
/opt/airflow/dags/cell_kpi_hourly_anomaly.py                           1           0  0.09s           2026-08-21T10:27:56
================================================================================
[2026-08-21T10:28:34.472+0000] {manager.py:878} INFO - 
================================================================================
DAG File Processing Stats

File Path                                     PID    Runtime      # DAGs    # Errors  Last Runtime    Last Run
--------------------------------------------  -----  ---------  --------  ----------  --------------  -------------------
/opt/airflow/dags/kpi_hourly_dag.py                                    1           0  0.12s           2026-08-21T10:28:11
/opt/airflow/dags/cell_kpi_hourly_anomaly.py                           1           0  0.09s           2026-08-21T10:28:26
================================================================================
[2026-08-21T10:29:04.656+0000] {manager.py:878} INFO - 
================================================================================
DAG File Processing Stats

File Path                                     PID    Runtime      # DAGs    # Errors  Last Runtime    Last Run
--------------------------------------------  -----  ---------  --------  ----------  --------------  -------------------
/opt/airflow/dags/kpi_hourly_dag.py                                    1           0  0.13s           2026-08-21T10:28:41
/opt/airflow/dags/cell_kpi_hourly_anomaly.py                           1           0  0.09s           2026-08-21T10:28:56
================================================================================
[2026-08-21T10:29:34.946+0000] {manager.py:878} INFO - 
================================================================================
DAG File Processing Stats

File Path                                     PID    Runtime      # DAGs    # Errors  Last Runtime    Last Run
--------------------------------------------  -----  ---------  --------  ----------  --------------  -------------------
/opt/airflow/dags/kpi_hourly_dag.py                                    1           0  0.12s           2026-08-21T10:29:11
/opt/airflow/dags/cell_kpi_hourly_anomaly.py                           1           0  0.11s           2026-08-21T10:29:26
================================================================================
[2026-08-21T10:30:05.058+0000] {manager.py:878} INFO - 
================================================================================
DAG File Processing Stats

File Path                                     PID    Runtime      # DAGs    # Errors  Last Runtime    Last Run
--------------------------------------------  -----  ---------  --------  ----------  --------------  -------------------
/opt/airflow/dags/kpi_hourly_dag.py                                    1           0  0.12s           2026-08-21T10:29:42
/opt/airflow/dags/cell_kpi_hourly_anomaly.py                           1           0  0.09s           2026-08-21T10:29:57
================================================================================
[2026-08-21T10:30:12.085+0000] {manager.py:737} INFO - Searching for files in /opt/airflow/dags
[2026-08-21T10:30:12.086+0000] {manager.py:740} INFO - There are 2 files in /opt/airflow/dags
[2026-08-21T10:30:35.280+0000] {manager.py:878} INFO - 
================================================================================
DAG File Processing Stats

File Path                                     PID    Runtime      # DAGs    # Errors  Last Runtime    Last Run
--------------------------------------------  -----  ---------  --------  ----------  --------------  -------------------
/opt/airflow/dags/kpi_hourly_dag.py                                    1           0  0.11s           2026-08-21T10:30:12
/opt/airflow/dags/cell_kpi_hourly_anomaly.py                           1           0  0.09s           2026-08-21T10:30:27
================================================================================
[2026-08-21T10:31:05.487+0000] {manager.py:878} INFO - 
================================================================================
DAG File Processing Stats

File Path                                     PID    Runtime      # DAGs    # Errors  Last Runtime    Last Run
--------------------------------------------  -----  ---------  --------  ----------  --------------  -------------------
/opt/airflow/dags/kpi_hourly_dag.py                                    1           0  0.11s           2026-08-21T10:30:42
/opt/airflow/dags/cell_kpi_hourly_anomaly.py                           1           0  0.09s           2026-08-21T10:30:57
================================================================================
[2026-08-21T10:31:35.608+0000] {manager.py:878} INFO - 
================================================================================
DAG File Processing Stats

File Path                                     PID    Runtime      # DAGs    # Errors  Last Runtime    Last Run
--------------------------------------------  -----  ---------  --------  ----------  --------------  -------------------
/opt/airflow/dags/kpi_hourly_dag.py                                    1           0  0.11s           2026-08-21T10:31:12
/opt/airflow/dags/cell_kpi_hourly_anomaly.py                           1           0  0.09s           2026-08-21T10:31:27
================================================================================
[2026-08-21T10:32:05.810+0000] {manager.py:878} INFO - 
================================================================================
DAG File Processing Stats

File Path                                     PID    Runtime      # DAGs    # Errors  Last Runtime    Last Run
--------------------------------------------  -----  ---------  --------  ----------  --------------  -------------------
/opt/airflow/dags/kpi_hourly_dag.py                                    1           0  0.11s           2026-08-21T10:31:42
/opt/airflow/dags/cell_kpi_hourly_anomaly.py                           1           0  0.09s           2026-08-21T10:31:57
================================================================================
[2026-08-21T10:32:36.023+0000] {manager.py:878} INFO - 
================================================================================
DAG File Processing Stats

File Path                                     PID    Runtime      # DAGs    # Errors  Last Runtime    Last Run
--------------------------------------------  -----  ---------  --------  ----------  --------------  -------------------
/opt/airflow/dags/kpi_hourly_dag.py                                    1           0  0.11s           2026-08-21T10:32:12
/opt/airflow/dags/cell_kpi_hourly_anomaly.py                           1           0  0.09s           2026-08-21T10:32:28
================================================================================
[2026-08-21T10:33:06.235+0000] {manager.py:878} INFO - 
================================================================================
DAG File Processing Stats

File Path                                     PID    Runtime      # DAGs    # Errors  Last Runtime    Last Run
--------------------------------------------  -----  ---------  --------  ----------  --------------  -------------------
/opt/airflow/dags/kpi_hourly_dag.py                                    1           0  0.11s           2026-08-21T10:32:43
/opt/airflow/dags/cell_kpi_hourly_anomaly.py                           1           0  0.09s           2026-08-21T10:32:58
================================================================================
[2026-08-21T10:33:36.353+0000] {manager.py:878} INFO - 
================================================================================
DAG File Processing Stats

File Path                                     PID    Runtime      # DAGs    # Errors  Last Runtime    Last Run
--------------------------------------------  -----  ---------  --------  ----------  --------------  -------------------
/opt/airflow/dags/kpi_hourly_dag.py                                    1           0  0.11s           2026-08-21T10:33:13
/opt/airflow/dags/cell_kpi_hourly_anomaly.py                           1           0  0.09s           2026-08-21T10:33:28
================================================================================
[2026-08-21T10:34:06.553+0000] {manager.py:878} INFO - 
================================================================================
DAG File Processing Stats

File Path                                     PID    Runtime      # DAGs    # Errors  Last Runtime    Last Run
--------------------------------------------  -----  ---------  --------  ----------  --------------  -------------------
/opt/airflow/dags/kpi_hourly_dag.py                                    1           0  0.11s           2026-08-21T10:33:43
/opt/airflow/dags/cell_kpi_hourly_anomaly.py                           1           0  0.10s           2026-08-21T10:33:58
================================================================================
[2026-08-21T10:34:36.762+0000] {manager.py:878} INFO - 
================================================================================
DAG File Processing Stats

File Path                                     PID    Runtime      # DAGs    # Errors  Last Runtime    Last Run
--------------------------------------------  -----  ---------  --------  ----------  --------------  -------------------
/opt/airflow/dags/kpi_hourly_dag.py                                    1           0  0.11s           2026-08-21T10:34:13
/opt/airflow/dags/cell_kpi_hourly_anomaly.py                           1           0  0.09s           2026-08-21T10:34:28
================================================================================
[2026-08-21T10:35:06.984+0000] {manager.py:878} INFO - 
================================================================================
DAG File Processing Stats

File Path                                     PID    Runtime      # DAGs    # Errors  Last Runtime    Last Run
--------------------------------------------  -----  ---------  --------  ----------  --------------  -------------------
/opt/airflow/dags/kpi_hourly_dag.py                                    1           0  0.12s           2026-08-21T10:34:43
/opt/airflow/dags/cell_kpi_hourly_anomaly.py                           1           0  0.10s           2026-08-21T10:34:58
================================================================================
[2026-08-21T10:35:13.005+0000] {manager.py:737} INFO - Searching for files in /opt/airflow/dags
[2026-08-21T10:35:13.007+0000] {manager.py:740} INFO - There are 2 files in /opt/airflow/dags
[2026-08-21T10:35:37.111+0000] {manager.py:878} INFO - 
================================================================================
DAG File Processing Stats

File Path                                     PID    Runtime      # DAGs    # Errors  Last Runtime    Last Run
--------------------------------------------  -----  ---------  --------  ----------  --------------  -------------------
/opt/airflow/dags/kpi_hourly_dag.py                                    1           0  0.12s           2026-08-21T10:35:14
/opt/airflow/dags/cell_kpi_hourly_anomaly.py                           1           0  0.10s           2026-08-21T10:35:29
================================================================================
[2026-08-21T10:36:07.306+0000] {manager.py:878} INFO - 
================================================================================
DAG File Processing Stats

File Path                                     PID    Runtime      # DAGs    # Errors  Last Runtime    Last Run
--------------------------------------------  -----  ---------  --------  ----------  --------------  -------------------
/opt/airflow/dags/kpi_hourly_dag.py                                    1           0  0.11s           2026-08-21T10:35:44
/opt/airflow/dags/cell_kpi_hourly_anomaly.py                           1           0  0.09s           2026-08-21T10:35:59
================================================================================
[2026-08-21T10:36:37.493+0000] {manager.py:878} INFO - 
================================================================================
DAG File Processing Stats

File Path                                     PID    Runtime      # DAGs    # Errors  Last Runtime    Last Run
--------------------------------------------  -----  ---------  --------  ----------  --------------  -------------------
/opt/airflow/dags/kpi_hourly_dag.py                                    1           0  0.12s           2026-08-21T10:36:14
/opt/airflow/dags/cell_kpi_hourly_anomaly.py                           1           0  0.09s           2026-08-21T10:36:29
================================================================================
[2026-08-21T10:37:07.680+0000] {manager.py:878} INFO - 
================================================================================
DAG File Processing Stats

File Path                                     PID    Runtime      # DAGs    # Errors  Last Runtime    Last Run
--------------------------------------------  -----  ---------  --------  ----------  --------------  -------------------
/opt/airflow/dags/kpi_hourly_dag.py                                    1           0  0.12s           2026-08-21T10:36:44
/opt/airflow/dags/cell_kpi_hourly_anomaly.py                           1           0  0.09s           2026-08-21T10:36:59
================================================================================
[2026-08-21T10:37:37.870+0000] {manager.py:878} INFO - 
================================================================================
DAG File Processing Stats

File Path                                     PID    Runtime      # DAGs    # Errors  Last Runtime    Last Run
--------------------------------------------  -----  ---------  --------  ----------  --------------  -------------------
/opt/airflow/dags/kpi_hourly_dag.py                                    1           0  0.11s           2026-08-21T10:37:14
/opt/airflow/dags/cell_kpi_hourly_anomaly.py                           1           0  0.09s           2026-08-21T10:37:29
================================================================================
[2026-08-21T10:38:08.162+0000] {manager.py:878} INFO - 
================================================================================
DAG File Processing Stats

File Path                                     PID    Runtime      # DAGs    # Errors  Last Runtime    Last Run
--------------------------------------------  -----  ---------  --------  ----------  --------------  -------------------
/opt/airflow/dags/kpi_hourly_dag.py                                    1           0  0.11s           2026-08-21T10:37:45
/opt/airflow/dags/cell_kpi_hourly_anomaly.py                           1           0  0.11s           2026-08-21T10:38:00
================================================================================
[2026-08-21T10:38:38.282+0000] {manager.py:878} INFO - 
================================================================================
DAG File Processing Stats

File Path                                     PID    Runtime      # DAGs    # Errors  Last Runtime    Last Run
--------------------------------------------  -----  ---------  --------  ----------  --------------  -------------------
/opt/airflow/dags/kpi_hourly_dag.py                                    1           0  0.12s           2026-08-21T10:38:15
/opt/airflow/dags/cell_kpi_hourly_anomaly.py                           1           0  0.09s           2026-08-21T10:38:30
================================================================================
[2026-08-21T10:39:08.495+0000] {manager.py:878} INFO - 
================================================================================
DAG File Processing Stats

File Path                                     PID    Runtime      # DAGs    # Errors  Last Runtime    Last Run
--------------------------------------------  -----  ---------  --------  ----------  --------------  -------------------
/opt/airflow/dags/kpi_hourly_dag.py                                    1           0  0.12s           2026-08-21T10:38:45
/opt/airflow/dags/cell_kpi_hourly_anomaly.py                           1           0  0.09s           2026-08-21T10:39:00
================================================================================
[2026-08-21T10:39:38.719+0000] {manager.py:878} INFO - 
================================================================================
DAG File Processing Stats

File Path                                     PID    Runtime      # DAGs    # Errors  Last Runtime    Last Run
--------------------------------------------  -----  ---------  --------  ----------  --------------  -------------------
/opt/airflow/dags/kpi_hourly_dag.py                                    1           0  0.12s           2026-08-21T10:39:15
/opt/airflow/dags/cell_kpi_hourly_anomaly.py                           1           0  0.10s           2026-08-21T10:39:30
================================================================================
[2026-08-21T10:40:08.942+0000] {manager.py:878} INFO - 
================================================================================
DAG File Processing Stats

File Path                                     PID    Runtime      # DAGs    # Errors  Last Runtime    Last Run
--------------------------------------------  -----  ---------  --------  ----------  --------------  -------------------
/opt/airflow/dags/kpi_hourly_dag.py                                    1           0  0.12s           2026-08-21T10:39:45
/opt/airflow/dags/cell_kpi_hourly_anomaly.py                           1           0  0.10s           2026-08-21T10:40:00
================================================================================
[2026-08-21T10:40:13.959+0000] {manager.py:737} INFO - Searching for files in /opt/airflow/dags
[2026-08-21T10:40:13.961+0000] {manager.py:740} INFO - There are 2 files in /opt/airflow/dags
[2026-08-21T10:40:39.073+0000] {manager.py:878} INFO - 
================================================================================
DAG File Processing Stats

File Path                                     PID    Runtime      # DAGs    # Errors  Last Runtime    Last Run
--------------------------------------------  -----  ---------  --------  ----------  --------------  -------------------
/opt/airflow/dags/kpi_hourly_dag.py                                    1           0  0.13s           2026-08-21T10:40:16
/opt/airflow/dags/cell_kpi_hourly_anomaly.py                           1           0  0.10s           2026-08-21T10:40:31
================================================================================
[2026-08-21T10:41:09.264+0000] {manager.py:878} INFO - 
================================================================================
DAG File Processing Stats

File Path                                     PID    Runtime      # DAGs    # Errors  Last Runtime    Last Run
--------------------------------------------  -----  ---------  --------  ----------  --------------  -------------------
/opt/airflow/dags/kpi_hourly_dag.py                                    1           0  0.12s           2026-08-21T10:40:46
/opt/airflow/dags/cell_kpi_hourly_anomaly.py                           1           0  0.09s           2026-08-21T10:41:01
================================================================================
[2026-08-21T10:41:39.452+0000] {manager.py:878} INFO - 
================================================================================
DAG File Processing Stats

File Path                                     PID    Runtime      # DAGs    # Errors  Last Runtime    Last Run
--------------------------------------------  -----  ---------  --------  ----------  --------------  -------------------
/opt/airflow/dags/kpi_hourly_dag.py                                    1           0  0.11s           2026-08-21T10:41:16
/opt/airflow/dags/cell_kpi_hourly_anomaly.py                           1           0  0.09s           2026-08-21T10:41:31
================================================================================
[2026-08-21T10:42:09.648+0000] {manager.py:878} INFO - 
================================================================================
DAG File Processing Stats

File Path                                     PID    Runtime      # DAGs    # Errors  Last Runtime    Last Run
--------------------------------------------  -----  ---------  --------  ----------  --------------  -------------------
/opt/airflow/dags/kpi_hourly_dag.py                                    1           0  0.11s           2026-08-21T10:41:46
/opt/airflow/dags/cell_kpi_hourly_anomaly.py                           1           0  0.10s           2026-08-21T10:42:01
================================================================================
[2026-08-21T10:42:39.900+0000] {manager.py:878} INFO - 
================================================================================
DAG File Processing Stats

File Path                                     PID    Runtime      # DAGs    # Errors  Last Runtime    Last Run
--------------------------------------------  -----  ---------  --------  ----------  --------------  -------------------
/opt/airflow/dags/kpi_hourly_dag.py                                    1           0  0.13s           2026-08-21T10:42:16
/opt/airflow/dags/cell_kpi_hourly_anomaly.py                           1           0  0.09s           2026-08-21T10:42:31
================================================================================
[2026-08-21T10:43:10.120+0000] {manager.py:878} INFO - 
================================================================================
DAG File Processing Stats

File Path                                     PID    Runtime      # DAGs    # Errors  Last Runtime    Last Run
--------------------------------------------  -----  ---------  --------  ----------  --------------  -------------------
/opt/airflow/dags/kpi_hourly_dag.py                                    1           0  0.16s           2026-08-21T10:42:47
/opt/airflow/dags/cell_kpi_hourly_anomaly.py                           1           0  0.12s           2026-08-21T10:43:02
================================================================================
[2026-08-21T10:43:40.545+0000] {manager.py:878} INFO - 
================================================================================
DAG File Processing Stats

File Path                                     PID    Runtime      # DAGs    # Errors  Last Runtime    Last Run
--------------------------------------------  -----  ---------  --------  ----------  --------------  -------------------
/opt/airflow/dags/kpi_hourly_dag.py                                    1           0  0.22s           2026-08-21T10:43:17
/opt/airflow/dags/cell_kpi_hourly_anomaly.py                           1           0  0.20s           2026-08-21T10:43:32
================================================================================
[2026-08-21T10:44:10.891+0000] {manager.py:878} INFO - 
================================================================================
DAG File Processing Stats

File Path                                     PID    Runtime      # DAGs    # Errors  Last Runtime    Last Run
--------------------------------------------  -----  ---------  --------  ----------  --------------  -------------------
/opt/airflow/dags/kpi_hourly_dag.py                                    1           0  0.68s           2026-08-21T10:43:48
/opt/airflow/dags/cell_kpi_hourly_anomaly.py                           1           0  0.14s           2026-08-21T10:44:02
================================================================================
[2026-08-21T10:44:41.233+0000] {manager.py:878} INFO - 
================================================================================
DAG File Processing Stats

File Path                                     PID    Runtime      # DAGs    # Errors  Last Runtime    Last Run
--------------------------------------------  -----  ---------  --------  ----------  --------------  -------------------
/opt/airflow/dags/kpi_hourly_dag.py                                    1           0  0.28s           2026-08-21T10:44:19
/opt/airflow/dags/cell_kpi_hourly_anomaly.py                           1           0  0.14s           2026-08-21T10:44:33
================================================================================
[2026-08-21T10:45:11.613+0000] {manager.py:878} INFO - 
================================================================================
DAG File Processing Stats

File Path                                     PID    Runtime      # DAGs    # Errors  Last Runtime    Last Run
--------------------------------------------  -----  ---------  --------  ----------  --------------  -------------------
/opt/airflow/dags/cell_kpi_hourly_anomaly.py                           1           0  0.35s           2026-08-21T10:45:03
/opt/airflow/dags/kpi_hourly_dag.py                                    1           0  0.18s           2026-08-21T10:44:49
================================================================================
[2026-08-21T10:45:14.630+0000] {manager.py:737} INFO - Searching for files in /opt/airflow/dags
[2026-08-21T10:45:14.636+0000] {manager.py:740} INFO - There are 2 files in /opt/airflow/dags
[2026-08-21T10:45:42.021+0000] {manager.py:878} INFO - 
================================================================================
DAG File Processing Stats

File Path                                     PID    Runtime      # DAGs    # Errors  Last Runtime    Last Run
--------------------------------------------  -----  ---------  --------  ----------  --------------  -------------------
/opt/airflow/dags/kpi_hourly_dag.py                                    1           0  0.21s           2026-08-21T10:45:19
/opt/airflow/dags/cell_kpi_hourly_anomaly.py                           1           0  0.09s           2026-08-21T10:45:34
================================================================================
[2026-08-21T10:46:12.231+0000] {manager.py:878} INFO - 
================================================================================
DAG File Processing Stats

File Path                                     PID    Runtime      # DAGs    # Errors  Last Runtime    Last Run
--------------------------------------------  -----  ---------  --------  ----------  --------------  -------------------
/opt/airflow/dags/kpi_hourly_dag.py                                    1           0  0.12s           2026-08-21T10:45:50
/opt/airflow/dags/cell_kpi_hourly_anomaly.py                           1           0  0.09s           2026-08-21T10:46:04
================================================================================
[2026-08-21T10:46:42.454+0000] {manager.py:878} INFO - 
================================================================================
DAG File Processing Stats

File Path                                     PID    Runtime      # DAGs    # Errors  Last Runtime    Last Run
--------------------------------------------  -----  ---------  --------  ----------  --------------  -------------------
/opt/airflow/dags/kpi_hourly_dag.py                                    1           0  0.12s           2026-08-21T10:46:20
/opt/airflow/dags/cell_kpi_hourly_anomaly.py                           1           0  0.10s           2026-08-21T10:46:34
================================================================================
[2026-08-21T10:47:12.576+0000] {manager.py:878} INFO - 
================================================================================
DAG File Processing Stats

File Path                                     PID    Runtime      # DAGs    # Errors  Last Runtime    Last Run
--------------------------------------------  -----  ---------  --------  ----------  --------------  -------------------
/opt/airflow/dags/kpi_hourly_dag.py                                    1           0  0.11s           2026-08-21T10:46:50
/opt/airflow/dags/cell_kpi_hourly_anomaly.py                           1           0  0.09s           2026-08-21T10:47:04
================================================================================
[2026-08-21T10:47:42.793+0000] {manager.py:878} INFO - 
================================================================================
DAG File Processing Stats

File Path                                     PID    Runtime      # DAGs    # Errors  Last Runtime    Last Run
--------------------------------------------  -----  ---------  --------  ----------  --------------  -------------------
/opt/airflow/dags/kpi_hourly_dag.py                                    1           0  0.12s           2026-08-21T10:47:20
/opt/airflow/dags/cell_kpi_hourly_anomaly.py                           1           0  0.09s           2026-08-21T10:47:34
================================================================================
[2026-08-21T10:48:13.022+0000] {manager.py:878} INFO - 
================================================================================
DAG File Processing Stats

File Path                                     PID    Runtime      # DAGs    # Errors  Last Runtime    Last Run
--------------------------------------------  -----  ---------  --------  ----------  --------------  -------------------
/opt/airflow/dags/kpi_hourly_dag.py                                    1           0  0.13s           2026-08-21T10:47:50
/opt/airflow/dags/cell_kpi_hourly_anomaly.py                           1           0  0.10s           2026-08-21T10:48:05
================================================================================
[2026-08-21T10:48:43.139+0000] {manager.py:878} INFO - 
================================================================================
DAG File Processing Stats

File Path                                     PID    Runtime      # DAGs    # Errors  Last Runtime    Last Run
--------------------------------------------  -----  ---------  --------  ----------  --------------  -------------------
/opt/airflow/dags/kpi_hourly_dag.py                                    1           0  0.12s           2026-08-21T10:48:21
/opt/airflow/dags/cell_kpi_hourly_anomaly.py                           1           0  0.09s           2026-08-21T10:48:35
================================================================================
[2026-08-21T10:49:13.330+0000] {manager.py:878} INFO - 
================================================================================
DAG File Processing Stats

File Path                                     PID    Runtime      # DAGs    # Errors  Last Runtime    Last Run
--------------------------------------------  -----  ---------  --------  ----------  --------------  -------------------
/opt/airflow/dags/kpi_hourly_dag.py                                    1           0  0.12s           2026-08-21T10:48:51
/opt/airflow/dags/cell_kpi_hourly_anomaly.py                           1           0  0.10s           2026-08-21T10:49:05
================================================================================
[2026-08-21T10:49:43.531+0000] {manager.py:878} INFO - 
================================================================================
DAG File Processing Stats

File Path                                     PID    Runtime      # DAGs    # Errors  Last Runtime    Last Run
--------------------------------------------  -----  ---------  --------  ----------  --------------  -------------------
/opt/airflow/dags/kpi_hourly_dag.py                                    1           0  0.12s           2026-08-21T10:49:21
/opt/airflow/dags/cell_kpi_hourly_anomaly.py                           1           0  0.10s           2026-08-21T10:49:35
================================================================================
[2026-08-21T10:50:13.733+0000] {manager.py:878} INFO - 
================================================================================
DAG File Processing Stats

File Path                                     PID    Runtime      # DAGs    # Errors  Last Runtime    Last Run
--------------------------------------------  -----  ---------  --------  ----------  --------------  -------------------
/opt/airflow/dags/kpi_hourly_dag.py                                    1           0  0.13s           2026-08-21T10:49:51
/opt/airflow/dags/cell_kpi_hourly_anomaly.py                           1           0  0.10s           2026-08-21T10:50:05
================================================================================
[2026-08-21T10:50:14.736+0000] {manager.py:737} INFO - Searching for files in /opt/airflow/dags
[2026-08-21T10:50:14.738+0000] {manager.py:740} INFO - There are 2 files in /opt/airflow/dags
[2026-08-21T10:50:44.038+0000] {manager.py:878} INFO - 
================================================================================
DAG File Processing Stats

File Path                                     PID    Runtime      # DAGs    # Errors  Last Runtime    Last Run
--------------------------------------------  -----  ---------  --------  ----------  --------------  -------------------
/opt/airflow/dags/cell_kpi_hourly_anomaly.py                           1           0  0.13s           2026-08-21T10:50:36
/opt/airflow/dags/kpi_hourly_dag.py                                    1           0  0.12s           2026-08-21T10:50:21
================================================================================
[2026-08-21T10:51:14.264+0000] {manager.py:878} INFO - 
================================================================================
DAG File Processing Stats

File Path                                     PID    Runtime      # DAGs    # Errors  Last Runtime    Last Run
--------------------------------------------  -----  ---------  --------  ----------  --------------  -------------------
/opt/airflow/dags/kpi_hourly_dag.py                                    1           0  0.13s           2026-08-21T10:50:52
/opt/airflow/dags/cell_kpi_hourly_anomaly.py                           1           0  0.12s           2026-08-21T10:51:06
================================================================================
[2026-08-21T10:51:44.484+0000] {manager.py:878} INFO - 
================================================================================
DAG File Processing Stats

File Path                                     PID    Runtime      # DAGs    # Errors  Last Runtime    Last Run
--------------------------------------------  -----  ---------  --------  ----------  --------------  -------------------
/opt/airflow/dags/cell_kpi_hourly_anomaly.py                           1           0  0.12s           2026-08-21T10:51:36
/opt/airflow/dags/kpi_hourly_dag.py                                    1           0  0.12s           2026-08-21T10:51:22
================================================================================
[2026-08-21T10:52:14.599+0000] {manager.py:878} INFO - 
================================================================================
DAG File Processing Stats

File Path                                     PID    Runtime      # DAGs    # Errors  Last Runtime    Last Run
--------------------------------------------  -----  ---------  --------  ----------  --------------  -------------------
/opt/airflow/dags/kpi_hourly_dag.py                                    1           0  0.12s           2026-08-21T10:51:52
/opt/airflow/dags/cell_kpi_hourly_anomaly.py                           1           0  0.10s           2026-08-21T10:52:06
================================================================================
[2026-08-21T10:52:44.795+0000] {manager.py:878} INFO - 
================================================================================
DAG File Processing Stats

File Path                                     PID    Runtime      # DAGs    # Errors  Last Runtime    Last Run
--------------------------------------------  -----  ---------  --------  ----------  --------------  -------------------
/opt/airflow/dags/kpi_hourly_dag.py                                    1           0  0.13s           2026-08-21T10:52:22
/opt/airflow/dags/cell_kpi_hourly_anomaly.py                           1           0  0.09s           2026-08-21T10:52:36
================================================================================
[2026-08-21T10:53:14.989+0000] {manager.py:878} INFO - 
================================================================================
DAG File Processing Stats

File Path                                     PID    Runtime      # DAGs    # Errors  Last Runtime    Last Run
--------------------------------------------  -----  ---------  --------  ----------  --------------  -------------------
/opt/airflow/dags/kpi_hourly_dag.py                                    1           0  0.12s           2026-08-21T10:52:53
/opt/airflow/dags/cell_kpi_hourly_anomaly.py                           1           0  0.10s           2026-08-21T10:53:07
================================================================================
[2026-08-21T10:53:45.188+0000] {manager.py:878} INFO - 
================================================================================
DAG File Processing Stats

File Path                                     PID    Runtime      # DAGs    # Errors  Last Runtime    Last Run
--------------------------------------------  -----  ---------  --------  ----------  --------------  -------------------
/opt/airflow/dags/kpi_hourly_dag.py                                    1           0  0.11s           2026-08-21T10:53:23
/opt/airflow/dags/cell_kpi_hourly_anomaly.py                           1           0  0.10s           2026-08-21T10:53:37
================================================================================
[2026-08-21T10:54:15.389+0000] {manager.py:878} INFO - 
================================================================================
DAG File Processing Stats

File Path                                     PID    Runtime      # DAGs    # Errors  Last Runtime    Last Run
--------------------------------------------  -----  ---------  --------  ----------  --------------  -------------------
/opt/airflow/dags/kpi_hourly_dag.py                                    1           0  0.11s           2026-08-21T10:53:53
/opt/airflow/dags/cell_kpi_hourly_anomaly.py                           1           0  0.09s           2026-08-21T10:54:07
================================================================================
[2026-08-21T10:54:45.585+0000] {manager.py:878} INFO - 
================================================================================
DAG File Processing Stats

File Path                                     PID    Runtime      # DAGs    # Errors  Last Runtime    Last Run
--------------------------------------------  -----  ---------  --------  ----------  --------------  -------------------
/opt/airflow/dags/kpi_hourly_dag.py                                    1           0  0.13s           2026-08-21T10:54:23
/opt/airflow/dags/cell_kpi_hourly_anomaly.py                           1           0  0.09s           2026-08-21T10:54:37
================================================================================
[2026-08-21T10:55:14.775+0000] {manager.py:737} INFO - Searching for files in /opt/airflow/dags
[2026-08-21T10:55:14.777+0000] {manager.py:740} INFO - There are 2 files in /opt/airflow/dags
[2026-08-21T10:55:15.787+0000] {manager.py:878} INFO - 
================================================================================
DAG File Processing Stats

File Path                                     PID    Runtime      # DAGs    # Errors  Last Runtime    Last Run
--------------------------------------------  -----  ---------  --------  ----------  --------------  -------------------
/opt/airflow/dags/kpi_hourly_dag.py                                    1           0  0.12s           2026-08-21T10:54:53
/opt/airflow/dags/cell_kpi_hourly_anomaly.py                           1           0  0.09s           2026-08-21T10:55:07
================================================================================
[2026-08-21T10:55:45.999+0000] {manager.py:878} INFO - 
================================================================================
DAG File Processing Stats

File Path                                     PID    Runtime      # DAGs    # Errors  Last Runtime    Last Run
--------------------------------------------  -----  ---------  --------  ----------  --------------  -------------------
/opt/airflow/dags/kpi_hourly_dag.py                                    1           0  0.12s           2026-08-21T10:55:23
/opt/airflow/dags/cell_kpi_hourly_anomaly.py                           1           0  0.10s           2026-08-21T10:55:38
================================================================================
[2026-08-21T10:56:16.228+0000] {manager.py:878} INFO - 
================================================================================
DAG File Processing Stats

File Path                                     PID    Runtime      # DAGs    # Errors  Last Runtime    Last Run
--------------------------------------------  -----  ---------  --------  ----------  --------------  -------------------
/opt/airflow/dags/kpi_hourly_dag.py                                    1           0  0.13s           2026-08-21T10:55:54
/opt/airflow/dags/cell_kpi_hourly_anomaly.py                           1           0  0.10s           2026-08-21T10:56:08
================================================================================
[2026-08-21T10:56:46.442+0000] {manager.py:878} INFO - 
================================================================================
DAG File Processing Stats

File Path                                     PID    Runtime      # DAGs    # Errors  Last Runtime    Last Run
--------------------------------------------  -----  ---------  --------  ----------  --------------  -------------------
/opt/airflow/dags/kpi_hourly_dag.py                                    1           0  0.12s           2026-08-21T10:56:24
/opt/airflow/dags/cell_kpi_hourly_anomaly.py                           1           0  0.09s           2026-08-21T10:56:38
================================================================================
[2026-08-21T10:57:16.651+0000] {manager.py:878} INFO - 
================================================================================
DAG File Processing Stats

File Path                                     PID    Runtime      # DAGs    # Errors  Last Runtime    Last Run
--------------------------------------------  -----  ---------  --------  ----------  --------------  -------------------
/opt/airflow/dags/kpi_hourly_dag.py                                    1           0  0.11s           2026-08-21T10:56:54
/opt/airflow/dags/cell_kpi_hourly_anomaly.py                           1           0  0.10s           2026-08-21T10:57:08
================================================================================
[2026-08-21T10:57:46.866+0000] {manager.py:878} INFO - 
================================================================================
DAG File Processing Stats

File Path                                     PID    Runtime      # DAGs    # Errors  Last Runtime    Last Run
--------------------------------------------  -----  ---------  --------  ----------  --------------  -------------------
/opt/airflow/dags/kpi_hourly_dag.py                                    1           0  0.12s           2026-08-21T10:57:24
/opt/airflow/dags/cell_kpi_hourly_anomaly.py                           1           0  0.12s           2026-08-21T10:57:44
================================================================================
[2026-08-21T10:58:17.280+0000] {manager.py:878} INFO - 
================================================================================
DAG File Processing Stats

File Path                                     PID    Runtime      # DAGs    # Errors  Last Runtime    Last Run
--------------------------------------------  -----  ---------  --------  ----------  --------------  -------------------
/opt/airflow/dags/kpi_hourly_dag.py                                    1           0  0.12s           2026-08-21T10:57:55
/opt/airflow/dags/cell_kpi_hourly_anomaly.py                           1           0  0.10s           2026-08-21T10:58:03
================================================================================
[2026-08-21T10:58:47.398+0000] {manager.py:878} INFO - 
================================================================================
DAG File Processing Stats

File Path                                     PID    Runtime      # DAGs    # Errors  Last Runtime    Last Run
--------------------------------------------  -----  ---------  --------  ----------  --------------  -------------------
/opt/airflow/dags/kpi_hourly_dag.py                                    1           0  0.12s           2026-08-21T10:58:25
/opt/airflow/dags/cell_kpi_hourly_anomaly.py                           1           0  0.10s           2026-08-21T10:58:33
================================================================================
[2026-08-21T10:59:17.699+0000] {manager.py:878} INFO - 
================================================================================
DAG File Processing Stats

File Path                                     PID    Runtime      # DAGs    # Errors  Last Runtime    Last Run
--------------------------------------------  -----  ---------  --------  ----------  --------------  -------------------
/opt/airflow/dags/cell_kpi_hourly_anomaly.py                           1           0  0.16s           2026-08-21T10:59:03
/opt/airflow/dags/kpi_hourly_dag.py                                    1           0  0.11s           2026-08-21T10:58:55
================================================================================
[2026-08-21T10:59:47.924+0000] {manager.py:878} INFO - 
================================================================================
DAG File Processing Stats

File Path                                     PID    Runtime      # DAGs    # Errors  Last Runtime    Last Run
--------------------------------------------  -----  ---------  --------  ----------  --------------  -------------------
/opt/airflow/dags/kpi_hourly_dag.py                                    1           0  0.12s           2026-08-21T10:59:25
/opt/airflow/dags/cell_kpi_hourly_anomaly.py                           1           0  0.10s           2026-08-21T10:59:33
================================================================================
[2026-08-21T11:00:15.029+0000] {manager.py:737} INFO - Searching for files in /opt/airflow/dags
[2026-08-21T11:00:15.031+0000] {manager.py:740} INFO - There are 2 files in /opt/airflow/dags
[2026-08-21T11:00:18.049+0000] {manager.py:878} INFO - 
================================================================================
DAG File Processing Stats

File Path                                     PID    Runtime      # DAGs    # Errors  Last Runtime    Last Run
--------------------------------------------  -----  ---------  --------  ----------  --------------  -------------------
/opt/airflow/dags/kpi_hourly_dag.py                                    1           0  0.12s           2026-08-21T10:59:56
/opt/airflow/dags/cell_kpi_hourly_anomaly.py                           1           0  0.10s           2026-08-21T11:00:04
================================================================================
[2026-08-21T11:00:48.266+0000] {manager.py:878} INFO - 
================================================================================
DAG File Processing Stats

File Path                                     PID    Runtime      # DAGs    # Errors  Last Runtime    Last Run
--------------------------------------------  -----  ---------  --------  ----------  --------------  -------------------
/opt/airflow/dags/kpi_hourly_dag.py                                    1           0  0.12s           2026-08-21T11:00:26
/opt/airflow/dags/cell_kpi_hourly_anomaly.py                           1           0  0.10s           2026-08-21T11:00:34
================================================================================
[2026-08-21T11:01:18.493+0000] {manager.py:878} INFO - 
================================================================================
DAG File Processing Stats

File Path                                     PID    Runtime      # DAGs    # Errors  Last Runtime    Last Run
--------------------------------------------  -----  ---------  --------  ----------  --------------  -------------------
/opt/airflow/dags/kpi_hourly_dag.py                                    1           0  0.12s           2026-08-21T11:00:56
/opt/airflow/dags/cell_kpi_hourly_anomaly.py                           1           0  0.10s           2026-08-21T11:01:04
================================================================================
[2026-08-21T11:01:48.618+0000] {manager.py:878} INFO - 
================================================================================
DAG File Processing Stats

File Path                                     PID    Runtime      # DAGs    # Errors  Last Runtime    Last Run
--------------------------------------------  -----  ---------  --------  ----------  --------------  -------------------
/opt/airflow/dags/kpi_hourly_dag.py                                    1           0  0.13s           2026-08-21T11:01:26
/opt/airflow/dags/cell_kpi_hourly_anomaly.py                           1           0  0.09s           2026-08-21T11:01:34
================================================================================
[2026-08-21T11:02:18.808+0000] {manager.py:878} INFO - 
================================================================================
DAG File Processing Stats

File Path                                     PID    Runtime      # DAGs    # Errors  Last Runtime    Last Run
--------------------------------------------  -----  ---------  --------  ----------  --------------  -------------------
/opt/airflow/dags/kpi_hourly_dag.py                                    1           0  0.12s           2026-08-21T11:01:56
/opt/airflow/dags/cell_kpi_hourly_anomaly.py                           1           0  0.12s           2026-08-21T11:02:04
================================================================================
[2026-08-21T11:02:49.018+0000] {manager.py:878} INFO - 
================================================================================
DAG File Processing Stats

File Path                                     PID    Runtime      # DAGs    # Errors  Last Runtime    Last Run
--------------------------------------------  -----  ---------  --------  ----------  --------------  -------------------
/opt/airflow/dags/kpi_hourly_dag.py                                    1           0  0.12s           2026-08-21T11:02:27
/opt/airflow/dags/cell_kpi_hourly_anomaly.py                           1           0  0.10s           2026-08-21T11:02:35
================================================================================
[2026-08-21T11:03:19.211+0000] {manager.py:878} INFO - 
================================================================================
DAG File Processing Stats

File Path                                     PID    Runtime      # DAGs    # Errors  Last Runtime    Last Run
--------------------------------------------  -----  ---------  --------  ----------  --------------  -------------------
/opt/airflow/dags/kpi_hourly_dag.py                                    1           0  0.13s           2026-08-21T11:02:57
/opt/airflow/dags/cell_kpi_hourly_anomaly.py                           1           0  0.09s           2026-08-21T11:03:05
================================================================================
[2026-08-21T11:03:49.409+0000] {manager.py:878} INFO - 
================================================================================
DAG File Processing Stats

File Path                                     PID    Runtime      # DAGs    # Errors  Last Runtime    Last Run
--------------------------------------------  -----  ---------  --------  ----------  --------------  -------------------
/opt/airflow/dags/kpi_hourly_dag.py                                    1           0  0.12s           2026-08-21T11:03:27
/opt/airflow/dags/cell_kpi_hourly_anomaly.py                           1           0  0.09s           2026-08-21T11:03:35
================================================================================
[2026-08-21T11:04:19.600+0000] {manager.py:878} INFO - 
================================================================================
DAG File Processing Stats

File Path                                     PID    Runtime      # DAGs    # Errors  Last Runtime    Last Run
--------------------------------------------  -----  ---------  --------  ----------  --------------  -------------------
/opt/airflow/dags/kpi_hourly_dag.py                                    1           0  0.12s           2026-08-21T11:03:57
/opt/airflow/dags/cell_kpi_hourly_anomaly.py                           1           0  0.09s           2026-08-21T11:04:05
================================================================================
[2026-08-21T11:04:49.795+0000] {manager.py:878} INFO - 
================================================================================
DAG File Processing Stats

File Path                                     PID    Runtime      # DAGs    # Errors  Last Runtime    Last Run
--------------------------------------------  -----  ---------  --------  ----------  --------------  -------------------
/opt/airflow/dags/kpi_hourly_dag.py                                    1           0  0.12s           2026-08-21T11:04:27
/opt/airflow/dags/cell_kpi_hourly_anomaly.py                           1           0  0.10s           2026-08-21T11:04:35
================================================================================
[2026-08-21T11:05:15.060+0000] {manager.py:737} INFO - Searching for files in /opt/airflow/dags
[2026-08-21T11:05:15.062+0000] {manager.py:740} INFO - There are 2 files in /opt/airflow/dags
[2026-08-21T11:05:19.991+0000] {manager.py:878} INFO - 
================================================================================
DAG File Processing Stats

File Path                                     PID    Runtime      # DAGs    # Errors  Last Runtime    Last Run
--------------------------------------------  -----  ---------  --------  ----------  --------------  -------------------
/opt/airflow/dags/kpi_hourly_dag.py                                    1           0  0.12s           2026-08-21T11:04:58
/opt/airflow/dags/cell_kpi_hourly_anomaly.py                           1           0  0.09s           2026-08-21T11:05:06
================================================================================
[2026-08-21T11:05:50.195+0000] {manager.py:878} INFO - 
================================================================================
DAG File Processing Stats

File Path                                     PID    Runtime      # DAGs    # Errors  Last Runtime    Last Run
--------------------------------------------  -----  ---------  --------  ----------  --------------  -------------------
/opt/airflow/dags/kpi_hourly_dag.py                                    1           0  0.12s           2026-08-21T11:05:28
/opt/airflow/dags/cell_kpi_hourly_anomaly.py                           1           0  0.09s           2026-08-21T11:05:36
================================================================================
[2026-08-21T11:06:20.383+0000] {manager.py:878} INFO - 
================================================================================
DAG File Processing Stats

File Path                                     PID    Runtime      # DAGs    # Errors  Last Runtime    Last Run
--------------------------------------------  -----  ---------  --------  ----------  --------------  -------------------
/opt/airflow/dags/kpi_hourly_dag.py                                    1           0  0.12s           2026-08-21T11:05:58
/opt/airflow/dags/cell_kpi_hourly_anomaly.py                           1           0  0.09s           2026-08-21T11:06:06
================================================================================
[2026-08-21T11:06:50.572+0000] {manager.py:878} INFO - 
================================================================================
DAG File Processing Stats

File Path                                     PID    Runtime      # DAGs    # Errors  Last Runtime    Last Run
--------------------------------------------  -----  ---------  --------  ----------  --------------  -------------------
/opt/airflow/dags/kpi_hourly_dag.py                                    1           0  0.12s           2026-08-21T11:06:28
/opt/airflow/dags/cell_kpi_hourly_anomaly.py                           1           0  0.09s           2026-08-21T11:06:36
================================================================================
[2026-08-21T11:07:20.759+0000] {manager.py:878} INFO - 
================================================================================
DAG File Processing Stats

File Path                                     PID    Runtime      # DAGs    # Errors  Last Runtime    Last Run
--------------------------------------------  -----  ---------  --------  ----------  --------------  -------------------
/opt/airflow/dags/kpi_hourly_dag.py                                    1           0  0.16s           2026-08-21T11:06:58
/opt/airflow/dags/cell_kpi_hourly_anomaly.py                           1           0  0.10s           2026-08-21T11:07:06
================================================================================
[2026-08-21T11:07:50.956+0000] {manager.py:878} INFO - 
================================================================================
DAG File Processing Stats

File Path                                     PID    Runtime      # DAGs    # Errors  Last Runtime    Last Run
--------------------------------------------  -----  ---------  --------  ----------  --------------  -------------------
/opt/airflow/dags/kpi_hourly_dag.py                                    1           0  0.13s           2026-08-21T11:07:28
/opt/airflow/dags/cell_kpi_hourly_anomaly.py                           1           0  0.10s           2026-08-21T11:07:37
================================================================================
[2026-08-21T11:08:21.151+0000] {manager.py:878} INFO - 
================================================================================
DAG File Processing Stats

File Path                                     PID    Runtime      # DAGs    # Errors  Last Runtime    Last Run
--------------------------------------------  -----  ---------  --------  ----------  --------------  -------------------
/opt/airflow/dags/kpi_hourly_dag.py                                    1           0  0.12s           2026-08-21T11:07:59
/opt/airflow/dags/cell_kpi_hourly_anomaly.py                           1           0  0.10s           2026-08-21T11:08:07
================================================================================
[2026-08-21T11:08:51.352+0000] {manager.py:878} INFO - 
================================================================================
DAG File Processing Stats

File Path                                     PID    Runtime      # DAGs    # Errors  Last Runtime    Last Run
--------------------------------------------  -----  ---------  --------  ----------  --------------  -------------------
/opt/airflow/dags/kpi_hourly_dag.py                                    1           0  0.12s           2026-08-21T11:08:29
/opt/airflow/dags/cell_kpi_hourly_anomaly.py                           1           0  0.10s           2026-08-21T11:08:37
================================================================================
[2026-08-21T11:09:21.549+0000] {manager.py:878} INFO - 
================================================================================
DAG File Processing Stats

File Path                                     PID    Runtime      # DAGs    # Errors  Last Runtime    Last Run
--------------------------------------------  -----  ---------  --------  ----------  --------------  -------------------
/opt/airflow/dags/kpi_hourly_dag.py                                    1           0  0.12s           2026-08-21T11:08:59
/opt/airflow/dags/cell_kpi_hourly_anomaly.py                           1           0  0.10s           2026-08-21T11:09:07
================================================================================
[2026-08-21T11:09:51.745+0000] {manager.py:878} INFO - 
================================================================================
DAG File Processing Stats

File Path                                     PID    Runtime      # DAGs    # Errors  Last Runtime    Last Run
--------------------------------------------  -----  ---------  --------  ----------  --------------  -------------------
/opt/airflow/dags/kpi_hourly_dag.py                                    1           0  0.11s           2026-08-21T11:09:29
/opt/airflow/dags/cell_kpi_hourly_anomaly.py                           1           0  0.09s           2026-08-21T11:09:37
================================================================================
[2026-08-21T11:10:15.936+0000] {manager.py:737} INFO - Searching for files in /opt/airflow/dags
[2026-08-21T11:10:15.938+0000] {manager.py:740} INFO - There are 2 files in /opt/airflow/dags
[2026-08-21T11:10:21.963+0000] {manager.py:878} INFO - 
================================================================================
DAG File Processing Stats

File Path                                     PID    Runtime      # DAGs    # Errors  Last Runtime    Last Run
--------------------------------------------  -----  ---------  --------  ----------  --------------  -------------------
/opt/airflow/dags/kpi_hourly_dag.py                                    1           0  0.11s           2026-08-21T11:09:59
/opt/airflow/dags/cell_kpi_hourly_anomaly.py                           1           0  0.11s           2026-08-21T11:10:07
================================================================================
[2026-08-21T11:10:52.208+0000] {manager.py:878} INFO - 
================================================================================
DAG File Processing Stats

File Path                                     PID    Runtime      # DAGs    # Errors  Last Runtime    Last Run
--------------------------------------------  -----  ---------  --------  ----------  --------------  -------------------
/opt/airflow/dags/kpi_hourly_dag.py                                    1           0  0.14s           2026-08-21T11:10:30
/opt/airflow/dags/cell_kpi_hourly_anomaly.py                           1           0  0.10s           2026-08-21T11:10:38
================================================================================
[2026-08-21T11:11:22.332+0000] {manager.py:878} INFO - 
================================================================================
DAG File Processing Stats

File Path                                     PID    Runtime      # DAGs    # Errors  Last Runtime    Last Run
--------------------------------------------  -----  ---------  --------  ----------  --------------  -------------------
/opt/airflow/dags/kpi_hourly_dag.py                                    1           0  0.12s           2026-08-21T11:11:00
/opt/airflow/dags/cell_kpi_hourly_anomaly.py                           1           0  0.10s           2026-08-21T11:11:08
================================================================================
[2026-08-21T11:11:52.529+0000] {manager.py:878} INFO - 
================================================================================
DAG File Processing Stats

File Path                                     PID    Runtime      # DAGs    # Errors  Last Runtime    Last Run
--------------------------------------------  -----  ---------  --------  ----------  --------------  -------------------
/opt/airflow/dags/kpi_hourly_dag.py                                    1           0  0.13s           2026-08-21T11:11:30
/opt/airflow/dags/cell_kpi_hourly_anomaly.py                           1           0  0.10s           2026-08-21T11:11:38
================================================================================
[2026-08-21T11:12:22.716+0000] {manager.py:878} INFO - 
================================================================================
DAG File Processing Stats

File Path                                     PID    Runtime      # DAGs    # Errors  Last Runtime    Last Run
--------------------------------------------  -----  ---------  --------  ----------  --------------  -------------------
/opt/airflow/dags/kpi_hourly_dag.py                                    1           0  0.11s           2026-08-21T11:12:00
/opt/airflow/dags/cell_kpi_hourly_anomaly.py                           1           0  0.10s           2026-08-21T11:12:08
================================================================================
[2026-08-21T11:12:52.911+0000] {manager.py:878} INFO - 
================================================================================
DAG File Processing Stats

File Path                                     PID    Runtime      # DAGs    # Errors  Last Runtime    Last Run
--------------------------------------------  -----  ---------  --------  ----------  --------------  -------------------
/opt/airflow/dags/kpi_hourly_dag.py                                    1           0  0.12s           2026-08-21T11:12:30
/opt/airflow/dags/cell_kpi_hourly_anomaly.py                           1           0  0.10s           2026-08-21T11:12:38
================================================================================
[2026-08-21T11:13:23.102+0000] {manager.py:878} INFO - 
================================================================================
DAG File Processing Stats

File Path                                     PID    Runtime      # DAGs    # Errors  Last Runtime    Last Run
--------------------------------------------  -----  ---------  --------  ----------  --------------  -------------------
/opt/airflow/dags/kpi_hourly_dag.py                                    1           0  0.14s           2026-08-21T11:13:01
/opt/airflow/dags/cell_kpi_hourly_anomaly.py                           1           0  0.10s           2026-08-21T11:13:09
================================================================================
[2026-08-21T11:13:53.294+0000] {manager.py:878} INFO - 
================================================================================
DAG File Processing Stats

File Path                                     PID    Runtime      # DAGs    # Errors  Last Runtime    Last Run
--------------------------------------------  -----  ---------  --------  ----------  --------------  -------------------
/opt/airflow/dags/kpi_hourly_dag.py                                    1           0  0.12s           2026-08-21T11:13:31
/opt/airflow/dags/cell_kpi_hourly_anomaly.py                           1           0  0.10s           2026-08-21T11:13:39
================================================================================
[2026-08-21T11:14:23.492+0000] {manager.py:878} INFO - 
================================================================================
DAG File Processing Stats

File Path                                     PID    Runtime      # DAGs    # Errors  Last Runtime    Last Run
--------------------------------------------  -----  ---------  --------  ----------  --------------  -------------------
/opt/airflow/dags/kpi_hourly_dag.py                                    1           0  0.12s           2026-08-21T11:14:01
/opt/airflow/dags/cell_kpi_hourly_anomaly.py                           1           0  0.10s           2026-08-21T11:14:09
================================================================================
[2026-08-21T11:14:53.686+0000] {manager.py:878} INFO - 
================================================================================
DAG File Processing Stats

File Path                                     PID    Runtime      # DAGs    # Errors  Last Runtime    Last Run
--------------------------------------------  -----  ---------  --------  ----------  --------------  -------------------
/opt/airflow/dags/kpi_hourly_dag.py                                    1           0  0.12s           2026-08-21T11:14:31
/opt/airflow/dags/cell_kpi_hourly_anomaly.py                           1           0  0.10s           2026-08-21T11:14:39
================================================================================
[2026-08-21T11:15:15.942+0000] {manager.py:737} INFO - Searching for files in /opt/airflow/dags
[2026-08-21T11:15:15.944+0000] {manager.py:740} INFO - There are 2 files in /opt/airflow/dags
[2026-08-21T11:15:23.882+0000] {manager.py:878} INFO - 
================================================================================
DAG File Processing Stats

File Path                                     PID    Runtime      # DAGs    # Errors  Last Runtime    Last Run
--------------------------------------------  -----  ---------  --------  ----------  --------------  -------------------
/opt/airflow/dags/kpi_hourly_dag.py                                    1           0  0.12s           2026-08-21T11:15:01
/opt/airflow/dags/cell_kpi_hourly_anomaly.py                           1           0  0.09s           2026-08-21T11:15:09
================================================================================
[2026-08-21T11:15:54.086+0000] {manager.py:878} INFO - 
================================================================================
DAG File Processing Stats

File Path                                     PID    Runtime      # DAGs    # Errors  Last Runtime    Last Run
--------------------------------------------  -----  ---------  --------  ----------  --------------  -------------------
/opt/airflow/dags/kpi_hourly_dag.py                                    1           0  0.12s           2026-08-21T11:15:32
/opt/airflow/dags/cell_kpi_hourly_anomaly.py                           1           0  0.10s           2026-08-21T11:15:40
================================================================================
[2026-08-21T11:16:24.273+0000] {manager.py:878} INFO - 
================================================================================
DAG File Processing Stats

File Path                                     PID    Runtime      # DAGs    # Errors  Last Runtime    Last Run
--------------------------------------------  -----  ---------  --------  ----------  --------------  -------------------
/opt/airflow/dags/kpi_hourly_dag.py                                    1           0  0.12s           2026-08-21T11:16:02
/opt/airflow/dags/cell_kpi_hourly_anomaly.py                           1           0  0.10s           2026-08-21T11:16:10
================================================================================
[2026-08-21T11:16:54.475+0000] {manager.py:878} INFO - 
================================================================================
DAG File Processing Stats

File Path                                     PID    Runtime      # DAGs    # Errors  Last Runtime    Last Run
--------------------------------------------  -----  ---------  --------  ----------  --------------  -------------------
/opt/airflow/dags/kpi_hourly_dag.py                                    1           0  0.12s           2026-08-21T11:16:32
/opt/airflow/dags/cell_kpi_hourly_anomaly.py                           1           0  0.10s           2026-08-21T11:16:40
================================================================================
[2026-08-21T11:17:24.674+0000] {manager.py:878} INFO - 
================================================================================
DAG File Processing Stats

File Path                                     PID    Runtime      # DAGs    # Errors  Last Runtime    Last Run
--------------------------------------------  -----  ---------  --------  ----------  --------------  -------------------
/opt/airflow/dags/kpi_hourly_dag.py                                    1           0  0.12s           2026-08-21T11:17:02
/opt/airflow/dags/cell_kpi_hourly_anomaly.py                           1           0  0.10s           2026-08-21T11:17:10
================================================================================
[2026-08-21T11:17:54.987+0000] {manager.py:878} INFO - 
================================================================================
DAG File Processing Stats

File Path                                     PID    Runtime      # DAGs    # Errors  Last Runtime    Last Run
--------------------------------------------  -----  ---------  --------  ----------  --------------  -------------------
/opt/airflow/dags/cell_kpi_hourly_anomaly.py                           1           0  0.13s           2026-08-21T11:17:40
/opt/airflow/dags/kpi_hourly_dag.py                                    1           0  0.12s           2026-08-21T11:17:32
================================================================================
[2026-08-21T11:18:25.109+0000] {manager.py:878} INFO - 
================================================================================
DAG File Processing Stats

File Path                                     PID    Runtime      # DAGs    # Errors  Last Runtime    Last Run
--------------------------------------------  -----  ---------  --------  ----------  --------------  -------------------
/opt/airflow/dags/kpi_hourly_dag.py                                    1           0  0.13s           2026-08-21T11:18:03
/opt/airflow/dags/cell_kpi_hourly_anomaly.py                           1           0  0.10s           2026-08-21T11:18:11
================================================================================
[2026-08-21T11:18:55.306+0000] {manager.py:878} INFO - 
================================================================================
DAG File Processing Stats

File Path                                     PID    Runtime      # DAGs    # Errors  Last Runtime    Last Run
--------------------------------------------  -----  ---------  --------  ----------  --------------  -------------------
/opt/airflow/dags/kpi_hourly_dag.py                                    1           0  0.14s           2026-08-21T11:18:33
/opt/airflow/dags/cell_kpi_hourly_anomaly.py                           1           0  0.10s           2026-08-21T11:18:41
================================================================================
[2026-08-21T11:19:25.503+0000] {manager.py:878} INFO - 
================================================================================
DAG File Processing Stats

File Path                                     PID    Runtime      # DAGs    # Errors  Last Runtime    Last Run
--------------------------------------------  -----  ---------  --------  ----------  --------------  -------------------
/opt/airflow/dags/kpi_hourly_dag.py                                    1           0  0.12s           2026-08-21T11:19:03
/opt/airflow/dags/cell_kpi_hourly_anomaly.py                           1           0  0.10s           2026-08-21T11:19:11
================================================================================
[2026-08-21T11:19:55.694+0000] {manager.py:878} INFO - 
================================================================================
DAG File Processing Stats

File Path                                     PID    Runtime      # DAGs    # Errors  Last Runtime    Last Run
--------------------------------------------  -----  ---------  --------  ----------  --------------  -------------------
/opt/airflow/dags/kpi_hourly_dag.py                                    1           0  0.14s           2026-08-21T11:19:33
/opt/airflow/dags/cell_kpi_hourly_anomaly.py                           1           0  0.10s           2026-08-21T11:19:41
================================================================================
[2026-08-21T11:20:15.954+0000] {manager.py:737} INFO - Searching for files in /opt/airflow/dags
[2026-08-21T11:20:15.955+0000] {manager.py:740} INFO - There are 2 files in /opt/airflow/dags
[2026-08-21T11:20:25.886+0000] {manager.py:878} INFO - 
================================================================================
DAG File Processing Stats

File Path                                     PID    Runtime      # DAGs    # Errors  Last Runtime    Last Run
--------------------------------------------  -----  ---------  --------  ----------  --------------  -------------------
/opt/airflow/dags/kpi_hourly_dag.py                                    1           0  0.13s           2026-08-21T11:20:03
/opt/airflow/dags/cell_kpi_hourly_anomaly.py                           1           0  0.11s           2026-08-21T11:20:11
================================================================================
[2026-08-21T11:20:56.097+0000] {manager.py:878} INFO - 
================================================================================
DAG File Processing Stats

File Path                                     PID    Runtime      # DAGs    # Errors  Last Runtime    Last Run
--------------------------------------------  -----  ---------  --------  ----------  --------------  -------------------
/opt/airflow/dags/kpi_hourly_dag.py                                    1           0  0.12s           2026-08-21T11:20:34
/opt/airflow/dags/cell_kpi_hourly_anomaly.py                           1           0  0.10s           2026-08-21T11:20:42
================================================================================
[2026-08-21T11:21:26.291+0000] {manager.py:878} INFO - 
================================================================================
DAG File Processing Stats

File Path                                     PID    Runtime      # DAGs    # Errors  Last Runtime    Last Run
--------------------------------------------  -----  ---------  --------  ----------  --------------  -------------------
/opt/airflow/dags/kpi_hourly_dag.py                                    1           0  0.12s           2026-08-21T11:21:04
/opt/airflow/dags/cell_kpi_hourly_anomaly.py                           1           0  0.10s           2026-08-21T11:21:12
================================================================================
[2026-08-21T11:21:56.489+0000] {manager.py:878} INFO - 
================================================================================
DAG File Processing Stats

File Path                                     PID    Runtime      # DAGs    # Errors  Last Runtime    Last Run
--------------------------------------------  -----  ---------  --------  ----------  --------------  -------------------
/opt/airflow/dags/kpi_hourly_dag.py                                    1           0  0.14s           2026-08-21T11:21:34
/opt/airflow/dags/cell_kpi_hourly_anomaly.py                           1           0  0.11s           2026-08-21T11:21:42
================================================================================
[2026-08-21T11:22:26.699+0000] {manager.py:878} INFO - 
================================================================================
DAG File Processing Stats

File Path                                     PID    Runtime      # DAGs    # Errors  Last Runtime    Last Run
--------------------------------------------  -----  ---------  --------  ----------  --------------  -------------------
/opt/airflow/dags/kpi_hourly_dag.py                                    1           0  0.14s           2026-08-21T11:22:04
/opt/airflow/dags/cell_kpi_hourly_anomaly.py                           1           0  0.11s           2026-08-21T11:22:12
================================================================================
[2026-08-21T11:22:57.001+0000] {manager.py:878} INFO - 
================================================================================
DAG File Processing Stats

File Path                                     PID    Runtime      # DAGs    # Errors  Last Runtime    Last Run
--------------------------------------------  -----  ---------  --------  ----------  --------------  -------------------
/opt/airflow/dags/kpi_hourly_dag.py                                    1           0  0.12s           2026-08-21T11:22:34
/opt/airflow/dags/cell_kpi_hourly_anomaly.py                           1           0  0.11s           2026-08-21T11:22:42
================================================================================
[2026-08-21T11:23:27.120+0000] {manager.py:878} INFO - 
================================================================================
DAG File Processing Stats

File Path                                     PID    Runtime      # DAGs    # Errors  Last Runtime    Last Run
--------------------------------------------  -----  ---------  --------  ----------  --------------  -------------------
/opt/airflow/dags/kpi_hourly_dag.py                                    1           0  0.12s           2026-08-21T11:23:05
/opt/airflow/dags/cell_kpi_hourly_anomaly.py                           1           0  0.11s           2026-08-21T11:23:13
================================================================================
[2026-08-21T11:23:57.320+0000] {manager.py:878} INFO - 
================================================================================
DAG File Processing Stats

File Path                                     PID    Runtime      # DAGs    # Errors  Last Runtime    Last Run
--------------------------------------------  -----  ---------  --------  ----------  --------------  -------------------
/opt/airflow/dags/kpi_hourly_dag.py                                    1           0  0.12s           2026-08-21T11:23:35
/opt/airflow/dags/cell_kpi_hourly_anomaly.py                           1           0  0.11s           2026-08-21T11:23:43
================================================================================
[2026-08-21T11:24:27.528+0000] {manager.py:878} INFO - 
================================================================================
DAG File Processing Stats

File Path                                     PID    Runtime      # DAGs    # Errors  Last Runtime    Last Run
--------------------------------------------  -----  ---------  --------  ----------  --------------  -------------------
/opt/airflow/dags/kpi_hourly_dag.py                                    1           0  0.12s           2026-08-21T11:24:05
/opt/airflow/dags/cell_kpi_hourly_anomaly.py                           1           0  0.10s           2026-08-21T11:24:13
================================================================================
[2026-08-21T11:24:57.732+0000] {manager.py:878} INFO - 
================================================================================
DAG File Processing Stats

File Path                                     PID    Runtime      # DAGs    # Errors  Last Runtime    Last Run
--------------------------------------------  -----  ---------  --------  ----------  --------------  -------------------
/opt/airflow/dags/kpi_hourly_dag.py                                    1           0  0.13s           2026-08-21T11:24:35
/opt/airflow/dags/cell_kpi_hourly_anomaly.py                           1           0  0.12s           2026-08-21T11:24:43
================================================================================
[2026-08-21T11:25:16.002+0000] {manager.py:737} INFO - Searching for files in /opt/airflow/dags
[2026-08-21T11:25:16.003+0000] {manager.py:740} INFO - There are 2 files in /opt/airflow/dags
[2026-08-21T11:25:27.944+0000] {manager.py:878} INFO - 
================================================================================
DAG File Processing Stats

File Path                                     PID    Runtime      # DAGs    # Errors  Last Runtime    Last Run
--------------------------------------------  -----  ---------  --------  ----------  --------------  -------------------
/opt/airflow/dags/kpi_hourly_dag.py                                    1           0  0.12s           2026-08-21T11:25:05
/opt/airflow/dags/cell_kpi_hourly_anomaly.py                           1           0  0.10s           2026-08-21T11:25:13
================================================================================
[2026-08-21T11:25:58.154+0000] {manager.py:878} INFO - 
================================================================================
DAG File Processing Stats

File Path                                     PID    Runtime      # DAGs    # Errors  Last Runtime    Last Run
--------------------------------------------  -----  ---------  --------  ----------  --------------  -------------------
/opt/airflow/dags/kpi_hourly_dag.py                                    1           0  0.11s           2026-08-21T11:25:36
/opt/airflow/dags/cell_kpi_hourly_anomaly.py                           1           0  0.10s           2026-08-21T11:25:44
================================================================================
[2026-08-21T11:26:28.348+0000] {manager.py:878} INFO - 
================================================================================
DAG File Processing Stats

File Path                                     PID    Runtime      # DAGs    # Errors  Last Runtime    Last Run
--------------------------------------------  -----  ---------  --------  ----------  --------------  -------------------
/opt/airflow/dags/kpi_hourly_dag.py                                    1           0  0.11s           2026-08-21T11:26:06
/opt/airflow/dags/cell_kpi_hourly_anomaly.py                           1           0  0.10s           2026-08-21T11:26:14
================================================================================
[2026-08-21T11:26:58.542+0000] {manager.py:878} INFO - 
================================================================================
DAG File Processing Stats

File Path                                     PID    Runtime      # DAGs    # Errors  Last Runtime    Last Run
--------------------------------------------  -----  ---------  --------  ----------  --------------  -------------------
/opt/airflow/dags/kpi_hourly_dag.py                                    1           0  0.12s           2026-08-21T11:26:36
/opt/airflow/dags/cell_kpi_hourly_anomaly.py                           1           0  0.10s           2026-08-21T11:26:44
================================================================================
[2026-08-21T11:27:28.729+0000] {manager.py:878} INFO - 
================================================================================
DAG File Processing Stats

File Path                                     PID    Runtime      # DAGs    # Errors  Last Runtime    Last Run
--------------------------------------------  -----  ---------  --------  ----------  --------------  -------------------
/opt/airflow/dags/kpi_hourly_dag.py                                    1           0  0.12s           2026-08-21T11:27:06
/opt/airflow/dags/cell_kpi_hourly_anomaly.py                           1           0  0.09s           2026-08-21T11:27:14
================================================================================
