[2026-08-21T03:27:53.877+0000] {local_task_job_runner.py:120} INFO - ::group::Pre task execution logs
[2026-08-21T03:27:53.894+0000] {taskinstance.py:2076} INFO - Dependencies all met for dep_context=non-requeueable deps ti=<TaskInstance: cell_kpi_hourly_anomaly_pipeline.1_ingest_hourly_bronze scheduled__2025-05-31T18:00:00+00:00 [queued]>
[2026-08-21T03:27:53.900+0000] {taskinstance.py:2076} INFO - Dependencies all met for dep_context=requeueable deps ti=<TaskInstance: cell_kpi_hourly_anomaly_pipeline.1_ingest_hourly_bronze scheduled__2025-05-31T18:00:00+00:00 [queued]>
[2026-08-21T03:27:53.900+0000] {taskinstance.py:2306} INFO - Starting attempt 1 of 2
[2026-08-21T03:27:53.912+0000] {taskinstance.py:2330} INFO - Executing <Task(SparkSubmitOperator): 1_ingest_hourly_bronze> on 2025-05-31 18:00:00+00:00
[2026-08-21T03:27:53.919+0000] {standard_task_runner.py:63} INFO - Started process 1171 to run task
[2026-08-21T03:27:53.923+0000] {standard_task_runner.py:90} INFO - Running: ['***', 'tasks', 'run', 'cell_kpi_hourly_anomaly_pipeline', '1_ingest_hourly_bronze', 'scheduled__2025-05-31T18:00:00+00:00', '--job-id', '17', '--raw', '--subdir', 'DAGS_FOLDER/cell_kpi_hourly_anomaly.py', '--cfg-path', '/tmp/tmp3zjkjvj6']
[2026-08-21T03:27:53.925+0000] {standard_task_runner.py:91} INFO - Job 17: Subtask 1_ingest_hourly_bronze
[2026-08-21T03:27:53.971+0000] {task_command.py:426} INFO - Running <TaskInstance: cell_kpi_hourly_anomaly_pipeline.1_ingest_hourly_bronze scheduled__2025-05-31T18:00:00+00:00 [running]> on host c90a551abb73
[2026-08-21T03:27:54.023+0000] {logging_mixin.py:188} WARNING - /home/***/.local/lib/python3.10/site-packages/***/utils/context.py:212 AirflowContextDeprecationWarning: Accessing 'execution_date' from the template is deprecated and will be removed in a future version. Please use 'data_interval_start' or 'logical_date' instead.
[2026-08-21T03:27:54.057+0000] {taskinstance.py:2648} INFO - Exporting env vars: AIRFLOW_CTX_DAG_OWNER='data_engineer_team' AIRFLOW_CTX_DAG_ID='cell_kpi_hourly_anomaly_pipeline' AIRFLOW_CTX_TASK_ID='1_ingest_hourly_bronze' AIRFLOW_CTX_EXECUTION_DATE='2025-05-31T18:00:00+00:00' AIRFLOW_CTX_TRY_NUMBER='1' AIRFLOW_CTX_DAG_RUN_ID='scheduled__2025-05-31T18:00:00+00:00'
[2026-08-21T03:27:54.057+0000] {taskinstance.py:430} INFO - ::endgroup::
[2026-08-21T03:27:54.078+0000] {base.py:84} INFO - Using connection ID 'spark-master' for task execution.
[2026-08-21T03:27:54.079+0000] {spark_submit.py:401} INFO - Spark-Submit cmd: spark-submit --master spark://spark-master:7077 --name arrow-spark --deploy-mode client /opt/spark_scripts/1_ingest_hourly.py --input_path s3a://landingzone/202506.csv --target_date_hour 2025-06-01-01
[2026-08-21T03:27:54.197+0000] {spark_submit.py:571} INFO - /home/***/.local/lib/python3.10/site-packages/pyspark/bin/load-spark-env.sh: line 68: ps: command not found
[2026-08-21T03:27:58.066+0000] {spark_submit.py:571} INFO - python3: can't open file '/opt/spark_scripts/1_ingest_hourly.py': [Errno 2] No such file or directory
[2026-08-21T03:27:58.079+0000] {spark_submit.py:571} INFO - 26/08/21 03:27:58 INFO ShutdownHookManager: Shutdown hook called
[2026-08-21T03:27:58.082+0000] {spark_submit.py:571} INFO - 26/08/21 03:27:58 INFO ShutdownHookManager: Deleting directory /tmp/spark-d0aa4a35-428a-4f29-917b-99f338a2add7
[2026-08-21T03:27:58.130+0000] {taskinstance.py:441} INFO - ::group::Post task execution logs
[2026-08-21T03:27:58.140+0000] {taskinstance.py:2905} ERROR - Task failed with exception
Traceback (most recent call last):
  File "/home/airflow/.local/lib/python3.10/site-packages/airflow/models/taskinstance.py", line 465, in _execute_task
    result = _execute_callable(context=context, **execute_callable_kwargs)
  File "/home/airflow/.local/lib/python3.10/site-packages/airflow/models/taskinstance.py", line 432, in _execute_callable
    return execute_callable(context=context, **execute_callable_kwargs)
  File "/home/airflow/.local/lib/python3.10/site-packages/airflow/models/baseoperator.py", line 400, in wrapper
    return func(self, *args, **kwargs)
  File "/home/airflow/.local/lib/python3.10/site-packages/airflow/providers/apache/spark/operators/spark_submit.py", line 174, in execute
    self._hook.submit(self.application)
  File "/home/airflow/.local/lib/python3.10/site-packages/airflow/providers/apache/spark/hooks/spark_submit.py", line 502, in submit
    raise AirflowException(
airflow.exceptions.AirflowException: Cannot execute: spark-submit --master spark://spark-master:7077 --name arrow-spark --deploy-mode client /opt/spark_scripts/1_ingest_hourly.py --input_path s3a://landingzone/202506.csv --target_date_hour 2025-06-01-01. Error code is: 2.
[2026-08-21T03:27:58.149+0000] {taskinstance.py:1206} INFO - Marking task as UP_FOR_RETRY. dag_id=cell_kpi_hourly_anomaly_pipeline, task_id=1_ingest_hourly_bronze, run_id=scheduled__2025-05-31T18:00:00+00:00, execution_date=20250531T180000, start_date=20260821T032753, end_date=20260821T032758
[2026-08-21T03:27:58.162+0000] {standard_task_runner.py:110} ERROR - Failed to execute job 17 for task 1_ingest_hourly_bronze (Cannot execute: spark-submit --master spark://spark-master:7077 --name arrow-spark --deploy-mode client /opt/spark_scripts/1_ingest_hourly.py --input_path s3a://landingzone/202506.csv --target_date_hour 2025-06-01-01. Error code is: 2.; 1171)
[2026-08-21T03:27:58.198+0000] {local_task_job_runner.py:240} INFO - Task exited with return code 1
[2026-08-21T03:27:58.217+0000] {taskinstance.py:3498} INFO - 0 downstream tasks scheduled from follow-on schedule check
[2026-08-21T03:27:58.218+0000] {local_task_job_runner.py:222} INFO - ::endgroup::
[2026-08-21T03:35:35.888+0000] {local_task_job_runner.py:120} INFO - ::group::Pre task execution logs
[2026-08-21T03:35:35.903+0000] {taskinstance.py:2076} INFO - Dependencies all met for dep_context=non-requeueable deps ti=<TaskInstance: cell_kpi_hourly_anomaly_pipeline.1_ingest_hourly_bronze scheduled__2025-05-31T18:00:00+00:00 [queued]>
[2026-08-21T03:35:35.909+0000] {taskinstance.py:2076} INFO - Dependencies all met for dep_context=requeueable deps ti=<TaskInstance: cell_kpi_hourly_anomaly_pipeline.1_ingest_hourly_bronze scheduled__2025-05-31T18:00:00+00:00 [queued]>
[2026-08-21T03:35:35.909+0000] {taskinstance.py:2306} INFO - Starting attempt 1 of 2
[2026-08-21T03:35:35.918+0000] {taskinstance.py:2330} INFO - Executing <Task(SparkSubmitOperator): 1_ingest_hourly_bronze> on 2025-05-31 18:00:00+00:00
[2026-08-21T03:35:35.923+0000] {standard_task_runner.py:63} INFO - Started process 1453 to run task
[2026-08-21T03:35:35.926+0000] {standard_task_runner.py:90} INFO - Running: ['***', 'tasks', 'run', 'cell_kpi_hourly_anomaly_pipeline', '1_ingest_hourly_bronze', 'scheduled__2025-05-31T18:00:00+00:00', '--job-id', '21', '--raw', '--subdir', 'DAGS_FOLDER/cell_kpi_hourly_anomaly.py', '--cfg-path', '/tmp/tmpoywfjhck']
[2026-08-21T03:35:35.928+0000] {standard_task_runner.py:91} INFO - Job 21: Subtask 1_ingest_hourly_bronze
[2026-08-21T03:35:35.970+0000] {task_command.py:426} INFO - Running <TaskInstance: cell_kpi_hourly_anomaly_pipeline.1_ingest_hourly_bronze scheduled__2025-05-31T18:00:00+00:00 [running]> on host c90a551abb73
[2026-08-21T03:35:36.025+0000] {logging_mixin.py:188} WARNING - /home/***/.local/lib/python3.10/site-packages/***/utils/context.py:212 AirflowContextDeprecationWarning: Accessing 'execution_date' from the template is deprecated and will be removed in a future version. Please use 'data_interval_start' or 'logical_date' instead.
[2026-08-21T03:35:36.063+0000] {taskinstance.py:2648} INFO - Exporting env vars: AIRFLOW_CTX_DAG_OWNER='data_engineer_team' AIRFLOW_CTX_DAG_ID='cell_kpi_hourly_anomaly_pipeline' AIRFLOW_CTX_TASK_ID='1_ingest_hourly_bronze' AIRFLOW_CTX_EXECUTION_DATE='2025-05-31T18:00:00+00:00' AIRFLOW_CTX_TRY_NUMBER='1' AIRFLOW_CTX_DAG_RUN_ID='scheduled__2025-05-31T18:00:00+00:00'
[2026-08-21T03:35:36.065+0000] {taskinstance.py:430} INFO - ::endgroup::
[2026-08-21T03:35:36.089+0000] {base.py:84} INFO - Using connection ID 'spark-master' for task execution.
[2026-08-21T03:35:36.091+0000] {spark_submit.py:401} INFO - Spark-Submit cmd: spark-submit --master spark://spark-master:7077 --name arrow-spark --deploy-mode client /opt/spark_scripts/1_ingest_hourly.py --input_path s3a://landingzone/202506.csv --target_date_hour 2025-06-01-01
[2026-08-21T03:35:36.206+0000] {spark_submit.py:571} INFO - /home/***/.local/lib/python3.10/site-packages/pyspark/bin/load-spark-env.sh: line 68: ps: command not found
[2026-08-21T03:35:39.711+0000] {spark_submit.py:571} INFO - python3: can't open file '/opt/spark_scripts/1_ingest_hourly.py': [Errno 2] No such file or directory
[2026-08-21T03:35:39.722+0000] {spark_submit.py:571} INFO - 26/08/21 03:35:39 INFO ShutdownHookManager: Shutdown hook called
[2026-08-21T03:35:39.725+0000] {spark_submit.py:571} INFO - 26/08/21 03:35:39 INFO ShutdownHookManager: Deleting directory /tmp/spark-7353588e-8393-460c-a271-cda997bae94b
[2026-08-21T03:35:39.765+0000] {taskinstance.py:441} INFO - ::group::Post task execution logs
[2026-08-21T03:35:39.775+0000] {taskinstance.py:2905} ERROR - Task failed with exception
Traceback (most recent call last):
  File "/home/airflow/.local/lib/python3.10/site-packages/airflow/models/taskinstance.py", line 465, in _execute_task
    result = _execute_callable(context=context, **execute_callable_kwargs)
  File "/home/airflow/.local/lib/python3.10/site-packages/airflow/models/taskinstance.py", line 432, in _execute_callable
    return execute_callable(context=context, **execute_callable_kwargs)
  File "/home/airflow/.local/lib/python3.10/site-packages/airflow/models/baseoperator.py", line 400, in wrapper
    return func(self, *args, **kwargs)
  File "/home/airflow/.local/lib/python3.10/site-packages/airflow/providers/apache/spark/operators/spark_submit.py", line 174, in execute
    self._hook.submit(self.application)
  File "/home/airflow/.local/lib/python3.10/site-packages/airflow/providers/apache/spark/hooks/spark_submit.py", line 502, in submit
    raise AirflowException(
airflow.exceptions.AirflowException: Cannot execute: spark-submit --master spark://spark-master:7077 --name arrow-spark --deploy-mode client /opt/spark_scripts/1_ingest_hourly.py --input_path s3a://landingzone/202506.csv --target_date_hour 2025-06-01-01. Error code is: 2.
[2026-08-21T03:35:39.778+0000] {taskinstance.py:1206} INFO - Marking task as UP_FOR_RETRY. dag_id=cell_kpi_hourly_anomaly_pipeline, task_id=1_ingest_hourly_bronze, run_id=scheduled__2025-05-31T18:00:00+00:00, execution_date=20250531T180000, start_date=20260821T033535, end_date=20260821T033539
[2026-08-21T03:35:39.787+0000] {standard_task_runner.py:110} ERROR - Failed to execute job 21 for task 1_ingest_hourly_bronze (Cannot execute: spark-submit --master spark://spark-master:7077 --name arrow-spark --deploy-mode client /opt/spark_scripts/1_ingest_hourly.py --input_path s3a://landingzone/202506.csv --target_date_hour 2025-06-01-01. Error code is: 2.; 1453)
[2026-08-21T03:35:39.820+0000] {local_task_job_runner.py:240} INFO - Task exited with return code 1
[2026-08-21T03:35:39.839+0000] {taskinstance.py:3498} INFO - 0 downstream tasks scheduled from follow-on schedule check
[2026-08-21T03:35:39.840+0000] {local_task_job_runner.py:222} INFO - ::endgroup::
[2026-08-21T03:42:35.523+0000] {local_task_job_runner.py:120} INFO - ::group::Pre task execution logs
[2026-08-21T03:42:35.539+0000] {taskinstance.py:2076} INFO - Dependencies all met for dep_context=non-requeueable deps ti=<TaskInstance: cell_kpi_hourly_anomaly_pipeline.1_ingest_hourly_bronze scheduled__2025-05-31T18:00:00+00:00 [queued]>
[2026-08-21T03:42:35.546+0000] {taskinstance.py:2076} INFO - Dependencies all met for dep_context=requeueable deps ti=<TaskInstance: cell_kpi_hourly_anomaly_pipeline.1_ingest_hourly_bronze scheduled__2025-05-31T18:00:00+00:00 [queued]>
[2026-08-21T03:42:35.546+0000] {taskinstance.py:2306} INFO - Starting attempt 1 of 2
[2026-08-21T03:42:35.559+0000] {taskinstance.py:2330} INFO - Executing <Task(SparkSubmitOperator): 1_ingest_hourly_bronze> on 2025-05-31 18:00:00+00:00
[2026-08-21T03:42:35.567+0000] {standard_task_runner.py:63} INFO - Started process 1717 to run task
[2026-08-21T03:42:35.570+0000] {standard_task_runner.py:90} INFO - Running: ['***', 'tasks', 'run', 'cell_kpi_hourly_anomaly_pipeline', '1_ingest_hourly_bronze', 'scheduled__2025-05-31T18:00:00+00:00', '--job-id', '25', '--raw', '--subdir', 'DAGS_FOLDER/cell_kpi_hourly_anomaly.py', '--cfg-path', '/tmp/tmp3zymv1a8']
[2026-08-21T03:42:35.572+0000] {standard_task_runner.py:91} INFO - Job 25: Subtask 1_ingest_hourly_bronze
[2026-08-21T03:42:35.631+0000] {task_command.py:426} INFO - Running <TaskInstance: cell_kpi_hourly_anomaly_pipeline.1_ingest_hourly_bronze scheduled__2025-05-31T18:00:00+00:00 [running]> on host c90a551abb73
[2026-08-21T03:42:35.689+0000] {logging_mixin.py:188} WARNING - /home/***/.local/lib/python3.10/site-packages/***/utils/context.py:212 AirflowContextDeprecationWarning: Accessing 'execution_date' from the template is deprecated and will be removed in a future version. Please use 'data_interval_start' or 'logical_date' instead.
[2026-08-21T03:42:35.720+0000] {taskinstance.py:2648} INFO - Exporting env vars: AIRFLOW_CTX_DAG_OWNER='data_engineer_team' AIRFLOW_CTX_DAG_ID='cell_kpi_hourly_anomaly_pipeline' AIRFLOW_CTX_TASK_ID='1_ingest_hourly_bronze' AIRFLOW_CTX_EXECUTION_DATE='2025-05-31T18:00:00+00:00' AIRFLOW_CTX_TRY_NUMBER='1' AIRFLOW_CTX_DAG_RUN_ID='scheduled__2025-05-31T18:00:00+00:00'
[2026-08-21T03:42:35.720+0000] {taskinstance.py:430} INFO - ::endgroup::
[2026-08-21T03:42:35.736+0000] {base.py:84} INFO - Using connection ID 'spark-master' for task execution.
[2026-08-21T03:42:35.737+0000] {spark_submit.py:401} INFO - Spark-Submit cmd: spark-submit --master spark://spark-master:7077 --name arrow-spark --deploy-mode client /opt/spark_scripts/1_ingest_hourly.py --input_path s3a://landingzone/202506.csv --target_date_hour 2025-06-01-01
[2026-08-21T03:42:35.828+0000] {spark_submit.py:571} INFO - /home/***/.local/lib/python3.10/site-packages/pyspark/bin/load-spark-env.sh: line 68: ps: command not found
[2026-08-21T03:42:39.405+0000] {spark_submit.py:571} INFO - 26/08/21 03:42:39 INFO SparkContext: Running Spark version 3.5.1
[2026-08-21T03:42:39.411+0000] {spark_submit.py:571} INFO - 26/08/21 03:42:39 INFO SparkContext: OS info Linux, 6.8.0-1052-azure, amd64
[2026-08-21T03:42:39.412+0000] {spark_submit.py:571} INFO - 26/08/21 03:42:39 INFO SparkContext: Java version 17.0.20
[2026-08-21T03:42:39.534+0000] {spark_submit.py:571} INFO - 26/08/21 03:42:39 WARN NativeCodeLoader: Unable to load native-hadoop library for your platform... using builtin-java classes where applicable
[2026-08-21T03:42:39.740+0000] {spark_submit.py:571} INFO - 26/08/21 03:42:39 INFO ResourceUtils: ==============================================================
[2026-08-21T03:42:39.741+0000] {spark_submit.py:571} INFO - 26/08/21 03:42:39 INFO ResourceUtils: No custom resources configured for spark.driver.
[2026-08-21T03:42:39.743+0000] {spark_submit.py:571} INFO - 26/08/21 03:42:39 INFO ResourceUtils: ==============================================================
[2026-08-21T03:42:39.743+0000] {spark_submit.py:571} INFO - 26/08/21 03:42:39 INFO SparkContext: Submitted application: Ingest_Bronze_2025-06-01-01
[2026-08-21T03:42:39.781+0000] {spark_submit.py:571} INFO - 26/08/21 03:42:39 INFO ResourceProfile: Default ResourceProfile created, executor resources: Map(memory -> name: memory, amount: 1024, script: , vendor: , offHeap -> name: offHeap, amount: 0, script: , vendor: ), task resources: Map(cpus -> name: cpus, amount: 1.0)
[2026-08-21T03:42:39.791+0000] {spark_submit.py:571} INFO - 26/08/21 03:42:39 INFO ResourceProfile: Limiting resource is cpu
[2026-08-21T03:42:39.795+0000] {spark_submit.py:571} INFO - 26/08/21 03:42:39 INFO ResourceProfileManager: Added ResourceProfile id: 0
[2026-08-21T03:42:39.889+0000] {spark_submit.py:571} INFO - 26/08/21 03:42:39 INFO SecurityManager: Changing view acls to: ***
[2026-08-21T03:42:39.890+0000] {spark_submit.py:571} INFO - 26/08/21 03:42:39 INFO SecurityManager: Changing modify acls to: ***
[2026-08-21T03:42:39.892+0000] {spark_submit.py:571} INFO - 26/08/21 03:42:39 INFO SecurityManager: Changing view acls groups to:
[2026-08-21T03:42:39.892+0000] {spark_submit.py:571} INFO - 26/08/21 03:42:39 INFO SecurityManager: Changing modify acls groups to:
[2026-08-21T03:42:39.893+0000] {spark_submit.py:571} INFO - 26/08/21 03:42:39 INFO SecurityManager: SecurityManager: authentication disabled; ui acls disabled; users with view permissions: ***; groups with view permissions: EMPTY; users with modify permissions: ***; groups with modify permissions: EMPTY
[2026-08-21T03:42:40.244+0000] {spark_submit.py:571} INFO - 26/08/21 03:42:40 INFO Utils: Successfully started service 'sparkDriver' on port 39923.
[2026-08-21T03:42:40.313+0000] {spark_submit.py:571} INFO - 26/08/21 03:42:40 INFO SparkEnv: Registering MapOutputTracker
[2026-08-21T03:42:40.377+0000] {spark_submit.py:571} INFO - 26/08/21 03:42:40 INFO SparkEnv: Registering BlockManagerMaster
[2026-08-21T03:42:40.408+0000] {spark_submit.py:571} INFO - 26/08/21 03:42:40 INFO BlockManagerMasterEndpoint: Using org.apache.spark.storage.DefaultTopologyMapper for getting topology information
[2026-08-21T03:42:40.409+0000] {spark_submit.py:571} INFO - 26/08/21 03:42:40 INFO BlockManagerMasterEndpoint: BlockManagerMasterEndpoint up
[2026-08-21T03:42:40.413+0000] {spark_submit.py:571} INFO - 26/08/21 03:42:40 INFO SparkEnv: Registering BlockManagerMasterHeartbeat
[2026-08-21T03:42:40.463+0000] {spark_submit.py:571} INFO - 26/08/21 03:42:40 INFO DiskBlockManager: Created local directory at /tmp/blockmgr-37da8445-0f6d-4479-94e5-5f1076a8d41b
[2026-08-21T03:42:40.480+0000] {spark_submit.py:571} INFO - 26/08/21 03:42:40 INFO MemoryStore: MemoryStore started with capacity 434.4 MiB
[2026-08-21T03:42:40.501+0000] {spark_submit.py:571} INFO - 26/08/21 03:42:40 INFO SparkEnv: Registering OutputCommitCoordinator
[2026-08-21T03:42:40.725+0000] {spark_submit.py:571} INFO - 26/08/21 03:42:40 INFO JettyUtils: Start Jetty 0.0.0.0:4040 for SparkUI
[2026-08-21T03:42:40.825+0000] {spark_submit.py:571} INFO - 26/08/21 03:42:40 INFO Utils: Successfully started service 'SparkUI' on port 4040.
[2026-08-21T03:42:41.117+0000] {spark_submit.py:571} INFO - 26/08/21 03:42:41 INFO StandaloneAppClient$ClientEndpoint: Connecting to master spark://spark-master:7077...
[2026-08-21T03:42:41.273+0000] {spark_submit.py:571} INFO - 26/08/21 03:42:41 INFO TransportClientFactory: Successfully created connection to spark-master/172.18.0.4:7077 after 85 ms (0 ms spent in bootstraps)
[2026-08-21T03:42:41.594+0000] {spark_submit.py:571} INFO - 26/08/21 03:42:41 INFO StandaloneSchedulerBackend: Connected to Spark cluster with app ID app-20260821034241-0001
[2026-08-21T03:42:41.636+0000] {spark_submit.py:571} INFO - 26/08/21 03:42:41 INFO Utils: Successfully started service 'org.apache.spark.network.netty.NettyBlockTransferService' on port 34889.
[2026-08-21T03:42:41.640+0000] {spark_submit.py:571} INFO - 26/08/21 03:42:41 INFO NettyBlockTransferService: Server created on c90a551abb73:34889
[2026-08-21T03:42:41.649+0000] {spark_submit.py:571} INFO - 26/08/21 03:42:41 INFO BlockManager: Using org.apache.spark.storage.RandomBlockReplicationPolicy for block replication policy
[2026-08-21T03:42:41.658+0000] {spark_submit.py:571} INFO - 26/08/21 03:42:41 INFO BlockManagerMaster: Registering BlockManager BlockManagerId(driver, c90a551abb73, 34889, None)
[2026-08-21T03:42:41.663+0000] {spark_submit.py:571} INFO - 26/08/21 03:42:41 INFO BlockManagerMasterEndpoint: Registering block manager c90a551abb73:34889 with 434.4 MiB RAM, BlockManagerId(driver, c90a551abb73, 34889, None)
[2026-08-21T03:42:41.665+0000] {spark_submit.py:571} INFO - 26/08/21 03:42:41 INFO BlockManagerMaster: Registered BlockManager BlockManagerId(driver, c90a551abb73, 34889, None)
[2026-08-21T03:42:41.676+0000] {spark_submit.py:571} INFO - 26/08/21 03:42:41 INFO BlockManager: Initialized BlockManager: BlockManagerId(driver, c90a551abb73, 34889, None)
[2026-08-21T03:42:42.475+0000] {spark_submit.py:571} INFO - 26/08/21 03:42:42 INFO StandaloneSchedulerBackend: SchedulerBackend is ready for scheduling beginning after reached minRegisteredResourcesRatio: 0.0
[2026-08-21T03:42:43.383+0000] {spark_submit.py:571} INFO - Đang nạp s3a://landingzone/202506.csv và trích xuất dữ liệu ca: 2025-06-01-01...
[2026-08-21T03:42:43.617+0000] {spark_submit.py:571} INFO - 26/08/21 03:42:43 INFO SharedState: Setting hive.metastore.warehouse.dir ('null') to the value of spark.sql.warehouse.dir.
[2026-08-21T03:42:43.637+0000] {spark_submit.py:571} INFO - 26/08/21 03:42:43 INFO SharedState: Warehouse path is 'file:/opt/***/spark-warehouse'.
[2026-08-21T03:42:46.397+0000] {spark_submit.py:571} INFO - 26/08/21 03:42:46 WARN MetricsConfig: Cannot locate configuration: tried hadoop-metrics2-s3a-file-system.properties,hadoop-metrics2.properties
[2026-08-21T03:42:46.452+0000] {spark_submit.py:571} INFO - 26/08/21 03:42:46 INFO MetricsSystemImpl: Scheduled Metric snapshot period at 10 second(s).
[2026-08-21T03:42:46.456+0000] {spark_submit.py:571} INFO - 26/08/21 03:42:46 INFO MetricsSystemImpl: s3a-file-system metrics system started
[2026-08-21T03:42:49.415+0000] {spark_submit.py:571} INFO - 26/08/21 03:42:49 INFO InMemoryFileIndex: It took 174 ms to list leaf files for 1 paths.
[2026-08-21T03:42:49.673+0000] {spark_submit.py:571} INFO - 26/08/21 03:42:49 INFO InMemoryFileIndex: It took 26 ms to list leaf files for 1 paths.
[2026-08-21T03:42:52.633+0000] {spark_submit.py:571} INFO - 26/08/21 03:42:52 INFO FileSourceStrategy: Pushed Filters:
[2026-08-21T03:42:52.635+0000] {spark_submit.py:571} INFO - 26/08/21 03:42:52 INFO FileSourceStrategy: Post-Scan Filters: (length(trim(value#0, None)) > 0)
[2026-08-21T03:42:53.341+0000] {spark_submit.py:571} INFO - 26/08/21 03:42:53 INFO CodeGenerator: Code generated in 340.007957 ms
[2026-08-21T03:42:53.411+0000] {spark_submit.py:571} INFO - 26/08/21 03:42:53 INFO MemoryStore: Block broadcast_0 stored as values in memory (estimated size 201.7 KiB, free 434.2 MiB)
[2026-08-21T03:42:53.514+0000] {spark_submit.py:571} INFO - 26/08/21 03:42:53 INFO MemoryStore: Block broadcast_0_piece0 stored as bytes in memory (estimated size 34.9 KiB, free 434.2 MiB)
[2026-08-21T03:42:53.517+0000] {spark_submit.py:571} INFO - 26/08/21 03:42:53 INFO BlockManagerInfo: Added broadcast_0_piece0 in memory on c90a551abb73:34889 (size: 34.9 KiB, free: 434.4 MiB)
[2026-08-21T03:42:53.525+0000] {spark_submit.py:571} INFO - 26/08/21 03:42:53 INFO SparkContext: Created broadcast 0 from csv at NativeMethodAccessorImpl.java:0
[2026-08-21T03:42:53.539+0000] {spark_submit.py:571} INFO - 26/08/21 03:42:53 INFO FileSourceScanExec: Planning scan with bin packing, max size: 134217728 bytes, open cost is considered as scanning 4194304 bytes.
[2026-08-21T03:42:53.646+0000] {spark_submit.py:571} INFO - 26/08/21 03:42:53 INFO SparkContext: Starting job: csv at NativeMethodAccessorImpl.java:0
[2026-08-21T03:42:53.669+0000] {spark_submit.py:571} INFO - 26/08/21 03:42:53 INFO DAGScheduler: Got job 0 (csv at NativeMethodAccessorImpl.java:0) with 1 output partitions
[2026-08-21T03:42:53.670+0000] {spark_submit.py:571} INFO - 26/08/21 03:42:53 INFO DAGScheduler: Final stage: ResultStage 0 (csv at NativeMethodAccessorImpl.java:0)
[2026-08-21T03:42:53.670+0000] {spark_submit.py:571} INFO - 26/08/21 03:42:53 INFO DAGScheduler: Parents of final stage: List()
[2026-08-21T03:42:53.670+0000] {spark_submit.py:571} INFO - 26/08/21 03:42:53 INFO DAGScheduler: Missing parents: List()
[2026-08-21T03:42:53.675+0000] {spark_submit.py:571} INFO - 26/08/21 03:42:53 INFO DAGScheduler: Submitting ResultStage 0 (MapPartitionsRDD[3] at csv at NativeMethodAccessorImpl.java:0), which has no missing parents
[2026-08-21T03:42:53.797+0000] {spark_submit.py:571} INFO - 26/08/21 03:42:53 INFO MemoryStore: Block broadcast_1 stored as values in memory (estimated size 13.5 KiB, free 434.2 MiB)
[2026-08-21T03:42:53.812+0000] {spark_submit.py:571} INFO - 26/08/21 03:42:53 INFO MemoryStore: Block broadcast_1_piece0 stored as bytes in memory (estimated size 6.4 KiB, free 434.1 MiB)
[2026-08-21T03:42:53.818+0000] {spark_submit.py:571} INFO - 26/08/21 03:42:53 INFO BlockManagerInfo: Added broadcast_1_piece0 in memory on c90a551abb73:34889 (size: 6.4 KiB, free: 434.4 MiB)
[2026-08-21T03:42:53.819+0000] {spark_submit.py:571} INFO - 26/08/21 03:42:53 INFO SparkContext: Created broadcast 1 from broadcast at DAGScheduler.scala:1585
[2026-08-21T03:42:53.836+0000] {spark_submit.py:571} INFO - 26/08/21 03:42:53 INFO DAGScheduler: Submitting 1 missing tasks from ResultStage 0 (MapPartitionsRDD[3] at csv at NativeMethodAccessorImpl.java:0) (first 15 tasks are for partitions Vector(0))
[2026-08-21T03:42:53.840+0000] {spark_submit.py:571} INFO - 26/08/21 03:42:53 INFO TaskSchedulerImpl: Adding task set 0.0 with 1 tasks resource profile 0
[2026-08-21T03:43:06.942+0000] {spark_submit.py:571} INFO - 26/08/21 03:43:06 INFO StandaloneAppClient$ClientEndpoint: Executor added: app-20260821034241-0001/0 on worker-20260821021253-172.18.0.6-39045 (172.18.0.6:39045) with 2 core(s)
[2026-08-21T03:43:06.948+0000] {spark_submit.py:571} INFO - 26/08/21 03:43:06 INFO StandaloneSchedulerBackend: Granted executor ID app-20260821034241-0001/0 on hostPort 172.18.0.6:39045 with 2 core(s), 1024.0 MiB RAM
[2026-08-21T03:43:06.954+0000] {spark_submit.py:571} INFO - 26/08/21 03:43:06 INFO StandaloneAppClient$ClientEndpoint: Executor added: app-20260821034241-0001/1 on worker-20260821021253-172.18.0.7-44957 (172.18.0.7:44957) with 2 core(s)
[2026-08-21T03:43:06.956+0000] {spark_submit.py:571} INFO - 26/08/21 03:43:06 INFO StandaloneSchedulerBackend: Granted executor ID app-20260821034241-0001/1 on hostPort 172.18.0.7:44957 with 2 core(s), 1024.0 MiB RAM
[2026-08-21T03:43:07.137+0000] {spark_submit.py:571} INFO - 26/08/21 03:43:07 INFO StandaloneAppClient$ClientEndpoint: Executor updated: app-20260821034241-0001/1 is now RUNNING
[2026-08-21T03:43:07.143+0000] {spark_submit.py:571} INFO - 26/08/21 03:43:07 INFO StandaloneAppClient$ClientEndpoint: Executor updated: app-20260821034241-0001/0 is now RUNNING
[2026-08-21T03:43:08.853+0000] {spark_submit.py:571} INFO - 26/08/21 03:43:08 WARN TaskSchedulerImpl: Initial job has not accepted any resources; check your cluster UI to ensure that workers are registered and have sufficient resources
[2026-08-21T03:43:11.948+0000] {spark_submit.py:571} INFO - 26/08/21 03:43:11 INFO StandaloneSchedulerBackend$StandaloneDriverEndpoint: Registered executor NettyRpcEndpointRef(spark-client://Executor) (172.18.0.6:36200) with ID 0,  ResourceProfileId 0
[2026-08-21T03:43:12.091+0000] {spark_submit.py:571} INFO - 26/08/21 03:43:12 INFO StandaloneSchedulerBackend$StandaloneDriverEndpoint: Registered executor NettyRpcEndpointRef(spark-client://Executor) (172.18.0.7:48430) with ID 1,  ResourceProfileId 0
[2026-08-21T03:43:12.107+0000] {spark_submit.py:571} INFO - 26/08/21 03:43:12 INFO BlockManagerMasterEndpoint: Registering block manager 172.18.0.6:40479 with 434.4 MiB RAM, BlockManagerId(0, 172.18.0.6, 40479, None)
[2026-08-21T03:43:12.199+0000] {spark_submit.py:571} INFO - 26/08/21 03:43:12 INFO BlockManagerMasterEndpoint: Registering block manager 172.18.0.7:40017 with 434.4 MiB RAM, BlockManagerId(1, 172.18.0.7, 40017, None)
[2026-08-21T03:43:12.288+0000] {spark_submit.py:571} INFO - 26/08/21 03:43:12 INFO TaskSetManager: Starting task 0.0 in stage 0.0 (TID 0) (172.18.0.6, executor 0, partition 0, PROCESS_LOCAL, 8210 bytes)
[2026-08-21T03:43:12.549+0000] {spark_submit.py:571} INFO - 26/08/21 03:43:12 INFO BlockManagerInfo: Added broadcast_1_piece0 in memory on 172.18.0.6:40479 (size: 6.4 KiB, free: 434.4 MiB)
[2026-08-21T03:43:13.306+0000] {spark_submit.py:571} INFO - 26/08/21 03:43:13 INFO BlockManagerInfo: Added broadcast_0_piece0 in memory on 172.18.0.6:40479 (size: 34.9 KiB, free: 434.4 MiB)
[2026-08-21T03:43:14.544+0000] {spark_submit.py:571} INFO - 26/08/21 03:43:14 INFO TaskSetManager: Finished task 0.0 in stage 0.0 (TID 0) in 2294 ms on 172.18.0.6 (executor 0) (1/1)
[2026-08-21T03:43:14.546+0000] {spark_submit.py:571} INFO - 26/08/21 03:43:14 INFO TaskSchedulerImpl: Removed TaskSet 0.0, whose tasks have all completed, from pool
[2026-08-21T03:43:14.552+0000] {spark_submit.py:571} INFO - 26/08/21 03:43:14 INFO DAGScheduler: ResultStage 0 (csv at NativeMethodAccessorImpl.java:0) finished in 20.838 s
[2026-08-21T03:43:14.552+0000] {spark_submit.py:571} INFO - 26/08/21 03:43:14 INFO DAGScheduler: Job 0 is finished. Cancelling potential speculative or zombie tasks for this job
[2026-08-21T03:43:14.553+0000] {spark_submit.py:571} INFO - 26/08/21 03:43:14 INFO TaskSchedulerImpl: Killing all running tasks in stage 0: Stage finished
[2026-08-21T03:43:14.554+0000] {spark_submit.py:571} INFO - 26/08/21 03:43:14 INFO DAGScheduler: Job 0 finished: csv at NativeMethodAccessorImpl.java:0, took 20.907232 s
[2026-08-21T03:43:14.592+0000] {spark_submit.py:571} INFO - 26/08/21 03:43:14 INFO CodeGenerator: Code generated in 22.228606 ms
[2026-08-21T03:43:14.676+0000] {spark_submit.py:571} INFO - 26/08/21 03:43:14 INFO BlockManagerInfo: Removed broadcast_1_piece0 on c90a551abb73:34889 in memory (size: 6.4 KiB, free: 434.4 MiB)
[2026-08-21T03:43:14.689+0000] {spark_submit.py:571} INFO - 26/08/21 03:43:14 INFO FileSourceStrategy: Pushed Filters:
[2026-08-21T03:43:14.690+0000] {spark_submit.py:571} INFO - 26/08/21 03:43:14 INFO BlockManagerInfo: Removed broadcast_1_piece0 on 172.18.0.6:40479 in memory (size: 6.4 KiB, free: 434.4 MiB)
[2026-08-21T03:43:14.690+0000] {spark_submit.py:571} INFO - 26/08/21 03:43:14 INFO FileSourceStrategy: Post-Scan Filters:
[2026-08-21T03:43:14.711+0000] {spark_submit.py:571} INFO - 26/08/21 03:43:14 INFO MemoryStore: Block broadcast_2 stored as values in memory (estimated size 201.7 KiB, free 434.0 MiB)
[2026-08-21T03:43:14.747+0000] {spark_submit.py:571} INFO - 26/08/21 03:43:14 INFO MemoryStore: Block broadcast_2_piece0 stored as bytes in memory (estimated size 34.9 KiB, free 433.9 MiB)
[2026-08-21T03:43:14.748+0000] {spark_submit.py:571} INFO - 26/08/21 03:43:14 INFO BlockManagerInfo: Added broadcast_2_piece0 in memory on c90a551abb73:34889 (size: 34.9 KiB, free: 434.3 MiB)
[2026-08-21T03:43:14.750+0000] {spark_submit.py:571} INFO - 26/08/21 03:43:14 INFO SparkContext: Created broadcast 2 from csv at NativeMethodAccessorImpl.java:0
[2026-08-21T03:43:14.752+0000] {spark_submit.py:571} INFO - 26/08/21 03:43:14 INFO FileSourceScanExec: Planning scan with bin packing, max size: 134217728 bytes, open cost is considered as scanning 4194304 bytes.
[2026-08-21T03:43:14.867+0000] {spark_submit.py:571} INFO - 26/08/21 03:43:14 INFO SparkContext: Starting job: csv at NativeMethodAccessorImpl.java:0
[2026-08-21T03:43:14.874+0000] {spark_submit.py:571} INFO - 26/08/21 03:43:14 INFO DAGScheduler: Got job 1 (csv at NativeMethodAccessorImpl.java:0) with 7 output partitions
[2026-08-21T03:43:14.875+0000] {spark_submit.py:571} INFO - 26/08/21 03:43:14 INFO DAGScheduler: Final stage: ResultStage 1 (csv at NativeMethodAccessorImpl.java:0)
[2026-08-21T03:43:14.875+0000] {spark_submit.py:571} INFO - 26/08/21 03:43:14 INFO DAGScheduler: Parents of final stage: List()
[2026-08-21T03:43:14.877+0000] {spark_submit.py:571} INFO - 26/08/21 03:43:14 INFO DAGScheduler: Missing parents: List()
[2026-08-21T03:43:14.884+0000] {spark_submit.py:571} INFO - 26/08/21 03:43:14 INFO DAGScheduler: Submitting ResultStage 1 (MapPartitionsRDD[9] at csv at NativeMethodAccessorImpl.java:0), which has no missing parents
[2026-08-21T03:43:14.917+0000] {spark_submit.py:571} INFO - 26/08/21 03:43:14 INFO MemoryStore: Block broadcast_3 stored as values in memory (estimated size 28.3 KiB, free 433.9 MiB)
[2026-08-21T03:43:14.932+0000] {spark_submit.py:571} INFO - 26/08/21 03:43:14 INFO MemoryStore: Block broadcast_3_piece0 stored as bytes in memory (estimated size 13.1 KiB, free 433.9 MiB)
[2026-08-21T03:43:14.935+0000] {spark_submit.py:571} INFO - 26/08/21 03:43:14 INFO BlockManagerInfo: Added broadcast_3_piece0 in memory on c90a551abb73:34889 (size: 13.1 KiB, free: 434.3 MiB)
[2026-08-21T03:43:14.936+0000] {spark_submit.py:571} INFO - 26/08/21 03:43:14 INFO SparkContext: Created broadcast 3 from broadcast at DAGScheduler.scala:1585
[2026-08-21T03:43:14.938+0000] {spark_submit.py:571} INFO - 26/08/21 03:43:14 INFO DAGScheduler: Submitting 7 missing tasks from ResultStage 1 (MapPartitionsRDD[9] at csv at NativeMethodAccessorImpl.java:0) (first 15 tasks are for partitions Vector(0, 1, 2, 3, 4, 5, 6))
[2026-08-21T03:43:14.939+0000] {spark_submit.py:571} INFO - 26/08/21 03:43:14 INFO TaskSchedulerImpl: Adding task set 1.0 with 7 tasks resource profile 0
[2026-08-21T03:43:14.945+0000] {spark_submit.py:571} INFO - 26/08/21 03:43:14 INFO TaskSetManager: Starting task 0.0 in stage 1.0 (TID 1) (172.18.0.6, executor 0, partition 0, PROCESS_LOCAL, 8210 bytes)
[2026-08-21T03:43:14.945+0000] {spark_submit.py:571} INFO - 26/08/21 03:43:14 INFO TaskSetManager: Starting task 1.0 in stage 1.0 (TID 2) (172.18.0.7, executor 1, partition 1, PROCESS_LOCAL, 8210 bytes)
[2026-08-21T03:43:14.948+0000] {spark_submit.py:571} INFO - 26/08/21 03:43:14 INFO TaskSetManager: Starting task 2.0 in stage 1.0 (TID 3) (172.18.0.6, executor 0, partition 2, PROCESS_LOCAL, 8210 bytes)
[2026-08-21T03:43:14.949+0000] {spark_submit.py:571} INFO - 26/08/21 03:43:14 INFO TaskSetManager: Starting task 3.0 in stage 1.0 (TID 4) (172.18.0.7, executor 1, partition 3, PROCESS_LOCAL, 8210 bytes)
[2026-08-21T03:43:14.997+0000] {spark_submit.py:571} INFO - 26/08/21 03:43:14 INFO BlockManagerInfo: Added broadcast_3_piece0 in memory on 172.18.0.6:40479 (size: 13.1 KiB, free: 434.4 MiB)
[2026-08-21T03:43:15.457+0000] {spark_submit.py:571} INFO - 26/08/21 03:43:15 INFO BlockManagerInfo: Added broadcast_3_piece0 in memory on 172.18.0.7:40017 (size: 13.1 KiB, free: 434.4 MiB)
[2026-08-21T03:43:16.843+0000] {spark_submit.py:571} INFO - 26/08/21 03:43:16 INFO BlockManagerInfo: Added broadcast_2_piece0 in memory on 172.18.0.6:40479 (size: 34.9 KiB, free: 434.3 MiB)
[2026-08-21T03:43:18.829+0000] {spark_submit.py:571} INFO - 26/08/21 03:43:18 INFO BlockManagerInfo: Added broadcast_2_piece0 in memory on 172.18.0.7:40017 (size: 34.9 KiB, free: 434.4 MiB)
[2026-08-21T03:43:19.142+0000] {spark_submit.py:571} INFO - 26/08/21 03:43:19 INFO TaskSetManager: Starting task 4.0 in stage 1.0 (TID 5) (172.18.0.6, executor 0, partition 4, PROCESS_LOCAL, 8210 bytes)
[2026-08-21T03:43:19.152+0000] {spark_submit.py:571} INFO - 26/08/21 03:43:19 INFO TaskSetManager: Finished task 0.0 in stage 1.0 (TID 1) in 4203 ms on 172.18.0.6 (executor 0) (1/7)
[2026-08-21T03:43:19.370+0000] {spark_submit.py:571} INFO - 26/08/21 03:43:19 INFO TaskSetManager: Starting task 5.0 in stage 1.0 (TID 6) (172.18.0.6, executor 0, partition 5, PROCESS_LOCAL, 8210 bytes)
[2026-08-21T03:43:19.372+0000] {spark_submit.py:571} INFO - 26/08/21 03:43:19 INFO TaskSetManager: Finished task 2.0 in stage 1.0 (TID 3) in 4431 ms on 172.18.0.6 (executor 0) (2/7)
[2026-08-21T03:43:21.304+0000] {spark_submit.py:571} INFO - 26/08/21 03:43:21 INFO TaskSetManager: Starting task 6.0 in stage 1.0 (TID 7) (172.18.0.6, executor 0, partition 6, PROCESS_LOCAL, 8210 bytes)
[2026-08-21T03:43:21.308+0000] {spark_submit.py:571} INFO - 26/08/21 03:43:21 INFO TaskSetManager: Finished task 4.0 in stage 1.0 (TID 5) in 2164 ms on 172.18.0.6 (executor 0) (3/7)
[2026-08-21T03:43:21.501+0000] {spark_submit.py:571} INFO - 26/08/21 03:43:21 INFO TaskSetManager: Finished task 5.0 in stage 1.0 (TID 6) in 2132 ms on 172.18.0.6 (executor 0) (4/7)
[2026-08-21T03:43:22.973+0000] {spark_submit.py:571} INFO - 26/08/21 03:43:22 INFO TaskSetManager: Finished task 6.0 in stage 1.0 (TID 7) in 1671 ms on 172.18.0.6 (executor 0) (5/7)
[2026-08-21T03:43:23.160+0000] {spark_submit.py:571} INFO - 26/08/21 03:43:23 INFO TaskSetManager: Finished task 3.0 in stage 1.0 (TID 4) in 8218 ms on 172.18.0.7 (executor 1) (6/7)
[2026-08-21T03:43:23.287+0000] {spark_submit.py:571} INFO - 26/08/21 03:43:23 INFO TaskSetManager: Finished task 1.0 in stage 1.0 (TID 2) in 8346 ms on 172.18.0.7 (executor 1) (7/7)
[2026-08-21T03:43:23.288+0000] {spark_submit.py:571} INFO - 26/08/21 03:43:23 INFO TaskSchedulerImpl: Removed TaskSet 1.0, whose tasks have all completed, from pool
[2026-08-21T03:43:23.289+0000] {spark_submit.py:571} INFO - 26/08/21 03:43:23 INFO DAGScheduler: ResultStage 1 (csv at NativeMethodAccessorImpl.java:0) finished in 8.404 s
[2026-08-21T03:43:23.290+0000] {spark_submit.py:571} INFO - 26/08/21 03:43:23 INFO DAGScheduler: Job 1 is finished. Cancelling potential speculative or zombie tasks for this job
[2026-08-21T03:43:23.291+0000] {spark_submit.py:571} INFO - 26/08/21 03:43:23 INFO TaskSchedulerImpl: Killing all running tasks in stage 1: Stage finished
[2026-08-21T03:43:23.292+0000] {spark_submit.py:571} INFO - 26/08/21 03:43:23 INFO DAGScheduler: Job 1 finished: csv at NativeMethodAccessorImpl.java:0, took 8.424341 s
[2026-08-21T03:43:23.436+0000] {spark_submit.py:571} INFO - Traceback (most recent call last):
[2026-08-21T03:43:23.436+0000] {spark_submit.py:571} INFO - File "/opt/spark_scripts/1_ingest_hourly.py", line 63, in <module>
[2026-08-21T03:43:23.437+0000] {spark_submit.py:571} INFO - main()
[2026-08-21T03:43:23.437+0000] {spark_submit.py:571} INFO - File "/opt/spark_scripts/1_ingest_hourly.py", line 33, in main
[2026-08-21T03:43:23.437+0000] {spark_submit.py:571} INFO - df_hourly = raw_df.filter(F.col("date_hour").cast("string") == args.target_date_hour)
[2026-08-21T03:43:23.437+0000] {spark_submit.py:571} INFO - File "/home/***/.local/lib/python3.10/site-packages/pyspark/python/lib/pyspark.zip/pyspark/sql/dataframe.py", line 3329, in filter
[2026-08-21T03:43:23.438+0000] {spark_submit.py:571} INFO - File "/home/***/.local/lib/python3.10/site-packages/pyspark/python/lib/py4j-0.10.9.7-src.zip/py4j/java_gateway.py", line 1322, in __call__
[2026-08-21T03:43:23.438+0000] {spark_submit.py:571} INFO - File "/home/***/.local/lib/python3.10/site-packages/pyspark/python/lib/pyspark.zip/pyspark/errors/exceptions/captured.py", line 185, in deco
[2026-08-21T03:43:23.441+0000] {spark_submit.py:571} INFO - pyspark.errors.exceptions.captured.AnalysisException: [UNRESOLVED_COLUMN.WITH_SUGGESTION] A column or function parameter with name `date_hour` cannot be resolved. Did you mean one of the following? [`"enb_name"|"cell_name"|"date_hour"|"dl_traffic_gb"|"ul_traffic_gb"|"total_traffic_gb"|"max_rrc_connected_user"|"ul_prb"|"ul_prb_used"|"ul_prb_available_total"|"dl_prb"|"dl_prb_used"|"dl_prb_available_total"|"sector"|"azimuth"|"cell_type"|"x"|"y"`].;
[2026-08-21T03:43:23.441+0000] {spark_submit.py:571} INFO - 'Filter (cast('date_hour as string) = 2025-06-01-01)
[2026-08-21T03:43:23.441+0000] {spark_submit.py:571} INFO - +- Relation ["enb_name"|"cell_name"|"date_hour"|"dl_traffic_gb"|"ul_traffic_gb"|"total_traffic_gb"|"max_rrc_connected_user"|"ul_prb"|"ul_prb_used"|"ul_prb_available_total"|"dl_prb"|"dl_prb_used"|"dl_prb_available_total"|"sector"|"azimuth"|"cell_type"|"x"|"y"#17] csv
[2026-08-21T03:43:23.441+0000] {spark_submit.py:571} INFO - 
[2026-08-21T03:43:23.474+0000] {spark_submit.py:571} INFO - 26/08/21 03:43:23 INFO SparkContext: Invoking stop() from shutdown hook
[2026-08-21T03:43:23.475+0000] {spark_submit.py:571} INFO - 26/08/21 03:43:23 INFO SparkContext: SparkContext is stopping with exitCode 0.
[2026-08-21T03:43:23.484+0000] {spark_submit.py:571} INFO - 26/08/21 03:43:23 INFO SparkUI: Stopped Spark web UI at http://c90a551abb73:4040
[2026-08-21T03:43:23.486+0000] {spark_submit.py:571} INFO - 26/08/21 03:43:23 INFO StandaloneSchedulerBackend: Shutting down all executors
[2026-08-21T03:43:23.488+0000] {spark_submit.py:571} INFO - 26/08/21 03:43:23 INFO StandaloneSchedulerBackend$StandaloneDriverEndpoint: Asking each executor to shut down
[2026-08-21T03:43:23.508+0000] {spark_submit.py:571} INFO - 26/08/21 03:43:23 INFO MapOutputTrackerMasterEndpoint: MapOutputTrackerMasterEndpoint stopped!
[2026-08-21T03:43:23.528+0000] {spark_submit.py:571} INFO - 26/08/21 03:43:23 INFO MemoryStore: MemoryStore cleared
[2026-08-21T03:43:23.529+0000] {spark_submit.py:571} INFO - 26/08/21 03:43:23 INFO BlockManager: BlockManager stopped
[2026-08-21T03:43:23.536+0000] {spark_submit.py:571} INFO - 26/08/21 03:43:23 INFO BlockManagerMaster: BlockManagerMaster stopped
[2026-08-21T03:43:23.541+0000] {spark_submit.py:571} INFO - 26/08/21 03:43:23 INFO OutputCommitCoordinator$OutputCommitCoordinatorEndpoint: OutputCommitCoordinator stopped!
[2026-08-21T03:43:23.560+0000] {spark_submit.py:571} INFO - 26/08/21 03:43:23 INFO SparkContext: Successfully stopped SparkContext
[2026-08-21T03:43:23.562+0000] {spark_submit.py:571} INFO - 26/08/21 03:43:23 INFO ShutdownHookManager: Shutdown hook called
[2026-08-21T03:43:23.563+0000] {spark_submit.py:571} INFO - 26/08/21 03:43:23 INFO ShutdownHookManager: Deleting directory /tmp/spark-3472be2e-d707-47fd-9cff-7e3469e5ef01
[2026-08-21T03:43:23.571+0000] {spark_submit.py:571} INFO - 26/08/21 03:43:23 INFO ShutdownHookManager: Deleting directory /tmp/spark-3472be2e-d707-47fd-9cff-7e3469e5ef01/pyspark-35a900e0-6d2a-48d7-9157-75def8f2d17e
[2026-08-21T03:43:23.579+0000] {spark_submit.py:571} INFO - 26/08/21 03:43:23 INFO ShutdownHookManager: Deleting directory /tmp/spark-0e1ea736-eb57-4035-a3a3-2f1c3a791a81
[2026-08-21T03:43:23.590+0000] {spark_submit.py:571} INFO - 26/08/21 03:43:23 INFO MetricsSystemImpl: Stopping s3a-file-system metrics system...
[2026-08-21T03:43:23.590+0000] {spark_submit.py:571} INFO - 26/08/21 03:43:23 INFO MetricsSystemImpl: s3a-file-system metrics system stopped.
[2026-08-21T03:43:23.590+0000] {spark_submit.py:571} INFO - 26/08/21 03:43:23 INFO MetricsSystemImpl: s3a-file-system metrics system shutdown complete.
[2026-08-21T03:43:23.649+0000] {taskinstance.py:441} INFO - ::group::Post task execution logs
[2026-08-21T03:43:23.656+0000] {taskinstance.py:2905} ERROR - Task failed with exception
Traceback (most recent call last):
  File "/home/airflow/.local/lib/python3.10/site-packages/airflow/models/taskinstance.py", line 465, in _execute_task
    result = _execute_callable(context=context, **execute_callable_kwargs)
  File "/home/airflow/.local/lib/python3.10/site-packages/airflow/models/taskinstance.py", line 432, in _execute_callable
    return execute_callable(context=context, **execute_callable_kwargs)
  File "/home/airflow/.local/lib/python3.10/site-packages/airflow/models/baseoperator.py", line 400, in wrapper
    return func(self, *args, **kwargs)
  File "/home/airflow/.local/lib/python3.10/site-packages/airflow/providers/apache/spark/operators/spark_submit.py", line 174, in execute
    self._hook.submit(self.application)
  File "/home/airflow/.local/lib/python3.10/site-packages/airflow/providers/apache/spark/hooks/spark_submit.py", line 502, in submit
    raise AirflowException(
airflow.exceptions.AirflowException: Cannot execute: spark-submit --master spark://spark-master:7077 --name arrow-spark --deploy-mode client /opt/spark_scripts/1_ingest_hourly.py --input_path s3a://landingzone/202506.csv --target_date_hour 2025-06-01-01. Error code is: 1.
[2026-08-21T03:43:23.658+0000] {taskinstance.py:1206} INFO - Marking task as UP_FOR_RETRY. dag_id=cell_kpi_hourly_anomaly_pipeline, task_id=1_ingest_hourly_bronze, run_id=scheduled__2025-05-31T18:00:00+00:00, execution_date=20250531T180000, start_date=20260821T034235, end_date=20260821T034323
[2026-08-21T03:43:23.670+0000] {standard_task_runner.py:110} ERROR - Failed to execute job 25 for task 1_ingest_hourly_bronze (Cannot execute: spark-submit --master spark://spark-master:7077 --name arrow-spark --deploy-mode client /opt/spark_scripts/1_ingest_hourly.py --input_path s3a://landingzone/202506.csv --target_date_hour 2025-06-01-01. Error code is: 1.; 1717)
[2026-08-21T03:43:23.701+0000] {local_task_job_runner.py:240} INFO - Task exited with return code 1
[2026-08-21T03:43:23.717+0000] {taskinstance.py:3498} INFO - 0 downstream tasks scheduled from follow-on schedule check
[2026-08-21T03:43:23.719+0000] {local_task_job_runner.py:222} INFO - ::endgroup::
[2026-08-21T03:49:51.183+0000] {local_task_job_runner.py:120} INFO - ::group::Pre task execution logs
[2026-08-21T03:49:51.198+0000] {taskinstance.py:2076} INFO - Dependencies all met for dep_context=non-requeueable deps ti=<TaskInstance: cell_kpi_hourly_anomaly_pipeline.1_ingest_hourly_bronze scheduled__2025-05-31T18:00:00+00:00 [queued]>
[2026-08-21T03:49:51.206+0000] {taskinstance.py:2076} INFO - Dependencies all met for dep_context=requeueable deps ti=<TaskInstance: cell_kpi_hourly_anomaly_pipeline.1_ingest_hourly_bronze scheduled__2025-05-31T18:00:00+00:00 [queued]>
[2026-08-21T03:49:51.206+0000] {taskinstance.py:2306} INFO - Starting attempt 1 of 2
[2026-08-21T03:49:51.216+0000] {taskinstance.py:2330} INFO - Executing <Task(SparkSubmitOperator): 1_ingest_hourly_bronze> on 2025-05-31 18:00:00+00:00
[2026-08-21T03:49:51.222+0000] {standard_task_runner.py:63} INFO - Started process 2186 to run task
[2026-08-21T03:49:51.226+0000] {standard_task_runner.py:90} INFO - Running: ['***', 'tasks', 'run', 'cell_kpi_hourly_anomaly_pipeline', '1_ingest_hourly_bronze', 'scheduled__2025-05-31T18:00:00+00:00', '--job-id', '28', '--raw', '--subdir', 'DAGS_FOLDER/cell_kpi_hourly_anomaly.py', '--cfg-path', '/tmp/tmp896emh_p']
[2026-08-21T03:49:51.228+0000] {standard_task_runner.py:91} INFO - Job 28: Subtask 1_ingest_hourly_bronze
[2026-08-21T03:49:51.274+0000] {task_command.py:426} INFO - Running <TaskInstance: cell_kpi_hourly_anomaly_pipeline.1_ingest_hourly_bronze scheduled__2025-05-31T18:00:00+00:00 [running]> on host c90a551abb73
[2026-08-21T03:49:51.341+0000] {logging_mixin.py:188} WARNING - /home/***/.local/lib/python3.10/site-packages/***/utils/context.py:212 AirflowContextDeprecationWarning: Accessing 'execution_date' from the template is deprecated and will be removed in a future version. Please use 'data_interval_start' or 'logical_date' instead.
[2026-08-21T03:49:51.375+0000] {taskinstance.py:2648} INFO - Exporting env vars: AIRFLOW_CTX_DAG_OWNER='data_engineer_team' AIRFLOW_CTX_DAG_ID='cell_kpi_hourly_anomaly_pipeline' AIRFLOW_CTX_TASK_ID='1_ingest_hourly_bronze' AIRFLOW_CTX_EXECUTION_DATE='2025-05-31T18:00:00+00:00' AIRFLOW_CTX_TRY_NUMBER='1' AIRFLOW_CTX_DAG_RUN_ID='scheduled__2025-05-31T18:00:00+00:00'
[2026-08-21T03:49:51.376+0000] {taskinstance.py:430} INFO - ::endgroup::
[2026-08-21T03:49:51.396+0000] {base.py:84} INFO - Using connection ID 'spark-master' for task execution.
[2026-08-21T03:49:51.397+0000] {spark_submit.py:401} INFO - Spark-Submit cmd: spark-submit --master spark://spark-master:7077 --name arrow-spark --deploy-mode client /opt/spark_scripts/1_ingest_hourly.py --input_path s3a://landingzone/202506.csv --target_date_hour 2025-06-01-01
[2026-08-21T03:49:51.493+0000] {spark_submit.py:571} INFO - /home/***/.local/lib/python3.10/site-packages/pyspark/bin/load-spark-env.sh: line 68: ps: command not found
[2026-08-21T03:49:55.697+0000] {spark_submit.py:571} INFO - 26/08/21 03:49:55 INFO SparkContext: Running Spark version 3.5.1
[2026-08-21T03:49:55.698+0000] {spark_submit.py:571} INFO - 26/08/21 03:49:55 INFO SparkContext: OS info Linux, 6.8.0-1052-azure, amd64
[2026-08-21T03:49:55.698+0000] {spark_submit.py:571} INFO - 26/08/21 03:49:55 INFO SparkContext: Java version 17.0.20
[2026-08-21T03:49:55.782+0000] {spark_submit.py:571} INFO - 26/08/21 03:49:55 WARN NativeCodeLoader: Unable to load native-hadoop library for your platform... using builtin-java classes where applicable
[2026-08-21T03:49:55.978+0000] {spark_submit.py:571} INFO - 26/08/21 03:49:55 INFO ResourceUtils: ==============================================================
[2026-08-21T03:49:55.983+0000] {spark_submit.py:571} INFO - 26/08/21 03:49:55 INFO ResourceUtils: No custom resources configured for spark.driver.
[2026-08-21T03:49:55.984+0000] {spark_submit.py:571} INFO - 26/08/21 03:49:55 INFO ResourceUtils: ==============================================================
[2026-08-21T03:49:55.984+0000] {spark_submit.py:571} INFO - 26/08/21 03:49:55 INFO SparkContext: Submitted application: Ingest_Bronze_2025-06-01-01
[2026-08-21T03:49:56.007+0000] {spark_submit.py:571} INFO - 26/08/21 03:49:56 INFO ResourceProfile: Default ResourceProfile created, executor resources: Map(memory -> name: memory, amount: 1024, script: , vendor: , offHeap -> name: offHeap, amount: 0, script: , vendor: ), task resources: Map(cpus -> name: cpus, amount: 1.0)
[2026-08-21T03:49:56.014+0000] {spark_submit.py:571} INFO - 26/08/21 03:49:56 INFO ResourceProfile: Limiting resource is cpu
[2026-08-21T03:49:56.016+0000] {spark_submit.py:571} INFO - 26/08/21 03:49:56 INFO ResourceProfileManager: Added ResourceProfile id: 0
[2026-08-21T03:49:56.090+0000] {spark_submit.py:571} INFO - 26/08/21 03:49:56 INFO SecurityManager: Changing view acls to: ***
[2026-08-21T03:49:56.091+0000] {spark_submit.py:571} INFO - 26/08/21 03:49:56 INFO SecurityManager: Changing modify acls to: ***
[2026-08-21T03:49:56.092+0000] {spark_submit.py:571} INFO - 26/08/21 03:49:56 INFO SecurityManager: Changing view acls groups to:
[2026-08-21T03:49:56.093+0000] {spark_submit.py:571} INFO - 26/08/21 03:49:56 INFO SecurityManager: Changing modify acls groups to:
[2026-08-21T03:49:56.093+0000] {spark_submit.py:571} INFO - 26/08/21 03:49:56 INFO SecurityManager: SecurityManager: authentication disabled; ui acls disabled; users with view permissions: ***; groups with view permissions: EMPTY; users with modify permissions: ***; groups with modify permissions: EMPTY
[2026-08-21T03:49:56.472+0000] {spark_submit.py:571} INFO - 26/08/21 03:49:56 INFO Utils: Successfully started service 'sparkDriver' on port 45393.
[2026-08-21T03:49:56.579+0000] {spark_submit.py:571} INFO - 26/08/21 03:49:56 INFO SparkEnv: Registering MapOutputTracker
[2026-08-21T03:49:56.646+0000] {spark_submit.py:571} INFO - 26/08/21 03:49:56 INFO SparkEnv: Registering BlockManagerMaster
[2026-08-21T03:49:56.715+0000] {spark_submit.py:571} INFO - 26/08/21 03:49:56 INFO BlockManagerMasterEndpoint: Using org.apache.spark.storage.DefaultTopologyMapper for getting topology information
[2026-08-21T03:49:56.716+0000] {spark_submit.py:571} INFO - 26/08/21 03:49:56 INFO BlockManagerMasterEndpoint: BlockManagerMasterEndpoint up
[2026-08-21T03:49:56.731+0000] {spark_submit.py:571} INFO - 26/08/21 03:49:56 INFO SparkEnv: Registering BlockManagerMasterHeartbeat
[2026-08-21T03:49:56.772+0000] {spark_submit.py:571} INFO - 26/08/21 03:49:56 INFO DiskBlockManager: Created local directory at /tmp/blockmgr-dffe7808-3361-40f1-b3f8-7255c5c84f7c
[2026-08-21T03:49:56.794+0000] {spark_submit.py:571} INFO - 26/08/21 03:49:56 INFO MemoryStore: MemoryStore started with capacity 434.4 MiB
[2026-08-21T03:49:56.824+0000] {spark_submit.py:571} INFO - 26/08/21 03:49:56 INFO SparkEnv: Registering OutputCommitCoordinator
[2026-08-21T03:49:56.997+0000] {spark_submit.py:571} INFO - 26/08/21 03:49:56 INFO JettyUtils: Start Jetty 0.0.0.0:4040 for SparkUI
[2026-08-21T03:49:57.102+0000] {spark_submit.py:571} INFO - 26/08/21 03:49:57 INFO Utils: Successfully started service 'SparkUI' on port 4040.
[2026-08-21T03:49:57.326+0000] {spark_submit.py:571} INFO - 26/08/21 03:49:57 INFO StandaloneAppClient$ClientEndpoint: Connecting to master spark://spark-master:7077...
[2026-08-21T03:49:57.379+0000] {spark_submit.py:571} INFO - 26/08/21 03:49:57 INFO TransportClientFactory: Successfully created connection to spark-master/172.18.0.4:7077 after 32 ms (0 ms spent in bootstraps)
[2026-08-21T03:49:57.519+0000] {spark_submit.py:571} INFO - 26/08/21 03:49:57 INFO StandaloneSchedulerBackend: Connected to Spark cluster with app ID app-20260821034957-0002
[2026-08-21T03:49:57.546+0000] {spark_submit.py:571} INFO - 26/08/21 03:49:57 INFO StandaloneAppClient$ClientEndpoint: Executor added: app-20260821034957-0002/0 on worker-20260821021253-172.18.0.6-39045 (172.18.0.6:39045) with 2 core(s)
[2026-08-21T03:49:57.554+0000] {spark_submit.py:571} INFO - 26/08/21 03:49:57 INFO Utils: Successfully started service 'org.apache.spark.network.netty.NettyBlockTransferService' on port 37033.
[2026-08-21T03:49:57.555+0000] {spark_submit.py:571} INFO - 26/08/21 03:49:57 INFO NettyBlockTransferService: Server created on c90a551abb73:37033
[2026-08-21T03:49:57.561+0000] {spark_submit.py:571} INFO - 26/08/21 03:49:57 INFO StandaloneSchedulerBackend: Granted executor ID app-20260821034957-0002/0 on hostPort 172.18.0.6:39045 with 2 core(s), 1024.0 MiB RAM
[2026-08-21T03:49:57.565+0000] {spark_submit.py:571} INFO - 26/08/21 03:49:57 INFO BlockManager: Using org.apache.spark.storage.RandomBlockReplicationPolicy for block replication policy
[2026-08-21T03:49:57.577+0000] {spark_submit.py:571} INFO - 26/08/21 03:49:57 INFO StandaloneAppClient$ClientEndpoint: Executor added: app-20260821034957-0002/1 on worker-20260821021253-172.18.0.7-44957 (172.18.0.7:44957) with 2 core(s)
[2026-08-21T03:49:57.580+0000] {spark_submit.py:571} INFO - 26/08/21 03:49:57 INFO StandaloneSchedulerBackend: Granted executor ID app-20260821034957-0002/1 on hostPort 172.18.0.7:44957 with 2 core(s), 1024.0 MiB RAM
[2026-08-21T03:49:57.587+0000] {spark_submit.py:571} INFO - 26/08/21 03:49:57 INFO StandaloneAppClient$ClientEndpoint: Executor updated: app-20260821034957-0002/1 is now RUNNING
[2026-08-21T03:49:57.596+0000] {spark_submit.py:571} INFO - 26/08/21 03:49:57 INFO StandaloneAppClient$ClientEndpoint: Executor updated: app-20260821034957-0002/0 is now RUNNING
[2026-08-21T03:49:57.599+0000] {spark_submit.py:571} INFO - 26/08/21 03:49:57 INFO BlockManagerMaster: Registering BlockManager BlockManagerId(driver, c90a551abb73, 37033, None)
[2026-08-21T03:49:57.611+0000] {spark_submit.py:571} INFO - 26/08/21 03:49:57 INFO BlockManagerMasterEndpoint: Registering block manager c90a551abb73:37033 with 434.4 MiB RAM, BlockManagerId(driver, c90a551abb73, 37033, None)
[2026-08-21T03:49:57.617+0000] {spark_submit.py:571} INFO - 26/08/21 03:49:57 INFO BlockManagerMaster: Registered BlockManager BlockManagerId(driver, c90a551abb73, 37033, None)
[2026-08-21T03:49:57.620+0000] {spark_submit.py:571} INFO - 26/08/21 03:49:57 INFO BlockManager: Initialized BlockManager: BlockManagerId(driver, c90a551abb73, 37033, None)
[2026-08-21T03:49:58.263+0000] {spark_submit.py:571} INFO - 26/08/21 03:49:58 INFO StandaloneSchedulerBackend: SchedulerBackend is ready for scheduling beginning after reached minRegisteredResourcesRatio: 0.0
[2026-08-21T03:49:59.029+0000] {spark_submit.py:571} INFO - Đang nạp s3a://landingzone/202506.csv và trích xuất dữ liệu ca: 2025-06-01-01...
[2026-08-21T03:49:59.261+0000] {spark_submit.py:571} INFO - 26/08/21 03:49:59 INFO SharedState: Setting hive.metastore.warehouse.dir ('null') to the value of spark.sql.warehouse.dir.
[2026-08-21T03:49:59.280+0000] {spark_submit.py:571} INFO - 26/08/21 03:49:59 INFO SharedState: Warehouse path is 'file:/opt/***/spark-warehouse'.
[2026-08-21T03:50:02.190+0000] {spark_submit.py:571} INFO - 26/08/21 03:50:02 WARN MetricsConfig: Cannot locate configuration: tried hadoop-metrics2-s3a-file-system.properties,hadoop-metrics2.properties
[2026-08-21T03:50:02.226+0000] {spark_submit.py:571} INFO - 26/08/21 03:50:02 INFO MetricsSystemImpl: Scheduled Metric snapshot period at 10 second(s).
[2026-08-21T03:50:02.227+0000] {spark_submit.py:571} INFO - 26/08/21 03:50:02 INFO MetricsSystemImpl: s3a-file-system metrics system started
[2026-08-21T03:50:03.869+0000] {spark_submit.py:571} INFO - 26/08/21 03:50:03 INFO StandaloneSchedulerBackend$StandaloneDriverEndpoint: Registered executor NettyRpcEndpointRef(spark-client://Executor) (172.18.0.6:41290) with ID 0,  ResourceProfileId 0
[2026-08-21T03:50:03.930+0000] {spark_submit.py:571} INFO - 26/08/21 03:50:03 INFO StandaloneSchedulerBackend$StandaloneDriverEndpoint: Registered executor NettyRpcEndpointRef(spark-client://Executor) (172.18.0.7:50132) with ID 1,  ResourceProfileId 0
[2026-08-21T03:50:04.059+0000] {spark_submit.py:571} INFO - 26/08/21 03:50:04 INFO BlockManagerMasterEndpoint: Registering block manager 172.18.0.6:44641 with 434.4 MiB RAM, BlockManagerId(0, 172.18.0.6, 44641, None)
[2026-08-21T03:50:04.202+0000] {spark_submit.py:571} INFO - 26/08/21 03:50:04 INFO BlockManagerMasterEndpoint: Registering block manager 172.18.0.7:35287 with 434.4 MiB RAM, BlockManagerId(1, 172.18.0.7, 35287, None)
[2026-08-21T03:50:04.587+0000] {spark_submit.py:571} INFO - 26/08/21 03:50:04 INFO InMemoryFileIndex: It took 59 ms to list leaf files for 1 paths.
[2026-08-21T03:50:04.677+0000] {spark_submit.py:571} INFO - 26/08/21 03:50:04 INFO InMemoryFileIndex: It took 17 ms to list leaf files for 1 paths.
[2026-08-21T03:50:07.397+0000] {spark_submit.py:571} INFO - 26/08/21 03:50:07 INFO FileSourceStrategy: Pushed Filters:
[2026-08-21T03:50:07.401+0000] {spark_submit.py:571} INFO - 26/08/21 03:50:07 INFO FileSourceStrategy: Post-Scan Filters: (length(trim(value#0, None)) > 0)
[2026-08-21T03:50:08.051+0000] {spark_submit.py:571} INFO - 26/08/21 03:50:08 INFO CodeGenerator: Code generated in 239.701276 ms
[2026-08-21T03:50:08.105+0000] {spark_submit.py:571} INFO - 26/08/21 03:50:08 INFO MemoryStore: Block broadcast_0 stored as values in memory (estimated size 201.7 KiB, free 434.2 MiB)
[2026-08-21T03:50:08.172+0000] {spark_submit.py:571} INFO - 26/08/21 03:50:08 INFO MemoryStore: Block broadcast_0_piece0 stored as bytes in memory (estimated size 34.9 KiB, free 434.2 MiB)
[2026-08-21T03:50:08.176+0000] {spark_submit.py:571} INFO - 26/08/21 03:50:08 INFO BlockManagerInfo: Added broadcast_0_piece0 in memory on c90a551abb73:37033 (size: 34.9 KiB, free: 434.4 MiB)
[2026-08-21T03:50:08.183+0000] {spark_submit.py:571} INFO - 26/08/21 03:50:08 INFO SparkContext: Created broadcast 0 from csv at NativeMethodAccessorImpl.java:0
[2026-08-21T03:50:08.191+0000] {spark_submit.py:571} INFO - 26/08/21 03:50:08 INFO FileSourceScanExec: Planning scan with bin packing, max size: 134217728 bytes, open cost is considered as scanning 4194304 bytes.
[2026-08-21T03:50:08.337+0000] {spark_submit.py:571} INFO - 26/08/21 03:50:08 INFO SparkContext: Starting job: csv at NativeMethodAccessorImpl.java:0
[2026-08-21T03:50:08.355+0000] {spark_submit.py:571} INFO - 26/08/21 03:50:08 INFO DAGScheduler: Got job 0 (csv at NativeMethodAccessorImpl.java:0) with 1 output partitions
[2026-08-21T03:50:08.355+0000] {spark_submit.py:571} INFO - 26/08/21 03:50:08 INFO DAGScheduler: Final stage: ResultStage 0 (csv at NativeMethodAccessorImpl.java:0)
[2026-08-21T03:50:08.356+0000] {spark_submit.py:571} INFO - 26/08/21 03:50:08 INFO DAGScheduler: Parents of final stage: List()
[2026-08-21T03:50:08.359+0000] {spark_submit.py:571} INFO - 26/08/21 03:50:08 INFO DAGScheduler: Missing parents: List()
[2026-08-21T03:50:08.362+0000] {spark_submit.py:571} INFO - 26/08/21 03:50:08 INFO DAGScheduler: Submitting ResultStage 0 (MapPartitionsRDD[3] at csv at NativeMethodAccessorImpl.java:0), which has no missing parents
[2026-08-21T03:50:08.443+0000] {spark_submit.py:571} INFO - 26/08/21 03:50:08 INFO MemoryStore: Block broadcast_1 stored as values in memory (estimated size 13.5 KiB, free 434.2 MiB)
[2026-08-21T03:50:08.453+0000] {spark_submit.py:571} INFO - 26/08/21 03:50:08 INFO MemoryStore: Block broadcast_1_piece0 stored as bytes in memory (estimated size 6.4 KiB, free 434.1 MiB)
[2026-08-21T03:50:08.454+0000] {spark_submit.py:571} INFO - 26/08/21 03:50:08 INFO BlockManagerInfo: Added broadcast_1_piece0 in memory on c90a551abb73:37033 (size: 6.4 KiB, free: 434.4 MiB)
[2026-08-21T03:50:08.456+0000] {spark_submit.py:571} INFO - 26/08/21 03:50:08 INFO SparkContext: Created broadcast 1 from broadcast at DAGScheduler.scala:1585
[2026-08-21T03:50:08.470+0000] {spark_submit.py:571} INFO - 26/08/21 03:50:08 INFO DAGScheduler: Submitting 1 missing tasks from ResultStage 0 (MapPartitionsRDD[3] at csv at NativeMethodAccessorImpl.java:0) (first 15 tasks are for partitions Vector(0))
[2026-08-21T03:50:08.474+0000] {spark_submit.py:571} INFO - 26/08/21 03:50:08 INFO TaskSchedulerImpl: Adding task set 0.0 with 1 tasks resource profile 0
[2026-08-21T03:50:08.507+0000] {spark_submit.py:571} INFO - 26/08/21 03:50:08 INFO TaskSetManager: Starting task 0.0 in stage 0.0 (TID 0) (172.18.0.7, executor 1, partition 0, PROCESS_LOCAL, 8210 bytes)
[2026-08-21T03:50:08.752+0000] {spark_submit.py:571} INFO - 26/08/21 03:50:08 INFO BlockManagerInfo: Added broadcast_1_piece0 in memory on 172.18.0.7:35287 (size: 6.4 KiB, free: 434.4 MiB)
[2026-08-21T03:50:09.556+0000] {spark_submit.py:571} INFO - 26/08/21 03:50:09 INFO BlockManagerInfo: Added broadcast_0_piece0 in memory on 172.18.0.7:35287 (size: 34.9 KiB, free: 434.4 MiB)
[2026-08-21T03:50:10.614+0000] {spark_submit.py:571} INFO - 26/08/21 03:50:10 INFO TaskSetManager: Finished task 0.0 in stage 0.0 (TID 0) in 2122 ms on 172.18.0.7 (executor 1) (1/1)
[2026-08-21T03:50:10.616+0000] {spark_submit.py:571} INFO - 26/08/21 03:50:10 INFO TaskSchedulerImpl: Removed TaskSet 0.0, whose tasks have all completed, from pool
[2026-08-21T03:50:10.620+0000] {spark_submit.py:571} INFO - 26/08/21 03:50:10 INFO DAGScheduler: ResultStage 0 (csv at NativeMethodAccessorImpl.java:0) finished in 2.239 s
[2026-08-21T03:50:10.623+0000] {spark_submit.py:571} INFO - 26/08/21 03:50:10 INFO DAGScheduler: Job 0 is finished. Cancelling potential speculative or zombie tasks for this job
[2026-08-21T03:50:10.623+0000] {spark_submit.py:571} INFO - 26/08/21 03:50:10 INFO TaskSchedulerImpl: Killing all running tasks in stage 0: Stage finished
[2026-08-21T03:50:10.627+0000] {spark_submit.py:571} INFO - 26/08/21 03:50:10 INFO DAGScheduler: Job 0 finished: csv at NativeMethodAccessorImpl.java:0, took 2.289189 s
[2026-08-21T03:50:10.650+0000] {spark_submit.py:571} INFO - 26/08/21 03:50:10 INFO CodeGenerator: Code generated in 11.255831 ms
[2026-08-21T03:50:10.711+0000] {spark_submit.py:571} INFO - 26/08/21 03:50:10 INFO FileSourceStrategy: Pushed Filters:
[2026-08-21T03:50:10.712+0000] {spark_submit.py:571} INFO - 26/08/21 03:50:10 INFO FileSourceStrategy: Post-Scan Filters:
[2026-08-21T03:50:10.723+0000] {spark_submit.py:571} INFO - 26/08/21 03:50:10 INFO BlockManagerInfo: Removed broadcast_1_piece0 on c90a551abb73:37033 in memory (size: 6.4 KiB, free: 434.4 MiB)
[2026-08-21T03:50:10.734+0000] {spark_submit.py:571} INFO - 26/08/21 03:50:10 INFO MemoryStore: Block broadcast_2 stored as values in memory (estimated size 201.7 KiB, free 434.0 MiB)
[2026-08-21T03:50:10.755+0000] {spark_submit.py:571} INFO - 26/08/21 03:50:10 INFO BlockManagerInfo: Removed broadcast_1_piece0 on 172.18.0.7:35287 in memory (size: 6.4 KiB, free: 434.4 MiB)
[2026-08-21T03:50:10.768+0000] {spark_submit.py:571} INFO - 26/08/21 03:50:10 INFO MemoryStore: Block broadcast_2_piece0 stored as bytes in memory (estimated size 34.9 KiB, free 433.9 MiB)
[2026-08-21T03:50:10.769+0000] {spark_submit.py:571} INFO - 26/08/21 03:50:10 INFO BlockManagerInfo: Added broadcast_2_piece0 in memory on c90a551abb73:37033 (size: 34.9 KiB, free: 434.3 MiB)
[2026-08-21T03:50:10.772+0000] {spark_submit.py:571} INFO - 26/08/21 03:50:10 INFO SparkContext: Created broadcast 2 from csv at NativeMethodAccessorImpl.java:0
[2026-08-21T03:50:10.774+0000] {spark_submit.py:571} INFO - 26/08/21 03:50:10 INFO FileSourceScanExec: Planning scan with bin packing, max size: 134217728 bytes, open cost is considered as scanning 4194304 bytes.
[2026-08-21T03:50:10.848+0000] {spark_submit.py:571} INFO - 26/08/21 03:50:10 INFO SparkContext: Starting job: csv at NativeMethodAccessorImpl.java:0
[2026-08-21T03:50:10.849+0000] {spark_submit.py:571} INFO - 26/08/21 03:50:10 INFO DAGScheduler: Got job 1 (csv at NativeMethodAccessorImpl.java:0) with 7 output partitions
[2026-08-21T03:50:10.850+0000] {spark_submit.py:571} INFO - 26/08/21 03:50:10 INFO DAGScheduler: Final stage: ResultStage 1 (csv at NativeMethodAccessorImpl.java:0)
[2026-08-21T03:50:10.850+0000] {spark_submit.py:571} INFO - 26/08/21 03:50:10 INFO DAGScheduler: Parents of final stage: List()
[2026-08-21T03:50:10.851+0000] {spark_submit.py:571} INFO - 26/08/21 03:50:10 INFO DAGScheduler: Missing parents: List()
[2026-08-21T03:50:10.852+0000] {spark_submit.py:571} INFO - 26/08/21 03:50:10 INFO DAGScheduler: Submitting ResultStage 1 (MapPartitionsRDD[9] at csv at NativeMethodAccessorImpl.java:0), which has no missing parents
[2026-08-21T03:50:10.868+0000] {spark_submit.py:571} INFO - 26/08/21 03:50:10 INFO MemoryStore: Block broadcast_3 stored as values in memory (estimated size 28.3 KiB, free 433.9 MiB)
[2026-08-21T03:50:10.874+0000] {spark_submit.py:571} INFO - 26/08/21 03:50:10 INFO MemoryStore: Block broadcast_3_piece0 stored as bytes in memory (estimated size 13.1 KiB, free 433.9 MiB)
[2026-08-21T03:50:10.875+0000] {spark_submit.py:571} INFO - 26/08/21 03:50:10 INFO BlockManagerInfo: Added broadcast_3_piece0 in memory on c90a551abb73:37033 (size: 13.1 KiB, free: 434.3 MiB)
[2026-08-21T03:50:10.877+0000] {spark_submit.py:571} INFO - 26/08/21 03:50:10 INFO SparkContext: Created broadcast 3 from broadcast at DAGScheduler.scala:1585
[2026-08-21T03:50:10.877+0000] {spark_submit.py:571} INFO - 26/08/21 03:50:10 INFO DAGScheduler: Submitting 7 missing tasks from ResultStage 1 (MapPartitionsRDD[9] at csv at NativeMethodAccessorImpl.java:0) (first 15 tasks are for partitions Vector(0, 1, 2, 3, 4, 5, 6))
[2026-08-21T03:50:10.878+0000] {spark_submit.py:571} INFO - 26/08/21 03:50:10 INFO TaskSchedulerImpl: Adding task set 1.0 with 7 tasks resource profile 0
[2026-08-21T03:50:10.879+0000] {spark_submit.py:571} INFO - 26/08/21 03:50:10 INFO TaskSetManager: Starting task 0.0 in stage 1.0 (TID 1) (172.18.0.6, executor 0, partition 0, PROCESS_LOCAL, 8210 bytes)
[2026-08-21T03:50:10.879+0000] {spark_submit.py:571} INFO - 26/08/21 03:50:10 INFO TaskSetManager: Starting task 1.0 in stage 1.0 (TID 2) (172.18.0.7, executor 1, partition 1, PROCESS_LOCAL, 8210 bytes)
[2026-08-21T03:50:10.880+0000] {spark_submit.py:571} INFO - 26/08/21 03:50:10 INFO TaskSetManager: Starting task 2.0 in stage 1.0 (TID 3) (172.18.0.6, executor 0, partition 2, PROCESS_LOCAL, 8210 bytes)
[2026-08-21T03:50:10.881+0000] {spark_submit.py:571} INFO - 26/08/21 03:50:10 INFO TaskSetManager: Starting task 3.0 in stage 1.0 (TID 4) (172.18.0.7, executor 1, partition 3, PROCESS_LOCAL, 8210 bytes)
[2026-08-21T03:50:10.934+0000] {spark_submit.py:571} INFO - 26/08/21 03:50:10 INFO BlockManagerInfo: Added broadcast_3_piece0 in memory on 172.18.0.7:35287 (size: 13.1 KiB, free: 434.4 MiB)
[2026-08-21T03:50:11.032+0000] {spark_submit.py:571} INFO - 26/08/21 03:50:11 INFO BlockManagerInfo: Removed broadcast_0_piece0 on c90a551abb73:37033 in memory (size: 34.9 KiB, free: 434.4 MiB)
[2026-08-21T03:50:11.058+0000] {spark_submit.py:571} INFO - 26/08/21 03:50:11 INFO BlockManagerInfo: Removed broadcast_0_piece0 on 172.18.0.7:35287 in memory (size: 34.9 KiB, free: 434.4 MiB)
[2026-08-21T03:50:11.337+0000] {spark_submit.py:571} INFO - 26/08/21 03:50:11 INFO BlockManagerInfo: Added broadcast_3_piece0 in memory on 172.18.0.6:44641 (size: 13.1 KiB, free: 434.4 MiB)
[2026-08-21T03:50:12.590+0000] {spark_submit.py:571} INFO - 26/08/21 03:50:12 INFO BlockManagerInfo: Added broadcast_2_piece0 in memory on 172.18.0.7:35287 (size: 34.9 KiB, free: 434.4 MiB)
[2026-08-21T03:50:14.778+0000] {spark_submit.py:571} INFO - 26/08/21 03:50:14 INFO BlockManagerInfo: Added broadcast_2_piece0 in memory on 172.18.0.6:44641 (size: 34.9 KiB, free: 434.4 MiB)
[2026-08-21T03:50:15.317+0000] {spark_submit.py:571} INFO - 26/08/21 03:50:15 INFO TaskSetManager: Starting task 4.0 in stage 1.0 (TID 5) (172.18.0.7, executor 1, partition 4, PROCESS_LOCAL, 8210 bytes)
[2026-08-21T03:50:15.319+0000] {spark_submit.py:571} INFO - 26/08/21 03:50:15 INFO TaskSetManager: Finished task 1.0 in stage 1.0 (TID 2) in 4441 ms on 172.18.0.7 (executor 1) (1/7)
[2026-08-21T03:50:15.401+0000] {spark_submit.py:571} INFO - 26/08/21 03:50:15 INFO TaskSetManager: Starting task 5.0 in stage 1.0 (TID 6) (172.18.0.7, executor 1, partition 5, PROCESS_LOCAL, 8210 bytes)
[2026-08-21T03:50:15.402+0000] {spark_submit.py:571} INFO - 26/08/21 03:50:15 INFO TaskSetManager: Finished task 3.0 in stage 1.0 (TID 4) in 4522 ms on 172.18.0.7 (executor 1) (2/7)
[2026-08-21T03:50:17.752+0000] {spark_submit.py:571} INFO - 26/08/21 03:50:17 INFO TaskSetManager: Starting task 6.0 in stage 1.0 (TID 7) (172.18.0.7, executor 1, partition 6, PROCESS_LOCAL, 8210 bytes)
[2026-08-21T03:50:17.757+0000] {spark_submit.py:571} INFO - 26/08/21 03:50:17 INFO TaskSetManager: Finished task 4.0 in stage 1.0 (TID 5) in 2439 ms on 172.18.0.7 (executor 1) (3/7)
[2026-08-21T03:50:17.992+0000] {spark_submit.py:571} INFO - 26/08/21 03:50:17 INFO TaskSetManager: Finished task 5.0 in stage 1.0 (TID 6) in 2597 ms on 172.18.0.7 (executor 1) (4/7)
[2026-08-21T03:50:20.009+0000] {spark_submit.py:571} INFO - 26/08/21 03:50:20 INFO TaskSetManager: Finished task 6.0 in stage 1.0 (TID 7) in 2258 ms on 172.18.0.7 (executor 1) (5/7)
[2026-08-21T03:50:20.174+0000] {spark_submit.py:571} INFO - 26/08/21 03:50:20 INFO TaskSetManager: Finished task 2.0 in stage 1.0 (TID 3) in 9294 ms on 172.18.0.6 (executor 0) (6/7)
[2026-08-21T03:50:20.215+0000] {spark_submit.py:571} INFO - 26/08/21 03:50:20 INFO TaskSetManager: Finished task 0.0 in stage 1.0 (TID 1) in 9337 ms on 172.18.0.6 (executor 0) (7/7)
[2026-08-21T03:50:20.216+0000] {spark_submit.py:571} INFO - 26/08/21 03:50:20 INFO TaskSchedulerImpl: Removed TaskSet 1.0, whose tasks have all completed, from pool
[2026-08-21T03:50:20.219+0000] {spark_submit.py:571} INFO - 26/08/21 03:50:20 INFO DAGScheduler: ResultStage 1 (csv at NativeMethodAccessorImpl.java:0) finished in 9.365 s
[2026-08-21T03:50:20.219+0000] {spark_submit.py:571} INFO - 26/08/21 03:50:20 INFO DAGScheduler: Job 1 is finished. Cancelling potential speculative or zombie tasks for this job
[2026-08-21T03:50:20.219+0000] {spark_submit.py:571} INFO - 26/08/21 03:50:20 INFO TaskSchedulerImpl: Killing all running tasks in stage 1: Stage finished
[2026-08-21T03:50:20.222+0000] {spark_submit.py:571} INFO - 26/08/21 03:50:20 INFO DAGScheduler: Job 1 finished: csv at NativeMethodAccessorImpl.java:0, took 9.371559 s
[2026-08-21T03:50:20.409+0000] {spark_submit.py:571} INFO - Traceback (most recent call last):
[2026-08-21T03:50:20.409+0000] {spark_submit.py:571} INFO - File "/opt/spark_scripts/1_ingest_hourly.py", line 63, in <module>
[2026-08-21T03:50:20.409+0000] {spark_submit.py:571} INFO - main()
[2026-08-21T03:50:20.410+0000] {spark_submit.py:571} INFO - File "/opt/spark_scripts/1_ingest_hourly.py", line 33, in main
[2026-08-21T03:50:20.410+0000] {spark_submit.py:571} INFO - df_hourly = raw_df.filter(F.col("date_hour").cast("string") == args.target_date_hour)
[2026-08-21T03:50:20.410+0000] {spark_submit.py:571} INFO - File "/home/***/.local/lib/python3.10/site-packages/pyspark/python/lib/pyspark.zip/pyspark/sql/dataframe.py", line 3329, in filter
[2026-08-21T03:50:20.411+0000] {spark_submit.py:571} INFO - File "/home/***/.local/lib/python3.10/site-packages/pyspark/python/lib/py4j-0.10.9.7-src.zip/py4j/java_gateway.py", line 1322, in __call__
[2026-08-21T03:50:20.411+0000] {spark_submit.py:571} INFO - File "/home/***/.local/lib/python3.10/site-packages/pyspark/python/lib/pyspark.zip/pyspark/errors/exceptions/captured.py", line 185, in deco
[2026-08-21T03:50:20.416+0000] {spark_submit.py:571} INFO - pyspark.errors.exceptions.captured.AnalysisException: [UNRESOLVED_COLUMN.WITH_SUGGESTION] A column or function parameter with name `date_hour` cannot be resolved. Did you mean one of the following? [`"enb_name"|"cell_name"|"date_hour"|"dl_traffic_gb"|"ul_traffic_gb"|"total_traffic_gb"|"max_rrc_connected_user"|"ul_prb"|"ul_prb_used"|"ul_prb_available_total"|"dl_prb"|"dl_prb_used"|"dl_prb_available_total"|"sector"|"azimuth"|"cell_type"|"x"|"y"`].;
[2026-08-21T03:50:20.418+0000] {spark_submit.py:571} INFO - 'Filter (cast('date_hour as string) = 2025-06-01-01)
[2026-08-21T03:50:20.419+0000] {spark_submit.py:571} INFO - +- Relation ["enb_name"|"cell_name"|"date_hour"|"dl_traffic_gb"|"ul_traffic_gb"|"total_traffic_gb"|"max_rrc_connected_user"|"ul_prb"|"ul_prb_used"|"ul_prb_available_total"|"dl_prb"|"dl_prb_used"|"dl_prb_available_total"|"sector"|"azimuth"|"cell_type"|"x"|"y"#17] csv
[2026-08-21T03:50:20.419+0000] {spark_submit.py:571} INFO - 
[2026-08-21T03:50:20.449+0000] {spark_submit.py:571} INFO - 26/08/21 03:50:20 INFO SparkContext: Invoking stop() from shutdown hook
[2026-08-21T03:50:20.450+0000] {spark_submit.py:571} INFO - 26/08/21 03:50:20 INFO SparkContext: SparkContext is stopping with exitCode 0.
[2026-08-21T03:50:20.468+0000] {spark_submit.py:571} INFO - 26/08/21 03:50:20 INFO SparkUI: Stopped Spark web UI at http://c90a551abb73:4040
[2026-08-21T03:50:20.473+0000] {spark_submit.py:571} INFO - 26/08/21 03:50:20 INFO StandaloneSchedulerBackend: Shutting down all executors
[2026-08-21T03:50:20.473+0000] {spark_submit.py:571} INFO - 26/08/21 03:50:20 INFO StandaloneSchedulerBackend$StandaloneDriverEndpoint: Asking each executor to shut down
[2026-08-21T03:50:20.521+0000] {spark_submit.py:571} INFO - 26/08/21 03:50:20 INFO MapOutputTrackerMasterEndpoint: MapOutputTrackerMasterEndpoint stopped!
[2026-08-21T03:50:20.584+0000] {spark_submit.py:571} INFO - 26/08/21 03:50:20 INFO MemoryStore: MemoryStore cleared
[2026-08-21T03:50:20.587+0000] {spark_submit.py:571} INFO - 26/08/21 03:50:20 INFO BlockManager: BlockManager stopped
[2026-08-21T03:50:20.595+0000] {spark_submit.py:571} INFO - 26/08/21 03:50:20 INFO BlockManagerMaster: BlockManagerMaster stopped
[2026-08-21T03:50:20.602+0000] {spark_submit.py:571} INFO - 26/08/21 03:50:20 INFO OutputCommitCoordinator$OutputCommitCoordinatorEndpoint: OutputCommitCoordinator stopped!
[2026-08-21T03:50:20.652+0000] {spark_submit.py:571} INFO - 26/08/21 03:50:20 INFO SparkContext: Successfully stopped SparkContext
[2026-08-21T03:50:20.653+0000] {spark_submit.py:571} INFO - 26/08/21 03:50:20 INFO ShutdownHookManager: Shutdown hook called
[2026-08-21T03:50:20.653+0000] {spark_submit.py:571} INFO - 26/08/21 03:50:20 INFO ShutdownHookManager: Deleting directory /tmp/spark-0ee0bbf0-e333-46fe-ac15-c7a8dcc38771
[2026-08-21T03:50:20.673+0000] {spark_submit.py:571} INFO - 26/08/21 03:50:20 INFO ShutdownHookManager: Deleting directory /tmp/spark-ceacf63c-8761-4b03-9663-44e898fdc6f4
[2026-08-21T03:50:20.681+0000] {spark_submit.py:571} INFO - 26/08/21 03:50:20 INFO ShutdownHookManager: Deleting directory /tmp/spark-0ee0bbf0-e333-46fe-ac15-c7a8dcc38771/pyspark-ea12eeeb-c8d4-4972-b2fe-af7ee185aba4
[2026-08-21T03:50:20.704+0000] {spark_submit.py:571} INFO - 26/08/21 03:50:20 INFO MetricsSystemImpl: Stopping s3a-file-system metrics system...
[2026-08-21T03:50:20.706+0000] {spark_submit.py:571} INFO - 26/08/21 03:50:20 INFO MetricsSystemImpl: s3a-file-system metrics system stopped.
[2026-08-21T03:50:20.706+0000] {spark_submit.py:571} INFO - 26/08/21 03:50:20 INFO MetricsSystemImpl: s3a-file-system metrics system shutdown complete.
[2026-08-21T03:50:20.798+0000] {taskinstance.py:441} INFO - ::group::Post task execution logs
[2026-08-21T03:50:20.811+0000] {taskinstance.py:2905} ERROR - Task failed with exception
Traceback (most recent call last):
  File "/home/airflow/.local/lib/python3.10/site-packages/airflow/models/taskinstance.py", line 465, in _execute_task
    result = _execute_callable(context=context, **execute_callable_kwargs)
  File "/home/airflow/.local/lib/python3.10/site-packages/airflow/models/taskinstance.py", line 432, in _execute_callable
    return execute_callable(context=context, **execute_callable_kwargs)
  File "/home/airflow/.local/lib/python3.10/site-packages/airflow/models/baseoperator.py", line 400, in wrapper
    return func(self, *args, **kwargs)
  File "/home/airflow/.local/lib/python3.10/site-packages/airflow/providers/apache/spark/operators/spark_submit.py", line 174, in execute
    self._hook.submit(self.application)
  File "/home/airflow/.local/lib/python3.10/site-packages/airflow/providers/apache/spark/hooks/spark_submit.py", line 502, in submit
    raise AirflowException(
airflow.exceptions.AirflowException: Cannot execute: spark-submit --master spark://spark-master:7077 --name arrow-spark --deploy-mode client /opt/spark_scripts/1_ingest_hourly.py --input_path s3a://landingzone/202506.csv --target_date_hour 2025-06-01-01. Error code is: 1.
[2026-08-21T03:50:20.818+0000] {taskinstance.py:1206} INFO - Marking task as UP_FOR_RETRY. dag_id=cell_kpi_hourly_anomaly_pipeline, task_id=1_ingest_hourly_bronze, run_id=scheduled__2025-05-31T18:00:00+00:00, execution_date=20250531T180000, start_date=20260821T034951, end_date=20260821T035020
[2026-08-21T03:50:20.835+0000] {standard_task_runner.py:110} ERROR - Failed to execute job 28 for task 1_ingest_hourly_bronze (Cannot execute: spark-submit --master spark://spark-master:7077 --name arrow-spark --deploy-mode client /opt/spark_scripts/1_ingest_hourly.py --input_path s3a://landingzone/202506.csv --target_date_hour 2025-06-01-01. Error code is: 1.; 2186)
[2026-08-21T03:50:20.866+0000] {local_task_job_runner.py:240} INFO - Task exited with return code 1
[2026-08-21T03:50:20.900+0000] {taskinstance.py:3498} INFO - 0 downstream tasks scheduled from follow-on schedule check
[2026-08-21T03:50:20.906+0000] {local_task_job_runner.py:222} INFO - ::endgroup::
[2026-08-21T04:10:02.460+0000] {local_task_job_runner.py:120} INFO - ::group::Pre task execution logs
[2026-08-21T04:10:02.478+0000] {taskinstance.py:2076} INFO - Dependencies all met for dep_context=non-requeueable deps ti=<TaskInstance: cell_kpi_hourly_anomaly_pipeline.1_ingest_hourly_bronze scheduled__2025-05-31T18:00:00+00:00 [queued]>
[2026-08-21T04:10:02.485+0000] {taskinstance.py:2076} INFO - Dependencies all met for dep_context=requeueable deps ti=<TaskInstance: cell_kpi_hourly_anomaly_pipeline.1_ingest_hourly_bronze scheduled__2025-05-31T18:00:00+00:00 [queued]>
[2026-08-21T04:10:02.486+0000] {taskinstance.py:2306} INFO - Starting attempt 1 of 2
[2026-08-21T04:10:02.496+0000] {taskinstance.py:2330} INFO - Executing <Task(SparkSubmitOperator): 1_ingest_hourly_bronze> on 2025-05-31 18:00:00+00:00
[2026-08-21T04:10:02.503+0000] {standard_task_runner.py:63} INFO - Started process 4264 to run task
[2026-08-21T04:10:02.507+0000] {standard_task_runner.py:90} INFO - Running: ['***', 'tasks', 'run', 'cell_kpi_hourly_anomaly_pipeline', '1_ingest_hourly_bronze', 'scheduled__2025-05-31T18:00:00+00:00', '--job-id', '45', '--raw', '--subdir', 'DAGS_FOLDER/cell_kpi_hourly_anomaly.py', '--cfg-path', '/tmp/tmphvqhq00v']
[2026-08-21T04:10:02.509+0000] {standard_task_runner.py:91} INFO - Job 45: Subtask 1_ingest_hourly_bronze
[2026-08-21T04:10:02.553+0000] {task_command.py:426} INFO - Running <TaskInstance: cell_kpi_hourly_anomaly_pipeline.1_ingest_hourly_bronze scheduled__2025-05-31T18:00:00+00:00 [running]> on host c90a551abb73
[2026-08-21T04:10:02.607+0000] {logging_mixin.py:188} WARNING - /home/***/.local/lib/python3.10/site-packages/***/utils/context.py:212 AirflowContextDeprecationWarning: Accessing 'execution_date' from the template is deprecated and will be removed in a future version. Please use 'data_interval_start' or 'logical_date' instead.
[2026-08-21T04:10:02.642+0000] {taskinstance.py:2648} INFO - Exporting env vars: AIRFLOW_CTX_DAG_OWNER='data_engineer_team' AIRFLOW_CTX_DAG_ID='cell_kpi_hourly_anomaly_pipeline' AIRFLOW_CTX_TASK_ID='1_ingest_hourly_bronze' AIRFLOW_CTX_EXECUTION_DATE='2025-05-31T18:00:00+00:00' AIRFLOW_CTX_TRY_NUMBER='1' AIRFLOW_CTX_DAG_RUN_ID='scheduled__2025-05-31T18:00:00+00:00'
[2026-08-21T04:10:02.643+0000] {taskinstance.py:430} INFO - ::endgroup::
[2026-08-21T04:10:02.660+0000] {base.py:84} INFO - Using connection ID 'spark-master' for task execution.
[2026-08-21T04:10:02.662+0000] {spark_submit.py:401} INFO - Spark-Submit cmd: spark-submit --master spark://spark-master:7077 --name arrow-spark --deploy-mode client /opt/spark_scripts/1_ingest_hourly.py --input_path s3a://landingzone/202506.csv --target_date_hour 2025-06-01-01
[2026-08-21T04:10:02.745+0000] {spark_submit.py:571} INFO - /home/***/.local/lib/python3.10/site-packages/pyspark/bin/load-spark-env.sh: line 68: ps: command not found
[2026-08-21T04:10:06.472+0000] {spark_submit.py:571} INFO - 26/08/21 04:10:06 INFO SparkContext: Running Spark version 3.5.1
[2026-08-21T04:10:06.476+0000] {spark_submit.py:571} INFO - 26/08/21 04:10:06 INFO SparkContext: OS info Linux, 6.8.0-1052-azure, amd64
[2026-08-21T04:10:06.478+0000] {spark_submit.py:571} INFO - 26/08/21 04:10:06 INFO SparkContext: Java version 17.0.20
[2026-08-21T04:10:06.596+0000] {spark_submit.py:571} INFO - 26/08/21 04:10:06 WARN NativeCodeLoader: Unable to load native-hadoop library for your platform... using builtin-java classes where applicable
[2026-08-21T04:10:06.751+0000] {spark_submit.py:571} INFO - 26/08/21 04:10:06 INFO ResourceUtils: ==============================================================
[2026-08-21T04:10:06.752+0000] {spark_submit.py:571} INFO - 26/08/21 04:10:06 INFO ResourceUtils: No custom resources configured for spark.driver.
[2026-08-21T04:10:06.752+0000] {spark_submit.py:571} INFO - 26/08/21 04:10:06 INFO ResourceUtils: ==============================================================
[2026-08-21T04:10:06.753+0000] {spark_submit.py:571} INFO - 26/08/21 04:10:06 INFO SparkContext: Submitted application: Ingest_Bronze_2025-06-01-01
[2026-08-21T04:10:06.775+0000] {spark_submit.py:571} INFO - 26/08/21 04:10:06 INFO ResourceProfile: Default ResourceProfile created, executor resources: Map(memory -> name: memory, amount: 1024, script: , vendor: , offHeap -> name: offHeap, amount: 0, script: , vendor: ), task resources: Map(cpus -> name: cpus, amount: 1.0)
[2026-08-21T04:10:06.782+0000] {spark_submit.py:571} INFO - 26/08/21 04:10:06 INFO ResourceProfile: Limiting resource is cpu
[2026-08-21T04:10:06.785+0000] {spark_submit.py:571} INFO - 26/08/21 04:10:06 INFO ResourceProfileManager: Added ResourceProfile id: 0
[2026-08-21T04:10:06.837+0000] {spark_submit.py:571} INFO - 26/08/21 04:10:06 INFO SecurityManager: Changing view acls to: ***
[2026-08-21T04:10:06.838+0000] {spark_submit.py:571} INFO - 26/08/21 04:10:06 INFO SecurityManager: Changing modify acls to: ***
[2026-08-21T04:10:06.839+0000] {spark_submit.py:571} INFO - 26/08/21 04:10:06 INFO SecurityManager: Changing view acls groups to:
[2026-08-21T04:10:06.840+0000] {spark_submit.py:571} INFO - 26/08/21 04:10:06 INFO SecurityManager: Changing modify acls groups to:
[2026-08-21T04:10:06.843+0000] {spark_submit.py:571} INFO - 26/08/21 04:10:06 INFO SecurityManager: SecurityManager: authentication disabled; ui acls disabled; users with view permissions: ***; groups with view permissions: EMPTY; users with modify permissions: ***; groups with modify permissions: EMPTY
[2026-08-21T04:10:07.226+0000] {spark_submit.py:571} INFO - 26/08/21 04:10:07 INFO Utils: Successfully started service 'sparkDriver' on port 36591.
[2026-08-21T04:10:07.305+0000] {spark_submit.py:571} INFO - 26/08/21 04:10:07 INFO SparkEnv: Registering MapOutputTracker
[2026-08-21T04:10:07.346+0000] {spark_submit.py:571} INFO - 26/08/21 04:10:07 INFO SparkEnv: Registering BlockManagerMaster
[2026-08-21T04:10:07.364+0000] {spark_submit.py:571} INFO - 26/08/21 04:10:07 INFO BlockManagerMasterEndpoint: Using org.apache.spark.storage.DefaultTopologyMapper for getting topology information
[2026-08-21T04:10:07.366+0000] {spark_submit.py:571} INFO - 26/08/21 04:10:07 INFO BlockManagerMasterEndpoint: BlockManagerMasterEndpoint up
[2026-08-21T04:10:07.372+0000] {spark_submit.py:571} INFO - 26/08/21 04:10:07 INFO SparkEnv: Registering BlockManagerMasterHeartbeat
[2026-08-21T04:10:07.404+0000] {spark_submit.py:571} INFO - 26/08/21 04:10:07 INFO DiskBlockManager: Created local directory at /tmp/blockmgr-cc2d7290-5e9a-4935-a222-1082b719d0a3
[2026-08-21T04:10:07.423+0000] {spark_submit.py:571} INFO - 26/08/21 04:10:07 INFO MemoryStore: MemoryStore started with capacity 434.4 MiB
[2026-08-21T04:10:07.437+0000] {spark_submit.py:571} INFO - 26/08/21 04:10:07 INFO SparkEnv: Registering OutputCommitCoordinator
[2026-08-21T04:10:07.597+0000] {spark_submit.py:571} INFO - 26/08/21 04:10:07 INFO JettyUtils: Start Jetty 0.0.0.0:4040 for SparkUI
[2026-08-21T04:10:07.656+0000] {spark_submit.py:571} INFO - 26/08/21 04:10:07 INFO Utils: Successfully started service 'SparkUI' on port 4040.
[2026-08-21T04:10:07.910+0000] {spark_submit.py:571} INFO - 26/08/21 04:10:07 INFO StandaloneAppClient$ClientEndpoint: Connecting to master spark://spark-master:7077...
[2026-08-21T04:10:07.996+0000] {spark_submit.py:571} INFO - 26/08/21 04:10:07 INFO TransportClientFactory: Successfully created connection to spark-master/172.18.0.4:7077 after 36 ms (0 ms spent in bootstraps)
[2026-08-21T04:10:08.218+0000] {spark_submit.py:571} INFO - 26/08/21 04:10:08 INFO StandaloneSchedulerBackend: Connected to Spark cluster with app ID app-20260821041008-0012
[2026-08-21T04:10:08.222+0000] {spark_submit.py:571} INFO - 26/08/21 04:10:08 INFO StandaloneAppClient$ClientEndpoint: Executor added: app-20260821041008-0012/0 on worker-20260821021253-172.18.0.6-39045 (172.18.0.6:39045) with 2 core(s)
[2026-08-21T04:10:08.242+0000] {spark_submit.py:571} INFO - 26/08/21 04:10:08 INFO StandaloneSchedulerBackend: Granted executor ID app-20260821041008-0012/0 on hostPort 172.18.0.6:39045 with 2 core(s), 1024.0 MiB RAM
[2026-08-21T04:10:08.243+0000] {spark_submit.py:571} INFO - 26/08/21 04:10:08 INFO StandaloneAppClient$ClientEndpoint: Executor added: app-20260821041008-0012/1 on worker-20260821021253-172.18.0.7-44957 (172.18.0.7:44957) with 2 core(s)
[2026-08-21T04:10:08.244+0000] {spark_submit.py:571} INFO - 26/08/21 04:10:08 INFO Utils: Successfully started service 'org.apache.spark.network.netty.NettyBlockTransferService' on port 39969.
[2026-08-21T04:10:08.259+0000] {spark_submit.py:571} INFO - 26/08/21 04:10:08 INFO NettyBlockTransferService: Server created on c90a551abb73:39969
[2026-08-21T04:10:08.260+0000] {spark_submit.py:571} INFO - 26/08/21 04:10:08 INFO StandaloneSchedulerBackend: Granted executor ID app-20260821041008-0012/1 on hostPort 172.18.0.7:44957 with 2 core(s), 1024.0 MiB RAM
[2026-08-21T04:10:08.260+0000] {spark_submit.py:571} INFO - 26/08/21 04:10:08 INFO BlockManager: Using org.apache.spark.storage.RandomBlockReplicationPolicy for block replication policy
[2026-08-21T04:10:08.265+0000] {spark_submit.py:571} INFO - 26/08/21 04:10:08 INFO BlockManagerMaster: Registering BlockManager BlockManagerId(driver, c90a551abb73, 39969, None)
[2026-08-21T04:10:08.272+0000] {spark_submit.py:571} INFO - 26/08/21 04:10:08 INFO BlockManagerMasterEndpoint: Registering block manager c90a551abb73:39969 with 434.4 MiB RAM, BlockManagerId(driver, c90a551abb73, 39969, None)
[2026-08-21T04:10:08.275+0000] {spark_submit.py:571} INFO - 26/08/21 04:10:08 INFO BlockManagerMaster: Registered BlockManager BlockManagerId(driver, c90a551abb73, 39969, None)
[2026-08-21T04:10:08.301+0000] {spark_submit.py:571} INFO - 26/08/21 04:10:08 INFO BlockManager: Initialized BlockManager: BlockManagerId(driver, c90a551abb73, 39969, None)
[2026-08-21T04:10:08.321+0000] {spark_submit.py:571} INFO - 26/08/21 04:10:08 INFO StandaloneAppClient$ClientEndpoint: Executor updated: app-20260821041008-0012/1 is now RUNNING
[2026-08-21T04:10:08.369+0000] {spark_submit.py:571} INFO - 26/08/21 04:10:08 INFO StandaloneAppClient$ClientEndpoint: Executor updated: app-20260821041008-0012/0 is now RUNNING
[2026-08-21T04:10:09.047+0000] {spark_submit.py:571} INFO - 26/08/21 04:10:09 INFO StandaloneSchedulerBackend: SchedulerBackend is ready for scheduling beginning after reached minRegisteredResourcesRatio: 0.0
[2026-08-21T04:10:09.709+0000] {spark_submit.py:571} INFO - Đang nạp s3a://landingzone/202506.csv và trích xuất dữ liệu ca: 2025-06-01-01...
[2026-08-21T04:10:09.882+0000] {spark_submit.py:571} INFO - 26/08/21 04:10:09 INFO SharedState: Setting hive.metastore.warehouse.dir ('null') to the value of spark.sql.warehouse.dir.
[2026-08-21T04:10:09.947+0000] {spark_submit.py:571} INFO - 26/08/21 04:10:09 INFO SharedState: Warehouse path is 'file:/opt/***/spark-warehouse'.
[2026-08-21T04:10:12.244+0000] {spark_submit.py:571} INFO - 26/08/21 04:10:12 WARN MetricsConfig: Cannot locate configuration: tried hadoop-metrics2-s3a-file-system.properties,hadoop-metrics2.properties
[2026-08-21T04:10:12.317+0000] {spark_submit.py:571} INFO - 26/08/21 04:10:12 INFO MetricsSystemImpl: Scheduled Metric snapshot period at 10 second(s).
[2026-08-21T04:10:12.322+0000] {spark_submit.py:571} INFO - 26/08/21 04:10:12 INFO MetricsSystemImpl: s3a-file-system metrics system started
[2026-08-21T04:10:14.577+0000] {spark_submit.py:571} INFO - 26/08/21 04:10:14 INFO StandaloneSchedulerBackend$StandaloneDriverEndpoint: Registered executor NettyRpcEndpointRef(spark-client://Executor) (172.18.0.6:42112) with ID 0,  ResourceProfileId 0
[2026-08-21T04:10:14.826+0000] {spark_submit.py:571} INFO - 26/08/21 04:10:14 INFO BlockManagerMasterEndpoint: Registering block manager 172.18.0.6:33553 with 434.4 MiB RAM, BlockManagerId(0, 172.18.0.6, 33553, None)
[2026-08-21T04:10:15.064+0000] {spark_submit.py:571} INFO - 26/08/21 04:10:15 INFO StandaloneSchedulerBackend$StandaloneDriverEndpoint: Registered executor NettyRpcEndpointRef(spark-client://Executor) (172.18.0.7:59126) with ID 1,  ResourceProfileId 0
[2026-08-21T04:10:15.156+0000] {spark_submit.py:571} INFO - 26/08/21 04:10:15 INFO BlockManagerMasterEndpoint: Registering block manager 172.18.0.7:42527 with 434.4 MiB RAM, BlockManagerId(1, 172.18.0.7, 42527, None)
[2026-08-21T04:12:24.459+0000] {spark_submit.py:571} INFO - 26/08/21 04:12:24 WARN FileStreamSink: Assume no metadata directory. Error while looking for metadata directory in the path: s3a://landingzone/202506.csv.
[2026-08-21T04:12:24.459+0000] {spark_submit.py:571} INFO - java.nio.file.AccessDeniedException: s3a://landingzone/202506.csv: getFileStatus on s3a://landingzone/202506.csv: com.amazonaws.services.s3.model.AmazonS3Exception: The request signature we calculated does not match the signature you provided. Check your key and signing method. (Service: Amazon S3; Status Code: 403; Error Code: SignatureDoesNotMatch; Request ID: 18CDB6BBB5637783; S3 Extended Request ID: dd9025bab4ad464b049177c95eb6ebf374d3b3fd1af9251148b658df7ac2e3e8; Proxy: null), S3 Extended Request ID: dd9025bab4ad464b049177c95eb6ebf374d3b3fd1af9251148b658df7ac2e3e8:SignatureDoesNotMatch
[2026-08-21T04:12:24.459+0000] {spark_submit.py:571} INFO - at org.apache.hadoop.fs.s3a.S3AUtils.translateException(S3AUtils.java:255)
[2026-08-21T04:12:24.459+0000] {spark_submit.py:571} INFO - at org.apache.hadoop.fs.s3a.S3AUtils.translateException(S3AUtils.java:175)
[2026-08-21T04:12:24.460+0000] {spark_submit.py:571} INFO - at org.apache.hadoop.fs.s3a.S3AFileSystem.s3GetFileStatus(S3AFileSystem.java:3858)
[2026-08-21T04:12:24.460+0000] {spark_submit.py:571} INFO - at org.apache.hadoop.fs.s3a.S3AFileSystem.innerGetFileStatus(S3AFileSystem.java:3688)
[2026-08-21T04:12:24.460+0000] {spark_submit.py:571} INFO - at org.apache.hadoop.fs.s3a.S3AFileSystem.lambda$isDirectory$35(S3AFileSystem.java:4724)
[2026-08-21T04:12:24.460+0000] {spark_submit.py:571} INFO - at org.apache.hadoop.fs.statistics.impl.IOStatisticsBinding.lambda$trackDurationOfOperation$5(IOStatisticsBinding.java:499)
[2026-08-21T04:12:24.460+0000] {spark_submit.py:571} INFO - at org.apache.hadoop.fs.statistics.impl.IOStatisticsBinding.trackDuration(IOStatisticsBinding.java:444)
[2026-08-21T04:12:24.461+0000] {spark_submit.py:571} INFO - at org.apache.hadoop.fs.s3a.S3AFileSystem.trackDurationAndSpan(S3AFileSystem.java:2337)
[2026-08-21T04:12:24.461+0000] {spark_submit.py:571} INFO - at org.apache.hadoop.fs.s3a.S3AFileSystem.trackDurationAndSpan(S3AFileSystem.java:2356)
[2026-08-21T04:12:24.461+0000] {spark_submit.py:571} INFO - at org.apache.hadoop.fs.s3a.S3AFileSystem.isDirectory(S3AFileSystem.java:4722)
[2026-08-21T04:12:24.461+0000] {spark_submit.py:571} INFO - at org.apache.spark.sql.execution.streaming.FileStreamSink$.hasMetadata(FileStreamSink.scala:54)
[2026-08-21T04:12:24.461+0000] {spark_submit.py:571} INFO - at org.apache.spark.sql.execution.datasources.DataSource.resolveRelation(DataSource.scala:366)
[2026-08-21T04:12:24.462+0000] {spark_submit.py:571} INFO - at org.apache.spark.sql.DataFrameReader.loadV1Source(DataFrameReader.scala:229)
[2026-08-21T04:12:24.462+0000] {spark_submit.py:571} INFO - at org.apache.spark.sql.DataFrameReader.$anonfun$load$2(DataFrameReader.scala:211)
[2026-08-21T04:12:24.462+0000] {spark_submit.py:571} INFO - at scala.Option.getOrElse(Option.scala:189)
[2026-08-21T04:12:24.462+0000] {spark_submit.py:571} INFO - at org.apache.spark.sql.DataFrameReader.load(DataFrameReader.scala:211)
[2026-08-21T04:12:24.462+0000] {spark_submit.py:571} INFO - at org.apache.spark.sql.DataFrameReader.csv(DataFrameReader.scala:538)
[2026-08-21T04:12:24.463+0000] {spark_submit.py:571} INFO - at java.base/jdk.internal.reflect.NativeMethodAccessorImpl.invoke0(Native Method)
[2026-08-21T04:12:24.463+0000] {spark_submit.py:571} INFO - at java.base/jdk.internal.reflect.NativeMethodAccessorImpl.invoke(NativeMethodAccessorImpl.java:77)
[2026-08-21T04:12:24.463+0000] {spark_submit.py:571} INFO - at java.base/jdk.internal.reflect.DelegatingMethodAccessorImpl.invoke(DelegatingMethodAccessorImpl.java:43)
[2026-08-21T04:12:24.463+0000] {spark_submit.py:571} INFO - at java.base/java.lang.reflect.Method.invoke(Method.java:569)
[2026-08-21T04:12:24.463+0000] {spark_submit.py:571} INFO - at py4j.reflection.MethodInvoker.invoke(MethodInvoker.java:244)
[2026-08-21T04:12:24.464+0000] {spark_submit.py:571} INFO - at py4j.reflection.ReflectionEngine.invoke(ReflectionEngine.java:374)
[2026-08-21T04:12:24.464+0000] {spark_submit.py:571} INFO - at py4j.Gateway.invoke(Gateway.java:282)
[2026-08-21T04:12:24.464+0000] {spark_submit.py:571} INFO - at py4j.commands.AbstractCommand.invokeMethod(AbstractCommand.java:132)
[2026-08-21T04:12:24.464+0000] {spark_submit.py:571} INFO - at py4j.commands.CallCommand.execute(CallCommand.java:79)
[2026-08-21T04:12:24.464+0000] {spark_submit.py:571} INFO - at py4j.ClientServerConnection.waitForCommands(ClientServerConnection.java:182)
[2026-08-21T04:12:24.465+0000] {spark_submit.py:571} INFO - at py4j.ClientServerConnection.run(ClientServerConnection.java:106)
[2026-08-21T04:12:24.465+0000] {spark_submit.py:571} INFO - at java.base/java.lang.Thread.run(Thread.java:840)
[2026-08-21T04:12:24.465+0000] {spark_submit.py:571} INFO - Caused by: com.amazonaws.services.s3.model.AmazonS3Exception: The request signature we calculated does not match the signature you provided. Check your key and signing method. (Service: Amazon S3; Status Code: 403; Error Code: SignatureDoesNotMatch; Request ID: 18CDB6BBB5637783; S3 Extended Request ID: dd9025bab4ad464b049177c95eb6ebf374d3b3fd1af9251148b658df7ac2e3e8; Proxy: null), S3 Extended Request ID: dd9025bab4ad464b049177c95eb6ebf374d3b3fd1af9251148b658df7ac2e3e8
[2026-08-21T04:12:24.465+0000] {spark_submit.py:571} INFO - at com.amazonaws.http.AmazonHttpClient$RequestExecutor.handleErrorResponse(AmazonHttpClient.java:1879)
[2026-08-21T04:12:24.465+0000] {spark_submit.py:571} INFO - at com.amazonaws.http.AmazonHttpClient$RequestExecutor.handleServiceErrorResponse(AmazonHttpClient.java:1418)
[2026-08-21T04:12:24.466+0000] {spark_submit.py:571} INFO - at com.amazonaws.http.AmazonHttpClient$RequestExecutor.executeOneRequest(AmazonHttpClient.java:1387)
[2026-08-21T04:12:24.466+0000] {spark_submit.py:571} INFO - at com.amazonaws.http.AmazonHttpClient$RequestExecutor.executeHelper(AmazonHttpClient.java:1157)
[2026-08-21T04:12:24.466+0000] {spark_submit.py:571} INFO - at com.amazonaws.http.AmazonHttpClient$RequestExecutor.doExecute(AmazonHttpClient.java:814)
[2026-08-21T04:12:24.466+0000] {spark_submit.py:571} INFO - at com.amazonaws.http.AmazonHttpClient$RequestExecutor.executeWithTimer(AmazonHttpClient.java:781)
[2026-08-21T04:12:24.466+0000] {spark_submit.py:571} INFO - at com.amazonaws.http.AmazonHttpClient$RequestExecutor.execute(AmazonHttpClient.java:755)
[2026-08-21T04:12:24.467+0000] {spark_submit.py:571} INFO - at com.amazonaws.http.AmazonHttpClient$RequestExecutor.access$500(AmazonHttpClient.java:715)
[2026-08-21T04:12:24.467+0000] {spark_submit.py:571} INFO - at com.amazonaws.http.AmazonHttpClient$RequestExecutionBuilderImpl.execute(AmazonHttpClient.java:697)
[2026-08-21T04:12:24.467+0000] {spark_submit.py:571} INFO - at com.amazonaws.http.AmazonHttpClient.execute(AmazonHttpClient.java:561)
[2026-08-21T04:12:24.467+0000] {spark_submit.py:571} INFO - at com.amazonaws.http.AmazonHttpClient.execute(AmazonHttpClient.java:541)
[2026-08-21T04:12:24.467+0000] {spark_submit.py:571} INFO - at com.amazonaws.services.s3.AmazonS3Client.invoke(AmazonS3Client.java:5456)
[2026-08-21T04:12:24.467+0000] {spark_submit.py:571} INFO - at com.amazonaws.services.s3.AmazonS3Client.invoke(AmazonS3Client.java:5403)
[2026-08-21T04:12:24.468+0000] {spark_submit.py:571} INFO - at com.amazonaws.services.s3.AmazonS3Client.invoke(AmazonS3Client.java:5397)
[2026-08-21T04:12:24.468+0000] {spark_submit.py:571} INFO - at com.amazonaws.services.s3.AmazonS3Client.listObjectsV2(AmazonS3Client.java:971)
[2026-08-21T04:12:24.468+0000] {spark_submit.py:571} INFO - at org.apache.hadoop.fs.s3a.S3AFileSystem.lambda$listObjects$11(S3AFileSystem.java:2595)
[2026-08-21T04:12:24.468+0000] {spark_submit.py:571} INFO - at org.apache.hadoop.fs.statistics.impl.IOStatisticsBinding.lambda$trackDurationOfOperation$5(IOStatisticsBinding.java:499)
[2026-08-21T04:12:24.468+0000] {spark_submit.py:571} INFO - at org.apache.hadoop.fs.s3a.Invoker.retryUntranslated(Invoker.java:414)
[2026-08-21T04:12:24.469+0000] {spark_submit.py:571} INFO - at org.apache.hadoop.fs.s3a.Invoker.retryUntranslated(Invoker.java:377)
[2026-08-21T04:12:24.469+0000] {spark_submit.py:571} INFO - at org.apache.hadoop.fs.s3a.S3AFileSystem.listObjects(S3AFileSystem.java:2586)
[2026-08-21T04:12:24.469+0000] {spark_submit.py:571} INFO - at org.apache.hadoop.fs.s3a.S3AFileSystem.s3GetFileStatus(S3AFileSystem.java:3832)
[2026-08-21T04:12:24.469+0000] {spark_submit.py:571} INFO - ... 26 more
[2026-08-21T04:12:24.540+0000] {spark_submit.py:571} INFO - Traceback (most recent call last):
[2026-08-21T04:12:24.540+0000] {spark_submit.py:571} INFO - File "/opt/spark_scripts/1_ingest_hourly.py", line 69, in <module>
[2026-08-21T04:12:24.540+0000] {spark_submit.py:571} INFO - main()
[2026-08-21T04:12:24.541+0000] {spark_submit.py:571} INFO - File "/opt/spark_scripts/1_ingest_hourly.py", line 30, in main
[2026-08-21T04:12:24.541+0000] {spark_submit.py:571} INFO - raw_df = spark.read.csv(args.input_path, header=True, inferSchema=True, sep="|")
[2026-08-21T04:12:24.541+0000] {spark_submit.py:571} INFO - File "/home/***/.local/lib/python3.10/site-packages/pyspark/python/lib/pyspark.zip/pyspark/sql/readwriter.py", line 740, in csv
[2026-08-21T04:12:24.541+0000] {spark_submit.py:571} INFO - File "/home/***/.local/lib/python3.10/site-packages/pyspark/python/lib/py4j-0.10.9.7-src.zip/py4j/java_gateway.py", line 1322, in __call__
[2026-08-21T04:12:24.541+0000] {spark_submit.py:571} INFO - File "/home/***/.local/lib/python3.10/site-packages/pyspark/python/lib/pyspark.zip/pyspark/errors/exceptions/captured.py", line 179, in deco
[2026-08-21T04:12:24.542+0000] {spark_submit.py:571} INFO - File "/home/***/.local/lib/python3.10/site-packages/pyspark/python/lib/py4j-0.10.9.7-src.zip/py4j/protocol.py", line 326, in get_return_value
[2026-08-21T04:12:24.542+0000] {spark_submit.py:571} INFO - py4j.protocol.Py4JJavaError: An error occurred while calling o41.csv.
[2026-08-21T04:12:24.542+0000] {spark_submit.py:571} INFO - : java.nio.file.AccessDeniedException: s3a://landingzone/202506.csv: getFileStatus on s3a://landingzone/202506.csv: com.amazonaws.services.s3.model.AmazonS3Exception: Forbidden (Service: Amazon S3; Status Code: 403; Error Code: 403 Forbidden; Request ID: 18CDB6BBB755069E; S3 Extended Request ID: dd9025bab4ad464b049177c95eb6ebf374d3b3fd1af9251148b658df7ac2e3e8; Proxy: null), S3 Extended Request ID: dd9025bab4ad464b049177c95eb6ebf374d3b3fd1af9251148b658df7ac2e3e8:403 Forbidden
[2026-08-21T04:12:24.542+0000] {spark_submit.py:571} INFO - at org.apache.hadoop.fs.s3a.S3AUtils.translateException(S3AUtils.java:255)
[2026-08-21T04:12:24.543+0000] {spark_submit.py:571} INFO - at org.apache.hadoop.fs.s3a.S3AUtils.translateException(S3AUtils.java:175)
[2026-08-21T04:12:24.543+0000] {spark_submit.py:571} INFO - at org.apache.hadoop.fs.s3a.S3AFileSystem.s3GetFileStatus(S3AFileSystem.java:3796)
[2026-08-21T04:12:24.543+0000] {spark_submit.py:571} INFO - at org.apache.hadoop.fs.s3a.S3AFileSystem.innerGetFileStatus(S3AFileSystem.java:3688)
[2026-08-21T04:12:24.543+0000] {spark_submit.py:571} INFO - at org.apache.hadoop.fs.s3a.S3AFileSystem.lambda$exists$34(S3AFileSystem.java:4703)
[2026-08-21T04:12:24.544+0000] {spark_submit.py:571} INFO - at org.apache.hadoop.fs.statistics.impl.IOStatisticsBinding.lambda$trackDurationOfOperation$5(IOStatisticsBinding.java:499)
[2026-08-21T04:12:24.544+0000] {spark_submit.py:571} INFO - at org.apache.hadoop.fs.statistics.impl.IOStatisticsBinding.trackDuration(IOStatisticsBinding.java:444)
[2026-08-21T04:12:24.544+0000] {spark_submit.py:571} INFO - at org.apache.hadoop.fs.s3a.S3AFileSystem.trackDurationAndSpan(S3AFileSystem.java:2337)
[2026-08-21T04:12:24.544+0000] {spark_submit.py:571} INFO - at org.apache.hadoop.fs.s3a.S3AFileSystem.trackDurationAndSpan(S3AFileSystem.java:2356)
[2026-08-21T04:12:24.545+0000] {spark_submit.py:571} INFO - at org.apache.hadoop.fs.s3a.S3AFileSystem.exists(S3AFileSystem.java:4701)
[2026-08-21T04:12:24.545+0000] {spark_submit.py:571} INFO - at org.apache.spark.sql.execution.datasources.DataSource$.$anonfun$checkAndGlobPathIfNecessary$4(DataSource.scala:756)
[2026-08-21T04:12:24.545+0000] {spark_submit.py:571} INFO - at org.apache.spark.sql.execution.datasources.DataSource$.$anonfun$checkAndGlobPathIfNecessary$4$adapted(DataSource.scala:754)
[2026-08-21T04:12:24.545+0000] {spark_submit.py:571} INFO - at org.apache.spark.util.ThreadUtils$.$anonfun$parmap$2(ThreadUtils.scala:384)
[2026-08-21T04:12:24.546+0000] {spark_submit.py:571} INFO - at scala.concurrent.Future$.$anonfun$apply$1(Future.scala:659)
[2026-08-21T04:12:24.546+0000] {spark_submit.py:571} INFO - at scala.util.Success.$anonfun$map$1(Try.scala:255)
[2026-08-21T04:12:24.546+0000] {spark_submit.py:571} INFO - at scala.util.Success.map(Try.scala:213)
[2026-08-21T04:12:24.546+0000] {spark_submit.py:571} INFO - at scala.concurrent.Future.$anonfun$map$1(Future.scala:292)
[2026-08-21T04:12:24.546+0000] {spark_submit.py:571} INFO - at scala.concurrent.impl.Promise.liftedTree1$1(Promise.scala:33)
[2026-08-21T04:12:24.547+0000] {spark_submit.py:571} INFO - at scala.concurrent.impl.Promise.$anonfun$transform$1(Promise.scala:33)
[2026-08-21T04:12:24.547+0000] {spark_submit.py:571} INFO - at scala.concurrent.impl.CallbackRunnable.run(Promise.scala:64)
[2026-08-21T04:12:24.547+0000] {spark_submit.py:571} INFO - at java.base/java.util.concurrent.ForkJoinTask$RunnableExecuteAction.exec(ForkJoinTask.java:1395)
[2026-08-21T04:12:24.547+0000] {spark_submit.py:571} INFO - at java.base/java.util.concurrent.ForkJoinTask.doExec(ForkJoinTask.java:373)
[2026-08-21T04:12:24.548+0000] {spark_submit.py:571} INFO - at java.base/java.util.concurrent.ForkJoinPool$WorkQueue.topLevelExec(ForkJoinPool.java:1182)
[2026-08-21T04:12:24.548+0000] {spark_submit.py:571} INFO - at java.base/java.util.concurrent.ForkJoinPool.scan(ForkJoinPool.java:1655)
[2026-08-21T04:12:24.548+0000] {spark_submit.py:571} INFO - at java.base/java.util.concurrent.ForkJoinPool.runWorker(ForkJoinPool.java:1622)
[2026-08-21T04:12:24.548+0000] {spark_submit.py:571} INFO - at java.base/java.util.concurrent.ForkJoinWorkerThread.run(ForkJoinWorkerThread.java:165)
[2026-08-21T04:12:24.549+0000] {spark_submit.py:571} INFO - Caused by: com.amazonaws.services.s3.model.AmazonS3Exception: Forbidden (Service: Amazon S3; Status Code: 403; Error Code: 403 Forbidden; Request ID: 18CDB6BBB755069E; S3 Extended Request ID: dd9025bab4ad464b049177c95eb6ebf374d3b3fd1af9251148b658df7ac2e3e8; Proxy: null), S3 Extended Request ID: dd9025bab4ad464b049177c95eb6ebf374d3b3fd1af9251148b658df7ac2e3e8
[2026-08-21T04:12:24.549+0000] {spark_submit.py:571} INFO - at com.amazonaws.http.AmazonHttpClient$RequestExecutor.handleErrorResponse(AmazonHttpClient.java:1879)
[2026-08-21T04:12:24.549+0000] {spark_submit.py:571} INFO - at com.amazonaws.http.AmazonHttpClient$RequestExecutor.handleServiceErrorResponse(AmazonHttpClient.java:1418)
[2026-08-21T04:12:24.549+0000] {spark_submit.py:571} INFO - at com.amazonaws.http.AmazonHttpClient$RequestExecutor.executeOneRequest(AmazonHttpClient.java:1387)
[2026-08-21T04:12:24.550+0000] {spark_submit.py:571} INFO - at com.amazonaws.http.AmazonHttpClient$RequestExecutor.executeHelper(AmazonHttpClient.java:1157)
[2026-08-21T04:12:24.550+0000] {spark_submit.py:571} INFO - at com.amazonaws.http.AmazonHttpClient$RequestExecutor.doExecute(AmazonHttpClient.java:814)
[2026-08-21T04:12:24.550+0000] {spark_submit.py:571} INFO - at com.amazonaws.http.AmazonHttpClient$RequestExecutor.executeWithTimer(AmazonHttpClient.java:781)
[2026-08-21T04:12:24.550+0000] {spark_submit.py:571} INFO - at com.amazonaws.http.AmazonHttpClient$RequestExecutor.execute(AmazonHttpClient.java:755)
[2026-08-21T04:12:24.551+0000] {spark_submit.py:571} INFO - at com.amazonaws.http.AmazonHttpClient$RequestExecutor.access$500(AmazonHttpClient.java:715)
[2026-08-21T04:12:24.551+0000] {spark_submit.py:571} INFO - at com.amazonaws.http.AmazonHttpClient$RequestExecutionBuilderImpl.execute(AmazonHttpClient.java:697)
[2026-08-21T04:12:24.551+0000] {spark_submit.py:571} INFO - at com.amazonaws.http.AmazonHttpClient.execute(AmazonHttpClient.java:561)
[2026-08-21T04:12:24.551+0000] {spark_submit.py:571} INFO - at com.amazonaws.http.AmazonHttpClient.execute(AmazonHttpClient.java:541)
[2026-08-21T04:12:24.551+0000] {spark_submit.py:571} INFO - at com.amazonaws.services.s3.AmazonS3Client.invoke(AmazonS3Client.java:5456)
[2026-08-21T04:12:24.552+0000] {spark_submit.py:571} INFO - at com.amazonaws.services.s3.AmazonS3Client.invoke(AmazonS3Client.java:5403)
[2026-08-21T04:12:24.552+0000] {spark_submit.py:571} INFO - at com.amazonaws.services.s3.AmazonS3Client.getObjectMetadata(AmazonS3Client.java:1372)
[2026-08-21T04:12:24.552+0000] {spark_submit.py:571} INFO - at org.apache.hadoop.fs.s3a.S3AFileSystem.lambda$getObjectMetadata$10(S3AFileSystem.java:2545)
[2026-08-21T04:12:24.552+0000] {spark_submit.py:571} INFO - at org.apache.hadoop.fs.s3a.Invoker.retryUntranslated(Invoker.java:414)
[2026-08-21T04:12:24.553+0000] {spark_submit.py:571} INFO - at org.apache.hadoop.fs.s3a.Invoker.retryUntranslated(Invoker.java:377)
[2026-08-21T04:12:24.553+0000] {spark_submit.py:571} INFO - at org.apache.hadoop.fs.s3a.S3AFileSystem.getObjectMetadata(S3AFileSystem.java:2533)
[2026-08-21T04:12:24.553+0000] {spark_submit.py:571} INFO - at org.apache.hadoop.fs.s3a.S3AFileSystem.getObjectMetadata(S3AFileSystem.java:2513)
[2026-08-21T04:12:24.553+0000] {spark_submit.py:571} INFO - at org.apache.hadoop.fs.s3a.S3AFileSystem.s3GetFileStatus(S3AFileSystem.java:3776)
[2026-08-21T04:12:24.554+0000] {spark_submit.py:571} INFO - ... 23 more
[2026-08-21T04:12:24.554+0000] {spark_submit.py:571} INFO - 
[2026-08-21T04:12:24.580+0000] {spark_submit.py:571} INFO - 26/08/21 04:12:24 INFO SparkContext: Invoking stop() from shutdown hook
[2026-08-21T04:12:24.581+0000] {spark_submit.py:571} INFO - 26/08/21 04:12:24 INFO SparkContext: SparkContext is stopping with exitCode 0.
[2026-08-21T04:12:24.589+0000] {spark_submit.py:571} INFO - 26/08/21 04:12:24 INFO SparkUI: Stopped Spark web UI at http://c90a551abb73:4040
[2026-08-21T04:12:24.593+0000] {spark_submit.py:571} INFO - 26/08/21 04:12:24 INFO StandaloneSchedulerBackend: Shutting down all executors
[2026-08-21T04:12:24.595+0000] {spark_submit.py:571} INFO - 26/08/21 04:12:24 INFO StandaloneSchedulerBackend$StandaloneDriverEndpoint: Asking each executor to shut down
[2026-08-21T04:12:24.620+0000] {spark_submit.py:571} INFO - 26/08/21 04:12:24 INFO MapOutputTrackerMasterEndpoint: MapOutputTrackerMasterEndpoint stopped!
[2026-08-21T04:12:24.653+0000] {spark_submit.py:571} INFO - 26/08/21 04:12:24 INFO MemoryStore: MemoryStore cleared
[2026-08-21T04:12:24.654+0000] {spark_submit.py:571} INFO - 26/08/21 04:12:24 INFO BlockManager: BlockManager stopped
[2026-08-21T04:12:24.662+0000] {spark_submit.py:571} INFO - 26/08/21 04:12:24 INFO BlockManagerMaster: BlockManagerMaster stopped
[2026-08-21T04:12:24.673+0000] {spark_submit.py:571} INFO - 26/08/21 04:12:24 INFO OutputCommitCoordinator$OutputCommitCoordinatorEndpoint: OutputCommitCoordinator stopped!
[2026-08-21T04:12:24.715+0000] {spark_submit.py:571} INFO - 26/08/21 04:12:24 INFO SparkContext: Successfully stopped SparkContext
[2026-08-21T04:12:24.717+0000] {spark_submit.py:571} INFO - 26/08/21 04:12:24 INFO ShutdownHookManager: Shutdown hook called
[2026-08-21T04:12:24.719+0000] {spark_submit.py:571} INFO - 26/08/21 04:12:24 INFO ShutdownHookManager: Deleting directory /tmp/spark-8b49c9d3-53b0-4237-85e6-07f342f496dc
[2026-08-21T04:12:24.732+0000] {spark_submit.py:571} INFO - 26/08/21 04:12:24 INFO ShutdownHookManager: Deleting directory /tmp/spark-8b49c9d3-53b0-4237-85e6-07f342f496dc/pyspark-c5da8978-46ba-4888-a817-b24cfeeb0b2d
[2026-08-21T04:12:24.744+0000] {spark_submit.py:571} INFO - 26/08/21 04:12:24 INFO ShutdownHookManager: Deleting directory /tmp/spark-8f4cf483-7c2e-4e37-b3b5-500a857f6291
[2026-08-21T04:12:24.764+0000] {spark_submit.py:571} INFO - 26/08/21 04:12:24 INFO MetricsSystemImpl: Stopping s3a-file-system metrics system...
[2026-08-21T04:12:24.764+0000] {spark_submit.py:571} INFO - 26/08/21 04:12:24 INFO MetricsSystemImpl: s3a-file-system metrics system stopped.
[2026-08-21T04:12:24.765+0000] {spark_submit.py:571} INFO - 26/08/21 04:12:24 INFO MetricsSystemImpl: s3a-file-system metrics system shutdown complete.
[2026-08-21T04:12:24.902+0000] {taskinstance.py:441} INFO - ::group::Post task execution logs
[2026-08-21T04:12:24.914+0000] {taskinstance.py:2905} ERROR - Task failed with exception
Traceback (most recent call last):
  File "/home/airflow/.local/lib/python3.10/site-packages/airflow/models/taskinstance.py", line 465, in _execute_task
    result = _execute_callable(context=context, **execute_callable_kwargs)
  File "/home/airflow/.local/lib/python3.10/site-packages/airflow/models/taskinstance.py", line 432, in _execute_callable
    return execute_callable(context=context, **execute_callable_kwargs)
  File "/home/airflow/.local/lib/python3.10/site-packages/airflow/models/baseoperator.py", line 400, in wrapper
    return func(self, *args, **kwargs)
  File "/home/airflow/.local/lib/python3.10/site-packages/airflow/providers/apache/spark/operators/spark_submit.py", line 174, in execute
    self._hook.submit(self.application)
  File "/home/airflow/.local/lib/python3.10/site-packages/airflow/providers/apache/spark/hooks/spark_submit.py", line 502, in submit
    raise AirflowException(
airflow.exceptions.AirflowException: Cannot execute: spark-submit --master spark://spark-master:7077 --name arrow-spark --deploy-mode client /opt/spark_scripts/1_ingest_hourly.py --input_path s3a://landingzone/202506.csv --target_date_hour 2025-06-01-01. Error code is: 1.
[2026-08-21T04:12:24.918+0000] {taskinstance.py:1206} INFO - Marking task as UP_FOR_RETRY. dag_id=cell_kpi_hourly_anomaly_pipeline, task_id=1_ingest_hourly_bronze, run_id=scheduled__2025-05-31T18:00:00+00:00, execution_date=20250531T180000, start_date=20260821T041002, end_date=20260821T041224
[2026-08-21T04:12:24.930+0000] {standard_task_runner.py:110} ERROR - Failed to execute job 45 for task 1_ingest_hourly_bronze (Cannot execute: spark-submit --master spark://spark-master:7077 --name arrow-spark --deploy-mode client /opt/spark_scripts/1_ingest_hourly.py --input_path s3a://landingzone/202506.csv --target_date_hour 2025-06-01-01. Error code is: 1.; 4264)
[2026-08-21T04:12:24.959+0000] {local_task_job_runner.py:240} INFO - Task exited with return code 1
[2026-08-21T04:12:25.010+0000] {taskinstance.py:3498} INFO - 0 downstream tasks scheduled from follow-on schedule check
[2026-08-21T04:12:25.013+0000] {local_task_job_runner.py:222} INFO - ::endgroup::
[2026-08-21T04:15:40.084+0000] {local_task_job_runner.py:120} INFO - ::group::Pre task execution logs
[2026-08-21T04:15:40.100+0000] {taskinstance.py:2076} INFO - Dependencies all met for dep_context=non-requeueable deps ti=<TaskInstance: cell_kpi_hourly_anomaly_pipeline.1_ingest_hourly_bronze scheduled__2025-05-31T18:00:00+00:00 [queued]>
[2026-08-21T04:15:40.106+0000] {taskinstance.py:2076} INFO - Dependencies all met for dep_context=requeueable deps ti=<TaskInstance: cell_kpi_hourly_anomaly_pipeline.1_ingest_hourly_bronze scheduled__2025-05-31T18:00:00+00:00 [queued]>
[2026-08-21T04:15:40.106+0000] {taskinstance.py:2306} INFO - Starting attempt 1 of 2
[2026-08-21T04:15:40.116+0000] {taskinstance.py:2330} INFO - Executing <Task(SparkSubmitOperator): 1_ingest_hourly_bronze> on 2025-05-31 18:00:00+00:00
[2026-08-21T04:15:40.121+0000] {standard_task_runner.py:63} INFO - Started process 4674 to run task
[2026-08-21T04:15:40.124+0000] {standard_task_runner.py:90} INFO - Running: ['***', 'tasks', 'run', 'cell_kpi_hourly_anomaly_pipeline', '1_ingest_hourly_bronze', 'scheduled__2025-05-31T18:00:00+00:00', '--job-id', '48', '--raw', '--subdir', 'DAGS_FOLDER/cell_kpi_hourly_anomaly.py', '--cfg-path', '/tmp/tmp2fqqjrq4']
[2026-08-21T04:15:40.126+0000] {standard_task_runner.py:91} INFO - Job 48: Subtask 1_ingest_hourly_bronze
[2026-08-21T04:15:40.194+0000] {task_command.py:426} INFO - Running <TaskInstance: cell_kpi_hourly_anomaly_pipeline.1_ingest_hourly_bronze scheduled__2025-05-31T18:00:00+00:00 [running]> on host c90a551abb73
[2026-08-21T04:15:40.258+0000] {logging_mixin.py:188} WARNING - /home/***/.local/lib/python3.10/site-packages/***/utils/context.py:212 AirflowContextDeprecationWarning: Accessing 'execution_date' from the template is deprecated and will be removed in a future version. Please use 'data_interval_start' or 'logical_date' instead.
[2026-08-21T04:15:40.295+0000] {taskinstance.py:2648} INFO - Exporting env vars: AIRFLOW_CTX_DAG_OWNER='data_engineer_team' AIRFLOW_CTX_DAG_ID='cell_kpi_hourly_anomaly_pipeline' AIRFLOW_CTX_TASK_ID='1_ingest_hourly_bronze' AIRFLOW_CTX_EXECUTION_DATE='2025-05-31T18:00:00+00:00' AIRFLOW_CTX_TRY_NUMBER='1' AIRFLOW_CTX_DAG_RUN_ID='scheduled__2025-05-31T18:00:00+00:00'
[2026-08-21T04:15:40.296+0000] {taskinstance.py:430} INFO - ::endgroup::
[2026-08-21T04:15:40.312+0000] {base.py:84} INFO - Using connection ID 'spark-master' for task execution.
[2026-08-21T04:15:40.313+0000] {spark_submit.py:401} INFO - Spark-Submit cmd: spark-submit --master spark://spark-master:7077 --name arrow-spark --deploy-mode client /opt/spark_scripts/1_ingest_hourly.py --input_path s3a://landingzone/202506.csv --target_date_hour 2025-06-01-01
[2026-08-21T04:15:40.402+0000] {spark_submit.py:571} INFO - /home/***/.local/lib/python3.10/site-packages/pyspark/bin/load-spark-env.sh: line 68: ps: command not found
[2026-08-21T04:15:44.705+0000] {spark_submit.py:571} INFO - 26/08/21 04:15:44 INFO SparkContext: Running Spark version 3.5.1
[2026-08-21T04:15:44.706+0000] {spark_submit.py:571} INFO - 26/08/21 04:15:44 INFO SparkContext: OS info Linux, 6.8.0-1052-azure, amd64
[2026-08-21T04:15:44.706+0000] {spark_submit.py:571} INFO - 26/08/21 04:15:44 INFO SparkContext: Java version 17.0.20
[2026-08-21T04:15:44.774+0000] {spark_submit.py:571} INFO - 26/08/21 04:15:44 WARN NativeCodeLoader: Unable to load native-hadoop library for your platform... using builtin-java classes where applicable
[2026-08-21T04:15:44.949+0000] {spark_submit.py:571} INFO - 26/08/21 04:15:44 INFO ResourceUtils: ==============================================================
[2026-08-21T04:15:44.950+0000] {spark_submit.py:571} INFO - 26/08/21 04:15:44 INFO ResourceUtils: No custom resources configured for spark.driver.
[2026-08-21T04:15:44.951+0000] {spark_submit.py:571} INFO - 26/08/21 04:15:44 INFO ResourceUtils: ==============================================================
[2026-08-21T04:15:44.951+0000] {spark_submit.py:571} INFO - 26/08/21 04:15:44 INFO SparkContext: Submitted application: Ingest_Bronze_2025-06-01-01
[2026-08-21T04:15:45.027+0000] {spark_submit.py:571} INFO - 26/08/21 04:15:45 INFO ResourceProfile: Default ResourceProfile created, executor resources: Map(memory -> name: memory, amount: 1024, script: , vendor: , offHeap -> name: offHeap, amount: 0, script: , vendor: ), task resources: Map(cpus -> name: cpus, amount: 1.0)
[2026-08-21T04:15:45.046+0000] {spark_submit.py:571} INFO - 26/08/21 04:15:45 INFO ResourceProfile: Limiting resource is cpu
[2026-08-21T04:15:45.046+0000] {spark_submit.py:571} INFO - 26/08/21 04:15:45 INFO ResourceProfileManager: Added ResourceProfile id: 0
[2026-08-21T04:15:45.141+0000] {spark_submit.py:571} INFO - 26/08/21 04:15:45 INFO SecurityManager: Changing view acls to: ***
[2026-08-21T04:15:45.141+0000] {spark_submit.py:571} INFO - 26/08/21 04:15:45 INFO SecurityManager: Changing modify acls to: ***
[2026-08-21T04:15:45.142+0000] {spark_submit.py:571} INFO - 26/08/21 04:15:45 INFO SecurityManager: Changing view acls groups to:
[2026-08-21T04:15:45.143+0000] {spark_submit.py:571} INFO - 26/08/21 04:15:45 INFO SecurityManager: Changing modify acls groups to:
[2026-08-21T04:15:45.143+0000] {spark_submit.py:571} INFO - 26/08/21 04:15:45 INFO SecurityManager: SecurityManager: authentication disabled; ui acls disabled; users with view permissions: ***; groups with view permissions: EMPTY; users with modify permissions: ***; groups with modify permissions: EMPTY
[2026-08-21T04:15:45.561+0000] {spark_submit.py:571} INFO - 26/08/21 04:15:45 INFO Utils: Successfully started service 'sparkDriver' on port 41763.
[2026-08-21T04:15:45.598+0000] {spark_submit.py:571} INFO - 26/08/21 04:15:45 INFO SparkEnv: Registering MapOutputTracker
[2026-08-21T04:15:45.652+0000] {spark_submit.py:571} INFO - 26/08/21 04:15:45 INFO SparkEnv: Registering BlockManagerMaster
[2026-08-21T04:15:45.698+0000] {spark_submit.py:571} INFO - 26/08/21 04:15:45 INFO BlockManagerMasterEndpoint: Using org.apache.spark.storage.DefaultTopologyMapper for getting topology information
[2026-08-21T04:15:45.699+0000] {spark_submit.py:571} INFO - 26/08/21 04:15:45 INFO BlockManagerMasterEndpoint: BlockManagerMasterEndpoint up
[2026-08-21T04:15:45.706+0000] {spark_submit.py:571} INFO - 26/08/21 04:15:45 INFO SparkEnv: Registering BlockManagerMasterHeartbeat
[2026-08-21T04:15:45.735+0000] {spark_submit.py:571} INFO - 26/08/21 04:15:45 INFO DiskBlockManager: Created local directory at /tmp/blockmgr-9ea86a2f-4610-488e-b6ad-ded13131bbdc
[2026-08-21T04:15:45.751+0000] {spark_submit.py:571} INFO - 26/08/21 04:15:45 INFO MemoryStore: MemoryStore started with capacity 434.4 MiB
[2026-08-21T04:15:45.779+0000] {spark_submit.py:571} INFO - 26/08/21 04:15:45 INFO SparkEnv: Registering OutputCommitCoordinator
[2026-08-21T04:15:45.985+0000] {spark_submit.py:571} INFO - 26/08/21 04:15:45 INFO JettyUtils: Start Jetty 0.0.0.0:4040 for SparkUI
[2026-08-21T04:15:46.110+0000] {spark_submit.py:571} INFO - 26/08/21 04:15:46 INFO Utils: Successfully started service 'SparkUI' on port 4040.
[2026-08-21T04:15:46.310+0000] {spark_submit.py:571} INFO - 26/08/21 04:15:46 INFO StandaloneAppClient$ClientEndpoint: Connecting to master spark://spark-master:7077...
[2026-08-21T04:15:46.402+0000] {spark_submit.py:571} INFO - 26/08/21 04:15:46 INFO TransportClientFactory: Successfully created connection to spark-master/172.18.0.4:7077 after 38 ms (0 ms spent in bootstraps)
[2026-08-21T04:15:46.559+0000] {spark_submit.py:571} INFO - 26/08/21 04:15:46 INFO StandaloneSchedulerBackend: Connected to Spark cluster with app ID app-20260821041546-0015
[2026-08-21T04:15:46.600+0000] {spark_submit.py:571} INFO - 26/08/21 04:15:46 INFO Utils: Successfully started service 'org.apache.spark.network.netty.NettyBlockTransferService' on port 38539.
[2026-08-21T04:15:46.601+0000] {spark_submit.py:571} INFO - 26/08/21 04:15:46 INFO NettyBlockTransferService: Server created on c90a551abb73:38539
[2026-08-21T04:15:46.605+0000] {spark_submit.py:571} INFO - 26/08/21 04:15:46 INFO BlockManager: Using org.apache.spark.storage.RandomBlockReplicationPolicy for block replication policy
[2026-08-21T04:15:46.623+0000] {spark_submit.py:571} INFO - 26/08/21 04:15:46 INFO BlockManagerMaster: Registering BlockManager BlockManagerId(driver, c90a551abb73, 38539, None)
[2026-08-21T04:15:46.641+0000] {spark_submit.py:571} INFO - 26/08/21 04:15:46 INFO BlockManagerMasterEndpoint: Registering block manager c90a551abb73:38539 with 434.4 MiB RAM, BlockManagerId(driver, c90a551abb73, 38539, None)
[2026-08-21T04:15:46.647+0000] {spark_submit.py:571} INFO - 26/08/21 04:15:46 INFO BlockManagerMaster: Registered BlockManager BlockManagerId(driver, c90a551abb73, 38539, None)
[2026-08-21T04:15:46.648+0000] {spark_submit.py:571} INFO - 26/08/21 04:15:46 INFO BlockManager: Initialized BlockManager: BlockManagerId(driver, c90a551abb73, 38539, None)
[2026-08-21T04:15:47.162+0000] {spark_submit.py:571} INFO - 26/08/21 04:15:47 INFO StandaloneSchedulerBackend: SchedulerBackend is ready for scheduling beginning after reached minRegisteredResourcesRatio: 0.0
[2026-08-21T04:15:47.635+0000] {spark_submit.py:571} INFO - Đang nạp s3a://landingzone/202506.csv và trích xuất dữ liệu ca: 2025-06-01-01...
[2026-08-21T04:15:47.929+0000] {spark_submit.py:571} INFO - 26/08/21 04:15:47 INFO SharedState: Setting hive.metastore.warehouse.dir ('null') to the value of spark.sql.warehouse.dir.
[2026-08-21T04:15:47.955+0000] {spark_submit.py:571} INFO - 26/08/21 04:15:47 INFO SharedState: Warehouse path is 'file:/opt/***/spark-warehouse'.
[2026-08-21T04:15:50.349+0000] {spark_submit.py:571} INFO - 26/08/21 04:15:50 WARN MetricsConfig: Cannot locate configuration: tried hadoop-metrics2-s3a-file-system.properties,hadoop-metrics2.properties
[2026-08-21T04:15:50.360+0000] {spark_submit.py:571} INFO - 26/08/21 04:15:50 INFO MetricsSystemImpl: Scheduled Metric snapshot period at 10 second(s).
[2026-08-21T04:15:50.362+0000] {spark_submit.py:571} INFO - 26/08/21 04:15:50 INFO MetricsSystemImpl: s3a-file-system metrics system started
[2026-08-21T04:15:53.519+0000] {spark_submit.py:571} INFO - 26/08/21 04:15:53 INFO InMemoryFileIndex: It took 218 ms to list leaf files for 1 paths.
[2026-08-21T04:15:53.712+0000] {spark_submit.py:571} INFO - 26/08/21 04:15:53 INFO InMemoryFileIndex: It took 30 ms to list leaf files for 1 paths.
[2026-08-21T04:15:56.414+0000] {spark_submit.py:571} INFO - 26/08/21 04:15:56 INFO FileSourceStrategy: Pushed Filters:
[2026-08-21T04:15:56.416+0000] {spark_submit.py:571} INFO - 26/08/21 04:15:56 INFO FileSourceStrategy: Post-Scan Filters: (length(trim(value#0, None)) > 0)
[2026-08-21T04:15:57.114+0000] {spark_submit.py:571} INFO - 26/08/21 04:15:57 INFO CodeGenerator: Code generated in 373.045014 ms
[2026-08-21T04:15:57.211+0000] {spark_submit.py:571} INFO - 26/08/21 04:15:57 INFO MemoryStore: Block broadcast_0 stored as values in memory (estimated size 201.8 KiB, free 434.2 MiB)
[2026-08-21T04:15:57.287+0000] {spark_submit.py:571} INFO - 26/08/21 04:15:57 INFO MemoryStore: Block broadcast_0_piece0 stored as bytes in memory (estimated size 34.9 KiB, free 434.2 MiB)
[2026-08-21T04:15:57.290+0000] {spark_submit.py:571} INFO - 26/08/21 04:15:57 INFO BlockManagerInfo: Added broadcast_0_piece0 in memory on c90a551abb73:38539 (size: 34.9 KiB, free: 434.4 MiB)
[2026-08-21T04:15:57.296+0000] {spark_submit.py:571} INFO - 26/08/21 04:15:57 INFO SparkContext: Created broadcast 0 from csv at NativeMethodAccessorImpl.java:0
[2026-08-21T04:15:57.313+0000] {spark_submit.py:571} INFO - 26/08/21 04:15:57 INFO FileSourceScanExec: Planning scan with bin packing, max size: 134217728 bytes, open cost is considered as scanning 4194304 bytes.
[2026-08-21T04:15:57.408+0000] {spark_submit.py:571} INFO - 26/08/21 04:15:57 INFO SparkContext: Starting job: csv at NativeMethodAccessorImpl.java:0
[2026-08-21T04:15:57.426+0000] {spark_submit.py:571} INFO - 26/08/21 04:15:57 INFO DAGScheduler: Got job 0 (csv at NativeMethodAccessorImpl.java:0) with 1 output partitions
[2026-08-21T04:15:57.427+0000] {spark_submit.py:571} INFO - 26/08/21 04:15:57 INFO DAGScheduler: Final stage: ResultStage 0 (csv at NativeMethodAccessorImpl.java:0)
[2026-08-21T04:15:57.427+0000] {spark_submit.py:571} INFO - 26/08/21 04:15:57 INFO DAGScheduler: Parents of final stage: List()
[2026-08-21T04:15:57.427+0000] {spark_submit.py:571} INFO - 26/08/21 04:15:57 INFO DAGScheduler: Missing parents: List()
[2026-08-21T04:15:57.433+0000] {spark_submit.py:571} INFO - 26/08/21 04:15:57 INFO DAGScheduler: Submitting ResultStage 0 (MapPartitionsRDD[3] at csv at NativeMethodAccessorImpl.java:0), which has no missing parents
[2026-08-21T04:15:57.505+0000] {spark_submit.py:571} INFO - 26/08/21 04:15:57 INFO MemoryStore: Block broadcast_1 stored as values in memory (estimated size 13.5 KiB, free 434.2 MiB)
[2026-08-21T04:15:57.506+0000] {spark_submit.py:571} INFO - 26/08/21 04:15:57 INFO MemoryStore: Block broadcast_1_piece0 stored as bytes in memory (estimated size 6.4 KiB, free 434.1 MiB)
[2026-08-21T04:15:57.507+0000] {spark_submit.py:571} INFO - 26/08/21 04:15:57 INFO BlockManagerInfo: Added broadcast_1_piece0 in memory on c90a551abb73:38539 (size: 6.4 KiB, free: 434.4 MiB)
[2026-08-21T04:15:57.508+0000] {spark_submit.py:571} INFO - 26/08/21 04:15:57 INFO SparkContext: Created broadcast 1 from broadcast at DAGScheduler.scala:1585
[2026-08-21T04:15:57.520+0000] {spark_submit.py:571} INFO - 26/08/21 04:15:57 INFO DAGScheduler: Submitting 1 missing tasks from ResultStage 0 (MapPartitionsRDD[3] at csv at NativeMethodAccessorImpl.java:0) (first 15 tasks are for partitions Vector(0))
[2026-08-21T04:15:57.520+0000] {spark_submit.py:571} INFO - 26/08/21 04:15:57 INFO TaskSchedulerImpl: Adding task set 0.0 with 1 tasks resource profile 0
[2026-08-21T04:16:12.530+0000] {spark_submit.py:571} INFO - 26/08/21 04:16:12 WARN TaskSchedulerImpl: Initial job has not accepted any resources; check your cluster UI to ensure that workers are registered and have sufficient resources
[2026-08-21T04:16:27.530+0000] {spark_submit.py:571} INFO - 26/08/21 04:16:27 WARN TaskSchedulerImpl: Initial job has not accepted any resources; check your cluster UI to ensure that workers are registered and have sufficient resources
[2026-08-21T04:16:38.726+0000] {spark_submit.py:571} INFO - 26/08/21 04:16:38 INFO StandaloneAppClient$ClientEndpoint: Executor added: app-20260821041546-0015/0 on worker-20260821021253-172.18.0.6-39045 (172.18.0.6:39045) with 2 core(s)
[2026-08-21T04:16:38.727+0000] {spark_submit.py:571} INFO - 26/08/21 04:16:38 INFO StandaloneSchedulerBackend: Granted executor ID app-20260821041546-0015/0 on hostPort 172.18.0.6:39045 with 2 core(s), 1024.0 MiB RAM
[2026-08-21T04:16:38.727+0000] {spark_submit.py:571} INFO - 26/08/21 04:16:38 INFO StandaloneAppClient$ClientEndpoint: Executor added: app-20260821041546-0015/1 on worker-20260821021253-172.18.0.7-44957 (172.18.0.7:44957) with 2 core(s)
[2026-08-21T04:16:38.727+0000] {spark_submit.py:571} INFO - 26/08/21 04:16:38 INFO StandaloneSchedulerBackend: Granted executor ID app-20260821041546-0015/1 on hostPort 172.18.0.7:44957 with 2 core(s), 1024.0 MiB RAM
[2026-08-21T04:16:38.831+0000] {spark_submit.py:571} INFO - 26/08/21 04:16:38 INFO StandaloneAppClient$ClientEndpoint: Executor updated: app-20260821041546-0015/0 is now RUNNING
[2026-08-21T04:16:38.844+0000] {spark_submit.py:571} INFO - 26/08/21 04:16:38 INFO StandaloneAppClient$ClientEndpoint: Executor updated: app-20260821041546-0015/1 is now RUNNING
[2026-08-21T04:16:42.531+0000] {spark_submit.py:571} INFO - 26/08/21 04:16:42 WARN TaskSchedulerImpl: Initial job has not accepted any resources; check your cluster UI to ensure that workers are registered and have sufficient resources
[2026-08-21T04:16:43.843+0000] {spark_submit.py:571} INFO - 26/08/21 04:16:43 INFO StandaloneSchedulerBackend$StandaloneDriverEndpoint: Registered executor NettyRpcEndpointRef(spark-client://Executor) (172.18.0.6:34540) with ID 0,  ResourceProfileId 0
[2026-08-21T04:16:44.001+0000] {spark_submit.py:571} INFO - 26/08/21 04:16:44 INFO BlockManagerMasterEndpoint: Registering block manager 172.18.0.6:33709 with 434.4 MiB RAM, BlockManagerId(0, 172.18.0.6, 33709, None)
[2026-08-21T04:16:44.044+0000] {spark_submit.py:571} INFO - 26/08/21 04:16:44 INFO StandaloneSchedulerBackend$StandaloneDriverEndpoint: Registered executor NettyRpcEndpointRef(spark-client://Executor) (172.18.0.7:49626) with ID 1,  ResourceProfileId 0
[2026-08-21T04:16:44.150+0000] {spark_submit.py:571} INFO - 26/08/21 04:16:44 INFO TaskSetManager: Starting task 0.0 in stage 0.0 (TID 0) (172.18.0.6, executor 0, partition 0, PROCESS_LOCAL, 8210 bytes)
[2026-08-21T04:16:44.199+0000] {spark_submit.py:571} INFO - 26/08/21 04:16:44 INFO BlockManagerMasterEndpoint: Registering block manager 172.18.0.7:34623 with 434.4 MiB RAM, BlockManagerId(1, 172.18.0.7, 34623, None)
[2026-08-21T04:16:44.555+0000] {spark_submit.py:571} INFO - 26/08/21 04:16:44 INFO BlockManagerInfo: Added broadcast_1_piece0 in memory on 172.18.0.6:33709 (size: 6.4 KiB, free: 434.4 MiB)
[2026-08-21T04:16:45.460+0000] {spark_submit.py:571} INFO - 26/08/21 04:16:45 INFO BlockManagerInfo: Added broadcast_0_piece0 in memory on 172.18.0.6:33709 (size: 34.9 KiB, free: 434.4 MiB)
[2026-08-21T04:16:46.654+0000] {spark_submit.py:571} INFO - 26/08/21 04:16:46 INFO TaskSetManager: Finished task 0.0 in stage 0.0 (TID 0) in 2533 ms on 172.18.0.6 (executor 0) (1/1)
[2026-08-21T04:16:46.658+0000] {spark_submit.py:571} INFO - 26/08/21 04:16:46 INFO TaskSchedulerImpl: Removed TaskSet 0.0, whose tasks have all completed, from pool
[2026-08-21T04:16:46.665+0000] {spark_submit.py:571} INFO - 26/08/21 04:16:46 INFO DAGScheduler: ResultStage 0 (csv at NativeMethodAccessorImpl.java:0) finished in 49.215 s
[2026-08-21T04:16:46.667+0000] {spark_submit.py:571} INFO - 26/08/21 04:16:46 INFO DAGScheduler: Job 0 is finished. Cancelling potential speculative or zombie tasks for this job
[2026-08-21T04:16:46.668+0000] {spark_submit.py:571} INFO - 26/08/21 04:16:46 INFO TaskSchedulerImpl: Killing all running tasks in stage 0: Stage finished
[2026-08-21T04:16:46.670+0000] {spark_submit.py:571} INFO - 26/08/21 04:16:46 INFO DAGScheduler: Job 0 finished: csv at NativeMethodAccessorImpl.java:0, took 49.261199 s
[2026-08-21T04:16:46.689+0000] {spark_submit.py:571} INFO - 26/08/21 04:16:46 INFO CodeGenerator: Code generated in 9.499718 ms
[2026-08-21T04:16:46.742+0000] {spark_submit.py:571} INFO - 26/08/21 04:16:46 INFO BlockManagerInfo: Removed broadcast_1_piece0 on c90a551abb73:38539 in memory (size: 6.4 KiB, free: 434.4 MiB)
[2026-08-21T04:16:46.770+0000] {spark_submit.py:571} INFO - 26/08/21 04:16:46 INFO BlockManagerInfo: Removed broadcast_1_piece0 on 172.18.0.6:33709 in memory (size: 6.4 KiB, free: 434.4 MiB)
[2026-08-21T04:16:46.773+0000] {spark_submit.py:571} INFO - 26/08/21 04:16:46 INFO FileSourceStrategy: Pushed Filters:
[2026-08-21T04:16:46.780+0000] {spark_submit.py:571} INFO - 26/08/21 04:16:46 INFO FileSourceStrategy: Post-Scan Filters:
[2026-08-21T04:16:46.815+0000] {spark_submit.py:571} INFO - 26/08/21 04:16:46 INFO BlockManagerInfo: Removed broadcast_0_piece0 on c90a551abb73:38539 in memory (size: 34.9 KiB, free: 434.4 MiB)
[2026-08-21T04:16:46.817+0000] {spark_submit.py:571} INFO - 26/08/21 04:16:46 INFO MemoryStore: Block broadcast_2 stored as values in memory (estimated size 201.8 KiB, free 434.0 MiB)
[2026-08-21T04:16:46.827+0000] {spark_submit.py:571} INFO - 26/08/21 04:16:46 INFO BlockManagerInfo: Removed broadcast_0_piece0 on 172.18.0.6:33709 in memory (size: 34.9 KiB, free: 434.4 MiB)
[2026-08-21T04:16:46.865+0000] {spark_submit.py:571} INFO - 26/08/21 04:16:46 INFO MemoryStore: Block broadcast_2_piece0 stored as bytes in memory (estimated size 34.9 KiB, free 434.2 MiB)
[2026-08-21T04:16:46.876+0000] {spark_submit.py:571} INFO - 26/08/21 04:16:46 INFO BlockManagerInfo: Added broadcast_2_piece0 in memory on c90a551abb73:38539 (size: 34.9 KiB, free: 434.4 MiB)
[2026-08-21T04:16:46.881+0000] {spark_submit.py:571} INFO - 26/08/21 04:16:46 INFO SparkContext: Created broadcast 2 from csv at NativeMethodAccessorImpl.java:0
[2026-08-21T04:16:46.881+0000] {spark_submit.py:571} INFO - 26/08/21 04:16:46 INFO FileSourceScanExec: Planning scan with bin packing, max size: 134217728 bytes, open cost is considered as scanning 4194304 bytes.
[2026-08-21T04:16:46.972+0000] {spark_submit.py:571} INFO - 26/08/21 04:16:46 INFO SparkContext: Starting job: csv at NativeMethodAccessorImpl.java:0
[2026-08-21T04:16:46.973+0000] {spark_submit.py:571} INFO - 26/08/21 04:16:46 INFO DAGScheduler: Got job 1 (csv at NativeMethodAccessorImpl.java:0) with 7 output partitions
[2026-08-21T04:16:46.974+0000] {spark_submit.py:571} INFO - 26/08/21 04:16:46 INFO DAGScheduler: Final stage: ResultStage 1 (csv at NativeMethodAccessorImpl.java:0)
[2026-08-21T04:16:46.974+0000] {spark_submit.py:571} INFO - 26/08/21 04:16:46 INFO DAGScheduler: Parents of final stage: List()
[2026-08-21T04:16:46.975+0000] {spark_submit.py:571} INFO - 26/08/21 04:16:46 INFO DAGScheduler: Missing parents: List()
[2026-08-21T04:16:46.976+0000] {spark_submit.py:571} INFO - 26/08/21 04:16:46 INFO DAGScheduler: Submitting ResultStage 1 (MapPartitionsRDD[9] at csv at NativeMethodAccessorImpl.java:0), which has no missing parents
[2026-08-21T04:16:46.999+0000] {spark_submit.py:571} INFO - 26/08/21 04:16:46 INFO MemoryStore: Block broadcast_3 stored as values in memory (estimated size 28.4 KiB, free 434.1 MiB)
[2026-08-21T04:16:47.001+0000] {spark_submit.py:571} INFO - 26/08/21 04:16:47 INFO MemoryStore: Block broadcast_3_piece0 stored as bytes in memory (estimated size 13.1 KiB, free 434.1 MiB)
[2026-08-21T04:16:47.001+0000] {spark_submit.py:571} INFO - 26/08/21 04:16:47 INFO BlockManagerInfo: Added broadcast_3_piece0 in memory on c90a551abb73:38539 (size: 13.1 KiB, free: 434.4 MiB)
[2026-08-21T04:16:47.002+0000] {spark_submit.py:571} INFO - 26/08/21 04:16:47 INFO SparkContext: Created broadcast 3 from broadcast at DAGScheduler.scala:1585
[2026-08-21T04:16:47.003+0000] {spark_submit.py:571} INFO - 26/08/21 04:16:47 INFO DAGScheduler: Submitting 7 missing tasks from ResultStage 1 (MapPartitionsRDD[9] at csv at NativeMethodAccessorImpl.java:0) (first 15 tasks are for partitions Vector(0, 1, 2, 3, 4, 5, 6))
[2026-08-21T04:16:47.004+0000] {spark_submit.py:571} INFO - 26/08/21 04:16:47 INFO TaskSchedulerImpl: Adding task set 1.0 with 7 tasks resource profile 0
[2026-08-21T04:16:47.004+0000] {spark_submit.py:571} INFO - 26/08/21 04:16:47 INFO TaskSetManager: Starting task 0.0 in stage 1.0 (TID 1) (172.18.0.7, executor 1, partition 0, PROCESS_LOCAL, 8210 bytes)
[2026-08-21T04:16:47.005+0000] {spark_submit.py:571} INFO - 26/08/21 04:16:47 INFO TaskSetManager: Starting task 1.0 in stage 1.0 (TID 2) (172.18.0.6, executor 0, partition 1, PROCESS_LOCAL, 8210 bytes)
[2026-08-21T04:16:47.005+0000] {spark_submit.py:571} INFO - 26/08/21 04:16:47 INFO TaskSetManager: Starting task 2.0 in stage 1.0 (TID 3) (172.18.0.7, executor 1, partition 2, PROCESS_LOCAL, 8210 bytes)
[2026-08-21T04:16:47.006+0000] {spark_submit.py:571} INFO - 26/08/21 04:16:47 INFO TaskSetManager: Starting task 3.0 in stage 1.0 (TID 4) (172.18.0.6, executor 0, partition 3, PROCESS_LOCAL, 8210 bytes)
[2026-08-21T04:16:47.096+0000] {spark_submit.py:571} INFO - 26/08/21 04:16:47 INFO BlockManagerInfo: Added broadcast_3_piece0 in memory on 172.18.0.6:33709 (size: 13.1 KiB, free: 434.4 MiB)
[2026-08-21T04:16:47.463+0000] {spark_submit.py:571} INFO - 26/08/21 04:16:47 INFO BlockManagerInfo: Added broadcast_3_piece0 in memory on 172.18.0.7:34623 (size: 13.1 KiB, free: 434.4 MiB)
[2026-08-21T04:16:48.800+0000] {spark_submit.py:571} INFO - 26/08/21 04:16:48 INFO BlockManagerInfo: Added broadcast_2_piece0 in memory on 172.18.0.6:33709 (size: 34.9 KiB, free: 434.4 MiB)
[2026-08-21T04:16:50.517+0000] {spark_submit.py:571} INFO - 26/08/21 04:16:50 INFO BlockManagerInfo: Added broadcast_2_piece0 in memory on 172.18.0.7:34623 (size: 34.9 KiB, free: 434.4 MiB)
[2026-08-21T04:16:54.103+0000] {spark_submit.py:571} INFO - 26/08/21 04:16:54 INFO TaskSetManager: Starting task 4.0 in stage 1.0 (TID 5) (172.18.0.6, executor 0, partition 4, PROCESS_LOCAL, 8210 bytes)
[2026-08-21T04:16:54.107+0000] {spark_submit.py:571} INFO - 26/08/21 04:16:54 INFO TaskSetManager: Finished task 3.0 in stage 1.0 (TID 4) in 7102 ms on 172.18.0.6 (executor 0) (1/7)
[2026-08-21T04:16:54.663+0000] {spark_submit.py:571} INFO - 26/08/21 04:16:54 INFO TaskSetManager: Starting task 5.0 in stage 1.0 (TID 6) (172.18.0.6, executor 0, partition 5, PROCESS_LOCAL, 8210 bytes)
[2026-08-21T04:16:54.665+0000] {spark_submit.py:571} INFO - 26/08/21 04:16:54 INFO TaskSetManager: Finished task 1.0 in stage 1.0 (TID 2) in 7660 ms on 172.18.0.6 (executor 0) (2/7)
[2026-08-21T04:16:57.865+0000] {spark_submit.py:571} INFO - 26/08/21 04:16:57 INFO TaskSetManager: Starting task 6.0 in stage 1.0 (TID 7) (172.18.0.6, executor 0, partition 6, PROCESS_LOCAL, 8210 bytes)
[2026-08-21T04:16:57.867+0000] {spark_submit.py:571} INFO - 26/08/21 04:16:57 INFO TaskSetManager: Finished task 5.0 in stage 1.0 (TID 6) in 3205 ms on 172.18.0.6 (executor 0) (3/7)
[2026-08-21T04:16:57.869+0000] {spark_submit.py:571} INFO - 26/08/21 04:16:57 INFO TaskSetManager: Finished task 4.0 in stage 1.0 (TID 5) in 3769 ms on 172.18.0.6 (executor 0) (4/7)
[2026-08-21T04:16:58.046+0000] {spark_submit.py:571} INFO - 26/08/21 04:16:58 INFO TaskSetManager: Finished task 0.0 in stage 1.0 (TID 1) in 11038 ms on 172.18.0.7 (executor 1) (5/7)
[2026-08-21T04:16:58.089+0000] {spark_submit.py:571} INFO - 26/08/21 04:16:58 INFO TaskSetManager: Finished task 2.0 in stage 1.0 (TID 3) in 11080 ms on 172.18.0.7 (executor 1) (6/7)
[2026-08-21T04:16:59.532+0000] {spark_submit.py:571} INFO - 26/08/21 04:16:59 INFO TaskSetManager: Finished task 6.0 in stage 1.0 (TID 7) in 1674 ms on 172.18.0.6 (executor 0) (7/7)
[2026-08-21T04:16:59.533+0000] {spark_submit.py:571} INFO - 26/08/21 04:16:59 INFO TaskSchedulerImpl: Removed TaskSet 1.0, whose tasks have all completed, from pool
[2026-08-21T04:16:59.537+0000] {spark_submit.py:571} INFO - 26/08/21 04:16:59 INFO DAGScheduler: ResultStage 1 (csv at NativeMethodAccessorImpl.java:0) finished in 12.557 s
[2026-08-21T04:16:59.538+0000] {spark_submit.py:571} INFO - 26/08/21 04:16:59 INFO DAGScheduler: Job 1 is finished. Cancelling potential speculative or zombie tasks for this job
[2026-08-21T04:16:59.539+0000] {spark_submit.py:571} INFO - 26/08/21 04:16:59 INFO TaskSchedulerImpl: Killing all running tasks in stage 1: Stage finished
[2026-08-21T04:16:59.541+0000] {spark_submit.py:571} INFO - 26/08/21 04:16:59 INFO DAGScheduler: Job 1 finished: csv at NativeMethodAccessorImpl.java:0, took 12.568806 s
[2026-08-21T04:16:59.932+0000] {spark_submit.py:571} INFO - 26/08/21 04:16:59 INFO FileSourceStrategy: Pushed Filters: IsNotNull(date_hour)
[2026-08-21T04:16:59.933+0000] {spark_submit.py:571} INFO - 26/08/21 04:16:59 INFO FileSourceStrategy: Post-Scan Filters: isnotnull(date_hour#19),(regexp_replace(date_hour#19, ", , 1) = 2025-06-01-01)
[2026-08-21T04:17:00.061+0000] {spark_submit.py:571} INFO - 26/08/21 04:17:00 INFO CodeGenerator: Code generated in 30.279612 ms
[2026-08-21T04:17:00.067+0000] {spark_submit.py:571} INFO - 26/08/21 04:17:00 INFO MemoryStore: Block broadcast_4 stored as values in memory (estimated size 201.7 KiB, free 433.9 MiB)
[2026-08-21T04:17:00.079+0000] {spark_submit.py:571} INFO - 26/08/21 04:17:00 INFO MemoryStore: Block broadcast_4_piece0 stored as bytes in memory (estimated size 34.8 KiB, free 433.9 MiB)
[2026-08-21T04:17:00.080+0000] {spark_submit.py:571} INFO - 26/08/21 04:17:00 INFO BlockManagerInfo: Added broadcast_4_piece0 in memory on c90a551abb73:38539 (size: 34.8 KiB, free: 434.3 MiB)
[2026-08-21T04:17:00.082+0000] {spark_submit.py:571} INFO - 26/08/21 04:17:00 INFO SparkContext: Created broadcast 4 from count at NativeMethodAccessorImpl.java:0
[2026-08-21T04:17:00.087+0000] {spark_submit.py:571} INFO - 26/08/21 04:17:00 INFO FileSourceScanExec: Planning scan with bin packing, max size: 134217728 bytes, open cost is considered as scanning 4194304 bytes.
[2026-08-21T04:17:00.122+0000] {spark_submit.py:571} INFO - 26/08/21 04:17:00 INFO DAGScheduler: Registering RDD 13 (count at NativeMethodAccessorImpl.java:0) as input to shuffle 0
[2026-08-21T04:17:00.126+0000] {spark_submit.py:571} INFO - 26/08/21 04:17:00 INFO DAGScheduler: Got map stage job 2 (count at NativeMethodAccessorImpl.java:0) with 7 output partitions
[2026-08-21T04:17:00.127+0000] {spark_submit.py:571} INFO - 26/08/21 04:17:00 INFO DAGScheduler: Final stage: ShuffleMapStage 2 (count at NativeMethodAccessorImpl.java:0)
[2026-08-21T04:17:00.127+0000] {spark_submit.py:571} INFO - 26/08/21 04:17:00 INFO DAGScheduler: Parents of final stage: List()
[2026-08-21T04:17:00.127+0000] {spark_submit.py:571} INFO - 26/08/21 04:17:00 INFO DAGScheduler: Missing parents: List()
[2026-08-21T04:17:00.128+0000] {spark_submit.py:571} INFO - 26/08/21 04:17:00 INFO DAGScheduler: Submitting ShuffleMapStage 2 (MapPartitionsRDD[13] at count at NativeMethodAccessorImpl.java:0), which has no missing parents
[2026-08-21T04:17:00.144+0000] {spark_submit.py:571} INFO - 26/08/21 04:17:00 INFO MemoryStore: Block broadcast_5 stored as values in memory (estimated size 21.0 KiB, free 433.9 MiB)
[2026-08-21T04:17:00.145+0000] {spark_submit.py:571} INFO - 26/08/21 04:17:00 INFO MemoryStore: Block broadcast_5_piece0 stored as bytes in memory (estimated size 10.1 KiB, free 433.9 MiB)
[2026-08-21T04:17:00.146+0000] {spark_submit.py:571} INFO - 26/08/21 04:17:00 INFO BlockManagerInfo: Added broadcast_5_piece0 in memory on c90a551abb73:38539 (size: 10.1 KiB, free: 434.3 MiB)
[2026-08-21T04:17:00.147+0000] {spark_submit.py:571} INFO - 26/08/21 04:17:00 INFO SparkContext: Created broadcast 5 from broadcast at DAGScheduler.scala:1585
[2026-08-21T04:17:00.148+0000] {spark_submit.py:571} INFO - 26/08/21 04:17:00 INFO DAGScheduler: Submitting 7 missing tasks from ShuffleMapStage 2 (MapPartitionsRDD[13] at count at NativeMethodAccessorImpl.java:0) (first 15 tasks are for partitions Vector(0, 1, 2, 3, 4, 5, 6))
[2026-08-21T04:17:00.148+0000] {spark_submit.py:571} INFO - 26/08/21 04:17:00 INFO TaskSchedulerImpl: Adding task set 2.0 with 7 tasks resource profile 0
[2026-08-21T04:17:00.151+0000] {spark_submit.py:571} INFO - 26/08/21 04:17:00 INFO TaskSetManager: Starting task 0.0 in stage 2.0 (TID 8) (172.18.0.6, executor 0, partition 0, PROCESS_LOCAL, 8199 bytes)
[2026-08-21T04:17:00.152+0000] {spark_submit.py:571} INFO - 26/08/21 04:17:00 INFO TaskSetManager: Starting task 1.0 in stage 2.0 (TID 9) (172.18.0.7, executor 1, partition 1, PROCESS_LOCAL, 8199 bytes)
[2026-08-21T04:17:00.152+0000] {spark_submit.py:571} INFO - 26/08/21 04:17:00 INFO TaskSetManager: Starting task 2.0 in stage 2.0 (TID 10) (172.18.0.6, executor 0, partition 2, PROCESS_LOCAL, 8199 bytes)
[2026-08-21T04:17:00.152+0000] {spark_submit.py:571} INFO - 26/08/21 04:17:00 INFO TaskSetManager: Starting task 3.0 in stage 2.0 (TID 11) (172.18.0.7, executor 1, partition 3, PROCESS_LOCAL, 8199 bytes)
[2026-08-21T04:17:00.207+0000] {spark_submit.py:571} INFO - 26/08/21 04:17:00 INFO BlockManagerInfo: Added broadcast_5_piece0 in memory on 172.18.0.6:33709 (size: 10.1 KiB, free: 434.3 MiB)
[2026-08-21T04:17:00.263+0000] {spark_submit.py:571} INFO - 26/08/21 04:17:00 INFO BlockManagerInfo: Added broadcast_5_piece0 in memory on 172.18.0.7:34623 (size: 10.1 KiB, free: 434.3 MiB)
[2026-08-21T04:17:00.408+0000] {spark_submit.py:571} INFO - 26/08/21 04:17:00 INFO BlockManagerInfo: Added broadcast_4_piece0 in memory on 172.18.0.6:33709 (size: 34.8 KiB, free: 434.3 MiB)
[2026-08-21T04:17:00.479+0000] {spark_submit.py:571} INFO - 26/08/21 04:17:00 INFO BlockManagerInfo: Added broadcast_4_piece0 in memory on 172.18.0.7:34623 (size: 34.8 KiB, free: 434.3 MiB)
[2026-08-21T04:17:02.843+0000] {spark_submit.py:571} INFO - 26/08/21 04:17:02 INFO TaskSetManager: Starting task 4.0 in stage 2.0 (TID 12) (172.18.0.6, executor 0, partition 4, PROCESS_LOCAL, 8199 bytes)
[2026-08-21T04:17:02.846+0000] {spark_submit.py:571} INFO - 26/08/21 04:17:02 INFO TaskSetManager: Finished task 2.0 in stage 2.0 (TID 10) in 2694 ms on 172.18.0.6 (executor 0) (1/7)
[2026-08-21T04:17:02.897+0000] {spark_submit.py:571} INFO - 26/08/21 04:17:02 INFO BlockManagerInfo: Removed broadcast_3_piece0 on c90a551abb73:38539 in memory (size: 13.1 KiB, free: 434.3 MiB)
[2026-08-21T04:17:02.924+0000] {spark_submit.py:571} INFO - 26/08/21 04:17:02 INFO BlockManagerInfo: Removed broadcast_3_piece0 on 172.18.0.6:33709 in memory (size: 13.1 KiB, free: 434.3 MiB)
[2026-08-21T04:17:02.926+0000] {spark_submit.py:571} INFO - 26/08/21 04:17:02 INFO BlockManagerInfo: Removed broadcast_3_piece0 on 172.18.0.7:34623 in memory (size: 13.1 KiB, free: 434.3 MiB)
[2026-08-21T04:17:03.149+0000] {spark_submit.py:571} INFO - 26/08/21 04:17:03 INFO TaskSetManager: Starting task 5.0 in stage 2.0 (TID 13) (172.18.0.6, executor 0, partition 5, PROCESS_LOCAL, 8199 bytes)
[2026-08-21T04:17:03.153+0000] {spark_submit.py:571} INFO - 26/08/21 04:17:03 INFO TaskSetManager: Finished task 0.0 in stage 2.0 (TID 8) in 3001 ms on 172.18.0.6 (executor 0) (2/7)
[2026-08-21T04:17:03.396+0000] {spark_submit.py:571} INFO - 26/08/21 04:17:03 INFO TaskSetManager: Starting task 6.0 in stage 2.0 (TID 14) (172.18.0.7, executor 1, partition 6, PROCESS_LOCAL, 8199 bytes)
[2026-08-21T04:17:03.400+0000] {spark_submit.py:571} INFO - 26/08/21 04:17:03 INFO TaskSetManager: Finished task 3.0 in stage 2.0 (TID 11) in 3245 ms on 172.18.0.7 (executor 1) (3/7)
[2026-08-21T04:17:03.613+0000] {spark_submit.py:571} INFO - 26/08/21 04:17:03 INFO TaskSetManager: Finished task 1.0 in stage 2.0 (TID 9) in 3459 ms on 172.18.0.7 (executor 1) (4/7)
[2026-08-21T04:17:05.033+0000] {spark_submit.py:571} INFO - 26/08/21 04:17:05 INFO TaskSetManager: Finished task 4.0 in stage 2.0 (TID 12) in 2191 ms on 172.18.0.6 (executor 0) (5/7)
[2026-08-21T04:17:05.139+0000] {spark_submit.py:571} INFO - 26/08/21 04:17:05 INFO TaskSetManager: Finished task 5.0 in stage 2.0 (TID 13) in 1990 ms on 172.18.0.6 (executor 0) (6/7)
[2026-08-21T04:17:05.152+0000] {spark_submit.py:571} INFO - 26/08/21 04:17:05 INFO TaskSetManager: Finished task 6.0 in stage 2.0 (TID 14) in 1759 ms on 172.18.0.7 (executor 1) (7/7)
[2026-08-21T04:17:05.153+0000] {spark_submit.py:571} INFO - 26/08/21 04:17:05 INFO TaskSchedulerImpl: Removed TaskSet 2.0, whose tasks have all completed, from pool
[2026-08-21T04:17:05.153+0000] {spark_submit.py:571} INFO - 26/08/21 04:17:05 INFO DAGScheduler: ShuffleMapStage 2 (count at NativeMethodAccessorImpl.java:0) finished in 5.023 s
[2026-08-21T04:17:05.154+0000] {spark_submit.py:571} INFO - 26/08/21 04:17:05 INFO DAGScheduler: looking for newly runnable stages
[2026-08-21T04:17:05.154+0000] {spark_submit.py:571} INFO - 26/08/21 04:17:05 INFO DAGScheduler: running: Set()
[2026-08-21T04:17:05.155+0000] {spark_submit.py:571} INFO - 26/08/21 04:17:05 INFO DAGScheduler: waiting: Set()
[2026-08-21T04:17:05.155+0000] {spark_submit.py:571} INFO - 26/08/21 04:17:05 INFO DAGScheduler: failed: Set()
[2026-08-21T04:17:05.190+0000] {spark_submit.py:571} INFO - 26/08/21 04:17:05 INFO CodeGenerator: Code generated in 11.781372 ms
[2026-08-21T04:17:05.209+0000] {spark_submit.py:571} INFO - 26/08/21 04:17:05 INFO SparkContext: Starting job: count at NativeMethodAccessorImpl.java:0
[2026-08-21T04:17:05.211+0000] {spark_submit.py:571} INFO - 26/08/21 04:17:05 INFO DAGScheduler: Got job 3 (count at NativeMethodAccessorImpl.java:0) with 1 output partitions
[2026-08-21T04:17:05.212+0000] {spark_submit.py:571} INFO - 26/08/21 04:17:05 INFO DAGScheduler: Final stage: ResultStage 4 (count at NativeMethodAccessorImpl.java:0)
[2026-08-21T04:17:05.213+0000] {spark_submit.py:571} INFO - 26/08/21 04:17:05 INFO DAGScheduler: Parents of final stage: List(ShuffleMapStage 3)
[2026-08-21T04:17:05.213+0000] {spark_submit.py:571} INFO - 26/08/21 04:17:05 INFO DAGScheduler: Missing parents: List()
[2026-08-21T04:17:05.214+0000] {spark_submit.py:571} INFO - 26/08/21 04:17:05 INFO DAGScheduler: Submitting ResultStage 4 (MapPartitionsRDD[16] at count at NativeMethodAccessorImpl.java:0), which has no missing parents
[2026-08-21T04:17:05.221+0000] {spark_submit.py:571} INFO - 26/08/21 04:17:05 INFO MemoryStore: Block broadcast_6 stored as values in memory (estimated size 12.5 KiB, free 433.9 MiB)
[2026-08-21T04:17:05.226+0000] {spark_submit.py:571} INFO - 26/08/21 04:17:05 INFO MemoryStore: Block broadcast_6_piece0 stored as bytes in memory (estimated size 5.9 KiB, free 433.9 MiB)
[2026-08-21T04:17:05.227+0000] {spark_submit.py:571} INFO - 26/08/21 04:17:05 INFO BlockManagerInfo: Added broadcast_6_piece0 in memory on c90a551abb73:38539 (size: 5.9 KiB, free: 434.3 MiB)
[2026-08-21T04:17:05.229+0000] {spark_submit.py:571} INFO - 26/08/21 04:17:05 INFO SparkContext: Created broadcast 6 from broadcast at DAGScheduler.scala:1585
[2026-08-21T04:17:05.229+0000] {spark_submit.py:571} INFO - 26/08/21 04:17:05 INFO DAGScheduler: Submitting 1 missing tasks from ResultStage 4 (MapPartitionsRDD[16] at count at NativeMethodAccessorImpl.java:0) (first 15 tasks are for partitions Vector(0))
[2026-08-21T04:17:05.229+0000] {spark_submit.py:571} INFO - 26/08/21 04:17:05 INFO TaskSchedulerImpl: Adding task set 4.0 with 1 tasks resource profile 0
[2026-08-21T04:17:05.241+0000] {spark_submit.py:571} INFO - 26/08/21 04:17:05 INFO TaskSetManager: Starting task 0.0 in stage 4.0 (TID 15) (172.18.0.6, executor 0, partition 0, NODE_LOCAL, 7619 bytes)
[2026-08-21T04:17:05.278+0000] {spark_submit.py:571} INFO - 26/08/21 04:17:05 INFO BlockManagerInfo: Added broadcast_6_piece0 in memory on 172.18.0.6:33709 (size: 5.9 KiB, free: 434.3 MiB)
[2026-08-21T04:17:05.295+0000] {spark_submit.py:571} INFO - 26/08/21 04:17:05 INFO MapOutputTrackerMasterEndpoint: Asked to send map output locations for shuffle 0 to 172.18.0.6:34540
[2026-08-21T04:17:05.325+0000] {spark_submit.py:571} INFO - 26/08/21 04:17:05 INFO BlockManagerInfo: Removed broadcast_5_piece0 on c90a551abb73:38539 in memory (size: 10.1 KiB, free: 434.3 MiB)
[2026-08-21T04:17:05.329+0000] {spark_submit.py:571} INFO - 26/08/21 04:17:05 INFO BlockManagerInfo: Removed broadcast_5_piece0 on 172.18.0.6:33709 in memory (size: 10.1 KiB, free: 434.3 MiB)
[2026-08-21T04:17:05.330+0000] {spark_submit.py:571} INFO - 26/08/21 04:17:05 INFO BlockManagerInfo: Removed broadcast_5_piece0 on 172.18.0.7:34623 in memory (size: 10.1 KiB, free: 434.3 MiB)
[2026-08-21T04:17:05.356+0000] {spark_submit.py:571} INFO - 26/08/21 04:17:05 INFO BlockManagerInfo: Removed broadcast_2_piece0 on c90a551abb73:38539 in memory (size: 34.9 KiB, free: 434.4 MiB)
[2026-08-21T04:17:05.357+0000] {spark_submit.py:571} INFO - 26/08/21 04:17:05 INFO BlockManagerInfo: Removed broadcast_2_piece0 on 172.18.0.6:33709 in memory (size: 34.9 KiB, free: 434.4 MiB)
[2026-08-21T04:17:05.361+0000] {spark_submit.py:571} INFO - 26/08/21 04:17:05 INFO BlockManagerInfo: Removed broadcast_2_piece0 on 172.18.0.7:34623 in memory (size: 34.9 KiB, free: 434.4 MiB)
[2026-08-21T04:17:05.442+0000] {spark_submit.py:571} INFO - 26/08/21 04:17:05 INFO TaskSetManager: Finished task 0.0 in stage 4.0 (TID 15) in 205 ms on 172.18.0.6 (executor 0) (1/1)
[2026-08-21T04:17:05.444+0000] {spark_submit.py:571} INFO - 26/08/21 04:17:05 INFO TaskSchedulerImpl: Removed TaskSet 4.0, whose tasks have all completed, from pool
[2026-08-21T04:17:05.444+0000] {spark_submit.py:571} INFO - 26/08/21 04:17:05 INFO DAGScheduler: ResultStage 4 (count at NativeMethodAccessorImpl.java:0) finished in 0.224 s
[2026-08-21T04:17:05.444+0000] {spark_submit.py:571} INFO - 26/08/21 04:17:05 INFO DAGScheduler: Job 3 is finished. Cancelling potential speculative or zombie tasks for this job
[2026-08-21T04:17:05.444+0000] {spark_submit.py:571} INFO - 26/08/21 04:17:05 INFO TaskSchedulerImpl: Killing all running tasks in stage 4: Stage finished
[2026-08-21T04:17:05.444+0000] {spark_submit.py:571} INFO - 26/08/21 04:17:05 INFO DAGScheduler: Job 3 finished: count at NativeMethodAccessorImpl.java:0, took 0.234655 s
[2026-08-21T04:17:05.517+0000] {spark_submit.py:571} INFO - 26/08/21 04:17:05 INFO FileSourceStrategy: Pushed Filters: IsNotNull(date_hour)
[2026-08-21T04:17:05.518+0000] {spark_submit.py:571} INFO - 26/08/21 04:17:05 INFO FileSourceStrategy: Post-Scan Filters: isnotnull(date_hour#19),(regexp_replace(date_hour#19, ", , 1) = 2025-06-01-01)
[2026-08-21T04:17:05.537+0000] {spark_submit.py:571} INFO - 26/08/21 04:17:05 INFO MemoryStore: Block broadcast_7 stored as values in memory (estimated size 201.7 KiB, free 434.0 MiB)
[2026-08-21T04:17:05.553+0000] {spark_submit.py:571} INFO - 26/08/21 04:17:05 INFO MemoryStore: Block broadcast_7_piece0 stored as bytes in memory (estimated size 34.8 KiB, free 433.9 MiB)
[2026-08-21T04:17:05.555+0000] {spark_submit.py:571} INFO - 26/08/21 04:17:05 INFO BlockManagerInfo: Added broadcast_7_piece0 in memory on c90a551abb73:38539 (size: 34.8 KiB, free: 434.3 MiB)
[2026-08-21T04:17:05.556+0000] {spark_submit.py:571} INFO - 26/08/21 04:17:05 INFO SparkContext: Created broadcast 7 from count at NativeMethodAccessorImpl.java:0
[2026-08-21T04:17:05.557+0000] {spark_submit.py:571} INFO - 26/08/21 04:17:05 INFO BlockManagerInfo: Removed broadcast_6_piece0 on c90a551abb73:38539 in memory (size: 5.9 KiB, free: 434.3 MiB)
[2026-08-21T04:17:05.558+0000] {spark_submit.py:571} INFO - 26/08/21 04:17:05 INFO FileSourceScanExec: Planning scan with bin packing, max size: 134217728 bytes, open cost is considered as scanning 4194304 bytes.
[2026-08-21T04:17:05.564+0000] {spark_submit.py:571} INFO - 26/08/21 04:17:05 INFO BlockManagerInfo: Removed broadcast_6_piece0 on 172.18.0.6:33709 in memory (size: 5.9 KiB, free: 434.4 MiB)
[2026-08-21T04:17:05.566+0000] {spark_submit.py:571} INFO - 26/08/21 04:17:05 INFO DAGScheduler: Registering RDD 20 (count at NativeMethodAccessorImpl.java:0) as input to shuffle 1
[2026-08-21T04:17:05.567+0000] {spark_submit.py:571} INFO - 26/08/21 04:17:05 INFO DAGScheduler: Got map stage job 4 (count at NativeMethodAccessorImpl.java:0) with 7 output partitions
[2026-08-21T04:17:05.569+0000] {spark_submit.py:571} INFO - 26/08/21 04:17:05 INFO DAGScheduler: Final stage: ShuffleMapStage 5 (count at NativeMethodAccessorImpl.java:0)
[2026-08-21T04:17:05.569+0000] {spark_submit.py:571} INFO - 26/08/21 04:17:05 INFO DAGScheduler: Parents of final stage: List()
[2026-08-21T04:17:05.570+0000] {spark_submit.py:571} INFO - 26/08/21 04:17:05 INFO DAGScheduler: Missing parents: List()
[2026-08-21T04:17:05.571+0000] {spark_submit.py:571} INFO - 26/08/21 04:17:05 INFO DAGScheduler: Submitting ShuffleMapStage 5 (MapPartitionsRDD[20] at count at NativeMethodAccessorImpl.java:0), which has no missing parents
[2026-08-21T04:17:05.573+0000] {spark_submit.py:571} INFO - 26/08/21 04:17:05 INFO MemoryStore: Block broadcast_8 stored as values in memory (estimated size 21.0 KiB, free 433.9 MiB)
[2026-08-21T04:17:05.574+0000] {spark_submit.py:571} INFO - 26/08/21 04:17:05 INFO MemoryStore: Block broadcast_8_piece0 stored as bytes in memory (estimated size 10.1 KiB, free 433.9 MiB)
[2026-08-21T04:17:05.575+0000] {spark_submit.py:571} INFO - 26/08/21 04:17:05 INFO BlockManagerInfo: Added broadcast_8_piece0 in memory on c90a551abb73:38539 (size: 10.1 KiB, free: 434.3 MiB)
[2026-08-21T04:17:05.577+0000] {spark_submit.py:571} INFO - 26/08/21 04:17:05 INFO SparkContext: Created broadcast 8 from broadcast at DAGScheduler.scala:1585
[2026-08-21T04:17:05.577+0000] {spark_submit.py:571} INFO - 26/08/21 04:17:05 INFO DAGScheduler: Submitting 7 missing tasks from ShuffleMapStage 5 (MapPartitionsRDD[20] at count at NativeMethodAccessorImpl.java:0) (first 15 tasks are for partitions Vector(0, 1, 2, 3, 4, 5, 6))
[2026-08-21T04:17:05.578+0000] {spark_submit.py:571} INFO - 26/08/21 04:17:05 INFO TaskSchedulerImpl: Adding task set 5.0 with 7 tasks resource profile 0
[2026-08-21T04:17:05.580+0000] {spark_submit.py:571} INFO - 26/08/21 04:17:05 INFO TaskSetManager: Starting task 0.0 in stage 5.0 (TID 16) (172.18.0.7, executor 1, partition 0, PROCESS_LOCAL, 8199 bytes)
[2026-08-21T04:17:05.581+0000] {spark_submit.py:571} INFO - 26/08/21 04:17:05 INFO TaskSetManager: Starting task 1.0 in stage 5.0 (TID 17) (172.18.0.6, executor 0, partition 1, PROCESS_LOCAL, 8199 bytes)
[2026-08-21T04:17:05.582+0000] {spark_submit.py:571} INFO - 26/08/21 04:17:05 INFO TaskSetManager: Starting task 2.0 in stage 5.0 (TID 18) (172.18.0.7, executor 1, partition 2, PROCESS_LOCAL, 8199 bytes)
[2026-08-21T04:17:05.582+0000] {spark_submit.py:571} INFO - 26/08/21 04:17:05 INFO TaskSetManager: Starting task 3.0 in stage 5.0 (TID 19) (172.18.0.6, executor 0, partition 3, PROCESS_LOCAL, 8199 bytes)
[2026-08-21T04:17:05.625+0000] {spark_submit.py:571} INFO - 26/08/21 04:17:05 INFO BlockManagerInfo: Added broadcast_8_piece0 in memory on 172.18.0.6:33709 (size: 10.1 KiB, free: 434.4 MiB)
[2026-08-21T04:17:05.626+0000] {spark_submit.py:571} INFO - 26/08/21 04:17:05 INFO BlockManagerInfo: Added broadcast_8_piece0 in memory on 172.18.0.7:34623 (size: 10.1 KiB, free: 434.4 MiB)
[2026-08-21T04:17:05.663+0000] {spark_submit.py:571} INFO - 26/08/21 04:17:05 INFO BlockManagerInfo: Added broadcast_7_piece0 in memory on 172.18.0.7:34623 (size: 34.8 KiB, free: 434.3 MiB)
[2026-08-21T04:17:05.685+0000] {spark_submit.py:571} INFO - 26/08/21 04:17:05 INFO BlockManagerInfo: Added broadcast_7_piece0 in memory on 172.18.0.6:33709 (size: 34.8 KiB, free: 434.3 MiB)
[2026-08-21T04:17:07.533+0000] {spark_submit.py:571} INFO - 26/08/21 04:17:07 INFO TaskSetManager: Starting task 4.0 in stage 5.0 (TID 20) (172.18.0.6, executor 0, partition 4, PROCESS_LOCAL, 8199 bytes)
[2026-08-21T04:17:07.537+0000] {spark_submit.py:571} INFO - 26/08/21 04:17:07 INFO TaskSetManager: Finished task 3.0 in stage 5.0 (TID 19) in 1952 ms on 172.18.0.6 (executor 0) (1/7)
[2026-08-21T04:17:07.786+0000] {spark_submit.py:571} INFO - 26/08/21 04:17:07 INFO TaskSetManager: Starting task 5.0 in stage 5.0 (TID 21) (172.18.0.6, executor 0, partition 5, PROCESS_LOCAL, 8199 bytes)
[2026-08-21T04:17:07.786+0000] {spark_submit.py:571} INFO - 26/08/21 04:17:07 INFO TaskSetManager: Finished task 1.0 in stage 5.0 (TID 17) in 2206 ms on 172.18.0.6 (executor 0) (2/7)
[2026-08-21T04:17:08.085+0000] {spark_submit.py:571} INFO - 26/08/21 04:17:08 INFO TaskSetManager: Starting task 6.0 in stage 5.0 (TID 22) (172.18.0.7, executor 1, partition 6, PROCESS_LOCAL, 8199 bytes)
[2026-08-21T04:17:08.086+0000] {spark_submit.py:571} INFO - 26/08/21 04:17:08 INFO TaskSetManager: Finished task 2.0 in stage 5.0 (TID 18) in 2501 ms on 172.18.0.7 (executor 1) (3/7)
[2026-08-21T04:17:08.176+0000] {spark_submit.py:571} INFO - 26/08/21 04:17:08 INFO TaskSetManager: Finished task 0.0 in stage 5.0 (TID 16) in 2597 ms on 172.18.0.7 (executor 1) (4/7)
[2026-08-21T04:17:09.473+0000] {spark_submit.py:571} INFO - 26/08/21 04:17:09 INFO TaskSetManager: Finished task 5.0 in stage 5.0 (TID 21) in 1684 ms on 172.18.0.6 (executor 0) (5/7)
[2026-08-21T04:17:09.539+0000] {spark_submit.py:571} INFO - 26/08/21 04:17:09 INFO TaskSetManager: Finished task 4.0 in stage 5.0 (TID 20) in 2006 ms on 172.18.0.6 (executor 0) (6/7)
[2026-08-21T04:17:09.556+0000] {spark_submit.py:571} INFO - 26/08/21 04:17:09 INFO TaskSetManager: Finished task 6.0 in stage 5.0 (TID 22) in 1475 ms on 172.18.0.7 (executor 1) (7/7)
[2026-08-21T04:17:09.556+0000] {spark_submit.py:571} INFO - 26/08/21 04:17:09 INFO TaskSchedulerImpl: Removed TaskSet 5.0, whose tasks have all completed, from pool
[2026-08-21T04:17:09.557+0000] {spark_submit.py:571} INFO - 26/08/21 04:17:09 INFO DAGScheduler: ShuffleMapStage 5 (count at NativeMethodAccessorImpl.java:0) finished in 3.988 s
[2026-08-21T04:17:09.557+0000] {spark_submit.py:571} INFO - 26/08/21 04:17:09 INFO DAGScheduler: looking for newly runnable stages
[2026-08-21T04:17:09.558+0000] {spark_submit.py:571} INFO - 26/08/21 04:17:09 INFO DAGScheduler: running: Set()
[2026-08-21T04:17:09.558+0000] {spark_submit.py:571} INFO - 26/08/21 04:17:09 INFO DAGScheduler: waiting: Set()
[2026-08-21T04:17:09.558+0000] {spark_submit.py:571} INFO - 26/08/21 04:17:09 INFO DAGScheduler: failed: Set()
[2026-08-21T04:17:09.584+0000] {spark_submit.py:571} INFO - 26/08/21 04:17:09 INFO SparkContext: Starting job: count at NativeMethodAccessorImpl.java:0
[2026-08-21T04:17:09.585+0000] {spark_submit.py:571} INFO - 26/08/21 04:17:09 INFO DAGScheduler: Got job 5 (count at NativeMethodAccessorImpl.java:0) with 1 output partitions
[2026-08-21T04:17:09.586+0000] {spark_submit.py:571} INFO - 26/08/21 04:17:09 INFO DAGScheduler: Final stage: ResultStage 7 (count at NativeMethodAccessorImpl.java:0)
[2026-08-21T04:17:09.586+0000] {spark_submit.py:571} INFO - 26/08/21 04:17:09 INFO DAGScheduler: Parents of final stage: List(ShuffleMapStage 6)
[2026-08-21T04:17:09.587+0000] {spark_submit.py:571} INFO - 26/08/21 04:17:09 INFO DAGScheduler: Missing parents: List()
[2026-08-21T04:17:09.587+0000] {spark_submit.py:571} INFO - 26/08/21 04:17:09 INFO DAGScheduler: Submitting ResultStage 7 (MapPartitionsRDD[23] at count at NativeMethodAccessorImpl.java:0), which has no missing parents
[2026-08-21T04:17:09.587+0000] {spark_submit.py:571} INFO - 26/08/21 04:17:09 INFO MemoryStore: Block broadcast_9 stored as values in memory (estimated size 12.5 KiB, free 433.9 MiB)
[2026-08-21T04:17:09.589+0000] {spark_submit.py:571} INFO - 26/08/21 04:17:09 INFO MemoryStore: Block broadcast_9_piece0 stored as bytes in memory (estimated size 5.9 KiB, free 433.9 MiB)
[2026-08-21T04:17:09.590+0000] {spark_submit.py:571} INFO - 26/08/21 04:17:09 INFO BlockManagerInfo: Added broadcast_9_piece0 in memory on c90a551abb73:38539 (size: 5.9 KiB, free: 434.3 MiB)
[2026-08-21T04:17:09.591+0000] {spark_submit.py:571} INFO - 26/08/21 04:17:09 INFO SparkContext: Created broadcast 9 from broadcast at DAGScheduler.scala:1585
[2026-08-21T04:17:09.592+0000] {spark_submit.py:571} INFO - 26/08/21 04:17:09 INFO DAGScheduler: Submitting 1 missing tasks from ResultStage 7 (MapPartitionsRDD[23] at count at NativeMethodAccessorImpl.java:0) (first 15 tasks are for partitions Vector(0))
[2026-08-21T04:17:09.592+0000] {spark_submit.py:571} INFO - 26/08/21 04:17:09 INFO TaskSchedulerImpl: Adding task set 7.0 with 1 tasks resource profile 0
[2026-08-21T04:17:09.594+0000] {spark_submit.py:571} INFO - 26/08/21 04:17:09 INFO TaskSetManager: Starting task 0.0 in stage 7.0 (TID 23) (172.18.0.6, executor 0, partition 0, NODE_LOCAL, 7619 bytes)
[2026-08-21T04:17:09.610+0000] {spark_submit.py:571} INFO - 26/08/21 04:17:09 INFO BlockManagerInfo: Added broadcast_9_piece0 in memory on 172.18.0.6:33709 (size: 5.9 KiB, free: 434.3 MiB)
[2026-08-21T04:17:09.614+0000] {spark_submit.py:571} INFO - 26/08/21 04:17:09 INFO MapOutputTrackerMasterEndpoint: Asked to send map output locations for shuffle 1 to 172.18.0.6:34540
[2026-08-21T04:17:09.636+0000] {spark_submit.py:571} INFO - 26/08/21 04:17:09 INFO TaskSetManager: Finished task 0.0 in stage 7.0 (TID 23) in 43 ms on 172.18.0.6 (executor 0) (1/1)
[2026-08-21T04:17:09.636+0000] {spark_submit.py:571} INFO - 26/08/21 04:17:09 INFO TaskSchedulerImpl: Removed TaskSet 7.0, whose tasks have all completed, from pool
[2026-08-21T04:17:09.638+0000] {spark_submit.py:571} INFO - 26/08/21 04:17:09 INFO DAGScheduler: ResultStage 7 (count at NativeMethodAccessorImpl.java:0) finished in 0.052 s
[2026-08-21T04:17:09.639+0000] {spark_submit.py:571} INFO - 26/08/21 04:17:09 INFO DAGScheduler: Job 5 is finished. Cancelling potential speculative or zombie tasks for this job
[2026-08-21T04:17:09.639+0000] {spark_submit.py:571} INFO - 26/08/21 04:17:09 INFO TaskSchedulerImpl: Killing all running tasks in stage 7: Stage finished
[2026-08-21T04:17:09.641+0000] {spark_submit.py:571} INFO - 26/08/21 04:17:09 INFO DAGScheduler: Job 5 finished: count at NativeMethodAccessorImpl.java:0, took 0.057918 s
[2026-08-21T04:17:09.641+0000] {spark_submit.py:571} INFO - Đang ghi 3614 dòng xuống Bronze layer (Partition: 2025-06-01 / 01)...
[2026-08-21T04:17:09.792+0000] {spark_submit.py:571} INFO - 26/08/21 04:17:09 INFO DelegatingLogStore: LogStore `LogStoreAdapter(io.delta.storage.S3SingleDriverLogStore)` is used for scheme `s3a`
[2026-08-21T04:17:09.861+0000] {spark_submit.py:571} INFO - 26/08/21 04:17:09 INFO DeltaLog: Loading version 0.
[2026-08-21T04:17:10.343+0000] {spark_submit.py:571} INFO - 26/08/21 04:17:10 INFO DeltaLogFileIndex: Created DeltaLogFileIndex(JSON, numFilesInSegment: 1, totalFileSize: 5821)
[2026-08-21T04:17:10.526+0000] {spark_submit.py:571} INFO - 26/08/21 04:17:10 INFO BlockManagerInfo: Removed broadcast_9_piece0 on c90a551abb73:38539 in memory (size: 5.9 KiB, free: 434.3 MiB)
[2026-08-21T04:17:10.533+0000] {spark_submit.py:571} INFO - 26/08/21 04:17:10 INFO BlockManagerInfo: Removed broadcast_9_piece0 on 172.18.0.6:33709 in memory (size: 5.9 KiB, free: 434.3 MiB)
[2026-08-21T04:17:10.550+0000] {spark_submit.py:571} INFO - 26/08/21 04:17:10 INFO BlockManagerInfo: Removed broadcast_7_piece0 on c90a551abb73:38539 in memory (size: 34.8 KiB, free: 434.4 MiB)
[2026-08-21T04:17:10.578+0000] {spark_submit.py:571} INFO - 26/08/21 04:17:10 INFO BlockManagerInfo: Removed broadcast_7_piece0 on 172.18.0.7:34623 in memory (size: 34.8 KiB, free: 434.4 MiB)
[2026-08-21T04:17:10.595+0000] {spark_submit.py:571} INFO - 26/08/21 04:17:10 INFO BlockManagerInfo: Removed broadcast_7_piece0 on 172.18.0.6:33709 in memory (size: 34.8 KiB, free: 434.4 MiB)
[2026-08-21T04:17:10.630+0000] {spark_submit.py:571} INFO - 26/08/21 04:17:10 INFO BlockManagerInfo: Removed broadcast_8_piece0 on c90a551abb73:38539 in memory (size: 10.1 KiB, free: 434.4 MiB)
[2026-08-21T04:17:10.630+0000] {spark_submit.py:571} INFO - 26/08/21 04:17:10 INFO BlockManagerInfo: Removed broadcast_8_piece0 on 172.18.0.6:33709 in memory (size: 10.1 KiB, free: 434.4 MiB)
[2026-08-21T04:17:10.637+0000] {spark_submit.py:571} INFO - 26/08/21 04:17:10 INFO BlockManagerInfo: Removed broadcast_8_piece0 on 172.18.0.7:34623 in memory (size: 10.1 KiB, free: 434.4 MiB)
[2026-08-21T04:17:10.657+0000] {spark_submit.py:571} INFO - 26/08/21 04:17:10 INFO DataSourceStrategy: Pruning directories with:
[2026-08-21T04:17:10.668+0000] {spark_submit.py:571} INFO - 26/08/21 04:17:10 INFO FileSourceStrategy: Pushed Filters:
[2026-08-21T04:17:10.670+0000] {spark_submit.py:571} INFO - 26/08/21 04:17:10 INFO FileSourceStrategy: Post-Scan Filters: ((isnotnull(protocol#557.minReaderVersion) OR isnotnull(metaData#556.id)) OR (isnotnull(commitInfo#558.inCommitTimestamp) AND (version#559L = 0)))
[2026-08-21T04:17:10.862+0000] {spark_submit.py:571} INFO - 26/08/21 04:17:10 INFO CodeGenerator: Code generated in 161.331662 ms
[2026-08-21T04:17:10.866+0000] {spark_submit.py:571} INFO - 26/08/21 04:17:10 INFO MemoryStore: Block broadcast_10 stored as values in memory (estimated size 201.6 KiB, free 434.0 MiB)
[2026-08-21T04:17:10.882+0000] {spark_submit.py:571} INFO - 26/08/21 04:17:10 INFO MemoryStore: Block broadcast_10_piece0 stored as bytes in memory (estimated size 34.9 KiB, free 433.9 MiB)
[2026-08-21T04:17:10.883+0000] {spark_submit.py:571} INFO - 26/08/21 04:17:10 INFO BlockManagerInfo: Added broadcast_10_piece0 in memory on c90a551abb73:38539 (size: 34.9 KiB, free: 434.3 MiB)
[2026-08-21T04:17:10.884+0000] {spark_submit.py:571} INFO - 26/08/21 04:17:10 INFO SparkContext: Created broadcast 10 from $anonfun$recordDeltaOperationInternal$1 at DatabricksLogging.scala:128
[2026-08-21T04:17:10.898+0000] {spark_submit.py:571} INFO - 26/08/21 04:17:10 INFO FileSourceScanExec: Planning scan with bin packing, max size: 4194304 bytes, open cost is considered as scanning 4194304 bytes.
[2026-08-21T04:17:10.929+0000] {spark_submit.py:571} INFO - 26/08/21 04:17:10 INFO SparkContext: Starting job: $anonfun$recordDeltaOperationInternal$1 at DatabricksLogging.scala:128
[2026-08-21T04:17:10.930+0000] {spark_submit.py:571} INFO - 26/08/21 04:17:10 INFO DAGScheduler: Got job 6 ($anonfun$recordDeltaOperationInternal$1 at DatabricksLogging.scala:128) with 1 output partitions
[2026-08-21T04:17:10.930+0000] {spark_submit.py:571} INFO - 26/08/21 04:17:10 INFO DAGScheduler: Final stage: ResultStage 8 ($anonfun$recordDeltaOperationInternal$1 at DatabricksLogging.scala:128)
[2026-08-21T04:17:10.931+0000] {spark_submit.py:571} INFO - 26/08/21 04:17:10 INFO DAGScheduler: Parents of final stage: List()
[2026-08-21T04:17:10.931+0000] {spark_submit.py:571} INFO - 26/08/21 04:17:10 INFO DAGScheduler: Missing parents: List()
[2026-08-21T04:17:10.932+0000] {spark_submit.py:571} INFO - 26/08/21 04:17:10 INFO DAGScheduler: Submitting ResultStage 8 (MapPartitionsRDD[27] at $anonfun$recordDeltaOperationInternal$1 at DatabricksLogging.scala:128), which has no missing parents
[2026-08-21T04:17:10.936+0000] {spark_submit.py:571} INFO - 26/08/21 04:17:10 INFO MemoryStore: Block broadcast_11 stored as values in memory (estimated size 55.2 KiB, free 433.9 MiB)
[2026-08-21T04:17:10.940+0000] {spark_submit.py:571} INFO - 26/08/21 04:17:10 INFO MemoryStore: Block broadcast_11_piece0 stored as bytes in memory (estimated size 17.2 KiB, free 433.9 MiB)
[2026-08-21T04:17:10.941+0000] {spark_submit.py:571} INFO - 26/08/21 04:17:10 INFO BlockManagerInfo: Added broadcast_11_piece0 in memory on c90a551abb73:38539 (size: 17.2 KiB, free: 434.3 MiB)
[2026-08-21T04:17:10.942+0000] {spark_submit.py:571} INFO - 26/08/21 04:17:10 INFO SparkContext: Created broadcast 11 from broadcast at DAGScheduler.scala:1585
[2026-08-21T04:17:10.943+0000] {spark_submit.py:571} INFO - 26/08/21 04:17:10 INFO DAGScheduler: Submitting 1 missing tasks from ResultStage 8 (MapPartitionsRDD[27] at $anonfun$recordDeltaOperationInternal$1 at DatabricksLogging.scala:128) (first 15 tasks are for partitions Vector(0))
[2026-08-21T04:17:10.943+0000] {spark_submit.py:571} INFO - 26/08/21 04:17:10 INFO TaskSchedulerImpl: Adding task set 8.0 with 1 tasks resource profile 0
[2026-08-21T04:17:10.945+0000] {spark_submit.py:571} INFO - 26/08/21 04:17:10 INFO TaskSetManager: Starting task 0.0 in stage 8.0 (TID 24) (172.18.0.6, executor 0, partition 0, PROCESS_LOCAL, 8295 bytes)
[2026-08-21T04:17:10.982+0000] {spark_submit.py:571} INFO - 26/08/21 04:17:10 INFO BlockManagerInfo: Added broadcast_11_piece0 in memory on 172.18.0.6:33709 (size: 17.2 KiB, free: 434.3 MiB)
[2026-08-21T04:17:10.987+0000] {spark_submit.py:571} INFO - 26/08/21 04:17:10 INFO BlockManagerInfo: Removed broadcast_4_piece0 on c90a551abb73:38539 in memory (size: 34.8 KiB, free: 434.3 MiB)
[2026-08-21T04:17:10.989+0000] {spark_submit.py:571} INFO - 26/08/21 04:17:10 INFO BlockManagerInfo: Removed broadcast_4_piece0 on 172.18.0.7:34623 in memory (size: 34.8 KiB, free: 434.4 MiB)
[2026-08-21T04:17:10.993+0000] {spark_submit.py:571} INFO - 26/08/21 04:17:10 INFO BlockManagerInfo: Removed broadcast_4_piece0 on 172.18.0.6:33709 in memory (size: 34.8 KiB, free: 434.4 MiB)
[2026-08-21T04:17:11.397+0000] {spark_submit.py:571} INFO - 26/08/21 04:17:11 INFO BlockManagerInfo: Added broadcast_10_piece0 in memory on 172.18.0.6:33709 (size: 34.9 KiB, free: 434.3 MiB)
[2026-08-21T04:17:11.463+0000] {spark_submit.py:571} INFO - 26/08/21 04:17:11 INFO TaskSetManager: Finished task 0.0 in stage 8.0 (TID 24) in 519 ms on 172.18.0.6 (executor 0) (1/1)
[2026-08-21T04:17:11.467+0000] {spark_submit.py:571} INFO - 26/08/21 04:17:11 INFO TaskSchedulerImpl: Removed TaskSet 8.0, whose tasks have all completed, from pool
[2026-08-21T04:17:11.468+0000] {spark_submit.py:571} INFO - 26/08/21 04:17:11 INFO DAGScheduler: ResultStage 8 ($anonfun$recordDeltaOperationInternal$1 at DatabricksLogging.scala:128) finished in 0.533 s
[2026-08-21T04:17:11.469+0000] {spark_submit.py:571} INFO - 26/08/21 04:17:11 INFO DAGScheduler: Job 6 is finished. Cancelling potential speculative or zombie tasks for this job
[2026-08-21T04:17:11.469+0000] {spark_submit.py:571} INFO - 26/08/21 04:17:11 INFO TaskSchedulerImpl: Killing all running tasks in stage 8: Stage finished
[2026-08-21T04:17:11.469+0000] {spark_submit.py:571} INFO - 26/08/21 04:17:11 INFO DAGScheduler: Job 6 finished: $anonfun$recordDeltaOperationInternal$1 at DatabricksLogging.scala:128, took 0.538640 s
[2026-08-21T04:17:11.560+0000] {spark_submit.py:571} INFO - 26/08/21 04:17:11 INFO CodeGenerator: Code generated in 47.967856 ms
[2026-08-21T04:17:11.620+0000] {spark_submit.py:571} INFO - 26/08/21 04:17:11 INFO Snapshot: [tableId=b337413f-8f02-4820-9b30-0c7232933a25] Created snapshot Snapshot(path=s3a://bronze/cell_kpi_raw/_delta_log, version=0, metadata=Metadata(3f92f059-19d8-4f04-823a-c9ec69354868,null,null,Format(parquet,Map()),{"type":"struct","fields":[{"name":"enb_name","type":"string","nullable":true,"metadata":{}},{"name":"cell_name","type":"string","nullable":true,"metadata":{}},{"name":"date_hour","type":"string","nullable":true,"metadata":{}},{"name":"dl_traffic_gb","type":"double","nullable":true,"metadata":{}},{"name":"ul_traffic_gb","type":"double","nullable":true,"metadata":{}},{"name":"total_traffic_gb","type":"double","nullable":true,"metadata":{}},{"name":"max_rrc_connected_user","type":"integer","nullable":true,"metadata":{}},{"name":"ul_prb","type":"double","nullable":true,"metadata":{}},{"name":"ul_prb_used","type":"double","nullable":true,"metadata":{}},{"name":"ul_prb_available_total","type":"double","nullable":true,"metadata":{}},{"name":"dl_prb","type":"double","nullable":true,"metadata":{}},{"name":"dl_prb_used","type":"double","nullable":true,"metadata":{}},{"name":"dl_prb_available_total","type":"double","nullable":true,"metadata":{}},{"name":"sector","type":"string","nullable":true,"metadata":{}},{"name":"azimuth","type":"integer","nullable":true,"metadata":{}},{"name":"cell_type","type":"string","nullable":true,"metadata":{}},{"name":"x","type":"double","nullable":true,"metadata":{}},{"name":"y","type":"double","nullable":true,"metadata":{}},{"name":"date","type":"string","nullable":true,"metadata":{}},{"name":"hour","type":"string","nullable":true,"metadata":{}}]},List(date, hour),Map(),Some(1787285783963)), logSegment=LogSegment(s3a://bronze/cell_kpi_raw/_delta_log,0,WrappedArray(S3AFileStatus{path=s3a://bronze/cell_kpi_raw/_delta_log/00000000000000000000.json; isDirectory=false; length=5821; replication=1; blocksize=33554432; modification_time=1787285797530; access_time=0; owner=***; group=***; permission=rw-rw-rw-; isSymlink=false; hasAcl=false; isEncrypted=true; isErasureCoded=false} isEmptyDirectory=FALSE eTag=10e9ed013e5a0aee37d4e9b85ae5ed36 versionId=null),org.apache.spark.sql.delta.EmptyCheckpointProvider$@43405ce0,1787285797530), checksumOpt=None)
[2026-08-21T04:17:11.634+0000] {spark_submit.py:571} INFO - 26/08/21 04:17:11 INFO DeltaLog: Updated snapshot to Snapshot(path=s3a://bronze/cell_kpi_raw/_delta_log, version=0, metadata=Metadata(3f92f059-19d8-4f04-823a-c9ec69354868,null,null,Format(parquet,Map()),{"type":"struct","fields":[{"name":"enb_name","type":"string","nullable":true,"metadata":{}},{"name":"cell_name","type":"string","nullable":true,"metadata":{}},{"name":"date_hour","type":"string","nullable":true,"metadata":{}},{"name":"dl_traffic_gb","type":"double","nullable":true,"metadata":{}},{"name":"ul_traffic_gb","type":"double","nullable":true,"metadata":{}},{"name":"total_traffic_gb","type":"double","nullable":true,"metadata":{}},{"name":"max_rrc_connected_user","type":"integer","nullable":true,"metadata":{}},{"name":"ul_prb","type":"double","nullable":true,"metadata":{}},{"name":"ul_prb_used","type":"double","nullable":true,"metadata":{}},{"name":"ul_prb_available_total","type":"double","nullable":true,"metadata":{}},{"name":"dl_prb","type":"double","nullable":true,"metadata":{}},{"name":"dl_prb_used","type":"double","nullable":true,"metadata":{}},{"name":"dl_prb_available_total","type":"double","nullable":true,"metadata":{}},{"name":"sector","type":"string","nullable":true,"metadata":{}},{"name":"azimuth","type":"integer","nullable":true,"metadata":{}},{"name":"cell_type","type":"string","nullable":true,"metadata":{}},{"name":"x","type":"double","nullable":true,"metadata":{}},{"name":"y","type":"double","nullable":true,"metadata":{}},{"name":"date","type":"string","nullable":true,"metadata":{}},{"name":"hour","type":"string","nullable":true,"metadata":{}}]},List(date, hour),Map(),Some(1787285783963)), logSegment=LogSegment(s3a://bronze/cell_kpi_raw/_delta_log,0,WrappedArray(S3AFileStatus{path=s3a://bronze/cell_kpi_raw/_delta_log/00000000000000000000.json; isDirectory=false; length=5821; replication=1; blocksize=33554432; modification_time=1787285797530; access_time=0; owner=***; group=***; permission=rw-rw-rw-; isSymlink=false; hasAcl=false; isEncrypted=true; isErasureCoded=false} isEmptyDirectory=FALSE eTag=10e9ed013e5a0aee37d4e9b85ae5ed36 versionId=null),org.apache.spark.sql.delta.EmptyCheckpointProvider$@43405ce0,1787285797530), checksumOpt=None)
[2026-08-21T04:17:11.807+0000] {spark_submit.py:571} INFO - 26/08/21 04:17:11 INFO Snapshot: [tableId=3f92f059-19d8-4f04-823a-c9ec69354868] DELTA: Compute snapshot for version: 0
[2026-08-21T04:17:11.819+0000] {spark_submit.py:571} INFO - 26/08/21 04:17:11 INFO MemoryStore: Block broadcast_12 stored as values in memory (estimated size 201.3 KiB, free 433.9 MiB)
[2026-08-21T04:17:11.831+0000] {spark_submit.py:571} INFO - 26/08/21 04:17:11 INFO BlockManagerInfo: Removed broadcast_11_piece0 on c90a551abb73:38539 in memory (size: 17.2 KiB, free: 434.4 MiB)
[2026-08-21T04:17:11.839+0000] {spark_submit.py:571} INFO - 26/08/21 04:17:11 INFO BlockManagerInfo: Removed broadcast_11_piece0 on 172.18.0.6:33709 in memory (size: 17.2 KiB, free: 434.4 MiB)
[2026-08-21T04:17:11.846+0000] {spark_submit.py:571} INFO - 26/08/21 04:17:11 INFO MemoryStore: Block broadcast_12_piece0 stored as bytes in memory (estimated size 34.9 KiB, free 433.9 MiB)
[2026-08-21T04:17:11.847+0000] {spark_submit.py:571} INFO - 26/08/21 04:17:11 INFO BlockManagerInfo: Added broadcast_12_piece0 in memory on c90a551abb73:38539 (size: 34.9 KiB, free: 434.3 MiB)
[2026-08-21T04:17:11.850+0000] {spark_submit.py:571} INFO - 26/08/21 04:17:11 INFO SparkContext: Created broadcast 12 from save at NativeMethodAccessorImpl.java:0
[2026-08-21T04:17:12.409+0000] {spark_submit.py:571} INFO - 26/08/21 04:17:12 INFO BlockManagerInfo: Removed broadcast_10_piece0 on c90a551abb73:38539 in memory (size: 34.9 KiB, free: 434.4 MiB)
[2026-08-21T04:17:12.421+0000] {spark_submit.py:571} INFO - 26/08/21 04:17:12 INFO BlockManagerInfo: Removed broadcast_10_piece0 on 172.18.0.6:33709 in memory (size: 34.9 KiB, free: 434.4 MiB)
[2026-08-21T04:17:12.439+0000] {spark_submit.py:571} INFO - 26/08/21 04:17:12 INFO DataSourceStrategy: Pruning directories with:
[2026-08-21T04:17:12.439+0000] {spark_submit.py:571} INFO - 26/08/21 04:17:12 INFO FileSourceStrategy: Pushed Filters:
[2026-08-21T04:17:12.441+0000] {spark_submit.py:571} INFO - 26/08/21 04:17:12 INFO FileSourceStrategy: Post-Scan Filters:
[2026-08-21T04:17:12.460+0000] {spark_submit.py:571} INFO - 26/08/21 04:17:12 WARN SparkStringUtils: Truncated the string representation of a plan since it was too large. This behavior can be adjusted by setting 'spark.sql.debug.maxToStringFields'.
[2026-08-21T04:17:12.703+0000] {spark_submit.py:571} INFO - 26/08/21 04:17:12 INFO CodeGenerator: Code generated in 162.481852 ms
[2026-08-21T04:17:12.707+0000] {spark_submit.py:571} INFO - 26/08/21 04:17:12 INFO MemoryStore: Block broadcast_13 stored as values in memory (estimated size 201.6 KiB, free 434.0 MiB)
[2026-08-21T04:17:12.731+0000] {spark_submit.py:571} INFO - 26/08/21 04:17:12 INFO MemoryStore: Block broadcast_13_piece0 stored as bytes in memory (estimated size 34.9 KiB, free 433.9 MiB)
[2026-08-21T04:17:12.734+0000] {spark_submit.py:571} INFO - 26/08/21 04:17:12 INFO BlockManagerInfo: Added broadcast_13_piece0 in memory on c90a551abb73:38539 (size: 34.9 KiB, free: 434.3 MiB)
[2026-08-21T04:17:12.737+0000] {spark_submit.py:571} INFO - 26/08/21 04:17:12 INFO SparkContext: Created broadcast 13 from save at NativeMethodAccessorImpl.java:0
[2026-08-21T04:17:12.738+0000] {spark_submit.py:571} INFO - 26/08/21 04:17:12 INFO FileSourceScanExec: Planning scan with bin packing, max size: 4194304 bytes, open cost is considered as scanning 4194304 bytes.
[2026-08-21T04:17:12.768+0000] {spark_submit.py:571} INFO - 26/08/21 04:17:12 INFO DAGScheduler: Registering RDD 31 (save at NativeMethodAccessorImpl.java:0) as input to shuffle 2
[2026-08-21T04:17:12.769+0000] {spark_submit.py:571} INFO - 26/08/21 04:17:12 INFO DAGScheduler: Got map stage job 7 (save at NativeMethodAccessorImpl.java:0) with 1 output partitions
[2026-08-21T04:17:12.769+0000] {spark_submit.py:571} INFO - 26/08/21 04:17:12 INFO DAGScheduler: Final stage: ShuffleMapStage 9 (save at NativeMethodAccessorImpl.java:0)
[2026-08-21T04:17:12.769+0000] {spark_submit.py:571} INFO - 26/08/21 04:17:12 INFO DAGScheduler: Parents of final stage: List()
[2026-08-21T04:17:12.771+0000] {spark_submit.py:571} INFO - 26/08/21 04:17:12 INFO DAGScheduler: Missing parents: List()
[2026-08-21T04:17:12.772+0000] {spark_submit.py:571} INFO - 26/08/21 04:17:12 INFO DAGScheduler: Submitting ShuffleMapStage 9 (MapPartitionsRDD[31] at save at NativeMethodAccessorImpl.java:0), which has no missing parents
[2026-08-21T04:17:12.775+0000] {spark_submit.py:571} INFO - 26/08/21 04:17:12 INFO MemoryStore: Block broadcast_14 stored as values in memory (estimated size 105.9 KiB, free 433.8 MiB)
[2026-08-21T04:17:12.777+0000] {spark_submit.py:571} INFO - 26/08/21 04:17:12 INFO MemoryStore: Block broadcast_14_piece0 stored as bytes in memory (estimated size 32.7 KiB, free 433.8 MiB)
[2026-08-21T04:17:12.777+0000] {spark_submit.py:571} INFO - 26/08/21 04:17:12 INFO BlockManagerInfo: Added broadcast_14_piece0 in memory on c90a551abb73:38539 (size: 32.7 KiB, free: 434.3 MiB)
[2026-08-21T04:17:12.778+0000] {spark_submit.py:571} INFO - 26/08/21 04:17:12 INFO SparkContext: Created broadcast 14 from broadcast at DAGScheduler.scala:1585
[2026-08-21T04:17:12.779+0000] {spark_submit.py:571} INFO - 26/08/21 04:17:12 INFO DAGScheduler: Submitting 1 missing tasks from ShuffleMapStage 9 (MapPartitionsRDD[31] at save at NativeMethodAccessorImpl.java:0) (first 15 tasks are for partitions Vector(0))
[2026-08-21T04:17:12.780+0000] {spark_submit.py:571} INFO - 26/08/21 04:17:12 INFO TaskSchedulerImpl: Adding task set 9.0 with 1 tasks resource profile 0
[2026-08-21T04:17:12.780+0000] {spark_submit.py:571} INFO - 26/08/21 04:17:12 INFO TaskSetManager: Starting task 0.0 in stage 9.0 (TID 25) (172.18.0.6, executor 0, partition 0, PROCESS_LOCAL, 8284 bytes)
[2026-08-21T04:17:12.808+0000] {spark_submit.py:571} INFO - 26/08/21 04:17:12 INFO BlockManagerInfo: Added broadcast_14_piece0 in memory on 172.18.0.6:33709 (size: 32.7 KiB, free: 434.4 MiB)
[2026-08-21T04:17:13.351+0000] {spark_submit.py:571} INFO - 26/08/21 04:17:13 INFO BlockManagerInfo: Added broadcast_13_piece0 in memory on 172.18.0.6:33709 (size: 34.9 KiB, free: 434.3 MiB)
[2026-08-21T04:17:13.438+0000] {spark_submit.py:571} INFO - 26/08/21 04:17:13 INFO TaskSetManager: Finished task 0.0 in stage 9.0 (TID 25) in 657 ms on 172.18.0.6 (executor 0) (1/1)
[2026-08-21T04:17:13.438+0000] {spark_submit.py:571} INFO - 26/08/21 04:17:13 INFO TaskSchedulerImpl: Removed TaskSet 9.0, whose tasks have all completed, from pool
[2026-08-21T04:17:13.439+0000] {spark_submit.py:571} INFO - 26/08/21 04:17:13 INFO DAGScheduler: ShuffleMapStage 9 (save at NativeMethodAccessorImpl.java:0) finished in 0.667 s
[2026-08-21T04:17:13.439+0000] {spark_submit.py:571} INFO - 26/08/21 04:17:13 INFO DAGScheduler: looking for newly runnable stages
[2026-08-21T04:17:13.439+0000] {spark_submit.py:571} INFO - 26/08/21 04:17:13 INFO DAGScheduler: running: Set()
[2026-08-21T04:17:13.439+0000] {spark_submit.py:571} INFO - 26/08/21 04:17:13 INFO DAGScheduler: waiting: Set()
[2026-08-21T04:17:13.440+0000] {spark_submit.py:571} INFO - 26/08/21 04:17:13 INFO DAGScheduler: failed: Set()
[2026-08-21T04:17:13.642+0000] {spark_submit.py:571} INFO - 26/08/21 04:17:13 INFO BlockManagerInfo: Removed broadcast_14_piece0 on c90a551abb73:38539 in memory (size: 32.7 KiB, free: 434.3 MiB)
[2026-08-21T04:17:13.646+0000] {spark_submit.py:571} INFO - 26/08/21 04:17:13 INFO BlockManagerInfo: Removed broadcast_14_piece0 on 172.18.0.6:33709 in memory (size: 32.7 KiB, free: 434.4 MiB)
[2026-08-21T04:17:14.165+0000] {spark_submit.py:571} INFO - 26/08/21 04:17:14 INFO CodeGenerator: Generated method too long to be JIT compiled: org.apache.spark.sql.catalyst.expressions.GeneratedClass$GeneratedIteratorForCodegenStage3.serializefromobject_doConsume_0$ is 25072 bytes
[2026-08-21T04:17:14.169+0000] {spark_submit.py:571} INFO - 26/08/21 04:17:14 INFO CodeGenerator: Code generated in 469.392676 ms
[2026-08-21T04:17:14.289+0000] {spark_submit.py:571} INFO - 26/08/21 04:17:14 INFO CodeGenerator: Code generated in 98.639512 ms
[2026-08-21T04:17:14.577+0000] {spark_submit.py:571} INFO - 26/08/21 04:17:14 INFO CodeGenerator: Code generated in 71.175897 ms
[2026-08-21T04:17:14.586+0000] {spark_submit.py:571} INFO - 26/08/21 04:17:14 INFO DAGScheduler: Registering RDD 41 (save at NativeMethodAccessorImpl.java:0) as input to shuffle 3
[2026-08-21T04:17:14.587+0000] {spark_submit.py:571} INFO - 26/08/21 04:17:14 INFO DAGScheduler: Got map stage job 8 (save at NativeMethodAccessorImpl.java:0) with 50 output partitions
[2026-08-21T04:17:14.587+0000] {spark_submit.py:571} INFO - 26/08/21 04:17:14 INFO DAGScheduler: Final stage: ShuffleMapStage 11 (save at NativeMethodAccessorImpl.java:0)
[2026-08-21T04:17:14.588+0000] {spark_submit.py:571} INFO - 26/08/21 04:17:14 INFO DAGScheduler: Parents of final stage: List(ShuffleMapStage 10)
[2026-08-21T04:17:14.590+0000] {spark_submit.py:571} INFO - 26/08/21 04:17:14 INFO DAGScheduler: Missing parents: List()
[2026-08-21T04:17:14.592+0000] {spark_submit.py:571} INFO - 26/08/21 04:17:14 INFO DAGScheduler: Submitting ShuffleMapStage 11 (MapPartitionsRDD[41] at save at NativeMethodAccessorImpl.java:0), which has no missing parents
[2026-08-21T04:17:14.650+0000] {spark_submit.py:571} INFO - 26/08/21 04:17:14 INFO MemoryStore: Block broadcast_15 stored as values in memory (estimated size 602.2 KiB, free 433.4 MiB)
[2026-08-21T04:17:14.653+0000] {spark_submit.py:571} INFO - 26/08/21 04:17:14 INFO MemoryStore: Block broadcast_15_piece0 stored as bytes in memory (estimated size 137.9 KiB, free 433.2 MiB)
[2026-08-21T04:17:14.653+0000] {spark_submit.py:571} INFO - 26/08/21 04:17:14 INFO BlockManagerInfo: Added broadcast_15_piece0 in memory on c90a551abb73:38539 (size: 137.9 KiB, free: 434.2 MiB)
[2026-08-21T04:17:14.654+0000] {spark_submit.py:571} INFO - 26/08/21 04:17:14 INFO SparkContext: Created broadcast 15 from broadcast at DAGScheduler.scala:1585
[2026-08-21T04:17:14.655+0000] {spark_submit.py:571} INFO - 26/08/21 04:17:14 INFO DAGScheduler: Submitting 50 missing tasks from ShuffleMapStage 11 (MapPartitionsRDD[41] at save at NativeMethodAccessorImpl.java:0) (first 15 tasks are for partitions Vector(0, 1, 2, 3, 4, 5, 6, 7, 8, 9, 10, 11, 12, 13, 14))
[2026-08-21T04:17:14.656+0000] {spark_submit.py:571} INFO - 26/08/21 04:17:14 INFO TaskSchedulerImpl: Adding task set 11.0 with 50 tasks resource profile 0
[2026-08-21T04:17:14.659+0000] {spark_submit.py:571} INFO - 26/08/21 04:17:14 INFO TaskSetManager: Starting task 36.0 in stage 11.0 (TID 26) (172.18.0.6, executor 0, partition 36, NODE_LOCAL, 7608 bytes)
[2026-08-21T04:17:14.661+0000] {spark_submit.py:571} INFO - 26/08/21 04:17:14 INFO TaskSetManager: Starting task 42.0 in stage 11.0 (TID 27) (172.18.0.6, executor 0, partition 42, NODE_LOCAL, 7608 bytes)
[2026-08-21T04:17:14.661+0000] {spark_submit.py:571} INFO - 26/08/21 04:17:14 INFO TaskSetManager: Starting task 0.0 in stage 11.0 (TID 28) (172.18.0.7, executor 1, partition 0, PROCESS_LOCAL, 7608 bytes)
[2026-08-21T04:17:14.661+0000] {spark_submit.py:571} INFO - 26/08/21 04:17:14 INFO TaskSetManager: Starting task 1.0 in stage 11.0 (TID 29) (172.18.0.7, executor 1, partition 1, PROCESS_LOCAL, 7608 bytes)
[2026-08-21T04:17:14.698+0000] {spark_submit.py:571} INFO - 26/08/21 04:17:14 INFO BlockManagerInfo: Added broadcast_15_piece0 in memory on 172.18.0.7:34623 (size: 137.9 KiB, free: 434.3 MiB)
[2026-08-21T04:17:14.698+0000] {spark_submit.py:571} INFO - 26/08/21 04:17:14 INFO BlockManagerInfo: Added broadcast_15_piece0 in memory on 172.18.0.6:33709 (size: 137.9 KiB, free: 434.2 MiB)
[2026-08-21T04:17:15.135+0000] {spark_submit.py:571} INFO - 26/08/21 04:17:15 INFO MapOutputTrackerMasterEndpoint: Asked to send map output locations for shuffle 2 to 172.18.0.6:34540
[2026-08-21T04:17:15.394+0000] {spark_submit.py:571} INFO - 26/08/21 04:17:15 INFO MapOutputTrackerMasterEndpoint: Asked to send map output locations for shuffle 2 to 172.18.0.7:49626
[2026-08-21T04:17:16.647+0000] {spark_submit.py:571} INFO - 26/08/21 04:17:16 INFO BlockManagerInfo: Added rdd_38_36 in memory on 172.18.0.6:33709 (size: 1179.0 B, free: 434.2 MiB)
[2026-08-21T04:17:16.653+0000] {spark_submit.py:571} INFO - 26/08/21 04:17:16 INFO BlockManagerInfo: Added rdd_38_42 in memory on 172.18.0.6:33709 (size: 701.0 B, free: 434.2 MiB)
[2026-08-21T04:17:17.313+0000] {spark_submit.py:571} INFO - 26/08/21 04:17:17 INFO BlockManagerInfo: Added rdd_38_1 in memory on 172.18.0.7:34623 (size: 46.0 B, free: 434.3 MiB)
[2026-08-21T04:17:17.318+0000] {spark_submit.py:571} INFO - 26/08/21 04:17:17 INFO BlockManagerInfo: Added rdd_38_0 in memory on 172.18.0.7:34623 (size: 46.0 B, free: 434.3 MiB)
[2026-08-21T04:17:17.817+0000] {spark_submit.py:571} INFO - 26/08/21 04:17:17 INFO TaskSetManager: Starting task 49.0 in stage 11.0 (TID 30) (172.18.0.6, executor 0, partition 49, NODE_LOCAL, 7608 bytes)
[2026-08-21T04:17:17.824+0000] {spark_submit.py:571} INFO - 26/08/21 04:17:17 INFO TaskSetManager: Finished task 42.0 in stage 11.0 (TID 27) in 3164 ms on 172.18.0.6 (executor 0) (1/50)
[2026-08-21T04:17:17.827+0000] {spark_submit.py:571} INFO - 26/08/21 04:17:17 INFO TaskSetManager: Starting task 2.0 in stage 11.0 (TID 31) (172.18.0.6, executor 0, partition 2, PROCESS_LOCAL, 7608 bytes)
[2026-08-21T04:17:17.828+0000] {spark_submit.py:571} INFO - 26/08/21 04:17:17 INFO TaskSetManager: Finished task 36.0 in stage 11.0 (TID 26) in 3167 ms on 172.18.0.6 (executor 0) (2/50)
[2026-08-21T04:17:18.154+0000] {spark_submit.py:571} INFO - 26/08/21 04:17:18 INFO BlockManagerInfo: Added rdd_38_49 in memory on 172.18.0.6:33709 (size: 1157.0 B, free: 434.2 MiB)
[2026-08-21T04:17:18.156+0000] {spark_submit.py:571} INFO - 26/08/21 04:17:18 INFO BlockManagerInfo: Added rdd_38_2 in memory on 172.18.0.6:33709 (size: 46.0 B, free: 434.2 MiB)
[2026-08-21T04:17:18.271+0000] {spark_submit.py:571} INFO - 26/08/21 04:17:18 INFO TaskSetManager: Starting task 3.0 in stage 11.0 (TID 32) (172.18.0.6, executor 0, partition 3, PROCESS_LOCAL, 7608 bytes)
[2026-08-21T04:17:18.272+0000] {spark_submit.py:571} INFO - 26/08/21 04:17:18 INFO TaskSetManager: Starting task 4.0 in stage 11.0 (TID 33) (172.18.0.6, executor 0, partition 4, PROCESS_LOCAL, 7608 bytes)
[2026-08-21T04:17:18.272+0000] {spark_submit.py:571} INFO - 26/08/21 04:17:18 INFO TaskSetManager: Finished task 49.0 in stage 11.0 (TID 30) in 457 ms on 172.18.0.6 (executor 0) (3/50)
[2026-08-21T04:17:18.274+0000] {spark_submit.py:571} INFO - 26/08/21 04:17:18 INFO TaskSetManager: Finished task 2.0 in stage 11.0 (TID 31) in 447 ms on 172.18.0.6 (executor 0) (4/50)
[2026-08-21T04:17:18.445+0000] {spark_submit.py:571} INFO - 26/08/21 04:17:18 INFO BlockManagerInfo: Added rdd_38_4 in memory on 172.18.0.6:33709 (size: 46.0 B, free: 434.2 MiB)
[2026-08-21T04:17:18.475+0000] {spark_submit.py:571} INFO - 26/08/21 04:17:18 INFO BlockManagerInfo: Added rdd_38_3 in memory on 172.18.0.6:33709 (size: 46.0 B, free: 434.2 MiB)
[2026-08-21T04:17:18.552+0000] {spark_submit.py:571} INFO - 26/08/21 04:17:18 INFO TaskSetManager: Starting task 5.0 in stage 11.0 (TID 34) (172.18.0.6, executor 0, partition 5, PROCESS_LOCAL, 7608 bytes)
[2026-08-21T04:17:18.553+0000] {spark_submit.py:571} INFO - 26/08/21 04:17:18 INFO TaskSetManager: Finished task 4.0 in stage 11.0 (TID 33) in 283 ms on 172.18.0.6 (executor 0) (5/50)
[2026-08-21T04:17:18.585+0000] {spark_submit.py:571} INFO - 26/08/21 04:17:18 INFO TaskSetManager: Starting task 6.0 in stage 11.0 (TID 35) (172.18.0.6, executor 0, partition 6, PROCESS_LOCAL, 7608 bytes)
[2026-08-21T04:17:18.588+0000] {spark_submit.py:571} INFO - 26/08/21 04:17:18 INFO TaskSetManager: Finished task 3.0 in stage 11.0 (TID 32) in 319 ms on 172.18.0.6 (executor 0) (6/50)
[2026-08-21T04:17:18.754+0000] {spark_submit.py:571} INFO - 26/08/21 04:17:18 INFO BlockManagerInfo: Added rdd_38_5 in memory on 172.18.0.6:33709 (size: 46.0 B, free: 434.2 MiB)
[2026-08-21T04:17:18.811+0000] {spark_submit.py:571} INFO - 26/08/21 04:17:18 INFO BlockManagerInfo: Added rdd_38_6 in memory on 172.18.0.6:33709 (size: 46.0 B, free: 434.2 MiB)
[2026-08-21T04:17:18.814+0000] {spark_submit.py:571} INFO - 26/08/21 04:17:18 INFO TaskSetManager: Starting task 7.0 in stage 11.0 (TID 36) (172.18.0.6, executor 0, partition 7, PROCESS_LOCAL, 7608 bytes)
[2026-08-21T04:17:18.818+0000] {spark_submit.py:571} INFO - 26/08/21 04:17:18 INFO TaskSetManager: Finished task 5.0 in stage 11.0 (TID 34) in 267 ms on 172.18.0.6 (executor 0) (7/50)
[2026-08-21T04:17:18.854+0000] {spark_submit.py:571} INFO - 26/08/21 04:17:18 INFO TaskSetManager: Starting task 8.0 in stage 11.0 (TID 37) (172.18.0.7, executor 1, partition 8, PROCESS_LOCAL, 7608 bytes)
[2026-08-21T04:17:18.857+0000] {spark_submit.py:571} INFO - 26/08/21 04:17:18 INFO TaskSetManager: Starting task 9.0 in stage 11.0 (TID 38) (172.18.0.7, executor 1, partition 9, PROCESS_LOCAL, 7608 bytes)
[2026-08-21T04:17:18.858+0000] {spark_submit.py:571} INFO - 26/08/21 04:17:18 INFO TaskSetManager: Finished task 0.0 in stage 11.0 (TID 28) in 4197 ms on 172.18.0.7 (executor 1) (8/50)
[2026-08-21T04:17:18.858+0000] {spark_submit.py:571} INFO - 26/08/21 04:17:18 INFO TaskSetManager: Finished task 1.0 in stage 11.0 (TID 29) in 4197 ms on 172.18.0.7 (executor 1) (9/50)
[2026-08-21T04:17:18.935+0000] {spark_submit.py:571} INFO - 26/08/21 04:17:18 INFO TaskSetManager: Starting task 10.0 in stage 11.0 (TID 39) (172.18.0.6, executor 0, partition 10, PROCESS_LOCAL, 7608 bytes)
[2026-08-21T04:17:18.936+0000] {spark_submit.py:571} INFO - 26/08/21 04:17:18 INFO TaskSetManager: Finished task 6.0 in stage 11.0 (TID 35) in 350 ms on 172.18.0.6 (executor 0) (10/50)
[2026-08-21T04:17:19.048+0000] {spark_submit.py:571} INFO - 26/08/21 04:17:19 INFO BlockManagerInfo: Added rdd_38_7 in memory on 172.18.0.6:33709 (size: 46.0 B, free: 434.2 MiB)
[2026-08-21T04:17:19.150+0000] {spark_submit.py:571} INFO - 26/08/21 04:17:19 INFO BlockManagerInfo: Added rdd_38_8 in memory on 172.18.0.7:34623 (size: 46.0 B, free: 434.3 MiB)
[2026-08-21T04:17:19.186+0000] {spark_submit.py:571} INFO - 26/08/21 04:17:19 INFO TaskSetManager: Starting task 11.0 in stage 11.0 (TID 40) (172.18.0.6, executor 0, partition 11, PROCESS_LOCAL, 7608 bytes)
[2026-08-21T04:17:19.188+0000] {spark_submit.py:571} INFO - 26/08/21 04:17:19 INFO TaskSetManager: Finished task 7.0 in stage 11.0 (TID 36) in 376 ms on 172.18.0.6 (executor 0) (11/50)
[2026-08-21T04:17:19.201+0000] {spark_submit.py:571} INFO - 26/08/21 04:17:19 INFO BlockManagerInfo: Added rdd_38_9 in memory on 172.18.0.7:34623 (size: 46.0 B, free: 434.3 MiB)
[2026-08-21T04:17:19.207+0000] {spark_submit.py:571} INFO - 26/08/21 04:17:19 INFO BlockManagerInfo: Added rdd_38_10 in memory on 172.18.0.6:33709 (size: 46.0 B, free: 434.2 MiB)
[2026-08-21T04:17:19.322+0000] {spark_submit.py:571} INFO - 26/08/21 04:17:19 INFO TaskSetManager: Starting task 12.0 in stage 11.0 (TID 41) (172.18.0.7, executor 1, partition 12, PROCESS_LOCAL, 7608 bytes)
[2026-08-21T04:17:19.325+0000] {spark_submit.py:571} INFO - 26/08/21 04:17:19 INFO TaskSetManager: Finished task 8.0 in stage 11.0 (TID 37) in 470 ms on 172.18.0.7 (executor 1) (12/50)
[2026-08-21T04:17:19.330+0000] {spark_submit.py:571} INFO - 26/08/21 04:17:19 INFO TaskSetManager: Starting task 13.0 in stage 11.0 (TID 42) (172.18.0.6, executor 0, partition 13, PROCESS_LOCAL, 7608 bytes)
[2026-08-21T04:17:19.334+0000] {spark_submit.py:571} INFO - 26/08/21 04:17:19 INFO TaskSetManager: Finished task 10.0 in stage 11.0 (TID 39) in 395 ms on 172.18.0.6 (executor 0) (13/50)
[2026-08-21T04:17:19.368+0000] {spark_submit.py:571} INFO - 26/08/21 04:17:19 INFO BlockManagerInfo: Added rdd_38_11 in memory on 172.18.0.6:33709 (size: 46.0 B, free: 434.2 MiB)
[2026-08-21T04:17:19.396+0000] {spark_submit.py:571} INFO - 26/08/21 04:17:19 INFO TaskSetManager: Starting task 14.0 in stage 11.0 (TID 43) (172.18.0.7, executor 1, partition 14, PROCESS_LOCAL, 7608 bytes)
[2026-08-21T04:17:19.400+0000] {spark_submit.py:571} INFO - 26/08/21 04:17:19 INFO TaskSetManager: Finished task 9.0 in stage 11.0 (TID 38) in 542 ms on 172.18.0.7 (executor 1) (14/50)
[2026-08-21T04:17:19.504+0000] {spark_submit.py:571} INFO - 26/08/21 04:17:19 INFO TaskSetManager: Starting task 15.0 in stage 11.0 (TID 44) (172.18.0.6, executor 0, partition 15, PROCESS_LOCAL, 7608 bytes)
[2026-08-21T04:17:19.504+0000] {spark_submit.py:571} INFO - 26/08/21 04:17:19 INFO TaskSetManager: Finished task 11.0 in stage 11.0 (TID 40) in 319 ms on 172.18.0.6 (executor 0) (15/50)
[2026-08-21T04:17:19.520+0000] {spark_submit.py:571} INFO - 26/08/21 04:17:19 INFO BlockManagerInfo: Added rdd_38_13 in memory on 172.18.0.6:33709 (size: 46.0 B, free: 434.2 MiB)
[2026-08-21T04:17:19.643+0000] {spark_submit.py:571} INFO - 26/08/21 04:17:19 INFO TaskSetManager: Starting task 16.0 in stage 11.0 (TID 45) (172.18.0.6, executor 0, partition 16, PROCESS_LOCAL, 7608 bytes)
[2026-08-21T04:17:19.643+0000] {spark_submit.py:571} INFO - 26/08/21 04:17:19 INFO TaskSetManager: Finished task 13.0 in stage 11.0 (TID 42) in 314 ms on 172.18.0.6 (executor 0) (16/50)
[2026-08-21T04:17:19.652+0000] {spark_submit.py:571} INFO - 26/08/21 04:17:19 INFO BlockManagerInfo: Added rdd_38_14 in memory on 172.18.0.7:34623 (size: 46.0 B, free: 434.3 MiB)
[2026-08-21T04:17:19.660+0000] {spark_submit.py:571} INFO - 26/08/21 04:17:19 INFO BlockManagerInfo: Added rdd_38_12 in memory on 172.18.0.7:34623 (size: 46.0 B, free: 434.3 MiB)
[2026-08-21T04:17:19.721+0000] {spark_submit.py:571} INFO - 26/08/21 04:17:19 INFO TaskSetManager: Starting task 17.0 in stage 11.0 (TID 46) (172.18.0.7, executor 1, partition 17, PROCESS_LOCAL, 7608 bytes)
[2026-08-21T04:17:19.727+0000] {spark_submit.py:571} INFO - 26/08/21 04:17:19 INFO TaskSetManager: Finished task 14.0 in stage 11.0 (TID 43) in 332 ms on 172.18.0.7 (executor 1) (17/50)
[2026-08-21T04:17:19.747+0000] {spark_submit.py:571} INFO - 26/08/21 04:17:19 INFO BlockManagerInfo: Added rdd_38_15 in memory on 172.18.0.6:33709 (size: 46.0 B, free: 434.2 MiB)
[2026-08-21T04:17:19.799+0000] {spark_submit.py:571} INFO - 26/08/21 04:17:19 INFO TaskSetManager: Starting task 18.0 in stage 11.0 (TID 47) (172.18.0.7, executor 1, partition 18, PROCESS_LOCAL, 7608 bytes)
[2026-08-21T04:17:19.799+0000] {spark_submit.py:571} INFO - 26/08/21 04:17:19 INFO TaskSetManager: Finished task 12.0 in stage 11.0 (TID 41) in 477 ms on 172.18.0.7 (executor 1) (18/50)
[2026-08-21T04:17:19.852+0000] {spark_submit.py:571} INFO - 26/08/21 04:17:19 INFO TaskSetManager: Starting task 19.0 in stage 11.0 (TID 48) (172.18.0.6, executor 0, partition 19, PROCESS_LOCAL, 7608 bytes)
[2026-08-21T04:17:19.855+0000] {spark_submit.py:571} INFO - 26/08/21 04:17:19 INFO TaskSetManager: Finished task 15.0 in stage 11.0 (TID 44) in 356 ms on 172.18.0.6 (executor 0) (19/50)
[2026-08-21T04:17:19.879+0000] {spark_submit.py:571} INFO - 26/08/21 04:17:19 INFO BlockManagerInfo: Added rdd_38_16 in memory on 172.18.0.6:33709 (size: 46.0 B, free: 434.2 MiB)
[2026-08-21T04:17:19.905+0000] {spark_submit.py:571} INFO - 26/08/21 04:17:19 INFO BlockManagerInfo: Added rdd_38_17 in memory on 172.18.0.7:34623 (size: 46.0 B, free: 434.3 MiB)
[2026-08-21T04:17:19.996+0000] {spark_submit.py:571} INFO - 26/08/21 04:17:19 INFO TaskSetManager: Starting task 20.0 in stage 11.0 (TID 49) (172.18.0.7, executor 1, partition 20, PROCESS_LOCAL, 7608 bytes)
[2026-08-21T04:17:19.997+0000] {spark_submit.py:571} INFO - 26/08/21 04:17:19 INFO TaskSetManager: Finished task 17.0 in stage 11.0 (TID 46) in 273 ms on 172.18.0.7 (executor 1) (20/50)
[2026-08-21T04:17:20.075+0000] {spark_submit.py:571} INFO - 26/08/21 04:17:20 INFO TaskSetManager: Starting task 21.0 in stage 11.0 (TID 50) (172.18.0.6, executor 0, partition 21, PROCESS_LOCAL, 7608 bytes)
[2026-08-21T04:17:20.076+0000] {spark_submit.py:571} INFO - 26/08/21 04:17:20 INFO TaskSetManager: Finished task 16.0 in stage 11.0 (TID 45) in 434 ms on 172.18.0.6 (executor 0) (21/50)
[2026-08-21T04:17:20.097+0000] {spark_submit.py:571} INFO - 26/08/21 04:17:20 INFO BlockManagerInfo: Added rdd_38_18 in memory on 172.18.0.7:34623 (size: 46.0 B, free: 434.3 MiB)
[2026-08-21T04:17:20.202+0000] {spark_submit.py:571} INFO - 26/08/21 04:17:20 INFO BlockManagerInfo: Added rdd_38_19 in memory on 172.18.0.6:33709 (size: 46.0 B, free: 434.2 MiB)
[2026-08-21T04:17:20.274+0000] {spark_submit.py:571} INFO - 26/08/21 04:17:20 INFO TaskSetManager: Starting task 22.0 in stage 11.0 (TID 51) (172.18.0.7, executor 1, partition 22, PROCESS_LOCAL, 7608 bytes)
[2026-08-21T04:17:20.275+0000] {spark_submit.py:571} INFO - 26/08/21 04:17:20 INFO BlockManagerInfo: Added rdd_38_21 in memory on 172.18.0.6:33709 (size: 46.0 B, free: 434.2 MiB)
[2026-08-21T04:17:20.279+0000] {spark_submit.py:571} INFO - 26/08/21 04:17:20 INFO TaskSetManager: Finished task 18.0 in stage 11.0 (TID 47) in 478 ms on 172.18.0.7 (executor 1) (22/50)
[2026-08-21T04:17:20.280+0000] {spark_submit.py:571} INFO - 26/08/21 04:17:20 INFO TaskSetManager: Starting task 23.0 in stage 11.0 (TID 52) (172.18.0.6, executor 0, partition 23, PROCESS_LOCAL, 7608 bytes)
[2026-08-21T04:17:20.287+0000] {spark_submit.py:571} INFO - 26/08/21 04:17:20 INFO TaskSetManager: Finished task 19.0 in stage 11.0 (TID 48) in 435 ms on 172.18.0.6 (executor 0) (23/50)
[2026-08-21T04:17:20.329+0000] {spark_submit.py:571} INFO - 26/08/21 04:17:20 INFO BlockManagerInfo: Added rdd_38_20 in memory on 172.18.0.7:34623 (size: 46.0 B, free: 434.3 MiB)
[2026-08-21T04:17:20.373+0000] {spark_submit.py:571} INFO - 26/08/21 04:17:20 INFO TaskSetManager: Starting task 24.0 in stage 11.0 (TID 53) (172.18.0.6, executor 0, partition 24, PROCESS_LOCAL, 7608 bytes)
[2026-08-21T04:17:20.376+0000] {spark_submit.py:571} INFO - 26/08/21 04:17:20 INFO TaskSetManager: Finished task 21.0 in stage 11.0 (TID 50) in 305 ms on 172.18.0.6 (executor 0) (24/50)
[2026-08-21T04:17:20.406+0000] {spark_submit.py:571} INFO - 26/08/21 04:17:20 INFO BlockManagerInfo: Added rdd_38_22 in memory on 172.18.0.7:34623 (size: 46.0 B, free: 434.3 MiB)
[2026-08-21T04:17:20.441+0000] {spark_submit.py:571} INFO - 26/08/21 04:17:20 INFO BlockManagerInfo: Added rdd_38_23 in memory on 172.18.0.6:33709 (size: 46.0 B, free: 434.2 MiB)
[2026-08-21T04:17:20.443+0000] {spark_submit.py:571} INFO - 26/08/21 04:17:20 INFO TaskSetManager: Starting task 25.0 in stage 11.0 (TID 54) (172.18.0.7, executor 1, partition 25, PROCESS_LOCAL, 7608 bytes)
[2026-08-21T04:17:20.445+0000] {spark_submit.py:571} INFO - 26/08/21 04:17:20 INFO TaskSetManager: Finished task 22.0 in stage 11.0 (TID 51) in 172 ms on 172.18.0.7 (executor 1) (25/50)
[2026-08-21T04:17:20.458+0000] {spark_submit.py:571} INFO - 26/08/21 04:17:20 INFO TaskSetManager: Starting task 26.0 in stage 11.0 (TID 55) (172.18.0.7, executor 1, partition 26, PROCESS_LOCAL, 7608 bytes)
[2026-08-21T04:17:20.461+0000] {spark_submit.py:571} INFO - 26/08/21 04:17:20 INFO TaskSetManager: Finished task 20.0 in stage 11.0 (TID 49) in 466 ms on 172.18.0.7 (executor 1) (26/50)
[2026-08-21T04:17:20.507+0000] {spark_submit.py:571} INFO - 26/08/21 04:17:20 INFO TaskSetManager: Starting task 27.0 in stage 11.0 (TID 56) (172.18.0.6, executor 0, partition 27, PROCESS_LOCAL, 7608 bytes)
[2026-08-21T04:17:20.508+0000] {spark_submit.py:571} INFO - 26/08/21 04:17:20 INFO TaskSetManager: Finished task 23.0 in stage 11.0 (TID 52) in 229 ms on 172.18.0.6 (executor 0) (27/50)
[2026-08-21T04:17:20.533+0000] {spark_submit.py:571} INFO - 26/08/21 04:17:20 INFO BlockManagerInfo: Added rdd_38_24 in memory on 172.18.0.6:33709 (size: 46.0 B, free: 434.2 MiB)
[2026-08-21T04:17:20.607+0000] {spark_submit.py:571} INFO - 26/08/21 04:17:20 INFO BlockManagerInfo: Added rdd_38_26 in memory on 172.18.0.7:34623 (size: 46.0 B, free: 434.3 MiB)
[2026-08-21T04:17:20.617+0000] {spark_submit.py:571} INFO - 26/08/21 04:17:20 INFO TaskSetManager: Starting task 28.0 in stage 11.0 (TID 57) (172.18.0.6, executor 0, partition 28, PROCESS_LOCAL, 7608 bytes)
[2026-08-21T04:17:20.618+0000] {spark_submit.py:571} INFO - 26/08/21 04:17:20 INFO TaskSetManager: Finished task 24.0 in stage 11.0 (TID 53) in 244 ms on 172.18.0.6 (executor 0) (28/50)
[2026-08-21T04:17:20.628+0000] {spark_submit.py:571} INFO - 26/08/21 04:17:20 INFO BlockManagerInfo: Added rdd_38_25 in memory on 172.18.0.7:34623 (size: 46.0 B, free: 434.3 MiB)
[2026-08-21T04:17:20.657+0000] {spark_submit.py:571} INFO - 26/08/21 04:17:20 INFO BlockManagerInfo: Added rdd_38_27 in memory on 172.18.0.6:33709 (size: 46.0 B, free: 434.2 MiB)
[2026-08-21T04:17:20.699+0000] {spark_submit.py:571} INFO - 26/08/21 04:17:20 INFO TaskSetManager: Starting task 29.0 in stage 11.0 (TID 58) (172.18.0.7, executor 1, partition 29, PROCESS_LOCAL, 7608 bytes)
[2026-08-21T04:17:20.700+0000] {spark_submit.py:571} INFO - 26/08/21 04:17:20 INFO TaskSetManager: Finished task 26.0 in stage 11.0 (TID 55) in 242 ms on 172.18.0.7 (executor 1) (29/50)
[2026-08-21T04:17:20.709+0000] {spark_submit.py:571} INFO - 26/08/21 04:17:20 INFO TaskSetManager: Starting task 30.0 in stage 11.0 (TID 59) (172.18.0.7, executor 1, partition 30, PROCESS_LOCAL, 7608 bytes)
[2026-08-21T04:17:20.710+0000] {spark_submit.py:571} INFO - 26/08/21 04:17:20 INFO TaskSetManager: Finished task 25.0 in stage 11.0 (TID 54) in 266 ms on 172.18.0.7 (executor 1) (30/50)
[2026-08-21T04:17:20.738+0000] {spark_submit.py:571} INFO - 26/08/21 04:17:20 INFO TaskSetManager: Starting task 31.0 in stage 11.0 (TID 60) (172.18.0.6, executor 0, partition 31, PROCESS_LOCAL, 7608 bytes)
[2026-08-21T04:17:20.741+0000] {spark_submit.py:571} INFO - 26/08/21 04:17:20 INFO TaskSetManager: Finished task 27.0 in stage 11.0 (TID 56) in 236 ms on 172.18.0.6 (executor 0) (31/50)
[2026-08-21T04:17:20.757+0000] {spark_submit.py:571} INFO - 26/08/21 04:17:20 INFO BlockManagerInfo: Added rdd_38_28 in memory on 172.18.0.6:33709 (size: 46.0 B, free: 434.2 MiB)
[2026-08-21T04:17:20.833+0000] {spark_submit.py:571} INFO - 26/08/21 04:17:20 INFO TaskSetManager: Starting task 32.0 in stage 11.0 (TID 61) (172.18.0.6, executor 0, partition 32, PROCESS_LOCAL, 7608 bytes)
[2026-08-21T04:17:20.840+0000] {spark_submit.py:571} INFO - 26/08/21 04:17:20 INFO TaskSetManager: Finished task 28.0 in stage 11.0 (TID 57) in 223 ms on 172.18.0.6 (executor 0) (32/50)
[2026-08-21T04:17:20.883+0000] {spark_submit.py:571} INFO - 26/08/21 04:17:20 INFO BlockManagerInfo: Added rdd_38_31 in memory on 172.18.0.6:33709 (size: 46.0 B, free: 434.2 MiB)
[2026-08-21T04:17:20.912+0000] {spark_submit.py:571} INFO - 26/08/21 04:17:20 INFO BlockManagerInfo: Added rdd_38_30 in memory on 172.18.0.7:34623 (size: 46.0 B, free: 434.3 MiB)
[2026-08-21T04:17:20.914+0000] {spark_submit.py:571} INFO - 26/08/21 04:17:20 INFO BlockManagerInfo: Added rdd_38_29 in memory on 172.18.0.7:34623 (size: 46.0 B, free: 434.3 MiB)
[2026-08-21T04:17:20.918+0000] {spark_submit.py:571} INFO - 26/08/21 04:17:20 INFO BlockManagerInfo: Added rdd_38_32 in memory on 172.18.0.6:33709 (size: 46.0 B, free: 434.2 MiB)
[2026-08-21T04:17:20.962+0000] {spark_submit.py:571} INFO - 26/08/21 04:17:20 INFO TaskSetManager: Starting task 33.0 in stage 11.0 (TID 62) (172.18.0.6, executor 0, partition 33, PROCESS_LOCAL, 7608 bytes)
[2026-08-21T04:17:20.964+0000] {spark_submit.py:571} INFO - 26/08/21 04:17:20 INFO TaskSetManager: Finished task 31.0 in stage 11.0 (TID 60) in 225 ms on 172.18.0.6 (executor 0) (33/50)
[2026-08-21T04:17:20.978+0000] {spark_submit.py:571} INFO - 26/08/21 04:17:20 INFO TaskSetManager: Starting task 34.0 in stage 11.0 (TID 63) (172.18.0.6, executor 0, partition 34, PROCESS_LOCAL, 7608 bytes)
[2026-08-21T04:17:20.980+0000] {spark_submit.py:571} INFO - 26/08/21 04:17:20 INFO TaskSetManager: Finished task 32.0 in stage 11.0 (TID 61) in 145 ms on 172.18.0.6 (executor 0) (34/50)
[2026-08-21T04:17:20.986+0000] {spark_submit.py:571} INFO - 26/08/21 04:17:20 INFO TaskSetManager: Starting task 35.0 in stage 11.0 (TID 64) (172.18.0.7, executor 1, partition 35, PROCESS_LOCAL, 7608 bytes)
[2026-08-21T04:17:20.987+0000] {spark_submit.py:571} INFO - 26/08/21 04:17:20 INFO TaskSetManager: Starting task 37.0 in stage 11.0 (TID 65) (172.18.0.7, executor 1, partition 37, PROCESS_LOCAL, 7608 bytes)
[2026-08-21T04:17:20.988+0000] {spark_submit.py:571} INFO - 26/08/21 04:17:20 INFO TaskSetManager: Finished task 29.0 in stage 11.0 (TID 58) in 289 ms on 172.18.0.7 (executor 1) (35/50)
[2026-08-21T04:17:20.991+0000] {spark_submit.py:571} INFO - 26/08/21 04:17:20 INFO TaskSetManager: Finished task 30.0 in stage 11.0 (TID 59) in 280 ms on 172.18.0.7 (executor 1) (36/50)
[2026-08-21T04:17:21.182+0000] {spark_submit.py:571} INFO - 26/08/21 04:17:21 INFO BlockManagerInfo: Added rdd_38_34 in memory on 172.18.0.6:33709 (size: 46.0 B, free: 434.2 MiB)
[2026-08-21T04:17:21.198+0000] {spark_submit.py:571} INFO - 26/08/21 04:17:21 INFO BlockManagerInfo: Added rdd_38_37 in memory on 172.18.0.7:34623 (size: 46.0 B, free: 434.3 MiB)
[2026-08-21T04:17:21.268+0000] {spark_submit.py:571} INFO - 26/08/21 04:17:21 INFO BlockManagerInfo: Added rdd_38_33 in memory on 172.18.0.6:33709 (size: 46.0 B, free: 434.2 MiB)
[2026-08-21T04:17:21.296+0000] {spark_submit.py:571} INFO - 26/08/21 04:17:21 INFO TaskSetManager: Starting task 38.0 in stage 11.0 (TID 66) (172.18.0.6, executor 0, partition 38, PROCESS_LOCAL, 7608 bytes)
[2026-08-21T04:17:21.297+0000] {spark_submit.py:571} INFO - 26/08/21 04:17:21 INFO TaskSetManager: Finished task 34.0 in stage 11.0 (TID 63) in 319 ms on 172.18.0.6 (executor 0) (37/50)
[2026-08-21T04:17:21.354+0000] {spark_submit.py:571} INFO - 26/08/21 04:17:21 INFO TaskSetManager: Starting task 39.0 in stage 11.0 (TID 67) (172.18.0.7, executor 1, partition 39, PROCESS_LOCAL, 7608 bytes)
[2026-08-21T04:17:21.381+0000] {spark_submit.py:571} INFO - 26/08/21 04:17:21 INFO BlockManagerInfo: Added rdd_38_35 in memory on 172.18.0.7:34623 (size: 46.0 B, free: 434.3 MiB)
[2026-08-21T04:17:21.382+0000] {spark_submit.py:571} INFO - 26/08/21 04:17:21 INFO TaskSetManager: Finished task 37.0 in stage 11.0 (TID 65) in 375 ms on 172.18.0.7 (executor 1) (38/50)
[2026-08-21T04:17:21.473+0000] {spark_submit.py:571} INFO - 26/08/21 04:17:21 INFO TaskSetManager: Starting task 40.0 in stage 11.0 (TID 68) (172.18.0.6, executor 0, partition 40, PROCESS_LOCAL, 7608 bytes)
[2026-08-21T04:17:21.477+0000] {spark_submit.py:571} INFO - 26/08/21 04:17:21 INFO TaskSetManager: Finished task 33.0 in stage 11.0 (TID 62) in 515 ms on 172.18.0.6 (executor 0) (39/50)
[2026-08-21T04:17:21.492+0000] {spark_submit.py:571} INFO - 26/08/21 04:17:21 INFO BlockManagerInfo: Added rdd_38_38 in memory on 172.18.0.6:33709 (size: 46.0 B, free: 434.2 MiB)
[2026-08-21T04:17:21.549+0000] {spark_submit.py:571} INFO - 26/08/21 04:17:21 INFO TaskSetManager: Starting task 41.0 in stage 11.0 (TID 69) (172.18.0.6, executor 0, partition 41, PROCESS_LOCAL, 7608 bytes)
[2026-08-21T04:17:21.550+0000] {spark_submit.py:571} INFO - 26/08/21 04:17:21 INFO TaskSetManager: Finished task 38.0 in stage 11.0 (TID 66) in 255 ms on 172.18.0.6 (executor 0) (40/50)
[2026-08-21T04:17:21.552+0000] {spark_submit.py:571} INFO - 26/08/21 04:17:21 INFO TaskSetManager: Starting task 43.0 in stage 11.0 (TID 70) (172.18.0.7, executor 1, partition 43, PROCESS_LOCAL, 7608 bytes)
[2026-08-21T04:17:21.557+0000] {spark_submit.py:571} INFO - 26/08/21 04:17:21 INFO TaskSetManager: Finished task 35.0 in stage 11.0 (TID 64) in 575 ms on 172.18.0.7 (executor 1) (41/50)
[2026-08-21T04:17:21.697+0000] {spark_submit.py:571} INFO - 26/08/21 04:17:21 INFO BlockManagerInfo: Added rdd_38_40 in memory on 172.18.0.6:33709 (size: 46.0 B, free: 434.2 MiB)
[2026-08-21T04:17:21.700+0000] {spark_submit.py:571} INFO - 26/08/21 04:17:21 INFO BlockManagerInfo: Added rdd_38_39 in memory on 172.18.0.7:34623 (size: 46.0 B, free: 434.3 MiB)
[2026-08-21T04:17:21.752+0000] {spark_submit.py:571} INFO - 26/08/21 04:17:21 INFO BlockManagerInfo: Added rdd_38_43 in memory on 172.18.0.7:34623 (size: 46.0 B, free: 434.3 MiB)
[2026-08-21T04:17:21.763+0000] {spark_submit.py:571} INFO - 26/08/21 04:17:21 INFO BlockManagerInfo: Added rdd_38_41 in memory on 172.18.0.6:33709 (size: 46.0 B, free: 434.2 MiB)
[2026-08-21T04:17:21.788+0000] {spark_submit.py:571} INFO - 26/08/21 04:17:21 INFO TaskSetManager: Starting task 44.0 in stage 11.0 (TID 71) (172.18.0.7, executor 1, partition 44, PROCESS_LOCAL, 7608 bytes)
[2026-08-21T04:17:21.792+0000] {spark_submit.py:571} INFO - 26/08/21 04:17:21 INFO TaskSetManager: Finished task 39.0 in stage 11.0 (TID 67) in 442 ms on 172.18.0.7 (executor 1) (42/50)
[2026-08-21T04:17:21.796+0000] {spark_submit.py:571} INFO - 26/08/21 04:17:21 INFO TaskSetManager: Starting task 45.0 in stage 11.0 (TID 72) (172.18.0.6, executor 0, partition 45, PROCESS_LOCAL, 7608 bytes)
[2026-08-21T04:17:21.797+0000] {spark_submit.py:571} INFO - 26/08/21 04:17:21 INFO TaskSetManager: Finished task 40.0 in stage 11.0 (TID 68) in 326 ms on 172.18.0.6 (executor 0) (43/50)
[2026-08-21T04:17:21.824+0000] {spark_submit.py:571} INFO - 26/08/21 04:17:21 INFO TaskSetManager: Starting task 46.0 in stage 11.0 (TID 73) (172.18.0.6, executor 0, partition 46, PROCESS_LOCAL, 7608 bytes)
[2026-08-21T04:17:21.826+0000] {spark_submit.py:571} INFO - 26/08/21 04:17:21 INFO TaskSetManager: Finished task 41.0 in stage 11.0 (TID 69) in 278 ms on 172.18.0.6 (executor 0) (44/50)
[2026-08-21T04:17:21.835+0000] {spark_submit.py:571} INFO - 26/08/21 04:17:21 INFO TaskSetManager: Starting task 47.0 in stage 11.0 (TID 74) (172.18.0.7, executor 1, partition 47, PROCESS_LOCAL, 7608 bytes)
[2026-08-21T04:17:21.835+0000] {spark_submit.py:571} INFO - 26/08/21 04:17:21 INFO TaskSetManager: Finished task 43.0 in stage 11.0 (TID 70) in 283 ms on 172.18.0.7 (executor 1) (45/50)
[2026-08-21T04:17:21.930+0000] {spark_submit.py:571} INFO - 26/08/21 04:17:21 INFO BlockManagerInfo: Added rdd_38_46 in memory on 172.18.0.6:33709 (size: 46.0 B, free: 434.2 MiB)
[2026-08-21T04:17:21.958+0000] {spark_submit.py:571} INFO - 26/08/21 04:17:21 INFO BlockManagerInfo: Added rdd_38_45 in memory on 172.18.0.6:33709 (size: 46.0 B, free: 434.2 MiB)
[2026-08-21T04:17:21.962+0000] {spark_submit.py:571} INFO - 26/08/21 04:17:21 INFO BlockManagerInfo: Added rdd_38_44 in memory on 172.18.0.7:34623 (size: 46.0 B, free: 434.3 MiB)
[2026-08-21T04:17:21.991+0000] {spark_submit.py:571} INFO - 26/08/21 04:17:21 INFO BlockManagerInfo: Added rdd_38_47 in memory on 172.18.0.7:34623 (size: 46.0 B, free: 434.3 MiB)
[2026-08-21T04:17:21.996+0000] {spark_submit.py:571} INFO - 26/08/21 04:17:21 INFO TaskSetManager: Starting task 48.0 in stage 11.0 (TID 75) (172.18.0.6, executor 0, partition 48, PROCESS_LOCAL, 7608 bytes)
[2026-08-21T04:17:21.997+0000] {spark_submit.py:571} INFO - 26/08/21 04:17:21 INFO TaskSetManager: Finished task 46.0 in stage 11.0 (TID 73) in 174 ms on 172.18.0.6 (executor 0) (46/50)
[2026-08-21T04:17:22.032+0000] {spark_submit.py:571} INFO - 26/08/21 04:17:22 INFO TaskSetManager: Finished task 45.0 in stage 11.0 (TID 72) in 236 ms on 172.18.0.6 (executor 0) (47/50)
[2026-08-21T04:17:22.044+0000] {spark_submit.py:571} INFO - 26/08/21 04:17:22 INFO TaskSetManager: Finished task 44.0 in stage 11.0 (TID 71) in 256 ms on 172.18.0.7 (executor 1) (48/50)
[2026-08-21T04:17:22.060+0000] {spark_submit.py:571} INFO - 26/08/21 04:17:22 INFO TaskSetManager: Finished task 47.0 in stage 11.0 (TID 74) in 228 ms on 172.18.0.7 (executor 1) (49/50)
[2026-08-21T04:17:22.120+0000] {spark_submit.py:571} INFO - 26/08/21 04:17:22 INFO BlockManagerInfo: Added rdd_38_48 in memory on 172.18.0.6:33709 (size: 46.0 B, free: 434.2 MiB)
[2026-08-21T04:17:22.157+0000] {spark_submit.py:571} INFO - 26/08/21 04:17:22 INFO TaskSetManager: Finished task 48.0 in stage 11.0 (TID 75) in 163 ms on 172.18.0.6 (executor 0) (50/50)
[2026-08-21T04:17:22.159+0000] {spark_submit.py:571} INFO - 26/08/21 04:17:22 INFO TaskSchedulerImpl: Removed TaskSet 11.0, whose tasks have all completed, from pool
[2026-08-21T04:17:22.162+0000] {spark_submit.py:571} INFO - 26/08/21 04:17:22 INFO DAGScheduler: ShuffleMapStage 11 (save at NativeMethodAccessorImpl.java:0) finished in 7.559 s
[2026-08-21T04:17:22.162+0000] {spark_submit.py:571} INFO - 26/08/21 04:17:22 INFO DAGScheduler: looking for newly runnable stages
[2026-08-21T04:17:22.162+0000] {spark_submit.py:571} INFO - 26/08/21 04:17:22 INFO DAGScheduler: running: Set()
[2026-08-21T04:17:22.162+0000] {spark_submit.py:571} INFO - 26/08/21 04:17:22 INFO DAGScheduler: waiting: Set()
[2026-08-21T04:17:22.163+0000] {spark_submit.py:571} INFO - 26/08/21 04:17:22 INFO DAGScheduler: failed: Set()
[2026-08-21T04:17:22.217+0000] {spark_submit.py:571} INFO - 26/08/21 04:17:22 INFO BlockManagerInfo: Removed broadcast_15_piece0 on c90a551abb73:38539 in memory (size: 137.9 KiB, free: 434.3 MiB)
[2026-08-21T04:17:22.237+0000] {spark_submit.py:571} INFO - 26/08/21 04:17:22 INFO BlockManagerInfo: Removed broadcast_15_piece0 on 172.18.0.7:34623 in memory (size: 137.9 KiB, free: 434.4 MiB)
[2026-08-21T04:17:22.238+0000] {spark_submit.py:571} INFO - 26/08/21 04:17:22 INFO BlockManagerInfo: Removed broadcast_15_piece0 on 172.18.0.6:33709 in memory (size: 137.9 KiB, free: 434.4 MiB)
[2026-08-21T04:17:22.262+0000] {spark_submit.py:571} INFO - 26/08/21 04:17:22 INFO SparkContext: Starting job: save at NativeMethodAccessorImpl.java:0
[2026-08-21T04:17:22.262+0000] {spark_submit.py:571} INFO - 26/08/21 04:17:22 INFO DAGScheduler: Got job 9 (save at NativeMethodAccessorImpl.java:0) with 1 output partitions
[2026-08-21T04:17:22.262+0000] {spark_submit.py:571} INFO - 26/08/21 04:17:22 INFO DAGScheduler: Final stage: ResultStage 14 (save at NativeMethodAccessorImpl.java:0)
[2026-08-21T04:17:22.262+0000] {spark_submit.py:571} INFO - 26/08/21 04:17:22 INFO DAGScheduler: Parents of final stage: List(ShuffleMapStage 13)
[2026-08-21T04:17:22.263+0000] {spark_submit.py:571} INFO - 26/08/21 04:17:22 INFO DAGScheduler: Missing parents: List()
[2026-08-21T04:17:22.268+0000] {spark_submit.py:571} INFO - 26/08/21 04:17:22 INFO DAGScheduler: Submitting ResultStage 14 (MapPartitionsRDD[44] at save at NativeMethodAccessorImpl.java:0), which has no missing parents
[2026-08-21T04:17:22.277+0000] {spark_submit.py:571} INFO - 26/08/21 04:17:22 INFO MemoryStore: Block broadcast_16 stored as values in memory (estimated size 533.3 KiB, free 433.4 MiB)
[2026-08-21T04:17:22.281+0000] {spark_submit.py:571} INFO - 26/08/21 04:17:22 INFO MemoryStore: Block broadcast_16_piece0 stored as bytes in memory (estimated size 124.3 KiB, free 433.3 MiB)
[2026-08-21T04:17:22.285+0000] {spark_submit.py:571} INFO - 26/08/21 04:17:22 INFO BlockManagerInfo: Added broadcast_16_piece0 in memory on c90a551abb73:38539 (size: 124.3 KiB, free: 434.2 MiB)
[2026-08-21T04:17:22.287+0000] {spark_submit.py:571} INFO - 26/08/21 04:17:22 INFO SparkContext: Created broadcast 16 from broadcast at DAGScheduler.scala:1585
[2026-08-21T04:17:22.287+0000] {spark_submit.py:571} INFO - 26/08/21 04:17:22 INFO DAGScheduler: Submitting 1 missing tasks from ResultStage 14 (MapPartitionsRDD[44] at save at NativeMethodAccessorImpl.java:0) (first 15 tasks are for partitions Vector(0))
[2026-08-21T04:17:22.287+0000] {spark_submit.py:571} INFO - 26/08/21 04:17:22 INFO TaskSchedulerImpl: Adding task set 14.0 with 1 tasks resource profile 0
[2026-08-21T04:17:22.288+0000] {spark_submit.py:571} INFO - 26/08/21 04:17:22 INFO TaskSetManager: Starting task 0.0 in stage 14.0 (TID 76) (172.18.0.6, executor 0, partition 0, NODE_LOCAL, 7619 bytes)
[2026-08-21T04:17:22.316+0000] {spark_submit.py:571} INFO - 26/08/21 04:17:22 INFO BlockManagerInfo: Added broadcast_16_piece0 in memory on 172.18.0.6:33709 (size: 124.3 KiB, free: 434.2 MiB)
[2026-08-21T04:17:22.331+0000] {spark_submit.py:571} INFO - 26/08/21 04:17:22 INFO MapOutputTrackerMasterEndpoint: Asked to send map output locations for shuffle 3 to 172.18.0.6:34540
[2026-08-21T04:17:22.438+0000] {spark_submit.py:571} INFO - 26/08/21 04:17:22 INFO TaskSetManager: Finished task 0.0 in stage 14.0 (TID 76) in 149 ms on 172.18.0.6 (executor 0) (1/1)
[2026-08-21T04:17:22.438+0000] {spark_submit.py:571} INFO - 26/08/21 04:17:22 INFO TaskSchedulerImpl: Removed TaskSet 14.0, whose tasks have all completed, from pool
[2026-08-21T04:17:22.440+0000] {spark_submit.py:571} INFO - 26/08/21 04:17:22 INFO DAGScheduler: ResultStage 14 (save at NativeMethodAccessorImpl.java:0) finished in 0.170 s
[2026-08-21T04:17:22.440+0000] {spark_submit.py:571} INFO - 26/08/21 04:17:22 INFO DAGScheduler: Job 9 is finished. Cancelling potential speculative or zombie tasks for this job
[2026-08-21T04:17:22.440+0000] {spark_submit.py:571} INFO - 26/08/21 04:17:22 INFO TaskSchedulerImpl: Killing all running tasks in stage 14: Stage finished
[2026-08-21T04:17:22.443+0000] {spark_submit.py:571} INFO - 26/08/21 04:17:22 INFO DAGScheduler: Job 9 finished: save at NativeMethodAccessorImpl.java:0, took 0.182652 s
[2026-08-21T04:17:22.499+0000] {spark_submit.py:571} INFO - 26/08/21 04:17:22 INFO CodeGenerator: Code generated in 43.651009 ms
[2026-08-21T04:17:22.502+0000] {spark_submit.py:571} INFO - 26/08/21 04:17:22 INFO Snapshot: [tableId=3f92f059-19d8-4f04-823a-c9ec69354868] DELTA: Done
[2026-08-21T04:17:22.990+0000] {spark_submit.py:571} INFO - 26/08/21 04:17:22 INFO BlockManagerInfo: Removed broadcast_16_piece0 on 172.18.0.6:33709 in memory (size: 124.3 KiB, free: 434.4 MiB)
[2026-08-21T04:17:22.996+0000] {spark_submit.py:571} INFO - 26/08/21 04:17:22 INFO BlockManagerInfo: Removed broadcast_16_piece0 on c90a551abb73:38539 in memory (size: 124.3 KiB, free: 434.3 MiB)
[2026-08-21T04:17:23.106+0000] {spark_submit.py:571} INFO - 26/08/21 04:17:23 INFO CodeGenerator: Code generated in 203.259736 ms
[2026-08-21T04:17:23.215+0000] {spark_submit.py:571} INFO - 26/08/21 04:17:23 INFO CodeGenerator: Code generated in 45.520824 ms
[2026-08-21T04:17:23.230+0000] {spark_submit.py:571} INFO - 26/08/21 04:17:23 INFO SparkContext: Starting job: $anonfun$recordDeltaOperationInternal$1 at DatabricksLogging.scala:128
[2026-08-21T04:17:23.233+0000] {spark_submit.py:571} INFO - 26/08/21 04:17:23 INFO DAGScheduler: Got job 10 ($anonfun$recordDeltaOperationInternal$1 at DatabricksLogging.scala:128) with 50 output partitions
[2026-08-21T04:17:23.234+0000] {spark_submit.py:571} INFO - 26/08/21 04:17:23 INFO DAGScheduler: Final stage: ResultStage 16 ($anonfun$recordDeltaOperationInternal$1 at DatabricksLogging.scala:128)
[2026-08-21T04:17:23.234+0000] {spark_submit.py:571} INFO - 26/08/21 04:17:23 INFO DAGScheduler: Parents of final stage: List(ShuffleMapStage 15)
[2026-08-21T04:17:23.237+0000] {spark_submit.py:571} INFO - 26/08/21 04:17:23 INFO DAGScheduler: Missing parents: List()
[2026-08-21T04:17:23.243+0000] {spark_submit.py:571} INFO - 26/08/21 04:17:23 INFO DAGScheduler: Submitting ResultStage 16 (MapPartitionsRDD[51] at $anonfun$recordDeltaOperationInternal$1 at DatabricksLogging.scala:128), which has no missing parents
[2026-08-21T04:17:23.253+0000] {spark_submit.py:571} INFO - 26/08/21 04:17:23 INFO MemoryStore: Block broadcast_17 stored as values in memory (estimated size 730.6 KiB, free 433.2 MiB)
[2026-08-21T04:17:23.257+0000] {spark_submit.py:571} INFO - 26/08/21 04:17:23 INFO MemoryStore: Block broadcast_17_piece0 stored as bytes in memory (estimated size 166.1 KiB, free 433.1 MiB)
[2026-08-21T04:17:23.258+0000] {spark_submit.py:571} INFO - 26/08/21 04:17:23 INFO BlockManagerInfo: Added broadcast_17_piece0 in memory on c90a551abb73:38539 (size: 166.1 KiB, free: 434.2 MiB)
[2026-08-21T04:17:23.258+0000] {spark_submit.py:571} INFO - 26/08/21 04:17:23 INFO SparkContext: Created broadcast 17 from broadcast at DAGScheduler.scala:1585
[2026-08-21T04:17:23.260+0000] {spark_submit.py:571} INFO - 26/08/21 04:17:23 INFO DAGScheduler: Submitting 50 missing tasks from ResultStage 16 (MapPartitionsRDD[51] at $anonfun$recordDeltaOperationInternal$1 at DatabricksLogging.scala:128) (first 15 tasks are for partitions Vector(0, 1, 2, 3, 4, 5, 6, 7, 8, 9, 10, 11, 12, 13, 14))
[2026-08-21T04:17:23.260+0000] {spark_submit.py:571} INFO - 26/08/21 04:17:23 INFO TaskSchedulerImpl: Adding task set 16.0 with 50 tasks resource profile 0
[2026-08-21T04:17:23.261+0000] {spark_submit.py:571} INFO - 26/08/21 04:17:23 INFO TaskSetManager: Starting task 0.0 in stage 16.0 (TID 77) (172.18.0.7, executor 1, partition 0, PROCESS_LOCAL, 7619 bytes)
[2026-08-21T04:17:23.261+0000] {spark_submit.py:571} INFO - 26/08/21 04:17:23 INFO TaskSetManager: Starting task 2.0 in stage 16.0 (TID 78) (172.18.0.6, executor 0, partition 2, PROCESS_LOCAL, 7619 bytes)
[2026-08-21T04:17:23.262+0000] {spark_submit.py:571} INFO - 26/08/21 04:17:23 INFO TaskSetManager: Starting task 1.0 in stage 16.0 (TID 79) (172.18.0.7, executor 1, partition 1, PROCESS_LOCAL, 7619 bytes)
[2026-08-21T04:17:23.262+0000] {spark_submit.py:571} INFO - 26/08/21 04:17:23 INFO TaskSetManager: Starting task 3.0 in stage 16.0 (TID 80) (172.18.0.6, executor 0, partition 3, PROCESS_LOCAL, 7619 bytes)
[2026-08-21T04:17:23.290+0000] {spark_submit.py:571} INFO - 26/08/21 04:17:23 INFO BlockManagerInfo: Added broadcast_17_piece0 in memory on 172.18.0.6:33709 (size: 166.1 KiB, free: 434.2 MiB)
[2026-08-21T04:17:23.308+0000] {spark_submit.py:571} INFO - 26/08/21 04:17:23 INFO BlockManagerInfo: Added broadcast_17_piece0 in memory on 172.18.0.7:34623 (size: 166.1 KiB, free: 434.2 MiB)
[2026-08-21T04:17:23.576+0000] {spark_submit.py:571} INFO - 26/08/21 04:17:23 INFO BlockManagerInfo: Added rdd_48_2 in memory on 172.18.0.6:33709 (size: 46.0 B, free: 434.2 MiB)
[2026-08-21T04:17:23.582+0000] {spark_submit.py:571} INFO - 26/08/21 04:17:23 INFO BlockManagerInfo: Added rdd_48_3 in memory on 172.18.0.6:33709 (size: 46.0 B, free: 434.2 MiB)
[2026-08-21T04:17:23.692+0000] {spark_submit.py:571} INFO - 26/08/21 04:17:23 INFO TaskSetManager: Starting task 4.0 in stage 16.0 (TID 81) (172.18.0.6, executor 0, partition 4, PROCESS_LOCAL, 7619 bytes)
[2026-08-21T04:17:23.693+0000] {spark_submit.py:571} INFO - 26/08/21 04:17:23 INFO TaskSetManager: Finished task 3.0 in stage 16.0 (TID 80) in 431 ms on 172.18.0.6 (executor 0) (1/50)
[2026-08-21T04:17:23.701+0000] {spark_submit.py:571} INFO - 26/08/21 04:17:23 INFO TaskSetManager: Starting task 5.0 in stage 16.0 (TID 82) (172.18.0.6, executor 0, partition 5, PROCESS_LOCAL, 7619 bytes)
[2026-08-21T04:17:23.702+0000] {spark_submit.py:571} INFO - 26/08/21 04:17:23 INFO TaskSetManager: Finished task 2.0 in stage 16.0 (TID 78) in 441 ms on 172.18.0.6 (executor 0) (2/50)
[2026-08-21T04:17:23.741+0000] {spark_submit.py:571} INFO - 26/08/21 04:17:23 INFO BlockManagerInfo: Added rdd_48_0 in memory on 172.18.0.7:34623 (size: 46.0 B, free: 434.2 MiB)
[2026-08-21T04:17:23.744+0000] {spark_submit.py:571} INFO - 26/08/21 04:17:23 INFO BlockManagerInfo: Added rdd_48_1 in memory on 172.18.0.7:34623 (size: 46.0 B, free: 434.2 MiB)
[2026-08-21T04:17:23.748+0000] {spark_submit.py:571} INFO - 26/08/21 04:17:23 INFO BlockManagerInfo: Added rdd_48_4 in memory on 172.18.0.6:33709 (size: 46.0 B, free: 434.2 MiB)
[2026-08-21T04:17:23.752+0000] {spark_submit.py:571} INFO - 26/08/21 04:17:23 INFO BlockManagerInfo: Added rdd_48_5 in memory on 172.18.0.6:33709 (size: 46.0 B, free: 434.2 MiB)
[2026-08-21T04:17:23.769+0000] {spark_submit.py:571} INFO - 26/08/21 04:17:23 INFO TaskSetManager: Starting task 6.0 in stage 16.0 (TID 83) (172.18.0.6, executor 0, partition 6, PROCESS_LOCAL, 7619 bytes)
[2026-08-21T04:17:23.772+0000] {spark_submit.py:571} INFO - 26/08/21 04:17:23 INFO TaskSetManager: Finished task 4.0 in stage 16.0 (TID 81) in 77 ms on 172.18.0.6 (executor 0) (3/50)
[2026-08-21T04:17:23.772+0000] {spark_submit.py:571} INFO - 26/08/21 04:17:23 INFO TaskSetManager: Starting task 7.0 in stage 16.0 (TID 84) (172.18.0.6, executor 0, partition 7, PROCESS_LOCAL, 7619 bytes)
[2026-08-21T04:17:23.773+0000] {spark_submit.py:571} INFO - 26/08/21 04:17:23 INFO TaskSetManager: Finished task 5.0 in stage 16.0 (TID 82) in 71 ms on 172.18.0.6 (executor 0) (4/50)
[2026-08-21T04:17:23.835+0000] {spark_submit.py:571} INFO - 26/08/21 04:17:23 INFO BlockManagerInfo: Added rdd_48_7 in memory on 172.18.0.6:33709 (size: 46.0 B, free: 434.2 MiB)
[2026-08-21T04:17:23.851+0000] {spark_submit.py:571} INFO - 26/08/21 04:17:23 INFO BlockManagerInfo: Added rdd_48_6 in memory on 172.18.0.6:33709 (size: 46.0 B, free: 434.2 MiB)
[2026-08-21T04:17:23.865+0000] {spark_submit.py:571} INFO - 26/08/21 04:17:23 INFO TaskSetManager: Starting task 10.0 in stage 16.0 (TID 85) (172.18.0.6, executor 0, partition 10, PROCESS_LOCAL, 7619 bytes)
[2026-08-21T04:17:23.867+0000] {spark_submit.py:571} INFO - 26/08/21 04:17:23 INFO TaskSetManager: Finished task 7.0 in stage 16.0 (TID 84) in 93 ms on 172.18.0.6 (executor 0) (5/50)
[2026-08-21T04:17:23.871+0000] {spark_submit.py:571} INFO - 26/08/21 04:17:23 INFO TaskSetManager: Starting task 11.0 in stage 16.0 (TID 86) (172.18.0.6, executor 0, partition 11, PROCESS_LOCAL, 7619 bytes)
[2026-08-21T04:17:23.872+0000] {spark_submit.py:571} INFO - 26/08/21 04:17:23 INFO TaskSetManager: Finished task 6.0 in stage 16.0 (TID 83) in 103 ms on 172.18.0.6 (executor 0) (6/50)
[2026-08-21T04:17:23.917+0000] {spark_submit.py:571} INFO - 26/08/21 04:17:23 INFO TaskSetManager: Finished task 0.0 in stage 16.0 (TID 77) in 653 ms on 172.18.0.7 (executor 1) (7/50)
[2026-08-21T04:17:23.919+0000] {spark_submit.py:571} INFO - 26/08/21 04:17:23 INFO TaskSetManager: Starting task 8.0 in stage 16.0 (TID 87) (172.18.0.7, executor 1, partition 8, PROCESS_LOCAL, 7619 bytes)
[2026-08-21T04:17:23.922+0000] {spark_submit.py:571} INFO - 26/08/21 04:17:23 INFO TaskSetManager: Starting task 9.0 in stage 16.0 (TID 88) (172.18.0.7, executor 1, partition 9, PROCESS_LOCAL, 7619 bytes)
[2026-08-21T04:17:23.923+0000] {spark_submit.py:571} INFO - 26/08/21 04:17:23 INFO TaskSetManager: Finished task 1.0 in stage 16.0 (TID 79) in 655 ms on 172.18.0.7 (executor 1) (8/50)
[2026-08-21T04:17:23.940+0000] {spark_submit.py:571} INFO - 26/08/21 04:17:23 INFO BlockManagerInfo: Added rdd_48_11 in memory on 172.18.0.6:33709 (size: 46.0 B, free: 434.2 MiB)
[2026-08-21T04:17:23.941+0000] {spark_submit.py:571} INFO - 26/08/21 04:17:23 INFO BlockManagerInfo: Added rdd_48_10 in memory on 172.18.0.6:33709 (size: 46.0 B, free: 434.2 MiB)
[2026-08-21T04:17:23.961+0000] {spark_submit.py:571} INFO - 26/08/21 04:17:23 INFO TaskSetManager: Starting task 13.0 in stage 16.0 (TID 89) (172.18.0.6, executor 0, partition 13, PROCESS_LOCAL, 7619 bytes)
[2026-08-21T04:17:23.962+0000] {spark_submit.py:571} INFO - 26/08/21 04:17:23 INFO TaskSetManager: Finished task 10.0 in stage 16.0 (TID 85) in 100 ms on 172.18.0.6 (executor 0) (9/50)
[2026-08-21T04:17:23.967+0000] {spark_submit.py:571} INFO - 26/08/21 04:17:23 INFO TaskSetManager: Starting task 15.0 in stage 16.0 (TID 90) (172.18.0.6, executor 0, partition 15, PROCESS_LOCAL, 7619 bytes)
[2026-08-21T04:17:23.967+0000] {spark_submit.py:571} INFO - 26/08/21 04:17:23 INFO TaskSetManager: Finished task 11.0 in stage 16.0 (TID 86) in 98 ms on 172.18.0.6 (executor 0) (10/50)
[2026-08-21T04:17:23.996+0000] {spark_submit.py:571} INFO - 26/08/21 04:17:23 INFO BlockManagerInfo: Added rdd_48_13 in memory on 172.18.0.6:33709 (size: 46.0 B, free: 434.2 MiB)
[2026-08-21T04:17:23.997+0000] {spark_submit.py:571} INFO - 26/08/21 04:17:23 INFO BlockManagerInfo: Added rdd_48_15 in memory on 172.18.0.6:33709 (size: 46.0 B, free: 434.2 MiB)
[2026-08-21T04:17:24.007+0000] {spark_submit.py:571} INFO - 26/08/21 04:17:24 INFO TaskSetManager: Starting task 16.0 in stage 16.0 (TID 91) (172.18.0.6, executor 0, partition 16, PROCESS_LOCAL, 7619 bytes)
[2026-08-21T04:17:24.008+0000] {spark_submit.py:571} INFO - 26/08/21 04:17:24 INFO TaskSetManager: Starting task 19.0 in stage 16.0 (TID 92) (172.18.0.6, executor 0, partition 19, PROCESS_LOCAL, 7619 bytes)
[2026-08-21T04:17:24.009+0000] {spark_submit.py:571} INFO - 26/08/21 04:17:24 INFO TaskSetManager: Finished task 15.0 in stage 16.0 (TID 90) in 42 ms on 172.18.0.6 (executor 0) (11/50)
[2026-08-21T04:17:24.010+0000] {spark_submit.py:571} INFO - 26/08/21 04:17:24 INFO TaskSetManager: Finished task 13.0 in stage 16.0 (TID 89) in 50 ms on 172.18.0.6 (executor 0) (12/50)
[2026-08-21T04:17:24.015+0000] {spark_submit.py:571} INFO - 26/08/21 04:17:24 INFO BlockManagerInfo: Added rdd_48_8 in memory on 172.18.0.7:34623 (size: 46.0 B, free: 434.2 MiB)
[2026-08-21T04:17:24.024+0000] {spark_submit.py:571} INFO - 26/08/21 04:17:24 INFO BlockManagerInfo: Added rdd_48_9 in memory on 172.18.0.7:34623 (size: 46.0 B, free: 434.2 MiB)
[2026-08-21T04:17:24.033+0000] {spark_submit.py:571} INFO - 26/08/21 04:17:24 INFO TaskSetManager: Starting task 12.0 in stage 16.0 (TID 93) (172.18.0.7, executor 1, partition 12, PROCESS_LOCAL, 7619 bytes)
[2026-08-21T04:17:24.034+0000] {spark_submit.py:571} INFO - 26/08/21 04:17:24 INFO TaskSetManager: Finished task 8.0 in stage 16.0 (TID 87) in 118 ms on 172.18.0.7 (executor 1) (13/50)
[2026-08-21T04:17:24.046+0000] {spark_submit.py:571} INFO - 26/08/21 04:17:24 INFO TaskSetManager: Starting task 14.0 in stage 16.0 (TID 94) (172.18.0.7, executor 1, partition 14, PROCESS_LOCAL, 7619 bytes)
[2026-08-21T04:17:24.047+0000] {spark_submit.py:571} INFO - 26/08/21 04:17:24 INFO TaskSetManager: Finished task 9.0 in stage 16.0 (TID 88) in 131 ms on 172.18.0.7 (executor 1) (14/50)
[2026-08-21T04:17:24.058+0000] {spark_submit.py:571} INFO - 26/08/21 04:17:24 INFO BlockManagerInfo: Added rdd_48_16 in memory on 172.18.0.6:33709 (size: 46.0 B, free: 434.2 MiB)
[2026-08-21T04:17:24.063+0000] {spark_submit.py:571} INFO - 26/08/21 04:17:24 INFO BlockManagerInfo: Added rdd_48_19 in memory on 172.18.0.6:33709 (size: 46.0 B, free: 434.2 MiB)
[2026-08-21T04:17:24.073+0000] {spark_submit.py:571} INFO - 26/08/21 04:17:24 INFO TaskSetManager: Starting task 21.0 in stage 16.0 (TID 95) (172.18.0.6, executor 0, partition 21, PROCESS_LOCAL, 7619 bytes)
[2026-08-21T04:17:24.076+0000] {spark_submit.py:571} INFO - 26/08/21 04:17:24 INFO TaskSetManager: Starting task 23.0 in stage 16.0 (TID 96) (172.18.0.6, executor 0, partition 23, PROCESS_LOCAL, 7619 bytes)
[2026-08-21T04:17:24.077+0000] {spark_submit.py:571} INFO - 26/08/21 04:17:24 INFO TaskSetManager: Finished task 16.0 in stage 16.0 (TID 91) in 70 ms on 172.18.0.6 (executor 0) (15/50)
[2026-08-21T04:17:24.080+0000] {spark_submit.py:571} INFO - 26/08/21 04:17:24 INFO TaskSetManager: Finished task 19.0 in stage 16.0 (TID 92) in 68 ms on 172.18.0.6 (executor 0) (16/50)
[2026-08-21T04:17:24.116+0000] {spark_submit.py:571} INFO - 26/08/21 04:17:24 INFO BlockManagerInfo: Added rdd_48_12 in memory on 172.18.0.7:34623 (size: 46.0 B, free: 434.2 MiB)
[2026-08-21T04:17:24.130+0000] {spark_submit.py:571} INFO - 26/08/21 04:17:24 INFO BlockManagerInfo: Added rdd_48_14 in memory on 172.18.0.7:34623 (size: 46.0 B, free: 434.2 MiB)
[2026-08-21T04:17:24.164+0000] {spark_submit.py:571} INFO - 26/08/21 04:17:24 INFO TaskSetManager: Starting task 17.0 in stage 16.0 (TID 97) (172.18.0.7, executor 1, partition 17, PROCESS_LOCAL, 7619 bytes)
[2026-08-21T04:17:24.175+0000] {spark_submit.py:571} INFO - 26/08/21 04:17:24 INFO TaskSetManager: Starting task 18.0 in stage 16.0 (TID 98) (172.18.0.7, executor 1, partition 18, PROCESS_LOCAL, 7619 bytes)
[2026-08-21T04:17:24.178+0000] {spark_submit.py:571} INFO - 26/08/21 04:17:24 INFO TaskSetManager: Finished task 12.0 in stage 16.0 (TID 93) in 139 ms on 172.18.0.7 (executor 1) (17/50)
[2026-08-21T04:17:24.178+0000] {spark_submit.py:571} INFO - 26/08/21 04:17:24 INFO TaskSetManager: Finished task 14.0 in stage 16.0 (TID 94) in 129 ms on 172.18.0.7 (executor 1) (18/50)
[2026-08-21T04:17:24.194+0000] {spark_submit.py:571} INFO - 26/08/21 04:17:24 INFO BlockManagerInfo: Added rdd_48_21 in memory on 172.18.0.6:33709 (size: 46.0 B, free: 434.2 MiB)
[2026-08-21T04:17:24.195+0000] {spark_submit.py:571} INFO - 26/08/21 04:17:24 INFO BlockManagerInfo: Added rdd_48_23 in memory on 172.18.0.6:33709 (size: 46.0 B, free: 434.2 MiB)
[2026-08-21T04:17:24.246+0000] {spark_submit.py:571} INFO - 26/08/21 04:17:24 INFO TaskSetManager: Starting task 24.0 in stage 16.0 (TID 99) (172.18.0.6, executor 0, partition 24, PROCESS_LOCAL, 7619 bytes)
[2026-08-21T04:17:24.247+0000] {spark_submit.py:571} INFO - 26/08/21 04:17:24 INFO TaskSetManager: Finished task 23.0 in stage 16.0 (TID 96) in 171 ms on 172.18.0.6 (executor 0) (19/50)
[2026-08-21T04:17:24.250+0000] {spark_submit.py:571} INFO - 26/08/21 04:17:24 INFO TaskSetManager: Starting task 27.0 in stage 16.0 (TID 100) (172.18.0.6, executor 0, partition 27, PROCESS_LOCAL, 7619 bytes)
[2026-08-21T04:17:24.252+0000] {spark_submit.py:571} INFO - 26/08/21 04:17:24 INFO TaskSetManager: Finished task 21.0 in stage 16.0 (TID 95) in 180 ms on 172.18.0.6 (executor 0) (20/50)
[2026-08-21T04:17:24.297+0000] {spark_submit.py:571} INFO - 26/08/21 04:17:24 INFO BlockManagerInfo: Added rdd_48_18 in memory on 172.18.0.7:34623 (size: 46.0 B, free: 434.2 MiB)
[2026-08-21T04:17:24.299+0000] {spark_submit.py:571} INFO - 26/08/21 04:17:24 INFO BlockManagerInfo: Added rdd_48_17 in memory on 172.18.0.7:34623 (size: 46.0 B, free: 434.2 MiB)
[2026-08-21T04:17:24.339+0000] {spark_submit.py:571} INFO - 26/08/21 04:17:24 INFO TaskSetManager: Starting task 20.0 in stage 16.0 (TID 101) (172.18.0.7, executor 1, partition 20, PROCESS_LOCAL, 7619 bytes)
[2026-08-21T04:17:24.356+0000] {spark_submit.py:571} INFO - 26/08/21 04:17:24 INFO TaskSetManager: Finished task 18.0 in stage 16.0 (TID 98) in 171 ms on 172.18.0.7 (executor 1) (21/50)
[2026-08-21T04:17:24.358+0000] {spark_submit.py:571} INFO - 26/08/21 04:17:24 INFO TaskSetManager: Starting task 22.0 in stage 16.0 (TID 102) (172.18.0.7, executor 1, partition 22, PROCESS_LOCAL, 7619 bytes)
[2026-08-21T04:17:24.358+0000] {spark_submit.py:571} INFO - 26/08/21 04:17:24 INFO TaskSetManager: Finished task 17.0 in stage 16.0 (TID 97) in 187 ms on 172.18.0.7 (executor 1) (22/50)
[2026-08-21T04:17:24.388+0000] {spark_submit.py:571} INFO - 26/08/21 04:17:24 INFO BlockManagerInfo: Added rdd_48_24 in memory on 172.18.0.6:33709 (size: 46.0 B, free: 434.2 MiB)
[2026-08-21T04:17:24.397+0000] {spark_submit.py:571} INFO - 26/08/21 04:17:24 INFO BlockManagerInfo: Added rdd_48_27 in memory on 172.18.0.6:33709 (size: 46.0 B, free: 434.2 MiB)
[2026-08-21T04:17:24.425+0000] {spark_submit.py:571} INFO - 26/08/21 04:17:24 INFO TaskSetManager: Starting task 28.0 in stage 16.0 (TID 103) (172.18.0.6, executor 0, partition 28, PROCESS_LOCAL, 7619 bytes)
[2026-08-21T04:17:24.429+0000] {spark_submit.py:571} INFO - 26/08/21 04:17:24 INFO TaskSetManager: Finished task 24.0 in stage 16.0 (TID 99) in 182 ms on 172.18.0.6 (executor 0) (23/50)
[2026-08-21T04:17:24.443+0000] {spark_submit.py:571} INFO - 26/08/21 04:17:24 INFO TaskSetManager: Starting task 31.0 in stage 16.0 (TID 104) (172.18.0.6, executor 0, partition 31, PROCESS_LOCAL, 7619 bytes)
[2026-08-21T04:17:24.444+0000] {spark_submit.py:571} INFO - 26/08/21 04:17:24 INFO TaskSetManager: Finished task 27.0 in stage 16.0 (TID 100) in 196 ms on 172.18.0.6 (executor 0) (24/50)
[2026-08-21T04:17:24.475+0000] {spark_submit.py:571} INFO - 26/08/21 04:17:24 INFO BlockManagerInfo: Added rdd_48_22 in memory on 172.18.0.7:34623 (size: 46.0 B, free: 434.2 MiB)
[2026-08-21T04:17:24.476+0000] {spark_submit.py:571} INFO - 26/08/21 04:17:24 INFO BlockManagerInfo: Added rdd_48_20 in memory on 172.18.0.7:34623 (size: 46.0 B, free: 434.2 MiB)
[2026-08-21T04:17:24.494+0000] {spark_submit.py:571} INFO - 26/08/21 04:17:24 INFO TaskSetManager: Starting task 25.0 in stage 16.0 (TID 105) (172.18.0.7, executor 1, partition 25, PROCESS_LOCAL, 7619 bytes)
[2026-08-21T04:17:24.498+0000] {spark_submit.py:571} INFO - 26/08/21 04:17:24 INFO TaskSetManager: Starting task 26.0 in stage 16.0 (TID 106) (172.18.0.7, executor 1, partition 26, PROCESS_LOCAL, 7619 bytes)
[2026-08-21T04:17:24.503+0000] {spark_submit.py:571} INFO - 26/08/21 04:17:24 INFO TaskSetManager: Finished task 22.0 in stage 16.0 (TID 102) in 154 ms on 172.18.0.7 (executor 1) (25/50)
[2026-08-21T04:17:24.504+0000] {spark_submit.py:571} INFO - 26/08/21 04:17:24 INFO TaskSetManager: Finished task 20.0 in stage 16.0 (TID 101) in 166 ms on 172.18.0.7 (executor 1) (26/50)
[2026-08-21T04:17:24.594+0000] {spark_submit.py:571} INFO - 26/08/21 04:17:24 INFO BlockManagerInfo: Added rdd_48_31 in memory on 172.18.0.6:33709 (size: 46.0 B, free: 434.2 MiB)
[2026-08-21T04:17:24.650+0000] {spark_submit.py:571} INFO - 26/08/21 04:17:24 INFO BlockManagerInfo: Added rdd_48_25 in memory on 172.18.0.7:34623 (size: 46.0 B, free: 434.2 MiB)
[2026-08-21T04:17:24.651+0000] {spark_submit.py:571} INFO - 26/08/21 04:17:24 INFO BlockManagerInfo: Added rdd_48_26 in memory on 172.18.0.7:34623 (size: 46.0 B, free: 434.2 MiB)
[2026-08-21T04:17:24.685+0000] {spark_submit.py:571} INFO - 26/08/21 04:17:24 INFO BlockManagerInfo: Added rdd_48_28 in memory on 172.18.0.6:33709 (size: 46.0 B, free: 434.2 MiB)
[2026-08-21T04:17:24.687+0000] {spark_submit.py:571} INFO - 26/08/21 04:17:24 INFO TaskSetManager: Starting task 29.0 in stage 16.0 (TID 107) (172.18.0.7, executor 1, partition 29, PROCESS_LOCAL, 7619 bytes)
[2026-08-21T04:17:24.705+0000] {spark_submit.py:571} INFO - 26/08/21 04:17:24 INFO TaskSetManager: Starting task 32.0 in stage 16.0 (TID 108) (172.18.0.6, executor 0, partition 32, PROCESS_LOCAL, 7619 bytes)
[2026-08-21T04:17:24.705+0000] {spark_submit.py:571} INFO - 26/08/21 04:17:24 INFO TaskSetManager: Finished task 25.0 in stage 16.0 (TID 105) in 210 ms on 172.18.0.7 (executor 1) (27/50)
[2026-08-21T04:17:24.707+0000] {spark_submit.py:571} INFO - 26/08/21 04:17:24 INFO TaskSetManager: Finished task 31.0 in stage 16.0 (TID 104) in 260 ms on 172.18.0.6 (executor 0) (28/50)
[2026-08-21T04:17:24.709+0000] {spark_submit.py:571} INFO - 26/08/21 04:17:24 INFO TaskSetManager: Starting task 30.0 in stage 16.0 (TID 109) (172.18.0.7, executor 1, partition 30, PROCESS_LOCAL, 7619 bytes)
[2026-08-21T04:17:24.711+0000] {spark_submit.py:571} INFO - 26/08/21 04:17:24 INFO TaskSetManager: Finished task 26.0 in stage 16.0 (TID 106) in 213 ms on 172.18.0.7 (executor 1) (29/50)
[2026-08-21T04:17:24.722+0000] {spark_submit.py:571} INFO - 26/08/21 04:17:24 INFO TaskSetManager: Starting task 33.0 in stage 16.0 (TID 110) (172.18.0.6, executor 0, partition 33, PROCESS_LOCAL, 7619 bytes)
[2026-08-21T04:17:24.727+0000] {spark_submit.py:571} INFO - 26/08/21 04:17:24 INFO TaskSetManager: Finished task 28.0 in stage 16.0 (TID 103) in 305 ms on 172.18.0.6 (executor 0) (30/50)
[2026-08-21T04:17:24.763+0000] {spark_submit.py:571} INFO - 26/08/21 04:17:24 INFO BlockManagerInfo: Added rdd_48_33 in memory on 172.18.0.6:33709 (size: 46.0 B, free: 434.2 MiB)
[2026-08-21T04:17:24.772+0000] {spark_submit.py:571} INFO - 26/08/21 04:17:24 INFO BlockManagerInfo: Added rdd_48_32 in memory on 172.18.0.6:33709 (size: 46.0 B, free: 434.2 MiB)
[2026-08-21T04:17:24.776+0000] {spark_submit.py:571} INFO - 26/08/21 04:17:24 INFO BlockManagerInfo: Added rdd_48_30 in memory on 172.18.0.7:34623 (size: 46.0 B, free: 434.2 MiB)
[2026-08-21T04:17:24.786+0000] {spark_submit.py:571} INFO - 26/08/21 04:17:24 INFO TaskSetManager: Starting task 34.0 in stage 16.0 (TID 111) (172.18.0.6, executor 0, partition 34, PROCESS_LOCAL, 7619 bytes)
[2026-08-21T04:17:24.790+0000] {spark_submit.py:571} INFO - 26/08/21 04:17:24 INFO TaskSetManager: Starting task 36.0 in stage 16.0 (TID 112) (172.18.0.6, executor 0, partition 36, PROCESS_LOCAL, 7619 bytes)
[2026-08-21T04:17:24.795+0000] {spark_submit.py:571} INFO - 26/08/21 04:17:24 INFO TaskSetManager: Finished task 33.0 in stage 16.0 (TID 110) in 69 ms on 172.18.0.6 (executor 0) (31/50)
[2026-08-21T04:17:24.796+0000] {spark_submit.py:571} INFO - 26/08/21 04:17:24 INFO TaskSetManager: Finished task 32.0 in stage 16.0 (TID 108) in 96 ms on 172.18.0.6 (executor 0) (32/50)
[2026-08-21T04:17:24.798+0000] {spark_submit.py:571} INFO - 26/08/21 04:17:24 INFO TaskSetManager: Starting task 35.0 in stage 16.0 (TID 113) (172.18.0.7, executor 1, partition 35, PROCESS_LOCAL, 7619 bytes)
[2026-08-21T04:17:24.799+0000] {spark_submit.py:571} INFO - 26/08/21 04:17:24 INFO BlockManagerInfo: Added rdd_48_29 in memory on 172.18.0.7:34623 (size: 46.0 B, free: 434.2 MiB)
[2026-08-21T04:17:24.800+0000] {spark_submit.py:571} INFO - 26/08/21 04:17:24 INFO TaskSetManager: Finished task 30.0 in stage 16.0 (TID 109) in 97 ms on 172.18.0.7 (executor 1) (33/50)
[2026-08-21T04:17:24.828+0000] {spark_submit.py:571} INFO - 26/08/21 04:17:24 INFO TaskSetManager: Starting task 37.0 in stage 16.0 (TID 114) (172.18.0.7, executor 1, partition 37, PROCESS_LOCAL, 7619 bytes)
[2026-08-21T04:17:24.831+0000] {spark_submit.py:571} INFO - 26/08/21 04:17:24 INFO TaskSetManager: Finished task 29.0 in stage 16.0 (TID 107) in 143 ms on 172.18.0.7 (executor 1) (34/50)
[2026-08-21T04:17:24.838+0000] {spark_submit.py:571} INFO - 26/08/21 04:17:24 INFO BlockManagerInfo: Added rdd_48_34 in memory on 172.18.0.6:33709 (size: 46.0 B, free: 434.2 MiB)
[2026-08-21T04:17:24.850+0000] {spark_submit.py:571} INFO - 26/08/21 04:17:24 INFO TaskSetManager: Starting task 38.0 in stage 16.0 (TID 115) (172.18.0.6, executor 0, partition 38, PROCESS_LOCAL, 7619 bytes)
[2026-08-21T04:17:24.853+0000] {spark_submit.py:571} INFO - 26/08/21 04:17:24 INFO TaskSetManager: Finished task 34.0 in stage 16.0 (TID 111) in 68 ms on 172.18.0.6 (executor 0) (35/50)
[2026-08-21T04:17:24.887+0000] {spark_submit.py:571} INFO - 26/08/21 04:17:24 INFO BlockManagerInfo: Added rdd_48_35 in memory on 172.18.0.7:34623 (size: 46.0 B, free: 434.2 MiB)
[2026-08-21T04:17:24.889+0000] {spark_submit.py:571} INFO - 26/08/21 04:17:24 INFO BlockManagerInfo: Added rdd_48_38 in memory on 172.18.0.6:33709 (size: 46.0 B, free: 434.2 MiB)
[2026-08-21T04:17:24.902+0000] {spark_submit.py:571} INFO - 26/08/21 04:17:24 INFO TaskSetManager: Starting task 39.0 in stage 16.0 (TID 116) (172.18.0.7, executor 1, partition 39, PROCESS_LOCAL, 7619 bytes)
[2026-08-21T04:17:24.904+0000] {spark_submit.py:571} INFO - 26/08/21 04:17:24 INFO TaskSetManager: Finished task 35.0 in stage 16.0 (TID 113) in 107 ms on 172.18.0.7 (executor 1) (36/50)
[2026-08-21T04:17:24.907+0000] {spark_submit.py:571} INFO - 26/08/21 04:17:24 INFO TaskSetManager: Starting task 40.0 in stage 16.0 (TID 117) (172.18.0.6, executor 0, partition 40, PROCESS_LOCAL, 7619 bytes)
[2026-08-21T04:17:24.908+0000] {spark_submit.py:571} INFO - 26/08/21 04:17:24 INFO TaskSetManager: Finished task 38.0 in stage 16.0 (TID 115) in 59 ms on 172.18.0.6 (executor 0) (37/50)
[2026-08-21T04:17:24.925+0000] {spark_submit.py:571} INFO - 26/08/21 04:17:24 INFO BlockManagerInfo: Added rdd_48_37 in memory on 172.18.0.7:34623 (size: 46.0 B, free: 434.2 MiB)
[2026-08-21T04:17:24.932+0000] {spark_submit.py:571} INFO - 26/08/21 04:17:24 INFO BlockManagerInfo: Added rdd_48_40 in memory on 172.18.0.6:33709 (size: 46.0 B, free: 434.2 MiB)
[2026-08-21T04:17:24.937+0000] {spark_submit.py:571} INFO - 26/08/21 04:17:24 INFO BlockManagerInfo: Added rdd_48_36 in memory on 172.18.0.6:33709 (size: 864.0 B, free: 434.2 MiB)
[2026-08-21T04:17:24.957+0000] {spark_submit.py:571} INFO - 26/08/21 04:17:24 INFO TaskSetManager: Starting task 41.0 in stage 16.0 (TID 118) (172.18.0.6, executor 0, partition 41, PROCESS_LOCAL, 7619 bytes)
[2026-08-21T04:17:24.960+0000] {spark_submit.py:571} INFO - 26/08/21 04:17:24 INFO TaskSetManager: Finished task 40.0 in stage 16.0 (TID 117) in 53 ms on 172.18.0.6 (executor 0) (38/50)
[2026-08-21T04:17:24.987+0000] {spark_submit.py:571} INFO - 26/08/21 04:17:24 INFO TaskSetManager: Starting task 43.0 in stage 16.0 (TID 119) (172.18.0.7, executor 1, partition 43, PROCESS_LOCAL, 7619 bytes)
[2026-08-21T04:17:24.990+0000] {spark_submit.py:571} INFO - 26/08/21 04:17:24 INFO TaskSetManager: Finished task 37.0 in stage 16.0 (TID 114) in 161 ms on 172.18.0.7 (executor 1) (39/50)
[2026-08-21T04:17:24.998+0000] {spark_submit.py:571} INFO - 26/08/21 04:17:24 INFO TaskSetManager: Starting task 42.0 in stage 16.0 (TID 120) (172.18.0.6, executor 0, partition 42, PROCESS_LOCAL, 7619 bytes)
[2026-08-21T04:17:25.001+0000] {spark_submit.py:571} INFO - 26/08/21 04:17:25 INFO BlockManagerInfo: Added rdd_48_39 in memory on 172.18.0.7:34623 (size: 46.0 B, free: 434.2 MiB)
[2026-08-21T04:17:25.002+0000] {spark_submit.py:571} INFO - 26/08/21 04:17:25 INFO TaskSetManager: Finished task 36.0 in stage 16.0 (TID 112) in 214 ms on 172.18.0.6 (executor 0) (40/50)
[2026-08-21T04:17:25.026+0000] {spark_submit.py:571} INFO - 26/08/21 04:17:25 INFO TaskSetManager: Starting task 44.0 in stage 16.0 (TID 121) (172.18.0.7, executor 1, partition 44, PROCESS_LOCAL, 7619 bytes)
[2026-08-21T04:17:25.028+0000] {spark_submit.py:571} INFO - 26/08/21 04:17:25 INFO TaskSetManager: Finished task 39.0 in stage 16.0 (TID 116) in 126 ms on 172.18.0.7 (executor 1) (41/50)
[2026-08-21T04:17:25.052+0000] {spark_submit.py:571} INFO - 26/08/21 04:17:25 INFO BlockManagerInfo: Added rdd_48_41 in memory on 172.18.0.6:33709 (size: 46.0 B, free: 434.2 MiB)
[2026-08-21T04:17:25.078+0000] {spark_submit.py:571} INFO - 26/08/21 04:17:25 INFO BlockManagerInfo: Added rdd_48_43 in memory on 172.18.0.7:34623 (size: 46.0 B, free: 434.2 MiB)
[2026-08-21T04:17:25.079+0000] {spark_submit.py:571} INFO - 26/08/21 04:17:25 INFO TaskSetManager: Starting task 45.0 in stage 16.0 (TID 122) (172.18.0.6, executor 0, partition 45, PROCESS_LOCAL, 7619 bytes)
[2026-08-21T04:17:25.080+0000] {spark_submit.py:571} INFO - 26/08/21 04:17:25 INFO TaskSetManager: Finished task 41.0 in stage 16.0 (TID 118) in 126 ms on 172.18.0.6 (executor 0) (42/50)
[2026-08-21T04:17:25.081+0000] {spark_submit.py:571} INFO - 26/08/21 04:17:25 INFO BlockManagerInfo: Added rdd_48_42 in memory on 172.18.0.6:33709 (size: 46.0 B, free: 434.2 MiB)
[2026-08-21T04:17:25.096+0000] {spark_submit.py:571} INFO - 26/08/21 04:17:25 INFO BlockManagerInfo: Added rdd_48_44 in memory on 172.18.0.7:34623 (size: 46.0 B, free: 434.2 MiB)
[2026-08-21T04:17:25.109+0000] {spark_submit.py:571} INFO - 26/08/21 04:17:25 INFO TaskSetManager: Starting task 47.0 in stage 16.0 (TID 123) (172.18.0.7, executor 1, partition 47, PROCESS_LOCAL, 7619 bytes)
[2026-08-21T04:17:25.113+0000] {spark_submit.py:571} INFO - 26/08/21 04:17:25 INFO TaskSetManager: Starting task 46.0 in stage 16.0 (TID 124) (172.18.0.6, executor 0, partition 46, PROCESS_LOCAL, 7619 bytes)
[2026-08-21T04:17:25.115+0000] {spark_submit.py:571} INFO - 26/08/21 04:17:25 INFO TaskSetManager: Finished task 43.0 in stage 16.0 (TID 119) in 125 ms on 172.18.0.7 (executor 1) (43/50)
[2026-08-21T04:17:25.127+0000] {spark_submit.py:571} INFO - 26/08/21 04:17:25 INFO TaskSetManager: Finished task 44.0 in stage 16.0 (TID 121) in 88 ms on 172.18.0.7 (executor 1) (44/50)
[2026-08-21T04:17:25.132+0000] {spark_submit.py:571} INFO - 26/08/21 04:17:25 INFO TaskSetManager: Finished task 42.0 in stage 16.0 (TID 120) in 115 ms on 172.18.0.6 (executor 0) (45/50)
[2026-08-21T04:17:25.168+0000] {spark_submit.py:571} INFO - 26/08/21 04:17:25 INFO BlockManagerInfo: Added rdd_48_47 in memory on 172.18.0.7:34623 (size: 46.0 B, free: 434.2 MiB)
[2026-08-21T04:17:25.194+0000] {spark_submit.py:571} INFO - 26/08/21 04:17:25 INFO TaskSetManager: Finished task 47.0 in stage 16.0 (TID 123) in 85 ms on 172.18.0.7 (executor 1) (46/50)
[2026-08-21T04:17:25.261+0000] {spark_submit.py:571} INFO - 26/08/21 04:17:25 INFO BlockManagerInfo: Added rdd_48_45 in memory on 172.18.0.6:33709 (size: 46.0 B, free: 434.2 MiB)
[2026-08-21T04:17:25.278+0000] {spark_submit.py:571} INFO - 26/08/21 04:17:25 INFO TaskSetManager: Starting task 48.0 in stage 16.0 (TID 125) (172.18.0.6, executor 0, partition 48, PROCESS_LOCAL, 7619 bytes)
[2026-08-21T04:17:25.285+0000] {spark_submit.py:571} INFO - 26/08/21 04:17:25 INFO TaskSetManager: Finished task 45.0 in stage 16.0 (TID 122) in 198 ms on 172.18.0.6 (executor 0) (47/50)
[2026-08-21T04:17:25.286+0000] {spark_submit.py:571} INFO - 26/08/21 04:17:25 INFO BlockManagerInfo: Added rdd_48_46 in memory on 172.18.0.6:33709 (size: 46.0 B, free: 434.2 MiB)
[2026-08-21T04:17:25.310+0000] {spark_submit.py:571} INFO - 26/08/21 04:17:25 INFO BlockManagerInfo: Added rdd_48_48 in memory on 172.18.0.6:33709 (size: 46.0 B, free: 434.2 MiB)
[2026-08-21T04:17:25.313+0000] {spark_submit.py:571} INFO - 26/08/21 04:17:25 INFO TaskSetManager: Starting task 49.0 in stage 16.0 (TID 126) (172.18.0.6, executor 0, partition 49, PROCESS_LOCAL, 7619 bytes)
[2026-08-21T04:17:25.314+0000] {spark_submit.py:571} INFO - 26/08/21 04:17:25 INFO TaskSetManager: Finished task 46.0 in stage 16.0 (TID 124) in 201 ms on 172.18.0.6 (executor 0) (48/50)
[2026-08-21T04:17:25.332+0000] {spark_submit.py:571} INFO - 26/08/21 04:17:25 INFO TaskSetManager: Finished task 48.0 in stage 16.0 (TID 125) in 55 ms on 172.18.0.6 (executor 0) (49/50)
[2026-08-21T04:17:25.362+0000] {spark_submit.py:571} INFO - 26/08/21 04:17:25 INFO BlockManagerInfo: Added rdd_48_49 in memory on 172.18.0.6:33709 (size: 846.0 B, free: 434.2 MiB)
[2026-08-21T04:17:25.373+0000] {spark_submit.py:571} INFO - 26/08/21 04:17:25 INFO TaskSetManager: Finished task 49.0 in stage 16.0 (TID 126) in 63 ms on 172.18.0.6 (executor 0) (50/50)
[2026-08-21T04:17:25.375+0000] {spark_submit.py:571} INFO - 26/08/21 04:17:25 INFO TaskSchedulerImpl: Removed TaskSet 16.0, whose tasks have all completed, from pool
[2026-08-21T04:17:25.376+0000] {spark_submit.py:571} INFO - 26/08/21 04:17:25 INFO DAGScheduler: ResultStage 16 ($anonfun$recordDeltaOperationInternal$1 at DatabricksLogging.scala:128) finished in 2.126 s
[2026-08-21T04:17:25.377+0000] {spark_submit.py:571} INFO - 26/08/21 04:17:25 INFO DAGScheduler: Job 10 is finished. Cancelling potential speculative or zombie tasks for this job
[2026-08-21T04:17:25.377+0000] {spark_submit.py:571} INFO - 26/08/21 04:17:25 INFO TaskSchedulerImpl: Killing all running tasks in stage 16: Stage finished
[2026-08-21T04:17:25.378+0000] {spark_submit.py:571} INFO - 26/08/21 04:17:25 INFO DAGScheduler: Job 10 finished: $anonfun$recordDeltaOperationInternal$1 at DatabricksLogging.scala:128, took 2.144798 s
[2026-08-21T04:17:25.646+0000] {spark_submit.py:571} INFO - 26/08/21 04:17:25 INFO FileSourceStrategy: Pushed Filters: IsNotNull(date_hour)
[2026-08-21T04:17:25.650+0000] {spark_submit.py:571} INFO - 26/08/21 04:17:25 INFO FileSourceStrategy: Post-Scan Filters: isnotnull(date_hour#19),(regexp_replace(date_hour#19, ", , 1) = 2025-06-01-01)
[2026-08-21T04:17:25.698+0000] {spark_submit.py:571} INFO - 26/08/21 04:17:25 INFO BlockManagerInfo: Removed broadcast_17_piece0 on c90a551abb73:38539 in memory (size: 166.1 KiB, free: 434.3 MiB)
[2026-08-21T04:17:25.699+0000] {spark_submit.py:571} INFO - 26/08/21 04:17:25 INFO BlockManagerInfo: Removed broadcast_17_piece0 on 172.18.0.6:33709 in memory (size: 166.1 KiB, free: 434.4 MiB)
[2026-08-21T04:17:25.706+0000] {spark_submit.py:571} INFO - 26/08/21 04:17:25 INFO BlockManagerInfo: Removed broadcast_17_piece0 on 172.18.0.7:34623 in memory (size: 166.1 KiB, free: 434.4 MiB)
[2026-08-21T04:17:25.725+0000] {spark_submit.py:571} INFO - 26/08/21 04:17:25 INFO ParquetUtils: Using default output committer for Parquet: org.apache.parquet.hadoop.ParquetOutputCommitter
[2026-08-21T04:17:25.825+0000] {spark_submit.py:571} INFO - 26/08/21 04:17:25 INFO CodeGenerator: Code generated in 19.107578 ms
[2026-08-21T04:17:25.829+0000] {spark_submit.py:571} INFO - 26/08/21 04:17:25 INFO MemoryStore: Block broadcast_18 stored as values in memory (estimated size 201.7 KiB, free 433.7 MiB)
[2026-08-21T04:17:25.849+0000] {spark_submit.py:571} INFO - 26/08/21 04:17:25 INFO MemoryStore: Block broadcast_18_piece0 stored as bytes in memory (estimated size 34.8 KiB, free 433.7 MiB)
[2026-08-21T04:17:25.850+0000] {spark_submit.py:571} INFO - 26/08/21 04:17:25 INFO BlockManagerInfo: Added broadcast_18_piece0 in memory on c90a551abb73:38539 (size: 34.8 KiB, free: 434.3 MiB)
[2026-08-21T04:17:25.852+0000] {spark_submit.py:571} INFO - 26/08/21 04:17:25 INFO SparkContext: Created broadcast 18 from save at NativeMethodAccessorImpl.java:0
[2026-08-21T04:17:25.853+0000] {spark_submit.py:571} INFO - 26/08/21 04:17:25 INFO FileSourceScanExec: Planning scan with bin packing, max size: 134217728 bytes, open cost is considered as scanning 4194304 bytes.
[2026-08-21T04:17:25.900+0000] {spark_submit.py:571} INFO - 26/08/21 04:17:25 INFO SparkContext: Starting job: save at NativeMethodAccessorImpl.java:0
[2026-08-21T04:17:25.906+0000] {spark_submit.py:571} INFO - 26/08/21 04:17:25 INFO DAGScheduler: Got job 11 (save at NativeMethodAccessorImpl.java:0) with 7 output partitions
[2026-08-21T04:17:25.907+0000] {spark_submit.py:571} INFO - 26/08/21 04:17:25 INFO DAGScheduler: Final stage: ResultStage 17 (save at NativeMethodAccessorImpl.java:0)
[2026-08-21T04:17:25.907+0000] {spark_submit.py:571} INFO - 26/08/21 04:17:25 INFO DAGScheduler: Parents of final stage: List()
[2026-08-21T04:17:25.907+0000] {spark_submit.py:571} INFO - 26/08/21 04:17:25 INFO DAGScheduler: Missing parents: List()
[2026-08-21T04:17:25.907+0000] {spark_submit.py:571} INFO - 26/08/21 04:17:25 INFO DAGScheduler: Submitting ResultStage 17 (MapPartitionsRDD[57] at save at NativeMethodAccessorImpl.java:0), which has no missing parents
[2026-08-21T04:17:25.946+0000] {spark_submit.py:571} INFO - 26/08/21 04:17:25 INFO MemoryStore: Block broadcast_19 stored as values in memory (estimated size 375.5 KiB, free 433.3 MiB)
[2026-08-21T04:17:25.947+0000] {spark_submit.py:571} INFO - 26/08/21 04:17:25 INFO MemoryStore: Block broadcast_19_piece0 stored as bytes in memory (estimated size 135.2 KiB, free 433.2 MiB)
[2026-08-21T04:17:25.947+0000] {spark_submit.py:571} INFO - 26/08/21 04:17:25 INFO BlockManagerInfo: Added broadcast_19_piece0 in memory on c90a551abb73:38539 (size: 135.2 KiB, free: 434.2 MiB)
[2026-08-21T04:17:25.948+0000] {spark_submit.py:571} INFO - 26/08/21 04:17:25 INFO SparkContext: Created broadcast 19 from broadcast at DAGScheduler.scala:1585
[2026-08-21T04:17:25.949+0000] {spark_submit.py:571} INFO - 26/08/21 04:17:25 INFO DAGScheduler: Submitting 7 missing tasks from ResultStage 17 (MapPartitionsRDD[57] at save at NativeMethodAccessorImpl.java:0) (first 15 tasks are for partitions Vector(0, 1, 2, 3, 4, 5, 6))
[2026-08-21T04:17:25.950+0000] {spark_submit.py:571} INFO - 26/08/21 04:17:25 INFO TaskSchedulerImpl: Adding task set 17.0 with 7 tasks resource profile 0
[2026-08-21T04:17:25.952+0000] {spark_submit.py:571} INFO - 26/08/21 04:17:25 INFO TaskSetManager: Starting task 0.0 in stage 17.0 (TID 127) (172.18.0.6, executor 0, partition 0, PROCESS_LOCAL, 8210 bytes)
[2026-08-21T04:17:25.952+0000] {spark_submit.py:571} INFO - 26/08/21 04:17:25 INFO TaskSetManager: Starting task 1.0 in stage 17.0 (TID 128) (172.18.0.7, executor 1, partition 1, PROCESS_LOCAL, 8210 bytes)
[2026-08-21T04:17:25.952+0000] {spark_submit.py:571} INFO - 26/08/21 04:17:25 INFO TaskSetManager: Starting task 2.0 in stage 17.0 (TID 129) (172.18.0.6, executor 0, partition 2, PROCESS_LOCAL, 8210 bytes)
[2026-08-21T04:17:25.965+0000] {spark_submit.py:571} INFO - 26/08/21 04:17:25 INFO TaskSetManager: Starting task 3.0 in stage 17.0 (TID 130) (172.18.0.7, executor 1, partition 3, PROCESS_LOCAL, 8210 bytes)
[2026-08-21T04:17:26.008+0000] {spark_submit.py:571} INFO - 26/08/21 04:17:26 INFO BlockManagerInfo: Added broadcast_19_piece0 in memory on 172.18.0.6:33709 (size: 135.2 KiB, free: 434.2 MiB)
[2026-08-21T04:17:26.015+0000] {spark_submit.py:571} INFO - 26/08/21 04:17:26 INFO BlockManagerInfo: Added broadcast_19_piece0 in memory on 172.18.0.7:34623 (size: 135.2 KiB, free: 434.3 MiB)
[2026-08-21T04:17:26.410+0000] {spark_submit.py:571} INFO - 26/08/21 04:17:26 INFO BlockManagerInfo: Added broadcast_18_piece0 in memory on 172.18.0.7:34623 (size: 34.8 KiB, free: 434.2 MiB)
[2026-08-21T04:17:26.413+0000] {spark_submit.py:571} INFO - 26/08/21 04:17:26 INFO BlockManagerInfo: Added broadcast_18_piece0 in memory on 172.18.0.6:33709 (size: 34.8 KiB, free: 434.2 MiB)
[2026-08-21T04:17:30.740+0000] {spark_submit.py:571} INFO - 26/08/21 04:17:30 INFO TaskSetManager: Starting task 4.0 in stage 17.0 (TID 131) (172.18.0.7, executor 1, partition 4, PROCESS_LOCAL, 8210 bytes)
[2026-08-21T04:17:30.744+0000] {spark_submit.py:571} INFO - 26/08/21 04:17:30 INFO TaskSetManager: Finished task 3.0 in stage 17.0 (TID 130) in 4791 ms on 172.18.0.7 (executor 1) (1/7)
[2026-08-21T04:17:30.957+0000] {spark_submit.py:571} INFO - 26/08/21 04:17:30 INFO TaskSetManager: Starting task 5.0 in stage 17.0 (TID 132) (172.18.0.6, executor 0, partition 5, PROCESS_LOCAL, 8210 bytes)
[2026-08-21T04:17:30.960+0000] {spark_submit.py:571} INFO - 26/08/21 04:17:30 INFO TaskSetManager: Finished task 0.0 in stage 17.0 (TID 127) in 5006 ms on 172.18.0.6 (executor 0) (2/7)
[2026-08-21T04:17:30.967+0000] {spark_submit.py:571} INFO - 26/08/21 04:17:30 INFO TaskSetManager: Starting task 6.0 in stage 17.0 (TID 133) (172.18.0.6, executor 0, partition 6, PROCESS_LOCAL, 8210 bytes)
[2026-08-21T04:17:30.969+0000] {spark_submit.py:571} INFO - 26/08/21 04:17:30 INFO TaskSetManager: Finished task 2.0 in stage 17.0 (TID 129) in 5015 ms on 172.18.0.6 (executor 0) (3/7)
[2026-08-21T04:17:31.193+0000] {spark_submit.py:571} INFO - 26/08/21 04:17:31 INFO TaskSetManager: Finished task 1.0 in stage 17.0 (TID 128) in 5242 ms on 172.18.0.7 (executor 1) (4/7)
[2026-08-21T04:17:34.878+0000] {spark_submit.py:571} INFO - 26/08/21 04:17:34 INFO TaskSetManager: Finished task 6.0 in stage 17.0 (TID 133) in 3913 ms on 172.18.0.6 (executor 0) (5/7)
[2026-08-21T04:17:36.095+0000] {spark_submit.py:571} INFO - 26/08/21 04:17:36 INFO TaskSetManager: Finished task 5.0 in stage 17.0 (TID 132) in 5142 ms on 172.18.0.6 (executor 0) (6/7)
[2026-08-21T04:17:36.181+0000] {spark_submit.py:571} INFO - 26/08/21 04:17:36 INFO TaskSetManager: Finished task 4.0 in stage 17.0 (TID 131) in 5443 ms on 172.18.0.7 (executor 1) (7/7)
[2026-08-21T04:17:36.183+0000] {spark_submit.py:571} INFO - 26/08/21 04:17:36 INFO TaskSchedulerImpl: Removed TaskSet 17.0, whose tasks have all completed, from pool
[2026-08-21T04:17:36.185+0000] {spark_submit.py:571} INFO - 26/08/21 04:17:36 INFO DAGScheduler: ResultStage 17 (save at NativeMethodAccessorImpl.java:0) finished in 10.277 s
[2026-08-21T04:17:36.186+0000] {spark_submit.py:571} INFO - 26/08/21 04:17:36 INFO DAGScheduler: Job 11 is finished. Cancelling potential speculative or zombie tasks for this job
[2026-08-21T04:17:36.186+0000] {spark_submit.py:571} INFO - 26/08/21 04:17:36 INFO TaskSchedulerImpl: Killing all running tasks in stage 17: Stage finished
[2026-08-21T04:17:36.186+0000] {spark_submit.py:571} INFO - 26/08/21 04:17:36 INFO DAGScheduler: Job 11 finished: save at NativeMethodAccessorImpl.java:0, took 10.285001 s
[2026-08-21T04:17:36.189+0000] {spark_submit.py:571} INFO - 26/08/21 04:17:36 INFO DeltaFileFormatWriter: Start to commit write Job dfeddfed-e188-4270-96bf-c1a6875d72fc.
[2026-08-21T04:17:36.194+0000] {spark_submit.py:571} INFO - 26/08/21 04:17:36 INFO DeltaFileFormatWriter: Write Job dfeddfed-e188-4270-96bf-c1a6875d72fc committed. Elapsed time: 1 ms.
[2026-08-21T04:17:36.198+0000] {spark_submit.py:571} INFO - 26/08/21 04:17:36 INFO DeltaFileFormatWriter: Finished processing stats for write job dfeddfed-e188-4270-96bf-c1a6875d72fc.
[2026-08-21T04:17:36.256+0000] {spark_submit.py:571} INFO - 26/08/21 04:17:36 INFO OptimisticTransaction: [tableId=3f92f059,txnId=15cfed46] Attempting to commit version 1 with 3 actions with Serializable isolation level
[2026-08-21T04:17:36.504+0000] {spark_submit.py:571} INFO - 26/08/21 04:17:36 INFO DeltaLog: Creating a new snapshot v1 for commit version 1
[2026-08-21T04:17:36.507+0000] {spark_submit.py:571} INFO - 26/08/21 04:17:36 INFO DeltaLog: Loading version 1.
[2026-08-21T04:17:36.510+0000] {spark_submit.py:571} INFO - 26/08/21 04:17:36 INFO DeltaLogFileIndex: Created DeltaLogFileIndex(JSON, numFilesInSegment: 2, totalFileSize: 9799)
[2026-08-21T04:17:36.543+0000] {spark_submit.py:571} INFO - 26/08/21 04:17:36 INFO DataSourceStrategy: Pruning directories with:
[2026-08-21T04:17:36.543+0000] {spark_submit.py:571} INFO - 26/08/21 04:17:36 INFO FileSourceStrategy: Pushed Filters:
[2026-08-21T04:17:36.544+0000] {spark_submit.py:571} INFO - 26/08/21 04:17:36 INFO FileSourceStrategy: Post-Scan Filters: ((isnotnull(protocol#1336.minReaderVersion) OR isnotnull(metaData#1335.id)) OR (isnotnull(commitInfo#1337.inCommitTimestamp) AND (version#1338L = 1)))
[2026-08-21T04:17:36.595+0000] {spark_submit.py:571} INFO - 26/08/21 04:17:36 INFO CodeGenerator: Code generated in 34.676991 ms
[2026-08-21T04:17:36.597+0000] {spark_submit.py:571} INFO - 26/08/21 04:17:36 INFO MemoryStore: Block broadcast_20 stored as values in memory (estimated size 201.8 KiB, free 433.0 MiB)
[2026-08-21T04:17:36.607+0000] {spark_submit.py:571} INFO - 26/08/21 04:17:36 INFO MemoryStore: Block broadcast_20_piece0 stored as bytes in memory (estimated size 35.0 KiB, free 433.0 MiB)
[2026-08-21T04:17:36.607+0000] {spark_submit.py:571} INFO - 26/08/21 04:17:36 INFO BlockManagerInfo: Added broadcast_20_piece0 in memory on c90a551abb73:38539 (size: 35.0 KiB, free: 434.1 MiB)
[2026-08-21T04:17:36.608+0000] {spark_submit.py:571} INFO - 26/08/21 04:17:36 INFO SparkContext: Created broadcast 20 from $anonfun$recordDeltaOperationInternal$1 at DatabricksLogging.scala:128
[2026-08-21T04:17:36.609+0000] {spark_submit.py:571} INFO - 26/08/21 04:17:36 INFO FileSourceScanExec: Planning scan with bin packing, max size: 4194304 bytes, open cost is considered as scanning 4194304 bytes.
[2026-08-21T04:17:36.619+0000] {spark_submit.py:571} INFO - 26/08/21 04:17:36 INFO SparkContext: Starting job: $anonfun$recordDeltaOperationInternal$1 at DatabricksLogging.scala:128
[2026-08-21T04:17:36.620+0000] {spark_submit.py:571} INFO - 26/08/21 04:17:36 INFO DAGScheduler: Got job 12 ($anonfun$recordDeltaOperationInternal$1 at DatabricksLogging.scala:128) with 2 output partitions
[2026-08-21T04:17:36.621+0000] {spark_submit.py:571} INFO - 26/08/21 04:17:36 INFO DAGScheduler: Final stage: ResultStage 18 ($anonfun$recordDeltaOperationInternal$1 at DatabricksLogging.scala:128)
[2026-08-21T04:17:36.621+0000] {spark_submit.py:571} INFO - 26/08/21 04:17:36 INFO DAGScheduler: Parents of final stage: List()
[2026-08-21T04:17:36.623+0000] {spark_submit.py:571} INFO - 26/08/21 04:17:36 INFO DAGScheduler: Missing parents: List()
[2026-08-21T04:17:36.623+0000] {spark_submit.py:571} INFO - 26/08/21 04:17:36 INFO DAGScheduler: Submitting ResultStage 18 (MapPartitionsRDD[61] at $anonfun$recordDeltaOperationInternal$1 at DatabricksLogging.scala:128), which has no missing parents
[2026-08-21T04:17:36.623+0000] {spark_submit.py:571} INFO - 26/08/21 04:17:36 INFO MemoryStore: Block broadcast_21 stored as values in memory (estimated size 55.2 KiB, free 432.9 MiB)
[2026-08-21T04:17:36.624+0000] {spark_submit.py:571} INFO - 26/08/21 04:17:36 INFO MemoryStore: Block broadcast_21_piece0 stored as bytes in memory (estimated size 17.2 KiB, free 432.9 MiB)
[2026-08-21T04:17:36.624+0000] {spark_submit.py:571} INFO - 26/08/21 04:17:36 INFO BlockManagerInfo: Added broadcast_21_piece0 in memory on c90a551abb73:38539 (size: 17.2 KiB, free: 434.1 MiB)
[2026-08-21T04:17:36.624+0000] {spark_submit.py:571} INFO - 26/08/21 04:17:36 INFO SparkContext: Created broadcast 21 from broadcast at DAGScheduler.scala:1585
[2026-08-21T04:17:36.625+0000] {spark_submit.py:571} INFO - 26/08/21 04:17:36 INFO DAGScheduler: Submitting 2 missing tasks from ResultStage 18 (MapPartitionsRDD[61] at $anonfun$recordDeltaOperationInternal$1 at DatabricksLogging.scala:128) (first 15 tasks are for partitions Vector(0, 1))
[2026-08-21T04:17:36.625+0000] {spark_submit.py:571} INFO - 26/08/21 04:17:36 INFO TaskSchedulerImpl: Adding task set 18.0 with 2 tasks resource profile 0
[2026-08-21T04:17:36.626+0000] {spark_submit.py:571} INFO - 26/08/21 04:17:36 INFO TaskSetManager: Starting task 0.0 in stage 18.0 (TID 134) (172.18.0.6, executor 0, partition 0, PROCESS_LOCAL, 8295 bytes)
[2026-08-21T04:17:36.626+0000] {spark_submit.py:571} INFO - 26/08/21 04:17:36 INFO TaskSetManager: Starting task 1.0 in stage 18.0 (TID 135) (172.18.0.7, executor 1, partition 1, PROCESS_LOCAL, 8295 bytes)
[2026-08-21T04:17:36.648+0000] {spark_submit.py:571} INFO - 26/08/21 04:17:36 INFO BlockManagerInfo: Added broadcast_21_piece0 in memory on 172.18.0.6:33709 (size: 17.2 KiB, free: 434.2 MiB)
[2026-08-21T04:17:36.654+0000] {spark_submit.py:571} INFO - 26/08/21 04:17:36 INFO BlockManagerInfo: Added broadcast_21_piece0 in memory on 172.18.0.7:34623 (size: 17.2 KiB, free: 434.2 MiB)
[2026-08-21T04:17:36.745+0000] {spark_submit.py:571} INFO - 26/08/21 04:17:36 INFO BlockManagerInfo: Added broadcast_20_piece0 in memory on 172.18.0.6:33709 (size: 35.0 KiB, free: 434.1 MiB)
[2026-08-21T04:17:36.798+0000] {spark_submit.py:571} INFO - 26/08/21 04:17:36 INFO TaskSetManager: Finished task 0.0 in stage 18.0 (TID 134) in 171 ms on 172.18.0.6 (executor 0) (1/2)
[2026-08-21T04:17:36.853+0000] {spark_submit.py:571} INFO - 26/08/21 04:17:36 INFO BlockManagerInfo: Added broadcast_20_piece0 in memory on 172.18.0.7:34623 (size: 35.0 KiB, free: 434.2 MiB)
[2026-08-21T04:17:36.927+0000] {spark_submit.py:571} INFO - 26/08/21 04:17:36 INFO TaskSetManager: Finished task 1.0 in stage 18.0 (TID 135) in 303 ms on 172.18.0.7 (executor 1) (2/2)
[2026-08-21T04:17:36.928+0000] {spark_submit.py:571} INFO - 26/08/21 04:17:36 INFO TaskSchedulerImpl: Removed TaskSet 18.0, whose tasks have all completed, from pool
[2026-08-21T04:17:36.928+0000] {spark_submit.py:571} INFO - 26/08/21 04:17:36 INFO DAGScheduler: ResultStage 18 ($anonfun$recordDeltaOperationInternal$1 at DatabricksLogging.scala:128) finished in 0.306 s
[2026-08-21T04:17:36.929+0000] {spark_submit.py:571} INFO - 26/08/21 04:17:36 INFO DAGScheduler: Job 12 is finished. Cancelling potential speculative or zombie tasks for this job
[2026-08-21T04:17:36.929+0000] {spark_submit.py:571} INFO - 26/08/21 04:17:36 INFO TaskSchedulerImpl: Killing all running tasks in stage 18: Stage finished
[2026-08-21T04:17:36.930+0000] {spark_submit.py:571} INFO - 26/08/21 04:17:36 INFO DAGScheduler: Job 12 finished: $anonfun$recordDeltaOperationInternal$1 at DatabricksLogging.scala:128, took 0.311161 s
[2026-08-21T04:17:36.968+0000] {spark_submit.py:571} INFO - 26/08/21 04:17:36 INFO BlockManagerInfo: Removed broadcast_21_piece0 on c90a551abb73:38539 in memory (size: 17.2 KiB, free: 434.1 MiB)
[2026-08-21T04:17:36.977+0000] {spark_submit.py:571} INFO - 26/08/21 04:17:36 INFO Snapshot: [tableId=3f92f059-19d8-4f04-823a-c9ec69354868] Created snapshot Snapshot(path=s3a://bronze/cell_kpi_raw/_delta_log, version=1, metadata=Metadata(3f92f059-19d8-4f04-823a-c9ec69354868,null,null,Format(parquet,Map()),{"type":"struct","fields":[{"name":"enb_name","type":"string","nullable":true,"metadata":{}},{"name":"cell_name","type":"string","nullable":true,"metadata":{}},{"name":"date_hour","type":"string","nullable":true,"metadata":{}},{"name":"dl_traffic_gb","type":"double","nullable":true,"metadata":{}},{"name":"ul_traffic_gb","type":"double","nullable":true,"metadata":{}},{"name":"total_traffic_gb","type":"double","nullable":true,"metadata":{}},{"name":"max_rrc_connected_user","type":"integer","nullable":true,"metadata":{}},{"name":"ul_prb","type":"double","nullable":true,"metadata":{}},{"name":"ul_prb_used","type":"double","nullable":true,"metadata":{}},{"name":"ul_prb_available_total","type":"double","nullable":true,"metadata":{}},{"name":"dl_prb","type":"double","nullable":true,"metadata":{}},{"name":"dl_prb_used","type":"double","nullable":true,"metadata":{}},{"name":"dl_prb_available_total","type":"double","nullable":true,"metadata":{}},{"name":"sector","type":"string","nullable":true,"metadata":{}},{"name":"azimuth","type":"integer","nullable":true,"metadata":{}},{"name":"cell_type","type":"string","nullable":true,"metadata":{}},{"name":"x","type":"double","nullable":true,"metadata":{}},{"name":"y","type":"double","nullable":true,"metadata":{}},{"name":"date","type":"string","nullable":true,"metadata":{}},{"name":"hour","type":"string","nullable":true,"metadata":{}}]},List(date, hour),Map(),Some(1787285783963)), logSegment=LogSegment(s3a://bronze/cell_kpi_raw/_delta_log,1,ArrayBuffer(S3AFileStatus{path=s3a://bronze/cell_kpi_raw/_delta_log/00000000000000000000.json; isDirectory=false; length=5821; replication=1; blocksize=33554432; modification_time=1787285797530; access_time=0; owner=***; group=***; permission=rw-rw-rw-; isSymlink=false; hasAcl=false; isEncrypted=true; isErasureCoded=false} isEmptyDirectory=FALSE eTag=10e9ed013e5a0aee37d4e9b85ae5ed36 versionId=null, S3AFileStatus{path=s3a://bronze/cell_kpi_raw/_delta_log/00000000000000000001.json; isDirectory=false; length=3978; replication=1; blocksize=33554432; modification_time=1787285856000; access_time=0; owner=***; group=***; permission=rw-rw-rw-; isSymlink=false; hasAcl=false; isEncrypted=true; isErasureCoded=false} isEmptyDirectory=FALSE eTag=ac26d37ac7073d1eaff3be9fb97f28c2 versionId=null),org.apache.spark.sql.delta.EmptyCheckpointProvider$@43405ce0,1787285856000), checksumOpt=None)
[2026-08-21T04:17:36.982+0000] {spark_submit.py:571} INFO - 26/08/21 04:17:36 INFO BlockManagerInfo: Removed broadcast_21_piece0 on 172.18.0.6:33709 in memory (size: 17.2 KiB, free: 434.2 MiB)
[2026-08-21T04:17:36.985+0000] {spark_submit.py:571} INFO - 26/08/21 04:17:36 INFO BlockManagerInfo: Removed broadcast_21_piece0 on 172.18.0.7:34623 in memory (size: 17.2 KiB, free: 434.2 MiB)
[2026-08-21T04:17:36.989+0000] {spark_submit.py:571} INFO - 26/08/21 04:17:36 INFO DeltaLog: Updated snapshot to Snapshot(path=s3a://bronze/cell_kpi_raw/_delta_log, version=1, metadata=Metadata(3f92f059-19d8-4f04-823a-c9ec69354868,null,null,Format(parquet,Map()),{"type":"struct","fields":[{"name":"enb_name","type":"string","nullable":true,"metadata":{}},{"name":"cell_name","type":"string","nullable":true,"metadata":{}},{"name":"date_hour","type":"string","nullable":true,"metadata":{}},{"name":"dl_traffic_gb","type":"double","nullable":true,"metadata":{}},{"name":"ul_traffic_gb","type":"double","nullable":true,"metadata":{}},{"name":"total_traffic_gb","type":"double","nullable":true,"metadata":{}},{"name":"max_rrc_connected_user","type":"integer","nullable":true,"metadata":{}},{"name":"ul_prb","type":"double","nullable":true,"metadata":{}},{"name":"ul_prb_used","type":"double","nullable":true,"metadata":{}},{"name":"ul_prb_available_total","type":"double","nullable":true,"metadata":{}},{"name":"dl_prb","type":"double","nullable":true,"metadata":{}},{"name":"dl_prb_used","type":"double","nullable":true,"metadata":{}},{"name":"dl_prb_available_total","type":"double","nullable":true,"metadata":{}},{"name":"sector","type":"string","nullable":true,"metadata":{}},{"name":"azimuth","type":"integer","nullable":true,"metadata":{}},{"name":"cell_type","type":"string","nullable":true,"metadata":{}},{"name":"x","type":"double","nullable":true,"metadata":{}},{"name":"y","type":"double","nullable":true,"metadata":{}},{"name":"date","type":"string","nullable":true,"metadata":{}},{"name":"hour","type":"string","nullable":true,"metadata":{}}]},List(date, hour),Map(),Some(1787285783963)), logSegment=LogSegment(s3a://bronze/cell_kpi_raw/_delta_log,1,ArrayBuffer(S3AFileStatus{path=s3a://bronze/cell_kpi_raw/_delta_log/00000000000000000000.json; isDirectory=false; length=5821; replication=1; blocksize=33554432; modification_time=1787285797530; access_time=0; owner=***; group=***; permission=rw-rw-rw-; isSymlink=false; hasAcl=false; isEncrypted=true; isErasureCoded=false} isEmptyDirectory=FALSE eTag=10e9ed013e5a0aee37d4e9b85ae5ed36 versionId=null, S3AFileStatus{path=s3a://bronze/cell_kpi_raw/_delta_log/00000000000000000001.json; isDirectory=false; length=3978; replication=1; blocksize=33554432; modification_time=1787285856000; access_time=0; owner=***; group=***; permission=rw-rw-rw-; isSymlink=false; hasAcl=false; isEncrypted=true; isErasureCoded=false} isEmptyDirectory=FALSE eTag=ac26d37ac7073d1eaff3be9fb97f28c2 versionId=null),org.apache.spark.sql.delta.EmptyCheckpointProvider$@43405ce0,1787285856000), checksumOpt=None)
[2026-08-21T04:17:36.989+0000] {spark_submit.py:571} INFO - 26/08/21 04:17:36 INFO MapPartitionsRDD: Removing RDD 38 from persistence list
[2026-08-21T04:17:37.005+0000] {spark_submit.py:571} INFO - 26/08/21 04:17:37 INFO BlockManager: Removing RDD 38
[2026-08-21T04:17:37.013+0000] {spark_submit.py:571} INFO - 26/08/21 04:17:37 INFO MapPartitionsRDD: Removing RDD 48 from persistence list
[2026-08-21T04:17:37.015+0000] {spark_submit.py:571} INFO - 26/08/21 04:17:37 INFO BlockManagerInfo: Removed broadcast_19_piece0 on c90a551abb73:38539 in memory (size: 135.2 KiB, free: 434.3 MiB)
[2026-08-21T04:17:37.019+0000] {spark_submit.py:571} INFO - 26/08/21 04:17:37 INFO BlockManager: Removing RDD 48
[2026-08-21T04:17:37.028+0000] {spark_submit.py:571} INFO - 26/08/21 04:17:37 INFO BlockManagerInfo: Removed broadcast_19_piece0 on 172.18.0.6:33709 in memory (size: 135.2 KiB, free: 434.3 MiB)
[2026-08-21T04:17:37.035+0000] {spark_submit.py:571} INFO - 26/08/21 04:17:37 INFO BlockManagerInfo: Removed broadcast_19_piece0 on 172.18.0.7:34623 in memory (size: 135.2 KiB, free: 434.3 MiB)
[2026-08-21T04:17:37.096+0000] {spark_submit.py:571} INFO - 26/08/21 04:17:37 INFO OptimisticTransaction: [tableId=3f92f059,txnId=15cfed46] Committed delta #1 to s3a://bronze/cell_kpi_raw/_delta_log
[2026-08-21T04:17:37.107+0000] {spark_submit.py:571} INFO - Ingest Bronze Hourly hoàn tất!
[2026-08-21T04:17:37.112+0000] {spark_submit.py:571} INFO - 26/08/21 04:17:37 INFO SparkContext: SparkContext is stopping with exitCode 0.
[2026-08-21T04:17:37.131+0000] {spark_submit.py:571} INFO - 26/08/21 04:17:37 INFO SparkUI: Stopped Spark web UI at http://c90a551abb73:4040
[2026-08-21T04:17:37.136+0000] {spark_submit.py:571} INFO - 26/08/21 04:17:37 INFO StandaloneSchedulerBackend: Shutting down all executors
[2026-08-21T04:17:37.137+0000] {spark_submit.py:571} INFO - 26/08/21 04:17:37 INFO StandaloneSchedulerBackend$StandaloneDriverEndpoint: Asking each executor to shut down
[2026-08-21T04:17:37.165+0000] {spark_submit.py:571} INFO - 26/08/21 04:17:37 INFO MapOutputTrackerMasterEndpoint: MapOutputTrackerMasterEndpoint stopped!
[2026-08-21T04:17:37.233+0000] {spark_submit.py:571} INFO - 26/08/21 04:17:37 INFO MemoryStore: MemoryStore cleared
[2026-08-21T04:17:37.235+0000] {spark_submit.py:571} INFO - 26/08/21 04:17:37 INFO BlockManager: BlockManager stopped
[2026-08-21T04:17:37.251+0000] {spark_submit.py:571} INFO - 26/08/21 04:17:37 INFO BlockManagerMaster: BlockManagerMaster stopped
[2026-08-21T04:17:37.256+0000] {spark_submit.py:571} INFO - 26/08/21 04:17:37 INFO OutputCommitCoordinator$OutputCommitCoordinatorEndpoint: OutputCommitCoordinator stopped!
[2026-08-21T04:17:37.301+0000] {spark_submit.py:571} INFO - 26/08/21 04:17:37 INFO SparkContext: Successfully stopped SparkContext
[2026-08-21T04:17:37.555+0000] {spark_submit.py:571} INFO - 26/08/21 04:17:37 INFO ShutdownHookManager: Shutdown hook called
[2026-08-21T04:17:37.556+0000] {spark_submit.py:571} INFO - 26/08/21 04:17:37 INFO ShutdownHookManager: Deleting directory /tmp/spark-2786dd29-fc25-4ba5-8ae3-24c7fb3bdead
[2026-08-21T04:17:37.561+0000] {spark_submit.py:571} INFO - 26/08/21 04:17:37 INFO ShutdownHookManager: Deleting directory /tmp/spark-2786dd29-fc25-4ba5-8ae3-24c7fb3bdead/pyspark-13949747-a22e-44b7-b5f3-c09f7fcd34d6
[2026-08-21T04:17:37.566+0000] {spark_submit.py:571} INFO - 26/08/21 04:17:37 INFO ShutdownHookManager: Deleting directory /tmp/spark-70f5a6c6-49f4-4d50-9045-3811338a8823
[2026-08-21T04:17:37.576+0000] {spark_submit.py:571} INFO - 26/08/21 04:17:37 INFO MetricsSystemImpl: Stopping s3a-file-system metrics system...
[2026-08-21T04:17:37.577+0000] {spark_submit.py:571} INFO - 26/08/21 04:17:37 INFO MetricsSystemImpl: s3a-file-system metrics system stopped.
[2026-08-21T04:17:37.577+0000] {spark_submit.py:571} INFO - 26/08/21 04:17:37 INFO MetricsSystemImpl: s3a-file-system metrics system shutdown complete.
[2026-08-21T04:17:37.636+0000] {taskinstance.py:441} INFO - ::group::Post task execution logs
[2026-08-21T04:17:37.644+0000] {taskinstance.py:1206} INFO - Marking task as SUCCESS. dag_id=cell_kpi_hourly_anomaly_pipeline, task_id=1_ingest_hourly_bronze, run_id=scheduled__2025-05-31T18:00:00+00:00, execution_date=20250531T180000, start_date=20260821T041540, end_date=20260821T041737
[2026-08-21T04:17:37.668+0000] {local_task_job_runner.py:240} INFO - Task exited with return code 0
[2026-08-21T04:17:37.685+0000] {taskinstance.py:3498} INFO - 1 downstream tasks scheduled from follow-on schedule check
[2026-08-21T04:17:37.687+0000] {local_task_job_runner.py:222} INFO - ::endgroup::
[2026-08-21T04:26:18.117+0000] {local_task_job_runner.py:120} INFO - ::group::Pre task execution logs
[2026-08-21T04:26:18.131+0000] {taskinstance.py:2076} INFO - Dependencies all met for dep_context=non-requeueable deps ti=<TaskInstance: cell_kpi_hourly_anomaly_pipeline.1_ingest_hourly_bronze scheduled__2025-05-31T18:00:00+00:00 [queued]>
[2026-08-21T04:26:18.137+0000] {taskinstance.py:2076} INFO - Dependencies all met for dep_context=requeueable deps ti=<TaskInstance: cell_kpi_hourly_anomaly_pipeline.1_ingest_hourly_bronze scheduled__2025-05-31T18:00:00+00:00 [queued]>
[2026-08-21T04:26:18.137+0000] {taskinstance.py:2306} INFO - Starting attempt 1 of 2
[2026-08-21T04:26:18.147+0000] {taskinstance.py:2330} INFO - Executing <Task(SparkSubmitOperator): 1_ingest_hourly_bronze> on 2025-05-31 18:00:00+00:00
[2026-08-21T04:26:18.153+0000] {standard_task_runner.py:63} INFO - Started process 5585 to run task
[2026-08-21T04:26:18.156+0000] {standard_task_runner.py:90} INFO - Running: ['***', 'tasks', 'run', 'cell_kpi_hourly_anomaly_pipeline', '1_ingest_hourly_bronze', 'scheduled__2025-05-31T18:00:00+00:00', '--job-id', '54', '--raw', '--subdir', 'DAGS_FOLDER/cell_kpi_hourly_anomaly.py', '--cfg-path', '/tmp/tmpohr21wo6']
[2026-08-21T04:26:18.159+0000] {standard_task_runner.py:91} INFO - Job 54: Subtask 1_ingest_hourly_bronze
[2026-08-21T04:26:18.201+0000] {task_command.py:426} INFO - Running <TaskInstance: cell_kpi_hourly_anomaly_pipeline.1_ingest_hourly_bronze scheduled__2025-05-31T18:00:00+00:00 [running]> on host c90a551abb73
[2026-08-21T04:26:18.276+0000] {logging_mixin.py:188} WARNING - /home/***/.local/lib/python3.10/site-packages/***/utils/context.py:212 AirflowContextDeprecationWarning: Accessing 'execution_date' from the template is deprecated and will be removed in a future version. Please use 'data_interval_start' or 'logical_date' instead.
[2026-08-21T04:26:18.318+0000] {taskinstance.py:2648} INFO - Exporting env vars: AIRFLOW_CTX_DAG_OWNER='data_engineer_team' AIRFLOW_CTX_DAG_ID='cell_kpi_hourly_anomaly_pipeline' AIRFLOW_CTX_TASK_ID='1_ingest_hourly_bronze' AIRFLOW_CTX_EXECUTION_DATE='2025-05-31T18:00:00+00:00' AIRFLOW_CTX_TRY_NUMBER='1' AIRFLOW_CTX_DAG_RUN_ID='scheduled__2025-05-31T18:00:00+00:00'
[2026-08-21T04:26:18.319+0000] {taskinstance.py:430} INFO - ::endgroup::
[2026-08-21T04:26:18.337+0000] {base.py:84} INFO - Using connection ID 'spark-master' for task execution.
[2026-08-21T04:26:18.338+0000] {spark_submit.py:401} INFO - Spark-Submit cmd: spark-submit --master spark://spark-master:7077 --name arrow-spark --deploy-mode client /opt/spark_scripts/1_ingest_hourly.py --input_path s3a://landingzone/202506.csv --target_date_hour 2025-06-01-01
[2026-08-21T04:26:18.418+0000] {spark_submit.py:571} INFO - /home/***/.local/lib/python3.10/site-packages/pyspark/bin/load-spark-env.sh: line 68: ps: command not found
[2026-08-21T04:26:22.268+0000] {spark_submit.py:571} INFO - 26/08/21 04:26:22 INFO SparkContext: Running Spark version 3.5.1
[2026-08-21T04:26:22.271+0000] {spark_submit.py:571} INFO - 26/08/21 04:26:22 INFO SparkContext: OS info Linux, 6.8.0-1052-azure, amd64
[2026-08-21T04:26:22.271+0000] {spark_submit.py:571} INFO - 26/08/21 04:26:22 INFO SparkContext: Java version 17.0.20
[2026-08-21T04:26:22.336+0000] {spark_submit.py:571} INFO - 26/08/21 04:26:22 WARN NativeCodeLoader: Unable to load native-hadoop library for your platform... using builtin-java classes where applicable
[2026-08-21T04:26:22.432+0000] {spark_submit.py:571} INFO - 26/08/21 04:26:22 INFO ResourceUtils: ==============================================================
[2026-08-21T04:26:22.433+0000] {spark_submit.py:571} INFO - 26/08/21 04:26:22 INFO ResourceUtils: No custom resources configured for spark.driver.
[2026-08-21T04:26:22.434+0000] {spark_submit.py:571} INFO - 26/08/21 04:26:22 INFO ResourceUtils: ==============================================================
[2026-08-21T04:26:22.434+0000] {spark_submit.py:571} INFO - 26/08/21 04:26:22 INFO SparkContext: Submitted application: Ingest_Bronze_2025-06-01-01
[2026-08-21T04:26:22.467+0000] {spark_submit.py:571} INFO - 26/08/21 04:26:22 INFO ResourceProfile: Default ResourceProfile created, executor resources: Map(memory -> name: memory, amount: 1024, script: , vendor: , offHeap -> name: offHeap, amount: 0, script: , vendor: ), task resources: Map(cpus -> name: cpus, amount: 1.0)
[2026-08-21T04:26:22.487+0000] {spark_submit.py:571} INFO - 26/08/21 04:26:22 INFO ResourceProfile: Limiting resource is cpu
[2026-08-21T04:26:22.497+0000] {spark_submit.py:571} INFO - 26/08/21 04:26:22 INFO ResourceProfileManager: Added ResourceProfile id: 0
[2026-08-21T04:26:22.564+0000] {spark_submit.py:571} INFO - 26/08/21 04:26:22 INFO SecurityManager: Changing view acls to: ***
[2026-08-21T04:26:22.569+0000] {spark_submit.py:571} INFO - 26/08/21 04:26:22 INFO SecurityManager: Changing modify acls to: ***
[2026-08-21T04:26:22.570+0000] {spark_submit.py:571} INFO - 26/08/21 04:26:22 INFO SecurityManager: Changing view acls groups to:
[2026-08-21T04:26:22.570+0000] {spark_submit.py:571} INFO - 26/08/21 04:26:22 INFO SecurityManager: Changing modify acls groups to:
[2026-08-21T04:26:22.570+0000] {spark_submit.py:571} INFO - 26/08/21 04:26:22 INFO SecurityManager: SecurityManager: authentication disabled; ui acls disabled; users with view permissions: ***; groups with view permissions: EMPTY; users with modify permissions: ***; groups with modify permissions: EMPTY
[2026-08-21T04:26:22.941+0000] {spark_submit.py:571} INFO - 26/08/21 04:26:22 INFO Utils: Successfully started service 'sparkDriver' on port 33037.
[2026-08-21T04:26:22.986+0000] {spark_submit.py:571} INFO - 26/08/21 04:26:22 INFO SparkEnv: Registering MapOutputTracker
[2026-08-21T04:26:23.019+0000] {spark_submit.py:571} INFO - 26/08/21 04:26:23 INFO SparkEnv: Registering BlockManagerMaster
[2026-08-21T04:26:23.039+0000] {spark_submit.py:571} INFO - 26/08/21 04:26:23 INFO BlockManagerMasterEndpoint: Using org.apache.spark.storage.DefaultTopologyMapper for getting topology information
[2026-08-21T04:26:23.040+0000] {spark_submit.py:571} INFO - 26/08/21 04:26:23 INFO BlockManagerMasterEndpoint: BlockManagerMasterEndpoint up
[2026-08-21T04:26:23.044+0000] {spark_submit.py:571} INFO - 26/08/21 04:26:23 INFO SparkEnv: Registering BlockManagerMasterHeartbeat
[2026-08-21T04:26:23.103+0000] {spark_submit.py:571} INFO - 26/08/21 04:26:23 INFO DiskBlockManager: Created local directory at /tmp/blockmgr-9a1c95b5-0162-485e-a07c-76488cf7079f
[2026-08-21T04:26:23.130+0000] {spark_submit.py:571} INFO - 26/08/21 04:26:23 INFO MemoryStore: MemoryStore started with capacity 434.4 MiB
[2026-08-21T04:26:23.146+0000] {spark_submit.py:571} INFO - 26/08/21 04:26:23 INFO SparkEnv: Registering OutputCommitCoordinator
[2026-08-21T04:26:23.297+0000] {spark_submit.py:571} INFO - 26/08/21 04:26:23 INFO JettyUtils: Start Jetty 0.0.0.0:4040 for SparkUI
[2026-08-21T04:26:23.461+0000] {spark_submit.py:571} INFO - 26/08/21 04:26:23 INFO Utils: Successfully started service 'SparkUI' on port 4040.
[2026-08-21T04:26:23.685+0000] {spark_submit.py:571} INFO - 26/08/21 04:26:23 INFO StandaloneAppClient$ClientEndpoint: Connecting to master spark://spark-master:7077...
[2026-08-21T04:26:23.802+0000] {spark_submit.py:571} INFO - 26/08/21 04:26:23 INFO TransportClientFactory: Successfully created connection to spark-master/172.18.0.4:7077 after 55 ms (0 ms spent in bootstraps)
[2026-08-21T04:26:23.961+0000] {spark_submit.py:571} INFO - 26/08/21 04:26:23 INFO StandaloneSchedulerBackend: Connected to Spark cluster with app ID app-20260821042623-0016
[2026-08-21T04:26:23.979+0000] {spark_submit.py:571} INFO - 26/08/21 04:26:23 INFO StandaloneAppClient$ClientEndpoint: Executor added: app-20260821042623-0016/0 on worker-20260821021253-172.18.0.6-39045 (172.18.0.6:39045) with 2 core(s)
[2026-08-21T04:26:23.982+0000] {spark_submit.py:571} INFO - 26/08/21 04:26:23 INFO StandaloneSchedulerBackend: Granted executor ID app-20260821042623-0016/0 on hostPort 172.18.0.6:39045 with 2 core(s), 1024.0 MiB RAM
[2026-08-21T04:26:23.983+0000] {spark_submit.py:571} INFO - 26/08/21 04:26:23 INFO StandaloneAppClient$ClientEndpoint: Executor added: app-20260821042623-0016/1 on worker-20260821021253-172.18.0.7-44957 (172.18.0.7:44957) with 2 core(s)
[2026-08-21T04:26:23.984+0000] {spark_submit.py:571} INFO - 26/08/21 04:26:23 INFO StandaloneSchedulerBackend: Granted executor ID app-20260821042623-0016/1 on hostPort 172.18.0.7:44957 with 2 core(s), 1024.0 MiB RAM
[2026-08-21T04:26:24.008+0000] {spark_submit.py:571} INFO - 26/08/21 04:26:24 INFO Utils: Successfully started service 'org.apache.spark.network.netty.NettyBlockTransferService' on port 38955.
[2026-08-21T04:26:24.009+0000] {spark_submit.py:571} INFO - 26/08/21 04:26:24 INFO NettyBlockTransferService: Server created on c90a551abb73:38955
[2026-08-21T04:26:24.015+0000] {spark_submit.py:571} INFO - 26/08/21 04:26:24 INFO BlockManager: Using org.apache.spark.storage.RandomBlockReplicationPolicy for block replication policy
[2026-08-21T04:26:24.027+0000] {spark_submit.py:571} INFO - 26/08/21 04:26:24 INFO BlockManagerMaster: Registering BlockManager BlockManagerId(driver, c90a551abb73, 38955, None)
[2026-08-21T04:26:24.037+0000] {spark_submit.py:571} INFO - 26/08/21 04:26:24 INFO BlockManagerMasterEndpoint: Registering block manager c90a551abb73:38955 with 434.4 MiB RAM, BlockManagerId(driver, c90a551abb73, 38955, None)
[2026-08-21T04:26:24.042+0000] {spark_submit.py:571} INFO - 26/08/21 04:26:24 INFO BlockManagerMaster: Registered BlockManager BlockManagerId(driver, c90a551abb73, 38955, None)
[2026-08-21T04:26:24.045+0000] {spark_submit.py:571} INFO - 26/08/21 04:26:24 INFO BlockManager: Initialized BlockManager: BlockManagerId(driver, c90a551abb73, 38955, None)
[2026-08-21T04:26:24.047+0000] {spark_submit.py:571} INFO - 26/08/21 04:26:24 INFO StandaloneAppClient$ClientEndpoint: Executor updated: app-20260821042623-0016/0 is now RUNNING
[2026-08-21T04:26:24.050+0000] {spark_submit.py:571} INFO - 26/08/21 04:26:24 INFO StandaloneAppClient$ClientEndpoint: Executor updated: app-20260821042623-0016/1 is now RUNNING
[2026-08-21T04:26:24.519+0000] {spark_submit.py:571} INFO - 26/08/21 04:26:24 INFO StandaloneSchedulerBackend: SchedulerBackend is ready for scheduling beginning after reached minRegisteredResourcesRatio: 0.0
[2026-08-21T04:26:25.360+0000] {spark_submit.py:571} INFO - Đang nạp s3a://landingzone/202506.csv và trích xuất dữ liệu ca: 2025-06-01-01...
[2026-08-21T04:26:25.509+0000] {spark_submit.py:571} INFO - 26/08/21 04:26:25 INFO SharedState: Setting hive.metastore.warehouse.dir ('null') to the value of spark.sql.warehouse.dir.
[2026-08-21T04:26:25.514+0000] {spark_submit.py:571} INFO - 26/08/21 04:26:25 INFO SharedState: Warehouse path is 'file:/opt/***/spark-warehouse'.
[2026-08-21T04:26:27.845+0000] {spark_submit.py:571} INFO - 26/08/21 04:26:27 WARN MetricsConfig: Cannot locate configuration: tried hadoop-metrics2-s3a-file-system.properties,hadoop-metrics2.properties
[2026-08-21T04:26:27.853+0000] {spark_submit.py:571} INFO - 26/08/21 04:26:27 INFO MetricsSystemImpl: Scheduled Metric snapshot period at 10 second(s).
[2026-08-21T04:26:27.853+0000] {spark_submit.py:571} INFO - 26/08/21 04:26:27 INFO MetricsSystemImpl: s3a-file-system metrics system started
[2026-08-21T04:26:31.020+0000] {spark_submit.py:571} INFO - 26/08/21 04:26:31 INFO InMemoryFileIndex: It took 189 ms to list leaf files for 1 paths.
[2026-08-21T04:26:31.055+0000] {spark_submit.py:571} INFO - 26/08/21 04:26:31 INFO StandaloneSchedulerBackend$StandaloneDriverEndpoint: Registered executor NettyRpcEndpointRef(spark-client://Executor) (172.18.0.6:54152) with ID 0,  ResourceProfileId 0
[2026-08-21T04:26:31.176+0000] {spark_submit.py:571} INFO - 26/08/21 04:26:31 INFO StandaloneSchedulerBackend$StandaloneDriverEndpoint: Registered executor NettyRpcEndpointRef(spark-client://Executor) (172.18.0.7:60638) with ID 1,  ResourceProfileId 0
[2026-08-21T04:26:31.289+0000] {spark_submit.py:571} INFO - 26/08/21 04:26:31 INFO InMemoryFileIndex: It took 42 ms to list leaf files for 1 paths.
[2026-08-21T04:26:31.318+0000] {spark_submit.py:571} INFO - 26/08/21 04:26:31 INFO BlockManagerMasterEndpoint: Registering block manager 172.18.0.6:46177 with 434.4 MiB RAM, BlockManagerId(0, 172.18.0.6, 46177, None)
[2026-08-21T04:26:31.365+0000] {spark_submit.py:571} INFO - 26/08/21 04:26:31 INFO BlockManagerMasterEndpoint: Registering block manager 172.18.0.7:43365 with 434.4 MiB RAM, BlockManagerId(1, 172.18.0.7, 43365, None)
[2026-08-21T04:26:34.463+0000] {spark_submit.py:571} INFO - 26/08/21 04:26:34 INFO FileSourceStrategy: Pushed Filters:
[2026-08-21T04:26:34.465+0000] {spark_submit.py:571} INFO - 26/08/21 04:26:34 INFO FileSourceStrategy: Post-Scan Filters: (length(trim(value#0, None)) > 0)
[2026-08-21T04:26:35.006+0000] {spark_submit.py:571} INFO - 26/08/21 04:26:35 INFO CodeGenerator: Code generated in 257.481795 ms
[2026-08-21T04:26:35.052+0000] {spark_submit.py:571} INFO - 26/08/21 04:26:35 INFO MemoryStore: Block broadcast_0 stored as values in memory (estimated size 201.8 KiB, free 434.2 MiB)
[2026-08-21T04:26:35.107+0000] {spark_submit.py:571} INFO - 26/08/21 04:26:35 INFO MemoryStore: Block broadcast_0_piece0 stored as bytes in memory (estimated size 34.9 KiB, free 434.2 MiB)
[2026-08-21T04:26:35.109+0000] {spark_submit.py:571} INFO - 26/08/21 04:26:35 INFO BlockManagerInfo: Added broadcast_0_piece0 in memory on c90a551abb73:38955 (size: 34.9 KiB, free: 434.4 MiB)
[2026-08-21T04:26:35.114+0000] {spark_submit.py:571} INFO - 26/08/21 04:26:35 INFO SparkContext: Created broadcast 0 from csv at NativeMethodAccessorImpl.java:0
[2026-08-21T04:26:35.125+0000] {spark_submit.py:571} INFO - 26/08/21 04:26:35 INFO FileSourceScanExec: Planning scan with bin packing, max size: 134217728 bytes, open cost is considered as scanning 4194304 bytes.
[2026-08-21T04:26:35.215+0000] {spark_submit.py:571} INFO - 26/08/21 04:26:35 INFO SparkContext: Starting job: csv at NativeMethodAccessorImpl.java:0
[2026-08-21T04:26:35.230+0000] {spark_submit.py:571} INFO - 26/08/21 04:26:35 INFO DAGScheduler: Got job 0 (csv at NativeMethodAccessorImpl.java:0) with 1 output partitions
[2026-08-21T04:26:35.231+0000] {spark_submit.py:571} INFO - 26/08/21 04:26:35 INFO DAGScheduler: Final stage: ResultStage 0 (csv at NativeMethodAccessorImpl.java:0)
[2026-08-21T04:26:35.231+0000] {spark_submit.py:571} INFO - 26/08/21 04:26:35 INFO DAGScheduler: Parents of final stage: List()
[2026-08-21T04:26:35.231+0000] {spark_submit.py:571} INFO - 26/08/21 04:26:35 INFO DAGScheduler: Missing parents: List()
[2026-08-21T04:26:35.234+0000] {spark_submit.py:571} INFO - 26/08/21 04:26:35 INFO DAGScheduler: Submitting ResultStage 0 (MapPartitionsRDD[3] at csv at NativeMethodAccessorImpl.java:0), which has no missing parents
[2026-08-21T04:26:35.331+0000] {spark_submit.py:571} INFO - 26/08/21 04:26:35 INFO MemoryStore: Block broadcast_1 stored as values in memory (estimated size 13.5 KiB, free 434.2 MiB)
[2026-08-21T04:26:35.340+0000] {spark_submit.py:571} INFO - 26/08/21 04:26:35 INFO MemoryStore: Block broadcast_1_piece0 stored as bytes in memory (estimated size 6.4 KiB, free 434.1 MiB)
[2026-08-21T04:26:35.341+0000] {spark_submit.py:571} INFO - 26/08/21 04:26:35 INFO BlockManagerInfo: Added broadcast_1_piece0 in memory on c90a551abb73:38955 (size: 6.4 KiB, free: 434.4 MiB)
[2026-08-21T04:26:35.344+0000] {spark_submit.py:571} INFO - 26/08/21 04:26:35 INFO SparkContext: Created broadcast 1 from broadcast at DAGScheduler.scala:1585
[2026-08-21T04:26:35.360+0000] {spark_submit.py:571} INFO - 26/08/21 04:26:35 INFO DAGScheduler: Submitting 1 missing tasks from ResultStage 0 (MapPartitionsRDD[3] at csv at NativeMethodAccessorImpl.java:0) (first 15 tasks are for partitions Vector(0))
[2026-08-21T04:26:35.362+0000] {spark_submit.py:571} INFO - 26/08/21 04:26:35 INFO TaskSchedulerImpl: Adding task set 0.0 with 1 tasks resource profile 0
[2026-08-21T04:26:35.387+0000] {spark_submit.py:571} INFO - 26/08/21 04:26:35 INFO TaskSetManager: Starting task 0.0 in stage 0.0 (TID 0) (172.18.0.6, executor 0, partition 0, PROCESS_LOCAL, 8210 bytes)
[2026-08-21T04:26:35.692+0000] {spark_submit.py:571} INFO - 26/08/21 04:26:35 INFO BlockManagerInfo: Added broadcast_1_piece0 in memory on 172.18.0.6:46177 (size: 6.4 KiB, free: 434.4 MiB)
[2026-08-21T04:26:36.531+0000] {spark_submit.py:571} INFO - 26/08/21 04:26:36 INFO BlockManagerInfo: Added broadcast_0_piece0 in memory on 172.18.0.6:46177 (size: 34.9 KiB, free: 434.4 MiB)
[2026-08-21T04:26:37.671+0000] {spark_submit.py:571} INFO - 26/08/21 04:26:37 INFO TaskSetManager: Finished task 0.0 in stage 0.0 (TID 0) in 2294 ms on 172.18.0.6 (executor 0) (1/1)
[2026-08-21T04:26:37.672+0000] {spark_submit.py:571} INFO - 26/08/21 04:26:37 INFO TaskSchedulerImpl: Removed TaskSet 0.0, whose tasks have all completed, from pool
[2026-08-21T04:26:37.679+0000] {spark_submit.py:571} INFO - 26/08/21 04:26:37 INFO DAGScheduler: ResultStage 0 (csv at NativeMethodAccessorImpl.java:0) finished in 2.421 s
[2026-08-21T04:26:37.680+0000] {spark_submit.py:571} INFO - 26/08/21 04:26:37 INFO DAGScheduler: Job 0 is finished. Cancelling potential speculative or zombie tasks for this job
[2026-08-21T04:26:37.681+0000] {spark_submit.py:571} INFO - 26/08/21 04:26:37 INFO TaskSchedulerImpl: Killing all running tasks in stage 0: Stage finished
[2026-08-21T04:26:37.683+0000] {spark_submit.py:571} INFO - 26/08/21 04:26:37 INFO DAGScheduler: Job 0 finished: csv at NativeMethodAccessorImpl.java:0, took 2.467192 s
[2026-08-21T04:26:37.705+0000] {spark_submit.py:571} INFO - 26/08/21 04:26:37 INFO CodeGenerator: Code generated in 11.807189 ms
[2026-08-21T04:26:37.764+0000] {spark_submit.py:571} INFO - 26/08/21 04:26:37 INFO BlockManagerInfo: Removed broadcast_1_piece0 on c90a551abb73:38955 in memory (size: 6.4 KiB, free: 434.4 MiB)
[2026-08-21T04:26:37.768+0000] {spark_submit.py:571} INFO - 26/08/21 04:26:37 INFO FileSourceStrategy: Pushed Filters:
[2026-08-21T04:26:37.769+0000] {spark_submit.py:571} INFO - 26/08/21 04:26:37 INFO FileSourceStrategy: Post-Scan Filters:
[2026-08-21T04:26:37.783+0000] {spark_submit.py:571} INFO - 26/08/21 04:26:37 INFO MemoryStore: Block broadcast_2 stored as values in memory (estimated size 201.8 KiB, free 434.0 MiB)
[2026-08-21T04:26:37.791+0000] {spark_submit.py:571} INFO - 26/08/21 04:26:37 INFO BlockManagerInfo: Removed broadcast_1_piece0 on 172.18.0.6:46177 in memory (size: 6.4 KiB, free: 434.4 MiB)
[2026-08-21T04:26:37.820+0000] {spark_submit.py:571} INFO - 26/08/21 04:26:37 INFO BlockManagerInfo: Removed broadcast_0_piece0 on c90a551abb73:38955 in memory (size: 34.9 KiB, free: 434.4 MiB)
[2026-08-21T04:26:37.830+0000] {spark_submit.py:571} INFO - 26/08/21 04:26:37 INFO BlockManagerInfo: Removed broadcast_0_piece0 on 172.18.0.6:46177 in memory (size: 34.9 KiB, free: 434.4 MiB)
[2026-08-21T04:26:37.837+0000] {spark_submit.py:571} INFO - 26/08/21 04:26:37 INFO MemoryStore: Block broadcast_2_piece0 stored as bytes in memory (estimated size 34.9 KiB, free 434.2 MiB)
[2026-08-21T04:26:37.841+0000] {spark_submit.py:571} INFO - 26/08/21 04:26:37 INFO BlockManagerInfo: Added broadcast_2_piece0 in memory on c90a551abb73:38955 (size: 34.9 KiB, free: 434.4 MiB)
[2026-08-21T04:26:37.850+0000] {spark_submit.py:571} INFO - 26/08/21 04:26:37 INFO SparkContext: Created broadcast 2 from csv at NativeMethodAccessorImpl.java:0
[2026-08-21T04:26:37.852+0000] {spark_submit.py:571} INFO - 26/08/21 04:26:37 INFO FileSourceScanExec: Planning scan with bin packing, max size: 134217728 bytes, open cost is considered as scanning 4194304 bytes.
[2026-08-21T04:26:37.954+0000] {spark_submit.py:571} INFO - 26/08/21 04:26:37 INFO SparkContext: Starting job: csv at NativeMethodAccessorImpl.java:0
[2026-08-21T04:26:37.955+0000] {spark_submit.py:571} INFO - 26/08/21 04:26:37 INFO DAGScheduler: Got job 1 (csv at NativeMethodAccessorImpl.java:0) with 7 output partitions
[2026-08-21T04:26:37.955+0000] {spark_submit.py:571} INFO - 26/08/21 04:26:37 INFO DAGScheduler: Final stage: ResultStage 1 (csv at NativeMethodAccessorImpl.java:0)
[2026-08-21T04:26:37.955+0000] {spark_submit.py:571} INFO - 26/08/21 04:26:37 INFO DAGScheduler: Parents of final stage: List()
[2026-08-21T04:26:37.955+0000] {spark_submit.py:571} INFO - 26/08/21 04:26:37 INFO DAGScheduler: Missing parents: List()
[2026-08-21T04:26:37.957+0000] {spark_submit.py:571} INFO - 26/08/21 04:26:37 INFO DAGScheduler: Submitting ResultStage 1 (MapPartitionsRDD[9] at csv at NativeMethodAccessorImpl.java:0), which has no missing parents
[2026-08-21T04:26:37.976+0000] {spark_submit.py:571} INFO - 26/08/21 04:26:37 INFO MemoryStore: Block broadcast_3 stored as values in memory (estimated size 28.4 KiB, free 434.1 MiB)
[2026-08-21T04:26:37.984+0000] {spark_submit.py:571} INFO - 26/08/21 04:26:37 INFO MemoryStore: Block broadcast_3_piece0 stored as bytes in memory (estimated size 13.2 KiB, free 434.1 MiB)
[2026-08-21T04:26:37.984+0000] {spark_submit.py:571} INFO - 26/08/21 04:26:37 INFO BlockManagerInfo: Added broadcast_3_piece0 in memory on c90a551abb73:38955 (size: 13.2 KiB, free: 434.4 MiB)
[2026-08-21T04:26:37.987+0000] {spark_submit.py:571} INFO - 26/08/21 04:26:37 INFO SparkContext: Created broadcast 3 from broadcast at DAGScheduler.scala:1585
[2026-08-21T04:26:37.987+0000] {spark_submit.py:571} INFO - 26/08/21 04:26:37 INFO DAGScheduler: Submitting 7 missing tasks from ResultStage 1 (MapPartitionsRDD[9] at csv at NativeMethodAccessorImpl.java:0) (first 15 tasks are for partitions Vector(0, 1, 2, 3, 4, 5, 6))
[2026-08-21T04:26:37.987+0000] {spark_submit.py:571} INFO - 26/08/21 04:26:37 INFO TaskSchedulerImpl: Adding task set 1.0 with 7 tasks resource profile 0
[2026-08-21T04:26:37.990+0000] {spark_submit.py:571} INFO - 26/08/21 04:26:37 INFO TaskSetManager: Starting task 0.0 in stage 1.0 (TID 1) (172.18.0.6, executor 0, partition 0, PROCESS_LOCAL, 8210 bytes)
[2026-08-21T04:26:37.990+0000] {spark_submit.py:571} INFO - 26/08/21 04:26:37 INFO TaskSetManager: Starting task 1.0 in stage 1.0 (TID 2) (172.18.0.7, executor 1, partition 1, PROCESS_LOCAL, 8210 bytes)
[2026-08-21T04:26:37.990+0000] {spark_submit.py:571} INFO - 26/08/21 04:26:37 INFO TaskSetManager: Starting task 2.0 in stage 1.0 (TID 3) (172.18.0.6, executor 0, partition 2, PROCESS_LOCAL, 8210 bytes)
[2026-08-21T04:26:37.991+0000] {spark_submit.py:571} INFO - 26/08/21 04:26:37 INFO TaskSetManager: Starting task 3.0 in stage 1.0 (TID 4) (172.18.0.7, executor 1, partition 3, PROCESS_LOCAL, 8210 bytes)
[2026-08-21T04:26:38.091+0000] {spark_submit.py:571} INFO - 26/08/21 04:26:38 INFO BlockManagerInfo: Added broadcast_3_piece0 in memory on 172.18.0.6:46177 (size: 13.2 KiB, free: 434.4 MiB)
[2026-08-21T04:26:38.440+0000] {spark_submit.py:571} INFO - 26/08/21 04:26:38 INFO BlockManagerInfo: Added broadcast_3_piece0 in memory on 172.18.0.7:43365 (size: 13.2 KiB, free: 434.4 MiB)
[2026-08-21T04:26:39.743+0000] {spark_submit.py:571} INFO - 26/08/21 04:26:39 INFO BlockManagerInfo: Added broadcast_2_piece0 in memory on 172.18.0.6:46177 (size: 34.9 KiB, free: 434.4 MiB)
[2026-08-21T04:26:41.107+0000] {spark_submit.py:571} INFO - 26/08/21 04:26:41 INFO BlockManagerInfo: Added broadcast_2_piece0 in memory on 172.18.0.7:43365 (size: 34.9 KiB, free: 434.4 MiB)
[2026-08-21T04:26:45.144+0000] {spark_submit.py:571} INFO - 26/08/21 04:26:45 INFO TaskSetManager: Starting task 4.0 in stage 1.0 (TID 5) (172.18.0.6, executor 0, partition 4, PROCESS_LOCAL, 8210 bytes)
[2026-08-21T04:26:45.155+0000] {spark_submit.py:571} INFO - 26/08/21 04:26:45 INFO TaskSetManager: Finished task 0.0 in stage 1.0 (TID 1) in 7159 ms on 172.18.0.6 (executor 0) (1/7)
[2026-08-21T04:26:45.811+0000] {spark_submit.py:571} INFO - 26/08/21 04:26:45 INFO TaskSetManager: Starting task 5.0 in stage 1.0 (TID 6) (172.18.0.6, executor 0, partition 5, PROCESS_LOCAL, 8210 bytes)
[2026-08-21T04:26:45.816+0000] {spark_submit.py:571} INFO - 26/08/21 04:26:45 INFO TaskSetManager: Finished task 2.0 in stage 1.0 (TID 3) in 7823 ms on 172.18.0.6 (executor 0) (2/7)
[2026-08-21T04:26:48.770+0000] {spark_submit.py:571} INFO - 26/08/21 04:26:48 INFO TaskSetManager: Starting task 6.0 in stage 1.0 (TID 7) (172.18.0.7, executor 1, partition 6, PROCESS_LOCAL, 8210 bytes)
[2026-08-21T04:26:48.774+0000] {spark_submit.py:571} INFO - 26/08/21 04:26:48 INFO TaskSetManager: Finished task 1.0 in stage 1.0 (TID 2) in 10783 ms on 172.18.0.7 (executor 1) (3/7)
[2026-08-21T04:26:49.018+0000] {spark_submit.py:571} INFO - 26/08/21 04:26:49 INFO TaskSetManager: Finished task 4.0 in stage 1.0 (TID 5) in 3874 ms on 172.18.0.6 (executor 0) (4/7)
[2026-08-21T04:26:49.242+0000] {spark_submit.py:571} INFO - 26/08/21 04:26:49 INFO TaskSetManager: Finished task 5.0 in stage 1.0 (TID 6) in 3432 ms on 172.18.0.6 (executor 0) (5/7)
[2026-08-21T04:26:49.274+0000] {spark_submit.py:571} INFO - 26/08/21 04:26:49 INFO TaskSetManager: Finished task 3.0 in stage 1.0 (TID 4) in 11283 ms on 172.18.0.7 (executor 1) (6/7)
[2026-08-21T04:26:50.796+0000] {spark_submit.py:571} INFO - 26/08/21 04:26:50 INFO TaskSetManager: Finished task 6.0 in stage 1.0 (TID 7) in 2028 ms on 172.18.0.7 (executor 1) (7/7)
[2026-08-21T04:26:50.797+0000] {spark_submit.py:571} INFO - 26/08/21 04:26:50 INFO TaskSchedulerImpl: Removed TaskSet 1.0, whose tasks have all completed, from pool
[2026-08-21T04:26:50.800+0000] {spark_submit.py:571} INFO - 26/08/21 04:26:50 INFO DAGScheduler: ResultStage 1 (csv at NativeMethodAccessorImpl.java:0) finished in 12.839 s
[2026-08-21T04:26:50.800+0000] {spark_submit.py:571} INFO - 26/08/21 04:26:50 INFO DAGScheduler: Job 1 is finished. Cancelling potential speculative or zombie tasks for this job
[2026-08-21T04:26:50.800+0000] {spark_submit.py:571} INFO - 26/08/21 04:26:50 INFO TaskSchedulerImpl: Killing all running tasks in stage 1: Stage finished
[2026-08-21T04:26:50.800+0000] {spark_submit.py:571} INFO - 26/08/21 04:26:50 INFO DAGScheduler: Job 1 finished: csv at NativeMethodAccessorImpl.java:0, took 12.845797 s
[2026-08-21T04:26:51.169+0000] {spark_submit.py:571} INFO - 26/08/21 04:26:51 INFO FileSourceStrategy: Pushed Filters: IsNotNull(date_hour)
[2026-08-21T04:26:51.170+0000] {spark_submit.py:571} INFO - 26/08/21 04:26:51 INFO FileSourceStrategy: Post-Scan Filters: isnotnull(date_hour#19),(regexp_replace(date_hour#19, ", , 1) = 2025-06-01-01)
[2026-08-21T04:26:51.308+0000] {spark_submit.py:571} INFO - 26/08/21 04:26:51 INFO CodeGenerator: Code generated in 42.72633 ms
[2026-08-21T04:26:51.315+0000] {spark_submit.py:571} INFO - 26/08/21 04:26:51 INFO MemoryStore: Block broadcast_4 stored as values in memory (estimated size 201.7 KiB, free 433.9 MiB)
[2026-08-21T04:26:51.331+0000] {spark_submit.py:571} INFO - 26/08/21 04:26:51 INFO BlockManagerInfo: Removed broadcast_3_piece0 on c90a551abb73:38955 in memory (size: 13.2 KiB, free: 434.4 MiB)
[2026-08-21T04:26:51.334+0000] {spark_submit.py:571} INFO - 26/08/21 04:26:51 INFO MemoryStore: Block broadcast_4_piece0 stored as bytes in memory (estimated size 34.8 KiB, free 433.9 MiB)
[2026-08-21T04:26:51.335+0000] {spark_submit.py:571} INFO - 26/08/21 04:26:51 INFO BlockManagerInfo: Removed broadcast_3_piece0 on 172.18.0.6:46177 in memory (size: 13.2 KiB, free: 434.4 MiB)
[2026-08-21T04:26:51.336+0000] {spark_submit.py:571} INFO - 26/08/21 04:26:51 INFO BlockManagerInfo: Added broadcast_4_piece0 in memory on c90a551abb73:38955 (size: 34.8 KiB, free: 434.3 MiB)
[2026-08-21T04:26:51.339+0000] {spark_submit.py:571} INFO - 26/08/21 04:26:51 INFO SparkContext: Created broadcast 4 from count at NativeMethodAccessorImpl.java:0
[2026-08-21T04:26:51.343+0000] {spark_submit.py:571} INFO - 26/08/21 04:26:51 INFO FileSourceScanExec: Planning scan with bin packing, max size: 134217728 bytes, open cost is considered as scanning 4194304 bytes.
[2026-08-21T04:26:51.349+0000] {spark_submit.py:571} INFO - 26/08/21 04:26:51 INFO BlockManagerInfo: Removed broadcast_3_piece0 on 172.18.0.7:43365 in memory (size: 13.2 KiB, free: 434.4 MiB)
[2026-08-21T04:26:51.393+0000] {spark_submit.py:571} INFO - 26/08/21 04:26:51 INFO DAGScheduler: Registering RDD 13 (count at NativeMethodAccessorImpl.java:0) as input to shuffle 0
[2026-08-21T04:26:51.399+0000] {spark_submit.py:571} INFO - 26/08/21 04:26:51 INFO DAGScheduler: Got map stage job 2 (count at NativeMethodAccessorImpl.java:0) with 7 output partitions
[2026-08-21T04:26:51.399+0000] {spark_submit.py:571} INFO - 26/08/21 04:26:51 INFO DAGScheduler: Final stage: ShuffleMapStage 2 (count at NativeMethodAccessorImpl.java:0)
[2026-08-21T04:26:51.399+0000] {spark_submit.py:571} INFO - 26/08/21 04:26:51 INFO DAGScheduler: Parents of final stage: List()
[2026-08-21T04:26:51.400+0000] {spark_submit.py:571} INFO - 26/08/21 04:26:51 INFO DAGScheduler: Missing parents: List()
[2026-08-21T04:26:51.402+0000] {spark_submit.py:571} INFO - 26/08/21 04:26:51 INFO DAGScheduler: Submitting ShuffleMapStage 2 (MapPartitionsRDD[13] at count at NativeMethodAccessorImpl.java:0), which has no missing parents
[2026-08-21T04:26:51.422+0000] {spark_submit.py:571} INFO - 26/08/21 04:26:51 INFO MemoryStore: Block broadcast_5 stored as values in memory (estimated size 21.0 KiB, free 433.9 MiB)
[2026-08-21T04:26:51.423+0000] {spark_submit.py:571} INFO - 26/08/21 04:26:51 INFO MemoryStore: Block broadcast_5_piece0 stored as bytes in memory (estimated size 10.1 KiB, free 433.9 MiB)
[2026-08-21T04:26:51.425+0000] {spark_submit.py:571} INFO - 26/08/21 04:26:51 INFO BlockManagerInfo: Added broadcast_5_piece0 in memory on c90a551abb73:38955 (size: 10.1 KiB, free: 434.3 MiB)
[2026-08-21T04:26:51.425+0000] {spark_submit.py:571} INFO - 26/08/21 04:26:51 INFO SparkContext: Created broadcast 5 from broadcast at DAGScheduler.scala:1585
[2026-08-21T04:26:51.426+0000] {spark_submit.py:571} INFO - 26/08/21 04:26:51 INFO DAGScheduler: Submitting 7 missing tasks from ShuffleMapStage 2 (MapPartitionsRDD[13] at count at NativeMethodAccessorImpl.java:0) (first 15 tasks are for partitions Vector(0, 1, 2, 3, 4, 5, 6))
[2026-08-21T04:26:51.426+0000] {spark_submit.py:571} INFO - 26/08/21 04:26:51 INFO TaskSchedulerImpl: Adding task set 2.0 with 7 tasks resource profile 0
[2026-08-21T04:26:51.431+0000] {spark_submit.py:571} INFO - 26/08/21 04:26:51 INFO TaskSetManager: Starting task 0.0 in stage 2.0 (TID 8) (172.18.0.6, executor 0, partition 0, PROCESS_LOCAL, 8199 bytes)
[2026-08-21T04:26:51.432+0000] {spark_submit.py:571} INFO - 26/08/21 04:26:51 INFO TaskSetManager: Starting task 1.0 in stage 2.0 (TID 9) (172.18.0.7, executor 1, partition 1, PROCESS_LOCAL, 8199 bytes)
[2026-08-21T04:26:51.432+0000] {spark_submit.py:571} INFO - 26/08/21 04:26:51 INFO TaskSetManager: Starting task 2.0 in stage 2.0 (TID 10) (172.18.0.6, executor 0, partition 2, PROCESS_LOCAL, 8199 bytes)
[2026-08-21T04:26:51.433+0000] {spark_submit.py:571} INFO - 26/08/21 04:26:51 INFO TaskSetManager: Starting task 3.0 in stage 2.0 (TID 11) (172.18.0.7, executor 1, partition 3, PROCESS_LOCAL, 8199 bytes)
[2026-08-21T04:26:51.463+0000] {spark_submit.py:571} INFO - 26/08/21 04:26:51 INFO BlockManagerInfo: Added broadcast_5_piece0 in memory on 172.18.0.6:46177 (size: 10.1 KiB, free: 434.4 MiB)
[2026-08-21T04:26:51.479+0000] {spark_submit.py:571} INFO - 26/08/21 04:26:51 INFO BlockManagerInfo: Added broadcast_5_piece0 in memory on 172.18.0.7:43365 (size: 10.1 KiB, free: 434.4 MiB)
[2026-08-21T04:26:51.668+0000] {spark_submit.py:571} INFO - 26/08/21 04:26:51 INFO BlockManagerInfo: Added broadcast_4_piece0 in memory on 172.18.0.7:43365 (size: 34.8 KiB, free: 434.3 MiB)
[2026-08-21T04:26:51.675+0000] {spark_submit.py:571} INFO - 26/08/21 04:26:51 INFO BlockManagerInfo: Added broadcast_4_piece0 in memory on 172.18.0.6:46177 (size: 34.8 KiB, free: 434.3 MiB)
[2026-08-21T04:26:54.494+0000] {spark_submit.py:571} INFO - 26/08/21 04:26:54 INFO TaskSetManager: Starting task 4.0 in stage 2.0 (TID 12) (172.18.0.6, executor 0, partition 4, PROCESS_LOCAL, 8199 bytes)
[2026-08-21T04:26:54.507+0000] {spark_submit.py:571} INFO - 26/08/21 04:26:54 INFO TaskSetManager: Finished task 2.0 in stage 2.0 (TID 10) in 3073 ms on 172.18.0.6 (executor 0) (1/7)
[2026-08-21T04:26:54.510+0000] {spark_submit.py:571} INFO - 26/08/21 04:26:54 INFO TaskSetManager: Starting task 5.0 in stage 2.0 (TID 13) (172.18.0.7, executor 1, partition 5, PROCESS_LOCAL, 8199 bytes)
[2026-08-21T04:26:54.515+0000] {spark_submit.py:571} INFO - 26/08/21 04:26:54 INFO TaskSetManager: Finished task 1.0 in stage 2.0 (TID 9) in 3078 ms on 172.18.0.7 (executor 1) (2/7)
[2026-08-21T04:26:54.694+0000] {spark_submit.py:571} INFO - 26/08/21 04:26:54 INFO TaskSetManager: Starting task 6.0 in stage 2.0 (TID 14) (172.18.0.6, executor 0, partition 6, PROCESS_LOCAL, 8199 bytes)
[2026-08-21T04:26:54.694+0000] {spark_submit.py:571} INFO - 26/08/21 04:26:54 INFO TaskSetManager: Finished task 0.0 in stage 2.0 (TID 8) in 3265 ms on 172.18.0.6 (executor 0) (3/7)
[2026-08-21T04:26:54.709+0000] {spark_submit.py:571} INFO - 26/08/21 04:26:54 INFO TaskSetManager: Finished task 3.0 in stage 2.0 (TID 11) in 3273 ms on 172.18.0.7 (executor 1) (4/7)
[2026-08-21T04:26:56.245+0000] {spark_submit.py:571} INFO - 26/08/21 04:26:56 INFO TaskSetManager: Finished task 4.0 in stage 2.0 (TID 12) in 1754 ms on 172.18.0.6 (executor 0) (5/7)
[2026-08-21T04:26:56.358+0000] {spark_submit.py:571} INFO - 26/08/21 04:26:56 INFO TaskSetManager: Finished task 5.0 in stage 2.0 (TID 13) in 1848 ms on 172.18.0.7 (executor 1) (6/7)
[2026-08-21T04:26:56.381+0000] {spark_submit.py:571} INFO - 26/08/21 04:26:56 INFO TaskSetManager: Finished task 6.0 in stage 2.0 (TID 14) in 1693 ms on 172.18.0.6 (executor 0) (7/7)
[2026-08-21T04:26:56.382+0000] {spark_submit.py:571} INFO - 26/08/21 04:26:56 INFO TaskSchedulerImpl: Removed TaskSet 2.0, whose tasks have all completed, from pool
[2026-08-21T04:26:56.384+0000] {spark_submit.py:571} INFO - 26/08/21 04:26:56 INFO DAGScheduler: ShuffleMapStage 2 (count at NativeMethodAccessorImpl.java:0) finished in 4.980 s
[2026-08-21T04:26:56.385+0000] {spark_submit.py:571} INFO - 26/08/21 04:26:56 INFO DAGScheduler: looking for newly runnable stages
[2026-08-21T04:26:56.385+0000] {spark_submit.py:571} INFO - 26/08/21 04:26:56 INFO DAGScheduler: running: Set()
[2026-08-21T04:26:56.385+0000] {spark_submit.py:571} INFO - 26/08/21 04:26:56 INFO DAGScheduler: waiting: Set()
[2026-08-21T04:26:56.386+0000] {spark_submit.py:571} INFO - 26/08/21 04:26:56 INFO DAGScheduler: failed: Set()
[2026-08-21T04:26:56.433+0000] {spark_submit.py:571} INFO - 26/08/21 04:26:56 INFO CodeGenerator: Code generated in 22.009985 ms
[2026-08-21T04:26:56.468+0000] {spark_submit.py:571} INFO - 26/08/21 04:26:56 INFO SparkContext: Starting job: count at NativeMethodAccessorImpl.java:0
[2026-08-21T04:26:56.471+0000] {spark_submit.py:571} INFO - 26/08/21 04:26:56 INFO DAGScheduler: Got job 3 (count at NativeMethodAccessorImpl.java:0) with 1 output partitions
[2026-08-21T04:26:56.472+0000] {spark_submit.py:571} INFO - 26/08/21 04:26:56 INFO DAGScheduler: Final stage: ResultStage 4 (count at NativeMethodAccessorImpl.java:0)
[2026-08-21T04:26:56.472+0000] {spark_submit.py:571} INFO - 26/08/21 04:26:56 INFO DAGScheduler: Parents of final stage: List(ShuffleMapStage 3)
[2026-08-21T04:26:56.473+0000] {spark_submit.py:571} INFO - 26/08/21 04:26:56 INFO DAGScheduler: Missing parents: List()
[2026-08-21T04:26:56.474+0000] {spark_submit.py:571} INFO - 26/08/21 04:26:56 INFO DAGScheduler: Submitting ResultStage 4 (MapPartitionsRDD[16] at count at NativeMethodAccessorImpl.java:0), which has no missing parents
[2026-08-21T04:26:56.485+0000] {spark_submit.py:571} INFO - 26/08/21 04:26:56 INFO MemoryStore: Block broadcast_6 stored as values in memory (estimated size 12.5 KiB, free 433.9 MiB)
[2026-08-21T04:26:56.502+0000] {spark_submit.py:571} INFO - 26/08/21 04:26:56 INFO MemoryStore: Block broadcast_6_piece0 stored as bytes in memory (estimated size 5.9 KiB, free 433.9 MiB)
[2026-08-21T04:26:56.503+0000] {spark_submit.py:571} INFO - 26/08/21 04:26:56 INFO BlockManagerInfo: Added broadcast_6_piece0 in memory on c90a551abb73:38955 (size: 5.9 KiB, free: 434.3 MiB)
[2026-08-21T04:26:56.505+0000] {spark_submit.py:571} INFO - 26/08/21 04:26:56 INFO SparkContext: Created broadcast 6 from broadcast at DAGScheduler.scala:1585
[2026-08-21T04:26:56.505+0000] {spark_submit.py:571} INFO - 26/08/21 04:26:56 INFO DAGScheduler: Submitting 1 missing tasks from ResultStage 4 (MapPartitionsRDD[16] at count at NativeMethodAccessorImpl.java:0) (first 15 tasks are for partitions Vector(0))
[2026-08-21T04:26:56.508+0000] {spark_submit.py:571} INFO - 26/08/21 04:26:56 INFO TaskSchedulerImpl: Adding task set 4.0 with 1 tasks resource profile 0
[2026-08-21T04:26:56.515+0000] {spark_submit.py:571} INFO - 26/08/21 04:26:56 INFO BlockManagerInfo: Removed broadcast_5_piece0 on c90a551abb73:38955 in memory (size: 10.1 KiB, free: 434.3 MiB)
[2026-08-21T04:26:56.517+0000] {spark_submit.py:571} INFO - 26/08/21 04:26:56 INFO BlockManagerInfo: Removed broadcast_5_piece0 on 172.18.0.6:46177 in memory (size: 10.1 KiB, free: 434.3 MiB)
[2026-08-21T04:26:56.522+0000] {spark_submit.py:571} INFO - 26/08/21 04:26:56 INFO TaskSetManager: Starting task 0.0 in stage 4.0 (TID 15) (172.18.0.7, executor 1, partition 0, NODE_LOCAL, 7619 bytes)
[2026-08-21T04:26:56.526+0000] {spark_submit.py:571} INFO - 26/08/21 04:26:56 INFO BlockManagerInfo: Removed broadcast_5_piece0 on 172.18.0.7:43365 in memory (size: 10.1 KiB, free: 434.3 MiB)
[2026-08-21T04:26:56.567+0000] {spark_submit.py:571} INFO - 26/08/21 04:26:56 INFO BlockManagerInfo: Added broadcast_6_piece0 in memory on 172.18.0.7:43365 (size: 5.9 KiB, free: 434.3 MiB)
[2026-08-21T04:26:56.610+0000] {spark_submit.py:571} INFO - 26/08/21 04:26:56 INFO MapOutputTrackerMasterEndpoint: Asked to send map output locations for shuffle 0 to 172.18.0.7:60638
[2026-08-21T04:26:56.742+0000] {spark_submit.py:571} INFO - 26/08/21 04:26:56 INFO TaskSetManager: Finished task 0.0 in stage 4.0 (TID 15) in 222 ms on 172.18.0.7 (executor 1) (1/1)
[2026-08-21T04:26:56.744+0000] {spark_submit.py:571} INFO - 26/08/21 04:26:56 INFO DAGScheduler: ResultStage 4 (count at NativeMethodAccessorImpl.java:0) finished in 0.260 s
[2026-08-21T04:26:56.744+0000] {spark_submit.py:571} INFO - 26/08/21 04:26:56 INFO DAGScheduler: Job 3 is finished. Cancelling potential speculative or zombie tasks for this job
[2026-08-21T04:26:56.745+0000] {spark_submit.py:571} INFO - 26/08/21 04:26:56 INFO TaskSchedulerImpl: Removed TaskSet 4.0, whose tasks have all completed, from pool
[2026-08-21T04:26:56.746+0000] {spark_submit.py:571} INFO - 26/08/21 04:26:56 INFO TaskSchedulerImpl: Killing all running tasks in stage 4: Stage finished
[2026-08-21T04:26:56.746+0000] {spark_submit.py:571} INFO - 26/08/21 04:26:56 INFO DAGScheduler: Job 3 finished: count at NativeMethodAccessorImpl.java:0, took 0.277534 s
[2026-08-21T04:26:56.823+0000] {spark_submit.py:571} INFO - 26/08/21 04:26:56 INFO FileSourceStrategy: Pushed Filters: IsNotNull(date_hour)
[2026-08-21T04:26:56.824+0000] {spark_submit.py:571} INFO - 26/08/21 04:26:56 INFO FileSourceStrategy: Post-Scan Filters: isnotnull(date_hour#19),(regexp_replace(date_hour#19, ", , 1) = 2025-06-01-01)
[2026-08-21T04:26:56.849+0000] {spark_submit.py:571} INFO - 26/08/21 04:26:56 INFO MemoryStore: Block broadcast_7 stored as values in memory (estimated size 201.7 KiB, free 433.7 MiB)
[2026-08-21T04:26:56.874+0000] {spark_submit.py:571} INFO - 26/08/21 04:26:56 INFO BlockManagerInfo: Removed broadcast_6_piece0 on c90a551abb73:38955 in memory (size: 5.9 KiB, free: 434.3 MiB)
[2026-08-21T04:26:56.880+0000] {spark_submit.py:571} INFO - 26/08/21 04:26:56 INFO BlockManagerInfo: Removed broadcast_6_piece0 on 172.18.0.7:43365 in memory (size: 5.9 KiB, free: 434.3 MiB)
[2026-08-21T04:26:56.889+0000] {spark_submit.py:571} INFO - 26/08/21 04:26:56 INFO MemoryStore: Block broadcast_7_piece0 stored as bytes in memory (estimated size 34.8 KiB, free 433.7 MiB)
[2026-08-21T04:26:56.890+0000] {spark_submit.py:571} INFO - 26/08/21 04:26:56 INFO BlockManagerInfo: Added broadcast_7_piece0 in memory on c90a551abb73:38955 (size: 34.8 KiB, free: 434.3 MiB)
[2026-08-21T04:26:56.894+0000] {spark_submit.py:571} INFO - 26/08/21 04:26:56 INFO SparkContext: Created broadcast 7 from count at NativeMethodAccessorImpl.java:0
[2026-08-21T04:26:56.897+0000] {spark_submit.py:571} INFO - 26/08/21 04:26:56 INFO FileSourceScanExec: Planning scan with bin packing, max size: 134217728 bytes, open cost is considered as scanning 4194304 bytes.
[2026-08-21T04:26:56.903+0000] {spark_submit.py:571} INFO - 26/08/21 04:26:56 INFO DAGScheduler: Registering RDD 20 (count at NativeMethodAccessorImpl.java:0) as input to shuffle 1
[2026-08-21T04:26:56.906+0000] {spark_submit.py:571} INFO - 26/08/21 04:26:56 INFO DAGScheduler: Got map stage job 4 (count at NativeMethodAccessorImpl.java:0) with 7 output partitions
[2026-08-21T04:26:56.906+0000] {spark_submit.py:571} INFO - 26/08/21 04:26:56 INFO DAGScheduler: Final stage: ShuffleMapStage 5 (count at NativeMethodAccessorImpl.java:0)
[2026-08-21T04:26:56.907+0000] {spark_submit.py:571} INFO - 26/08/21 04:26:56 INFO DAGScheduler: Parents of final stage: List()
[2026-08-21T04:26:56.907+0000] {spark_submit.py:571} INFO - 26/08/21 04:26:56 INFO DAGScheduler: Missing parents: List()
[2026-08-21T04:26:56.907+0000] {spark_submit.py:571} INFO - 26/08/21 04:26:56 INFO DAGScheduler: Submitting ShuffleMapStage 5 (MapPartitionsRDD[20] at count at NativeMethodAccessorImpl.java:0), which has no missing parents
[2026-08-21T04:26:56.909+0000] {spark_submit.py:571} INFO - 26/08/21 04:26:56 INFO MemoryStore: Block broadcast_8 stored as values in memory (estimated size 21.0 KiB, free 433.7 MiB)
[2026-08-21T04:26:56.911+0000] {spark_submit.py:571} INFO - 26/08/21 04:26:56 INFO MemoryStore: Block broadcast_8_piece0 stored as bytes in memory (estimated size 10.1 KiB, free 433.7 MiB)
[2026-08-21T04:26:56.915+0000] {spark_submit.py:571} INFO - 26/08/21 04:26:56 INFO BlockManagerInfo: Added broadcast_8_piece0 in memory on c90a551abb73:38955 (size: 10.1 KiB, free: 434.3 MiB)
[2026-08-21T04:26:56.915+0000] {spark_submit.py:571} INFO - 26/08/21 04:26:56 INFO SparkContext: Created broadcast 8 from broadcast at DAGScheduler.scala:1585
[2026-08-21T04:26:56.915+0000] {spark_submit.py:571} INFO - 26/08/21 04:26:56 INFO DAGScheduler: Submitting 7 missing tasks from ShuffleMapStage 5 (MapPartitionsRDD[20] at count at NativeMethodAccessorImpl.java:0) (first 15 tasks are for partitions Vector(0, 1, 2, 3, 4, 5, 6))
[2026-08-21T04:26:56.915+0000] {spark_submit.py:571} INFO - 26/08/21 04:26:56 INFO TaskSchedulerImpl: Adding task set 5.0 with 7 tasks resource profile 0
[2026-08-21T04:26:56.917+0000] {spark_submit.py:571} INFO - 26/08/21 04:26:56 INFO TaskSetManager: Starting task 0.0 in stage 5.0 (TID 16) (172.18.0.6, executor 0, partition 0, PROCESS_LOCAL, 8199 bytes)
[2026-08-21T04:26:56.918+0000] {spark_submit.py:571} INFO - 26/08/21 04:26:56 INFO TaskSetManager: Starting task 1.0 in stage 5.0 (TID 17) (172.18.0.7, executor 1, partition 1, PROCESS_LOCAL, 8199 bytes)
[2026-08-21T04:26:56.918+0000] {spark_submit.py:571} INFO - 26/08/21 04:26:56 INFO TaskSetManager: Starting task 2.0 in stage 5.0 (TID 18) (172.18.0.6, executor 0, partition 2, PROCESS_LOCAL, 8199 bytes)
[2026-08-21T04:26:56.919+0000] {spark_submit.py:571} INFO - 26/08/21 04:26:56 INFO TaskSetManager: Starting task 3.0 in stage 5.0 (TID 19) (172.18.0.7, executor 1, partition 3, PROCESS_LOCAL, 8199 bytes)
[2026-08-21T04:26:56.958+0000] {spark_submit.py:571} INFO - 26/08/21 04:26:56 INFO BlockManagerInfo: Added broadcast_8_piece0 in memory on 172.18.0.7:43365 (size: 10.1 KiB, free: 434.3 MiB)
[2026-08-21T04:26:56.981+0000] {spark_submit.py:571} INFO - 26/08/21 04:26:56 INFO BlockManagerInfo: Added broadcast_8_piece0 in memory on 172.18.0.6:46177 (size: 10.1 KiB, free: 434.3 MiB)
[2026-08-21T04:26:56.993+0000] {spark_submit.py:571} INFO - 26/08/21 04:26:56 INFO BlockManagerInfo: Removed broadcast_2_piece0 on c90a551abb73:38955 in memory (size: 34.9 KiB, free: 434.3 MiB)
[2026-08-21T04:26:57.006+0000] {spark_submit.py:571} INFO - 26/08/21 04:26:57 INFO BlockManagerInfo: Removed broadcast_2_piece0 on 172.18.0.7:43365 in memory (size: 34.9 KiB, free: 434.4 MiB)
[2026-08-21T04:26:57.010+0000] {spark_submit.py:571} INFO - 26/08/21 04:26:57 INFO BlockManagerInfo: Removed broadcast_2_piece0 on 172.18.0.6:46177 in memory (size: 34.9 KiB, free: 434.4 MiB)
[2026-08-21T04:26:57.018+0000] {spark_submit.py:571} INFO - 26/08/21 04:26:57 INFO BlockManagerInfo: Added broadcast_7_piece0 in memory on 172.18.0.7:43365 (size: 34.8 KiB, free: 434.3 MiB)
[2026-08-21T04:26:57.074+0000] {spark_submit.py:571} INFO - 26/08/21 04:26:57 INFO BlockManagerInfo: Added broadcast_7_piece0 in memory on 172.18.0.6:46177 (size: 34.8 KiB, free: 434.3 MiB)
[2026-08-21T04:26:59.015+0000] {spark_submit.py:571} INFO - 26/08/21 04:26:59 INFO TaskSetManager: Starting task 4.0 in stage 5.0 (TID 20) (172.18.0.6, executor 0, partition 4, PROCESS_LOCAL, 8199 bytes)
[2026-08-21T04:26:59.017+0000] {spark_submit.py:571} INFO - 26/08/21 04:26:59 INFO TaskSetManager: Finished task 0.0 in stage 5.0 (TID 16) in 2099 ms on 172.18.0.6 (executor 0) (1/7)
[2026-08-21T04:26:59.224+0000] {spark_submit.py:571} INFO - 26/08/21 04:26:59 INFO TaskSetManager: Starting task 5.0 in stage 5.0 (TID 21) (172.18.0.7, executor 1, partition 5, PROCESS_LOCAL, 8199 bytes)
[2026-08-21T04:26:59.230+0000] {spark_submit.py:571} INFO - 26/08/21 04:26:59 INFO TaskSetManager: Finished task 1.0 in stage 5.0 (TID 17) in 2314 ms on 172.18.0.7 (executor 1) (2/7)
[2026-08-21T04:26:59.250+0000] {spark_submit.py:571} INFO - 26/08/21 04:26:59 INFO TaskSetManager: Starting task 6.0 in stage 5.0 (TID 22) (172.18.0.6, executor 0, partition 6, PROCESS_LOCAL, 8199 bytes)
[2026-08-21T04:26:59.258+0000] {spark_submit.py:571} INFO - 26/08/21 04:26:59 INFO TaskSetManager: Finished task 2.0 in stage 5.0 (TID 18) in 2338 ms on 172.18.0.6 (executor 0) (3/7)
[2026-08-21T04:26:59.306+0000] {spark_submit.py:571} INFO - 26/08/21 04:26:59 INFO TaskSetManager: Finished task 3.0 in stage 5.0 (TID 19) in 2386 ms on 172.18.0.7 (executor 1) (4/7)
[2026-08-21T04:27:00.773+0000] {spark_submit.py:571} INFO - 26/08/21 04:27:00 INFO TaskSetManager: Finished task 4.0 in stage 5.0 (TID 20) in 1760 ms on 172.18.0.6 (executor 0) (5/7)
[2026-08-21T04:27:00.931+0000] {spark_submit.py:571} INFO - 26/08/21 04:27:00 INFO TaskSetManager: Finished task 5.0 in stage 5.0 (TID 21) in 1707 ms on 172.18.0.7 (executor 1) (6/7)
[2026-08-21T04:27:00.932+0000] {spark_submit.py:571} INFO - 26/08/21 04:27:00 INFO TaskSetManager: Finished task 6.0 in stage 5.0 (TID 22) in 1686 ms on 172.18.0.6 (executor 0) (7/7)
[2026-08-21T04:27:00.932+0000] {spark_submit.py:571} INFO - 26/08/21 04:27:00 INFO TaskSchedulerImpl: Removed TaskSet 5.0, whose tasks have all completed, from pool
[2026-08-21T04:27:00.934+0000] {spark_submit.py:571} INFO - 26/08/21 04:27:00 INFO DAGScheduler: ShuffleMapStage 5 (count at NativeMethodAccessorImpl.java:0) finished in 4.029 s
[2026-08-21T04:27:00.935+0000] {spark_submit.py:571} INFO - 26/08/21 04:27:00 INFO DAGScheduler: looking for newly runnable stages
[2026-08-21T04:27:00.935+0000] {spark_submit.py:571} INFO - 26/08/21 04:27:00 INFO DAGScheduler: running: Set()
[2026-08-21T04:27:00.935+0000] {spark_submit.py:571} INFO - 26/08/21 04:27:00 INFO DAGScheduler: waiting: Set()
[2026-08-21T04:27:00.935+0000] {spark_submit.py:571} INFO - 26/08/21 04:27:00 INFO DAGScheduler: failed: Set()
[2026-08-21T04:27:00.951+0000] {spark_submit.py:571} INFO - 26/08/21 04:27:00 INFO SparkContext: Starting job: count at NativeMethodAccessorImpl.java:0
[2026-08-21T04:27:00.954+0000] {spark_submit.py:571} INFO - 26/08/21 04:27:00 INFO DAGScheduler: Got job 5 (count at NativeMethodAccessorImpl.java:0) with 1 output partitions
[2026-08-21T04:27:00.954+0000] {spark_submit.py:571} INFO - 26/08/21 04:27:00 INFO DAGScheduler: Final stage: ResultStage 7 (count at NativeMethodAccessorImpl.java:0)
[2026-08-21T04:27:00.954+0000] {spark_submit.py:571} INFO - 26/08/21 04:27:00 INFO DAGScheduler: Parents of final stage: List(ShuffleMapStage 6)
[2026-08-21T04:27:00.954+0000] {spark_submit.py:571} INFO - 26/08/21 04:27:00 INFO DAGScheduler: Missing parents: List()
[2026-08-21T04:27:00.955+0000] {spark_submit.py:571} INFO - 26/08/21 04:27:00 INFO DAGScheduler: Submitting ResultStage 7 (MapPartitionsRDD[23] at count at NativeMethodAccessorImpl.java:0), which has no missing parents
[2026-08-21T04:27:00.956+0000] {spark_submit.py:571} INFO - 26/08/21 04:27:00 INFO MemoryStore: Block broadcast_9 stored as values in memory (estimated size 12.5 KiB, free 433.9 MiB)
[2026-08-21T04:27:00.964+0000] {spark_submit.py:571} INFO - 26/08/21 04:27:00 INFO MemoryStore: Block broadcast_9_piece0 stored as bytes in memory (estimated size 5.9 KiB, free 433.9 MiB)
[2026-08-21T04:27:00.967+0000] {spark_submit.py:571} INFO - 26/08/21 04:27:00 INFO BlockManagerInfo: Added broadcast_9_piece0 in memory on c90a551abb73:38955 (size: 5.9 KiB, free: 434.3 MiB)
[2026-08-21T04:27:00.976+0000] {spark_submit.py:571} INFO - 26/08/21 04:27:00 INFO SparkContext: Created broadcast 9 from broadcast at DAGScheduler.scala:1585
[2026-08-21T04:27:00.977+0000] {spark_submit.py:571} INFO - 26/08/21 04:27:00 INFO BlockManagerInfo: Removed broadcast_8_piece0 on c90a551abb73:38955 in memory (size: 10.1 KiB, free: 434.3 MiB)
[2026-08-21T04:27:00.977+0000] {spark_submit.py:571} INFO - 26/08/21 04:27:00 INFO DAGScheduler: Submitting 1 missing tasks from ResultStage 7 (MapPartitionsRDD[23] at count at NativeMethodAccessorImpl.java:0) (first 15 tasks are for partitions Vector(0))
[2026-08-21T04:27:00.978+0000] {spark_submit.py:571} INFO - 26/08/21 04:27:00 INFO TaskSchedulerImpl: Adding task set 7.0 with 1 tasks resource profile 0
[2026-08-21T04:27:00.981+0000] {spark_submit.py:571} INFO - 26/08/21 04:27:00 INFO BlockManagerInfo: Removed broadcast_8_piece0 on 172.18.0.7:43365 in memory (size: 10.1 KiB, free: 434.3 MiB)
[2026-08-21T04:27:00.985+0000] {spark_submit.py:571} INFO - 26/08/21 04:27:00 INFO BlockManagerInfo: Removed broadcast_8_piece0 on 172.18.0.6:46177 in memory (size: 10.1 KiB, free: 434.3 MiB)
[2026-08-21T04:27:00.986+0000] {spark_submit.py:571} INFO - 26/08/21 04:27:00 INFO TaskSetManager: Starting task 0.0 in stage 7.0 (TID 23) (172.18.0.7, executor 1, partition 0, NODE_LOCAL, 7619 bytes)
[2026-08-21T04:27:00.999+0000] {spark_submit.py:571} INFO - 26/08/21 04:27:00 INFO BlockManagerInfo: Added broadcast_9_piece0 in memory on 172.18.0.7:43365 (size: 5.9 KiB, free: 434.3 MiB)
[2026-08-21T04:27:01.004+0000] {spark_submit.py:571} INFO - 26/08/21 04:27:01 INFO MapOutputTrackerMasterEndpoint: Asked to send map output locations for shuffle 1 to 172.18.0.7:60638
[2026-08-21T04:27:01.023+0000] {spark_submit.py:571} INFO - 26/08/21 04:27:01 INFO TaskSetManager: Finished task 0.0 in stage 7.0 (TID 23) in 37 ms on 172.18.0.7 (executor 1) (1/1)
[2026-08-21T04:27:01.023+0000] {spark_submit.py:571} INFO - 26/08/21 04:27:01 INFO TaskSchedulerImpl: Removed TaskSet 7.0, whose tasks have all completed, from pool
[2026-08-21T04:27:01.024+0000] {spark_submit.py:571} INFO - 26/08/21 04:27:01 INFO DAGScheduler: ResultStage 7 (count at NativeMethodAccessorImpl.java:0) finished in 0.071 s
[2026-08-21T04:27:01.024+0000] {spark_submit.py:571} INFO - 26/08/21 04:27:01 INFO DAGScheduler: Job 5 is finished. Cancelling potential speculative or zombie tasks for this job
[2026-08-21T04:27:01.024+0000] {spark_submit.py:571} INFO - 26/08/21 04:27:01 INFO TaskSchedulerImpl: Killing all running tasks in stage 7: Stage finished
[2026-08-21T04:27:01.025+0000] {spark_submit.py:571} INFO - 26/08/21 04:27:01 INFO DAGScheduler: Job 5 finished: count at NativeMethodAccessorImpl.java:0, took 0.073471 s
[2026-08-21T04:27:01.026+0000] {spark_submit.py:571} INFO - Đang ghi 3614 dòng xuống Bronze layer (Partition: 2025-06-01 / 01)...
[2026-08-21T04:27:01.226+0000] {spark_submit.py:571} INFO - 26/08/21 04:27:01 INFO DelegatingLogStore: LogStore `LogStoreAdapter(io.delta.storage.S3SingleDriverLogStore)` is used for scheme `s3a`
[2026-08-21T04:27:01.251+0000] {spark_submit.py:571} INFO - 26/08/21 04:27:01 INFO DeltaLog: Creating initial snapshot without metadata, because the directory is empty
[2026-08-21T04:27:01.328+0000] {spark_submit.py:571} INFO - 26/08/21 04:27:01 INFO InitialSnapshot: [tableId=bc9f9d03-4e04-4aa6-b510-acd876037557] Created snapshot InitialSnapshot(path=s3a://bronze/cell_kpi_raw/_delta_log, version=-1, metadata=Metadata(cf7de56e-d0c3-405c-8972-7a18aa3616c1,null,null,Format(parquet,Map()),null,List(),Map(),Some(1787286421323)), logSegment=LogSegment(s3a://bronze/cell_kpi_raw/_delta_log,-1,List(),org.apache.spark.sql.delta.EmptyCheckpointProvider$@127bac6f,-1), checksumOpt=None)
[2026-08-21T04:27:01.403+0000] {spark_submit.py:571} INFO - 26/08/21 04:27:01 INFO DeltaLog: Creating initial snapshot without metadata, because the directory is empty
[2026-08-21T04:27:01.403+0000] {spark_submit.py:571} INFO - 26/08/21 04:27:01 INFO InitialSnapshot: [tableId=cf7de56e-d0c3-405c-8972-7a18aa3616c1] Created snapshot InitialSnapshot(path=s3a://bronze/cell_kpi_raw/_delta_log, version=-1, metadata=Metadata(0561ac4c-0939-40ba-ace6-6fdb3495c443,null,null,Format(parquet,Map()),null,List(),Map(),Some(1787286421403)), logSegment=LogSegment(s3a://bronze/cell_kpi_raw/_delta_log,-1,List(),org.apache.spark.sql.delta.EmptyCheckpointProvider$@127bac6f,-1), checksumOpt=None)
[2026-08-21T04:27:01.457+0000] {spark_submit.py:571} INFO - 26/08/21 04:27:01 INFO OptimisticTransaction: [tableId=0561ac4c,txnId=e80b40f4] Updated metadata from - to Metadata(20609ef2-b0d5-4640-a29f-1e05bc167367,null,null,Format(parquet,Map()),{"type":"struct","fields":[{"name":"enb_name","type":"string","nullable":true,"metadata":{}},{"name":"cell_name","type":"string","nullable":true,"metadata":{}},{"name":"date_hour","type":"string","nullable":true,"metadata":{}},{"name":"dl_traffic_gb","type":"double","nullable":true,"metadata":{}},{"name":"ul_traffic_gb","type":"double","nullable":true,"metadata":{}},{"name":"total_traffic_gb","type":"double","nullable":true,"metadata":{}},{"name":"max_rrc_connected_user","type":"integer","nullable":true,"metadata":{}},{"name":"ul_prb","type":"double","nullable":true,"metadata":{}},{"name":"ul_prb_used","type":"double","nullable":true,"metadata":{}},{"name":"ul_prb_available_total","type":"double","nullable":true,"metadata":{}},{"name":"dl_prb","type":"double","nullable":true,"metadata":{}},{"name":"dl_prb_used","type":"double","nullable":true,"metadata":{}},{"name":"dl_prb_available_total","type":"double","nullable":true,"metadata":{}},{"name":"sector","type":"string","nullable":true,"metadata":{}},{"name":"azimuth","type":"integer","nullable":true,"metadata":{}},{"name":"cell_type","type":"string","nullable":true,"metadata":{}},{"name":"x","type":"double","nullable":true,"metadata":{}},{"name":"y","type":"double","nullable":true,"metadata":{}},{"name":"date","type":"string","nullable":true,"metadata":{}},{"name":"hour","type":"string","nullable":true,"metadata":{}}]},List(date, hour),Map(),Some(1787286421433))
[2026-08-21T04:27:01.838+0000] {spark_submit.py:571} INFO - 26/08/21 04:27:01 INFO BlockManagerInfo: Removed broadcast_9_piece0 on c90a551abb73:38955 in memory (size: 5.9 KiB, free: 434.3 MiB)
[2026-08-21T04:27:01.842+0000] {spark_submit.py:571} INFO - 26/08/21 04:27:01 INFO FileSourceStrategy: Pushed Filters: IsNotNull(date_hour)
[2026-08-21T04:27:01.843+0000] {spark_submit.py:571} INFO - 26/08/21 04:27:01 INFO FileSourceStrategy: Post-Scan Filters: isnotnull(date_hour#19),(regexp_replace(date_hour#19, ", , 1) = 2025-06-01-01)
[2026-08-21T04:27:01.847+0000] {spark_submit.py:571} INFO - 26/08/21 04:27:01 INFO BlockManagerInfo: Removed broadcast_9_piece0 on 172.18.0.7:43365 in memory (size: 5.9 KiB, free: 434.3 MiB)
[2026-08-21T04:27:01.863+0000] {spark_submit.py:571} INFO - 26/08/21 04:27:01 INFO BlockManagerInfo: Removed broadcast_7_piece0 on c90a551abb73:38955 in memory (size: 34.8 KiB, free: 434.4 MiB)
[2026-08-21T04:27:01.870+0000] {spark_submit.py:571} INFO - 26/08/21 04:27:01 INFO BlockManagerInfo: Removed broadcast_7_piece0 on 172.18.0.7:43365 in memory (size: 34.8 KiB, free: 434.4 MiB)
[2026-08-21T04:27:01.881+0000] {spark_submit.py:571} INFO - 26/08/21 04:27:01 INFO BlockManagerInfo: Removed broadcast_7_piece0 on 172.18.0.6:46177 in memory (size: 34.8 KiB, free: 434.4 MiB)
[2026-08-21T04:27:01.919+0000] {spark_submit.py:571} INFO - 26/08/21 04:27:01 INFO ParquetUtils: Using default output committer for Parquet: org.apache.parquet.hadoop.ParquetOutputCommitter
[2026-08-21T04:27:01.996+0000] {spark_submit.py:571} INFO - 26/08/21 04:27:01 INFO CodeGenerator: Code generated in 45.365625 ms
[2026-08-21T04:27:01.998+0000] {spark_submit.py:571} INFO - 26/08/21 04:27:01 INFO MemoryStore: Block broadcast_10 stored as values in memory (estimated size 201.7 KiB, free 434.0 MiB)
[2026-08-21T04:27:02.012+0000] {spark_submit.py:571} INFO - 26/08/21 04:27:02 INFO MemoryStore: Block broadcast_10_piece0 stored as bytes in memory (estimated size 34.8 KiB, free 433.9 MiB)
[2026-08-21T04:27:02.013+0000] {spark_submit.py:571} INFO - 26/08/21 04:27:02 INFO BlockManagerInfo: Added broadcast_10_piece0 in memory on c90a551abb73:38955 (size: 34.8 KiB, free: 434.3 MiB)
[2026-08-21T04:27:02.014+0000] {spark_submit.py:571} INFO - 26/08/21 04:27:02 INFO SparkContext: Created broadcast 10 from save at NativeMethodAccessorImpl.java:0
[2026-08-21T04:27:02.016+0000] {spark_submit.py:571} INFO - 26/08/21 04:27:02 INFO FileSourceScanExec: Planning scan with bin packing, max size: 134217728 bytes, open cost is considered as scanning 4194304 bytes.
[2026-08-21T04:27:02.077+0000] {spark_submit.py:571} INFO - 26/08/21 04:27:02 INFO SparkContext: Starting job: save at NativeMethodAccessorImpl.java:0
[2026-08-21T04:27:02.079+0000] {spark_submit.py:571} INFO - 26/08/21 04:27:02 INFO DAGScheduler: Got job 6 (save at NativeMethodAccessorImpl.java:0) with 7 output partitions
[2026-08-21T04:27:02.079+0000] {spark_submit.py:571} INFO - 26/08/21 04:27:02 INFO DAGScheduler: Final stage: ResultStage 8 (save at NativeMethodAccessorImpl.java:0)
[2026-08-21T04:27:02.079+0000] {spark_submit.py:571} INFO - 26/08/21 04:27:02 INFO DAGScheduler: Parents of final stage: List()
[2026-08-21T04:27:02.080+0000] {spark_submit.py:571} INFO - 26/08/21 04:27:02 INFO DAGScheduler: Missing parents: List()
[2026-08-21T04:27:02.081+0000] {spark_submit.py:571} INFO - 26/08/21 04:27:02 INFO DAGScheduler: Submitting ResultStage 8 (MapPartitionsRDD[28] at save at NativeMethodAccessorImpl.java:0), which has no missing parents
[2026-08-21T04:27:02.120+0000] {spark_submit.py:571} INFO - 26/08/21 04:27:02 INFO MemoryStore: Block broadcast_11 stored as values in memory (estimated size 374.0 KiB, free 433.6 MiB)
[2026-08-21T04:27:02.123+0000] {spark_submit.py:571} INFO - 26/08/21 04:27:02 INFO MemoryStore: Block broadcast_11_piece0 stored as bytes in memory (estimated size 134.6 KiB, free 433.4 MiB)
[2026-08-21T04:27:02.124+0000] {spark_submit.py:571} INFO - 26/08/21 04:27:02 INFO BlockManagerInfo: Added broadcast_11_piece0 in memory on c90a551abb73:38955 (size: 134.6 KiB, free: 434.2 MiB)
[2026-08-21T04:27:02.126+0000] {spark_submit.py:571} INFO - 26/08/21 04:27:02 INFO SparkContext: Created broadcast 11 from broadcast at DAGScheduler.scala:1585
[2026-08-21T04:27:02.126+0000] {spark_submit.py:571} INFO - 26/08/21 04:27:02 INFO DAGScheduler: Submitting 7 missing tasks from ResultStage 8 (MapPartitionsRDD[28] at save at NativeMethodAccessorImpl.java:0) (first 15 tasks are for partitions Vector(0, 1, 2, 3, 4, 5, 6))
[2026-08-21T04:27:02.126+0000] {spark_submit.py:571} INFO - 26/08/21 04:27:02 INFO TaskSchedulerImpl: Adding task set 8.0 with 7 tasks resource profile 0
[2026-08-21T04:27:02.128+0000] {spark_submit.py:571} INFO - 26/08/21 04:27:02 INFO TaskSetManager: Starting task 0.0 in stage 8.0 (TID 24) (172.18.0.6, executor 0, partition 0, PROCESS_LOCAL, 8210 bytes)
[2026-08-21T04:27:02.129+0000] {spark_submit.py:571} INFO - 26/08/21 04:27:02 INFO TaskSetManager: Starting task 1.0 in stage 8.0 (TID 25) (172.18.0.7, executor 1, partition 1, PROCESS_LOCAL, 8210 bytes)
[2026-08-21T04:27:02.130+0000] {spark_submit.py:571} INFO - 26/08/21 04:27:02 INFO TaskSetManager: Starting task 2.0 in stage 8.0 (TID 26) (172.18.0.6, executor 0, partition 2, PROCESS_LOCAL, 8210 bytes)
[2026-08-21T04:27:02.130+0000] {spark_submit.py:571} INFO - 26/08/21 04:27:02 INFO TaskSetManager: Starting task 3.0 in stage 8.0 (TID 27) (172.18.0.7, executor 1, partition 3, PROCESS_LOCAL, 8210 bytes)
[2026-08-21T04:27:02.163+0000] {spark_submit.py:571} INFO - 26/08/21 04:27:02 INFO BlockManagerInfo: Added broadcast_11_piece0 in memory on 172.18.0.6:46177 (size: 134.6 KiB, free: 434.2 MiB)
[2026-08-21T04:27:02.165+0000] {spark_submit.py:571} INFO - 26/08/21 04:27:02 INFO BlockManagerInfo: Added broadcast_11_piece0 in memory on 172.18.0.7:43365 (size: 134.6 KiB, free: 434.2 MiB)
[2026-08-21T04:27:02.923+0000] {spark_submit.py:571} INFO - 26/08/21 04:27:02 INFO BlockManagerInfo: Added broadcast_10_piece0 in memory on 172.18.0.7:43365 (size: 34.8 KiB, free: 434.2 MiB)
[2026-08-21T04:27:03.091+0000] {spark_submit.py:571} INFO - 26/08/21 04:27:03 INFO BlockManagerInfo: Added broadcast_10_piece0 in memory on 172.18.0.6:46177 (size: 34.8 KiB, free: 434.2 MiB)
[2026-08-21T04:27:08.480+0000] {spark_submit.py:571} INFO - 26/08/21 04:27:08 INFO TaskSetManager: Starting task 4.0 in stage 8.0 (TID 28) (172.18.0.6, executor 0, partition 4, PROCESS_LOCAL, 8210 bytes)
[2026-08-21T04:27:08.490+0000] {spark_submit.py:571} INFO - 26/08/21 04:27:08 INFO TaskSetManager: Starting task 5.0 in stage 8.0 (TID 29) (172.18.0.6, executor 0, partition 5, PROCESS_LOCAL, 8210 bytes)
[2026-08-21T04:27:08.493+0000] {spark_submit.py:571} INFO - 26/08/21 04:27:08 INFO TaskSetManager: Finished task 2.0 in stage 8.0 (TID 26) in 6363 ms on 172.18.0.6 (executor 0) (1/7)
[2026-08-21T04:27:08.493+0000] {spark_submit.py:571} INFO - 26/08/21 04:27:08 INFO TaskSetManager: Finished task 0.0 in stage 8.0 (TID 24) in 6365 ms on 172.18.0.6 (executor 0) (2/7)
[2026-08-21T04:27:08.499+0000] {spark_submit.py:571} INFO - 26/08/21 04:27:08 INFO TaskSetManager: Starting task 6.0 in stage 8.0 (TID 30) (172.18.0.7, executor 1, partition 6, PROCESS_LOCAL, 8210 bytes)
[2026-08-21T04:27:08.499+0000] {spark_submit.py:571} INFO - 26/08/21 04:27:08 INFO TaskSetManager: Finished task 3.0 in stage 8.0 (TID 27) in 6368 ms on 172.18.0.7 (executor 1) (3/7)
[2026-08-21T04:27:08.505+0000] {spark_submit.py:571} INFO - 26/08/21 04:27:08 INFO TaskSetManager: Finished task 1.0 in stage 8.0 (TID 25) in 6375 ms on 172.18.0.7 (executor 1) (4/7)
[2026-08-21T04:27:11.807+0000] {spark_submit.py:571} INFO - 26/08/21 04:27:11 INFO TaskSetManager: Finished task 6.0 in stage 8.0 (TID 30) in 3310 ms on 172.18.0.7 (executor 1) (5/7)
[2026-08-21T04:27:13.374+0000] {spark_submit.py:571} INFO - 26/08/21 04:27:13 INFO TaskSetManager: Finished task 4.0 in stage 8.0 (TID 28) in 4893 ms on 172.18.0.6 (executor 0) (6/7)
[2026-08-21T04:27:13.375+0000] {spark_submit.py:571} INFO - 26/08/21 04:27:13 INFO TaskSetManager: Finished task 5.0 in stage 8.0 (TID 29) in 4886 ms on 172.18.0.6 (executor 0) (7/7)
[2026-08-21T04:27:13.376+0000] {spark_submit.py:571} INFO - 26/08/21 04:27:13 INFO TaskSchedulerImpl: Removed TaskSet 8.0, whose tasks have all completed, from pool
[2026-08-21T04:27:13.376+0000] {spark_submit.py:571} INFO - 26/08/21 04:27:13 INFO DAGScheduler: ResultStage 8 (save at NativeMethodAccessorImpl.java:0) finished in 11.293 s
[2026-08-21T04:27:13.377+0000] {spark_submit.py:571} INFO - 26/08/21 04:27:13 INFO DAGScheduler: Job 6 is finished. Cancelling potential speculative or zombie tasks for this job
[2026-08-21T04:27:13.377+0000] {spark_submit.py:571} INFO - 26/08/21 04:27:13 INFO TaskSchedulerImpl: Killing all running tasks in stage 8: Stage finished
[2026-08-21T04:27:13.380+0000] {spark_submit.py:571} INFO - 26/08/21 04:27:13 INFO DAGScheduler: Job 6 finished: save at NativeMethodAccessorImpl.java:0, took 11.300013 s
[2026-08-21T04:27:13.380+0000] {spark_submit.py:571} INFO - 26/08/21 04:27:13 INFO DeltaFileFormatWriter: Start to commit write Job 2a421776-7769-4282-96de-ffeb336f50a1.
[2026-08-21T04:27:13.381+0000] {spark_submit.py:571} INFO - 26/08/21 04:27:13 INFO DeltaFileFormatWriter: Write Job 2a421776-7769-4282-96de-ffeb336f50a1 committed. Elapsed time: 0 ms.
[2026-08-21T04:27:13.384+0000] {spark_submit.py:571} INFO - 26/08/21 04:27:13 INFO DeltaFileFormatWriter: Finished processing stats for write job 2a421776-7769-4282-96de-ffeb336f50a1.
[2026-08-21T04:27:13.466+0000] {spark_submit.py:571} INFO - 26/08/21 04:27:13 INFO OptimisticTransaction: [tableId=0561ac4c,txnId=e80b40f4] Attempting to commit version 0 with 5 actions with Serializable isolation level
[2026-08-21T04:27:13.690+0000] {spark_submit.py:571} INFO - 26/08/21 04:27:13 INFO DeltaLog: Creating a new snapshot v0 for commit version 0
[2026-08-21T04:27:13.691+0000] {spark_submit.py:571} INFO - 26/08/21 04:27:13 INFO DeltaLog: Loading version 0.
[2026-08-21T04:27:13.736+0000] {spark_submit.py:571} INFO - 26/08/21 04:27:13 INFO BlockManagerInfo: Removed broadcast_11_piece0 on c90a551abb73:38955 in memory (size: 134.6 KiB, free: 434.3 MiB)
[2026-08-21T04:27:13.740+0000] {spark_submit.py:571} INFO - 26/08/21 04:27:13 INFO BlockManagerInfo: Removed broadcast_11_piece0 on 172.18.0.6:46177 in memory (size: 134.6 KiB, free: 434.3 MiB)
[2026-08-21T04:27:13.743+0000] {spark_submit.py:571} INFO - 26/08/21 04:27:13 INFO BlockManagerInfo: Removed broadcast_11_piece0 on 172.18.0.7:43365 in memory (size: 134.6 KiB, free: 434.3 MiB)
[2026-08-21T04:27:14.089+0000] {spark_submit.py:571} INFO - 26/08/21 04:27:14 INFO DeltaLogFileIndex: Created DeltaLogFileIndex(JSON, numFilesInSegment: 1, totalFileSize: 5793)
[2026-08-21T04:27:14.212+0000] {spark_submit.py:571} INFO - 26/08/21 04:27:14 INFO DataSourceStrategy: Pruning directories with:
[2026-08-21T04:27:14.213+0000] {spark_submit.py:571} INFO - 26/08/21 04:27:14 INFO FileSourceStrategy: Pushed Filters:
[2026-08-21T04:27:14.214+0000] {spark_submit.py:571} INFO - 26/08/21 04:27:14 INFO FileSourceStrategy: Post-Scan Filters: ((isnotnull(protocol#802.minReaderVersion) OR isnotnull(metaData#801.id)) OR (isnotnull(commitInfo#803.inCommitTimestamp) AND (version#804L = 0)))
[2026-08-21T04:27:14.331+0000] {spark_submit.py:571} INFO - 26/08/21 04:27:14 INFO CodeGenerator: Code generated in 96.080655 ms
[2026-08-21T04:27:14.335+0000] {spark_submit.py:571} INFO - 26/08/21 04:27:14 INFO MemoryStore: Block broadcast_12 stored as values in memory (estimated size 201.8 KiB, free 433.7 MiB)
[2026-08-21T04:27:14.355+0000] {spark_submit.py:571} INFO - 26/08/21 04:27:14 INFO MemoryStore: Block broadcast_12_piece0 stored as bytes in memory (estimated size 35.0 KiB, free 433.7 MiB)
[2026-08-21T04:27:14.362+0000] {spark_submit.py:571} INFO - 26/08/21 04:27:14 INFO BlockManagerInfo: Added broadcast_12_piece0 in memory on c90a551abb73:38955 (size: 35.0 KiB, free: 434.3 MiB)
[2026-08-21T04:27:14.365+0000] {spark_submit.py:571} INFO - 26/08/21 04:27:14 INFO SparkContext: Created broadcast 12 from $anonfun$recordDeltaOperationInternal$1 at DatabricksLogging.scala:128
[2026-08-21T04:27:14.383+0000] {spark_submit.py:571} INFO - 26/08/21 04:27:14 INFO FileSourceScanExec: Planning scan with bin packing, max size: 4194304 bytes, open cost is considered as scanning 4194304 bytes.
[2026-08-21T04:27:14.411+0000] {spark_submit.py:571} INFO - 26/08/21 04:27:14 INFO SparkContext: Starting job: $anonfun$recordDeltaOperationInternal$1 at DatabricksLogging.scala:128
[2026-08-21T04:27:14.413+0000] {spark_submit.py:571} INFO - 26/08/21 04:27:14 INFO DAGScheduler: Got job 7 ($anonfun$recordDeltaOperationInternal$1 at DatabricksLogging.scala:128) with 1 output partitions
[2026-08-21T04:27:14.413+0000] {spark_submit.py:571} INFO - 26/08/21 04:27:14 INFO DAGScheduler: Final stage: ResultStage 9 ($anonfun$recordDeltaOperationInternal$1 at DatabricksLogging.scala:128)
[2026-08-21T04:27:14.413+0000] {spark_submit.py:571} INFO - 26/08/21 04:27:14 INFO DAGScheduler: Parents of final stage: List()
[2026-08-21T04:27:14.414+0000] {spark_submit.py:571} INFO - 26/08/21 04:27:14 INFO DAGScheduler: Missing parents: List()
[2026-08-21T04:27:14.414+0000] {spark_submit.py:571} INFO - 26/08/21 04:27:14 INFO DAGScheduler: Submitting ResultStage 9 (MapPartitionsRDD[32] at $anonfun$recordDeltaOperationInternal$1 at DatabricksLogging.scala:128), which has no missing parents
[2026-08-21T04:27:14.416+0000] {spark_submit.py:571} INFO - 26/08/21 04:27:14 INFO MemoryStore: Block broadcast_13 stored as values in memory (estimated size 55.2 KiB, free 433.7 MiB)
[2026-08-21T04:27:14.417+0000] {spark_submit.py:571} INFO - 26/08/21 04:27:14 INFO MemoryStore: Block broadcast_13_piece0 stored as bytes in memory (estimated size 17.1 KiB, free 433.6 MiB)
[2026-08-21T04:27:14.419+0000] {spark_submit.py:571} INFO - 26/08/21 04:27:14 INFO BlockManagerInfo: Added broadcast_13_piece0 in memory on c90a551abb73:38955 (size: 17.1 KiB, free: 434.3 MiB)
[2026-08-21T04:27:14.419+0000] {spark_submit.py:571} INFO - 26/08/21 04:27:14 INFO SparkContext: Created broadcast 13 from broadcast at DAGScheduler.scala:1585
[2026-08-21T04:27:14.420+0000] {spark_submit.py:571} INFO - 26/08/21 04:27:14 INFO DAGScheduler: Submitting 1 missing tasks from ResultStage 9 (MapPartitionsRDD[32] at $anonfun$recordDeltaOperationInternal$1 at DatabricksLogging.scala:128) (first 15 tasks are for partitions Vector(0))
[2026-08-21T04:27:14.420+0000] {spark_submit.py:571} INFO - 26/08/21 04:27:14 INFO TaskSchedulerImpl: Adding task set 9.0 with 1 tasks resource profile 0
[2026-08-21T04:27:14.426+0000] {spark_submit.py:571} INFO - 26/08/21 04:27:14 INFO TaskSetManager: Starting task 0.0 in stage 9.0 (TID 31) (172.18.0.6, executor 0, partition 0, PROCESS_LOCAL, 8295 bytes)
[2026-08-21T04:27:14.462+0000] {spark_submit.py:571} INFO - 26/08/21 04:27:14 INFO BlockManagerInfo: Removed broadcast_4_piece0 on c90a551abb73:38955 in memory (size: 34.8 KiB, free: 434.3 MiB)
[2026-08-21T04:27:14.469+0000] {spark_submit.py:571} INFO - 26/08/21 04:27:14 INFO BlockManagerInfo: Added broadcast_13_piece0 in memory on 172.18.0.6:46177 (size: 17.1 KiB, free: 434.3 MiB)
[2026-08-21T04:27:14.471+0000] {spark_submit.py:571} INFO - 26/08/21 04:27:14 INFO BlockManagerInfo: Removed broadcast_4_piece0 on 172.18.0.6:46177 in memory (size: 34.8 KiB, free: 434.3 MiB)
[2026-08-21T04:27:14.472+0000] {spark_submit.py:571} INFO - 26/08/21 04:27:14 INFO BlockManagerInfo: Removed broadcast_4_piece0 on 172.18.0.7:43365 in memory (size: 34.8 KiB, free: 434.4 MiB)
[2026-08-21T04:27:14.664+0000] {spark_submit.py:571} INFO - 26/08/21 04:27:14 INFO BlockManagerInfo: Added broadcast_12_piece0 in memory on 172.18.0.6:46177 (size: 35.0 KiB, free: 434.3 MiB)
[2026-08-21T04:27:14.704+0000] {spark_submit.py:571} INFO - 26/08/21 04:27:14 INFO TaskSetManager: Finished task 0.0 in stage 9.0 (TID 31) in 280 ms on 172.18.0.6 (executor 0) (1/1)
[2026-08-21T04:27:14.705+0000] {spark_submit.py:571} INFO - 26/08/21 04:27:14 INFO TaskSchedulerImpl: Removed TaskSet 9.0, whose tasks have all completed, from pool
[2026-08-21T04:27:14.706+0000] {spark_submit.py:571} INFO - 26/08/21 04:27:14 INFO DAGScheduler: ResultStage 9 ($anonfun$recordDeltaOperationInternal$1 at DatabricksLogging.scala:128) finished in 0.290 s
[2026-08-21T04:27:14.706+0000] {spark_submit.py:571} INFO - 26/08/21 04:27:14 INFO DAGScheduler: Job 7 is finished. Cancelling potential speculative or zombie tasks for this job
[2026-08-21T04:27:14.706+0000] {spark_submit.py:571} INFO - 26/08/21 04:27:14 INFO TaskSchedulerImpl: Killing all running tasks in stage 9: Stage finished
[2026-08-21T04:27:14.707+0000] {spark_submit.py:571} INFO - 26/08/21 04:27:14 INFO DAGScheduler: Job 7 finished: $anonfun$recordDeltaOperationInternal$1 at DatabricksLogging.scala:128, took 0.294281 s
[2026-08-21T04:27:14.785+0000] {spark_submit.py:571} INFO - 26/08/21 04:27:14 INFO CodeGenerator: Code generated in 61.776686 ms
[2026-08-21T04:27:14.789+0000] {spark_submit.py:571} INFO - 26/08/21 04:27:14 INFO Snapshot: [tableId=0561ac4c-0939-40ba-ace6-6fdb3495c443] Created snapshot Snapshot(path=s3a://bronze/cell_kpi_raw/_delta_log, version=0, metadata=Metadata(20609ef2-b0d5-4640-a29f-1e05bc167367,null,null,Format(parquet,Map()),{"type":"struct","fields":[{"name":"enb_name","type":"string","nullable":true,"metadata":{}},{"name":"cell_name","type":"string","nullable":true,"metadata":{}},{"name":"date_hour","type":"string","nullable":true,"metadata":{}},{"name":"dl_traffic_gb","type":"double","nullable":true,"metadata":{}},{"name":"ul_traffic_gb","type":"double","nullable":true,"metadata":{}},{"name":"total_traffic_gb","type":"double","nullable":true,"metadata":{}},{"name":"max_rrc_connected_user","type":"integer","nullable":true,"metadata":{}},{"name":"ul_prb","type":"double","nullable":true,"metadata":{}},{"name":"ul_prb_used","type":"double","nullable":true,"metadata":{}},{"name":"ul_prb_available_total","type":"double","nullable":true,"metadata":{}},{"name":"dl_prb","type":"double","nullable":true,"metadata":{}},{"name":"dl_prb_used","type":"double","nullable":true,"metadata":{}},{"name":"dl_prb_available_total","type":"double","nullable":true,"metadata":{}},{"name":"sector","type":"string","nullable":true,"metadata":{}},{"name":"azimuth","type":"integer","nullable":true,"metadata":{}},{"name":"cell_type","type":"string","nullable":true,"metadata":{}},{"name":"x","type":"double","nullable":true,"metadata":{}},{"name":"y","type":"double","nullable":true,"metadata":{}},{"name":"date","type":"string","nullable":true,"metadata":{}},{"name":"hour","type":"string","nullable":true,"metadata":{}}]},List(date, hour),Map(),Some(1787286421433)), logSegment=LogSegment(s3a://bronze/cell_kpi_raw/_delta_log,0,List(S3AFileStatus{path=s3a://bronze/cell_kpi_raw/_delta_log/00000000000000000000.json; isDirectory=false; length=5793; replication=1; blocksize=33554432; modification_time=1787286433000; access_time=0; owner=***; group=***; permission=rw-rw-rw-; isSymlink=false; hasAcl=false; isEncrypted=true; isErasureCoded=false} isEmptyDirectory=FALSE eTag=126ad1ee385597b5153e1070bb825806 versionId=null),org.apache.spark.sql.delta.EmptyCheckpointProvider$@127bac6f,1787286433000), checksumOpt=None)
[2026-08-21T04:27:14.790+0000] {spark_submit.py:571} INFO - 26/08/21 04:27:14 INFO DeltaLog: Updated snapshot to Snapshot(path=s3a://bronze/cell_kpi_raw/_delta_log, version=0, metadata=Metadata(20609ef2-b0d5-4640-a29f-1e05bc167367,null,null,Format(parquet,Map()),{"type":"struct","fields":[{"name":"enb_name","type":"string","nullable":true,"metadata":{}},{"name":"cell_name","type":"string","nullable":true,"metadata":{}},{"name":"date_hour","type":"string","nullable":true,"metadata":{}},{"name":"dl_traffic_gb","type":"double","nullable":true,"metadata":{}},{"name":"ul_traffic_gb","type":"double","nullable":true,"metadata":{}},{"name":"total_traffic_gb","type":"double","nullable":true,"metadata":{}},{"name":"max_rrc_connected_user","type":"integer","nullable":true,"metadata":{}},{"name":"ul_prb","type":"double","nullable":true,"metadata":{}},{"name":"ul_prb_used","type":"double","nullable":true,"metadata":{}},{"name":"ul_prb_available_total","type":"double","nullable":true,"metadata":{}},{"name":"dl_prb","type":"double","nullable":true,"metadata":{}},{"name":"dl_prb_used","type":"double","nullable":true,"metadata":{}},{"name":"dl_prb_available_total","type":"double","nullable":true,"metadata":{}},{"name":"sector","type":"string","nullable":true,"metadata":{}},{"name":"azimuth","type":"integer","nullable":true,"metadata":{}},{"name":"cell_type","type":"string","nullable":true,"metadata":{}},{"name":"x","type":"double","nullable":true,"metadata":{}},{"name":"y","type":"double","nullable":true,"metadata":{}},{"name":"date","type":"string","nullable":true,"metadata":{}},{"name":"hour","type":"string","nullable":true,"metadata":{}}]},List(date, hour),Map(),Some(1787286421433)), logSegment=LogSegment(s3a://bronze/cell_kpi_raw/_delta_log,0,List(S3AFileStatus{path=s3a://bronze/cell_kpi_raw/_delta_log/00000000000000000000.json; isDirectory=false; length=5793; replication=1; blocksize=33554432; modification_time=1787286433000; access_time=0; owner=***; group=***; permission=rw-rw-rw-; isSymlink=false; hasAcl=false; isEncrypted=true; isErasureCoded=false} isEmptyDirectory=FALSE eTag=126ad1ee385597b5153e1070bb825806 versionId=null),org.apache.spark.sql.delta.EmptyCheckpointProvider$@127bac6f,1787286433000), checksumOpt=None)
[2026-08-21T04:27:14.828+0000] {spark_submit.py:571} INFO - 26/08/21 04:27:14 INFO OptimisticTransaction: [tableId=0561ac4c,txnId=e80b40f4] Committed delta #0 to s3a://bronze/cell_kpi_raw/_delta_log
[2026-08-21T04:27:14.835+0000] {spark_submit.py:571} INFO - Ingest Bronze Hourly hoàn tất!
[2026-08-21T04:27:14.839+0000] {spark_submit.py:571} INFO - 26/08/21 04:27:14 INFO SparkContext: SparkContext is stopping with exitCode 0.
[2026-08-21T04:27:14.845+0000] {spark_submit.py:571} INFO - 26/08/21 04:27:14 INFO SparkUI: Stopped Spark web UI at http://c90a551abb73:4040
[2026-08-21T04:27:14.848+0000] {spark_submit.py:571} INFO - 26/08/21 04:27:14 INFO StandaloneSchedulerBackend: Shutting down all executors
[2026-08-21T04:27:14.850+0000] {spark_submit.py:571} INFO - 26/08/21 04:27:14 INFO StandaloneSchedulerBackend$StandaloneDriverEndpoint: Asking each executor to shut down
[2026-08-21T04:27:14.883+0000] {spark_submit.py:571} INFO - 26/08/21 04:27:14 INFO MapOutputTrackerMasterEndpoint: MapOutputTrackerMasterEndpoint stopped!
[2026-08-21T04:27:15.006+0000] {spark_submit.py:571} INFO - 26/08/21 04:27:15 INFO MemoryStore: MemoryStore cleared
[2026-08-21T04:27:15.009+0000] {spark_submit.py:571} INFO - 26/08/21 04:27:15 INFO BlockManager: BlockManager stopped
[2026-08-21T04:27:15.028+0000] {spark_submit.py:571} INFO - 26/08/21 04:27:15 INFO BlockManagerMaster: BlockManagerMaster stopped
[2026-08-21T04:27:15.052+0000] {spark_submit.py:571} INFO - 26/08/21 04:27:15 INFO OutputCommitCoordinator$OutputCommitCoordinatorEndpoint: OutputCommitCoordinator stopped!
[2026-08-21T04:27:15.080+0000] {spark_submit.py:571} INFO - 26/08/21 04:27:15 INFO SparkContext: Successfully stopped SparkContext
[2026-08-21T04:27:15.371+0000] {spark_submit.py:571} INFO - 26/08/21 04:27:15 INFO ShutdownHookManager: Shutdown hook called
[2026-08-21T04:27:15.373+0000] {spark_submit.py:571} INFO - 26/08/21 04:27:15 INFO ShutdownHookManager: Deleting directory /tmp/spark-175c78d9-ef01-46f7-8318-f07a9694fafd
[2026-08-21T04:27:15.386+0000] {spark_submit.py:571} INFO - 26/08/21 04:27:15 INFO ShutdownHookManager: Deleting directory /tmp/spark-98eaa293-59d2-4157-8612-b3d8a92d6d34
[2026-08-21T04:27:15.397+0000] {spark_submit.py:571} INFO - 26/08/21 04:27:15 INFO ShutdownHookManager: Deleting directory /tmp/spark-175c78d9-ef01-46f7-8318-f07a9694fafd/pyspark-db5b4af0-8d12-4b1d-b3d6-9a9a7b2701bd
[2026-08-21T04:27:15.409+0000] {spark_submit.py:571} INFO - 26/08/21 04:27:15 INFO MetricsSystemImpl: Stopping s3a-file-system metrics system...
[2026-08-21T04:27:15.410+0000] {spark_submit.py:571} INFO - 26/08/21 04:27:15 INFO MetricsSystemImpl: s3a-file-system metrics system stopped.
[2026-08-21T04:27:15.412+0000] {spark_submit.py:571} INFO - 26/08/21 04:27:15 INFO MetricsSystemImpl: s3a-file-system metrics system shutdown complete.
[2026-08-21T04:27:15.484+0000] {taskinstance.py:441} INFO - ::group::Post task execution logs
[2026-08-21T04:27:15.502+0000] {taskinstance.py:1206} INFO - Marking task as SUCCESS. dag_id=cell_kpi_hourly_anomaly_pipeline, task_id=1_ingest_hourly_bronze, run_id=scheduled__2025-05-31T18:00:00+00:00, execution_date=20250531T180000, start_date=20260821T042618, end_date=20260821T042715
[2026-08-21T04:27:15.560+0000] {local_task_job_runner.py:240} INFO - Task exited with return code 0
[2026-08-21T04:27:15.591+0000] {taskinstance.py:3498} INFO - 1 downstream tasks scheduled from follow-on schedule check
[2026-08-21T04:27:15.596+0000] {local_task_job_runner.py:222} INFO - ::endgroup::
[2026-08-21T04:32:22.820+0000] {local_task_job_runner.py:120} INFO - ::group::Pre task execution logs
[2026-08-21T04:32:22.834+0000] {taskinstance.py:2076} INFO - Dependencies all met for dep_context=non-requeueable deps ti=<TaskInstance: cell_kpi_hourly_anomaly_pipeline.1_ingest_hourly_bronze scheduled__2025-05-31T18:00:00+00:00 [queued]>
[2026-08-21T04:32:22.840+0000] {taskinstance.py:2076} INFO - Dependencies all met for dep_context=requeueable deps ti=<TaskInstance: cell_kpi_hourly_anomaly_pipeline.1_ingest_hourly_bronze scheduled__2025-05-31T18:00:00+00:00 [queued]>
[2026-08-21T04:32:22.840+0000] {taskinstance.py:2306} INFO - Starting attempt 1 of 2
[2026-08-21T04:32:22.852+0000] {taskinstance.py:2330} INFO - Executing <Task(SparkSubmitOperator): 1_ingest_hourly_bronze> on 2025-05-31 18:00:00+00:00
[2026-08-21T04:32:22.858+0000] {standard_task_runner.py:63} INFO - Started process 6468 to run task
[2026-08-21T04:32:22.864+0000] {standard_task_runner.py:90} INFO - Running: ['***', 'tasks', 'run', 'cell_kpi_hourly_anomaly_pipeline', '1_ingest_hourly_bronze', 'scheduled__2025-05-31T18:00:00+00:00', '--job-id', '60', '--raw', '--subdir', 'DAGS_FOLDER/cell_kpi_hourly_anomaly.py', '--cfg-path', '/tmp/tmprht6iq7e']
[2026-08-21T04:32:22.867+0000] {standard_task_runner.py:91} INFO - Job 60: Subtask 1_ingest_hourly_bronze
[2026-08-21T04:32:22.912+0000] {task_command.py:426} INFO - Running <TaskInstance: cell_kpi_hourly_anomaly_pipeline.1_ingest_hourly_bronze scheduled__2025-05-31T18:00:00+00:00 [running]> on host c90a551abb73
[2026-08-21T04:32:22.961+0000] {logging_mixin.py:188} WARNING - /home/***/.local/lib/python3.10/site-packages/***/utils/context.py:212 AirflowContextDeprecationWarning: Accessing 'execution_date' from the template is deprecated and will be removed in a future version. Please use 'data_interval_start' or 'logical_date' instead.
[2026-08-21T04:32:22.990+0000] {taskinstance.py:2648} INFO - Exporting env vars: AIRFLOW_CTX_DAG_OWNER='data_engineer_team' AIRFLOW_CTX_DAG_ID='cell_kpi_hourly_anomaly_pipeline' AIRFLOW_CTX_TASK_ID='1_ingest_hourly_bronze' AIRFLOW_CTX_EXECUTION_DATE='2025-05-31T18:00:00+00:00' AIRFLOW_CTX_TRY_NUMBER='1' AIRFLOW_CTX_DAG_RUN_ID='scheduled__2025-05-31T18:00:00+00:00'
[2026-08-21T04:32:22.991+0000] {taskinstance.py:430} INFO - ::endgroup::
[2026-08-21T04:32:23.008+0000] {base.py:84} INFO - Using connection ID 'spark-master' for task execution.
[2026-08-21T04:32:23.008+0000] {spark_submit.py:401} INFO - Spark-Submit cmd: spark-submit --master spark://spark-master:7077 --name arrow-spark --deploy-mode client /opt/spark_scripts/1_ingest_hourly.py --input_path s3a://landingzone/202506.csv --target_date_hour 2025-06-01-01
[2026-08-21T04:32:23.095+0000] {spark_submit.py:571} INFO - /home/***/.local/lib/python3.10/site-packages/pyspark/bin/load-spark-env.sh: line 68: ps: command not found
[2026-08-21T04:32:26.391+0000] {spark_submit.py:571} INFO - 26/08/21 04:32:26 INFO SparkContext: Running Spark version 3.5.1
[2026-08-21T04:32:26.393+0000] {spark_submit.py:571} INFO - 26/08/21 04:32:26 INFO SparkContext: OS info Linux, 6.8.0-1052-azure, amd64
[2026-08-21T04:32:26.397+0000] {spark_submit.py:571} INFO - 26/08/21 04:32:26 INFO SparkContext: Java version 17.0.20
[2026-08-21T04:32:26.493+0000] {spark_submit.py:571} INFO - 26/08/21 04:32:26 WARN NativeCodeLoader: Unable to load native-hadoop library for your platform... using builtin-java classes where applicable
[2026-08-21T04:32:26.767+0000] {spark_submit.py:571} INFO - 26/08/21 04:32:26 INFO ResourceUtils: ==============================================================
[2026-08-21T04:32:26.767+0000] {spark_submit.py:571} INFO - 26/08/21 04:32:26 INFO ResourceUtils: No custom resources configured for spark.driver.
[2026-08-21T04:32:26.768+0000] {spark_submit.py:571} INFO - 26/08/21 04:32:26 INFO ResourceUtils: ==============================================================
[2026-08-21T04:32:26.770+0000] {spark_submit.py:571} INFO - 26/08/21 04:32:26 INFO SparkContext: Submitted application: Ingest_Bronze_2025-06-01-01
[2026-08-21T04:32:26.795+0000] {spark_submit.py:571} INFO - 26/08/21 04:32:26 INFO ResourceProfile: Default ResourceProfile created, executor resources: Map(memory -> name: memory, amount: 1024, script: , vendor: , offHeap -> name: offHeap, amount: 0, script: , vendor: ), task resources: Map(cpus -> name: cpus, amount: 1.0)
[2026-08-21T04:32:26.813+0000] {spark_submit.py:571} INFO - 26/08/21 04:32:26 INFO ResourceProfile: Limiting resource is cpu
[2026-08-21T04:32:26.815+0000] {spark_submit.py:571} INFO - 26/08/21 04:32:26 INFO ResourceProfileManager: Added ResourceProfile id: 0
[2026-08-21T04:32:26.876+0000] {spark_submit.py:571} INFO - 26/08/21 04:32:26 INFO SecurityManager: Changing view acls to: ***
[2026-08-21T04:32:26.882+0000] {spark_submit.py:571} INFO - 26/08/21 04:32:26 INFO SecurityManager: Changing modify acls to: ***
[2026-08-21T04:32:26.883+0000] {spark_submit.py:571} INFO - 26/08/21 04:32:26 INFO SecurityManager: Changing view acls groups to:
[2026-08-21T04:32:26.883+0000] {spark_submit.py:571} INFO - 26/08/21 04:32:26 INFO SecurityManager: Changing modify acls groups to:
[2026-08-21T04:32:26.884+0000] {spark_submit.py:571} INFO - 26/08/21 04:32:26 INFO SecurityManager: SecurityManager: authentication disabled; ui acls disabled; users with view permissions: ***; groups with view permissions: EMPTY; users with modify permissions: ***; groups with modify permissions: EMPTY
[2026-08-21T04:32:27.263+0000] {spark_submit.py:571} INFO - 26/08/21 04:32:27 INFO Utils: Successfully started service 'sparkDriver' on port 34115.
[2026-08-21T04:32:27.324+0000] {spark_submit.py:571} INFO - 26/08/21 04:32:27 INFO SparkEnv: Registering MapOutputTracker
[2026-08-21T04:32:27.378+0000] {spark_submit.py:571} INFO - 26/08/21 04:32:27 INFO SparkEnv: Registering BlockManagerMaster
[2026-08-21T04:32:27.397+0000] {spark_submit.py:571} INFO - 26/08/21 04:32:27 INFO BlockManagerMasterEndpoint: Using org.apache.spark.storage.DefaultTopologyMapper for getting topology information
[2026-08-21T04:32:27.400+0000] {spark_submit.py:571} INFO - 26/08/21 04:32:27 INFO BlockManagerMasterEndpoint: BlockManagerMasterEndpoint up
[2026-08-21T04:32:27.401+0000] {spark_submit.py:571} INFO - 26/08/21 04:32:27 INFO SparkEnv: Registering BlockManagerMasterHeartbeat
[2026-08-21T04:32:27.422+0000] {spark_submit.py:571} INFO - 26/08/21 04:32:27 INFO DiskBlockManager: Created local directory at /tmp/blockmgr-9bb68708-7631-4e1a-bb5c-6f86a10b6e7f
[2026-08-21T04:32:27.442+0000] {spark_submit.py:571} INFO - 26/08/21 04:32:27 INFO MemoryStore: MemoryStore started with capacity 434.4 MiB
[2026-08-21T04:32:27.459+0000] {spark_submit.py:571} INFO - 26/08/21 04:32:27 INFO SparkEnv: Registering OutputCommitCoordinator
[2026-08-21T04:32:27.635+0000] {spark_submit.py:571} INFO - 26/08/21 04:32:27 INFO JettyUtils: Start Jetty 0.0.0.0:4040 for SparkUI
[2026-08-21T04:32:27.761+0000] {spark_submit.py:571} INFO - 26/08/21 04:32:27 WARN Utils: Service 'SparkUI' could not bind on port 4040. Attempting port 4041.
[2026-08-21T04:32:27.775+0000] {spark_submit.py:571} INFO - 26/08/21 04:32:27 INFO Utils: Successfully started service 'SparkUI' on port 4041.
[2026-08-21T04:32:28.040+0000] {spark_submit.py:571} INFO - 26/08/21 04:32:28 INFO StandaloneAppClient$ClientEndpoint: Connecting to master spark://spark-master:7077...
[2026-08-21T04:32:28.154+0000] {spark_submit.py:571} INFO - 26/08/21 04:32:28 INFO TransportClientFactory: Successfully created connection to spark-master/172.18.0.4:7077 after 45 ms (0 ms spent in bootstraps)
[2026-08-21T04:32:28.380+0000] {spark_submit.py:571} INFO - 26/08/21 04:32:28 INFO StandaloneSchedulerBackend: Connected to Spark cluster with app ID app-20260821043228-0019
[2026-08-21T04:32:28.395+0000] {spark_submit.py:571} INFO - 26/08/21 04:32:28 INFO Utils: Successfully started service 'org.apache.spark.network.netty.NettyBlockTransferService' on port 33659.
[2026-08-21T04:32:28.396+0000] {spark_submit.py:571} INFO - 26/08/21 04:32:28 INFO NettyBlockTransferService: Server created on c90a551abb73:33659
[2026-08-21T04:32:28.400+0000] {spark_submit.py:571} INFO - 26/08/21 04:32:28 INFO BlockManager: Using org.apache.spark.storage.RandomBlockReplicationPolicy for block replication policy
[2026-08-21T04:32:28.411+0000] {spark_submit.py:571} INFO - 26/08/21 04:32:28 INFO BlockManagerMaster: Registering BlockManager BlockManagerId(driver, c90a551abb73, 33659, None)
[2026-08-21T04:32:28.417+0000] {spark_submit.py:571} INFO - 26/08/21 04:32:28 INFO BlockManagerMasterEndpoint: Registering block manager c90a551abb73:33659 with 434.4 MiB RAM, BlockManagerId(driver, c90a551abb73, 33659, None)
[2026-08-21T04:32:28.418+0000] {spark_submit.py:571} INFO - 26/08/21 04:32:28 INFO BlockManagerMaster: Registered BlockManager BlockManagerId(driver, c90a551abb73, 33659, None)
[2026-08-21T04:32:28.419+0000] {spark_submit.py:571} INFO - 26/08/21 04:32:28 INFO BlockManager: Initialized BlockManager: BlockManagerId(driver, c90a551abb73, 33659, None)
[2026-08-21T04:32:29.193+0000] {spark_submit.py:571} INFO - 26/08/21 04:32:29 INFO StandaloneSchedulerBackend: SchedulerBackend is ready for scheduling beginning after reached minRegisteredResourcesRatio: 0.0
[2026-08-21T04:32:30.040+0000] {spark_submit.py:571} INFO - Đang nạp s3a://landingzone/202506.csv và trích xuất dữ liệu ca: 2025-06-01-01...
[2026-08-21T04:32:30.218+0000] {spark_submit.py:571} INFO - 26/08/21 04:32:30 INFO SharedState: Setting hive.metastore.warehouse.dir ('null') to the value of spark.sql.warehouse.dir.
[2026-08-21T04:32:30.252+0000] {spark_submit.py:571} INFO - 26/08/21 04:32:30 INFO SharedState: Warehouse path is 'file:/opt/***/spark-warehouse'.
[2026-08-21T04:32:33.087+0000] {spark_submit.py:571} INFO - 26/08/21 04:32:33 WARN MetricsConfig: Cannot locate configuration: tried hadoop-metrics2-s3a-file-system.properties,hadoop-metrics2.properties
[2026-08-21T04:32:33.110+0000] {spark_submit.py:571} INFO - 26/08/21 04:32:33 INFO MetricsSystemImpl: Scheduled Metric snapshot period at 10 second(s).
[2026-08-21T04:32:33.116+0000] {spark_submit.py:571} INFO - 26/08/21 04:32:33 INFO MetricsSystemImpl: s3a-file-system metrics system started
[2026-08-21T04:32:35.294+0000] {spark_submit.py:571} INFO - 26/08/21 04:32:35 INFO InMemoryFileIndex: It took 82 ms to list leaf files for 1 paths.
[2026-08-21T04:32:35.414+0000] {spark_submit.py:571} INFO - 26/08/21 04:32:35 INFO InMemoryFileIndex: It took 25 ms to list leaf files for 1 paths.
[2026-08-21T04:32:38.201+0000] {spark_submit.py:571} INFO - 26/08/21 04:32:38 INFO FileSourceStrategy: Pushed Filters:
[2026-08-21T04:32:38.203+0000] {spark_submit.py:571} INFO - 26/08/21 04:32:38 INFO FileSourceStrategy: Post-Scan Filters: (length(trim(value#0, None)) > 0)
[2026-08-21T04:32:38.838+0000] {spark_submit.py:571} INFO - 26/08/21 04:32:38 INFO CodeGenerator: Code generated in 235.552187 ms
[2026-08-21T04:32:38.893+0000] {spark_submit.py:571} INFO - 26/08/21 04:32:38 INFO MemoryStore: Block broadcast_0 stored as values in memory (estimated size 201.8 KiB, free 434.2 MiB)
[2026-08-21T04:32:38.941+0000] {spark_submit.py:571} INFO - 26/08/21 04:32:38 INFO MemoryStore: Block broadcast_0_piece0 stored as bytes in memory (estimated size 34.9 KiB, free 434.2 MiB)
[2026-08-21T04:32:38.943+0000] {spark_submit.py:571} INFO - 26/08/21 04:32:38 INFO BlockManagerInfo: Added broadcast_0_piece0 in memory on c90a551abb73:33659 (size: 34.9 KiB, free: 434.4 MiB)
[2026-08-21T04:32:38.948+0000] {spark_submit.py:571} INFO - 26/08/21 04:32:38 INFO SparkContext: Created broadcast 0 from csv at NativeMethodAccessorImpl.java:0
[2026-08-21T04:32:38.958+0000] {spark_submit.py:571} INFO - 26/08/21 04:32:38 INFO FileSourceScanExec: Planning scan with bin packing, max size: 134217728 bytes, open cost is considered as scanning 4194304 bytes.
[2026-08-21T04:32:39.074+0000] {spark_submit.py:571} INFO - 26/08/21 04:32:39 INFO SparkContext: Starting job: csv at NativeMethodAccessorImpl.java:0
[2026-08-21T04:32:39.090+0000] {spark_submit.py:571} INFO - 26/08/21 04:32:39 INFO DAGScheduler: Got job 0 (csv at NativeMethodAccessorImpl.java:0) with 1 output partitions
[2026-08-21T04:32:39.091+0000] {spark_submit.py:571} INFO - 26/08/21 04:32:39 INFO DAGScheduler: Final stage: ResultStage 0 (csv at NativeMethodAccessorImpl.java:0)
[2026-08-21T04:32:39.091+0000] {spark_submit.py:571} INFO - 26/08/21 04:32:39 INFO DAGScheduler: Parents of final stage: List()
[2026-08-21T04:32:39.093+0000] {spark_submit.py:571} INFO - 26/08/21 04:32:39 INFO DAGScheduler: Missing parents: List()
[2026-08-21T04:32:39.098+0000] {spark_submit.py:571} INFO - 26/08/21 04:32:39 INFO DAGScheduler: Submitting ResultStage 0 (MapPartitionsRDD[3] at csv at NativeMethodAccessorImpl.java:0), which has no missing parents
[2026-08-21T04:32:39.197+0000] {spark_submit.py:571} INFO - 26/08/21 04:32:39 INFO MemoryStore: Block broadcast_1 stored as values in memory (estimated size 13.5 KiB, free 434.2 MiB)
[2026-08-21T04:32:39.213+0000] {spark_submit.py:571} INFO - 26/08/21 04:32:39 INFO MemoryStore: Block broadcast_1_piece0 stored as bytes in memory (estimated size 6.4 KiB, free 434.1 MiB)
[2026-08-21T04:32:39.215+0000] {spark_submit.py:571} INFO - 26/08/21 04:32:39 INFO BlockManagerInfo: Added broadcast_1_piece0 in memory on c90a551abb73:33659 (size: 6.4 KiB, free: 434.4 MiB)
[2026-08-21T04:32:39.218+0000] {spark_submit.py:571} INFO - 26/08/21 04:32:39 INFO SparkContext: Created broadcast 1 from broadcast at DAGScheduler.scala:1585
[2026-08-21T04:32:39.231+0000] {spark_submit.py:571} INFO - 26/08/21 04:32:39 INFO DAGScheduler: Submitting 1 missing tasks from ResultStage 0 (MapPartitionsRDD[3] at csv at NativeMethodAccessorImpl.java:0) (first 15 tasks are for partitions Vector(0))
[2026-08-21T04:32:39.233+0000] {spark_submit.py:571} INFO - 26/08/21 04:32:39 INFO TaskSchedulerImpl: Adding task set 0.0 with 1 tasks resource profile 0
[2026-08-21T04:32:54.243+0000] {spark_submit.py:571} INFO - 26/08/21 04:32:54 WARN TaskSchedulerImpl: Initial job has not accepted any resources; check your cluster UI to ensure that workers are registered and have sufficient resources
[2026-08-21T04:33:09.243+0000] {spark_submit.py:571} INFO - 26/08/21 04:33:09 WARN TaskSchedulerImpl: Initial job has not accepted any resources; check your cluster UI to ensure that workers are registered and have sufficient resources
[2026-08-21T04:33:18.734+0000] {spark_submit.py:571} INFO - 26/08/21 04:33:18 INFO StandaloneAppClient$ClientEndpoint: Executor added: app-20260821043228-0019/0 on worker-20260821021253-172.18.0.6-39045 (172.18.0.6:39045) with 2 core(s)
[2026-08-21T04:33:18.743+0000] {spark_submit.py:571} INFO - 26/08/21 04:33:18 INFO StandaloneSchedulerBackend: Granted executor ID app-20260821043228-0019/0 on hostPort 172.18.0.6:39045 with 2 core(s), 1024.0 MiB RAM
[2026-08-21T04:33:18.753+0000] {spark_submit.py:571} INFO - 26/08/21 04:33:18 INFO StandaloneAppClient$ClientEndpoint: Executor added: app-20260821043228-0019/1 on worker-20260821021253-172.18.0.7-44957 (172.18.0.7:44957) with 2 core(s)
[2026-08-21T04:33:18.754+0000] {spark_submit.py:571} INFO - 26/08/21 04:33:18 INFO StandaloneSchedulerBackend: Granted executor ID app-20260821043228-0019/1 on hostPort 172.18.0.7:44957 with 2 core(s), 1024.0 MiB RAM
[2026-08-21T04:33:18.854+0000] {spark_submit.py:571} INFO - 26/08/21 04:33:18 INFO StandaloneAppClient$ClientEndpoint: Executor updated: app-20260821043228-0019/1 is now RUNNING
[2026-08-21T04:33:18.855+0000] {spark_submit.py:571} INFO - 26/08/21 04:33:18 INFO StandaloneAppClient$ClientEndpoint: Executor updated: app-20260821043228-0019/0 is now RUNNING
[2026-08-21T04:33:24.243+0000] {spark_submit.py:571} INFO - 26/08/21 04:33:24 WARN TaskSchedulerImpl: Initial job has not accepted any resources; check your cluster UI to ensure that workers are registered and have sufficient resources
[2026-08-21T04:33:24.249+0000] {spark_submit.py:571} INFO - 26/08/21 04:33:24 INFO StandaloneSchedulerBackend$StandaloneDriverEndpoint: Registered executor NettyRpcEndpointRef(spark-client://Executor) (172.18.0.7:44860) with ID 1,  ResourceProfileId 0
[2026-08-21T04:33:24.313+0000] {spark_submit.py:571} INFO - 26/08/21 04:33:24 INFO StandaloneSchedulerBackend$StandaloneDriverEndpoint: Registered executor NettyRpcEndpointRef(spark-client://Executor) (172.18.0.6:46852) with ID 0,  ResourceProfileId 0
[2026-08-21T04:33:24.401+0000] {spark_submit.py:571} INFO - 26/08/21 04:33:24 INFO BlockManagerMasterEndpoint: Registering block manager 172.18.0.7:35869 with 434.4 MiB RAM, BlockManagerId(1, 172.18.0.7, 35869, None)
[2026-08-21T04:33:24.434+0000] {spark_submit.py:571} INFO - 26/08/21 04:33:24 INFO BlockManagerMasterEndpoint: Registering block manager 172.18.0.6:46429 with 434.4 MiB RAM, BlockManagerId(0, 172.18.0.6, 46429, None)
[2026-08-21T04:33:24.553+0000] {spark_submit.py:571} INFO - 26/08/21 04:33:24 INFO TaskSetManager: Starting task 0.0 in stage 0.0 (TID 0) (172.18.0.6, executor 0, partition 0, PROCESS_LOCAL, 8210 bytes)
[2026-08-21T04:33:24.888+0000] {spark_submit.py:571} INFO - 26/08/21 04:33:24 INFO BlockManagerInfo: Added broadcast_1_piece0 in memory on 172.18.0.6:46429 (size: 6.4 KiB, free: 434.4 MiB)
[2026-08-21T04:33:26.358+0000] {spark_submit.py:571} INFO - 26/08/21 04:33:26 INFO BlockManagerInfo: Added broadcast_0_piece0 in memory on 172.18.0.6:46429 (size: 34.9 KiB, free: 434.4 MiB)
[2026-08-21T04:33:28.993+0000] {spark_submit.py:571} INFO - 26/08/21 04:33:28 INFO TaskSetManager: Finished task 0.0 in stage 0.0 (TID 0) in 4454 ms on 172.18.0.6 (executor 0) (1/1)
[2026-08-21T04:33:28.997+0000] {spark_submit.py:571} INFO - 26/08/21 04:33:28 INFO TaskSchedulerImpl: Removed TaskSet 0.0, whose tasks have all completed, from pool
[2026-08-21T04:33:29.004+0000] {spark_submit.py:571} INFO - 26/08/21 04:33:29 INFO DAGScheduler: ResultStage 0 (csv at NativeMethodAccessorImpl.java:0) finished in 49.888 s
[2026-08-21T04:33:29.007+0000] {spark_submit.py:571} INFO - 26/08/21 04:33:29 INFO DAGScheduler: Job 0 is finished. Cancelling potential speculative or zombie tasks for this job
[2026-08-21T04:33:29.008+0000] {spark_submit.py:571} INFO - 26/08/21 04:33:29 INFO TaskSchedulerImpl: Killing all running tasks in stage 0: Stage finished
[2026-08-21T04:33:29.017+0000] {spark_submit.py:571} INFO - 26/08/21 04:33:29 INFO DAGScheduler: Job 0 finished: csv at NativeMethodAccessorImpl.java:0, took 49.948012 s
[2026-08-21T04:33:29.049+0000] {spark_submit.py:571} INFO - 26/08/21 04:33:29 INFO CodeGenerator: Code generated in 14.797874 ms
[2026-08-21T04:33:29.125+0000] {spark_submit.py:571} INFO - 26/08/21 04:33:29 INFO FileSourceStrategy: Pushed Filters:
[2026-08-21T04:33:29.127+0000] {spark_submit.py:571} INFO - 26/08/21 04:33:29 INFO FileSourceStrategy: Post-Scan Filters:
[2026-08-21T04:33:29.137+0000] {spark_submit.py:571} INFO - 26/08/21 04:33:29 INFO BlockManagerInfo: Removed broadcast_1_piece0 on 172.18.0.6:46429 in memory (size: 6.4 KiB, free: 434.4 MiB)
[2026-08-21T04:33:29.140+0000] {spark_submit.py:571} INFO - 26/08/21 04:33:29 INFO MemoryStore: Block broadcast_2 stored as values in memory (estimated size 201.8 KiB, free 434.0 MiB)
[2026-08-21T04:33:29.141+0000] {spark_submit.py:571} INFO - 26/08/21 04:33:29 INFO BlockManagerInfo: Removed broadcast_1_piece0 on c90a551abb73:33659 in memory (size: 6.4 KiB, free: 434.4 MiB)
[2026-08-21T04:33:29.221+0000] {spark_submit.py:571} INFO - 26/08/21 04:33:29 INFO MemoryStore: Block broadcast_2_piece0 stored as bytes in memory (estimated size 34.9 KiB, free 433.9 MiB)
[2026-08-21T04:33:29.226+0000] {spark_submit.py:571} INFO - 26/08/21 04:33:29 INFO BlockManagerInfo: Added broadcast_2_piece0 in memory on c90a551abb73:33659 (size: 34.9 KiB, free: 434.3 MiB)
[2026-08-21T04:33:29.229+0000] {spark_submit.py:571} INFO - 26/08/21 04:33:29 INFO SparkContext: Created broadcast 2 from csv at NativeMethodAccessorImpl.java:0
[2026-08-21T04:33:29.229+0000] {spark_submit.py:571} INFO - 26/08/21 04:33:29 INFO FileSourceScanExec: Planning scan with bin packing, max size: 134217728 bytes, open cost is considered as scanning 4194304 bytes.
[2026-08-21T04:33:29.313+0000] {spark_submit.py:571} INFO - 26/08/21 04:33:29 INFO SparkContext: Starting job: csv at NativeMethodAccessorImpl.java:0
[2026-08-21T04:33:29.315+0000] {spark_submit.py:571} INFO - 26/08/21 04:33:29 INFO DAGScheduler: Got job 1 (csv at NativeMethodAccessorImpl.java:0) with 7 output partitions
[2026-08-21T04:33:29.315+0000] {spark_submit.py:571} INFO - 26/08/21 04:33:29 INFO DAGScheduler: Final stage: ResultStage 1 (csv at NativeMethodAccessorImpl.java:0)
[2026-08-21T04:33:29.315+0000] {spark_submit.py:571} INFO - 26/08/21 04:33:29 INFO DAGScheduler: Parents of final stage: List()
[2026-08-21T04:33:29.316+0000] {spark_submit.py:571} INFO - 26/08/21 04:33:29 INFO DAGScheduler: Missing parents: List()
[2026-08-21T04:33:29.320+0000] {spark_submit.py:571} INFO - 26/08/21 04:33:29 INFO DAGScheduler: Submitting ResultStage 1 (MapPartitionsRDD[9] at csv at NativeMethodAccessorImpl.java:0), which has no missing parents
[2026-08-21T04:33:29.359+0000] {spark_submit.py:571} INFO - 26/08/21 04:33:29 INFO MemoryStore: Block broadcast_3 stored as values in memory (estimated size 28.4 KiB, free 433.9 MiB)
[2026-08-21T04:33:29.361+0000] {spark_submit.py:571} INFO - 26/08/21 04:33:29 INFO MemoryStore: Block broadcast_3_piece0 stored as bytes in memory (estimated size 13.1 KiB, free 433.9 MiB)
[2026-08-21T04:33:29.362+0000] {spark_submit.py:571} INFO - 26/08/21 04:33:29 INFO BlockManagerInfo: Added broadcast_3_piece0 in memory on c90a551abb73:33659 (size: 13.1 KiB, free: 434.3 MiB)
[2026-08-21T04:33:29.367+0000] {spark_submit.py:571} INFO - 26/08/21 04:33:29 INFO SparkContext: Created broadcast 3 from broadcast at DAGScheduler.scala:1585
[2026-08-21T04:33:29.367+0000] {spark_submit.py:571} INFO - 26/08/21 04:33:29 INFO DAGScheduler: Submitting 7 missing tasks from ResultStage 1 (MapPartitionsRDD[9] at csv at NativeMethodAccessorImpl.java:0) (first 15 tasks are for partitions Vector(0, 1, 2, 3, 4, 5, 6))
[2026-08-21T04:33:29.368+0000] {spark_submit.py:571} INFO - 26/08/21 04:33:29 INFO TaskSchedulerImpl: Adding task set 1.0 with 7 tasks resource profile 0
[2026-08-21T04:33:29.377+0000] {spark_submit.py:571} INFO - 26/08/21 04:33:29 INFO TaskSetManager: Starting task 0.0 in stage 1.0 (TID 1) (172.18.0.6, executor 0, partition 0, PROCESS_LOCAL, 8210 bytes)
[2026-08-21T04:33:29.377+0000] {spark_submit.py:571} INFO - 26/08/21 04:33:29 INFO TaskSetManager: Starting task 1.0 in stage 1.0 (TID 2) (172.18.0.7, executor 1, partition 1, PROCESS_LOCAL, 8210 bytes)
[2026-08-21T04:33:29.378+0000] {spark_submit.py:571} INFO - 26/08/21 04:33:29 INFO TaskSetManager: Starting task 2.0 in stage 1.0 (TID 3) (172.18.0.6, executor 0, partition 2, PROCESS_LOCAL, 8210 bytes)
[2026-08-21T04:33:29.378+0000] {spark_submit.py:571} INFO - 26/08/21 04:33:29 INFO TaskSetManager: Starting task 3.0 in stage 1.0 (TID 4) (172.18.0.7, executor 1, partition 3, PROCESS_LOCAL, 8210 bytes)
[2026-08-21T04:33:29.543+0000] {spark_submit.py:571} INFO - 26/08/21 04:33:29 INFO BlockManagerInfo: Added broadcast_3_piece0 in memory on 172.18.0.6:46429 (size: 13.1 KiB, free: 434.4 MiB)
[2026-08-21T04:33:30.064+0000] {spark_submit.py:571} INFO - 26/08/21 04:33:30 INFO BlockManagerInfo: Added broadcast_3_piece0 in memory on 172.18.0.7:35869 (size: 13.1 KiB, free: 434.4 MiB)
[2026-08-21T04:33:31.904+0000] {spark_submit.py:571} INFO - 26/08/21 04:33:31 INFO BlockManagerInfo: Added broadcast_2_piece0 in memory on 172.18.0.6:46429 (size: 34.9 KiB, free: 434.3 MiB)
[2026-08-21T04:33:34.103+0000] {spark_submit.py:571} INFO - 26/08/21 04:33:34 INFO BlockManagerInfo: Added broadcast_2_piece0 in memory on 172.18.0.7:35869 (size: 34.9 KiB, free: 434.4 MiB)
[2026-08-21T04:33:40.307+0000] {spark_submit.py:571} INFO - 26/08/21 04:33:40 INFO TaskSetManager: Starting task 4.0 in stage 1.0 (TID 5) (172.18.0.6, executor 0, partition 4, PROCESS_LOCAL, 8210 bytes)
[2026-08-21T04:33:40.308+0000] {spark_submit.py:571} INFO - 26/08/21 04:33:40 INFO TaskSetManager: Finished task 2.0 in stage 1.0 (TID 3) in 10934 ms on 172.18.0.6 (executor 0) (1/7)
[2026-08-21T04:33:40.965+0000] {spark_submit.py:571} INFO - 26/08/21 04:33:40 INFO TaskSetManager: Starting task 5.0 in stage 1.0 (TID 6) (172.18.0.6, executor 0, partition 5, PROCESS_LOCAL, 8210 bytes)
[2026-08-21T04:33:40.971+0000] {spark_submit.py:571} INFO - 26/08/21 04:33:40 INFO TaskSetManager: Finished task 0.0 in stage 1.0 (TID 1) in 11597 ms on 172.18.0.6 (executor 0) (2/7)
[2026-08-21T04:33:45.101+0000] {spark_submit.py:571} INFO - 26/08/21 04:33:45 INFO TaskSetManager: Starting task 6.0 in stage 1.0 (TID 7) (172.18.0.6, executor 0, partition 6, PROCESS_LOCAL, 8210 bytes)
[2026-08-21T04:33:45.104+0000] {spark_submit.py:571} INFO - 26/08/21 04:33:45 INFO TaskSetManager: Finished task 5.0 in stage 1.0 (TID 6) in 4140 ms on 172.18.0.6 (executor 0) (3/7)
[2026-08-21T04:33:45.114+0000] {spark_submit.py:571} INFO - 26/08/21 04:33:45 INFO TaskSetManager: Finished task 4.0 in stage 1.0 (TID 5) in 4807 ms on 172.18.0.6 (executor 0) (4/7)
[2026-08-21T04:33:45.195+0000] {spark_submit.py:571} INFO - 26/08/21 04:33:45 INFO TaskSetManager: Finished task 3.0 in stage 1.0 (TID 4) in 15821 ms on 172.18.0.7 (executor 1) (5/7)
[2026-08-21T04:33:45.425+0000] {spark_submit.py:571} INFO - 26/08/21 04:33:45 INFO TaskSetManager: Finished task 1.0 in stage 1.0 (TID 2) in 16052 ms on 172.18.0.7 (executor 1) (6/7)
[2026-08-21T04:33:46.667+0000] {spark_submit.py:571} INFO - 26/08/21 04:33:46 INFO TaskSetManager: Finished task 6.0 in stage 1.0 (TID 7) in 1565 ms on 172.18.0.6 (executor 0) (7/7)
[2026-08-21T04:33:46.667+0000] {spark_submit.py:571} INFO - 26/08/21 04:33:46 INFO TaskSchedulerImpl: Removed TaskSet 1.0, whose tasks have all completed, from pool
[2026-08-21T04:33:46.668+0000] {spark_submit.py:571} INFO - 26/08/21 04:33:46 INFO DAGScheduler: ResultStage 1 (csv at NativeMethodAccessorImpl.java:0) finished in 17.346 s
[2026-08-21T04:33:46.669+0000] {spark_submit.py:571} INFO - 26/08/21 04:33:46 INFO DAGScheduler: Job 1 is finished. Cancelling potential speculative or zombie tasks for this job
[2026-08-21T04:33:46.669+0000] {spark_submit.py:571} INFO - 26/08/21 04:33:46 INFO TaskSchedulerImpl: Killing all running tasks in stage 1: Stage finished
[2026-08-21T04:33:46.671+0000] {spark_submit.py:571} INFO - 26/08/21 04:33:46 INFO DAGScheduler: Job 1 finished: csv at NativeMethodAccessorImpl.java:0, took 17.356683 s
[2026-08-21T04:33:47.017+0000] {spark_submit.py:571} INFO - 26/08/21 04:33:47 INFO FileSourceStrategy: Pushed Filters: IsNotNull(date_hour)
[2026-08-21T04:33:47.018+0000] {spark_submit.py:571} INFO - 26/08/21 04:33:47 INFO FileSourceStrategy: Post-Scan Filters: isnotnull(date_hour#19),(regexp_replace(date_hour#19, ", , 1) = 2025-06-01-01)
[2026-08-21T04:33:47.137+0000] {spark_submit.py:571} INFO - 26/08/21 04:33:47 INFO CodeGenerator: Code generated in 30.248575 ms
[2026-08-21T04:33:47.142+0000] {spark_submit.py:571} INFO - 26/08/21 04:33:47 INFO MemoryStore: Block broadcast_4 stored as values in memory (estimated size 201.7 KiB, free 433.7 MiB)
[2026-08-21T04:33:47.169+0000] {spark_submit.py:571} INFO - 26/08/21 04:33:47 INFO MemoryStore: Block broadcast_4_piece0 stored as bytes in memory (estimated size 34.8 KiB, free 433.7 MiB)
[2026-08-21T04:33:47.169+0000] {spark_submit.py:571} INFO - 26/08/21 04:33:47 INFO BlockManagerInfo: Removed broadcast_3_piece0 on c90a551abb73:33659 in memory (size: 13.1 KiB, free: 434.3 MiB)
[2026-08-21T04:33:47.170+0000] {spark_submit.py:571} INFO - 26/08/21 04:33:47 INFO BlockManagerInfo: Removed broadcast_3_piece0 on 172.18.0.6:46429 in memory (size: 13.1 KiB, free: 434.3 MiB)
[2026-08-21T04:33:47.172+0000] {spark_submit.py:571} INFO - 26/08/21 04:33:47 INFO BlockManagerInfo: Added broadcast_4_piece0 in memory on c90a551abb73:33659 (size: 34.8 KiB, free: 434.3 MiB)
[2026-08-21T04:33:47.172+0000] {spark_submit.py:571} INFO - 26/08/21 04:33:47 INFO SparkContext: Created broadcast 4 from count at NativeMethodAccessorImpl.java:0
[2026-08-21T04:33:47.179+0000] {spark_submit.py:571} INFO - 26/08/21 04:33:47 INFO BlockManagerInfo: Removed broadcast_3_piece0 on 172.18.0.7:35869 in memory (size: 13.1 KiB, free: 434.4 MiB)
[2026-08-21T04:33:47.194+0000] {spark_submit.py:571} INFO - 26/08/21 04:33:47 INFO FileSourceScanExec: Planning scan with bin packing, max size: 134217728 bytes, open cost is considered as scanning 4194304 bytes.
[2026-08-21T04:33:47.262+0000] {spark_submit.py:571} INFO - 26/08/21 04:33:47 INFO DAGScheduler: Registering RDD 13 (count at NativeMethodAccessorImpl.java:0) as input to shuffle 0
[2026-08-21T04:33:47.265+0000] {spark_submit.py:571} INFO - 26/08/21 04:33:47 INFO DAGScheduler: Got map stage job 2 (count at NativeMethodAccessorImpl.java:0) with 7 output partitions
[2026-08-21T04:33:47.266+0000] {spark_submit.py:571} INFO - 26/08/21 04:33:47 INFO DAGScheduler: Final stage: ShuffleMapStage 2 (count at NativeMethodAccessorImpl.java:0)
[2026-08-21T04:33:47.267+0000] {spark_submit.py:571} INFO - 26/08/21 04:33:47 INFO DAGScheduler: Parents of final stage: List()
[2026-08-21T04:33:47.267+0000] {spark_submit.py:571} INFO - 26/08/21 04:33:47 INFO DAGScheduler: Missing parents: List()
[2026-08-21T04:33:47.270+0000] {spark_submit.py:571} INFO - 26/08/21 04:33:47 INFO DAGScheduler: Submitting ShuffleMapStage 2 (MapPartitionsRDD[13] at count at NativeMethodAccessorImpl.java:0), which has no missing parents
[2026-08-21T04:33:47.292+0000] {spark_submit.py:571} INFO - 26/08/21 04:33:47 INFO MemoryStore: Block broadcast_5 stored as values in memory (estimated size 21.0 KiB, free 433.7 MiB)
[2026-08-21T04:33:47.300+0000] {spark_submit.py:571} INFO - 26/08/21 04:33:47 INFO MemoryStore: Block broadcast_5_piece0 stored as bytes in memory (estimated size 10.1 KiB, free 433.7 MiB)
[2026-08-21T04:33:47.301+0000] {spark_submit.py:571} INFO - 26/08/21 04:33:47 INFO BlockManagerInfo: Added broadcast_5_piece0 in memory on c90a551abb73:33659 (size: 10.1 KiB, free: 434.3 MiB)
[2026-08-21T04:33:47.302+0000] {spark_submit.py:571} INFO - 26/08/21 04:33:47 INFO SparkContext: Created broadcast 5 from broadcast at DAGScheduler.scala:1585
[2026-08-21T04:33:47.304+0000] {spark_submit.py:571} INFO - 26/08/21 04:33:47 INFO DAGScheduler: Submitting 7 missing tasks from ShuffleMapStage 2 (MapPartitionsRDD[13] at count at NativeMethodAccessorImpl.java:0) (first 15 tasks are for partitions Vector(0, 1, 2, 3, 4, 5, 6))
[2026-08-21T04:33:47.304+0000] {spark_submit.py:571} INFO - 26/08/21 04:33:47 INFO TaskSchedulerImpl: Adding task set 2.0 with 7 tasks resource profile 0
[2026-08-21T04:33:47.306+0000] {spark_submit.py:571} INFO - 26/08/21 04:33:47 INFO TaskSetManager: Starting task 0.0 in stage 2.0 (TID 8) (172.18.0.6, executor 0, partition 0, PROCESS_LOCAL, 8199 bytes)
[2026-08-21T04:33:47.308+0000] {spark_submit.py:571} INFO - 26/08/21 04:33:47 INFO TaskSetManager: Starting task 1.0 in stage 2.0 (TID 9) (172.18.0.7, executor 1, partition 1, PROCESS_LOCAL, 8199 bytes)
[2026-08-21T04:33:47.309+0000] {spark_submit.py:571} INFO - 26/08/21 04:33:47 INFO TaskSetManager: Starting task 2.0 in stage 2.0 (TID 10) (172.18.0.6, executor 0, partition 2, PROCESS_LOCAL, 8199 bytes)
[2026-08-21T04:33:47.309+0000] {spark_submit.py:571} INFO - 26/08/21 04:33:47 INFO TaskSetManager: Starting task 3.0 in stage 2.0 (TID 11) (172.18.0.7, executor 1, partition 3, PROCESS_LOCAL, 8199 bytes)
[2026-08-21T04:33:47.365+0000] {spark_submit.py:571} INFO - 26/08/21 04:33:47 INFO BlockManagerInfo: Added broadcast_5_piece0 in memory on 172.18.0.6:46429 (size: 10.1 KiB, free: 434.3 MiB)
[2026-08-21T04:33:47.416+0000] {spark_submit.py:571} INFO - 26/08/21 04:33:47 INFO BlockManagerInfo: Removed broadcast_0_piece0 on c90a551abb73:33659 in memory (size: 34.9 KiB, free: 434.3 MiB)
[2026-08-21T04:33:47.430+0000] {spark_submit.py:571} INFO - 26/08/21 04:33:47 INFO BlockManagerInfo: Added broadcast_5_piece0 in memory on 172.18.0.7:35869 (size: 10.1 KiB, free: 434.4 MiB)
[2026-08-21T04:33:47.433+0000] {spark_submit.py:571} INFO - 26/08/21 04:33:47 INFO BlockManagerInfo: Removed broadcast_0_piece0 on 172.18.0.6:46429 in memory (size: 34.9 KiB, free: 434.4 MiB)
[2026-08-21T04:33:47.600+0000] {spark_submit.py:571} INFO - 26/08/21 04:33:47 INFO BlockManagerInfo: Added broadcast_4_piece0 in memory on 172.18.0.6:46429 (size: 34.8 KiB, free: 434.3 MiB)
[2026-08-21T04:33:47.716+0000] {spark_submit.py:571} INFO - 26/08/21 04:33:47 INFO BlockManagerInfo: Added broadcast_4_piece0 in memory on 172.18.0.7:35869 (size: 34.8 KiB, free: 434.3 MiB)
[2026-08-21T04:33:50.392+0000] {spark_submit.py:571} INFO - 26/08/21 04:33:50 INFO TaskSetManager: Starting task 4.0 in stage 2.0 (TID 12) (172.18.0.7, executor 1, partition 4, PROCESS_LOCAL, 8199 bytes)
[2026-08-21T04:33:50.398+0000] {spark_submit.py:571} INFO - 26/08/21 04:33:50 INFO TaskSetManager: Finished task 1.0 in stage 2.0 (TID 9) in 3089 ms on 172.18.0.7 (executor 1) (1/7)
[2026-08-21T04:33:50.490+0000] {spark_submit.py:571} INFO - 26/08/21 04:33:50 INFO TaskSetManager: Starting task 5.0 in stage 2.0 (TID 13) (172.18.0.6, executor 0, partition 5, PROCESS_LOCAL, 8199 bytes)
[2026-08-21T04:33:50.491+0000] {spark_submit.py:571} INFO - 26/08/21 04:33:50 INFO TaskSetManager: Starting task 6.0 in stage 2.0 (TID 14) (172.18.0.6, executor 0, partition 6, PROCESS_LOCAL, 8199 bytes)
[2026-08-21T04:33:50.493+0000] {spark_submit.py:571} INFO - 26/08/21 04:33:50 INFO TaskSetManager: Finished task 0.0 in stage 2.0 (TID 8) in 3183 ms on 172.18.0.6 (executor 0) (2/7)
[2026-08-21T04:33:50.495+0000] {spark_submit.py:571} INFO - 26/08/21 04:33:50 INFO TaskSetManager: Finished task 2.0 in stage 2.0 (TID 10) in 3183 ms on 172.18.0.6 (executor 0) (3/7)
[2026-08-21T04:33:50.722+0000] {spark_submit.py:571} INFO - 26/08/21 04:33:50 INFO TaskSetManager: Finished task 3.0 in stage 2.0 (TID 11) in 3414 ms on 172.18.0.7 (executor 1) (4/7)
[2026-08-21T04:33:52.166+0000] {spark_submit.py:571} INFO - 26/08/21 04:33:52 INFO TaskSetManager: Finished task 4.0 in stage 2.0 (TID 12) in 1776 ms on 172.18.0.7 (executor 1) (5/7)
[2026-08-21T04:33:52.259+0000] {spark_submit.py:571} INFO - 26/08/21 04:33:52 INFO TaskSetManager: Finished task 6.0 in stage 2.0 (TID 14) in 1776 ms on 172.18.0.6 (executor 0) (6/7)
[2026-08-21T04:33:52.280+0000] {spark_submit.py:571} INFO - 26/08/21 04:33:52 INFO TaskSetManager: Finished task 5.0 in stage 2.0 (TID 13) in 1798 ms on 172.18.0.6 (executor 0) (7/7)
[2026-08-21T04:33:52.280+0000] {spark_submit.py:571} INFO - 26/08/21 04:33:52 INFO TaskSchedulerImpl: Removed TaskSet 2.0, whose tasks have all completed, from pool
[2026-08-21T04:33:52.281+0000] {spark_submit.py:571} INFO - 26/08/21 04:33:52 INFO DAGScheduler: ShuffleMapStage 2 (count at NativeMethodAccessorImpl.java:0) finished in 5.008 s
[2026-08-21T04:33:52.283+0000] {spark_submit.py:571} INFO - 26/08/21 04:33:52 INFO DAGScheduler: looking for newly runnable stages
[2026-08-21T04:33:52.283+0000] {spark_submit.py:571} INFO - 26/08/21 04:33:52 INFO DAGScheduler: running: Set()
[2026-08-21T04:33:52.284+0000] {spark_submit.py:571} INFO - 26/08/21 04:33:52 INFO DAGScheduler: waiting: Set()
[2026-08-21T04:33:52.284+0000] {spark_submit.py:571} INFO - 26/08/21 04:33:52 INFO DAGScheduler: failed: Set()
[2026-08-21T04:33:52.312+0000] {spark_submit.py:571} INFO - 26/08/21 04:33:52 INFO CodeGenerator: Code generated in 8.108735 ms
[2026-08-21T04:33:52.327+0000] {spark_submit.py:571} INFO - 26/08/21 04:33:52 INFO SparkContext: Starting job: count at NativeMethodAccessorImpl.java:0
[2026-08-21T04:33:52.328+0000] {spark_submit.py:571} INFO - 26/08/21 04:33:52 INFO DAGScheduler: Got job 3 (count at NativeMethodAccessorImpl.java:0) with 1 output partitions
[2026-08-21T04:33:52.329+0000] {spark_submit.py:571} INFO - 26/08/21 04:33:52 INFO DAGScheduler: Final stage: ResultStage 4 (count at NativeMethodAccessorImpl.java:0)
[2026-08-21T04:33:52.329+0000] {spark_submit.py:571} INFO - 26/08/21 04:33:52 INFO DAGScheduler: Parents of final stage: List(ShuffleMapStage 3)
[2026-08-21T04:33:52.329+0000] {spark_submit.py:571} INFO - 26/08/21 04:33:52 INFO DAGScheduler: Missing parents: List()
[2026-08-21T04:33:52.329+0000] {spark_submit.py:571} INFO - 26/08/21 04:33:52 INFO DAGScheduler: Submitting ResultStage 4 (MapPartitionsRDD[16] at count at NativeMethodAccessorImpl.java:0), which has no missing parents
[2026-08-21T04:33:52.335+0000] {spark_submit.py:571} INFO - 26/08/21 04:33:52 INFO MemoryStore: Block broadcast_6 stored as values in memory (estimated size 12.5 KiB, free 433.9 MiB)
[2026-08-21T04:33:52.338+0000] {spark_submit.py:571} INFO - 26/08/21 04:33:52 INFO MemoryStore: Block broadcast_6_piece0 stored as bytes in memory (estimated size 5.9 KiB, free 433.9 MiB)
[2026-08-21T04:33:52.341+0000] {spark_submit.py:571} INFO - 26/08/21 04:33:52 INFO BlockManagerInfo: Added broadcast_6_piece0 in memory on c90a551abb73:33659 (size: 5.9 KiB, free: 434.3 MiB)
[2026-08-21T04:33:52.342+0000] {spark_submit.py:571} INFO - 26/08/21 04:33:52 INFO BlockManagerInfo: Removed broadcast_5_piece0 on c90a551abb73:33659 in memory (size: 10.1 KiB, free: 434.3 MiB)
[2026-08-21T04:33:52.344+0000] {spark_submit.py:571} INFO - 26/08/21 04:33:52 INFO SparkContext: Created broadcast 6 from broadcast at DAGScheduler.scala:1585
[2026-08-21T04:33:52.348+0000] {spark_submit.py:571} INFO - 26/08/21 04:33:52 INFO DAGScheduler: Submitting 1 missing tasks from ResultStage 4 (MapPartitionsRDD[16] at count at NativeMethodAccessorImpl.java:0) (first 15 tasks are for partitions Vector(0))
[2026-08-21T04:33:52.348+0000] {spark_submit.py:571} INFO - 26/08/21 04:33:52 INFO TaskSchedulerImpl: Adding task set 4.0 with 1 tasks resource profile 0
[2026-08-21T04:33:52.348+0000] {spark_submit.py:571} INFO - 26/08/21 04:33:52 INFO BlockManagerInfo: Removed broadcast_5_piece0 on 172.18.0.6:46429 in memory (size: 10.1 KiB, free: 434.3 MiB)
[2026-08-21T04:33:52.350+0000] {spark_submit.py:571} INFO - 26/08/21 04:33:52 INFO BlockManagerInfo: Removed broadcast_5_piece0 on 172.18.0.7:35869 in memory (size: 10.1 KiB, free: 434.3 MiB)
[2026-08-21T04:33:52.353+0000] {spark_submit.py:571} INFO - 26/08/21 04:33:52 INFO TaskSetManager: Starting task 0.0 in stage 4.0 (TID 15) (172.18.0.7, executor 1, partition 0, NODE_LOCAL, 7619 bytes)
[2026-08-21T04:33:52.388+0000] {spark_submit.py:571} INFO - 26/08/21 04:33:52 INFO BlockManagerInfo: Added broadcast_6_piece0 in memory on 172.18.0.7:35869 (size: 5.9 KiB, free: 434.3 MiB)
[2026-08-21T04:33:52.423+0000] {spark_submit.py:571} INFO - 26/08/21 04:33:52 INFO MapOutputTrackerMasterEndpoint: Asked to send map output locations for shuffle 0 to 172.18.0.7:44860
[2026-08-21T04:33:52.427+0000] {spark_submit.py:571} INFO - 26/08/21 04:33:52 INFO BlockManagerInfo: Removed broadcast_2_piece0 on c90a551abb73:33659 in memory (size: 34.9 KiB, free: 434.4 MiB)
[2026-08-21T04:33:52.431+0000] {spark_submit.py:571} INFO - 26/08/21 04:33:52 INFO BlockManagerInfo: Removed broadcast_2_piece0 on 172.18.0.7:35869 in memory (size: 34.9 KiB, free: 434.4 MiB)
[2026-08-21T04:33:52.432+0000] {spark_submit.py:571} INFO - 26/08/21 04:33:52 INFO BlockManagerInfo: Removed broadcast_2_piece0 on 172.18.0.6:46429 in memory (size: 34.9 KiB, free: 434.4 MiB)
[2026-08-21T04:33:52.532+0000] {spark_submit.py:571} INFO - 26/08/21 04:33:52 INFO TaskSetManager: Finished task 0.0 in stage 4.0 (TID 15) in 179 ms on 172.18.0.7 (executor 1) (1/1)
[2026-08-21T04:33:52.533+0000] {spark_submit.py:571} INFO - 26/08/21 04:33:52 INFO TaskSchedulerImpl: Removed TaskSet 4.0, whose tasks have all completed, from pool
[2026-08-21T04:33:52.533+0000] {spark_submit.py:571} INFO - 26/08/21 04:33:52 INFO DAGScheduler: ResultStage 4 (count at NativeMethodAccessorImpl.java:0) finished in 0.198 s
[2026-08-21T04:33:52.533+0000] {spark_submit.py:571} INFO - 26/08/21 04:33:52 INFO DAGScheduler: Job 3 is finished. Cancelling potential speculative or zombie tasks for this job
[2026-08-21T04:33:52.534+0000] {spark_submit.py:571} INFO - 26/08/21 04:33:52 INFO TaskSchedulerImpl: Killing all running tasks in stage 4: Stage finished
[2026-08-21T04:33:52.534+0000] {spark_submit.py:571} INFO - 26/08/21 04:33:52 INFO DAGScheduler: Job 3 finished: count at NativeMethodAccessorImpl.java:0, took 0.205797 s
[2026-08-21T04:33:52.628+0000] {spark_submit.py:571} INFO - 26/08/21 04:33:52 INFO FileSourceStrategy: Pushed Filters: IsNotNull(date_hour)
[2026-08-21T04:33:52.630+0000] {spark_submit.py:571} INFO - 26/08/21 04:33:52 INFO FileSourceStrategy: Post-Scan Filters: isnotnull(date_hour#19),(regexp_replace(date_hour#19, ", , 1) = 2025-06-01-01)
[2026-08-21T04:33:52.662+0000] {spark_submit.py:571} INFO - 26/08/21 04:33:52 INFO MemoryStore: Block broadcast_7 stored as values in memory (estimated size 201.7 KiB, free 434.0 MiB)
[2026-08-21T04:33:52.686+0000] {spark_submit.py:571} INFO - 26/08/21 04:33:52 INFO BlockManagerInfo: Removed broadcast_6_piece0 on c90a551abb73:33659 in memory (size: 5.9 KiB, free: 434.4 MiB)
[2026-08-21T04:33:52.697+0000] {spark_submit.py:571} INFO - 26/08/21 04:33:52 INFO MemoryStore: Block broadcast_7_piece0 stored as bytes in memory (estimated size 34.8 KiB, free 433.9 MiB)
[2026-08-21T04:33:52.698+0000] {spark_submit.py:571} INFO - 26/08/21 04:33:52 INFO BlockManagerInfo: Added broadcast_7_piece0 in memory on c90a551abb73:33659 (size: 34.8 KiB, free: 434.3 MiB)
[2026-08-21T04:33:52.698+0000] {spark_submit.py:571} INFO - 26/08/21 04:33:52 INFO SparkContext: Created broadcast 7 from count at NativeMethodAccessorImpl.java:0
[2026-08-21T04:33:52.699+0000] {spark_submit.py:571} INFO - 26/08/21 04:33:52 INFO FileSourceScanExec: Planning scan with bin packing, max size: 134217728 bytes, open cost is considered as scanning 4194304 bytes.
[2026-08-21T04:33:52.700+0000] {spark_submit.py:571} INFO - 26/08/21 04:33:52 INFO BlockManagerInfo: Removed broadcast_6_piece0 on 172.18.0.7:35869 in memory (size: 5.9 KiB, free: 434.4 MiB)
[2026-08-21T04:33:52.704+0000] {spark_submit.py:571} INFO - 26/08/21 04:33:52 INFO DAGScheduler: Registering RDD 20 (count at NativeMethodAccessorImpl.java:0) as input to shuffle 1
[2026-08-21T04:33:52.704+0000] {spark_submit.py:571} INFO - 26/08/21 04:33:52 INFO DAGScheduler: Got map stage job 4 (count at NativeMethodAccessorImpl.java:0) with 7 output partitions
[2026-08-21T04:33:52.704+0000] {spark_submit.py:571} INFO - 26/08/21 04:33:52 INFO DAGScheduler: Final stage: ShuffleMapStage 5 (count at NativeMethodAccessorImpl.java:0)
[2026-08-21T04:33:52.705+0000] {spark_submit.py:571} INFO - 26/08/21 04:33:52 INFO DAGScheduler: Parents of final stage: List()
[2026-08-21T04:33:52.705+0000] {spark_submit.py:571} INFO - 26/08/21 04:33:52 INFO DAGScheduler: Missing parents: List()
[2026-08-21T04:33:52.706+0000] {spark_submit.py:571} INFO - 26/08/21 04:33:52 INFO DAGScheduler: Submitting ShuffleMapStage 5 (MapPartitionsRDD[20] at count at NativeMethodAccessorImpl.java:0), which has no missing parents
[2026-08-21T04:33:52.713+0000] {spark_submit.py:571} INFO - 26/08/21 04:33:52 INFO MemoryStore: Block broadcast_8 stored as values in memory (estimated size 21.0 KiB, free 433.9 MiB)
[2026-08-21T04:33:52.715+0000] {spark_submit.py:571} INFO - 26/08/21 04:33:52 INFO MemoryStore: Block broadcast_8_piece0 stored as bytes in memory (estimated size 10.1 KiB, free 433.9 MiB)
[2026-08-21T04:33:52.718+0000] {spark_submit.py:571} INFO - 26/08/21 04:33:52 INFO BlockManagerInfo: Added broadcast_8_piece0 in memory on c90a551abb73:33659 (size: 10.1 KiB, free: 434.3 MiB)
[2026-08-21T04:33:52.720+0000] {spark_submit.py:571} INFO - 26/08/21 04:33:52 INFO SparkContext: Created broadcast 8 from broadcast at DAGScheduler.scala:1585
[2026-08-21T04:33:52.721+0000] {spark_submit.py:571} INFO - 26/08/21 04:33:52 INFO DAGScheduler: Submitting 7 missing tasks from ShuffleMapStage 5 (MapPartitionsRDD[20] at count at NativeMethodAccessorImpl.java:0) (first 15 tasks are for partitions Vector(0, 1, 2, 3, 4, 5, 6))
[2026-08-21T04:33:52.721+0000] {spark_submit.py:571} INFO - 26/08/21 04:33:52 INFO TaskSchedulerImpl: Adding task set 5.0 with 7 tasks resource profile 0
[2026-08-21T04:33:52.723+0000] {spark_submit.py:571} INFO - 26/08/21 04:33:52 INFO TaskSetManager: Starting task 0.0 in stage 5.0 (TID 16) (172.18.0.7, executor 1, partition 0, PROCESS_LOCAL, 8199 bytes)
[2026-08-21T04:33:52.724+0000] {spark_submit.py:571} INFO - 26/08/21 04:33:52 INFO TaskSetManager: Starting task 1.0 in stage 5.0 (TID 17) (172.18.0.6, executor 0, partition 1, PROCESS_LOCAL, 8199 bytes)
[2026-08-21T04:33:52.727+0000] {spark_submit.py:571} INFO - 26/08/21 04:33:52 INFO TaskSetManager: Starting task 2.0 in stage 5.0 (TID 18) (172.18.0.7, executor 1, partition 2, PROCESS_LOCAL, 8199 bytes)
[2026-08-21T04:33:52.727+0000] {spark_submit.py:571} INFO - 26/08/21 04:33:52 INFO TaskSetManager: Starting task 3.0 in stage 5.0 (TID 19) (172.18.0.6, executor 0, partition 3, PROCESS_LOCAL, 8199 bytes)
[2026-08-21T04:33:52.790+0000] {spark_submit.py:571} INFO - 26/08/21 04:33:52 INFO BlockManagerInfo: Added broadcast_8_piece0 in memory on 172.18.0.6:46429 (size: 10.1 KiB, free: 434.4 MiB)
[2026-08-21T04:33:52.793+0000] {spark_submit.py:571} INFO - 26/08/21 04:33:52 INFO BlockManagerInfo: Added broadcast_8_piece0 in memory on 172.18.0.7:35869 (size: 10.1 KiB, free: 434.4 MiB)
[2026-08-21T04:33:52.852+0000] {spark_submit.py:571} INFO - 26/08/21 04:33:52 INFO BlockManagerInfo: Added broadcast_7_piece0 in memory on 172.18.0.6:46429 (size: 34.8 KiB, free: 434.3 MiB)
[2026-08-21T04:33:52.853+0000] {spark_submit.py:571} INFO - 26/08/21 04:33:52 INFO BlockManagerInfo: Added broadcast_7_piece0 in memory on 172.18.0.7:35869 (size: 34.8 KiB, free: 434.3 MiB)
[2026-08-21T04:33:54.794+0000] {spark_submit.py:571} INFO - 26/08/21 04:33:54 INFO TaskSetManager: Starting task 4.0 in stage 5.0 (TID 20) (172.18.0.6, executor 0, partition 4, PROCESS_LOCAL, 8199 bytes)
[2026-08-21T04:33:54.798+0000] {spark_submit.py:571} INFO - 26/08/21 04:33:54 INFO TaskSetManager: Finished task 1.0 in stage 5.0 (TID 17) in 2072 ms on 172.18.0.6 (executor 0) (1/7)
[2026-08-21T04:33:54.820+0000] {spark_submit.py:571} INFO - 26/08/21 04:33:54 INFO TaskSetManager: Starting task 5.0 in stage 5.0 (TID 21) (172.18.0.7, executor 1, partition 5, PROCESS_LOCAL, 8199 bytes)
[2026-08-21T04:33:54.824+0000] {spark_submit.py:571} INFO - 26/08/21 04:33:54 INFO TaskSetManager: Finished task 0.0 in stage 5.0 (TID 16) in 2101 ms on 172.18.0.7 (executor 1) (2/7)
[2026-08-21T04:33:54.859+0000] {spark_submit.py:571} INFO - 26/08/21 04:33:54 INFO TaskSetManager: Starting task 6.0 in stage 5.0 (TID 22) (172.18.0.7, executor 1, partition 6, PROCESS_LOCAL, 8199 bytes)
[2026-08-21T04:33:54.863+0000] {spark_submit.py:571} INFO - 26/08/21 04:33:54 INFO TaskSetManager: Finished task 2.0 in stage 5.0 (TID 18) in 2135 ms on 172.18.0.7 (executor 1) (3/7)
[2026-08-21T04:33:54.879+0000] {spark_submit.py:571} INFO - 26/08/21 04:33:54 INFO TaskSetManager: Finished task 3.0 in stage 5.0 (TID 19) in 2154 ms on 172.18.0.6 (executor 0) (4/7)
[2026-08-21T04:33:56.186+0000] {spark_submit.py:571} INFO - 26/08/21 04:33:56 INFO TaskSetManager: Finished task 6.0 in stage 5.0 (TID 22) in 1329 ms on 172.18.0.7 (executor 1) (5/7)
[2026-08-21T04:33:56.266+0000] {spark_submit.py:571} INFO - 26/08/21 04:33:56 INFO TaskSetManager: Finished task 5.0 in stage 5.0 (TID 21) in 1446 ms on 172.18.0.7 (executor 1) (6/7)
[2026-08-21T04:33:56.298+0000] {spark_submit.py:571} INFO - 26/08/21 04:33:56 INFO TaskSetManager: Finished task 4.0 in stage 5.0 (TID 20) in 1505 ms on 172.18.0.6 (executor 0) (7/7)
[2026-08-21T04:33:56.299+0000] {spark_submit.py:571} INFO - 26/08/21 04:33:56 INFO TaskSchedulerImpl: Removed TaskSet 5.0, whose tasks have all completed, from pool
[2026-08-21T04:33:56.299+0000] {spark_submit.py:571} INFO - 26/08/21 04:33:56 INFO DAGScheduler: ShuffleMapStage 5 (count at NativeMethodAccessorImpl.java:0) finished in 3.592 s
[2026-08-21T04:33:56.300+0000] {spark_submit.py:571} INFO - 26/08/21 04:33:56 INFO DAGScheduler: looking for newly runnable stages
[2026-08-21T04:33:56.300+0000] {spark_submit.py:571} INFO - 26/08/21 04:33:56 INFO DAGScheduler: running: Set()
[2026-08-21T04:33:56.300+0000] {spark_submit.py:571} INFO - 26/08/21 04:33:56 INFO DAGScheduler: waiting: Set()
[2026-08-21T04:33:56.301+0000] {spark_submit.py:571} INFO - 26/08/21 04:33:56 INFO DAGScheduler: failed: Set()
[2026-08-21T04:33:56.323+0000] {spark_submit.py:571} INFO - 26/08/21 04:33:56 INFO SparkContext: Starting job: count at NativeMethodAccessorImpl.java:0
[2026-08-21T04:33:56.324+0000] {spark_submit.py:571} INFO - 26/08/21 04:33:56 INFO DAGScheduler: Got job 5 (count at NativeMethodAccessorImpl.java:0) with 1 output partitions
[2026-08-21T04:33:56.324+0000] {spark_submit.py:571} INFO - 26/08/21 04:33:56 INFO DAGScheduler: Final stage: ResultStage 7 (count at NativeMethodAccessorImpl.java:0)
[2026-08-21T04:33:56.324+0000] {spark_submit.py:571} INFO - 26/08/21 04:33:56 INFO DAGScheduler: Parents of final stage: List(ShuffleMapStage 6)
[2026-08-21T04:33:56.324+0000] {spark_submit.py:571} INFO - 26/08/21 04:33:56 INFO DAGScheduler: Missing parents: List()
[2026-08-21T04:33:56.325+0000] {spark_submit.py:571} INFO - 26/08/21 04:33:56 INFO DAGScheduler: Submitting ResultStage 7 (MapPartitionsRDD[23] at count at NativeMethodAccessorImpl.java:0), which has no missing parents
[2026-08-21T04:33:56.327+0000] {spark_submit.py:571} INFO - 26/08/21 04:33:56 INFO MemoryStore: Block broadcast_9 stored as values in memory (estimated size 12.5 KiB, free 433.9 MiB)
[2026-08-21T04:33:56.331+0000] {spark_submit.py:571} INFO - 26/08/21 04:33:56 INFO MemoryStore: Block broadcast_9_piece0 stored as bytes in memory (estimated size 5.9 KiB, free 433.9 MiB)
[2026-08-21T04:33:56.333+0000] {spark_submit.py:571} INFO - 26/08/21 04:33:56 INFO BlockManagerInfo: Added broadcast_9_piece0 in memory on c90a551abb73:33659 (size: 5.9 KiB, free: 434.3 MiB)
[2026-08-21T04:33:56.337+0000] {spark_submit.py:571} INFO - 26/08/21 04:33:56 INFO SparkContext: Created broadcast 9 from broadcast at DAGScheduler.scala:1585
[2026-08-21T04:33:56.340+0000] {spark_submit.py:571} INFO - 26/08/21 04:33:56 INFO DAGScheduler: Submitting 1 missing tasks from ResultStage 7 (MapPartitionsRDD[23] at count at NativeMethodAccessorImpl.java:0) (first 15 tasks are for partitions Vector(0))
[2026-08-21T04:33:56.344+0000] {spark_submit.py:571} INFO - 26/08/21 04:33:56 INFO TaskSchedulerImpl: Adding task set 7.0 with 1 tasks resource profile 0
[2026-08-21T04:33:56.344+0000] {spark_submit.py:571} INFO - 26/08/21 04:33:56 INFO BlockManagerInfo: Removed broadcast_8_piece0 on c90a551abb73:33659 in memory (size: 10.1 KiB, free: 434.3 MiB)
[2026-08-21T04:33:56.345+0000] {spark_submit.py:571} INFO - 26/08/21 04:33:56 INFO BlockManagerInfo: Removed broadcast_8_piece0 on 172.18.0.6:46429 in memory (size: 10.1 KiB, free: 434.3 MiB)
[2026-08-21T04:33:56.346+0000] {spark_submit.py:571} INFO - 26/08/21 04:33:56 INFO TaskSetManager: Starting task 0.0 in stage 7.0 (TID 23) (172.18.0.6, executor 0, partition 0, NODE_LOCAL, 7619 bytes)
[2026-08-21T04:33:56.350+0000] {spark_submit.py:571} INFO - 26/08/21 04:33:56 INFO BlockManagerInfo: Removed broadcast_8_piece0 on 172.18.0.7:35869 in memory (size: 10.1 KiB, free: 434.3 MiB)
[2026-08-21T04:33:56.392+0000] {spark_submit.py:571} INFO - 26/08/21 04:33:56 INFO BlockManagerInfo: Added broadcast_9_piece0 in memory on 172.18.0.6:46429 (size: 5.9 KiB, free: 434.3 MiB)
[2026-08-21T04:33:56.413+0000] {spark_submit.py:571} INFO - 26/08/21 04:33:56 INFO MapOutputTrackerMasterEndpoint: Asked to send map output locations for shuffle 1 to 172.18.0.6:46852
[2026-08-21T04:33:56.556+0000] {spark_submit.py:571} INFO - 26/08/21 04:33:56 INFO TaskSetManager: Finished task 0.0 in stage 7.0 (TID 23) in 218 ms on 172.18.0.6 (executor 0) (1/1)
[2026-08-21T04:33:56.557+0000] {spark_submit.py:571} INFO - 26/08/21 04:33:56 INFO TaskSchedulerImpl: Removed TaskSet 7.0, whose tasks have all completed, from pool
[2026-08-21T04:33:56.557+0000] {spark_submit.py:571} INFO - 26/08/21 04:33:56 INFO DAGScheduler: ResultStage 7 (count at NativeMethodAccessorImpl.java:0) finished in 0.232 s
[2026-08-21T04:33:56.559+0000] {spark_submit.py:571} INFO - 26/08/21 04:33:56 INFO DAGScheduler: Job 5 is finished. Cancelling potential speculative or zombie tasks for this job
[2026-08-21T04:33:56.560+0000] {spark_submit.py:571} INFO - 26/08/21 04:33:56 INFO TaskSchedulerImpl: Killing all running tasks in stage 7: Stage finished
[2026-08-21T04:33:56.560+0000] {spark_submit.py:571} INFO - 26/08/21 04:33:56 INFO DAGScheduler: Job 5 finished: count at NativeMethodAccessorImpl.java:0, took 0.235014 s
[2026-08-21T04:33:56.560+0000] {spark_submit.py:571} INFO - Đang ghi 3614 dòng xuống Bronze layer (Partition: 2025-06-01 / 01)...
[2026-08-21T04:33:56.715+0000] {spark_submit.py:571} INFO - 26/08/21 04:33:56 INFO DelegatingLogStore: LogStore `LogStoreAdapter(io.delta.storage.S3SingleDriverLogStore)` is used for scheme `s3a`
[2026-08-21T04:33:56.770+0000] {spark_submit.py:571} INFO - 26/08/21 04:33:56 INFO DeltaLog: Loading version 0.
[2026-08-21T04:33:57.122+0000] {spark_submit.py:571} INFO - 26/08/21 04:33:57 INFO DeltaLogFileIndex: Created DeltaLogFileIndex(JSON, numFilesInSegment: 1, totalFileSize: 5821)
[2026-08-21T04:33:57.258+0000] {spark_submit.py:571} INFO - 26/08/21 04:33:57 INFO DataSourceStrategy: Pruning directories with:
[2026-08-21T04:33:57.259+0000] {spark_submit.py:571} INFO - 26/08/21 04:33:57 INFO FileSourceStrategy: Pushed Filters:
[2026-08-21T04:33:57.260+0000] {spark_submit.py:571} INFO - 26/08/21 04:33:57 INFO FileSourceStrategy: Post-Scan Filters: ((isnotnull(protocol#557.minReaderVersion) OR isnotnull(metaData#556.id)) OR (isnotnull(commitInfo#558.inCommitTimestamp) AND (version#559L = 0)))
[2026-08-21T04:33:57.376+0000] {spark_submit.py:571} INFO - 26/08/21 04:33:57 INFO BlockManagerInfo: Removed broadcast_7_piece0 on c90a551abb73:33659 in memory (size: 34.8 KiB, free: 434.4 MiB)
[2026-08-21T04:33:57.381+0000] {spark_submit.py:571} INFO - 26/08/21 04:33:57 INFO BlockManagerInfo: Removed broadcast_7_piece0 on 172.18.0.7:35869 in memory (size: 34.8 KiB, free: 434.4 MiB)
[2026-08-21T04:33:57.387+0000] {spark_submit.py:571} INFO - 26/08/21 04:33:57 INFO BlockManagerInfo: Removed broadcast_7_piece0 on 172.18.0.6:46429 in memory (size: 34.8 KiB, free: 434.4 MiB)
[2026-08-21T04:33:57.403+0000] {spark_submit.py:571} INFO - 26/08/21 04:33:57 INFO BlockManagerInfo: Removed broadcast_9_piece0 on c90a551abb73:33659 in memory (size: 5.9 KiB, free: 434.4 MiB)
[2026-08-21T04:33:57.408+0000] {spark_submit.py:571} INFO - 26/08/21 04:33:57 INFO BlockManagerInfo: Removed broadcast_9_piece0 on 172.18.0.6:46429 in memory (size: 5.9 KiB, free: 434.4 MiB)
[2026-08-21T04:33:57.424+0000] {spark_submit.py:571} INFO - 26/08/21 04:33:57 INFO CodeGenerator: Code generated in 136.569977 ms
[2026-08-21T04:33:57.427+0000] {spark_submit.py:571} INFO - 26/08/21 04:33:57 INFO MemoryStore: Block broadcast_10 stored as values in memory (estimated size 201.6 KiB, free 434.0 MiB)
[2026-08-21T04:33:57.443+0000] {spark_submit.py:571} INFO - 26/08/21 04:33:57 INFO MemoryStore: Block broadcast_10_piece0 stored as bytes in memory (estimated size 34.9 KiB, free 433.9 MiB)
[2026-08-21T04:33:57.443+0000] {spark_submit.py:571} INFO - 26/08/21 04:33:57 INFO BlockManagerInfo: Added broadcast_10_piece0 in memory on c90a551abb73:33659 (size: 34.9 KiB, free: 434.3 MiB)
[2026-08-21T04:33:57.444+0000] {spark_submit.py:571} INFO - 26/08/21 04:33:57 INFO SparkContext: Created broadcast 10 from $anonfun$recordDeltaOperationInternal$1 at DatabricksLogging.scala:128
[2026-08-21T04:33:57.457+0000] {spark_submit.py:571} INFO - 26/08/21 04:33:57 INFO FileSourceScanExec: Planning scan with bin packing, max size: 4194304 bytes, open cost is considered as scanning 4194304 bytes.
[2026-08-21T04:33:57.484+0000] {spark_submit.py:571} INFO - 26/08/21 04:33:57 INFO SparkContext: Starting job: $anonfun$recordDeltaOperationInternal$1 at DatabricksLogging.scala:128
[2026-08-21T04:33:57.486+0000] {spark_submit.py:571} INFO - 26/08/21 04:33:57 INFO DAGScheduler: Got job 6 ($anonfun$recordDeltaOperationInternal$1 at DatabricksLogging.scala:128) with 1 output partitions
[2026-08-21T04:33:57.487+0000] {spark_submit.py:571} INFO - 26/08/21 04:33:57 INFO DAGScheduler: Final stage: ResultStage 8 ($anonfun$recordDeltaOperationInternal$1 at DatabricksLogging.scala:128)
[2026-08-21T04:33:57.487+0000] {spark_submit.py:571} INFO - 26/08/21 04:33:57 INFO DAGScheduler: Parents of final stage: List()
[2026-08-21T04:33:57.487+0000] {spark_submit.py:571} INFO - 26/08/21 04:33:57 INFO DAGScheduler: Missing parents: List()
[2026-08-21T04:33:57.488+0000] {spark_submit.py:571} INFO - 26/08/21 04:33:57 INFO DAGScheduler: Submitting ResultStage 8 (MapPartitionsRDD[27] at $anonfun$recordDeltaOperationInternal$1 at DatabricksLogging.scala:128), which has no missing parents
[2026-08-21T04:33:57.490+0000] {spark_submit.py:571} INFO - 26/08/21 04:33:57 INFO MemoryStore: Block broadcast_11 stored as values in memory (estimated size 55.2 KiB, free 433.9 MiB)
[2026-08-21T04:33:57.491+0000] {spark_submit.py:571} INFO - 26/08/21 04:33:57 INFO MemoryStore: Block broadcast_11_piece0 stored as bytes in memory (estimated size 17.2 KiB, free 433.9 MiB)
[2026-08-21T04:33:57.491+0000] {spark_submit.py:571} INFO - 26/08/21 04:33:57 INFO BlockManagerInfo: Added broadcast_11_piece0 in memory on c90a551abb73:33659 (size: 17.2 KiB, free: 434.3 MiB)
[2026-08-21T04:33:57.492+0000] {spark_submit.py:571} INFO - 26/08/21 04:33:57 INFO SparkContext: Created broadcast 11 from broadcast at DAGScheduler.scala:1585
[2026-08-21T04:33:57.493+0000] {spark_submit.py:571} INFO - 26/08/21 04:33:57 INFO DAGScheduler: Submitting 1 missing tasks from ResultStage 8 (MapPartitionsRDD[27] at $anonfun$recordDeltaOperationInternal$1 at DatabricksLogging.scala:128) (first 15 tasks are for partitions Vector(0))
[2026-08-21T04:33:57.494+0000] {spark_submit.py:571} INFO - 26/08/21 04:33:57 INFO TaskSchedulerImpl: Adding task set 8.0 with 1 tasks resource profile 0
[2026-08-21T04:33:57.495+0000] {spark_submit.py:571} INFO - 26/08/21 04:33:57 INFO TaskSetManager: Starting task 0.0 in stage 8.0 (TID 24) (172.18.0.6, executor 0, partition 0, PROCESS_LOCAL, 8295 bytes)
[2026-08-21T04:33:57.518+0000] {spark_submit.py:571} INFO - 26/08/21 04:33:57 INFO BlockManagerInfo: Added broadcast_11_piece0 in memory on 172.18.0.6:46429 (size: 17.2 KiB, free: 434.3 MiB)
[2026-08-21T04:33:57.774+0000] {spark_submit.py:571} INFO - 26/08/21 04:33:57 INFO BlockManagerInfo: Added broadcast_10_piece0 in memory on 172.18.0.6:46429 (size: 34.9 KiB, free: 434.3 MiB)
[2026-08-21T04:33:57.826+0000] {spark_submit.py:571} INFO - 26/08/21 04:33:57 INFO TaskSetManager: Finished task 0.0 in stage 8.0 (TID 24) in 331 ms on 172.18.0.6 (executor 0) (1/1)
[2026-08-21T04:33:57.826+0000] {spark_submit.py:571} INFO - 26/08/21 04:33:57 INFO TaskSchedulerImpl: Removed TaskSet 8.0, whose tasks have all completed, from pool
[2026-08-21T04:33:57.828+0000] {spark_submit.py:571} INFO - 26/08/21 04:33:57 INFO DAGScheduler: ResultStage 8 ($anonfun$recordDeltaOperationInternal$1 at DatabricksLogging.scala:128) finished in 0.341 s
[2026-08-21T04:33:57.828+0000] {spark_submit.py:571} INFO - 26/08/21 04:33:57 INFO DAGScheduler: Job 6 is finished. Cancelling potential speculative or zombie tasks for this job
[2026-08-21T04:33:57.829+0000] {spark_submit.py:571} INFO - 26/08/21 04:33:57 INFO TaskSchedulerImpl: Killing all running tasks in stage 8: Stage finished
[2026-08-21T04:33:57.829+0000] {spark_submit.py:571} INFO - 26/08/21 04:33:57 INFO DAGScheduler: Job 6 finished: $anonfun$recordDeltaOperationInternal$1 at DatabricksLogging.scala:128, took 0.343807 s
[2026-08-21T04:33:57.895+0000] {spark_submit.py:571} INFO - 26/08/21 04:33:57 INFO CodeGenerator: Code generated in 49.82099 ms
[2026-08-21T04:33:57.952+0000] {spark_submit.py:571} INFO - 26/08/21 04:33:57 INFO Snapshot: [tableId=d8e35ccf-2a2b-4187-8416-baef8227eb13] Created snapshot Snapshot(path=s3a://bronze/cell_kpi_raw/_delta_log, version=0, metadata=Metadata(553802dd-42b6-4cf1-8af2-e0916230ea16,null,null,Format(parquet,Map()),{"type":"struct","fields":[{"name":"enb_name","type":"string","nullable":true,"metadata":{}},{"name":"cell_name","type":"string","nullable":true,"metadata":{}},{"name":"date_hour","type":"string","nullable":true,"metadata":{}},{"name":"dl_traffic_gb","type":"double","nullable":true,"metadata":{}},{"name":"ul_traffic_gb","type":"double","nullable":true,"metadata":{}},{"name":"total_traffic_gb","type":"double","nullable":true,"metadata":{}},{"name":"max_rrc_connected_user","type":"integer","nullable":true,"metadata":{}},{"name":"ul_prb","type":"double","nullable":true,"metadata":{}},{"name":"ul_prb_used","type":"double","nullable":true,"metadata":{}},{"name":"ul_prb_available_total","type":"double","nullable":true,"metadata":{}},{"name":"dl_prb","type":"double","nullable":true,"metadata":{}},{"name":"dl_prb_used","type":"double","nullable":true,"metadata":{}},{"name":"dl_prb_available_total","type":"double","nullable":true,"metadata":{}},{"name":"sector","type":"string","nullable":true,"metadata":{}},{"name":"azimuth","type":"integer","nullable":true,"metadata":{}},{"name":"cell_type","type":"string","nullable":true,"metadata":{}},{"name":"x","type":"double","nullable":true,"metadata":{}},{"name":"y","type":"double","nullable":true,"metadata":{}},{"name":"date","type":"string","nullable":true,"metadata":{}},{"name":"hour","type":"string","nullable":true,"metadata":{}}]},List(date, hour),Map(),Some(1787286784873)), logSegment=LogSegment(s3a://bronze/cell_kpi_raw/_delta_log,0,WrappedArray(S3AFileStatus{path=s3a://bronze/cell_kpi_raw/_delta_log/00000000000000000000.json; isDirectory=false; length=5821; replication=1; blocksize=33554432; modification_time=1787286797585; access_time=0; owner=***; group=***; permission=rw-rw-rw-; isSymlink=false; hasAcl=false; isEncrypted=true; isErasureCoded=false} isEmptyDirectory=FALSE eTag=75575b1ec5f43e5c51e4644a250c1bf4 versionId=null),org.apache.spark.sql.delta.EmptyCheckpointProvider$@73d31173,1787286797585), checksumOpt=None)
[2026-08-21T04:33:57.962+0000] {spark_submit.py:571} INFO - 26/08/21 04:33:57 INFO DeltaLog: Updated snapshot to Snapshot(path=s3a://bronze/cell_kpi_raw/_delta_log, version=0, metadata=Metadata(553802dd-42b6-4cf1-8af2-e0916230ea16,null,null,Format(parquet,Map()),{"type":"struct","fields":[{"name":"enb_name","type":"string","nullable":true,"metadata":{}},{"name":"cell_name","type":"string","nullable":true,"metadata":{}},{"name":"date_hour","type":"string","nullable":true,"metadata":{}},{"name":"dl_traffic_gb","type":"double","nullable":true,"metadata":{}},{"name":"ul_traffic_gb","type":"double","nullable":true,"metadata":{}},{"name":"total_traffic_gb","type":"double","nullable":true,"metadata":{}},{"name":"max_rrc_connected_user","type":"integer","nullable":true,"metadata":{}},{"name":"ul_prb","type":"double","nullable":true,"metadata":{}},{"name":"ul_prb_used","type":"double","nullable":true,"metadata":{}},{"name":"ul_prb_available_total","type":"double","nullable":true,"metadata":{}},{"name":"dl_prb","type":"double","nullable":true,"metadata":{}},{"name":"dl_prb_used","type":"double","nullable":true,"metadata":{}},{"name":"dl_prb_available_total","type":"double","nullable":true,"metadata":{}},{"name":"sector","type":"string","nullable":true,"metadata":{}},{"name":"azimuth","type":"integer","nullable":true,"metadata":{}},{"name":"cell_type","type":"string","nullable":true,"metadata":{}},{"name":"x","type":"double","nullable":true,"metadata":{}},{"name":"y","type":"double","nullable":true,"metadata":{}},{"name":"date","type":"string","nullable":true,"metadata":{}},{"name":"hour","type":"string","nullable":true,"metadata":{}}]},List(date, hour),Map(),Some(1787286784873)), logSegment=LogSegment(s3a://bronze/cell_kpi_raw/_delta_log,0,WrappedArray(S3AFileStatus{path=s3a://bronze/cell_kpi_raw/_delta_log/00000000000000000000.json; isDirectory=false; length=5821; replication=1; blocksize=33554432; modification_time=1787286797585; access_time=0; owner=***; group=***; permission=rw-rw-rw-; isSymlink=false; hasAcl=false; isEncrypted=true; isErasureCoded=false} isEmptyDirectory=FALSE eTag=75575b1ec5f43e5c51e4644a250c1bf4 versionId=null),org.apache.spark.sql.delta.EmptyCheckpointProvider$@73d31173,1787286797585), checksumOpt=None)
[2026-08-21T04:33:58.132+0000] {spark_submit.py:571} INFO - 26/08/21 04:33:58 INFO Snapshot: [tableId=553802dd-42b6-4cf1-8af2-e0916230ea16] DELTA: Compute snapshot for version: 0
[2026-08-21T04:33:58.144+0000] {spark_submit.py:571} INFO - 26/08/21 04:33:58 INFO MemoryStore: Block broadcast_12 stored as values in memory (estimated size 201.3 KiB, free 433.7 MiB)
[2026-08-21T04:33:58.150+0000] {spark_submit.py:571} INFO - 26/08/21 04:33:58 INFO MemoryStore: Block broadcast_12_piece0 stored as bytes in memory (estimated size 34.9 KiB, free 433.6 MiB)
[2026-08-21T04:33:58.151+0000] {spark_submit.py:571} INFO - 26/08/21 04:33:58 INFO BlockManagerInfo: Added broadcast_12_piece0 in memory on c90a551abb73:33659 (size: 34.9 KiB, free: 434.3 MiB)
[2026-08-21T04:33:58.153+0000] {spark_submit.py:571} INFO - 26/08/21 04:33:58 INFO SparkContext: Created broadcast 12 from save at NativeMethodAccessorImpl.java:0
[2026-08-21T04:33:58.258+0000] {spark_submit.py:571} INFO - 26/08/21 04:33:58 INFO BlockManagerInfo: Removed broadcast_11_piece0 on c90a551abb73:33659 in memory (size: 17.2 KiB, free: 434.3 MiB)
[2026-08-21T04:33:58.263+0000] {spark_submit.py:571} INFO - 26/08/21 04:33:58 INFO BlockManagerInfo: Removed broadcast_11_piece0 on 172.18.0.6:46429 in memory (size: 17.2 KiB, free: 434.3 MiB)
[2026-08-21T04:33:58.710+0000] {spark_submit.py:571} INFO - 26/08/21 04:33:58 INFO DataSourceStrategy: Pruning directories with:
[2026-08-21T04:33:58.711+0000] {spark_submit.py:571} INFO - 26/08/21 04:33:58 INFO FileSourceStrategy: Pushed Filters:
[2026-08-21T04:33:58.711+0000] {spark_submit.py:571} INFO - 26/08/21 04:33:58 INFO FileSourceStrategy: Post-Scan Filters:
[2026-08-21T04:33:58.728+0000] {spark_submit.py:571} INFO - 26/08/21 04:33:58 WARN SparkStringUtils: Truncated the string representation of a plan since it was too large. This behavior can be adjusted by setting 'spark.sql.debug.maxToStringFields'.
[2026-08-21T04:33:58.871+0000] {spark_submit.py:571} INFO - 26/08/21 04:33:58 INFO BlockManagerInfo: Removed broadcast_10_piece0 on c90a551abb73:33659 in memory (size: 34.9 KiB, free: 434.3 MiB)
[2026-08-21T04:33:58.880+0000] {spark_submit.py:571} INFO - 26/08/21 04:33:58 INFO BlockManagerInfo: Removed broadcast_10_piece0 on 172.18.0.6:46429 in memory (size: 34.9 KiB, free: 434.4 MiB)
[2026-08-21T04:33:58.899+0000] {spark_submit.py:571} INFO - 26/08/21 04:33:58 INFO BlockManagerInfo: Removed broadcast_4_piece0 on c90a551abb73:33659 in memory (size: 34.8 KiB, free: 434.4 MiB)
[2026-08-21T04:33:58.903+0000] {spark_submit.py:571} INFO - 26/08/21 04:33:58 INFO BlockManagerInfo: Removed broadcast_4_piece0 on 172.18.0.7:35869 in memory (size: 34.8 KiB, free: 434.4 MiB)
[2026-08-21T04:33:58.905+0000] {spark_submit.py:571} INFO - 26/08/21 04:33:58 INFO BlockManagerInfo: Removed broadcast_4_piece0 on 172.18.0.6:46429 in memory (size: 34.8 KiB, free: 434.4 MiB)
[2026-08-21T04:33:58.923+0000] {spark_submit.py:571} INFO - 26/08/21 04:33:58 INFO CodeGenerator: Code generated in 125.836584 ms
[2026-08-21T04:33:58.926+0000] {spark_submit.py:571} INFO - 26/08/21 04:33:58 INFO MemoryStore: Block broadcast_13 stored as values in memory (estimated size 201.6 KiB, free 434.0 MiB)
[2026-08-21T04:33:58.933+0000] {spark_submit.py:571} INFO - 26/08/21 04:33:58 INFO MemoryStore: Block broadcast_13_piece0 stored as bytes in memory (estimated size 34.9 KiB, free 433.9 MiB)
[2026-08-21T04:33:58.934+0000] {spark_submit.py:571} INFO - 26/08/21 04:33:58 INFO BlockManagerInfo: Added broadcast_13_piece0 in memory on c90a551abb73:33659 (size: 34.9 KiB, free: 434.3 MiB)
[2026-08-21T04:33:58.935+0000] {spark_submit.py:571} INFO - 26/08/21 04:33:58 INFO SparkContext: Created broadcast 13 from save at NativeMethodAccessorImpl.java:0
[2026-08-21T04:33:58.936+0000] {spark_submit.py:571} INFO - 26/08/21 04:33:58 INFO FileSourceScanExec: Planning scan with bin packing, max size: 4194304 bytes, open cost is considered as scanning 4194304 bytes.
[2026-08-21T04:33:58.961+0000] {spark_submit.py:571} INFO - 26/08/21 04:33:58 INFO DAGScheduler: Registering RDD 31 (save at NativeMethodAccessorImpl.java:0) as input to shuffle 2
[2026-08-21T04:33:58.962+0000] {spark_submit.py:571} INFO - 26/08/21 04:33:58 INFO DAGScheduler: Got map stage job 7 (save at NativeMethodAccessorImpl.java:0) with 1 output partitions
[2026-08-21T04:33:58.963+0000] {spark_submit.py:571} INFO - 26/08/21 04:33:58 INFO DAGScheduler: Final stage: ShuffleMapStage 9 (save at NativeMethodAccessorImpl.java:0)
[2026-08-21T04:33:58.967+0000] {spark_submit.py:571} INFO - 26/08/21 04:33:58 INFO DAGScheduler: Parents of final stage: List()
[2026-08-21T04:33:58.967+0000] {spark_submit.py:571} INFO - 26/08/21 04:33:58 INFO DAGScheduler: Missing parents: List()
[2026-08-21T04:33:58.967+0000] {spark_submit.py:571} INFO - 26/08/21 04:33:58 INFO DAGScheduler: Submitting ShuffleMapStage 9 (MapPartitionsRDD[31] at save at NativeMethodAccessorImpl.java:0), which has no missing parents
[2026-08-21T04:33:58.969+0000] {spark_submit.py:571} INFO - 26/08/21 04:33:58 INFO MemoryStore: Block broadcast_14 stored as values in memory (estimated size 105.9 KiB, free 433.8 MiB)
[2026-08-21T04:33:58.969+0000] {spark_submit.py:571} INFO - 26/08/21 04:33:58 INFO MemoryStore: Block broadcast_14_piece0 stored as bytes in memory (estimated size 32.7 KiB, free 433.8 MiB)
[2026-08-21T04:33:58.970+0000] {spark_submit.py:571} INFO - 26/08/21 04:33:58 INFO BlockManagerInfo: Added broadcast_14_piece0 in memory on c90a551abb73:33659 (size: 32.7 KiB, free: 434.3 MiB)
[2026-08-21T04:33:58.971+0000] {spark_submit.py:571} INFO - 26/08/21 04:33:58 INFO SparkContext: Created broadcast 14 from broadcast at DAGScheduler.scala:1585
[2026-08-21T04:33:58.973+0000] {spark_submit.py:571} INFO - 26/08/21 04:33:58 INFO DAGScheduler: Submitting 1 missing tasks from ShuffleMapStage 9 (MapPartitionsRDD[31] at save at NativeMethodAccessorImpl.java:0) (first 15 tasks are for partitions Vector(0))
[2026-08-21T04:33:58.974+0000] {spark_submit.py:571} INFO - 26/08/21 04:33:58 INFO TaskSchedulerImpl: Adding task set 9.0 with 1 tasks resource profile 0
[2026-08-21T04:33:58.974+0000] {spark_submit.py:571} INFO - 26/08/21 04:33:58 INFO TaskSetManager: Starting task 0.0 in stage 9.0 (TID 25) (172.18.0.7, executor 1, partition 0, PROCESS_LOCAL, 8284 bytes)
[2026-08-21T04:33:58.986+0000] {spark_submit.py:571} INFO - 26/08/21 04:33:58 INFO BlockManagerInfo: Added broadcast_14_piece0 in memory on 172.18.0.7:35869 (size: 32.7 KiB, free: 434.4 MiB)
[2026-08-21T04:33:59.435+0000] {spark_submit.py:571} INFO - 26/08/21 04:33:59 INFO BlockManagerInfo: Added broadcast_13_piece0 in memory on 172.18.0.7:35869 (size: 34.9 KiB, free: 434.3 MiB)
[2026-08-21T04:33:59.508+0000] {spark_submit.py:571} INFO - 26/08/21 04:33:59 INFO TaskSetManager: Finished task 0.0 in stage 9.0 (TID 25) in 536 ms on 172.18.0.7 (executor 1) (1/1)
[2026-08-21T04:33:59.510+0000] {spark_submit.py:571} INFO - 26/08/21 04:33:59 INFO TaskSchedulerImpl: Removed TaskSet 9.0, whose tasks have all completed, from pool
[2026-08-21T04:33:59.511+0000] {spark_submit.py:571} INFO - 26/08/21 04:33:59 INFO DAGScheduler: ShuffleMapStage 9 (save at NativeMethodAccessorImpl.java:0) finished in 0.547 s
[2026-08-21T04:33:59.511+0000] {spark_submit.py:571} INFO - 26/08/21 04:33:59 INFO DAGScheduler: looking for newly runnable stages
[2026-08-21T04:33:59.511+0000] {spark_submit.py:571} INFO - 26/08/21 04:33:59 INFO DAGScheduler: running: Set()
[2026-08-21T04:33:59.512+0000] {spark_submit.py:571} INFO - 26/08/21 04:33:59 INFO DAGScheduler: waiting: Set()
[2026-08-21T04:33:59.512+0000] {spark_submit.py:571} INFO - 26/08/21 04:33:59 INFO DAGScheduler: failed: Set()
[2026-08-21T04:33:59.598+0000] {spark_submit.py:571} INFO - 26/08/21 04:33:59 INFO BlockManagerInfo: Removed broadcast_14_piece0 on c90a551abb73:33659 in memory (size: 32.7 KiB, free: 434.3 MiB)
[2026-08-21T04:33:59.608+0000] {spark_submit.py:571} INFO - 26/08/21 04:33:59 INFO BlockManagerInfo: Removed broadcast_14_piece0 on 172.18.0.7:35869 in memory (size: 32.7 KiB, free: 434.4 MiB)
[2026-08-21T04:34:00.038+0000] {spark_submit.py:571} INFO - 26/08/21 04:34:00 INFO CodeGenerator: Generated method too long to be JIT compiled: org.apache.spark.sql.catalyst.expressions.GeneratedClass$GeneratedIteratorForCodegenStage3.serializefromobject_doConsume_0$ is 25072 bytes
[2026-08-21T04:34:00.039+0000] {spark_submit.py:571} INFO - 26/08/21 04:34:00 INFO CodeGenerator: Code generated in 377.99477 ms
[2026-08-21T04:34:00.135+0000] {spark_submit.py:571} INFO - 26/08/21 04:34:00 INFO CodeGenerator: Code generated in 73.173652 ms
[2026-08-21T04:34:00.383+0000] {spark_submit.py:571} INFO - 26/08/21 04:34:00 INFO CodeGenerator: Code generated in 61.808556 ms
[2026-08-21T04:34:00.391+0000] {spark_submit.py:571} INFO - 26/08/21 04:34:00 INFO DAGScheduler: Registering RDD 41 (save at NativeMethodAccessorImpl.java:0) as input to shuffle 3
[2026-08-21T04:34:00.392+0000] {spark_submit.py:571} INFO - 26/08/21 04:34:00 INFO DAGScheduler: Got map stage job 8 (save at NativeMethodAccessorImpl.java:0) with 50 output partitions
[2026-08-21T04:34:00.392+0000] {spark_submit.py:571} INFO - 26/08/21 04:34:00 INFO DAGScheduler: Final stage: ShuffleMapStage 11 (save at NativeMethodAccessorImpl.java:0)
[2026-08-21T04:34:00.393+0000] {spark_submit.py:571} INFO - 26/08/21 04:34:00 INFO DAGScheduler: Parents of final stage: List(ShuffleMapStage 10)
[2026-08-21T04:34:00.393+0000] {spark_submit.py:571} INFO - 26/08/21 04:34:00 INFO DAGScheduler: Missing parents: List()
[2026-08-21T04:34:00.394+0000] {spark_submit.py:571} INFO - 26/08/21 04:34:00 INFO DAGScheduler: Submitting ShuffleMapStage 11 (MapPartitionsRDD[41] at save at NativeMethodAccessorImpl.java:0), which has no missing parents
[2026-08-21T04:34:00.434+0000] {spark_submit.py:571} INFO - 26/08/21 04:34:00 INFO MemoryStore: Block broadcast_15 stored as values in memory (estimated size 602.2 KiB, free 433.4 MiB)
[2026-08-21T04:34:00.434+0000] {spark_submit.py:571} INFO - 26/08/21 04:34:00 INFO MemoryStore: Block broadcast_15_piece0 stored as bytes in memory (estimated size 138.0 KiB, free 433.2 MiB)
[2026-08-21T04:34:00.435+0000] {spark_submit.py:571} INFO - 26/08/21 04:34:00 INFO BlockManagerInfo: Added broadcast_15_piece0 in memory on c90a551abb73:33659 (size: 138.0 KiB, free: 434.2 MiB)
[2026-08-21T04:34:00.436+0000] {spark_submit.py:571} INFO - 26/08/21 04:34:00 INFO SparkContext: Created broadcast 15 from broadcast at DAGScheduler.scala:1585
[2026-08-21T04:34:00.437+0000] {spark_submit.py:571} INFO - 26/08/21 04:34:00 INFO DAGScheduler: Submitting 50 missing tasks from ShuffleMapStage 11 (MapPartitionsRDD[41] at save at NativeMethodAccessorImpl.java:0) (first 15 tasks are for partitions Vector(0, 1, 2, 3, 4, 5, 6, 7, 8, 9, 10, 11, 12, 13, 14))
[2026-08-21T04:34:00.437+0000] {spark_submit.py:571} INFO - 26/08/21 04:34:00 INFO TaskSchedulerImpl: Adding task set 11.0 with 50 tasks resource profile 0
[2026-08-21T04:34:00.441+0000] {spark_submit.py:571} INFO - 26/08/21 04:34:00 INFO TaskSetManager: Starting task 24.0 in stage 11.0 (TID 26) (172.18.0.7, executor 1, partition 24, NODE_LOCAL, 7608 bytes)
[2026-08-21T04:34:00.441+0000] {spark_submit.py:571} INFO - 26/08/21 04:34:00 INFO TaskSetManager: Starting task 30.0 in stage 11.0 (TID 27) (172.18.0.7, executor 1, partition 30, NODE_LOCAL, 7608 bytes)
[2026-08-21T04:34:00.441+0000] {spark_submit.py:571} INFO - 26/08/21 04:34:00 INFO TaskSetManager: Starting task 0.0 in stage 11.0 (TID 28) (172.18.0.6, executor 0, partition 0, PROCESS_LOCAL, 7608 bytes)
[2026-08-21T04:34:00.442+0000] {spark_submit.py:571} INFO - 26/08/21 04:34:00 INFO TaskSetManager: Starting task 1.0 in stage 11.0 (TID 29) (172.18.0.6, executor 0, partition 1, PROCESS_LOCAL, 7608 bytes)
[2026-08-21T04:34:00.486+0000] {spark_submit.py:571} INFO - 26/08/21 04:34:00 INFO BlockManagerInfo: Added broadcast_15_piece0 in memory on 172.18.0.6:46429 (size: 138.0 KiB, free: 434.3 MiB)
[2026-08-21T04:34:00.493+0000] {spark_submit.py:571} INFO - 26/08/21 04:34:00 INFO BlockManagerInfo: Added broadcast_15_piece0 in memory on 172.18.0.7:35869 (size: 138.0 KiB, free: 434.2 MiB)
[2026-08-21T04:34:00.866+0000] {spark_submit.py:571} INFO - 26/08/21 04:34:00 INFO MapOutputTrackerMasterEndpoint: Asked to send map output locations for shuffle 2 to 172.18.0.7:44860
[2026-08-21T04:34:01.127+0000] {spark_submit.py:571} INFO - 26/08/21 04:34:01 INFO MapOutputTrackerMasterEndpoint: Asked to send map output locations for shuffle 2 to 172.18.0.6:46852
[2026-08-21T04:34:02.003+0000] {spark_submit.py:571} INFO - 26/08/21 04:34:02 INFO BlockManagerInfo: Added rdd_38_30 in memory on 172.18.0.7:35869 (size: 1157.0 B, free: 434.2 MiB)
[2026-08-21T04:34:02.007+0000] {spark_submit.py:571} INFO - 26/08/21 04:34:02 INFO BlockManagerInfo: Added rdd_38_24 in memory on 172.18.0.7:35869 (size: 1179.0 B, free: 434.2 MiB)
[2026-08-21T04:34:02.292+0000] {spark_submit.py:571} INFO - 26/08/21 04:34:02 INFO BlockManagerInfo: Added rdd_38_0 in memory on 172.18.0.6:46429 (size: 46.0 B, free: 434.3 MiB)
[2026-08-21T04:34:02.294+0000] {spark_submit.py:571} INFO - 26/08/21 04:34:02 INFO BlockManagerInfo: Added rdd_38_1 in memory on 172.18.0.6:46429 (size: 46.0 B, free: 434.3 MiB)
[2026-08-21T04:34:02.951+0000] {spark_submit.py:571} INFO - 26/08/21 04:34:02 INFO TaskSetManager: Starting task 42.0 in stage 11.0 (TID 30) (172.18.0.7, executor 1, partition 42, NODE_LOCAL, 7608 bytes)
[2026-08-21T04:34:02.953+0000] {spark_submit.py:571} INFO - 26/08/21 04:34:02 INFO TaskSetManager: Starting task 2.0 in stage 11.0 (TID 31) (172.18.0.7, executor 1, partition 2, PROCESS_LOCAL, 7608 bytes)
[2026-08-21T04:34:02.956+0000] {spark_submit.py:571} INFO - 26/08/21 04:34:02 INFO TaskSetManager: Finished task 24.0 in stage 11.0 (TID 26) in 2515 ms on 172.18.0.7 (executor 1) (1/50)
[2026-08-21T04:34:02.956+0000] {spark_submit.py:571} INFO - 26/08/21 04:34:02 INFO TaskSetManager: Finished task 30.0 in stage 11.0 (TID 27) in 2517 ms on 172.18.0.7 (executor 1) (2/50)
[2026-08-21T04:34:03.203+0000] {spark_submit.py:571} INFO - 26/08/21 04:34:03 INFO BlockManagerInfo: Added rdd_38_42 in memory on 172.18.0.7:35869 (size: 699.0 B, free: 434.2 MiB)
[2026-08-21T04:34:03.236+0000] {spark_submit.py:571} INFO - 26/08/21 04:34:03 INFO BlockManagerInfo: Added rdd_38_2 in memory on 172.18.0.7:35869 (size: 46.0 B, free: 434.2 MiB)
[2026-08-21T04:34:03.319+0000] {spark_submit.py:571} INFO - 26/08/21 04:34:03 INFO TaskSetManager: Starting task 3.0 in stage 11.0 (TID 32) (172.18.0.7, executor 1, partition 3, PROCESS_LOCAL, 7608 bytes)
[2026-08-21T04:34:03.322+0000] {spark_submit.py:571} INFO - 26/08/21 04:34:03 INFO TaskSetManager: Finished task 42.0 in stage 11.0 (TID 30) in 374 ms on 172.18.0.7 (executor 1) (3/50)
[2026-08-21T04:34:03.340+0000] {spark_submit.py:571} INFO - 26/08/21 04:34:03 INFO TaskSetManager: Starting task 4.0 in stage 11.0 (TID 33) (172.18.0.7, executor 1, partition 4, PROCESS_LOCAL, 7608 bytes)
[2026-08-21T04:34:03.341+0000] {spark_submit.py:571} INFO - 26/08/21 04:34:03 INFO TaskSetManager: Finished task 2.0 in stage 11.0 (TID 31) in 388 ms on 172.18.0.7 (executor 1) (4/50)
[2026-08-21T04:34:03.431+0000] {spark_submit.py:571} INFO - 26/08/21 04:34:03 INFO BlockManagerInfo: Added rdd_38_4 in memory on 172.18.0.7:35869 (size: 46.0 B, free: 434.2 MiB)
[2026-08-21T04:34:03.476+0000] {spark_submit.py:571} INFO - 26/08/21 04:34:03 INFO TaskSetManager: Starting task 5.0 in stage 11.0 (TID 34) (172.18.0.7, executor 1, partition 5, PROCESS_LOCAL, 7608 bytes)
[2026-08-21T04:34:03.477+0000] {spark_submit.py:571} INFO - 26/08/21 04:34:03 INFO TaskSetManager: Finished task 4.0 in stage 11.0 (TID 33) in 136 ms on 172.18.0.7 (executor 1) (5/50)
[2026-08-21T04:34:03.523+0000] {spark_submit.py:571} INFO - 26/08/21 04:34:03 INFO TaskSetManager: Starting task 6.0 in stage 11.0 (TID 35) (172.18.0.6, executor 0, partition 6, PROCESS_LOCAL, 7608 bytes)
[2026-08-21T04:34:03.523+0000] {spark_submit.py:571} INFO - 26/08/21 04:34:03 INFO TaskSetManager: Finished task 0.0 in stage 11.0 (TID 28) in 3082 ms on 172.18.0.6 (executor 0) (6/50)
[2026-08-21T04:34:03.529+0000] {spark_submit.py:571} INFO - 26/08/21 04:34:03 INFO TaskSetManager: Starting task 7.0 in stage 11.0 (TID 36) (172.18.0.6, executor 0, partition 7, PROCESS_LOCAL, 7608 bytes)
[2026-08-21T04:34:03.530+0000] {spark_submit.py:571} INFO - 26/08/21 04:34:03 INFO TaskSetManager: Finished task 1.0 in stage 11.0 (TID 29) in 3088 ms on 172.18.0.6 (executor 0) (7/50)
[2026-08-21T04:34:03.590+0000] {spark_submit.py:571} INFO - 26/08/21 04:34:03 INFO BlockManagerInfo: Added rdd_38_5 in memory on 172.18.0.7:35869 (size: 46.0 B, free: 434.2 MiB)
[2026-08-21T04:34:03.668+0000] {spark_submit.py:571} INFO - 26/08/21 04:34:03 INFO BlockManagerInfo: Added rdd_38_3 in memory on 172.18.0.7:35869 (size: 46.0 B, free: 434.2 MiB)
[2026-08-21T04:34:03.724+0000] {spark_submit.py:571} INFO - 26/08/21 04:34:03 INFO TaskSetManager: Starting task 8.0 in stage 11.0 (TID 37) (172.18.0.7, executor 1, partition 8, PROCESS_LOCAL, 7608 bytes)
[2026-08-21T04:34:03.726+0000] {spark_submit.py:571} INFO - 26/08/21 04:34:03 INFO TaskSetManager: Finished task 5.0 in stage 11.0 (TID 34) in 247 ms on 172.18.0.7 (executor 1) (8/50)
[2026-08-21T04:34:03.759+0000] {spark_submit.py:571} INFO - 26/08/21 04:34:03 INFO BlockManagerInfo: Added rdd_38_7 in memory on 172.18.0.6:46429 (size: 46.0 B, free: 434.3 MiB)
[2026-08-21T04:34:03.783+0000] {spark_submit.py:571} INFO - 26/08/21 04:34:03 INFO TaskSetManager: Starting task 9.0 in stage 11.0 (TID 38) (172.18.0.7, executor 1, partition 9, PROCESS_LOCAL, 7608 bytes)
[2026-08-21T04:34:03.786+0000] {spark_submit.py:571} INFO - 26/08/21 04:34:03 INFO TaskSetManager: Finished task 3.0 in stage 11.0 (TID 32) in 465 ms on 172.18.0.7 (executor 1) (9/50)
[2026-08-21T04:34:03.797+0000] {spark_submit.py:571} INFO - 26/08/21 04:34:03 INFO BlockManagerInfo: Added rdd_38_6 in memory on 172.18.0.6:46429 (size: 46.0 B, free: 434.3 MiB)
[2026-08-21T04:34:03.884+0000] {spark_submit.py:571} INFO - 26/08/21 04:34:03 INFO TaskSetManager: Starting task 10.0 in stage 11.0 (TID 39) (172.18.0.6, executor 0, partition 10, PROCESS_LOCAL, 7608 bytes)
[2026-08-21T04:34:03.886+0000] {spark_submit.py:571} INFO - 26/08/21 04:34:03 INFO TaskSetManager: Finished task 6.0 in stage 11.0 (TID 35) in 364 ms on 172.18.0.6 (executor 0) (10/50)
[2026-08-21T04:34:03.894+0000] {spark_submit.py:571} INFO - 26/08/21 04:34:03 INFO TaskSetManager: Starting task 11.0 in stage 11.0 (TID 40) (172.18.0.6, executor 0, partition 11, PROCESS_LOCAL, 7608 bytes)
[2026-08-21T04:34:03.894+0000] {spark_submit.py:571} INFO - 26/08/21 04:34:03 INFO TaskSetManager: Finished task 7.0 in stage 11.0 (TID 36) in 363 ms on 172.18.0.6 (executor 0) (11/50)
[2026-08-21T04:34:03.972+0000] {spark_submit.py:571} INFO - 26/08/21 04:34:03 INFO BlockManagerInfo: Added rdd_38_8 in memory on 172.18.0.7:35869 (size: 46.0 B, free: 434.2 MiB)
[2026-08-21T04:34:03.992+0000] {spark_submit.py:571} INFO - 26/08/21 04:34:03 INFO BlockManagerInfo: Added rdd_38_9 in memory on 172.18.0.7:35869 (size: 46.0 B, free: 434.2 MiB)
[2026-08-21T04:34:04.043+0000] {spark_submit.py:571} INFO - 26/08/21 04:34:04 INFO BlockManagerInfo: Added rdd_38_10 in memory on 172.18.0.6:46429 (size: 46.0 B, free: 434.3 MiB)
[2026-08-21T04:34:04.073+0000] {spark_submit.py:571} INFO - 26/08/21 04:34:04 INFO TaskSetManager: Starting task 12.0 in stage 11.0 (TID 41) (172.18.0.7, executor 1, partition 12, PROCESS_LOCAL, 7608 bytes)
[2026-08-21T04:34:04.074+0000] {spark_submit.py:571} INFO - 26/08/21 04:34:04 INFO TaskSetManager: Finished task 8.0 in stage 11.0 (TID 37) in 372 ms on 172.18.0.7 (executor 1) (12/50)
[2026-08-21T04:34:04.089+0000] {spark_submit.py:571} INFO - 26/08/21 04:34:04 INFO TaskSetManager: Starting task 13.0 in stage 11.0 (TID 42) (172.18.0.7, executor 1, partition 13, PROCESS_LOCAL, 7608 bytes)
[2026-08-21T04:34:04.094+0000] {spark_submit.py:571} INFO - 26/08/21 04:34:04 INFO TaskSetManager: Finished task 9.0 in stage 11.0 (TID 38) in 312 ms on 172.18.0.7 (executor 1) (13/50)
[2026-08-21T04:34:04.112+0000] {spark_submit.py:571} INFO - 26/08/21 04:34:04 INFO BlockManagerInfo: Added rdd_38_11 in memory on 172.18.0.6:46429 (size: 46.0 B, free: 434.3 MiB)
[2026-08-21T04:34:04.174+0000] {spark_submit.py:571} INFO - 26/08/21 04:34:04 INFO TaskSetManager: Starting task 14.0 in stage 11.0 (TID 43) (172.18.0.6, executor 0, partition 14, PROCESS_LOCAL, 7608 bytes)
[2026-08-21T04:34:04.177+0000] {spark_submit.py:571} INFO - 26/08/21 04:34:04 INFO TaskSetManager: Finished task 10.0 in stage 11.0 (TID 39) in 296 ms on 172.18.0.6 (executor 0) (14/50)
[2026-08-21T04:34:04.190+0000] {spark_submit.py:571} INFO - 26/08/21 04:34:04 INFO BlockManagerInfo: Added rdd_38_13 in memory on 172.18.0.7:35869 (size: 46.0 B, free: 434.2 MiB)
[2026-08-21T04:34:04.212+0000] {spark_submit.py:571} INFO - 26/08/21 04:34:04 INFO TaskSetManager: Starting task 15.0 in stage 11.0 (TID 44) (172.18.0.6, executor 0, partition 15, PROCESS_LOCAL, 7608 bytes)
[2026-08-21T04:34:04.215+0000] {spark_submit.py:571} INFO - 26/08/21 04:34:04 INFO TaskSetManager: Finished task 11.0 in stage 11.0 (TID 40) in 325 ms on 172.18.0.6 (executor 0) (15/50)
[2026-08-21T04:34:04.228+0000] {spark_submit.py:571} INFO - 26/08/21 04:34:04 INFO BlockManagerInfo: Added rdd_38_12 in memory on 172.18.0.7:35869 (size: 46.0 B, free: 434.2 MiB)
[2026-08-21T04:34:04.264+0000] {spark_submit.py:571} INFO - 26/08/21 04:34:04 INFO TaskSetManager: Starting task 16.0 in stage 11.0 (TID 45) (172.18.0.7, executor 1, partition 16, PROCESS_LOCAL, 7608 bytes)
[2026-08-21T04:34:04.264+0000] {spark_submit.py:571} INFO - 26/08/21 04:34:04 INFO TaskSetManager: Finished task 13.0 in stage 11.0 (TID 42) in 176 ms on 172.18.0.7 (executor 1) (16/50)
[2026-08-21T04:34:04.332+0000] {spark_submit.py:571} INFO - 26/08/21 04:34:04 INFO TaskSetManager: Starting task 17.0 in stage 11.0 (TID 46) (172.18.0.7, executor 1, partition 17, PROCESS_LOCAL, 7608 bytes)
[2026-08-21T04:34:04.336+0000] {spark_submit.py:571} INFO - 26/08/21 04:34:04 INFO TaskSetManager: Finished task 12.0 in stage 11.0 (TID 41) in 263 ms on 172.18.0.7 (executor 1) (17/50)
[2026-08-21T04:34:04.364+0000] {spark_submit.py:571} INFO - 26/08/21 04:34:04 INFO BlockManagerInfo: Added rdd_38_14 in memory on 172.18.0.6:46429 (size: 46.0 B, free: 434.3 MiB)
[2026-08-21T04:34:04.412+0000] {spark_submit.py:571} INFO - 26/08/21 04:34:04 INFO BlockManagerInfo: Added rdd_38_16 in memory on 172.18.0.7:35869 (size: 46.0 B, free: 434.2 MiB)
[2026-08-21T04:34:04.436+0000] {spark_submit.py:571} INFO - 26/08/21 04:34:04 INFO BlockManagerInfo: Added rdd_38_15 in memory on 172.18.0.6:46429 (size: 46.0 B, free: 434.3 MiB)
[2026-08-21T04:34:04.447+0000] {spark_submit.py:571} INFO - 26/08/21 04:34:04 INFO TaskSetManager: Starting task 18.0 in stage 11.0 (TID 47) (172.18.0.6, executor 0, partition 18, PROCESS_LOCAL, 7608 bytes)
[2026-08-21T04:34:04.451+0000] {spark_submit.py:571} INFO - 26/08/21 04:34:04 INFO TaskSetManager: Finished task 14.0 in stage 11.0 (TID 43) in 279 ms on 172.18.0.6 (executor 0) (18/50)
[2026-08-21T04:34:04.464+0000] {spark_submit.py:571} INFO - 26/08/21 04:34:04 INFO TaskSetManager: Starting task 19.0 in stage 11.0 (TID 48) (172.18.0.7, executor 1, partition 19, PROCESS_LOCAL, 7608 bytes)
[2026-08-21T04:34:04.467+0000] {spark_submit.py:571} INFO - 26/08/21 04:34:04 INFO TaskSetManager: Finished task 16.0 in stage 11.0 (TID 45) in 205 ms on 172.18.0.7 (executor 1) (19/50)
[2026-08-21T04:34:04.519+0000] {spark_submit.py:571} INFO - 26/08/21 04:34:04 INFO BlockManagerInfo: Added rdd_38_17 in memory on 172.18.0.7:35869 (size: 46.0 B, free: 434.2 MiB)
[2026-08-21T04:34:04.534+0000] {spark_submit.py:571} INFO - 26/08/21 04:34:04 INFO TaskSetManager: Starting task 20.0 in stage 11.0 (TID 49) (172.18.0.6, executor 0, partition 20, PROCESS_LOCAL, 7608 bytes)
[2026-08-21T04:34:04.541+0000] {spark_submit.py:571} INFO - 26/08/21 04:34:04 INFO TaskSetManager: Finished task 15.0 in stage 11.0 (TID 44) in 329 ms on 172.18.0.6 (executor 0) (20/50)
[2026-08-21T04:34:04.577+0000] {spark_submit.py:571} INFO - 26/08/21 04:34:04 INFO BlockManagerInfo: Added rdd_38_19 in memory on 172.18.0.7:35869 (size: 46.0 B, free: 434.2 MiB)
[2026-08-21T04:34:04.609+0000] {spark_submit.py:571} INFO - 26/08/21 04:34:04 INFO TaskSetManager: Starting task 21.0 in stage 11.0 (TID 50) (172.18.0.7, executor 1, partition 21, PROCESS_LOCAL, 7608 bytes)
[2026-08-21T04:34:04.612+0000] {spark_submit.py:571} INFO - 26/08/21 04:34:04 INFO TaskSetManager: Finished task 19.0 in stage 11.0 (TID 48) in 147 ms on 172.18.0.7 (executor 1) (21/50)
[2026-08-21T04:34:04.616+0000] {spark_submit.py:571} INFO - 26/08/21 04:34:04 INFO TaskSetManager: Starting task 22.0 in stage 11.0 (TID 51) (172.18.0.7, executor 1, partition 22, PROCESS_LOCAL, 7608 bytes)
[2026-08-21T04:34:04.619+0000] {spark_submit.py:571} INFO - 26/08/21 04:34:04 INFO TaskSetManager: Finished task 17.0 in stage 11.0 (TID 46) in 287 ms on 172.18.0.7 (executor 1) (22/50)
[2026-08-21T04:34:04.635+0000] {spark_submit.py:571} INFO - 26/08/21 04:34:04 INFO BlockManagerInfo: Added rdd_38_18 in memory on 172.18.0.6:46429 (size: 46.0 B, free: 434.3 MiB)
[2026-08-21T04:34:04.729+0000] {spark_submit.py:571} INFO - 26/08/21 04:34:04 INFO TaskSetManager: Starting task 23.0 in stage 11.0 (TID 52) (172.18.0.6, executor 0, partition 23, PROCESS_LOCAL, 7608 bytes)
[2026-08-21T04:34:04.736+0000] {spark_submit.py:571} INFO - 26/08/21 04:34:04 INFO TaskSetManager: Finished task 18.0 in stage 11.0 (TID 47) in 282 ms on 172.18.0.6 (executor 0) (23/50)
[2026-08-21T04:34:04.744+0000] {spark_submit.py:571} INFO - 26/08/21 04:34:04 INFO BlockManagerInfo: Added rdd_38_20 in memory on 172.18.0.6:46429 (size: 46.0 B, free: 434.3 MiB)
[2026-08-21T04:34:04.746+0000] {spark_submit.py:571} INFO - 26/08/21 04:34:04 INFO BlockManagerInfo: Added rdd_38_22 in memory on 172.18.0.7:35869 (size: 46.0 B, free: 434.2 MiB)
[2026-08-21T04:34:04.789+0000] {spark_submit.py:571} INFO - 26/08/21 04:34:04 INFO BlockManagerInfo: Added rdd_38_21 in memory on 172.18.0.7:35869 (size: 46.0 B, free: 434.2 MiB)
[2026-08-21T04:34:04.820+0000] {spark_submit.py:571} INFO - 26/08/21 04:34:04 INFO TaskSetManager: Starting task 25.0 in stage 11.0 (TID 53) (172.18.0.7, executor 1, partition 25, PROCESS_LOCAL, 7608 bytes)
[2026-08-21T04:34:04.820+0000] {spark_submit.py:571} INFO - 26/08/21 04:34:04 INFO TaskSetManager: Finished task 22.0 in stage 11.0 (TID 51) in 205 ms on 172.18.0.7 (executor 1) (24/50)
[2026-08-21T04:34:04.823+0000] {spark_submit.py:571} INFO - 26/08/21 04:34:04 INFO TaskSetManager: Starting task 26.0 in stage 11.0 (TID 54) (172.18.0.6, executor 0, partition 26, PROCESS_LOCAL, 7608 bytes)
[2026-08-21T04:34:04.824+0000] {spark_submit.py:571} INFO - 26/08/21 04:34:04 INFO TaskSetManager: Finished task 20.0 in stage 11.0 (TID 49) in 291 ms on 172.18.0.6 (executor 0) (25/50)
[2026-08-21T04:34:04.885+0000] {spark_submit.py:571} INFO - 26/08/21 04:34:04 INFO TaskSetManager: Starting task 27.0 in stage 11.0 (TID 55) (172.18.0.7, executor 1, partition 27, PROCESS_LOCAL, 7608 bytes)
[2026-08-21T04:34:04.887+0000] {spark_submit.py:571} INFO - 26/08/21 04:34:04 INFO TaskSetManager: Finished task 21.0 in stage 11.0 (TID 50) in 273 ms on 172.18.0.7 (executor 1) (26/50)
[2026-08-21T04:34:04.989+0000] {spark_submit.py:571} INFO - 26/08/21 04:34:04 INFO BlockManagerInfo: Added rdd_38_26 in memory on 172.18.0.6:46429 (size: 46.0 B, free: 434.3 MiB)
[2026-08-21T04:34:04.999+0000] {spark_submit.py:571} INFO - 26/08/21 04:34:04 INFO BlockManagerInfo: Added rdd_38_25 in memory on 172.18.0.7:35869 (size: 46.0 B, free: 434.2 MiB)
[2026-08-21T04:34:05.004+0000] {spark_submit.py:571} INFO - 26/08/21 04:34:05 INFO BlockManagerInfo: Added rdd_38_23 in memory on 172.18.0.6:46429 (size: 46.0 B, free: 434.3 MiB)
[2026-08-21T04:34:05.032+0000] {spark_submit.py:571} INFO - 26/08/21 04:34:05 INFO BlockManagerInfo: Added rdd_38_27 in memory on 172.18.0.7:35869 (size: 46.0 B, free: 434.2 MiB)
[2026-08-21T04:34:05.072+0000] {spark_submit.py:571} INFO - 26/08/21 04:34:05 INFO TaskSetManager: Starting task 28.0 in stage 11.0 (TID 56) (172.18.0.6, executor 0, partition 28, PROCESS_LOCAL, 7608 bytes)
[2026-08-21T04:34:05.076+0000] {spark_submit.py:571} INFO - 26/08/21 04:34:05 INFO TaskSetManager: Finished task 26.0 in stage 11.0 (TID 54) in 250 ms on 172.18.0.6 (executor 0) (27/50)
[2026-08-21T04:34:05.099+0000] {spark_submit.py:571} INFO - 26/08/21 04:34:05 INFO TaskSetManager: Starting task 29.0 in stage 11.0 (TID 57) (172.18.0.7, executor 1, partition 29, PROCESS_LOCAL, 7608 bytes)
[2026-08-21T04:34:05.101+0000] {spark_submit.py:571} INFO - 26/08/21 04:34:05 INFO TaskSetManager: Finished task 27.0 in stage 11.0 (TID 55) in 220 ms on 172.18.0.7 (executor 1) (28/50)
[2026-08-21T04:34:05.124+0000] {spark_submit.py:571} INFO - 26/08/21 04:34:05 INFO TaskSetManager: Starting task 31.0 in stage 11.0 (TID 58) (172.18.0.6, executor 0, partition 31, PROCESS_LOCAL, 7608 bytes)
[2026-08-21T04:34:05.127+0000] {spark_submit.py:571} INFO - 26/08/21 04:34:05 INFO TaskSetManager: Finished task 23.0 in stage 11.0 (TID 52) in 399 ms on 172.18.0.6 (executor 0) (29/50)
[2026-08-21T04:34:05.138+0000] {spark_submit.py:571} INFO - 26/08/21 04:34:05 INFO TaskSetManager: Starting task 32.0 in stage 11.0 (TID 59) (172.18.0.7, executor 1, partition 32, PROCESS_LOCAL, 7608 bytes)
[2026-08-21T04:34:05.142+0000] {spark_submit.py:571} INFO - 26/08/21 04:34:05 INFO TaskSetManager: Finished task 25.0 in stage 11.0 (TID 53) in 323 ms on 172.18.0.7 (executor 1) (30/50)
[2026-08-21T04:34:05.201+0000] {spark_submit.py:571} INFO - 26/08/21 04:34:05 INFO BlockManagerInfo: Added rdd_38_28 in memory on 172.18.0.6:46429 (size: 46.0 B, free: 434.3 MiB)
[2026-08-21T04:34:05.247+0000] {spark_submit.py:571} INFO - 26/08/21 04:34:05 INFO BlockManagerInfo: Added rdd_38_29 in memory on 172.18.0.7:35869 (size: 46.0 B, free: 434.2 MiB)
[2026-08-21T04:34:05.251+0000] {spark_submit.py:571} INFO - 26/08/21 04:34:05 INFO TaskSetManager: Starting task 33.0 in stage 11.0 (TID 60) (172.18.0.6, executor 0, partition 33, PROCESS_LOCAL, 7608 bytes)
[2026-08-21T04:34:05.251+0000] {spark_submit.py:571} INFO - 26/08/21 04:34:05 INFO TaskSetManager: Finished task 28.0 in stage 11.0 (TID 56) in 180 ms on 172.18.0.6 (executor 0) (31/50)
[2026-08-21T04:34:05.266+0000] {spark_submit.py:571} INFO - 26/08/21 04:34:05 INFO BlockManagerInfo: Added rdd_38_32 in memory on 172.18.0.7:35869 (size: 46.0 B, free: 434.2 MiB)
[2026-08-21T04:34:05.300+0000] {spark_submit.py:571} INFO - 26/08/21 04:34:05 INFO TaskSetManager: Starting task 34.0 in stage 11.0 (TID 61) (172.18.0.7, executor 1, partition 34, PROCESS_LOCAL, 7608 bytes)
[2026-08-21T04:34:05.301+0000] {spark_submit.py:571} INFO - 26/08/21 04:34:05 INFO TaskSetManager: Finished task 29.0 in stage 11.0 (TID 57) in 204 ms on 172.18.0.7 (executor 1) (32/50)
[2026-08-21T04:34:05.331+0000] {spark_submit.py:571} INFO - 26/08/21 04:34:05 INFO BlockManagerInfo: Added rdd_38_31 in memory on 172.18.0.6:46429 (size: 46.0 B, free: 434.3 MiB)
[2026-08-21T04:34:05.344+0000] {spark_submit.py:571} INFO - 26/08/21 04:34:05 INFO TaskSetManager: Starting task 35.0 in stage 11.0 (TID 62) (172.18.0.7, executor 1, partition 35, PROCESS_LOCAL, 7608 bytes)
[2026-08-21T04:34:05.347+0000] {spark_submit.py:571} INFO - 26/08/21 04:34:05 INFO TaskSetManager: Finished task 32.0 in stage 11.0 (TID 59) in 209 ms on 172.18.0.7 (executor 1) (33/50)
[2026-08-21T04:34:05.403+0000] {spark_submit.py:571} INFO - 26/08/21 04:34:05 INFO BlockManagerInfo: Added rdd_38_33 in memory on 172.18.0.6:46429 (size: 46.0 B, free: 434.3 MiB)
[2026-08-21T04:34:05.407+0000] {spark_submit.py:571} INFO - 26/08/21 04:34:05 INFO BlockManagerInfo: Added rdd_38_34 in memory on 172.18.0.7:35869 (size: 46.0 B, free: 434.2 MiB)
[2026-08-21T04:34:05.433+0000] {spark_submit.py:571} INFO - 26/08/21 04:34:05 INFO TaskSetManager: Starting task 36.0 in stage 11.0 (TID 63) (172.18.0.6, executor 0, partition 36, PROCESS_LOCAL, 7608 bytes)
[2026-08-21T04:34:05.437+0000] {spark_submit.py:571} INFO - 26/08/21 04:34:05 INFO TaskSetManager: Finished task 31.0 in stage 11.0 (TID 58) in 313 ms on 172.18.0.6 (executor 0) (34/50)
[2026-08-21T04:34:05.444+0000] {spark_submit.py:571} INFO - 26/08/21 04:34:05 INFO TaskSetManager: Starting task 37.0 in stage 11.0 (TID 64) (172.18.0.7, executor 1, partition 37, PROCESS_LOCAL, 7608 bytes)
[2026-08-21T04:34:05.444+0000] {spark_submit.py:571} INFO - 26/08/21 04:34:05 INFO TaskSetManager: Finished task 34.0 in stage 11.0 (TID 61) in 146 ms on 172.18.0.7 (executor 1) (35/50)
[2026-08-21T04:34:05.459+0000] {spark_submit.py:571} INFO - 26/08/21 04:34:05 INFO TaskSetManager: Starting task 38.0 in stage 11.0 (TID 65) (172.18.0.6, executor 0, partition 38, PROCESS_LOCAL, 7608 bytes)
[2026-08-21T04:34:05.464+0000] {spark_submit.py:571} INFO - 26/08/21 04:34:05 INFO TaskSetManager: Finished task 33.0 in stage 11.0 (TID 60) in 215 ms on 172.18.0.6 (executor 0) (36/50)
[2026-08-21T04:34:05.532+0000] {spark_submit.py:571} INFO - 26/08/21 04:34:05 INFO BlockManagerInfo: Added rdd_38_35 in memory on 172.18.0.7:35869 (size: 46.0 B, free: 434.2 MiB)
[2026-08-21T04:34:05.607+0000] {spark_submit.py:571} INFO - 26/08/21 04:34:05 INFO BlockManagerInfo: Added rdd_38_36 in memory on 172.18.0.6:46429 (size: 46.0 B, free: 434.3 MiB)
[2026-08-21T04:34:05.608+0000] {spark_submit.py:571} INFO - 26/08/21 04:34:05 INFO BlockManagerInfo: Added rdd_38_37 in memory on 172.18.0.7:35869 (size: 46.0 B, free: 434.2 MiB)
[2026-08-21T04:34:05.621+0000] {spark_submit.py:571} INFO - 26/08/21 04:34:05 INFO TaskSetManager: Starting task 39.0 in stage 11.0 (TID 66) (172.18.0.7, executor 1, partition 39, PROCESS_LOCAL, 7608 bytes)
[2026-08-21T04:34:05.626+0000] {spark_submit.py:571} INFO - 26/08/21 04:34:05 INFO TaskSetManager: Finished task 35.0 in stage 11.0 (TID 62) in 283 ms on 172.18.0.7 (executor 1) (37/50)
[2026-08-21T04:34:05.640+0000] {spark_submit.py:571} INFO - 26/08/21 04:34:05 INFO BlockManagerInfo: Added rdd_38_38 in memory on 172.18.0.6:46429 (size: 46.0 B, free: 434.3 MiB)
[2026-08-21T04:34:05.659+0000] {spark_submit.py:571} INFO - 26/08/21 04:34:05 INFO TaskSetManager: Starting task 40.0 in stage 11.0 (TID 67) (172.18.0.6, executor 0, partition 40, PROCESS_LOCAL, 7608 bytes)
[2026-08-21T04:34:05.664+0000] {spark_submit.py:571} INFO - 26/08/21 04:34:05 INFO TaskSetManager: Finished task 36.0 in stage 11.0 (TID 63) in 230 ms on 172.18.0.6 (executor 0) (38/50)
[2026-08-21T04:34:05.700+0000] {spark_submit.py:571} INFO - 26/08/21 04:34:05 INFO TaskSetManager: Starting task 41.0 in stage 11.0 (TID 68) (172.18.0.6, executor 0, partition 41, PROCESS_LOCAL, 7608 bytes)
[2026-08-21T04:34:05.701+0000] {spark_submit.py:571} INFO - 26/08/21 04:34:05 INFO TaskSetManager: Finished task 38.0 in stage 11.0 (TID 65) in 242 ms on 172.18.0.6 (executor 0) (39/50)
[2026-08-21T04:34:05.707+0000] {spark_submit.py:571} INFO - 26/08/21 04:34:05 INFO TaskSetManager: Starting task 43.0 in stage 11.0 (TID 69) (172.18.0.7, executor 1, partition 43, PROCESS_LOCAL, 7608 bytes)
[2026-08-21T04:34:05.715+0000] {spark_submit.py:571} INFO - 26/08/21 04:34:05 INFO TaskSetManager: Finished task 37.0 in stage 11.0 (TID 64) in 268 ms on 172.18.0.7 (executor 1) (40/50)
[2026-08-21T04:34:05.716+0000] {spark_submit.py:571} INFO - 26/08/21 04:34:05 INFO BlockManagerInfo: Added rdd_38_39 in memory on 172.18.0.7:35869 (size: 46.0 B, free: 434.2 MiB)
[2026-08-21T04:34:05.760+0000] {spark_submit.py:571} INFO - 26/08/21 04:34:05 INFO BlockManagerInfo: Added rdd_38_40 in memory on 172.18.0.6:46429 (size: 46.0 B, free: 434.3 MiB)
[2026-08-21T04:34:05.769+0000] {spark_submit.py:571} INFO - 26/08/21 04:34:05 INFO TaskSetManager: Starting task 44.0 in stage 11.0 (TID 70) (172.18.0.7, executor 1, partition 44, PROCESS_LOCAL, 7608 bytes)
[2026-08-21T04:34:05.771+0000] {spark_submit.py:571} INFO - 26/08/21 04:34:05 INFO TaskSetManager: Finished task 39.0 in stage 11.0 (TID 66) in 148 ms on 172.18.0.7 (executor 1) (41/50)
[2026-08-21T04:34:05.803+0000] {spark_submit.py:571} INFO - 26/08/21 04:34:05 INFO BlockManagerInfo: Added rdd_38_43 in memory on 172.18.0.7:35869 (size: 46.0 B, free: 434.2 MiB)
[2026-08-21T04:34:05.826+0000] {spark_submit.py:571} INFO - 26/08/21 04:34:05 INFO BlockManagerInfo: Added rdd_38_41 in memory on 172.18.0.6:46429 (size: 46.0 B, free: 434.3 MiB)
[2026-08-21T04:34:05.829+0000] {spark_submit.py:571} INFO - 26/08/21 04:34:05 INFO TaskSetManager: Starting task 45.0 in stage 11.0 (TID 71) (172.18.0.6, executor 0, partition 45, PROCESS_LOCAL, 7608 bytes)
[2026-08-21T04:34:05.830+0000] {spark_submit.py:571} INFO - 26/08/21 04:34:05 INFO TaskSetManager: Finished task 40.0 in stage 11.0 (TID 67) in 174 ms on 172.18.0.6 (executor 0) (42/50)
[2026-08-21T04:34:05.840+0000] {spark_submit.py:571} INFO - 26/08/21 04:34:05 INFO TaskSetManager: Starting task 46.0 in stage 11.0 (TID 72) (172.18.0.7, executor 1, partition 46, PROCESS_LOCAL, 7608 bytes)
[2026-08-21T04:34:05.842+0000] {spark_submit.py:571} INFO - 26/08/21 04:34:05 INFO TaskSetManager: Finished task 43.0 in stage 11.0 (TID 69) in 136 ms on 172.18.0.7 (executor 1) (43/50)
[2026-08-21T04:34:05.881+0000] {spark_submit.py:571} INFO - 26/08/21 04:34:05 INFO BlockManagerInfo: Added rdd_38_44 in memory on 172.18.0.7:35869 (size: 46.0 B, free: 434.2 MiB)
[2026-08-21T04:34:05.882+0000] {spark_submit.py:571} INFO - 26/08/21 04:34:05 INFO TaskSetManager: Starting task 47.0 in stage 11.0 (TID 73) (172.18.0.6, executor 0, partition 47, PROCESS_LOCAL, 7608 bytes)
[2026-08-21T04:34:05.884+0000] {spark_submit.py:571} INFO - 26/08/21 04:34:05 INFO TaskSetManager: Finished task 41.0 in stage 11.0 (TID 68) in 186 ms on 172.18.0.6 (executor 0) (44/50)
[2026-08-21T04:34:05.913+0000] {spark_submit.py:571} INFO - 26/08/21 04:34:05 INFO BlockManagerInfo: Added rdd_38_46 in memory on 172.18.0.7:35869 (size: 46.0 B, free: 434.2 MiB)
[2026-08-21T04:34:05.928+0000] {spark_submit.py:571} INFO - 26/08/21 04:34:05 INFO TaskSetManager: Starting task 48.0 in stage 11.0 (TID 74) (172.18.0.7, executor 1, partition 48, PROCESS_LOCAL, 7608 bytes)
[2026-08-21T04:34:05.929+0000] {spark_submit.py:571} INFO - 26/08/21 04:34:05 INFO TaskSetManager: Finished task 44.0 in stage 11.0 (TID 70) in 158 ms on 172.18.0.7 (executor 1) (45/50)
[2026-08-21T04:34:05.962+0000] {spark_submit.py:571} INFO - 26/08/21 04:34:05 INFO BlockManagerInfo: Added rdd_38_45 in memory on 172.18.0.6:46429 (size: 46.0 B, free: 434.3 MiB)
[2026-08-21T04:34:05.982+0000] {spark_submit.py:571} INFO - 26/08/21 04:34:05 INFO TaskSetManager: Starting task 49.0 in stage 11.0 (TID 75) (172.18.0.7, executor 1, partition 49, PROCESS_LOCAL, 7608 bytes)
[2026-08-21T04:34:05.982+0000] {spark_submit.py:571} INFO - 26/08/21 04:34:05 INFO TaskSetManager: Finished task 46.0 in stage 11.0 (TID 72) in 142 ms on 172.18.0.7 (executor 1) (46/50)
[2026-08-21T04:34:06.004+0000] {spark_submit.py:571} INFO - 26/08/21 04:34:06 INFO BlockManagerInfo: Added rdd_38_47 in memory on 172.18.0.6:46429 (size: 46.0 B, free: 434.3 MiB)
[2026-08-21T04:34:06.014+0000] {spark_submit.py:571} INFO - 26/08/21 04:34:06 INFO TaskSetManager: Finished task 45.0 in stage 11.0 (TID 71) in 185 ms on 172.18.0.6 (executor 0) (47/50)
[2026-08-21T04:34:06.038+0000] {spark_submit.py:571} INFO - 26/08/21 04:34:06 INFO TaskSetManager: Finished task 47.0 in stage 11.0 (TID 73) in 155 ms on 172.18.0.6 (executor 0) (48/50)
[2026-08-21T04:34:06.071+0000] {spark_submit.py:571} INFO - 26/08/21 04:34:06 INFO BlockManagerInfo: Added rdd_38_49 in memory on 172.18.0.7:35869 (size: 46.0 B, free: 434.2 MiB)
[2026-08-21T04:34:06.077+0000] {spark_submit.py:571} INFO - 26/08/21 04:34:06 INFO BlockManagerInfo: Added rdd_38_48 in memory on 172.18.0.7:35869 (size: 46.0 B, free: 434.2 MiB)
[2026-08-21T04:34:06.099+0000] {spark_submit.py:571} INFO - 26/08/21 04:34:06 INFO TaskSetManager: Finished task 49.0 in stage 11.0 (TID 75) in 119 ms on 172.18.0.7 (executor 1) (49/50)
[2026-08-21T04:34:06.107+0000] {spark_submit.py:571} INFO - 26/08/21 04:34:06 INFO TaskSetManager: Finished task 48.0 in stage 11.0 (TID 74) in 183 ms on 172.18.0.7 (executor 1) (50/50)
[2026-08-21T04:34:06.109+0000] {spark_submit.py:571} INFO - 26/08/21 04:34:06 INFO TaskSchedulerImpl: Removed TaskSet 11.0, whose tasks have all completed, from pool
[2026-08-21T04:34:06.109+0000] {spark_submit.py:571} INFO - 26/08/21 04:34:06 INFO DAGScheduler: ShuffleMapStage 11 (save at NativeMethodAccessorImpl.java:0) finished in 5.709 s
[2026-08-21T04:34:06.110+0000] {spark_submit.py:571} INFO - 26/08/21 04:34:06 INFO DAGScheduler: looking for newly runnable stages
[2026-08-21T04:34:06.111+0000] {spark_submit.py:571} INFO - 26/08/21 04:34:06 INFO DAGScheduler: running: Set()
[2026-08-21T04:34:06.111+0000] {spark_submit.py:571} INFO - 26/08/21 04:34:06 INFO DAGScheduler: waiting: Set()
[2026-08-21T04:34:06.112+0000] {spark_submit.py:571} INFO - 26/08/21 04:34:06 INFO DAGScheduler: failed: Set()
[2026-08-21T04:34:06.141+0000] {spark_submit.py:571} INFO - 26/08/21 04:34:06 INFO SparkContext: Starting job: save at NativeMethodAccessorImpl.java:0
[2026-08-21T04:34:06.143+0000] {spark_submit.py:571} INFO - 26/08/21 04:34:06 INFO DAGScheduler: Got job 9 (save at NativeMethodAccessorImpl.java:0) with 1 output partitions
[2026-08-21T04:34:06.144+0000] {spark_submit.py:571} INFO - 26/08/21 04:34:06 INFO DAGScheduler: Final stage: ResultStage 14 (save at NativeMethodAccessorImpl.java:0)
[2026-08-21T04:34:06.146+0000] {spark_submit.py:571} INFO - 26/08/21 04:34:06 INFO DAGScheduler: Parents of final stage: List(ShuffleMapStage 13)
[2026-08-21T04:34:06.146+0000] {spark_submit.py:571} INFO - 26/08/21 04:34:06 INFO DAGScheduler: Missing parents: List()
[2026-08-21T04:34:06.146+0000] {spark_submit.py:571} INFO - 26/08/21 04:34:06 INFO DAGScheduler: Submitting ResultStage 14 (MapPartitionsRDD[44] at save at NativeMethodAccessorImpl.java:0), which has no missing parents
[2026-08-21T04:34:06.155+0000] {spark_submit.py:571} INFO - 26/08/21 04:34:06 INFO MemoryStore: Block broadcast_16 stored as values in memory (estimated size 533.3 KiB, free 432.7 MiB)
[2026-08-21T04:34:06.157+0000] {spark_submit.py:571} INFO - 26/08/21 04:34:06 INFO MemoryStore: Block broadcast_16_piece0 stored as bytes in memory (estimated size 124.3 KiB, free 432.6 MiB)
[2026-08-21T04:34:06.158+0000] {spark_submit.py:571} INFO - 26/08/21 04:34:06 INFO BlockManagerInfo: Added broadcast_16_piece0 in memory on c90a551abb73:33659 (size: 124.3 KiB, free: 434.1 MiB)
[2026-08-21T04:34:06.159+0000] {spark_submit.py:571} INFO - 26/08/21 04:34:06 INFO SparkContext: Created broadcast 16 from broadcast at DAGScheduler.scala:1585
[2026-08-21T04:34:06.160+0000] {spark_submit.py:571} INFO - 26/08/21 04:34:06 INFO DAGScheduler: Submitting 1 missing tasks from ResultStage 14 (MapPartitionsRDD[44] at save at NativeMethodAccessorImpl.java:0) (first 15 tasks are for partitions Vector(0))
[2026-08-21T04:34:06.160+0000] {spark_submit.py:571} INFO - 26/08/21 04:34:06 INFO TaskSchedulerImpl: Adding task set 14.0 with 1 tasks resource profile 0
[2026-08-21T04:34:06.162+0000] {spark_submit.py:571} INFO - 26/08/21 04:34:06 INFO TaskSetManager: Starting task 0.0 in stage 14.0 (TID 76) (172.18.0.7, executor 1, partition 0, NODE_LOCAL, 7619 bytes)
[2026-08-21T04:34:06.176+0000] {spark_submit.py:571} INFO - 26/08/21 04:34:06 INFO BlockManagerInfo: Added broadcast_16_piece0 in memory on 172.18.0.7:35869 (size: 124.3 KiB, free: 434.1 MiB)
[2026-08-21T04:34:06.196+0000] {spark_submit.py:571} INFO - 26/08/21 04:34:06 INFO MapOutputTrackerMasterEndpoint: Asked to send map output locations for shuffle 3 to 172.18.0.7:44860
[2026-08-21T04:34:06.275+0000] {spark_submit.py:571} INFO - 26/08/21 04:34:06 INFO TaskSetManager: Finished task 0.0 in stage 14.0 (TID 76) in 113 ms on 172.18.0.7 (executor 1) (1/1)
[2026-08-21T04:34:06.275+0000] {spark_submit.py:571} INFO - 26/08/21 04:34:06 INFO TaskSchedulerImpl: Removed TaskSet 14.0, whose tasks have all completed, from pool
[2026-08-21T04:34:06.278+0000] {spark_submit.py:571} INFO - 26/08/21 04:34:06 INFO DAGScheduler: ResultStage 14 (save at NativeMethodAccessorImpl.java:0) finished in 0.131 s
[2026-08-21T04:34:06.278+0000] {spark_submit.py:571} INFO - 26/08/21 04:34:06 INFO DAGScheduler: Job 9 is finished. Cancelling potential speculative or zombie tasks for this job
[2026-08-21T04:34:06.279+0000] {spark_submit.py:571} INFO - 26/08/21 04:34:06 INFO TaskSchedulerImpl: Killing all running tasks in stage 14: Stage finished
[2026-08-21T04:34:06.279+0000] {spark_submit.py:571} INFO - 26/08/21 04:34:06 INFO DAGScheduler: Job 9 finished: save at NativeMethodAccessorImpl.java:0, took 0.138645 s
[2026-08-21T04:34:06.348+0000] {spark_submit.py:571} INFO - 26/08/21 04:34:06 INFO CodeGenerator: Code generated in 45.696171 ms
[2026-08-21T04:34:06.353+0000] {spark_submit.py:571} INFO - 26/08/21 04:34:06 INFO Snapshot: [tableId=553802dd-42b6-4cf1-8af2-e0916230ea16] DELTA: Done
[2026-08-21T04:34:06.754+0000] {spark_submit.py:571} INFO - 26/08/21 04:34:06 INFO CodeGenerator: Code generated in 144.641432 ms
[2026-08-21T04:34:06.884+0000] {spark_submit.py:571} INFO - 26/08/21 04:34:06 INFO CodeGenerator: Code generated in 56.147995 ms
[2026-08-21T04:34:06.909+0000] {spark_submit.py:571} INFO - 26/08/21 04:34:06 INFO SparkContext: Starting job: $anonfun$recordDeltaOperationInternal$1 at DatabricksLogging.scala:128
[2026-08-21T04:34:06.910+0000] {spark_submit.py:571} INFO - 26/08/21 04:34:06 INFO DAGScheduler: Got job 10 ($anonfun$recordDeltaOperationInternal$1 at DatabricksLogging.scala:128) with 50 output partitions
[2026-08-21T04:34:06.911+0000] {spark_submit.py:571} INFO - 26/08/21 04:34:06 INFO DAGScheduler: Final stage: ResultStage 16 ($anonfun$recordDeltaOperationInternal$1 at DatabricksLogging.scala:128)
[2026-08-21T04:34:06.911+0000] {spark_submit.py:571} INFO - 26/08/21 04:34:06 INFO DAGScheduler: Parents of final stage: List(ShuffleMapStage 15)
[2026-08-21T04:34:06.912+0000] {spark_submit.py:571} INFO - 26/08/21 04:34:06 INFO DAGScheduler: Missing parents: List()
[2026-08-21T04:34:06.913+0000] {spark_submit.py:571} INFO - 26/08/21 04:34:06 INFO DAGScheduler: Submitting ResultStage 16 (MapPartitionsRDD[51] at $anonfun$recordDeltaOperationInternal$1 at DatabricksLogging.scala:128), which has no missing parents
[2026-08-21T04:34:06.919+0000] {spark_submit.py:571} INFO - 26/08/21 04:34:06 INFO MemoryStore: Block broadcast_17 stored as values in memory (estimated size 730.7 KiB, free 431.9 MiB)
[2026-08-21T04:34:06.921+0000] {spark_submit.py:571} INFO - 26/08/21 04:34:06 INFO MemoryStore: Block broadcast_17_piece0 stored as bytes in memory (estimated size 166.1 KiB, free 431.7 MiB)
[2026-08-21T04:34:06.921+0000] {spark_submit.py:571} INFO - 26/08/21 04:34:06 INFO BlockManagerInfo: Added broadcast_17_piece0 in memory on c90a551abb73:33659 (size: 166.1 KiB, free: 433.9 MiB)
[2026-08-21T04:34:06.921+0000] {spark_submit.py:571} INFO - 26/08/21 04:34:06 INFO SparkContext: Created broadcast 17 from broadcast at DAGScheduler.scala:1585
[2026-08-21T04:34:06.922+0000] {spark_submit.py:571} INFO - 26/08/21 04:34:06 INFO DAGScheduler: Submitting 50 missing tasks from ResultStage 16 (MapPartitionsRDD[51] at $anonfun$recordDeltaOperationInternal$1 at DatabricksLogging.scala:128) (first 15 tasks are for partitions Vector(0, 1, 2, 3, 4, 5, 6, 7, 8, 9, 10, 11, 12, 13, 14))
[2026-08-21T04:34:06.922+0000] {spark_submit.py:571} INFO - 26/08/21 04:34:06 INFO TaskSchedulerImpl: Adding task set 16.0 with 50 tasks resource profile 0
[2026-08-21T04:34:06.924+0000] {spark_submit.py:571} INFO - 26/08/21 04:34:06 INFO TaskSetManager: Starting task 0.0 in stage 16.0 (TID 77) (172.18.0.6, executor 0, partition 0, PROCESS_LOCAL, 7619 bytes)
[2026-08-21T04:34:06.924+0000] {spark_submit.py:571} INFO - 26/08/21 04:34:06 INFO TaskSetManager: Starting task 2.0 in stage 16.0 (TID 78) (172.18.0.7, executor 1, partition 2, PROCESS_LOCAL, 7619 bytes)
[2026-08-21T04:34:06.924+0000] {spark_submit.py:571} INFO - 26/08/21 04:34:06 INFO TaskSetManager: Starting task 1.0 in stage 16.0 (TID 79) (172.18.0.6, executor 0, partition 1, PROCESS_LOCAL, 7619 bytes)
[2026-08-21T04:34:06.925+0000] {spark_submit.py:571} INFO - 26/08/21 04:34:06 INFO TaskSetManager: Starting task 3.0 in stage 16.0 (TID 80) (172.18.0.7, executor 1, partition 3, PROCESS_LOCAL, 7619 bytes)
[2026-08-21T04:34:06.943+0000] {spark_submit.py:571} INFO - 26/08/21 04:34:06 INFO BlockManagerInfo: Added broadcast_17_piece0 in memory on 172.18.0.7:35869 (size: 166.1 KiB, free: 433.9 MiB)
[2026-08-21T04:34:06.960+0000] {spark_submit.py:571} INFO - 26/08/21 04:34:06 INFO BlockManagerInfo: Added broadcast_17_piece0 in memory on 172.18.0.6:46429 (size: 166.1 KiB, free: 434.1 MiB)
[2026-08-21T04:34:07.286+0000] {spark_submit.py:571} INFO - 26/08/21 04:34:07 INFO BlockManagerInfo: Added rdd_48_2 in memory on 172.18.0.7:35869 (size: 46.0 B, free: 433.9 MiB)
[2026-08-21T04:34:07.286+0000] {spark_submit.py:571} INFO - 26/08/21 04:34:07 INFO BlockManagerInfo: Added rdd_48_3 in memory on 172.18.0.7:35869 (size: 46.0 B, free: 433.9 MiB)
[2026-08-21T04:34:07.354+0000] {spark_submit.py:571} INFO - 26/08/21 04:34:07 INFO BlockManagerInfo: Added rdd_48_1 in memory on 172.18.0.6:46429 (size: 46.0 B, free: 434.1 MiB)
[2026-08-21T04:34:07.362+0000] {spark_submit.py:571} INFO - 26/08/21 04:34:07 INFO BlockManagerInfo: Added rdd_48_0 in memory on 172.18.0.6:46429 (size: 46.0 B, free: 434.1 MiB)
[2026-08-21T04:34:07.391+0000] {spark_submit.py:571} INFO - 26/08/21 04:34:07 INFO TaskSetManager: Starting task 4.0 in stage 16.0 (TID 81) (172.18.0.7, executor 1, partition 4, PROCESS_LOCAL, 7619 bytes)
[2026-08-21T04:34:07.394+0000] {spark_submit.py:571} INFO - 26/08/21 04:34:07 INFO TaskSetManager: Finished task 3.0 in stage 16.0 (TID 80) in 467 ms on 172.18.0.7 (executor 1) (1/50)
[2026-08-21T04:34:07.398+0000] {spark_submit.py:571} INFO - 26/08/21 04:34:07 INFO TaskSetManager: Starting task 5.0 in stage 16.0 (TID 82) (172.18.0.7, executor 1, partition 5, PROCESS_LOCAL, 7619 bytes)
[2026-08-21T04:34:07.403+0000] {spark_submit.py:571} INFO - 26/08/21 04:34:07 INFO TaskSetManager: Finished task 2.0 in stage 16.0 (TID 78) in 479 ms on 172.18.0.7 (executor 1) (2/50)
[2026-08-21T04:34:07.456+0000] {spark_submit.py:571} INFO - 26/08/21 04:34:07 INFO BlockManagerInfo: Added rdd_48_4 in memory on 172.18.0.7:35869 (size: 46.0 B, free: 433.9 MiB)
[2026-08-21T04:34:07.475+0000] {spark_submit.py:571} INFO - 26/08/21 04:34:07 INFO TaskSetManager: Starting task 8.0 in stage 16.0 (TID 83) (172.18.0.7, executor 1, partition 8, PROCESS_LOCAL, 7619 bytes)
[2026-08-21T04:34:07.480+0000] {spark_submit.py:571} INFO - 26/08/21 04:34:07 INFO TaskSetManager: Finished task 4.0 in stage 16.0 (TID 81) in 89 ms on 172.18.0.7 (executor 1) (3/50)
[2026-08-21T04:34:07.513+0000] {spark_submit.py:571} INFO - 26/08/21 04:34:07 INFO TaskSetManager: Starting task 6.0 in stage 16.0 (TID 84) (172.18.0.6, executor 0, partition 6, PROCESS_LOCAL, 7619 bytes)
[2026-08-21T04:34:07.515+0000] {spark_submit.py:571} INFO - 26/08/21 04:34:07 INFO TaskSetManager: Starting task 7.0 in stage 16.0 (TID 85) (172.18.0.6, executor 0, partition 7, PROCESS_LOCAL, 7619 bytes)
[2026-08-21T04:34:07.516+0000] {spark_submit.py:571} INFO - 26/08/21 04:34:07 INFO TaskSetManager: Finished task 1.0 in stage 16.0 (TID 79) in 590 ms on 172.18.0.6 (executor 0) (4/50)
[2026-08-21T04:34:07.517+0000] {spark_submit.py:571} INFO - 26/08/21 04:34:07 INFO TaskSetManager: Finished task 0.0 in stage 16.0 (TID 77) in 592 ms on 172.18.0.6 (executor 0) (5/50)
[2026-08-21T04:34:07.517+0000] {spark_submit.py:571} INFO - 26/08/21 04:34:07 INFO BlockManagerInfo: Added rdd_48_5 in memory on 172.18.0.7:35869 (size: 46.0 B, free: 433.9 MiB)
[2026-08-21T04:34:07.540+0000] {spark_submit.py:571} INFO - 26/08/21 04:34:07 INFO BlockManagerInfo: Added rdd_48_8 in memory on 172.18.0.7:35869 (size: 46.0 B, free: 433.9 MiB)
[2026-08-21T04:34:07.553+0000] {spark_submit.py:571} INFO - 26/08/21 04:34:07 INFO TaskSetManager: Starting task 9.0 in stage 16.0 (TID 86) (172.18.0.7, executor 1, partition 9, PROCESS_LOCAL, 7619 bytes)
[2026-08-21T04:34:07.555+0000] {spark_submit.py:571} INFO - 26/08/21 04:34:07 INFO TaskSetManager: Finished task 5.0 in stage 16.0 (TID 82) in 158 ms on 172.18.0.7 (executor 1) (6/50)
[2026-08-21T04:34:07.564+0000] {spark_submit.py:571} INFO - 26/08/21 04:34:07 INFO BlockManagerInfo: Added rdd_48_6 in memory on 172.18.0.6:46429 (size: 46.0 B, free: 434.1 MiB)
[2026-08-21T04:34:07.574+0000] {spark_submit.py:571} INFO - 26/08/21 04:34:07 INFO TaskSetManager: Starting task 12.0 in stage 16.0 (TID 87) (172.18.0.7, executor 1, partition 12, PROCESS_LOCAL, 7619 bytes)
[2026-08-21T04:34:07.576+0000] {spark_submit.py:571} INFO - 26/08/21 04:34:07 INFO TaskSetManager: Finished task 8.0 in stage 16.0 (TID 83) in 101 ms on 172.18.0.7 (executor 1) (7/50)
[2026-08-21T04:34:07.585+0000] {spark_submit.py:571} INFO - 26/08/21 04:34:07 INFO BlockManagerInfo: Added rdd_48_7 in memory on 172.18.0.6:46429 (size: 46.0 B, free: 434.1 MiB)
[2026-08-21T04:34:07.600+0000] {spark_submit.py:571} INFO - 26/08/21 04:34:07 INFO TaskSetManager: Starting task 10.0 in stage 16.0 (TID 88) (172.18.0.6, executor 0, partition 10, PROCESS_LOCAL, 7619 bytes)
[2026-08-21T04:34:07.604+0000] {spark_submit.py:571} INFO - 26/08/21 04:34:07 INFO TaskSetManager: Finished task 6.0 in stage 16.0 (TID 84) in 93 ms on 172.18.0.6 (executor 0) (8/50)
[2026-08-21T04:34:07.608+0000] {spark_submit.py:571} INFO - 26/08/21 04:34:07 INFO TaskSetManager: Starting task 11.0 in stage 16.0 (TID 89) (172.18.0.6, executor 0, partition 11, PROCESS_LOCAL, 7619 bytes)
[2026-08-21T04:34:07.609+0000] {spark_submit.py:571} INFO - 26/08/21 04:34:07 INFO TaskSetManager: Finished task 7.0 in stage 16.0 (TID 85) in 97 ms on 172.18.0.6 (executor 0) (9/50)
[2026-08-21T04:34:07.612+0000] {spark_submit.py:571} INFO - 26/08/21 04:34:07 INFO BlockManagerInfo: Added rdd_48_9 in memory on 172.18.0.7:35869 (size: 46.0 B, free: 433.9 MiB)
[2026-08-21T04:34:07.638+0000] {spark_submit.py:571} INFO - 26/08/21 04:34:07 INFO TaskSetManager: Starting task 13.0 in stage 16.0 (TID 90) (172.18.0.7, executor 1, partition 13, PROCESS_LOCAL, 7619 bytes)
[2026-08-21T04:34:07.639+0000] {spark_submit.py:571} INFO - 26/08/21 04:34:07 INFO BlockManagerInfo: Added rdd_48_12 in memory on 172.18.0.7:35869 (size: 46.0 B, free: 433.9 MiB)
[2026-08-21T04:34:07.639+0000] {spark_submit.py:571} INFO - 26/08/21 04:34:07 INFO TaskSetManager: Finished task 9.0 in stage 16.0 (TID 86) in 85 ms on 172.18.0.7 (executor 1) (10/50)
[2026-08-21T04:34:07.660+0000] {spark_submit.py:571} INFO - 26/08/21 04:34:07 INFO BlockManagerInfo: Added rdd_48_10 in memory on 172.18.0.6:46429 (size: 46.0 B, free: 434.1 MiB)
[2026-08-21T04:34:07.666+0000] {spark_submit.py:571} INFO - 26/08/21 04:34:07 INFO BlockManagerInfo: Added rdd_48_11 in memory on 172.18.0.6:46429 (size: 46.0 B, free: 434.1 MiB)
[2026-08-21T04:34:07.673+0000] {spark_submit.py:571} INFO - 26/08/21 04:34:07 INFO TaskSetManager: Starting task 16.0 in stage 16.0 (TID 91) (172.18.0.7, executor 1, partition 16, PROCESS_LOCAL, 7619 bytes)
[2026-08-21T04:34:07.675+0000] {spark_submit.py:571} INFO - 26/08/21 04:34:07 INFO TaskSetManager: Finished task 12.0 in stage 16.0 (TID 87) in 98 ms on 172.18.0.7 (executor 1) (11/50)
[2026-08-21T04:34:07.679+0000] {spark_submit.py:571} INFO - 26/08/21 04:34:07 INFO TaskSetManager: Starting task 14.0 in stage 16.0 (TID 92) (172.18.0.6, executor 0, partition 14, PROCESS_LOCAL, 7619 bytes)
[2026-08-21T04:34:07.686+0000] {spark_submit.py:571} INFO - 26/08/21 04:34:07 INFO TaskSetManager: Finished task 10.0 in stage 16.0 (TID 88) in 86 ms on 172.18.0.6 (executor 0) (12/50)
[2026-08-21T04:34:07.686+0000] {spark_submit.py:571} INFO - 26/08/21 04:34:07 INFO TaskSetManager: Starting task 15.0 in stage 16.0 (TID 93) (172.18.0.6, executor 0, partition 15, PROCESS_LOCAL, 7619 bytes)
[2026-08-21T04:34:07.687+0000] {spark_submit.py:571} INFO - 26/08/21 04:34:07 INFO TaskSetManager: Finished task 11.0 in stage 16.0 (TID 89) in 77 ms on 172.18.0.6 (executor 0) (13/50)
[2026-08-21T04:34:07.710+0000] {spark_submit.py:571} INFO - 26/08/21 04:34:07 INFO BlockManagerInfo: Added rdd_48_13 in memory on 172.18.0.7:35869 (size: 46.0 B, free: 433.9 MiB)
[2026-08-21T04:34:07.719+0000] {spark_submit.py:571} INFO - 26/08/21 04:34:07 INFO BlockManagerInfo: Added rdd_48_16 in memory on 172.18.0.7:35869 (size: 46.0 B, free: 433.9 MiB)
[2026-08-21T04:34:07.736+0000] {spark_submit.py:571} INFO - 26/08/21 04:34:07 INFO TaskSetManager: Starting task 17.0 in stage 16.0 (TID 94) (172.18.0.7, executor 1, partition 17, PROCESS_LOCAL, 7619 bytes)
[2026-08-21T04:34:07.740+0000] {spark_submit.py:571} INFO - 26/08/21 04:34:07 INFO TaskSetManager: Finished task 13.0 in stage 16.0 (TID 90) in 100 ms on 172.18.0.7 (executor 1) (14/50)
[2026-08-21T04:34:07.745+0000] {spark_submit.py:571} INFO - 26/08/21 04:34:07 INFO BlockManagerInfo: Added rdd_48_14 in memory on 172.18.0.6:46429 (size: 46.0 B, free: 434.1 MiB)
[2026-08-21T04:34:07.754+0000] {spark_submit.py:571} INFO - 26/08/21 04:34:07 INFO TaskSetManager: Starting task 19.0 in stage 16.0 (TID 95) (172.18.0.7, executor 1, partition 19, PROCESS_LOCAL, 7619 bytes)
[2026-08-21T04:34:07.762+0000] {spark_submit.py:571} INFO - 26/08/21 04:34:07 INFO TaskSetManager: Finished task 16.0 in stage 16.0 (TID 91) in 89 ms on 172.18.0.7 (executor 1) (15/50)
[2026-08-21T04:34:07.800+0000] {spark_submit.py:571} INFO - 26/08/21 04:34:07 INFO BlockManagerInfo: Added rdd_48_15 in memory on 172.18.0.6:46429 (size: 46.0 B, free: 434.1 MiB)
[2026-08-21T04:34:07.814+0000] {spark_submit.py:571} INFO - 26/08/21 04:34:07 INFO TaskSetManager: Starting task 18.0 in stage 16.0 (TID 96) (172.18.0.6, executor 0, partition 18, PROCESS_LOCAL, 7619 bytes)
[2026-08-21T04:34:07.816+0000] {spark_submit.py:571} INFO - 26/08/21 04:34:07 INFO TaskSetManager: Finished task 14.0 in stage 16.0 (TID 92) in 138 ms on 172.18.0.6 (executor 0) (16/50)
[2026-08-21T04:34:07.839+0000] {spark_submit.py:571} INFO - 26/08/21 04:34:07 INFO TaskSetManager: Starting task 20.0 in stage 16.0 (TID 97) (172.18.0.6, executor 0, partition 20, PROCESS_LOCAL, 7619 bytes)
[2026-08-21T04:34:07.843+0000] {spark_submit.py:571} INFO - 26/08/21 04:34:07 INFO BlockManagerInfo: Added rdd_48_19 in memory on 172.18.0.7:35869 (size: 46.0 B, free: 433.9 MiB)
[2026-08-21T04:34:07.844+0000] {spark_submit.py:571} INFO - 26/08/21 04:34:07 INFO BlockManagerInfo: Added rdd_48_17 in memory on 172.18.0.7:35869 (size: 46.0 B, free: 433.9 MiB)
[2026-08-21T04:34:07.845+0000] {spark_submit.py:571} INFO - 26/08/21 04:34:07 INFO TaskSetManager: Finished task 15.0 in stage 16.0 (TID 93) in 157 ms on 172.18.0.6 (executor 0) (17/50)
[2026-08-21T04:34:07.856+0000] {spark_submit.py:571} INFO - 26/08/21 04:34:07 INFO BlockManagerInfo: Added rdd_48_18 in memory on 172.18.0.6:46429 (size: 46.0 B, free: 434.1 MiB)
[2026-08-21T04:34:07.892+0000] {spark_submit.py:571} INFO - 26/08/21 04:34:07 INFO TaskSetManager: Finished task 19.0 in stage 16.0 (TID 95) in 136 ms on 172.18.0.7 (executor 1) (18/50)
[2026-08-21T04:34:07.893+0000] {spark_submit.py:571} INFO - 26/08/21 04:34:07 INFO TaskSetManager: Starting task 21.0 in stage 16.0 (TID 98) (172.18.0.7, executor 1, partition 21, PROCESS_LOCAL, 7619 bytes)
[2026-08-21T04:34:07.894+0000] {spark_submit.py:571} INFO - 26/08/21 04:34:07 INFO TaskSetManager: Starting task 22.0 in stage 16.0 (TID 99) (172.18.0.7, executor 1, partition 22, PROCESS_LOCAL, 7619 bytes)
[2026-08-21T04:34:07.895+0000] {spark_submit.py:571} INFO - 26/08/21 04:34:07 INFO TaskSetManager: Finished task 17.0 in stage 16.0 (TID 94) in 158 ms on 172.18.0.7 (executor 1) (19/50)
[2026-08-21T04:34:07.896+0000] {spark_submit.py:571} INFO - 26/08/21 04:34:07 INFO TaskSetManager: Starting task 23.0 in stage 16.0 (TID 100) (172.18.0.6, executor 0, partition 23, PROCESS_LOCAL, 7619 bytes)
[2026-08-21T04:34:07.900+0000] {spark_submit.py:571} INFO - 26/08/21 04:34:07 INFO TaskSetManager: Finished task 18.0 in stage 16.0 (TID 96) in 85 ms on 172.18.0.6 (executor 0) (20/50)
[2026-08-21T04:34:07.945+0000] {spark_submit.py:571} INFO - 26/08/21 04:34:07 INFO BlockManagerInfo: Added rdd_48_20 in memory on 172.18.0.6:46429 (size: 46.0 B, free: 434.1 MiB)
[2026-08-21T04:34:08.010+0000] {spark_submit.py:571} INFO - 26/08/21 04:34:08 INFO TaskSetManager: Starting task 26.0 in stage 16.0 (TID 101) (172.18.0.6, executor 0, partition 26, PROCESS_LOCAL, 7619 bytes)
[2026-08-21T04:34:08.018+0000] {spark_submit.py:571} INFO - 26/08/21 04:34:08 INFO TaskSetManager: Finished task 20.0 in stage 16.0 (TID 97) in 175 ms on 172.18.0.6 (executor 0) (21/50)
[2026-08-21T04:34:08.037+0000] {spark_submit.py:571} INFO - 26/08/21 04:34:08 INFO BlockManagerInfo: Added rdd_48_23 in memory on 172.18.0.6:46429 (size: 46.0 B, free: 434.1 MiB)
[2026-08-21T04:34:08.051+0000] {spark_submit.py:571} INFO - 26/08/21 04:34:08 INFO TaskSetManager: Starting task 28.0 in stage 16.0 (TID 102) (172.18.0.6, executor 0, partition 28, PROCESS_LOCAL, 7619 bytes)
[2026-08-21T04:34:08.061+0000] {spark_submit.py:571} INFO - 26/08/21 04:34:08 INFO TaskSetManager: Finished task 23.0 in stage 16.0 (TID 100) in 160 ms on 172.18.0.6 (executor 0) (22/50)
[2026-08-21T04:34:08.071+0000] {spark_submit.py:571} INFO - 26/08/21 04:34:08 INFO BlockManagerInfo: Added rdd_48_21 in memory on 172.18.0.7:35869 (size: 46.0 B, free: 433.9 MiB)
[2026-08-21T04:34:08.074+0000] {spark_submit.py:571} INFO - 26/08/21 04:34:08 INFO BlockManagerInfo: Added rdd_48_22 in memory on 172.18.0.7:35869 (size: 46.0 B, free: 433.9 MiB)
[2026-08-21T04:34:08.074+0000] {spark_submit.py:571} INFO - 26/08/21 04:34:08 INFO BlockManagerInfo: Added rdd_48_26 in memory on 172.18.0.6:46429 (size: 46.0 B, free: 434.1 MiB)
[2026-08-21T04:34:08.091+0000] {spark_submit.py:571} INFO - 26/08/21 04:34:08 INFO TaskSetManager: Starting task 31.0 in stage 16.0 (TID 103) (172.18.0.6, executor 0, partition 31, PROCESS_LOCAL, 7619 bytes)
[2026-08-21T04:34:08.092+0000] {spark_submit.py:571} INFO - 26/08/21 04:34:08 INFO TaskSetManager: Finished task 26.0 in stage 16.0 (TID 101) in 83 ms on 172.18.0.6 (executor 0) (23/50)
[2026-08-21T04:34:08.108+0000] {spark_submit.py:571} INFO - 26/08/21 04:34:08 INFO TaskSetManager: Starting task 24.0 in stage 16.0 (TID 104) (172.18.0.7, executor 1, partition 24, PROCESS_LOCAL, 7619 bytes)
[2026-08-21T04:34:08.109+0000] {spark_submit.py:571} INFO - 26/08/21 04:34:08 INFO BlockManagerInfo: Added rdd_48_28 in memory on 172.18.0.6:46429 (size: 46.0 B, free: 434.1 MiB)
[2026-08-21T04:34:08.114+0000] {spark_submit.py:571} INFO - 26/08/21 04:34:08 INFO TaskSetManager: Starting task 25.0 in stage 16.0 (TID 105) (172.18.0.7, executor 1, partition 25, PROCESS_LOCAL, 7619 bytes)
[2026-08-21T04:34:08.117+0000] {spark_submit.py:571} INFO - 26/08/21 04:34:08 INFO TaskSetManager: Finished task 21.0 in stage 16.0 (TID 98) in 221 ms on 172.18.0.7 (executor 1) (24/50)
[2026-08-21T04:34:08.119+0000] {spark_submit.py:571} INFO - 26/08/21 04:34:08 INFO TaskSetManager: Finished task 22.0 in stage 16.0 (TID 99) in 221 ms on 172.18.0.7 (executor 1) (25/50)
[2026-08-21T04:34:08.140+0000] {spark_submit.py:571} INFO - 26/08/21 04:34:08 INFO TaskSetManager: Starting task 33.0 in stage 16.0 (TID 106) (172.18.0.6, executor 0, partition 33, PROCESS_LOCAL, 7619 bytes)
[2026-08-21T04:34:08.147+0000] {spark_submit.py:571} INFO - 26/08/21 04:34:08 INFO TaskSetManager: Finished task 28.0 in stage 16.0 (TID 102) in 94 ms on 172.18.0.6 (executor 0) (26/50)
[2026-08-21T04:34:08.165+0000] {spark_submit.py:571} INFO - 26/08/21 04:34:08 INFO BlockManagerInfo: Added rdd_48_31 in memory on 172.18.0.6:46429 (size: 46.0 B, free: 434.1 MiB)
[2026-08-21T04:34:08.177+0000] {spark_submit.py:571} INFO - 26/08/21 04:34:08 INFO BlockManagerInfo: Added rdd_48_33 in memory on 172.18.0.6:46429 (size: 46.0 B, free: 434.1 MiB)
[2026-08-21T04:34:08.196+0000] {spark_submit.py:571} INFO - 26/08/21 04:34:08 INFO TaskSetManager: Starting task 36.0 in stage 16.0 (TID 107) (172.18.0.6, executor 0, partition 36, PROCESS_LOCAL, 7619 bytes)
[2026-08-21T04:34:08.199+0000] {spark_submit.py:571} INFO - 26/08/21 04:34:08 INFO TaskSetManager: Finished task 33.0 in stage 16.0 (TID 106) in 57 ms on 172.18.0.6 (executor 0) (27/50)
[2026-08-21T04:34:08.199+0000] {spark_submit.py:571} INFO - 26/08/21 04:34:08 INFO BlockManagerInfo: Added rdd_48_25 in memory on 172.18.0.7:35869 (size: 46.0 B, free: 433.9 MiB)
[2026-08-21T04:34:08.201+0000] {spark_submit.py:571} INFO - 26/08/21 04:34:08 INFO TaskSetManager: Starting task 38.0 in stage 16.0 (TID 108) (172.18.0.6, executor 0, partition 38, PROCESS_LOCAL, 7619 bytes)
[2026-08-21T04:34:08.202+0000] {spark_submit.py:571} INFO - 26/08/21 04:34:08 INFO TaskSetManager: Finished task 31.0 in stage 16.0 (TID 103) in 111 ms on 172.18.0.6 (executor 0) (28/50)
[2026-08-21T04:34:08.236+0000] {spark_submit.py:571} INFO - 26/08/21 04:34:08 INFO TaskSetManager: Starting task 27.0 in stage 16.0 (TID 109) (172.18.0.7, executor 1, partition 27, PROCESS_LOCAL, 7619 bytes)
[2026-08-21T04:34:08.240+0000] {spark_submit.py:571} INFO - 26/08/21 04:34:08 INFO TaskSetManager: Finished task 25.0 in stage 16.0 (TID 105) in 126 ms on 172.18.0.7 (executor 1) (29/50)
[2026-08-21T04:34:08.246+0000] {spark_submit.py:571} INFO - 26/08/21 04:34:08 INFO BlockManagerInfo: Added rdd_48_24 in memory on 172.18.0.7:35869 (size: 864.0 B, free: 433.9 MiB)
[2026-08-21T04:34:08.253+0000] {spark_submit.py:571} INFO - 26/08/21 04:34:08 INFO BlockManagerInfo: Added rdd_48_38 in memory on 172.18.0.6:46429 (size: 46.0 B, free: 434.1 MiB)
[2026-08-21T04:34:08.267+0000] {spark_submit.py:571} INFO - 26/08/21 04:34:08 INFO TaskSetManager: Starting task 40.0 in stage 16.0 (TID 110) (172.18.0.6, executor 0, partition 40, PROCESS_LOCAL, 7619 bytes)
[2026-08-21T04:34:08.269+0000] {spark_submit.py:571} INFO - 26/08/21 04:34:08 INFO TaskSetManager: Finished task 38.0 in stage 16.0 (TID 108) in 69 ms on 172.18.0.6 (executor 0) (30/50)
[2026-08-21T04:34:08.273+0000] {spark_submit.py:571} INFO - 26/08/21 04:34:08 INFO TaskSetManager: Starting task 29.0 in stage 16.0 (TID 111) (172.18.0.7, executor 1, partition 29, PROCESS_LOCAL, 7619 bytes)
[2026-08-21T04:34:08.274+0000] {spark_submit.py:571} INFO - 26/08/21 04:34:08 INFO TaskSetManager: Finished task 24.0 in stage 16.0 (TID 104) in 168 ms on 172.18.0.7 (executor 1) (31/50)
[2026-08-21T04:34:08.280+0000] {spark_submit.py:571} INFO - 26/08/21 04:34:08 INFO BlockManagerInfo: Added rdd_48_36 in memory on 172.18.0.6:46429 (size: 46.0 B, free: 434.1 MiB)
[2026-08-21T04:34:08.301+0000] {spark_submit.py:571} INFO - 26/08/21 04:34:08 INFO BlockManagerInfo: Added rdd_48_27 in memory on 172.18.0.7:35869 (size: 46.0 B, free: 433.9 MiB)
[2026-08-21T04:34:08.303+0000] {spark_submit.py:571} INFO - 26/08/21 04:34:08 INFO TaskSetManager: Starting task 41.0 in stage 16.0 (TID 112) (172.18.0.6, executor 0, partition 41, PROCESS_LOCAL, 7619 bytes)
[2026-08-21T04:34:08.303+0000] {spark_submit.py:571} INFO - 26/08/21 04:34:08 INFO TaskSetManager: Finished task 36.0 in stage 16.0 (TID 107) in 106 ms on 172.18.0.6 (executor 0) (32/50)
[2026-08-21T04:34:08.338+0000] {spark_submit.py:571} INFO - 26/08/21 04:34:08 INFO TaskSetManager: Starting task 30.0 in stage 16.0 (TID 113) (172.18.0.7, executor 1, partition 30, PROCESS_LOCAL, 7619 bytes)
[2026-08-21T04:34:08.340+0000] {spark_submit.py:571} INFO - 26/08/21 04:34:08 INFO TaskSetManager: Finished task 27.0 in stage 16.0 (TID 109) in 104 ms on 172.18.0.7 (executor 1) (33/50)
[2026-08-21T04:34:08.345+0000] {spark_submit.py:571} INFO - 26/08/21 04:34:08 INFO BlockManagerInfo: Added rdd_48_40 in memory on 172.18.0.6:46429 (size: 46.0 B, free: 434.1 MiB)
[2026-08-21T04:34:08.353+0000] {spark_submit.py:571} INFO - 26/08/21 04:34:08 INFO BlockManagerInfo: Added rdd_48_29 in memory on 172.18.0.7:35869 (size: 46.0 B, free: 433.9 MiB)
[2026-08-21T04:34:08.369+0000] {spark_submit.py:571} INFO - 26/08/21 04:34:08 INFO TaskSetManager: Starting task 45.0 in stage 16.0 (TID 114) (172.18.0.6, executor 0, partition 45, PROCESS_LOCAL, 7619 bytes)
[2026-08-21T04:34:08.370+0000] {spark_submit.py:571} INFO - 26/08/21 04:34:08 INFO TaskSetManager: Finished task 40.0 in stage 16.0 (TID 110) in 100 ms on 172.18.0.6 (executor 0) (34/50)
[2026-08-21T04:34:08.371+0000] {spark_submit.py:571} INFO - 26/08/21 04:34:08 INFO TaskSetManager: Starting task 32.0 in stage 16.0 (TID 115) (172.18.0.7, executor 1, partition 32, PROCESS_LOCAL, 7619 bytes)
[2026-08-21T04:34:08.372+0000] {spark_submit.py:571} INFO - 26/08/21 04:34:08 INFO TaskSetManager: Finished task 29.0 in stage 16.0 (TID 111) in 99 ms on 172.18.0.7 (executor 1) (35/50)
[2026-08-21T04:34:08.373+0000] {spark_submit.py:571} INFO - 26/08/21 04:34:08 INFO BlockManagerInfo: Added rdd_48_41 in memory on 172.18.0.6:46429 (size: 46.0 B, free: 434.1 MiB)
[2026-08-21T04:34:08.412+0000] {spark_submit.py:571} INFO - 26/08/21 04:34:08 INFO BlockManagerInfo: Added rdd_48_30 in memory on 172.18.0.7:35869 (size: 846.0 B, free: 433.9 MiB)
[2026-08-21T04:34:08.417+0000] {spark_submit.py:571} INFO - 26/08/21 04:34:08 INFO TaskSetManager: Starting task 47.0 in stage 16.0 (TID 116) (172.18.0.6, executor 0, partition 47, PROCESS_LOCAL, 7619 bytes)
[2026-08-21T04:34:08.432+0000] {spark_submit.py:571} INFO - 26/08/21 04:34:08 INFO TaskSetManager: Starting task 34.0 in stage 16.0 (TID 117) (172.18.0.7, executor 1, partition 34, PROCESS_LOCAL, 7619 bytes)
[2026-08-21T04:34:08.433+0000] {spark_submit.py:571} INFO - 26/08/21 04:34:08 INFO TaskSetManager: Finished task 30.0 in stage 16.0 (TID 113) in 91 ms on 172.18.0.7 (executor 1) (36/50)
[2026-08-21T04:34:08.436+0000] {spark_submit.py:571} INFO - 26/08/21 04:34:08 INFO TaskSetManager: Finished task 41.0 in stage 16.0 (TID 112) in 128 ms on 172.18.0.6 (executor 0) (37/50)
[2026-08-21T04:34:08.437+0000] {spark_submit.py:571} INFO - 26/08/21 04:34:08 INFO BlockManagerInfo: Added rdd_48_32 in memory on 172.18.0.7:35869 (size: 46.0 B, free: 433.9 MiB)
[2026-08-21T04:34:08.449+0000] {spark_submit.py:571} INFO - 26/08/21 04:34:08 INFO TaskSetManager: Starting task 35.0 in stage 16.0 (TID 118) (172.18.0.7, executor 1, partition 35, PROCESS_LOCAL, 7619 bytes)
[2026-08-21T04:34:08.450+0000] {spark_submit.py:571} INFO - 26/08/21 04:34:08 INFO TaskSetManager: Finished task 32.0 in stage 16.0 (TID 115) in 80 ms on 172.18.0.7 (executor 1) (38/50)
[2026-08-21T04:34:08.469+0000] {spark_submit.py:571} INFO - 26/08/21 04:34:08 INFO BlockManagerInfo: Added rdd_48_45 in memory on 172.18.0.6:46429 (size: 46.0 B, free: 434.1 MiB)
[2026-08-21T04:34:08.483+0000] {spark_submit.py:571} INFO - 26/08/21 04:34:08 INFO TaskSetManager: Finished task 45.0 in stage 16.0 (TID 114) in 117 ms on 172.18.0.6 (executor 0) (39/50)
[2026-08-21T04:34:08.484+0000] {spark_submit.py:571} INFO - 26/08/21 04:34:08 INFO BlockManagerInfo: Added rdd_48_34 in memory on 172.18.0.7:35869 (size: 46.0 B, free: 433.9 MiB)
[2026-08-21T04:34:08.489+0000] {spark_submit.py:571} INFO - 26/08/21 04:34:08 INFO BlockManagerInfo: Added rdd_48_47 in memory on 172.18.0.6:46429 (size: 46.0 B, free: 434.1 MiB)
[2026-08-21T04:34:08.498+0000] {spark_submit.py:571} INFO - 26/08/21 04:34:08 INFO BlockManagerInfo: Added rdd_48_35 in memory on 172.18.0.7:35869 (size: 46.0 B, free: 433.9 MiB)
[2026-08-21T04:34:08.499+0000] {spark_submit.py:571} INFO - 26/08/21 04:34:08 INFO TaskSetManager: Starting task 37.0 in stage 16.0 (TID 119) (172.18.0.7, executor 1, partition 37, PROCESS_LOCAL, 7619 bytes)
[2026-08-21T04:34:08.500+0000] {spark_submit.py:571} INFO - 26/08/21 04:34:08 INFO TaskSetManager: Finished task 34.0 in stage 16.0 (TID 117) in 73 ms on 172.18.0.7 (executor 1) (40/50)
[2026-08-21T04:34:08.513+0000] {spark_submit.py:571} INFO - 26/08/21 04:34:08 INFO TaskSetManager: Starting task 39.0 in stage 16.0 (TID 120) (172.18.0.7, executor 1, partition 39, PROCESS_LOCAL, 7619 bytes)
[2026-08-21T04:34:08.513+0000] {spark_submit.py:571} INFO - 26/08/21 04:34:08 INFO TaskSetManager: Finished task 35.0 in stage 16.0 (TID 118) in 65 ms on 172.18.0.7 (executor 1) (41/50)
[2026-08-21T04:34:08.516+0000] {spark_submit.py:571} INFO - 26/08/21 04:34:08 INFO TaskSetManager: Finished task 47.0 in stage 16.0 (TID 116) in 100 ms on 172.18.0.6 (executor 0) (42/50)
[2026-08-21T04:34:08.547+0000] {spark_submit.py:571} INFO - 26/08/21 04:34:08 INFO BlockManagerInfo: Added rdd_48_37 in memory on 172.18.0.7:35869 (size: 46.0 B, free: 433.9 MiB)
[2026-08-21T04:34:08.557+0000] {spark_submit.py:571} INFO - 26/08/21 04:34:08 INFO BlockManagerInfo: Added rdd_48_39 in memory on 172.18.0.7:35869 (size: 46.0 B, free: 433.9 MiB)
[2026-08-21T04:34:08.560+0000] {spark_submit.py:571} INFO - 26/08/21 04:34:08 INFO TaskSetManager: Starting task 42.0 in stage 16.0 (TID 121) (172.18.0.7, executor 1, partition 42, PROCESS_LOCAL, 7619 bytes)
[2026-08-21T04:34:08.562+0000] {spark_submit.py:571} INFO - 26/08/21 04:34:08 INFO TaskSetManager: Finished task 37.0 in stage 16.0 (TID 119) in 63 ms on 172.18.0.7 (executor 1) (43/50)
[2026-08-21T04:34:08.576+0000] {spark_submit.py:571} INFO - 26/08/21 04:34:08 INFO TaskSetManager: Starting task 43.0 in stage 16.0 (TID 122) (172.18.0.7, executor 1, partition 43, PROCESS_LOCAL, 7619 bytes)
[2026-08-21T04:34:08.578+0000] {spark_submit.py:571} INFO - 26/08/21 04:34:08 INFO TaskSetManager: Finished task 39.0 in stage 16.0 (TID 120) in 68 ms on 172.18.0.7 (executor 1) (44/50)
[2026-08-21T04:34:08.592+0000] {spark_submit.py:571} INFO - 26/08/21 04:34:08 INFO BlockManagerInfo: Added rdd_48_42 in memory on 172.18.0.7:35869 (size: 46.0 B, free: 433.9 MiB)
[2026-08-21T04:34:08.614+0000] {spark_submit.py:571} INFO - 26/08/21 04:34:08 INFO TaskSetManager: Starting task 44.0 in stage 16.0 (TID 123) (172.18.0.7, executor 1, partition 44, PROCESS_LOCAL, 7619 bytes)
[2026-08-21T04:34:08.615+0000] {spark_submit.py:571} INFO - 26/08/21 04:34:08 INFO TaskSetManager: Finished task 42.0 in stage 16.0 (TID 121) in 54 ms on 172.18.0.7 (executor 1) (45/50)
[2026-08-21T04:34:08.639+0000] {spark_submit.py:571} INFO - 26/08/21 04:34:08 INFO BlockManagerInfo: Added rdd_48_43 in memory on 172.18.0.7:35869 (size: 46.0 B, free: 433.9 MiB)
[2026-08-21T04:34:08.651+0000] {spark_submit.py:571} INFO - 26/08/21 04:34:08 INFO TaskSetManager: Starting task 46.0 in stage 16.0 (TID 124) (172.18.0.7, executor 1, partition 46, PROCESS_LOCAL, 7619 bytes)
[2026-08-21T04:34:08.653+0000] {spark_submit.py:571} INFO - 26/08/21 04:34:08 INFO BlockManagerInfo: Added rdd_48_44 in memory on 172.18.0.7:35869 (size: 46.0 B, free: 433.9 MiB)
[2026-08-21T04:34:08.653+0000] {spark_submit.py:571} INFO - 26/08/21 04:34:08 INFO TaskSetManager: Finished task 43.0 in stage 16.0 (TID 122) in 77 ms on 172.18.0.7 (executor 1) (46/50)
[2026-08-21T04:34:08.663+0000] {spark_submit.py:571} INFO - 26/08/21 04:34:08 INFO TaskSetManager: Starting task 48.0 in stage 16.0 (TID 125) (172.18.0.7, executor 1, partition 48, PROCESS_LOCAL, 7619 bytes)
[2026-08-21T04:34:08.664+0000] {spark_submit.py:571} INFO - 26/08/21 04:34:08 INFO TaskSetManager: Finished task 44.0 in stage 16.0 (TID 123) in 50 ms on 172.18.0.7 (executor 1) (47/50)
[2026-08-21T04:34:08.691+0000] {spark_submit.py:571} INFO - 26/08/21 04:34:08 INFO BlockManagerInfo: Added rdd_48_48 in memory on 172.18.0.7:35869 (size: 46.0 B, free: 433.9 MiB)
[2026-08-21T04:34:08.701+0000] {spark_submit.py:571} INFO - 26/08/21 04:34:08 INFO TaskSetManager: Starting task 49.0 in stage 16.0 (TID 126) (172.18.0.7, executor 1, partition 49, PROCESS_LOCAL, 7619 bytes)
[2026-08-21T04:34:08.702+0000] {spark_submit.py:571} INFO - 26/08/21 04:34:08 INFO TaskSetManager: Finished task 48.0 in stage 16.0 (TID 125) in 40 ms on 172.18.0.7 (executor 1) (48/50)
[2026-08-21T04:34:08.719+0000] {spark_submit.py:571} INFO - 26/08/21 04:34:08 INFO BlockManagerInfo: Added rdd_48_46 in memory on 172.18.0.7:35869 (size: 46.0 B, free: 433.9 MiB)
[2026-08-21T04:34:08.740+0000] {spark_submit.py:571} INFO - 26/08/21 04:34:08 INFO TaskSetManager: Finished task 46.0 in stage 16.0 (TID 124) in 88 ms on 172.18.0.7 (executor 1) (49/50)
[2026-08-21T04:34:08.741+0000] {spark_submit.py:571} INFO - 26/08/21 04:34:08 INFO BlockManagerInfo: Added rdd_48_49 in memory on 172.18.0.7:35869 (size: 46.0 B, free: 433.9 MiB)
[2026-08-21T04:34:08.760+0000] {spark_submit.py:571} INFO - 26/08/21 04:34:08 INFO TaskSetManager: Finished task 49.0 in stage 16.0 (TID 126) in 59 ms on 172.18.0.7 (executor 1) (50/50)
[2026-08-21T04:34:08.761+0000] {spark_submit.py:571} INFO - 26/08/21 04:34:08 INFO TaskSchedulerImpl: Removed TaskSet 16.0, whose tasks have all completed, from pool
[2026-08-21T04:34:08.762+0000] {spark_submit.py:571} INFO - 26/08/21 04:34:08 INFO DAGScheduler: ResultStage 16 ($anonfun$recordDeltaOperationInternal$1 at DatabricksLogging.scala:128) finished in 1.846 s
[2026-08-21T04:34:08.764+0000] {spark_submit.py:571} INFO - 26/08/21 04:34:08 INFO DAGScheduler: Job 10 is finished. Cancelling potential speculative or zombie tasks for this job
[2026-08-21T04:34:08.764+0000] {spark_submit.py:571} INFO - 26/08/21 04:34:08 INFO TaskSchedulerImpl: Killing all running tasks in stage 16: Stage finished
[2026-08-21T04:34:08.765+0000] {spark_submit.py:571} INFO - 26/08/21 04:34:08 INFO DAGScheduler: Job 10 finished: $anonfun$recordDeltaOperationInternal$1 at DatabricksLogging.scala:128, took 1.852942 s
[2026-08-21T04:34:09.052+0000] {spark_submit.py:571} INFO - 26/08/21 04:34:09 INFO FileSourceStrategy: Pushed Filters: IsNotNull(date_hour)
[2026-08-21T04:34:09.052+0000] {spark_submit.py:571} INFO - 26/08/21 04:34:09 INFO FileSourceStrategy: Post-Scan Filters: isnotnull(date_hour#19),(regexp_replace(date_hour#19, ", , 1) = 2025-06-01-01)
[2026-08-21T04:34:09.111+0000] {spark_submit.py:571} INFO - 26/08/21 04:34:09 INFO ParquetUtils: Using default output committer for Parquet: org.apache.parquet.hadoop.ParquetOutputCommitter
[2026-08-21T04:34:09.203+0000] {spark_submit.py:571} INFO - 26/08/21 04:34:09 INFO CodeGenerator: Code generated in 42.076764 ms
[2026-08-21T04:34:09.210+0000] {spark_submit.py:571} INFO - 26/08/21 04:34:09 INFO MemoryStore: Block broadcast_18 stored as values in memory (estimated size 201.7 KiB, free 431.5 MiB)
[2026-08-21T04:34:09.225+0000] {spark_submit.py:571} INFO - 26/08/21 04:34:09 INFO MemoryStore: Block broadcast_18_piece0 stored as bytes in memory (estimated size 34.8 KiB, free 431.5 MiB)
[2026-08-21T04:34:09.228+0000] {spark_submit.py:571} INFO - 26/08/21 04:34:09 INFO BlockManagerInfo: Added broadcast_18_piece0 in memory on c90a551abb73:33659 (size: 34.8 KiB, free: 433.9 MiB)
[2026-08-21T04:34:09.229+0000] {spark_submit.py:571} INFO - 26/08/21 04:34:09 INFO SparkContext: Created broadcast 18 from save at NativeMethodAccessorImpl.java:0
[2026-08-21T04:34:09.229+0000] {spark_submit.py:571} INFO - 26/08/21 04:34:09 INFO FileSourceScanExec: Planning scan with bin packing, max size: 134217728 bytes, open cost is considered as scanning 4194304 bytes.
[2026-08-21T04:34:09.279+0000] {spark_submit.py:571} INFO - 26/08/21 04:34:09 INFO SparkContext: Starting job: save at NativeMethodAccessorImpl.java:0
[2026-08-21T04:34:09.280+0000] {spark_submit.py:571} INFO - 26/08/21 04:34:09 INFO DAGScheduler: Got job 11 (save at NativeMethodAccessorImpl.java:0) with 7 output partitions
[2026-08-21T04:34:09.280+0000] {spark_submit.py:571} INFO - 26/08/21 04:34:09 INFO DAGScheduler: Final stage: ResultStage 17 (save at NativeMethodAccessorImpl.java:0)
[2026-08-21T04:34:09.281+0000] {spark_submit.py:571} INFO - 26/08/21 04:34:09 INFO DAGScheduler: Parents of final stage: List()
[2026-08-21T04:34:09.281+0000] {spark_submit.py:571} INFO - 26/08/21 04:34:09 INFO DAGScheduler: Missing parents: List()
[2026-08-21T04:34:09.282+0000] {spark_submit.py:571} INFO - 26/08/21 04:34:09 INFO DAGScheduler: Submitting ResultStage 17 (MapPartitionsRDD[57] at save at NativeMethodAccessorImpl.java:0), which has no missing parents
[2026-08-21T04:34:09.324+0000] {spark_submit.py:571} INFO - 26/08/21 04:34:09 INFO MemoryStore: Block broadcast_19 stored as values in memory (estimated size 375.5 KiB, free 431.1 MiB)
[2026-08-21T04:34:09.325+0000] {spark_submit.py:571} INFO - 26/08/21 04:34:09 INFO MemoryStore: Block broadcast_19_piece0 stored as bytes in memory (estimated size 135.2 KiB, free 431.0 MiB)
[2026-08-21T04:34:09.326+0000] {spark_submit.py:571} INFO - 26/08/21 04:34:09 INFO BlockManagerInfo: Added broadcast_19_piece0 in memory on c90a551abb73:33659 (size: 135.2 KiB, free: 433.7 MiB)
[2026-08-21T04:34:09.326+0000] {spark_submit.py:571} INFO - 26/08/21 04:34:09 INFO SparkContext: Created broadcast 19 from broadcast at DAGScheduler.scala:1585
[2026-08-21T04:34:09.326+0000] {spark_submit.py:571} INFO - 26/08/21 04:34:09 INFO DAGScheduler: Submitting 7 missing tasks from ResultStage 17 (MapPartitionsRDD[57] at save at NativeMethodAccessorImpl.java:0) (first 15 tasks are for partitions Vector(0, 1, 2, 3, 4, 5, 6))
[2026-08-21T04:34:09.327+0000] {spark_submit.py:571} INFO - 26/08/21 04:34:09 INFO TaskSchedulerImpl: Adding task set 17.0 with 7 tasks resource profile 0
[2026-08-21T04:34:09.327+0000] {spark_submit.py:571} INFO - 26/08/21 04:34:09 INFO TaskSetManager: Starting task 0.0 in stage 17.0 (TID 127) (172.18.0.6, executor 0, partition 0, PROCESS_LOCAL, 8210 bytes)
[2026-08-21T04:34:09.328+0000] {spark_submit.py:571} INFO - 26/08/21 04:34:09 INFO TaskSetManager: Starting task 1.0 in stage 17.0 (TID 128) (172.18.0.7, executor 1, partition 1, PROCESS_LOCAL, 8210 bytes)
[2026-08-21T04:34:09.328+0000] {spark_submit.py:571} INFO - 26/08/21 04:34:09 INFO TaskSetManager: Starting task 2.0 in stage 17.0 (TID 129) (172.18.0.6, executor 0, partition 2, PROCESS_LOCAL, 8210 bytes)
[2026-08-21T04:34:09.328+0000] {spark_submit.py:571} INFO - 26/08/21 04:34:09 INFO TaskSetManager: Starting task 3.0 in stage 17.0 (TID 130) (172.18.0.7, executor 1, partition 3, PROCESS_LOCAL, 8210 bytes)
[2026-08-21T04:34:09.359+0000] {spark_submit.py:571} INFO - 26/08/21 04:34:09 INFO BlockManagerInfo: Added broadcast_19_piece0 in memory on 172.18.0.7:35869 (size: 135.2 KiB, free: 433.8 MiB)
[2026-08-21T04:34:09.362+0000] {spark_submit.py:571} INFO - 26/08/21 04:34:09 INFO BlockManagerInfo: Added broadcast_19_piece0 in memory on 172.18.0.6:46429 (size: 135.2 KiB, free: 434.0 MiB)
[2026-08-21T04:34:09.623+0000] {spark_submit.py:571} INFO - 26/08/21 04:34:09 INFO BlockManagerInfo: Added broadcast_18_piece0 in memory on 172.18.0.7:35869 (size: 34.8 KiB, free: 433.8 MiB)
[2026-08-21T04:34:09.758+0000] {spark_submit.py:571} INFO - 26/08/21 04:34:09 INFO BlockManagerInfo: Added broadcast_18_piece0 in memory on 172.18.0.6:46429 (size: 34.8 KiB, free: 433.9 MiB)
[2026-08-21T04:34:14.349+0000] {spark_submit.py:571} INFO - 26/08/21 04:34:14 INFO TaskSetManager: Starting task 4.0 in stage 17.0 (TID 131) (172.18.0.6, executor 0, partition 4, PROCESS_LOCAL, 8210 bytes)
[2026-08-21T04:34:14.362+0000] {spark_submit.py:571} INFO - 26/08/21 04:34:14 INFO TaskSetManager: Finished task 2.0 in stage 17.0 (TID 129) in 5034 ms on 172.18.0.6 (executor 0) (1/7)
[2026-08-21T04:34:14.569+0000] {spark_submit.py:571} INFO - 26/08/21 04:34:14 INFO TaskSetManager: Starting task 5.0 in stage 17.0 (TID 132) (172.18.0.7, executor 1, partition 5, PROCESS_LOCAL, 8210 bytes)
[2026-08-21T04:34:14.571+0000] {spark_submit.py:571} INFO - 26/08/21 04:34:14 INFO TaskSetManager: Finished task 3.0 in stage 17.0 (TID 130) in 5240 ms on 172.18.0.7 (executor 1) (2/7)
[2026-08-21T04:34:14.578+0000] {spark_submit.py:571} INFO - 26/08/21 04:34:14 INFO TaskSetManager: Starting task 6.0 in stage 17.0 (TID 133) (172.18.0.7, executor 1, partition 6, PROCESS_LOCAL, 8210 bytes)
[2026-08-21T04:34:14.580+0000] {spark_submit.py:571} INFO - 26/08/21 04:34:14 INFO TaskSetManager: Finished task 1.0 in stage 17.0 (TID 128) in 5244 ms on 172.18.0.7 (executor 1) (3/7)
[2026-08-21T04:34:14.692+0000] {spark_submit.py:571} INFO - 26/08/21 04:34:14 INFO TaskSetManager: Finished task 0.0 in stage 17.0 (TID 127) in 5365 ms on 172.18.0.6 (executor 0) (4/7)
[2026-08-21T04:34:18.147+0000] {spark_submit.py:571} INFO - 26/08/21 04:34:18 INFO TaskSetManager: Finished task 6.0 in stage 17.0 (TID 133) in 3577 ms on 172.18.0.7 (executor 1) (5/7)
[2026-08-21T04:34:19.565+0000] {spark_submit.py:571} INFO - 26/08/21 04:34:19 INFO TaskSetManager: Finished task 4.0 in stage 17.0 (TID 131) in 5220 ms on 172.18.0.6 (executor 0) (6/7)
[2026-08-21T04:34:19.949+0000] {spark_submit.py:571} INFO - 26/08/21 04:34:19 INFO TaskSetManager: Finished task 5.0 in stage 17.0 (TID 132) in 5382 ms on 172.18.0.7 (executor 1) (7/7)
[2026-08-21T04:34:19.950+0000] {spark_submit.py:571} INFO - 26/08/21 04:34:19 INFO TaskSchedulerImpl: Removed TaskSet 17.0, whose tasks have all completed, from pool
[2026-08-21T04:34:19.950+0000] {spark_submit.py:571} INFO - 26/08/21 04:34:19 INFO DAGScheduler: ResultStage 17 (save at NativeMethodAccessorImpl.java:0) finished in 10.667 s
[2026-08-21T04:34:19.950+0000] {spark_submit.py:571} INFO - 26/08/21 04:34:19 INFO DAGScheduler: Job 11 is finished. Cancelling potential speculative or zombie tasks for this job
[2026-08-21T04:34:19.950+0000] {spark_submit.py:571} INFO - 26/08/21 04:34:19 INFO TaskSchedulerImpl: Killing all running tasks in stage 17: Stage finished
[2026-08-21T04:34:19.951+0000] {spark_submit.py:571} INFO - 26/08/21 04:34:19 INFO DAGScheduler: Job 11 finished: save at NativeMethodAccessorImpl.java:0, took 10.670686 s
[2026-08-21T04:34:19.951+0000] {spark_submit.py:571} INFO - 26/08/21 04:34:19 INFO DeltaFileFormatWriter: Start to commit write Job 1c264792-c868-46e8-b0dd-0ee8bce07846.
[2026-08-21T04:34:19.954+0000] {spark_submit.py:571} INFO - 26/08/21 04:34:19 INFO DeltaFileFormatWriter: Write Job 1c264792-c868-46e8-b0dd-0ee8bce07846 committed. Elapsed time: 0 ms.
[2026-08-21T04:34:19.956+0000] {spark_submit.py:571} INFO - 26/08/21 04:34:19 INFO DeltaFileFormatWriter: Finished processing stats for write job 1c264792-c868-46e8-b0dd-0ee8bce07846.
[2026-08-21T04:34:20.018+0000] {spark_submit.py:571} INFO - 26/08/21 04:34:20 INFO OptimisticTransaction: [tableId=553802dd,txnId=7ad26ebd] Attempting to commit version 1 with 3 actions with Serializable isolation level
[2026-08-21T04:34:20.237+0000] {spark_submit.py:571} INFO - 26/08/21 04:34:20 INFO DeltaLog: Creating a new snapshot v1 for commit version 1
[2026-08-21T04:34:20.237+0000] {spark_submit.py:571} INFO - 26/08/21 04:34:20 INFO DeltaLog: Loading version 1.
[2026-08-21T04:34:20.240+0000] {spark_submit.py:571} INFO - 26/08/21 04:34:20 INFO DeltaLogFileIndex: Created DeltaLogFileIndex(JSON, numFilesInSegment: 2, totalFileSize: 9799)
[2026-08-21T04:34:20.272+0000] {spark_submit.py:571} INFO - 26/08/21 04:34:20 INFO DataSourceStrategy: Pruning directories with:
[2026-08-21T04:34:20.272+0000] {spark_submit.py:571} INFO - 26/08/21 04:34:20 INFO FileSourceStrategy: Pushed Filters:
[2026-08-21T04:34:20.273+0000] {spark_submit.py:571} INFO - 26/08/21 04:34:20 INFO FileSourceStrategy: Post-Scan Filters: ((isnotnull(protocol#1336.minReaderVersion) OR isnotnull(metaData#1335.id)) OR (isnotnull(commitInfo#1337.inCommitTimestamp) AND (version#1338L = 1)))
[2026-08-21T04:34:20.330+0000] {spark_submit.py:571} INFO - 26/08/21 04:34:20 INFO CodeGenerator: Code generated in 39.7889 ms
[2026-08-21T04:34:20.333+0000] {spark_submit.py:571} INFO - 26/08/21 04:34:20 INFO MemoryStore: Block broadcast_20 stored as values in memory (estimated size 201.8 KiB, free 430.8 MiB)
[2026-08-21T04:34:20.355+0000] {spark_submit.py:571} INFO - 26/08/21 04:34:20 INFO MemoryStore: Block broadcast_20_piece0 stored as bytes in memory (estimated size 35.0 KiB, free 430.7 MiB)
[2026-08-21T04:34:20.356+0000] {spark_submit.py:571} INFO - 26/08/21 04:34:20 INFO BlockManagerInfo: Added broadcast_20_piece0 in memory on c90a551abb73:33659 (size: 35.0 KiB, free: 433.7 MiB)
[2026-08-21T04:34:20.357+0000] {spark_submit.py:571} INFO - 26/08/21 04:34:20 INFO SparkContext: Created broadcast 20 from $anonfun$recordDeltaOperationInternal$1 at DatabricksLogging.scala:128
[2026-08-21T04:34:20.358+0000] {spark_submit.py:571} INFO - 26/08/21 04:34:20 INFO BlockManagerInfo: Removed broadcast_16_piece0 on c90a551abb73:33659 in memory (size: 124.3 KiB, free: 433.8 MiB)
[2026-08-21T04:34:20.358+0000] {spark_submit.py:571} INFO - 26/08/21 04:34:20 INFO FileSourceScanExec: Planning scan with bin packing, max size: 4194304 bytes, open cost is considered as scanning 4194304 bytes.
[2026-08-21T04:34:20.362+0000] {spark_submit.py:571} INFO - 26/08/21 04:34:20 INFO BlockManagerInfo: Removed broadcast_16_piece0 on 172.18.0.7:35869 in memory (size: 124.3 KiB, free: 433.9 MiB)
[2026-08-21T04:34:20.372+0000] {spark_submit.py:571} INFO - 26/08/21 04:34:20 INFO BlockManagerInfo: Removed broadcast_19_piece0 on c90a551abb73:33659 in memory (size: 135.2 KiB, free: 434.0 MiB)
[2026-08-21T04:34:20.374+0000] {spark_submit.py:571} INFO - 26/08/21 04:34:20 INFO SparkContext: Starting job: $anonfun$recordDeltaOperationInternal$1 at DatabricksLogging.scala:128
[2026-08-21T04:34:20.376+0000] {spark_submit.py:571} INFO - 26/08/21 04:34:20 INFO DAGScheduler: Got job 12 ($anonfun$recordDeltaOperationInternal$1 at DatabricksLogging.scala:128) with 2 output partitions
[2026-08-21T04:34:20.377+0000] {spark_submit.py:571} INFO - 26/08/21 04:34:20 INFO DAGScheduler: Final stage: ResultStage 18 ($anonfun$recordDeltaOperationInternal$1 at DatabricksLogging.scala:128)
[2026-08-21T04:34:20.377+0000] {spark_submit.py:571} INFO - 26/08/21 04:34:20 INFO DAGScheduler: Parents of final stage: List()
[2026-08-21T04:34:20.381+0000] {spark_submit.py:571} INFO - 26/08/21 04:34:20 INFO DAGScheduler: Missing parents: List()
[2026-08-21T04:34:20.382+0000] {spark_submit.py:571} INFO - 26/08/21 04:34:20 INFO BlockManagerInfo: Removed broadcast_19_piece0 on 172.18.0.7:35869 in memory (size: 135.2 KiB, free: 434.0 MiB)
[2026-08-21T04:34:20.382+0000] {spark_submit.py:571} INFO - 26/08/21 04:34:20 INFO DAGScheduler: Submitting ResultStage 18 (MapPartitionsRDD[61] at $anonfun$recordDeltaOperationInternal$1 at DatabricksLogging.scala:128), which has no missing parents
[2026-08-21T04:34:20.382+0000] {spark_submit.py:571} INFO - 26/08/21 04:34:20 INFO BlockManagerInfo: Removed broadcast_19_piece0 on 172.18.0.6:46429 in memory (size: 135.2 KiB, free: 434.1 MiB)
[2026-08-21T04:34:20.382+0000] {spark_submit.py:571} INFO - 26/08/21 04:34:20 INFO MemoryStore: Block broadcast_21 stored as values in memory (estimated size 55.2 KiB, free 431.8 MiB)
[2026-08-21T04:34:20.382+0000] {spark_submit.py:571} INFO - 26/08/21 04:34:20 INFO MemoryStore: Block broadcast_21_piece0 stored as bytes in memory (estimated size 17.2 KiB, free 431.8 MiB)
[2026-08-21T04:34:20.383+0000] {spark_submit.py:571} INFO - 26/08/21 04:34:20 INFO BlockManagerInfo: Added broadcast_21_piece0 in memory on c90a551abb73:33659 (size: 17.2 KiB, free: 433.9 MiB)
[2026-08-21T04:34:20.383+0000] {spark_submit.py:571} INFO - 26/08/21 04:34:20 INFO SparkContext: Created broadcast 21 from broadcast at DAGScheduler.scala:1585
[2026-08-21T04:34:20.383+0000] {spark_submit.py:571} INFO - 26/08/21 04:34:20 INFO DAGScheduler: Submitting 2 missing tasks from ResultStage 18 (MapPartitionsRDD[61] at $anonfun$recordDeltaOperationInternal$1 at DatabricksLogging.scala:128) (first 15 tasks are for partitions Vector(0, 1))
[2026-08-21T04:34:20.383+0000] {spark_submit.py:571} INFO - 26/08/21 04:34:20 INFO TaskSchedulerImpl: Adding task set 18.0 with 2 tasks resource profile 0
[2026-08-21T04:34:20.384+0000] {spark_submit.py:571} INFO - 26/08/21 04:34:20 INFO TaskSetManager: Starting task 0.0 in stage 18.0 (TID 134) (172.18.0.7, executor 1, partition 0, PROCESS_LOCAL, 8295 bytes)
[2026-08-21T04:34:20.384+0000] {spark_submit.py:571} INFO - 26/08/21 04:34:20 INFO TaskSetManager: Starting task 1.0 in stage 18.0 (TID 135) (172.18.0.6, executor 0, partition 1, PROCESS_LOCAL, 8295 bytes)
[2026-08-21T04:34:20.393+0000] {spark_submit.py:571} INFO - 26/08/21 04:34:20 INFO BlockManagerInfo: Removed broadcast_15_piece0 on c90a551abb73:33659 in memory (size: 138.0 KiB, free: 434.1 MiB)
[2026-08-21T04:34:20.409+0000] {spark_submit.py:571} INFO - 26/08/21 04:34:20 INFO BlockManagerInfo: Removed broadcast_15_piece0 on 172.18.0.7:35869 in memory (size: 138.0 KiB, free: 434.2 MiB)
[2026-08-21T04:34:20.409+0000] {spark_submit.py:571} INFO - 26/08/21 04:34:20 INFO BlockManagerInfo: Removed broadcast_15_piece0 on 172.18.0.6:46429 in memory (size: 138.0 KiB, free: 434.2 MiB)
[2026-08-21T04:34:20.415+0000] {spark_submit.py:571} INFO - 26/08/21 04:34:20 INFO BlockManagerInfo: Added broadcast_21_piece0 in memory on 172.18.0.6:46429 (size: 17.2 KiB, free: 434.2 MiB)
[2026-08-21T04:34:20.417+0000] {spark_submit.py:571} INFO - 26/08/21 04:34:20 INFO BlockManagerInfo: Removed broadcast_17_piece0 on c90a551abb73:33659 in memory (size: 166.1 KiB, free: 434.2 MiB)
[2026-08-21T04:34:20.422+0000] {spark_submit.py:571} INFO - 26/08/21 04:34:20 INFO BlockManagerInfo: Removed broadcast_17_piece0 on 172.18.0.7:35869 in memory (size: 166.1 KiB, free: 434.3 MiB)
[2026-08-21T04:34:20.424+0000] {spark_submit.py:571} INFO - 26/08/21 04:34:20 INFO BlockManagerInfo: Added broadcast_21_piece0 in memory on 172.18.0.7:35869 (size: 17.2 KiB, free: 434.3 MiB)
[2026-08-21T04:34:20.425+0000] {spark_submit.py:571} INFO - 26/08/21 04:34:20 INFO BlockManagerInfo: Removed broadcast_17_piece0 on 172.18.0.6:46429 in memory (size: 166.1 KiB, free: 434.3 MiB)
[2026-08-21T04:34:20.520+0000] {spark_submit.py:571} INFO - 26/08/21 04:34:20 INFO BlockManagerInfo: Added broadcast_20_piece0 in memory on 172.18.0.6:46429 (size: 35.0 KiB, free: 434.3 MiB)
[2026-08-21T04:34:20.569+0000] {spark_submit.py:571} INFO - 26/08/21 04:34:20 INFO BlockManagerInfo: Added broadcast_20_piece0 in memory on 172.18.0.7:35869 (size: 35.0 KiB, free: 434.3 MiB)
[2026-08-21T04:34:20.596+0000] {spark_submit.py:571} INFO - 26/08/21 04:34:20 INFO TaskSetManager: Finished task 1.0 in stage 18.0 (TID 135) in 211 ms on 172.18.0.6 (executor 0) (1/2)
[2026-08-21T04:34:20.633+0000] {spark_submit.py:571} INFO - 26/08/21 04:34:20 INFO TaskSetManager: Finished task 0.0 in stage 18.0 (TID 134) in 249 ms on 172.18.0.7 (executor 1) (2/2)
[2026-08-21T04:34:20.634+0000] {spark_submit.py:571} INFO - 26/08/21 04:34:20 INFO TaskSchedulerImpl: Removed TaskSet 18.0, whose tasks have all completed, from pool
[2026-08-21T04:34:20.636+0000] {spark_submit.py:571} INFO - 26/08/21 04:34:20 INFO DAGScheduler: ResultStage 18 ($anonfun$recordDeltaOperationInternal$1 at DatabricksLogging.scala:128) finished in 0.258 s
[2026-08-21T04:34:20.636+0000] {spark_submit.py:571} INFO - 26/08/21 04:34:20 INFO DAGScheduler: Job 12 is finished. Cancelling potential speculative or zombie tasks for this job
[2026-08-21T04:34:20.637+0000] {spark_submit.py:571} INFO - 26/08/21 04:34:20 INFO TaskSchedulerImpl: Killing all running tasks in stage 18: Stage finished
[2026-08-21T04:34:20.637+0000] {spark_submit.py:571} INFO - 26/08/21 04:34:20 INFO DAGScheduler: Job 12 finished: $anonfun$recordDeltaOperationInternal$1 at DatabricksLogging.scala:128, took 0.262324 s
[2026-08-21T04:34:20.649+0000] {spark_submit.py:571} INFO - 26/08/21 04:34:20 INFO Snapshot: [tableId=553802dd-42b6-4cf1-8af2-e0916230ea16] Created snapshot Snapshot(path=s3a://bronze/cell_kpi_raw/_delta_log, version=1, metadata=Metadata(553802dd-42b6-4cf1-8af2-e0916230ea16,null,null,Format(parquet,Map()),{"type":"struct","fields":[{"name":"enb_name","type":"string","nullable":true,"metadata":{}},{"name":"cell_name","type":"string","nullable":true,"metadata":{}},{"name":"date_hour","type":"string","nullable":true,"metadata":{}},{"name":"dl_traffic_gb","type":"double","nullable":true,"metadata":{}},{"name":"ul_traffic_gb","type":"double","nullable":true,"metadata":{}},{"name":"total_traffic_gb","type":"double","nullable":true,"metadata":{}},{"name":"max_rrc_connected_user","type":"integer","nullable":true,"metadata":{}},{"name":"ul_prb","type":"double","nullable":true,"metadata":{}},{"name":"ul_prb_used","type":"double","nullable":true,"metadata":{}},{"name":"ul_prb_available_total","type":"double","nullable":true,"metadata":{}},{"name":"dl_prb","type":"double","nullable":true,"metadata":{}},{"name":"dl_prb_used","type":"double","nullable":true,"metadata":{}},{"name":"dl_prb_available_total","type":"double","nullable":true,"metadata":{}},{"name":"sector","type":"string","nullable":true,"metadata":{}},{"name":"azimuth","type":"integer","nullable":true,"metadata":{}},{"name":"cell_type","type":"string","nullable":true,"metadata":{}},{"name":"x","type":"double","nullable":true,"metadata":{}},{"name":"y","type":"double","nullable":true,"metadata":{}},{"name":"date","type":"string","nullable":true,"metadata":{}},{"name":"hour","type":"string","nullable":true,"metadata":{}}]},List(date, hour),Map(),Some(1787286784873)), logSegment=LogSegment(s3a://bronze/cell_kpi_raw/_delta_log,1,ArrayBuffer(S3AFileStatus{path=s3a://bronze/cell_kpi_raw/_delta_log/00000000000000000000.json; isDirectory=false; length=5821; replication=1; blocksize=33554432; modification_time=1787286797585; access_time=0; owner=***; group=***; permission=rw-rw-rw-; isSymlink=false; hasAcl=false; isEncrypted=true; isErasureCoded=false} isEmptyDirectory=FALSE eTag=75575b1ec5f43e5c51e4644a250c1bf4 versionId=null, S3AFileStatus{path=s3a://bronze/cell_kpi_raw/_delta_log/00000000000000000001.json; isDirectory=false; length=3978; replication=1; blocksize=33554432; modification_time=1787286860000; access_time=0; owner=***; group=***; permission=rw-rw-rw-; isSymlink=false; hasAcl=false; isEncrypted=true; isErasureCoded=false} isEmptyDirectory=FALSE eTag=4b99acafbc48768b6984bd481eec7d46 versionId=null),org.apache.spark.sql.delta.EmptyCheckpointProvider$@73d31173,1787286860000), checksumOpt=None)
[2026-08-21T04:34:20.651+0000] {spark_submit.py:571} INFO - 26/08/21 04:34:20 INFO DeltaLog: Updated snapshot to Snapshot(path=s3a://bronze/cell_kpi_raw/_delta_log, version=1, metadata=Metadata(553802dd-42b6-4cf1-8af2-e0916230ea16,null,null,Format(parquet,Map()),{"type":"struct","fields":[{"name":"enb_name","type":"string","nullable":true,"metadata":{}},{"name":"cell_name","type":"string","nullable":true,"metadata":{}},{"name":"date_hour","type":"string","nullable":true,"metadata":{}},{"name":"dl_traffic_gb","type":"double","nullable":true,"metadata":{}},{"name":"ul_traffic_gb","type":"double","nullable":true,"metadata":{}},{"name":"total_traffic_gb","type":"double","nullable":true,"metadata":{}},{"name":"max_rrc_connected_user","type":"integer","nullable":true,"metadata":{}},{"name":"ul_prb","type":"double","nullable":true,"metadata":{}},{"name":"ul_prb_used","type":"double","nullable":true,"metadata":{}},{"name":"ul_prb_available_total","type":"double","nullable":true,"metadata":{}},{"name":"dl_prb","type":"double","nullable":true,"metadata":{}},{"name":"dl_prb_used","type":"double","nullable":true,"metadata":{}},{"name":"dl_prb_available_total","type":"double","nullable":true,"metadata":{}},{"name":"sector","type":"string","nullable":true,"metadata":{}},{"name":"azimuth","type":"integer","nullable":true,"metadata":{}},{"name":"cell_type","type":"string","nullable":true,"metadata":{}},{"name":"x","type":"double","nullable":true,"metadata":{}},{"name":"y","type":"double","nullable":true,"metadata":{}},{"name":"date","type":"string","nullable":true,"metadata":{}},{"name":"hour","type":"string","nullable":true,"metadata":{}}]},List(date, hour),Map(),Some(1787286784873)), logSegment=LogSegment(s3a://bronze/cell_kpi_raw/_delta_log,1,ArrayBuffer(S3AFileStatus{path=s3a://bronze/cell_kpi_raw/_delta_log/00000000000000000000.json; isDirectory=false; length=5821; replication=1; blocksize=33554432; modification_time=1787286797585; access_time=0; owner=***; group=***; permission=rw-rw-rw-; isSymlink=false; hasAcl=false; isEncrypted=true; isErasureCoded=false} isEmptyDirectory=FALSE eTag=75575b1ec5f43e5c51e4644a250c1bf4 versionId=null, S3AFileStatus{path=s3a://bronze/cell_kpi_raw/_delta_log/00000000000000000001.json; isDirectory=false; length=3978; replication=1; blocksize=33554432; modification_time=1787286860000; access_time=0; owner=***; group=***; permission=rw-rw-rw-; isSymlink=false; hasAcl=false; isEncrypted=true; isErasureCoded=false} isEmptyDirectory=FALSE eTag=4b99acafbc48768b6984bd481eec7d46 versionId=null),org.apache.spark.sql.delta.EmptyCheckpointProvider$@73d31173,1787286860000), checksumOpt=None)
[2026-08-21T04:34:20.651+0000] {spark_submit.py:571} INFO - 26/08/21 04:34:20 INFO MapPartitionsRDD: Removing RDD 38 from persistence list
[2026-08-21T04:34:20.662+0000] {spark_submit.py:571} INFO - 26/08/21 04:34:20 INFO MapPartitionsRDD: Removing RDD 48 from persistence list
[2026-08-21T04:34:20.667+0000] {spark_submit.py:571} INFO - 26/08/21 04:34:20 INFO BlockManager: Removing RDD 38
[2026-08-21T04:34:20.674+0000] {spark_submit.py:571} INFO - 26/08/21 04:34:20 INFO BlockManager: Removing RDD 48
[2026-08-21T04:34:20.776+0000] {spark_submit.py:571} INFO - 26/08/21 04:34:20 INFO OptimisticTransaction: [tableId=553802dd,txnId=7ad26ebd] Committed delta #1 to s3a://bronze/cell_kpi_raw/_delta_log
[2026-08-21T04:34:20.781+0000] {spark_submit.py:571} INFO - Ingest Bronze Hourly hoàn tất!
[2026-08-21T04:34:20.781+0000] {spark_submit.py:571} INFO - 26/08/21 04:34:20 INFO SparkContext: SparkContext is stopping with exitCode 0.
[2026-08-21T04:34:20.798+0000] {spark_submit.py:571} INFO - 26/08/21 04:34:20 INFO SparkUI: Stopped Spark web UI at http://c90a551abb73:4041
[2026-08-21T04:34:20.804+0000] {spark_submit.py:571} INFO - 26/08/21 04:34:20 INFO StandaloneSchedulerBackend: Shutting down all executors
[2026-08-21T04:34:20.806+0000] {spark_submit.py:571} INFO - 26/08/21 04:34:20 INFO StandaloneSchedulerBackend$StandaloneDriverEndpoint: Asking each executor to shut down
[2026-08-21T04:34:20.840+0000] {spark_submit.py:571} INFO - 26/08/21 04:34:20 INFO MapOutputTrackerMasterEndpoint: MapOutputTrackerMasterEndpoint stopped!
[2026-08-21T04:34:20.898+0000] {spark_submit.py:571} INFO - 26/08/21 04:34:20 INFO MemoryStore: MemoryStore cleared
[2026-08-21T04:34:20.905+0000] {spark_submit.py:571} INFO - 26/08/21 04:34:20 INFO BlockManager: BlockManager stopped
[2026-08-21T04:34:20.916+0000] {spark_submit.py:571} INFO - 26/08/21 04:34:20 INFO BlockManagerMaster: BlockManagerMaster stopped
[2026-08-21T04:34:20.940+0000] {spark_submit.py:571} INFO - 26/08/21 04:34:20 INFO OutputCommitCoordinator$OutputCommitCoordinatorEndpoint: OutputCommitCoordinator stopped!
[2026-08-21T04:34:21.001+0000] {spark_submit.py:571} INFO - 26/08/21 04:34:21 INFO SparkContext: Successfully stopped SparkContext
[2026-08-21T04:34:21.138+0000] {spark_submit.py:571} INFO - 26/08/21 04:34:21 INFO ShutdownHookManager: Shutdown hook called
[2026-08-21T04:34:21.140+0000] {spark_submit.py:571} INFO - 26/08/21 04:34:21 INFO ShutdownHookManager: Deleting directory /tmp/spark-8827fcf9-6664-4104-ab88-c2ef7bdc04a3/pyspark-e5e5ccc7-d196-4176-b315-4a7212ffeac6
[2026-08-21T04:34:21.161+0000] {spark_submit.py:571} INFO - 26/08/21 04:34:21 INFO ShutdownHookManager: Deleting directory /tmp/spark-8827fcf9-6664-4104-ab88-c2ef7bdc04a3
[2026-08-21T04:34:21.187+0000] {spark_submit.py:571} INFO - 26/08/21 04:34:21 INFO ShutdownHookManager: Deleting directory /tmp/spark-adb1a436-a7c9-4393-b523-b753e6de08d2
[2026-08-21T04:34:21.205+0000] {spark_submit.py:571} INFO - 26/08/21 04:34:21 INFO MetricsSystemImpl: Stopping s3a-file-system metrics system...
[2026-08-21T04:34:21.206+0000] {spark_submit.py:571} INFO - 26/08/21 04:34:21 INFO MetricsSystemImpl: s3a-file-system metrics system stopped.
[2026-08-21T04:34:21.208+0000] {spark_submit.py:571} INFO - 26/08/21 04:34:21 INFO MetricsSystemImpl: s3a-file-system metrics system shutdown complete.
[2026-08-21T04:34:21.328+0000] {taskinstance.py:441} INFO - ::group::Post task execution logs
[2026-08-21T04:34:21.340+0000] {taskinstance.py:1206} INFO - Marking task as SUCCESS. dag_id=cell_kpi_hourly_anomaly_pipeline, task_id=1_ingest_hourly_bronze, run_id=scheduled__2025-05-31T18:00:00+00:00, execution_date=20250531T180000, start_date=20260821T043222, end_date=20260821T043421
[2026-08-21T04:34:21.396+0000] {local_task_job_runner.py:240} INFO - Task exited with return code 0
[2026-08-21T04:34:21.425+0000] {taskinstance.py:3498} INFO - 1 downstream tasks scheduled from follow-on schedule check
[2026-08-21T04:34:21.426+0000] {local_task_job_runner.py:222} INFO - ::endgroup::
